id,drcog_id,latitude,longitude,crashtime,time,crashtype,numbkilled,numbinjurd,drcoglocat,rdconditin,lightngcon,roadcntgrd,weatherco,location,roaddescrp,constrzone,schoolzone,splimit,bikeinv,pedinv,sctrinv,motoinv,svrty,rdsystem,ttlvehcls,hcf
,2017_01211,39.78734849,-104.950791,11/28/2017 15:00,15:00,6,0,0,STREET PAUL STREET NORTH & 1300 BLOCK NORTH,1,1,0,0,1,4,0,,,0,0,0,0,0,4,2,13
,2017_01217,39.762315,-104.8659525,2/3/2017 7:34,7:34,5,0,0,HAVANA STREET 2100 BLOCK NORTH & FLORENCE WAY,5,1,1,2,3,4,0,,60,0,0,0,0,0,4,1,13
,2017_01219,39.738213,-105.0330825,3/3/2017 20:00,20:00,6,0,0,KING STREET 1300 BLOCK NORTH & 13TH AVENUE WEST,1,3,1,0,1,4,0,,,0,0,0,0,0,4,2,14
,2017_01240,39.74001,-104.971554,11/16/2017 7:50,7:50,6,0,0,COLFAX AVENUE EAST & LAFAYETTE STREET NORTH ROAD NORTH,1,1,0,0,1,4,0,,,0,0,0,0,0,2,2,13
,2017_01241,39.739985,-104.963275,5/29/2017 17:30,17:30,6,0,0,COLFAX AVENUE & RACE STREET,1,1,0,0,1,4,0,,,0,0,0,0,0,2,2,13
,2017_01245,39.69659,-104.940565,10/12/2017 17:45,17:45,5,0,0,MISSISSIPPI AVENUE EAST & COLORADO BOULEVARD SOUTH,1,1,0,0,2,1,0,,25,0,0,0,0,0,2,1,8
,2017_01246,39.69704,-104.940588,2/23/2017 13:23,13:23,12,0,0,COLORADO BOULEVARD SOUTH & MISSISSIPPI AVENUE EAST,2,1,1,2,1,3,0,,35,0,0,0,0,0,2,2,3
,2017_01247,39.69764,-104.940619,6/1/2017 13:47,13:47,12,0,0,COLORADO BOULEVARD SOUTH & MISSISSIPPI AVENUE EAST,1,1,0,0,1,4,0,,35,0,0,0,0,0,2,2,13
,2017_01266,39.725614,-105.045324,10/1/2017 1:44,1:44,6,0,0,SIXTH AVENUE WEST & UTICA STREET NORTH,1,3,0,0,1,4,0,,50,0,0,0,0,1,2,2,13
,2017_01321,39.711332,-105.053258,3/11/2017 9:00,9:00,12,0,0,ALAMEDA AVENUE WEST & SHERIDAN BOULEVARD SOUTH,2,1,1,0,1,4,0,,35,0,0,0,0,0,2,2,1
,2017_01322,39.653162,-104.881321,5/2/2017 8:30,8:30,14,0,0,HAMPDEN AVENUE EAST & AKRON STREET SOUTH,1,1,0,0,1,1,0,,40,0,0,0,0,0,2,2,13
,2017_01323,39.669351,-104.866091,7/8/2017 14:58,14:58,1,0,0,HAVANA STREET SOUTH & PARKER ROAD SOUTH,1,1,1,0,1,3,0,,45,0,0,0,0,1,2,2,13
,2017_01324,39.669351,-104.866091,10/7/2017 8:05,8:05,3,0,0,HAVANA STREET SOUTH & PARKER ROAD SOUTH,1,2,1,0,1,1,0,,40,0,0,0,0,0,2,2,2
,2017_01325,39.669351,-104.866091,10/25/2017 12:02,12:02,12,0,0,HAVANA STREET SOUTH & HIGHWAY 83 / PARKER ROAD SOUTH,1,1,1,0,1,3,0,,30,0,0,0,0,0,2,2,13
,2017_01337,39.793504,-104.903381,2/2/2017 6:05,6:05,15,0,0,QUEBEC STREET NORTH & 53RD PLACE EAST,5,1,0,2,1,1,0,,,0,0,0,0,0,2,2,13
,2017_01339,39.776619,-104.903424,2/13/2017 18:22,18:22,15,0,0,QUEBEC STREET 4300 BLOCK NORTH & I70,1,2,1,0,1,2,0,,40,0,0,0,0,0,2,2,13
,2017_01342,39.740086,-104.894517,1/27/2017 12:27,12:27,12,0,0,COLFAX AVENUE EAST & TAMARAC STREET NORTH,1,1,0,0,1,4,0,,35,0,0,0,0,0,2,2,13
,2017_01343,39.740086,-104.89057,1/5/2017 6:39,6:39,3,0,0,COLFAX AVENUE EAST & VERBENA STREET NORTH,4,3,0,2,1,1,0,,25,0,0,0,0,0,2,2,13
,2017_01408,39.775779,-104.867498,8/12/2017 17:17,17:17,12,0,0,I70 & HAVANA STREET NORTH,1,1,0,0,1,4,0,,65,0,0,0,0,0,1,2,13
,2017_01409,39.775621,-104.865649,7/15/2017 18:55,18:55,12,0,0,I70 & HAVANA STREET NORTH,1,1,0,0,1,4,0,,65,0,0,0,0,1,1,4,13
,2017_01437,39.674643,-104.870577,6/2/2017 14:45,14:45,12,0,0,PARKED ROAD 2300 BLOCK SOUTH & ILLIF AVENUE EAST,2,1,0,1,1,3,0,,35,0,0,0,0,0,2,2,13
,2017_01466,39.682251,-105.053195,6/21/2017 13:47,13:47,12,0,0,JEWELL AVENUE 5100 BLOCK WEST & SHERIDAN BOULEVARD SOUTH,1,1,0,0,1,3,0,,40,0,0,0,0,0,2,2,1
,2017_01467,39.683433,-105.053188,11/29/2017 11:00,11:00,15,0,0,SHERIDAN BOULEVARD SOUTH & COLORADO AVENUE WEST,1,1,1,0,1,1,0,,40,0,0,0,0,0,2,2,7
,2017_01468,39.685927,-105.053184,11/19/2017 11:30,11:30,12,0,0,SHERIDAN BOULEVARD 1600 BLOCK SOUTH & OREGON PLACE WEST,1,1,0,0,1,4,0,,35,0,0,0,0,0,2,2,13
,2017_01469,39.68623,-105.053194,8/28/2017 8:30,8:30,12,0,0,SHERIDAN BOULEVARD SOUTH & OREGON PLACE WEST,1,1,0,0,1,4,0,,35,0,0,0,0,0,2,2,13
,2017_01471,39.691391,-105.0532,1/17/2017 18:29,18:29,3,0,0,SHERIDAN BOULEVARD & 1400 BLOCK SOUTH,1,3,0,0,1,2,0,,40,0,0,0,0,0,2,2,7
,2017_01472,39.692556,-105.053209,12/8/2017 10:35,10:35,15,0,0,SHERIDAN BOULEVARD SOUTH & WYOMING PLACE WEST,1,1,0,0,1,4,0,,35,0,0,0,0,0,2,2,1
,2017_01481,39.725038,-105.053159,10/7/2017 23:13,23:13,12,0,0,SHERIDAN BOULEVARD 500 BLOCK NORTH & SIXTH AVENUE WEST,1,3,0,0,1,4,0,,35,0,0,0,0,0,2,2,1
,2017_01482,39.726278,-105.053133,2/16/2017 9:03,9:03,12,0,0,SHERIDAN BOULEVARD 500 BLOCK NORTH & SIXTH AVENUE WEST,1,1,0,0,1,3,0,,30,0,0,0,0,0,2,4,3
,2017_01483,39.726278,-105.053133,11/23/2017 0:50,0:50,3,0,0,SHERIDAN BOULEVARD NORTH & SIXTH AVENUE WB RAMP OFF,1,3,0,0,1,1,0,,,0,0,0,0,0,2,2,13
,2017_01484,39.72643,-105.053134,2/22/2017 14:40,14:40,15,0,0,SHERIDAN BOULEVARD & SIXTH AVENUE WB SLIP RAMP OFF,1,1,0,0,1,1,0,,35,0,0,0,0,0,2,2,3
,2017_01485,39.729624,-105.053227,4/2/2017 16:27,16:27,3,0,0,SHERIDAN BOULEVARD NORTH & EIGHTH AVENUE WEST,1,1,0,0,1,2,0,,35,0,0,0,0,0,2,2,1
,2017_01486,39.729624,-105.053227,6/1/2017 15:35,15:35,3,0,0,SHERIDAN BOULEVARD NORTH & EIGHTH AVENUE WEST,1,1,0,0,1,1,0,,35,0,0,0,0,0,2,2,1
,2017_01487,39.731192,-105.053224,11/9/2017 11:36,11:36,12,0,0,SHERIDAN BOULEVARD & NINTH AVENUE WEST,1,1,1,0,1,4,0,,35,0,0,0,0,0,2,2,13
,2017_01488,39.731335,-105.053224,9/15/2017 23:05,23:05,3,0,0,NINTH AVENUE WEST & SHERIDAN BOULEVARD NORTH,1,3,0,0,1,1,0,,45,0,0,0,0,0,2,2,14
,2017_01489,39.731335,-105.053224,11/30/2017 18:15,18:15,15,0,0,SHERIDAN BOULEVARD NORTH & NINTH AVENUE WEST,1,3,0,0,1,4,0,,,0,0,0,0,1,2,2,13
,2017_01555,39.627507,-105.089454,12/1/2017 13:00,13:00,15,0,0,WADSWORTH WAY SOUTH & BELLEVIEW AVENUE WEST,1,3,1,0,1,1,0,,45,0,0,0,0,0,2,2,1
,2017_01556,39.629841,-105.087082,2/9/2017 16:10,16:10,12,0,0,WADSWORTH BOULEVARD SOUTH & LAYTON AVENUE WEST,1,1,0,0,1,3,0,,40,0,0,0,0,0,2,2,3
,2017_01557,39.629963,-105.086958,9/13/2017 16:00,16:00,12,0,0,WADSWORTH BOULEVARD 4800 SOUTH & LAYTON AVENUE WEST,1,1,0,0,1,4,0,,45,0,0,0,1,1,2,2,13
,2017_01559,39.662608,-105.081436,2/11/2017 15:01,15:01,15,0,2,WADSWORTH BOULEVARD & DUQUESNE AVENUE,1,1,0,0,1,3,0,,40,0,0,0,0,2,2,3,14
,2017_01560,39.664364,-105.081439,2/24/2017 0:25,0:25,5,0,0,WADSWORTH BOULEVARD SOUTH & AMHERST AVENUE WEST APPROXIMATELY,5,4,0,2,3,4,0,,35,0,0,0,0,0,2,1,13
,2017_01561,39.665842,-105.081431,3/4/2017 16:35,16:35,15,0,0,WADSWORTH BOULEVARD 2700 BLOCK SOUTH & AMHERST AVENUE WEST,1,1,0,0,1,4,0,,35,0,0,0,0,0,2,2,13
,2017_01562,39.667733,-105.081421,1/25/2017 9:00,9:00,12,0,0,YALE AVENUE WEST & WADSWORTH BOULEVARD SOUTH,1,1,0,0,1,3,0,,30,0,0,0,0,0,2,2,13
,2017_01563,39.667733,-105.081421,3/9/2017 17:55,17:55,14,0,0,WADSWORTH BOULEVARD & YALE AVENUE WEST,1,2,0,0,1,4,0,,35,0,0,0,0,0,2,4,3
,2017_01564,39.667733,-105.081421,5/15/2017 13:25,13:25,1,0,0,WADSWORTH BOULEVARD SOUTH & YALE AVENUE WEST,1,1,1,0,1,1,0,,,0,0,0,0,0,2,2,13
,2017_01565,39.667733,-105.081421,9/27/2017 10:50,10:50,1,0,0,WADSWORTH BOULEVARD SOUTH & YALE AVENUE WEST,2,1,1,0,1,1,0,,45,0,0,0,0,0,2,2,13
,2017_01566,39.667733,-105.081421,11/9/2017 19:30,19:30,12,0,0,WADSWORTH BOULEVARD SOUTH & YALE AVENUE WEST,1,3,1,0,1,1,0,,40,0,0,0,0,0,2,2,14
,2017_01568,39.667733,-105.081421,11/30/2017 12:16,12:16,12,0,0,WADSWORTH BOULEVARD SOUTH & YALE AVENUE WEST,1,1,0,0,1,3,0,,45,0,0,0,0,0,2,2,13
,2017_01586,39.791145,-105.02518,5/14/2017 11:15,11:15,1,0,0,FEDERAL BOULEVARD NORTH & 52ND AVENUE,1,1,0,0,1,1,0,,35,0,0,0,0,0,2,2,13
,2017_01614,39.614454,-105.092944,2/15/2017 12:07,12:07,15,0,0,CROSS DRIVE WEST & HIGHWAY 121,1,1,0,0,1,2,0,,40,0,0,0,0,0,4,2,13
,2017_01622,39.715925,-104.90806,7/12/2017 9:10,9:10,12,0,0,ONEIDA STREET / ONEIDA COURT SOUTH ALLEY & LOWRY BOULEVARD,1,1,0,0,1,5,1,,,0,0,0,0,0,4,2,13
,2017_01623,39.770335,-104.971714,7/13/2017 19:20,19:20,15,0,0,38TH STREET / MARION STREET & WALNUT STREET,1,1,0,0,1,3,0,,30,0,0,0,0,0,4,2,1
,2017_01624,39.772683,-104.84715,7/13/2017 21:50,21:50,15,0,0,PEORIA STREET NORTH & 39TH AVENUE EAST,1,3,0,0,1,4,0,,45,0,0,0,0,0,4,2,14
,2017_01625,39.735472,-104.958053,9/28/2017 16:30,16:30,5,0,0,JOSEPHINE / COLUMBINE STREET NORTH ALLEY & 12TH AVENUE 1206 BLOCK,1,1,0,0,1,5,0,,,0,0,0,0,0,4,1,13
,2017_01626,39.840118,-104.67185,10/29/2017 10:16,10:16,15,0,0,PENA BOULEVARD & SPLIT TO TERMINAL EAST / WEST,1,1,0,0,1,4,0,,45,0,0,0,0,0,4,2,8
,2017_01627,39.667444,-104.923729,11/26/2017 14:00,14:00,10,0,0,HUDSON STREET & YALE AVENUE EAST,1,1,0,0,1,1,0,,35,0,0,0,0,1,4,3,13
,2017_01628,39.725878,-105.009607,12/11/2017 21:54,21:54,5,0,0,SIXTH AVENUE WEST PARKWAY & I25 NORTHBOUND RAMP GORE APPROXIMATELY,1,3,1,0,3,4,0,,,0,0,0,0,0,4,1,13
,2017_01629,39.824301,-104.78588,8/12/2017 6:55,6:55,5,0,0,PENA BOULEVARD & 7000 BLOCK,1,1,0,0,3,4,0,,65,0,0,0,0,0,4,1,13
,2017_01648,39.73220017,-104.9116279,11/3/2017 14:20,14:20,5,0,0,MAGNOLIA STREET & 1700 BLOCK NORTH,1,1,0,0,2,1,0,,,0,0,0,0,0,4,1,13
,2017_01703,39.725316,-104.9383215,5/29/2017 23:35,23:35,5,0,0,SIXTH AVENUE EAST & ASH STREET NORTH,1,3,0,0,2,4,0,,,0,0,0,0,0,4,1,5
,2017_01707,39.7821206,-104.9592915,5/31/2017 13:44,13:44,15,0,0,YORK STREET NORTH & 10TH AVENUE EAST,1,1,0,0,1,4,0,,,0,0,0,0,0,4,2,13
,2017_01741,39.738393,-104.9718645,7/3/2017 6:00,6:00,6,0,0,MARION STREET & 14TH AVENUE EAST,1,3,0,0,1,4,0,,,0,0,0,0,0,4,2,13
,2017_01742,39.705696,-104.987583,9/26/2017 14:25,14:25,6,0,0,CENTER AVENUE WEST & BROADWAY SOUTH,1,1,0,0,1,4,0,,,0,0,0,0,0,4,2,13
,2017_01743,39.7199385,-104.8909343,9/28/2017 9:05,9:05,5,0,0,LOWRY BOULEVARD EAST & UINTA WAY NORTH ROUNDABOUT,2,1,0,0,3,6,0,,30,0,0,0,0,0,4,1,1
,2017_01766,39.700261,-104.908227,11/10/2017 8:49,8:49,11,0,1,LEETSDALE DRIVE & ONEIDA STREET SOUTH,1,1,0,0,1,1,0,,,0,1,0,0,2,2,2,13
,2017_01771,39.669597,-104.8736655,8/14/2017 17:35,17:35,2,0,0,DAYTON WAY SOUTH & VASSAR DRIVE EAST,2,1,1,1,1,4,0,,,1,0,0,0,0,4,3,13
,2017_01774,39.77490155,-105.0322724,5/29/2017 17:57,17:57,6,0,0,KNOX COURT & 560 BLOCK SOUTH,1,1,0,0,1,4,0,,30,0,0,0,0,0,4,2,3
,2017_01792,39.728538,-104.8871835,2/14/2017 7:46,7:46,12,0,0,EIGHTH AVENUE EAST 8800 BLOCK & YOSEMITE STREET NORTH,1,1,0,0,1,3,0,,25,0,0,0,0,0,4,2,3
,2017_01793,39.781854,-104.9786325,4/4/2017 13:43,13:43,3,0,0,WASHINGTON STREET NORTH & 47TH AVENUE EAST,1,1,1,0,1,1,0,,30,0,0,0,0,0,4,2,13
,2017_01794,39.749247,-104.936121,5/7/2017 15:18,15:18,5,0,0,22ND AVENUE EAST & BIRCH STREET NORTH,1,1,0,0,2,1,0,,25,0,0,0,0,0,4,1,1
,2017_01795,39.67128,-104.9875335,5/4/2017 18:25,18:25,6,0,0,HARVARD AVENUE & HARVARD AVENUE EAST,1,1,0,0,1,4,0,,35,0,0,0,0,0,4,2,13
,2017_01796,39.720969,-104.9534235,5/5/2017 15:00,15:00,6,0,0,THIRD AVENUE EAST & FILLMORE STREET NORTH,1,1,0,0,1,4,0,,30,0,0,0,0,0,4,2,13
,2017_01797,39.75948,-104.957343,5/18/2017 16:16,16:16,6,0,0,30TH AVENUE EAST & COLUMBINE STREET 2948 NORTH,2,1,0,1,1,4,0,,,0,0,0,0,0,4,2,13
,2017_01798,39.711204,-104.9222835,5/19/2017 17:30,17:30,1,0,0,ALAMEDA AVENUE EAST & HOLLY STREET SOUTH,2,1,0,1,1,1,0,,35,0,0,0,0,0,4,2,14
,2017_01799,39.731292,-104.9034735,5/19/2017 17:49,17:49,12,0,0,10TH AVENUE EAST & QUEBEC STREET NORTH,2,1,0,0,1,4,0,,30,0,0,0,0,1,4,2,2
,2017_01802,39.678363,-104.959404,8/11/2017 21:15,21:15,1,0,0,UNIVERSITY BOULEVARD SOUTH & EVANS AVENUE EAST,1,3,0,0,1,1,0,,35,0,0,0,0,0,4,2,3
,2017_01805,39.770514,-105.017436,9/12/2017 16:10,16:10,15,0,0,ALCOTT STREET 3800 NORTH & 39TH AVENUE WEST,1,1,0,0,1,4,0,,25,0,0,0,0,0,4,2,13
,2017_01806,39.798396,-104.786415,9/19/2017 15:43,15:43,12,0,0,56TH AVENUE EAST & PENA BOULEVARD,1,1,0,0,1,3,0,,45,0,0,0,0,0,4,2,12
,2017_01808,39.749472,-104.9622345,10/24/2017 17:55,17:55,6,0,0,VINE STREET & 22ND AVENUE EAST,1,1,0,0,1,4,0,,25,0,0,0,0,0,4,2,14
,2017_01810,39.75734753,-105.0191002,12/1/2017 23:26,23:26,3,0,0,28TH AVENUE & SPEER BOULEVARD NORTH,1,3,0,0,1,1,0,,,0,0,0,0,0,4,2,7
,2017_01811,39.786471,-104.820345,12/11/2017 7:50,7:50,3,0,0,51ST AVENUE EAST & DEEPHAVEN COURT NORTH,1,1,0,7,1,1,0,,30,0,0,0,0,1,4,2,16
,2017_01813,39.772908,-105.020514,6/6/2017 15:28,15:28,6,0,0,41ST AVENUE 2700 BLOCK WEST & CLAY STREET NORTH,1,1,1,0,1,4,0,,25,0,0,0,0,0,4,2,13
,2017_01814,39.77963325,-104.8356415,6/26/2017 23:51,23:51,6,0,0,AUCKLAND COURT 4500 BLOCK NORTH & ALBROOK DRI EAST,1,3,1,0,1,3,0,,25,0,0,0,0,0,4,2,13
,2017_01815,39.748446,-105.0033735,1/12/2017 8:41,8:41,15,0,0,AURARIA PARKWAY & SPEER BOULEVARD,1,1,0,7,1,4,0,,35,0,0,0,0,0,4,2,16
,2017_01816,39.748446,-105.0033735,6/7/2017 7:00,7:00,15,0,0,AURARIA PARKWAY & SPEER BOULEVARD NORTH,1,1,0,1,1,3,0,,30,0,0,0,0,0,4,2,8
,2017_01817,39.725667,-104.99283,1/25/2017 8:34,8:34,3,0,0,DELAWARE STREET NORTH & SIXTH AVENUE WEST,1,1,0,7,1,1,0,,35,0,0,0,0,0,4,2,16
,2017_01818,39.73271486,-104.972994,1/19/2017 1:28,1:28,6,0,1,DOWNING STREET NORTH & 2700 BLOCK NORTH,1,3,0,0,1,4,0,,30,0,0,0,0,2,4,3,3
,2017_01819,39.6927,-104.976954,1/6/2017 22:08,22:08,5,0,1,EMERSON STREET SOUTH & BUCHTEL BOULEVARD EAST,5,3,0,0,3,3,0,,30,0,0,0,0,2,4,1,1
,2017_01820,39.78386325,-104.7945905,6/9/2017 21:10,21:10,10,0,0,GREEN VALLEY RANCH BOULEVARD 16600 BLOCK EAST & AIRPORT WAY NORTH,1,3,0,0,1,4,0,,35,0,0,0,0,1,4,2,8
,2017_01821,39.711897,-104.998761,4/14/2017 16:11,16:11,10,0,0,KALAMATH STREET SOUTH & BYERS PLACE WEST,1,1,0,0,1,3,0,,35,0,0,0,0,0,4,2,13
,2017_01824,39.784734,-104.9584815,8/31/2017 9:41,9:41,10,0,0,YORK STREET 4800 BLOCK NORTH & 49TH AVENUE EAST,1,1,0,0,1,4,0,,25,0,0,0,0,0,4,2,13
,2017_01825,39.776553,-105.015861,1/30/2017 16:00,16:00,12,0,0,ZUNI STREET NORTH & 44TH AVENUE WEST,1,1,0,7,1,1,0,,25,0,0,0,0,0,4,2,5
,2017_01840,39.71655,-105.0409035,8/31/2017 1:35,1:35,6,0,0,QUITMAN STREET NORTH & QUITMAN STREET 5 NORTH,1,3,1,0,3,3,0,,,0,0,0,0,0,4,2,13
,2017_01841,39.7838382,-104.9666261,11/24/2017 3:56,3:56,5,0,0,BRIGHTON BOULEVARD NORTH & 4800 BLOCK NORTH APPROXIMATELY,1,4,0,0,2,4,1,,,0,0,0,0,0,2,1,13
,2017_01843,39.78195734,-104.9667535,1/7/2017 10:40,10:40,12,0,0,BRIGHTON BOULEVARD NORTH & 47TH AVENUE EAST,5,1,0,0,1,4,0,,35,0,0,0,0,0,2,2,7
,2017_01844,39.78505957,-104.9667114,12/15/2017 15:25,15:25,5,0,0,BRIGHTON BOULEVARD & 4900 BLOCK NORTH,1,1,0,0,2,4,0,,,0,0,0,0,0,2,1,13
,2017_01845,39.79164756,-104.9592484,5/12/2017 8:04,8:04,1,0,1,BRIGHTON BOULEVARD NORTH & YORK STREET NORTH ROAD SOUTH,1,1,0,0,1,1,0,,35,0,0,0,0,2,2,2,13
,2017_01849,39.782072,-104.845311,7/15/2017 19:36,19:36,11,1,0,ALBROOK DRIVE  & PEORIA STREET NORTH,1,1,0,0,1,4,0,,25,0,1,0,0,4,4,2,1
,2017_01850,39.754444,-104.994339,8/26/2017 1:55,1:55,11,1,0,20TH STREET & BLAKE STREET,1,3,0,0,1,1,0,,30,0,1,0,0,4,4,2,1
,2017_01867,39.771067,-104.886147,7/9/2017 18:10,18:10,8,1,1,CENTRAL PARK  & 40TH AVENUE EAST,1,1,1,0,1,4,0,,35,0,0,0,0,4,4,2,14
,2017_01869,39.740076,-105.005215,6/30/2017 19:39,19:39,2,0,1,SEVENTH STREET  & COLFAX AVENUE WEST,1,1,0,0,1,1,0,,35,1,0,0,0,3,2,2,13
,2017_01870,39.740031,-104.996607,6/1/2017 10:30,10:30,2,0,1,COLFAX AVENUE WEST & WELTON STREET,1,1,0,0,1,1,0,,,1,0,0,0,3,2,2,14
,2017_01880,39.740007,-104.979792,12/3/2017 1:44,1:44,11,0,1,COLFAX AVENUE EAST & PEARL STREET NORTH,1,3,0,0,1,1,0,,,0,1,0,0,3,2,2,13
,2017_01886,39.783357,-105.034655,9/20/2017 16:00,16:00,11,0,1,I70 WB SLIP OFF RAMP & LOWELL BOULEVARD NORTH,1,1,0,0,1,1,0,,25,0,1,0,0,3,1,2,1
,2017_01903,39.73842,-104.976468,5/1/2017 15:59,15:59,11,0,2,EMERSON STREET NORTH & 14TH AVENUE EAST,1,1,0,0,1,4,0,,25,0,1,0,0,3,4,5,3
,2017_01904,39.780189,-105.015834,10/24/2017 15:54,15:54,11,0,1,ZUNI STREET & 46TH AVENUE WEST,1,1,1,0,1,4,0,,,0,1,0,0,3,4,2,13
,2017_01905,39.724137,-104.986314,11/3/2017 19:14,19:14,3,0,1,LINCOLN STREET NORTH & FIFTH AVENUE,1,3,0,0,1,1,0,,30,0,0,0,0,3,4,3,8
,2017_01906,39.71683514,-105.0251944,12/28/2017 15:10,15:10,11,0,1,14TH AVENUE 3000 BLOCK WEST & FEDERAL BOULEVARD NORTH,1,1,1,0,1,4,0,,30,0,1,0,0,3,4,2,13
,2017_01907,39.747528,-104.978304,7/13/2017 22:54,22:54,11,0,1,20TH AVENUE EAST & PARK AVENUE WEST,1,3,0,0,1,4,0,,30,0,1,0,0,3,4,2,13
,2017_01908,39.780055,-104.949721,9/6/2017 19:04,19:04,3,0,1,STEELE STREET NORTH & I70 HIGHWAY WB OFF RAMP,1,2,0,0,1,1,0,,25,0,0,0,1,3,2,2,1
,2017_01909,39.790208,-104.942044,8/15/2017 15:12,15:12,12,0,1,52ND AVENUE EAST & VASQUEZ BOULEVARD NORTH,1,1,0,0,1,3,0,,45,0,0,0,0,3,2,2,3
,2017_01920,39.740301,-104.98832,10/27/2017 2:37,2:37,5,0,2,COLFAX AVENUE WEST & 15TH STREET,1,3,0,0,3,4,0,,30,0,0,0,0,3,2,1,5
,2017_01931,39.783526,-105.043893,1/2/2017 7:43,7:43,12,0,2,I70 & TENNYSON STREET NORTH,1,1,1,0,1,4,0,,55,0,0,0,0,3,1,2,14
,2017_01932,39.780016,-104.953771,2/8/2017 2:01,2:01,5,0,1,46TH AVENUE 2700 BLOCK EAST & CLAYTON STREET NORTH,1,3,0,0,2,3,0,,30,0,0,0,0,3,4,1,5
,2017_01933,39.77462,-104.854003,5/29/2017 4:20,4:20,12,0,1,I70 & HAVANA STREET NORTH,3,5,1,0,1,4,0,,55,0,0,0,0,3,1,2,13
,2017_01935,39.690999,-104.99228,4/29/2017 3:29,3:29,8,0,1,SANTA FE DRIVE 1500 BLOCK SOUTH & FLORIDA AVENUE WEST,5,3,0,2,1,4,0,,45,0,0,0,0,3,2,3,5
,2017_01936,39.696718,-105.025071,9/12/2017 8:35,8:35,1,0,1,FEDERAL BOULEVARD SOUTH & MISSISSIPPI,1,1,0,0,1,1,0,,35,0,0,0,0,3,2,2,13
,2017_01942,39.656526,-105.053225,1/27/2017 9:12,9:12,3,0,1,SHERIDAN BOULEVARD 3000 BLOCK SOUTH & DARTMOUTH AVENUE WEST,1,1,0,0,1,2,0,,40,0,0,0,0,3,2,2,13
,2017_01947,39.782797,-104.900751,11/22/2017 4:20,4:20,15,0,2,I270 & QUEBEC STREET NORTH,1,3,1,0,1,4,0,,55,0,0,0,0,3,1,5,13
,2017_01973,39.791271,-104.941076,2/14/2017 1:30,1:30,5,0,0,VASQUEZ BOULEVARD & 52ND AVENUE EAST,1,3,0,0,2,4,0,,45,0,0,0,0,0,2,1,13
,2017_01976,39.752154,-104.9988465,6/9/2017 19:06,19:06,1,0,1,WAZEE STREET & 17TH STREET,1,1,0,0,1,2,0,,25,0,0,0,0,3,4,2,13
,2017_01977,39.682755,-104.959332,7/13/2017 8:38,8:38,1,0,2,BUCHTEL BOULEVARD EAST & UNIVERSITY BOULEVARD SOUTH,1,1,0,0,1,1,0,,30,0,0,0,0,3,4,2,14
,2017_01978,39.774834,-104.753493,7/1/2017 22:36,22:36,1,0,1,42ND AVENUE EAST & HIMALAYA ROAD NORTH,1,3,0,0,1,1,0,,30,0,0,0,0,3,4,2,14
,2017_01979,39.7764,-104.95827,9/16/2017 16:18,16:18,5,0,1,43RD AVENUE EAST & JOSEPHINE STREET NORTH,1,1,0,0,3,3,0,,35,0,0,0,0,3,4,1,12
,2017_01980,39.798396,-104.786415,6/21/2017 14:54,14:54,9,0,1,PENA BOULEVARD & 56TH AVENUE EAST,1,1,0,0,1,4,0,,45,0,0,0,0,3,4,1,1
,2017_01990,39.740049,-104.986167,6/13/2017 8:28,8:28,11,0,1,COLFAX AVENUE EAST & LINCOLN STREET NORTH,1,1,0,0,1,1,0,,30,0,1,0,0,2,2,2,13
,2017_01991,39.739986,-104.963464,8/1/2017 6:45,6:45,11,0,1,RACE STREET NORTH & COLFAX AVENUE EAST,1,1,0,0,1,1,0,,,0,1,0,0,2,2,2,14
,2017_01992,39.740086,-104.889443,9/23/2017 22:54,22:54,11,0,1,COLFAX AVENUE EAST & WABASH STREET NORTH,2,3,0,1,1,1,0,,,0,1,0,0,2,2,2,13
,2017_02002,39.779441,-104.979019,5/9/2017 0:47,0:47,11,0,0,WASHINGTON STREET NORTH & I70 EASTBOUND RAMP OFF,2,3,0,1,1,1,0,,30,0,1,0,0,1,1,2,14
,2017_02006,39.696679,-104.991877,10/6/2017 8:29,8:29,11,0,0,MISSISSIPPI AVENUE WEST & PLATTE RIVER DRIVE SOUTH,1,1,0,0,1,4,0,,,0,1,0,0,1,2,2,13
,2017_02013,39.747498,-105.025223,3/18/2017 23:08,23:08,11,0,2,20TH AVENUE WEST & FEDERAL BOULEVARD NORTH,1,3,0,0,1,1,0,,,0,1,0,0,2,2,3,13
,2017_02030,39.69891,-105.0032205,8/5/2017 13:00,13:00,11,0,0,KENTUCKY AVENUE WEST & OSAGE STREET SOUTH,1,1,0,0,5,2,0,,5,0,1,0,0,0,3,2,14
,2017_02031,39.7368,-104.9586435,11/4/2017 12:20,12:20,11,0,1,JOSEPHINE STREET NORTH & 13TH AVENUE EAST,1,1,0,0,1,1,0,,30,0,1,0,0,2,4,2,13
,2017_02032,39.63510253,-104.8877487,1/14/2017 0:30,0:30,11,0,0,46TH AVENUE EAST & VERBENA STREET NORTH,1,3,0,0,1,1,0,,25,0,1,0,0,1,4,3,13
,2017_02033,39.696588,-104.9734035,4/1/2017 22:25,22:25,11,0,1,DOWNING STREET SOUTH & MISSISSIPPI AVENUE EAST,1,3,0,0,1,4,0,,,0,1,0,0,2,4,2,13
,2017_02034,39.751578,-104.990841,1/25/2017 17:08,17:08,11,0,0,20TH STREET & ARAPAHOE STREET,1,3,1,0,1,1,0,,30,0,1,0,0,1,4,2,14