id,drcog_id,latitude,longitude,crashtime,time,crashtype,numbkilled,numbinjurd,drcoglocat,rdconditin,lightngcon,roadcntgrd,weatherco,location,roaddescrp,constrzone,schoolzone,splimit,bikeinv,pedinv,sctrinv,motoinv,svrty,rdsystem,ttlvehcls,hcf
,2017_02037,39.751295,-105.016566,6/25/2017 17:09,17:09,2,0,1,23RD AVENUE WEST & I25 SOUTHBOUND RAMPS,1,1,1,0,1,1,0,,25,1,0,0,0,2,1,2,13
,2017_02038,39.760997,-105.004271,6/13/2017 17:18,17:18,2,0,0,20TH STREET & I25 NORTHBOUND RAMP OFF,1,1,1,0,1,1,0,,40,1,0,0,0,1,1,2,13
,2017_02039,39.779316,-104.903391,8/2/2017 12:41,12:41,2,0,1,NORTHFIELD QUEBEC STREET NORTH & I70 WB RAMPS,1,1,0,0,1,1,0,,,1,0,0,0,2,2,2,13
,2017_02043,39.74001,-104.971929,7/8/2017 13:30,13:30,2,0,0,COLFAX AVENUE EAST & MARION STREET NORTH ROAD SOUTH,1,1,0,0,1,1,0,,,1,0,0,0,0,2,2,14
,2017_02044,39.740009,-104.968553,10/3/2017 6:50,6:50,2,0,0,FRANKLIN STREET & COLFAX AVENUE EAST,1,2,0,0,1,1,0,,,1,0,0,0,0,2,2,13
,2017_02045,39.740009,-104.968553,11/14/2017 13:00,13:00,3,0,0,COLFAX AVENUE EAST & PARK AVENUE WEST / FRANKLIN STREET NORTH,1,1,0,0,1,1,0,,30,0,0,0,0,0,2,4,1
,2017_02081,39.741669,-104.9848245,2/9/2017 6:55,6:55,2,0,1,16TH AVENUE EAST 100 BLOCK & SHERMAN STREET NORTH,1,1,0,0,1,4,0,,25,1,0,0,0,2,4,2,14
,2017_02082,39.728232,-105.0394635,10/10/2017 6:55,6:55,2,0,0,SEVENTH AVENUE WEST & PERRY STREET NORTH,1,2,0,0,1,1,0,,25,1,0,0,0,1,4,2,13
,2017_02083,39.694761,-104.9913045,7/18/2017 12:43,12:43,2,0,1,ARIZONA AVENUE 200 BLOCK WEST & CHEROKEE STREET SOUTH,1,1,0,0,1,1,0,,,1,0,0,0,2,4,2,1
,2017_02084,39.709575,-105.050223,8/3/2017 13:48,13:48,2,0,0,DAKOTA AVENUE WEST & SOUTH XAVIER STREET,1,1,0,0,1,1,0,,25,1,0,0,0,1,4,2,3
,2017_02085,39.76459883,-104.9026762,8/22/2017 13:29,13:29,2,0,0,QUEBEC STREET 3400 BLOCK NORTH & 35TH AVENUE EAST,1,1,0,0,1,2,0,,35,1,0,0,0,1,4,2,13
,2017_02086,39.732822,-104.8847355,9/28/2017 16:30,16:30,2,0,0,YOSEMITE STREET NORTH & 11TH AVENUE EAST,1,1,0,0,1,1,0,,,1,0,0,0,0,4,2,13
,2017_02087,39.729483,-105.0520905,7/20/2017 14:24,14:24,2,0,0,ZENOBIA STREET 800 BLOCK NORTH & EIGHTH AVENUE WEST,1,1,0,0,1,4,0,,25,1,0,0,0,1,4,2,13
,2017_02088,39.689523,-105.0156945,4/27/2017 15:20,15:20,2,0,0,ZUNI STREET SOUTH & FLORIDA AVENUE WEST,1,1,0,0,1,1,0,,25,1,0,0,0,1,4,2,14
,2017_02095,39.78618738,-105.0063613,6/17/2017 23:00,23:00,5,0,1,PECOS STREET & 1700 SOUTH,1,3,0,0,1,7,0,,10,0,0,0,0,3,4,1,14
,2017_02118,39.77496,-104.91741,8/1/2017 9:30,9:30,6,0,0,KEARNEY STREET 4200 BLOCK NORTH & 42ND AVENUE EAST,1,1,0,0,1,4,0,,25,0,0,0,0,0,4,2,10
,2017_02119,39.713085,-104.917662,8/16/2017 12:09,12:09,6,0,0,KEARNEY STREET 100 BLOCK SOUTH & CEDAR AVENUE EAST,1,1,1,0,1,4,0,,30,0,0,0,0,0,4,2,13
,2017_02120,39.70044,-105.018066,1/8/2017 18:30,18:30,6,0,0,KENTUCKY AVENUE WEST & BRYANT STREET SOUTH,6,3,0,0,1,4,0,,25,0,0,0,0,0,4,2,1
,2017_02121,39.700359,-105.029802,1/28/2017 15:14,15:14,3,0,0,KENTUCKY AVENUE WEST & IRVING STREET SOUTH,1,1,0,0,1,2,0,,30,0,0,0,0,1,4,2,1
,2017_02123,39.700188,-104.943123,1/12/2017 16:47,16:47,3,0,0,KENTUCKY AVENUE EAST & JACKSON STREET SOUTH,4,2,0,4,1,1,0,,25,0,0,0,0,0,4,2,14
,2017_02124,39.70035,-105.0367725,3/7/2017 20:00,20:00,3,0,0,KENTUCKY AVENUE WEST & NEWTON STREET SOUTH,1,2,0,0,1,1,0,,30,0,0,0,0,0,4,2,13
,2017_02125,39.700377,-105.041421,1/19/2017 18:05,18:05,12,0,0,KENTUCKY AVENUE WEST & QUITMAN STREET SOUTH,1,3,0,7,1,4,0,,25,0,0,0,0,0,4,2,16
,2017_02126,39.700395,-105.0437565,1/17/2017 7:40,7:40,12,0,0,KENTUCKY AVENUE WEST & TENNYSON STREET SOUTH,5,2,0,7,1,3,0,,30,0,0,0,0,0,4,2,16
,2017_02127,39.700296,-104.979267,6/11/2017 10:04,10:04,15,0,0,KENTUCKY AVENUE EAST & WASHINGTON STREET SOUTH,1,1,0,0,1,4,0,,30,0,0,0,0,0,4,2,13
,2017_02128,39.700404,-105.0486705,8/27/2017 17:30,17:30,12,0,0,KENTUCKY AVENUE WEST & WOLFF STREET SOUTH,1,1,0,0,1,2,0,,30,0,0,0,0,0,4,2,1
,2017_02129,39.699963,-105.015681,1/7/2017 5:20,5:20,5,0,0,KENTUCKY AVENUE WEST & ZUNI STREET SOUTH,4,3,0,7,2,4,0,,25,0,0,0,0,0,4,1,9
,2017_02153,39.649455,-104.8969125,7/31/2017 11:50,11:50,5,0,0,KENYON AVENUE WEST & KENYON AVENUE 3863 WEST,1,1,1,0,3,2,0,,25,0,0,0,0,1,4,1,13
,2017_02155,39.738213,-105.0330825,8/1/2017 8:43,8:43,6,0,0,KING STREET 1300 BLOCK NORTH & 13TH AVENUE WEST,1,1,0,0,1,4,0,,25,0,0,0,0,0,4,2,14
,2017_02156,39.76956295,-105.0330157,6/29/2017 17:10,17:10,6,0,0,KING STREET 3800 BLOCK NORTH & 38TH AVENUE WEST,1,1,0,0,1,4,0,,25,0,0,0,0,0,4,2,13
,2017_02157,39.740364,-105.0334245,5/28/2017 0:10,0:10,6,0,0,KING STREET NORTH & COLFAX AVENUE WEST,1,3,0,0,1,4,0,,25,0,0,0,0,0,4,2,13
,2017_02158,39.77490155,-105.0322724,3/6/2017 8:32,8:32,3,0,0,KNOX COURT & 200 BLOCK NORTH,1,1,1,0,1,3,0,,30,0,0,0,0,1,4,2,13
,2017_02159,39.718152,-105.032484,1/17/2017 11:27,11:27,15,0,0,KNOX COURT NORTH & FIRST AVENUE WEST,1,1,0,0,1,1,0,,35,0,0,0,0,0,4,2,13
,2017_02160,39.718152,-105.032484,1/20/2017 16:00,16:00,12,0,0,KNOX COURT NORTH & FIRST AVENUE WEST,1,1,0,7,1,4,0,,30,0,0,0,0,0,4,2,16
,2017_02161,39.718152,-105.032484,9/18/2017 15:05,15:05,3,0,0,KNOX COURT NORTH & FIRST AVENUE WEST,1,1,0,0,1,2,0,,30,0,0,0,0,0,4,2,1
,2017_02162,39.719745,-105.032475,7/20/2017 23:17,23:17,6,0,1,KNOX COURT NORTH & SECOND AVENUE WEST,1,3,0,0,1,4,0,,25,0,0,0,0,2,4,3,13
,2017_02164,39.72132,-105.032484,6/2/2017 13:55,13:55,15,0,0,KNOX COURT NORTH & THIRD AVENUE WEST,2,1,1,0,1,3,0,,30,0,0,0,0,0,4,2,1
,2017_02165,39.714966,-105.032493,3/30/2017 18:06,18:06,3,0,0,KNOX COURT SOUTH & BAYAUD AVENUE WEST,1,1,0,0,1,1,0,,,0,0,0,0,0,4,2,13
,2017_02166,39.704013,-105.0324435,1/9/2017 16:41,16:41,12,0,0,KNOX COURT SOUTH & EXPOSITION AVENUE WEST,1,1,0,0,1,3,0,,25,0,0,0,0,1,4,3,2
,2017_02167,39.682215,-105.0320835,3/2/2017 12:32,12:32,3,0,0,KNOX COURT SOUTH & JEWELL AVENUE WEST,1,1,0,0,1,1,0,,25,0,0,0,0,0,4,2,13
,2017_02168,39.667698,-105.0318855,1/24/2017 8:50,8:50,13,0,1,KNOX COURT SOUTH & YALE AVENUE WEST,1,1,1,0,1,4,0,,,0,0,0,0,2,4,2,13
,2017_02169,39.75824081,-104.9163615,7/18/2017 7:57,7:57,3,0,0,KRAMERIA STREET & 1700 BLOCK NORTH,1,1,0,0,1,5,0,,25,0,0,0,0,0,4,2,13
,2017_02170,39.70386,-104.9164065,9/5/2017 0:04,0:04,6,0,0,KRAMERIA STREET 700 BLOCK SOUTH & EXPOSITION AVENUE EAST,1,3,0,0,1,3,0,,,0,0,0,0,0,4,2,13
,2017_02171,39.74742,-104.916321,8/2/2017 8:18,8:18,6,0,0,KRAMERIA STREET 1900 BLOCK NORTH & MONTVIEW BOULEVARD EAST,1,1,0,0,1,4,0,,25,0,0,0,0,0,4,2,8
,2017_02172,39.75487798,-104.9708835,3/31/2017 13:42,13:42,3,0,0,LAFAYETTE STREET & 1400 BLOCK NORTH,1,1,0,0,1,5,0,,30,0,0,0,0,0,4,2,13
,2017_02173,39.74603268,-105.0022112,1/12/2017 17:40,17:40,15,0,0,LARIMER STREET & 1100 BLOCK,2,3,0,1,1,4,0,,30,0,0,0,0,0,4,2,13
,2017_02174,39.63864889,-105.0874159,6/28/2017 21:30,21:30,11,0,1,AMMONS STREET SOUTH & QUINCY AVENUE WEST,1,3,0,0,1,1,0,,35,0,1,0,0,2,4,2,13
,2017_02176,39.66757776,-104.920984,5/12/2017 9:25,9:25,2,0,1,YALE AVENUE EAST & HOLLY STREET SOUTH,1,1,0,0,1,1,0,,30,1,0,0,0,3,4,2,13
,2017_02182,39.77296347,-104.7914952,9/12/2017 19:03,19:03,1,0,2,40TH AVENUE & PENA BOULEVARD,1,3,0,0,1,1,0,,35,0,0,0,0,3,4,2,8
,2017_02183,39.78390359,-105.0625804,6/5/2017 7:41,7:41,11,0,0,HARLAN STREET NORTH & 48TH AVENUE WEST,1,1,0,0,1,3,0,,35,0,1,1,0,0,4,2,14
,2017_02184,39.72724489,-104.9848307,3/7/2017 19:30,19:30,11,0,1,SHERMAN STREET 700 BLOCK NORTH & SEVENTH AVENUE EAST,1,3,0,0,1,3,0,,30,0,1,0,0,2,4,2,4
,2017_02191,39.74603268,-105.0022112,1/1/2017 18:15,18:15,6,0,0,LARIMER STREET & 1600 BLOCK,1,3,0,0,1,4,0,,30,0,0,0,0,0,4,2,13
,2017_02192,39.74603268,-105.0022112,7/20/2017 1:26,1:26,5,0,0,LARIMER STREET & 2041,1,3,0,0,3,4,0,,30,0,0,0,0,0,4,1,13
,2017_02193,39.74603268,-105.0022112,7/28/2017 20:51,20:51,15,0,0,LARIMER STREET & 3200 BLOCK,1,3,0,0,1,4,0,,30,0,0,0,0,0,4,2,13
,2017_02194,39.759444,-104.983794,9/16/2017 11:50,11:50,14,0,0,LARIMER STREET 2700 BLOCK & 28TH AVENUE EAST,1,1,0,0,1,4,0,,,0,0,0,0,0,4,2,13
,2017_02195,39.753882,-104.991174,6/3/2017 13:30,13:30,5,0,0,LARIMER STREET 2100 BLOCK & MARKET STREET ALLEY,1,1,0,0,3,4,0,,5,0,0,0,0,0,4,1,5
,2017_02196,39.755745,-104.989014,3/2/2017 11:06,11:06,10,0,0,LARIMER STREET & PARK AVENUE WEST,1,1,0,0,1,1,0,,30,0,0,0,0,0,4,2,13
,2017_02197,39.74917933,-104.9973087,3/12/2017 14:30,14:30,6,0,0,LARIMER STREET 1600 BLOCK & 16TH STREET,1,1,0,0,1,4,0,,30,0,0,0,0,0,4,4,14
,2017_02198,39.74917933,-104.9973087,2/21/2017 12:00,12:00,6,0,0,LARIMER STREET 1600 BLOCK & 17TH STREET,1,1,0,0,1,4,0,,,0,0,0,0,0,4,2,13
,2017_02199,39.753882,-104.99139,3/10/2017 0:00,0:00,3,0,0,LARIMER STREET & 21ST STREET,1,3,0,0,1,1,0,,25,0,0,0,0,0,4,2,5
,2017_02200,39.753882,-104.991174,7/13/2017 22:30,22:30,6,0,0,LARIMER STREET 2100 BLOCK & 22ND STREET,1,3,0,0,1,4,0,,30,0,0,0,0,0,4,2,3
,2017_02201,39.758535,-104.9853915,8/1/2017 17:59,17:59,15,0,0,LARIMER STREET & 26TH STREET,1,1,0,0,1,1,0,,30,0,0,0,1,1,4,2,14
,2017_02203,39.755088,-104.988114,8/1/2017 17:52,17:52,12,0,0,LAWRENCE STREET & PARK AVENUE WEST,1,1,0,0,1,1,0,,,0,0,0,0,0,4,3,13
,2017_02204,39.745719,-104.999922,3/2/2017 13:22,13:22,6,0,0,LAWRENCE STREET 1300 BLOCK & 14TH STREET,1,1,0,0,1,4,0,,25,0,0,0,0,0,4,2,13
,2017_02205,39.747609,-104.997762,8/9/2017 15:45,15:45,15,0,0,LAWRENCE STREET & 15TH STREET,1,1,0,0,1,1,0,,30,0,0,0,0,0,4,2,3
,2017_02206,39.748536,-104.99652,1/23/2017 12:01,12:01,15,0,0,LAWRENCE STREET & 16TH STREET,1,1,0,7,1,4,0,,25,0,0,0,0,0,4,2,16
,2017_02246,39.790899,-105.053234,1/18/2017 12:10,12:10,12,0,0,52ND AVENUE WEST & SHERIDAN BOULEVARD,1,1,1,0,1,3,0,,30,0,0,0,0,0,2,2,4
,2017_02254,39.662458,-105.081435,4/21/2017 14:42,14:42,3,0,0,WADSWORTH BOULEVARD SOUTH & DUQUESNE AVENUE,1,1,0,0,1,1,0,,45,0,0,0,0,0,2,2,7
,2017_02255,39.662458,-105.081435,11/26/2017 9:58,9:58,1,0,0,WADSWORTH BOULEVARD SOUTH & DUQUESNE AVENUE WEST,1,1,1,0,1,1,0,,45,0,0,0,0,0,2,2,1
,2017_02256,39.662608,-105.081436,4/23/2017 12:26,12:26,3,0,0,WADSWORTH BOULEVARD SOUTH & DARTMOUTH AVENUE OFFSET REF,1,1,0,0,1,2,0,,,0,0,0,0,0,2,2,13
,2017_02258,39.664096,-105.081441,1/9/2017 0:00,0:00,12,0,0,WADSWORTH BOULEVARD & 2900,1,3,0,0,1,4,0,,40,0,0,0,0,1,2,2,2
,2017_02259,39.66517,-105.081435,4/5/2017 6:40,6:40,5,0,0,WADSWORTH BOULEVARD & AMHERST AVENUE,5,1,1,0,3,4,0,,40,0,0,0,0,0,2,1,14
,2017_02260,39.66905,-105.081394,8/7/2017 12:30,12:30,12,0,0,WADSWORTH BOULEVARD SOUTH & YALE AVENUE WEST,2,1,1,1,1,4,0,,45,0,0,0,0,0,2,4,3
,2017_02272,39.783848,-105.025224,4/27/2017 12:50,12:50,15,0,0,HIGHWAY 287 & I76 EASTBOUND ON RAMP,1,1,0,0,1,4,0,,45,0,0,0,0,0,2,2,13
,2017_02309,39.71655,-105.04566,10/24/2017 18:45,18:45,5,0,0,STREET VRAIN ROAD & 7457 STREET VRAIN ROAD,1,4,0,0,2,4,0,,45,0,0,0,0,0,4,1,1
,2017_02310,39.674745,-104.8740345,3/1/2017 16:25,16:25,12,0,0,ILIFF AVENUE EAST & EMPORIA STREET SOUTH,1,1,1,0,1,4,0,,45,0,0,0,0,0,4,2,7
,2017_02311,39.694824,-104.9018535,5/2/2017 13:04,13:04,3,0,0,QUEBEC STREET & MISSISSIPPI AVENUE EAST APPROXIMATELY,1,1,0,0,1,1,0,,35,0,0,0,0,0,4,2,13
,2017_02312,39.674745,-104.8740345,7/28/2017 17:00,17:00,12,0,0,ILIFF AVENUE EAST & EMPORIA STREET SOUTH,1,1,0,0,1,4,0,,45,0,0,0,0,1,4,2,13
,2017_02313,39.689334,-104.903604,8/1/2017 14:30,14:30,12,0,0,FLORIDA AVENUE EAST & QUEBEC STREET SOUTH,1,1,0,0,1,3,0,,25,0,0,0,0,0,4,2,13
,2017_02390,39.790208,-104.942044,11/17/2017 9:31,9:31,5,0,1,VASQUEZ BOULEVARD & 52ND AVENUE EAST,1,1,1,0,3,4,0,,45,0,0,0,0,3,2,1,14
,2017_02391,39.784211,-105.025084,8/20/2017 17:45,17:45,15,0,0,I70 & FEDERAL BOULEVARD NORTH,1,1,0,0,1,4,0,,,0,0,0,0,0,1,2,1
,2017_02393,39.729767,-105.053226,5/29/2017 9:52,9:52,12,0,0,SHERIDAN BOULEVARD & EIGHTH AVENUE WEST,1,1,1,0,1,3,0,,35,0,0,0,0,0,2,2,8
,2017_02395,39.711339,-105.0532605,4/4/2017 15:40,15:40,12,0,0,ALAMEDA AVENUE & SHERIDAN BOULEVARD SOUTH,2,1,0,0,1,3,0,,40,0,0,0,0,0,4,2,13
,2017_02402,39.784062,-104.90162,7/11/2017 7:50,7:50,15,0,0,I270 & QUEBEC STREET,1,1,0,0,1,4,0,,,0,0,0,0,0,1,2,13
,2017_02414,39.72533914,-104.9081731,4/24/2017 20:05,20:05,5,0,0,SIXTH AVENUE WEST & MM 284.5,1,3,1,0,3,4,0,,65,0,0,0,0,1,2,1,1
,2017_02417,39.72548053,-105.0130711,5/2/2017 8:29,8:29,12,0,0,SIXTH AVENUE WEST & I25,1,1,0,0,1,4,0,,55,0,0,0,0,0,2,2,8
,2017_02418,39.72548331,-105.0130798,5/16/2017 16:16,16:16,15,0,0,SIXTH AVENUE WEST & I25 INTRCHG,1,1,0,0,1,4,0,,65,0,0,0,0,0,2,2,1
,2017_02419,39.72528088,-105.0056366,9/19/2017 23:07,23:07,1,0,0,OSAGE STREET NORTH / SEMINOLE ROAD  & SIXTH AVENUE WEST RAMP ON,1,3,0,0,1,1,0,,25,0,0,0,0,0,2,2,7
,2017_02424,39.7818747,-104.9786265,4/3/2017 19:06,19:06,5,0,0,47TH AVENUE EAST & 46TH AVENUE EAST,1,3,0,0,3,4,0,,30,0,0,0,0,0,4,1,12
,2017_02429,39.78518637,-104.9667381,9/16/2017 20:23,20:23,5,0,1,BRIGHTON BOULEVARD 4900 BLOCK NORTH & 49TH AVENUE EAST,1,3,0,0,3,4,0,,35,0,0,0,0,2,2,1,10
,2017_02433,39.78081569,-104.9668202,12/28/2017 9:17,9:17,12,0,0,BRIGHTON BOULEVARD 4600 BLOCK & 46TH AVENUE EAST,1,1,0,0,1,1,0,,,0,0,0,0,0,2,2,13
,2017_02434,39.7798628,-104.9671775,3/11/2017 0:50,0:50,10,0,0,BRIGHTON BOULEVARD NORTH & I70 EASTBOUND RAMPS,1,3,0,0,1,1,0,,30,0,0,0,0,0,2,2,12
,2017_02435,39.78014478,-104.9671011,3/11/2017 22:48,22:48,1,0,2,BRIGHTON BOULEVARD NORTH & I70 EASTBOUND RAMPS,1,3,0,0,1,1,0,,35,0,0,0,0,2,2,2,13
,2017_02436,39.78019674,-104.9668584,3/20/2017 16:19,16:19,1,0,0,BRIGHTON BOULEVARD NORTH & I70 EASTBOUND ON RAMP,1,1,0,0,1,1,0,,35,0,0,0,0,0,2,2,3
,2017_02437,39.78018741,-104.9671065,3/21/2017 17:12,17:12,1,0,0,BRIGHTON BOULEVARD & I70 EASTBOUND ON RAMP,1,1,0,0,1,1,0,,35,0,0,0,0,0,2,2,13
,2017_02438,39.77987139,-104.9669562,3/29/2017 18:37,18:37,1,0,0,BRIGHTON BOULEVARD & I70 EASTBOUND RAMPS,1,1,0,0,1,1,0,,35,0,0,0,0,1,2,2,1
,2017_02440,39.78022085,-104.9670947,4/20/2017 11:04,11:04,1,0,0,BRIGHTON BOULEVARD & I70 EASTBOUND RAMPS,1,1,0,0,1,1,0,,35,0,0,0,0,0,2,2,13
,2017_02441,39.78017539,-104.9670245,6/20/2017 12:00,12:00,15,0,0,BRIGHTON BOULEVARD & I70 EASTBOUND RAMP ON,1,1,0,0,1,1,0,,30,0,0,0,0,0,2,2,13
,2017_02442,39.77994197,-104.9670667,7/7/2017 22:12,22:12,5,0,1,BRIGHTON BOULEVARD & I70 EASTBOUND RAMP ON,1,3,0,0,3,1,0,,65,0,0,0,0,2,2,1,5
,2017_02443,39.78080676,-104.9668888,5/10/2017 8:38,8:38,1,0,1,BRIGHTON BOULEVARD & 46TH AVENUE EAST / I70 FRONTAGE ROAD,1,1,0,0,1,1,0,,30,0,0,0,0,2,2,2,8
,2017_02444,39.78372074,-104.9666702,7/14/2017 22:17,22:17,3,0,0,48TH AVENUE EAST & BRIGHTON BOULEVARD,1,3,0,0,1,1,0,,25,0,0,0,0,0,2,2,1
,2017_02445,39.77877795,-104.9679283,7/17/2017 10:45,10:45,12,0,0,BRIGHTON BOULEVARD 4500 BLOCK NORTH & 46TH AVENUE EAST,1,1,0,0,1,4,0,,30,0,0,0,0,0,2,2,13
,2017_02446,39.78077506,-104.9667679,1/7/2017 18:55,18:55,1,0,0,BRIGHTON BOULEVARD NORTH & 46TH AVENUE EAST,2,3,0,0,1,1,0,,35,0,0,0,0,0,2,2,13
,2017_02447,39.78377529,-104.9666799,1/6/2017 12:00,12:00,1,0,0,BRIGHTON BOULEVARD NORTH & 48TH AVENUE EAST,6,1,0,0,1,1,0,,30,0,0,0,0,0,2,2,8
,2017_02448,39.77973141,-104.9669976,5/12/2017 9:08,9:08,1,0,0,BRIGHTON BOULEVARD NORTH & I70 FRONTAGE ROAD / 46TH AVENUE EAST,1,1,0,0,1,1,0,,35,0,0,0,0,1,2,2,16
,2017_02449,39.78080653,-104.9668383,6/30/2017 17:58,17:58,3,0,0,BRIGHTON BOULEVARD NORTH & 46TH AVENUE EAST,1,1,0,0,1,1,0,,35,0,0,0,0,0,2,2,13
,2017_02450,39.78079068,-104.9667779,6/30/2017 22:07,22:07,3,0,0,46TH AVENUE EAST & BRIGHTON BOULEVARD NORTH,1,3,0,0,1,1,0,,,0,0,0,0,0,2,2,13
,2017_02451,39.78079897,-104.9668888,10/21/2017 17:50,17:50,1,0,0,46TH AVENUE EAST & BRIGHTON BOULEVARD  NORTH,1,2,0,0,1,1,0,,35,0,0,0,0,1,2,2,13
,2017_02452,39.78075211,-104.9668589,12/15/2017 11:02,11:02,15,0,0,BRIGHTON BOULEVARD & 46TH AVENUE EAST,1,1,0,0,1,1,0,,25,0,0,0,0,0,2,2,13
,2017_02453,39.78083759,-104.9668179,12/17/2017 9:53,9:53,1,0,0,46TH AVENUE EAST & BRIGHTON BOULEVARD NORTH,1,1,0,0,1,1,0,,,0,0,0,0,0,2,2,13
,2017_02454,39.7818873,-104.9667641,6/23/2017 8:10,8:10,3,0,0,BRIGHTON BOULEVARD & 47TH AVENUE EAST,1,1,0,0,1,2,0,,35,0,0,0,0,0,2,2,7
,2017_02455,39.78197278,-104.9667231,8/7/2017 13:30,13:30,3,0,0,47TH AVENUE EAST & BRIGHTON BOULEVARD NORTH,1,1,0,0,1,1,0,,35,0,0,0,0,1,2,2,7
,2017_02456,39.78080308,-104.9668674,8/18/2017 16:04,16:04,12,0,0,BRIGHTON BOULEVARD & 4700 BLOCK NORTH,1,1,0,0,1,1,0,,35,0,0,0,0,0,2,2,3
,2017_02457,39.78375202,-104.9667002,10/3/2017 15:24,15:24,12,0,0,BRIGHTON BOULEVARD NORTH & 48TH AVENUE EAST,1,1,0,0,1,4,0,,35,0,0,0,0,0,2,2,1
,2017_02459,39.78788344,-104.9642569,5/24/2017 15:00,15:00,5,0,1,BRIGHTON BOULEVARD NORTH & 49TH AVENUE EAST NEW CONFIG,1,1,0,0,2,4,0,,35,0,0,0,0,2,2,2,2
,2017_02460,39.78499835,-104.9668049,8/5/2017 2:23,2:23,9,0,1,BRIGHTON BOULEVARD & 4900 BLOCK NORTH,1,3,0,0,3,4,0,,35,0,0,0,0,2,2,1,5
,2017_02461,39.78486312,-104.9667942,11/13/2017 2:37,2:37,5,0,0,BRIGHTON BOULEVARD & 4900 BLOCK NORTH,1,3,0,0,3,4,0,,35,0,0,0,0,0,2,1,13
,2017_02462,39.78829268,-104.9635858,2/2/2017 0:39,0:39,9,0,0,BRIGHTON BOULEVARD 4900 BLOCK NORTH & RACE STREET NORTH APPROXIMATELY,5,3,0,2,2,4,0,,,0,0,0,0,0,2,1,13
,2017_02463,39.78821462,-104.963546,10/26/2017 16:15,16:15,1,0,0,BRIGHTON BOULEVARD NORTH & RACE STREET NORTH,2,2,0,2,1,2,0,,35,0,0,0,0,0,2,2,8
,2017_02464,39.7916629,-104.9591978,1/27/2017 17:15,17:15,12,0,0,YORK STREET NORTH ROAD SOUTH & BRIGHTON BOULEVARD NORTH,1,2,0,0,1,3,0,,30,0,0,0,0,0,2,2,13
,2017_02472,39.789228,-105.024583,7/28/2017 12:39,12:39,2,1,0,51ST AVENUE & 2900 BLOCK WEST,1,1,0,0,1,4,0,,30,1,0,0,0,4,4,2,15
,2017_02477,39.687344,-104.968056,9/14/2017 22:44,22:44,11,1,0,I25 & FRANKLIN STREET,1,3,1,0,1,4,0,,,0,1,0,0,4,1,2,13
,2017_02486,39.667611,-104.931667,9/13/2017 0:37,0:37,11,1,0,VASQUEZ BOULEVARD & 69TH AVENUE EAST,1,4,0,0,1,4,0,,,0,1,0,0,4,2,2,13
,2017_02488,39.737867,-105.025067,1/26/2017 6:39,6:39,11,1,0,FEDERAL BOULEVARD NORTH & HOWARD PLACE WEST,1,3,0,0,1,1,0,,35,0,1,0,0,4,2,2,1
,2017_02490,39.7167,-105.024967,8/27/2017 22:35,22:35,11,1,0,FEDERAL BOULEVARD  & ELLSWORTH AVENUE WEST,1,3,1,0,1,3,0,,30,0,1,0,0,4,2,2,5
,2017_02491,39.726725,-105.025053,4/8/2017 21:40,21:40,11,1,0,FEDERAL BOULEVARD & 600 BLOCK NORTH,1,3,0,0,1,4,0,,,0,1,0,0,4,2,2,13
,2017_02492,39.694853,-105.024814,10/6/2017 6:12,6:12,11,1,0,FEDERAL BOULEVARD  & ARIZONA AVENUE WEST,1,3,0,0,1,1,0,,,0,1,0,0,4,2,2,13
,2017_02493,39.693489,-105.025156,2/1/2017 7:18,7:18,11,1,0,FEDERAL BOULEVARD SOUTH & LOUISIANA AVENUE WEST,1,1,0,0,1,1,0,,40,0,1,0,0,4,2,2,13
,2017_02494,39.691431,-105.025006,8/24/2017 21:10,21:10,11,1,0,SOUTH FEDERAL BOULEVARD & WEST ARKANSAS AVENUE,1,3,0,0,1,1,0,,,0,1,0,0,4,2,2,13
,2017_02495,39.689861,-105.025083,6/8/2017 21:23,21:23,11,1,0,FEDERAL BOULEVARD  & FLORIDA AVENUE WEST,1,3,0,0,1,4,0,,,0,1,0,0,4,2,2,13
,2017_02512,39.750483,-104.999206,1/15/2017 2:15,2:15,11,1,0,BLAKE STREET & 16TH STREET,1,3,0,0,1,1,0,,30,0,1,0,0,4,4,2,14
,2017_02514,39.699167,-104.905311,12/21/2017 17:55,17:55,11,1,0,LEETSDALE DRIVE & QUEBEC STREET SOUTH,1,3,1,0,1,4,0,,,0,1,0,0,4,2,3,13
,2017_02529,39.678378,-104.940631,12/15/2017 10:40,10:40,1,1,0,COLORADO BOULEVARD SOUTH & EVANS AVENUE EAST,1,1,0,0,1,1,0,,35,0,0,0,0,4,2,2,13
,2017_02536,39.643972,-104.912944,7/9/2017 18:00,18:00,12,2,0,I25 & HAMPDEN AVENUE EAST,1,1,0,0,1,4,0,,55,0,0,0,1,4,1,2,1
,2017_02538,39.725181,-105.013089,10/25/2017 2:30,2:30,8,1,1,I25 & SIXTH AVENUE WEST,1,3,1,0,1,4,0,,65,0,0,0,0,4,1,2,14
,2017_02539,39.790908,-104.988392,5/25/2017 10:08,10:08,15,1,3,I25 & MM 214,1,1,0,1,1,4,0,,55,0,0,0,0,4,1,2,14
,2017_02543,39.66645,-104.866162,1/11/2017 13:50,13:50,3,1,2,HAVANA STREET SOUTH & YALE AVENUE EAST,1,1,1,0,1,1,0,,40,0,0,0,0,4,2,4,10