id,drcog_id,latitude,longitude,crashtime,time,crashtype,numbkilled,numbinjurd,drcoglocat,rdconditin,lightngcon,roadcntgrd,weatherco,location,roaddescrp,constrzone,schoolzone,splimit,bikeinv,pedinv,sctrinv,motoinv,svrty,rdsystem,ttlvehcls,hcf
,2017_02560,39.784292,-105.0463,5/12/2017 16:04,16:04,12,1,0,I70 & SHERIDAN BOULEVARD NORTH,1,1,1,0,1,4,0,,55,0,0,0,1,4,1,3,1
,2017_02561,39.779133,-104.979058,8/28/2017 14:05,14:05,1,1,0,WASHINGTON STREET NORTH & I70 EASTBOUND ON RAMP,1,1,1,0,1,1,0,,35,0,0,0,1,4,1,2,13
,2017_02563,39.77775,-104.865772,6/10/2017 5:50,5:50,1,1,0,NORTH HAVANA STREET & I70 WB ON RAMP,1,1,0,0,1,1,0,,40,0,0,0,1,4,1,2,13
,2017_02564,39.772867,-104.833836,12/9/2017 10:51,10:51,15,1,1,I70 & EASTBOUND OFF RAMP TO I225 SOUTHBOUND,1,1,0,0,1,4,0,,65,0,0,0,0,4,1,2,13
,2017_02579,39.700444,-105.025172,1/29/2017 14:28,14:28,1,1,2,FEDERAL BOULEVARD & KENTUCKY AVENUE WEST,1,1,0,0,1,1,0,,40,0,0,0,0,4,2,2,5
,2017_02580,39.696708,-105.024992,2/14/2017 17:44,17:44,1,1,0,FEDERAL BOULEVARD & MISSISSIPPI AVENUE WEST,1,2,0,0,1,1,0,,40,0,0,0,1,4,2,2,7
,2017_02582,39.696683,-105.024994,4/2/2017 4:15,4:15,3,1,1,FEDERAL BOULEVARD SOUTH & MISSISSIPPI AVENUE WEST,1,3,0,0,1,1,0,,35,0,0,0,0,4,2,2,1
,2017_02583,39.689495,-105.025043,6/8/2017 1:20,1:20,15,1,0,FEDERAL BOULEVARD SOUTH & FLORIDA AVENUE WEST,1,3,0,0,1,1,0,,45,0,0,0,0,4,2,3,10
,2017_02587,39.667783,-105.053206,7/24/2017 21:23,21:23,1,1,0,SHERIDAN BOULEVARD SOUTH & YALE AVENUE WEST,1,3,0,0,1,1,0,,40,0,0,0,1,4,2,2,5
,2017_02588,39.673294,-105.053233,3/20/2017 19:50,19:50,1,1,0,SHERIDAN BOULEVARD SOUTH & VASSAR AVENUE WEST,1,3,0,0,1,1,0,,40,0,0,0,1,4,2,2,5
,2017_02589,39.733075,-105.053175,8/28/2017 9:27,9:27,10,1,0,SHERIDAN BOULEVARD NORTH & 10TH AVENUE WEST,1,1,0,0,1,1,0,,30,0,0,0,1,4,2,2,13
,2017_02601,39.653347,-105.054167,1/22/2017 21:55,21:55,12,1,1,HAMPDEN AVENUE & MM 256.5,1,3,0,0,1,4,0,,65,0,0,0,0,4,2,3,5
,2017_02620,39.769622,-105.036208,1/14/2017 19:41,19:41,5,1,0,38TH AVENUE WEST & MEADE STREET NORTH,1,3,0,0,3,4,0,,35,0,0,0,0,4,4,1,1
,2017_02648,39.724111,-104.986286,3/18/2017 8:18,8:18,3,1,0,FIFTH AVENUE EAST & LINCOLN STREET NORTH,1,1,1,0,1,1,0,,30,0,0,0,1,4,4,2,8
,2017_02649,39.735167,-104.980944,4/14/2017 11:52,11:52,8,1,0,12TH AVENUE  & PENNSYLVANIA NORTH,1,1,0,0,1,4,0,,25,0,0,0,0,4,4,2,13
,2017_02650,39.758144,-104.959667,7/5/2017 18:18,18:18,5,1,2,29TH AVENUE EAST & YORK STREET NORTH,1,1,0,0,3,1,0,,30,0,0,0,0,4,4,2,5
,2017_02651,39.713839,-104.982856,7/11/2017 12:59,12:59,3,1,0,MAPLE AVENUE EAST & LOGAN STREET SOUTH,1,1,0,0,1,1,0,,25,0,0,0,1,4,4,2,7
,2017_02652,39.79835,-104.861317,8/11/2017 5:50,5:50,1,1,2,56TH AVENUE EAST & JOLIET STREET NORTH,1,3,0,0,1,1,0,,45,0,0,0,0,4,4,2,13
,2017_02653,39.738408,-104.968533,9/17/2017 1:54,1:54,3,1,2,14TH AVENUE EAST & FRANKLIN STREET NORTH,1,3,0,0,1,1,0,,30,0,0,0,0,4,4,3,5
,2017_02654,39.798306,-104.784131,11/12/2017 2:15,2:15,5,1,0,56TH AVENUE  & PENA BOULEVARD,1,3,0,0,2,4,0,,45,0,0,0,0,4,4,1,5
,2017_02655,39.754528,-104.987467,10/11/2017 20:18,20:18,1,1,0,BROADWAY STREET NORTH & PARK AVENUE,1,1,0,0,1,1,0,,30,0,0,0,1,4,4,2,13
,2017_02656,39.780053,-104.809664,12/16/2017 22:15,22:15,8,1,1,CHAMBERS ROAD  & EAST BOLLING DRIVE,1,3,0,0,1,4,0,,45,0,0,0,0,4,4,2,5
,2017_02665,39.667623,-104.925611,11/20/2017 18:26,18:26,2,0,1,YALE AVENUE EAST & I25 NORTHBOUND ON RAMP,1,3,0,0,1,1,0,,,1,0,0,0,3,1,2,13
,2017_02666,39.711155,-105.022579,6/27/2017 21:15,21:15,2,0,1,ALAMEDA AVENUE WEST & DECATUR STREET SOUTH,1,3,0,0,1,1,0,,25,1,0,0,0,3,2,2,14
,2017_02672,39.740005,-104.987167,6/16/2017 7:05,7:05,2,0,1,COLFAX AVENUE EAST & BROADWAY NORTH,1,1,0,0,1,1,0,,,1,0,0,0,3,2,2,13
,2017_02673,39.740049,-104.986167,11/18/2017 13:48,13:48,2,0,1,COLFAX AVENUE EAST & LINCOLN STREET NORTH,1,1,0,0,1,1,0,,,1,0,0,0,3,2,2,1
,2017_02674,39.739998,-104.966103,8/20/2017 0:45,0:45,2,0,1,COLFAX AVENUE EAST & WILLIAMS STREET NORTH,1,3,0,0,1,1,0,,,1,0,0,0,3,2,2,13
,2017_02686,39.77024,-105.025232,10/25/2017 18:27,18:27,2,0,1,FEDERAL BOULEVARD NORTH & DENVER PLACE WEST,1,3,0,0,1,1,0,,,1,0,0,0,3,2,2,14
,2017_02689,39.739886,-105.017828,11/2/2017 14:15,14:15,2,0,1,OLD COLFAX AVENUE WEST  & PLATTE RIVER BRIDGE,1,1,0,0,1,4,0,,40,1,0,0,0,3,4,2,3
,2017_02731,39.763603,-105.002519,12/4/2017 0:40,0:40,5,0,1,I25 & 20TH STREET APPROXIMATELY,1,3,1,0,2,4,0,,55,0,0,0,0,3,1,1,7
,2017_02738,39.73383,-104.986161,1/24/2017 11:30,11:30,2,0,1,11TH AVENUE EAST & LINCOLN STREET NORTH,1,1,0,0,1,1,0,,25,1,0,0,0,3,4,2,13
,2017_02739,39.710493,-105.03972,4/28/2017 9:15,9:15,2,0,1,PERRY STREET SOUTH & NEVADA PLACE WEST,1,1,0,0,1,1,0,,,1,0,0,0,3,4,2,13
,2017_02740,39.667779,-105.0661935,5/28/2017 15:00,15:00,2,0,1,YALE AVENUE WEST & KENDALL WAY SOUTH,1,1,0,0,1,3,0,,30,1,0,0,0,3,4,2,1
,2017_02741,39.68226,-105.026202,6/12/2017 18:25,18:25,2,0,1,JEWELL AVENUE WEST & GROVE STREET SOUTH,1,1,0,0,1,2,0,,25,1,0,0,0,3,4,2,3
,2017_02742,39.753234,-104.9757435,6/19/2017 15:52,15:52,2,0,1,25TH AVENUE EAST & EMERSON STREET NORTH,1,1,0,0,1,1,0,,25,1,0,0,0,3,4,2,13
,2017_02743,39.751857,-104.988762,6/22/2017 9:13,9:13,2,0,1,21ST STREET & CURTIS STREET,1,1,0,0,1,1,0,,30,1,0,0,0,3,4,2,14
,2017_02744,39.714192,-105.049404,6/25/2017 16:10,16:10,2,0,1,XAVIER STREET SOUTH & MAPLE PLACE WEST,1,1,0,0,1,2,0,,,1,0,0,0,3,4,2,14
,2017_02745,39.7879965,-104.886162,7/6/2017 16:59,16:59,2,0,1,14TH AVENUE & XENIA / YOSEMITE STREET ALLEY,1,1,0,0,1,5,0,,,1,0,0,0,3,4,2,7
,2017_02746,39.729267,-104.9034735,7/10/2017 9:43,9:43,2,0,1,QUEBEC STREET NORTH & EIGHTH AVENUE EAST,1,1,0,0,1,1,0,,,1,0,0,0,3,4,2,3
,2017_02747,39.67842504,-104.936508,7/25/2017 8:15,8:15,2,0,1,COLORADO CENTER DRIVE & BIRCH STREET SOUTH,1,1,1,0,1,1,0,,,1,0,0,0,3,4,2,13
,2017_02748,39.669462,-104.9875335,7/25/2017 19:45,19:45,2,0,1,BROADWAY SOUTH & VASSAR AVENUE WEST,1,1,0,0,1,2,0,,,1,0,0,0,3,4,2,14
,2017_02749,39.749445,-104.995323,8/28/2017 7:33,7:33,2,0,1,LAWRENCE STREET & 17TH STREET,1,1,0,0,1,1,0,,,1,0,0,0,3,4,2,14
,2017_02750,39.744882,-104.99427,9/18/2017 14:40,14:40,2,0,1,15TH STREET & STOUT STREET,1,1,0,0,1,4,0,,30,1,0,0,0,3,4,2,14
,2017_02751,39.758976,-104.868495,9/25/2017 19:25,19:25,2,0,1,29TH DRIVE EAST & GENEVA STREET NORTH,1,3,0,0,1,1,0,,,1,0,0,0,3,4,2,1
,2017_02752,39.759579,-105.0017805,9/28/2017 21:09,21:09,2,0,1,20TH STREET & LITTLE RAVEN STREET,1,3,1,0,1,1,0,,,1,0,0,0,3,4,2,13
,2017_02753,39.769263,-105.020523,9/15/2017 19:20,19:20,2,0,1,38TH AVENUE WEST & CLAY STREET NORTH,1,3,0,0,1,1,0,,,1,0,0,0,3,4,2,7
,2017_02754,39.772854,-104.941701,8/14/2017 7:57,7:57,2,0,1,40TH AVENUE EAST & HARRISON STREET NORTH,1,1,0,0,1,1,0,,5,1,0,0,0,3,4,2,7
,2017_02755,39.741642,-104.986134,8/10/2017 12:17,12:17,2,0,1,LINCOLN STREET NORTH & 16TH AVENUE EAST,1,1,1,0,1,1,0,,30,1,0,0,0,3,4,2,8
,2017_02756,39.756222,-104.984802,5/25/2017 7:20,7:20,2,0,1,25TH STREET & ARAPAHOE STREET,1,1,0,0,1,1,0,,25,1,0,0,0,3,4,2,13
,2017_02757,39.71115,-104.9851845,9/1/2017 17:55,17:55,2,0,1,SHERMAN STREET SOUTH & ALAMEDA AVENUE EAST,1,1,0,0,1,1,0,,30,1,0,0,0,3,4,2,8
,2017_02758,39.733623,-104.9941215,7/25/2017 18:30,18:30,2,0,1,SPEER BOULEVARD NORTH & 11TH AVENUE WEST,1,1,0,0,1,1,0,,,1,0,0,0,3,4,2,1
,2017_02759,39.740236,-104.940601,2/23/2017 6:32,6:32,11,0,1,COLORADO BOULEVARD NORTH & COLFAX AVENUE EAST,2,2,0,0,1,1,0,,30,0,1,0,0,3,2,2,14
,2017_02763,39.740059,-105.013916,7/22/2017 1:00,1:00,11,0,1,I25 SOUTHBOUND & COLFAX AVENUE WEST,1,3,1,0,1,4,0,,,0,1,0,0,3,1,2,13
,2017_02764,39.742872,-105.014627,9/17/2017 13:27,13:27,11,0,1,WALNUT STREET UNDER & I25 / AURARIA TO COLFAX COLLECTOR,1,1,0,0,3,4,0,,30,0,1,0,0,3,4,2,8
,2017_02771,39.740339,-105.037041,3/3/2017 21:30,21:30,11,0,1,COLFAX AVENUE WEST & NEWTON STREET NORTH,1,3,0,0,1,1,0,,,0,1,0,0,3,2,2,13
,2017_02772,39.740038,-105.001446,8/9/2017 23:30,23:30,11,0,1,COLFAX AVENUE WEST & LIPAN STREET NORTH,1,3,0,0,1,1,0,,,0,1,0,0,3,2,2,13
,2017_02773,39.740014,-104.99328,10/1/2017 1:25,1:25,11,0,1,COLFAX AVENUE WEST & DELAWARE STREET NORTH,1,3,0,0,1,1,0,,,0,1,0,0,3,2,2,13
,2017_02774,39.74,-104.977544,11/15/2017 17:12,17:12,11,0,1,COLFAX AVENUE EAST & CLARKSON STREET NORTH,1,3,0,0,1,4,0,,,0,1,0,0,3,2,2,14
,2017_02775,39.740002,-104.976234,7/9/2017 2:18,2:18,11,0,1,COLFAX AVENUE & EMERSON STREET NORTH ROAD NORTH,1,3,0,0,1,4,0,,,0,1,0,0,3,2,2,13
,2017_02776,39.739998,-104.966103,10/17/2017 21:09,21:09,11,0,1,WILLIAMS STREET NORTH & COLFAX AVENUE EAST,1,3,0,0,1,1,0,,,0,1,0,0,3,2,2,13
,2017_02777,39.740157,-104.948801,4/6/2017 21:48,21:48,11,0,1,COLFAX AVENUE EAST & ADAMS STREET NORTH ROAD NORTH,1,3,0,0,1,4,0,,30,0,1,0,0,3,2,2,13
,2017_02778,39.740062,-104.94057,1/23/2017 1:23,1:23,11,0,1,COLFAX AVENUE EAST & COLORADO BOULEVARD NORTH,1,1,0,0,1,1,0,,35,0,1,0,0,3,2,2,3
,2017_02779,39.740082,-104.911615,7/4/2017 14:58,14:58,11,0,1,COLFAX AVENUE 6500 BLOCK EAST & MAGNOLIA STREET NORTH,1,1,0,0,1,4,0,,,0,1,0,0,3,2,2,13
,2017_02780,39.740086,-104.895268,3/3/2017 15:22,15:22,11,0,1,COLFAX AVENUE EAST & TAMARAC STREET  APPROXIMATELY,1,1,0,0,1,4,0,,30,0,1,0,0,3,2,2,13
,2017_02787,39.737797,-105.025283,5/24/2017 21:20,21:20,11,0,1,FEDERAL BOULEVARD NORTH & HOWARD PLACE WEST,1,3,0,0,1,4,0,,,0,1,0,0,3,2,2,13
,2017_02790,39.732914,-105.025176,9/11/2017 19:28,19:28,11,0,1,FEDERAL BOULEVARD NORTH & 10TH AVENUE WEST,1,2,0,0,1,1,0,,,0,1,0,0,3,2,2,13
,2017_02791,39.705748,-105.025086,8/25/2017 19:47,19:47,11,0,1,FEDERAL BOULEVARD SOUTH & CENTER AVENUE WEST,1,2,1,0,1,1,0,,40,0,1,0,1,3,2,2,1
,2017_02792,39.692885,-105.025056,6/2/2017 20:03,20:03,11,0,1,FEDERAL BOULEVARD SOUTH & LOUISIANA AVENUE WEST,1,1,0,0,1,3,0,,,0,1,0,0,3,2,2,13
,2017_02793,39.689495,-105.025043,11/13/2017 17:15,17:15,11,0,1,FLORIDA AVENUE WEST & FEDERAL BOULEVARD SOUTH,1,3,0,0,1,4,0,,,0,1,0,0,3,2,2,13
,2017_02799,39.693285,-105.053215,2/16/2017 14:32,14:32,11,0,1,SHERIDAN BOULEVARD SOUTH & LOUISIANA AVENUE WEST,1,1,0,0,1,1,0,,,0,1,0,0,3,2,2,13
,2017_02805,39.65315,-105.054088,7/4/2017 2:38,2:38,12,0,4,HAMPDEN AVENUE WEST & SHERIDAN BOULEVARD SOUTH,1,3,0,0,1,4,0,,55,0,0,0,0,3,2,3,4
,2017_02807,39.787424,-105.025217,2/13/2017 19:00,19:00,11,0,1,FEDERAL BOULEVARD NORTH & 50TH AVENUE WEST,1,3,0,0,1,4,0,,,0,1,0,0,3,2,2,13
,2017_02808,39.791145,-105.02518,8/28/2017 14:57,14:57,15,0,1,52ND AVENUE WEST & FEDERAL BOULEVARD NORTH,1,1,0,0,1,1,0,,35,0,0,0,0,3,2,3,13
,2017_02900,39.694752,-104.959323,4/4/2017 20:39,20:39,11,0,1,ARIZONA AVENUE 2350 BLOCK EAST & UNIVERSITY BOULEVARD SOUTH,2,3,0,2,1,4,0,,,0,1,0,0,3,4,2,13
,2017_02901,39.67866,-105.0110325,4/10/2017 10:19,10:19,11,0,1,TEJON STREET SOUTH & EVANS AVENUE WEST,1,1,0,0,1,1,0,,40,0,1,0,0,3,4,2,1
,2017_02902,39.776427,-104.8469535,4/11/2017 5:24,5:24,11,0,1,PEORIA STREET & 44TH AVENUE EAST,1,4,1,0,1,4,0,,,0,1,0,0,3,4,2,13
,2017_02903,39.638619,-104.9040945,4/19/2017 10:44,10:44,11,0,1,QUEBEC STREET SOUTH & QUINCY AVENUE EAST,1,1,0,0,1,1,0,,35,0,1,0,0,3,4,2,13
,2017_02904,39.741813,-104.987826,5/5/2017 14:21,14:21,11,0,1,16TH STREET & CLEVELAND PLACE,1,1,0,0,1,1,0,,,0,1,0,0,3,4,2,13
,2017_02905,39.703887,-104.9827905,5/20/2017 0:00,0:00,11,0,1,LOGAN STREET SOUTH & EXPOSITION AVENUE EAST,1,3,0,0,1,4,0,,,0,1,0,0,3,4,2,14
,2017_02906,39.714651,-104.949972,5/20/2017 12:40,12:40,1,0,1,STEELE STREET SOUTH & BAYAUD AVENUE EAST,1,1,0,0,1,1,0,,30,0,0,0,0,3,4,3,1
,2017_02907,39.753855,-104.9792715,5/21/2017 1:16,1:16,11,0,1,26TH STREET & WELTON STREET,1,3,0,0,1,1,0,,25,0,1,0,0,3,4,2,1
,2017_02908,39.75938304,-105.0232061,6/8/2017 11:21,11:21,11,0,1,SPEER BOULEVARD NORTH & 900 BLOCK NORTH,1,1,0,0,1,4,0,,0,0,1,0,0,3,4,2,13
,2017_02909,39.731697,-104.9919525,6/8/2017 11:21,11:21,11,0,1,SPEER BOULEVARD NORTH & CHEROKEE STREET,1,1,0,0,1,4,0,,,0,1,0,0,3,4,2,13
,2017_02910,39.7427265,-105.043428,9/23/2017 19:10,19:10,11,0,2,16TH AVENUE & 800 BLOCK EAST,2,4,0,1,1,4,0,,,0,1,0,0,3,4,3,13
,2017_02911,39.757986,-104.903451,9/23/2017 19:15,19:15,11,0,1,29TH AVENUE EAST & QUEBEC STREET NORTH,2,3,0,1,1,1,0,,35,0,1,0,0,3,4,2,14
,2017_02912,39.747501,-104.9861115,9/27/2017 13:46,13:46,11,0,1,LINCOLN STREET NORTH & 20TH AVENUE,1,1,0,0,1,1,0,,30,0,1,0,0,3,4,2,13
,2017_02913,39.76447081,-104.9361796,10/4/2017 18:00,18:00,11,0,1,BRUCE RANDOLPH & 3900 BLOCK EAST,1,2,0,0,1,4,0,,,0,1,0,0,3,4,2,13
,2017_02914,39.667725,-104.9787631,10/10/2017 15:12,15:12,11,0,1,YALE AVENUE & 4500 BLOCK EAST,1,1,0,0,1,4,0,,,0,1,0,0,3,4,2,13
,2017_02915,39.729087,-104.987412,10/20/2017 15:33,15:33,11,0,1,EIGHTH AVENUE EAST & BROADWAY STREET NORTH,1,1,0,0,1,1,0,,30,0,1,0,0,3,4,2,7
,2017_02916,39.77312829,-104.9892215,11/5/2017 1:35,1:35,11,0,1,BROADWAY & 1100 BLOCK,1,3,0,0,1,4,0,,,0,1,0,0,3,4,3,13
,2017_02917,39.716559,-104.9875155,11/9/2017 16:58,16:58,11,0,1,ELLSWORTH AVENUE WEST & BROADWAY SOUTH,1,2,0,0,1,1,0,,35,0,1,0,0,3,4,2,13
,2017_02918,39.74652,-104.9939235,11/16/2017 13:04,13:04,11,0,1,16TH STREET & CHAMPA STREET,1,1,0,0,1,1,0,,,0,1,0,0,3,4,2,13
,2017_02919,39.69117,-104.982795,12/5/2017 13:43,13:43,11,0,1,LOGAN STREET 1300 BLOCK SOUTH & ARKANSAS AVENUE EAST,1,1,0,0,1,4,0,,,0,1,0,0,3,4,2,13
,2017_02920,39.765726,-104.9948415,12/9/2017 15:17,15:17,11,0,1,PARK AVENUE WEST & GLOBEVILLE ROAD NORTH,1,1,0,0,1,1,0,,30,0,1,0,0,3,4,2,14
,2017_02921,39.752676,-104.9946705,12/14/2017 6:10,6:10,11,0,1,19TH STREET & MARKET STREET,2,3,0,0,1,1,0,,30,0,1,0,0,3,4,2,14
,2017_02922,39.783654,-104.7611925,12/21/2017 19:58,19:58,11,0,1,GREEN VALLEY RANCH BOULEVARD & FLANDERS WAY NORTH,1,4,1,2,1,1,0,,,0,1,0,0,3,4,2,13
,2017_02923,39.732021,-104.98617,3/14/2017 10:32,10:32,11,0,1,10TH AVENUE EAST & LINCOLN STREET NORTH,1,1,0,0,1,3,0,,30,0,1,0,0,3,4,2,13
,2017_02924,39.73383,-104.99166,6/28/2017 21:56,21:56,11,0,1,11TH AVENUE WEST & CHEROKEE STREET NORTH,1,3,0,0,1,4,0,,,0,1,0,0,3,4,2,13
,2017_02925,39.736845,-104.9835825,5/27/2017 12:46,12:46,11,0,1,13TH AVENUE EAST & GRANT STREET NORTH,1,1,0,0,1,1,0,,25,0,1,0,0,3,4,2,13
,2017_02926,39.754305,-104.9942745,7/21/2017 18:41,18:41,11,0,1,BLAKE STREET 1900 & 20TH STREET,1,1,0,0,1,4,0,,25,0,1,0,0,3,4,4,13
,2017_02927,39.725631,-104.9874435,7/6/2017 16:00,16:00,11,0,1,BROADWAY STREET NORTH & SIXTH AVENUE EAST,1,1,0,0,1,4,0,,30,0,1,0,0,3,4,2,3
,2017_02928,39.674997,-105.0250635,8/22/2017 7:30,7:30,11,0,1,ILIFF AVENUE 3000 BLOCK WEST & FEDERAL BOULEVARD,1,1,0,0,1,4,0,,25,0,1,0,0,3,4,2,13
,2017_02929,39.69657,-104.9407425,3/1/2017 19:30,19:30,11,0,1,MISSISSIPPI AVENUE 4000 BLOCK EAST & COLORADO BOULEVARD SOUTH,1,3,0,0,1,4,0,,,0,1,0,0,3,4,2,13
,2017_02930,39.667626,-104.912964,2/13/2017 17:51,17:51,11,0,1,MONACO STREET 2600 BLOCK SOUTH & YALE AVENUE EAST,1,3,0,0,1,4,0,,35,0,1,0,0,3,4,2,13
,2017_02931,39.749193,-104.997402,9/2/2017 19:48,19:48,11,0,1,16TH STREET & LARIMER STREET,1,3,0,0,1,1,0,,,0,1,0,0,3,4,2,13
,2017_02932,39.754746,-105.002424,8/4/2017 13:26,13:26,11,0,1,17TH STREET & CHESTNUT PLACE,1,1,0,0,1,4,0,,25,0,1,0,0,3,4,2,14
,2017_02933,39.772962,-104.975442,3/7/2017 0:00,0:00,11,0,1,38TH STREET & BRIGHTON BOULEVARD NORTH,1,1,0,0,1,1,0,,25,0,1,0,0,3,4,2,14
,2017_02935,39.78513633,-104.9667066,2/25/2017 18:55,18:55,9,0,1,BRIGHTON BOULEVARD & 4900 BLOCK NORTH,1,4,0,0,1,4,0,,35,0,0,0,1,3,2,2,14
,2017_02939,39.762931,-104.940507,9/24/2017 4:30,4:30,5,0,3,COLORADO BOULEVARD NORTH & 3300 BLOCK NORTH,2,3,0,1,3,4,0,,40,0,0,0,0,3,2,1,5
,2017_02940,39.716454,-104.94061,4/14/2017 12:29,12:29,3,0,1,COLORADO BOULEVARD SOUTH & BAYAUD AVENUE EAST,1,1,0,0,1,1,0,,35,0,0,0,1,3,2,2,13
,2017_02941,39.7255,-104.940607,11/11/2017 15:09,15:09,3,0,2,COLORADO BOULEVARD NORTH & SIXTH AVENUE EAST,1,1,0,0,1,1,0,,40,0,0,0,0,3,2,3,13
,2017_02942,39.72871,-104.940605,9/23/2017 15:24,15:24,1,0,1,COLORADO BOULEVARD NORTH & EIGHTH AVENUE EAST,2,1,0,1,1,1,0,,35,0,0,0,0,3,2,2,1
,2017_02943,39.738194,-104.940602,12/14/2017 12:15,12:15,12,0,1,COLORADO BOULEVARD 1300 BLOCK NORTH & 14TH AVENUE EAST,1,1,0,0,1,4,0,,35,0,0,0,0,3,2,3,13
,2017_02944,39.740497,-104.988703,10/27/2017 2:37,2:37,5,0,2,COLFAX AVENUE WEST & 100 BLOCK,1,3,0,0,3,4,0,,30,0,0,0,0,3,2,1,5
,2017_02945,39.738485,-104.940602,6/7/2017 23:10,23:10,3,0,1,14TH AVENUE EAST & COLORADO BOULEVARD NORTH,2,3,0,0,1,1,0,,35,0,0,0,0,3,2,2,1
,2017_02946,39.74724,-104.940599,8/17/2017 20:48,20:48,12,0,1,COLORADO BOULEVARD NORTH 1900 BLOCK & MONTVIEW BOULEVARD EAST,1,2,0,0,1,4,0,,35,0,0,0,0,3,2,3,5
,2017_02947,39.765544,-104.940497,1/8/2017 8:23,8:23,1,0,2,COLORADO BOULEVARD NORTH & 35TH AVENUE EAST,2,1,0,0,1,1,0,,40,0,0,0,0,3,2,2,5
,2017_02948,39.780314,-104.940501,5/23/2017 14:00,14:00,12,0,1,COLORADO BOULEVARD NORTH & I70 EASTBOUND ON RAMP,1,1,0,0,1,4,0,,45,0,0,0,0,3,2,2,14
,2017_02954,39.725537,-105.036199,4/29/2017 14:32,14:32,15,0,1,HIGHWAY 6 & MEADE STREET NORTH,2,1,0,2,1,4,0,,55,0,0,0,0,3,2,2,13
,2017_02955,39.725455,-105.032456,1/24/2017 6:27,6:27,12,0,1,HIGHWAY 6 & KNOX COURT,1,2,1,0,1,4,0,,55,0,0,0,0,3,2,4,13
,2017_02956,39.725399,-105.02258,8/2/2017 17:30,17:30,12,0,2,SIXTH AVENUE EASTBOUND RAMP ON & FEDERAL BOULEVARD NORTH,1,1,1,0,1,8,0,,35,0,0,0,0,3,2,4,3
,2017_02971,39.760997,-105.004271,11/8/2017 19:15,19:15,9,0,1,I25 & 20TH STREET,1,3,1,0,3,4,0,,55,0,0,0,0,3,1,1,13
,2017_02978,39.62714,-104.903386,3/30/2017 8:23,8:23,12,0,2,I25 & BELLVIEW AVENUE EAST,1,1,0,0,1,4,0,,55,0,0,0,0,3,1,3,8
,2017_02979,39.724815,-105.012562,5/25/2017 21:30,21:30,5,0,4,I25 SOUTHBOUND ON RAMP SPLIT FROM & SIXTH AVENUE WEST,1,3,1,0,2,8,0,,60,0,0,0,0,3,1,1,5
,2017_02980,39.6849,-104.953384,7/2/2017 2:05,2:05,5,0,2,I25 SOUTHBOUND & UNIVERSITY BOULEVARD SOUTH ENTRANCE GORE APPROXIMATELY,1,3,0,0,2,4,0,,55,0,0,0,0,3,1,1,5
,2017_02981,39.690115,-104.973561,3/4/2017 12:29,12:29,12,0,1,I25 NORTHBOUND & DOWINING STREET SOUTH,1,1,0,0,1,4,0,,55,0,0,0,0,3,1,2,13
,2017_02982,39.69219,-104.976782,9/28/2017 4:07,4:07,5,0,1,I25 & EMERSON STREET SOUTH,2,3,0,1,3,4,0,,60,0,0,0,0,3,1,1,14
,2017_02983,39.693168,-104.977858,12/24/2017 0:12,0:12,5,0,1,I25 & LOUISIANA AVENUE EAST,4,3,0,2,2,4,0,,55,0,0,0,0,3,1,2,13
,2017_02984,39.695656,-104.980648,9/29/2017 2:39,2:39,8,0,1,I25 SOUTHBOUND & BROADWAY SOUTH APPROXIMATELY,1,3,1,0,1,4,0,,60,0,0,0,0,3,1,2,10
,2017_02985,39.70473,-104.994657,3/12/2017 3:15,3:15,12,0,5,I25 SOUTHBOUND & ALAMEDA AVENUE WEST EXIT GORE,1,3,1,0,1,4,0,,55,0,0,0,0,3,1,2,13
,2017_02987,39.713041,-105.000001,2/23/2017 7:53,7:53,12,0,1,I25 NORTHBOUND & CEDAR AVENUE WEST,2,1,1,0,1,4,0,,55,0,0,0,0,3,1,4,3
,2017_02988,39.71413,-105.000671,9/2/2017 3:25,3:25,12,0,3,I25 & ALAMEDA AVENUE WEST,1,3,0,0,1,4,0,,65,0,0,0,0,3,1,2,5
,2017_02989,39.717712,-105.004262,2/17/2017 16:47,16:47,15,0,1,I25 & ALAMEDA AVENUE WEST,1,1,0,0,1,4,0,,65,0,0,0,1,3,1,2,1
,2017_02990,39.722783,-105.010342,5/6/2017 9:54,9:54,12,0,1,I25 & SIXTH AVENUE WEST,1,1,0,0,1,4,0,,55,0,0,0,1,3,1,2,1
,2017_02991,39.724815,-105.012562,8/19/2017 13:40,13:40,5,0,1,SIXTH AVENUE EASTBOUND RAMP OFF & I25 NORTHBOUND / SOUTHBOUND RAMP SPLIT,1,1,0,0,2,8,0,,35,0,0,0,1,3,1,1,14
,2017_02992,39.725165,-105.012815,4/19/2017 13:52,13:52,12,0,1,SIXTH AVENUE EASTBOUND RAMP OFF & I25 NORTHBOUND / SOUTHBOUND RAMP SPLIT APPROXIMATELY,1,1,1,0,1,8,0,,30,0,0,0,0,3,1,2,1
,2017_02993,39.731542,-105.015521,11/22/2017 15:14,15:14,15,0,1,I25 NORTHBOUND EXIT LANE & MULBERRY PLACE WEST APPROXIMATELY,1,1,1,0,1,4,0,,65,0,0,0,1,3,1,2,1
,2017_02994,39.739595,-105.013883,6/9/2017 11:07,11:07,12,0,1,I25 & COLFAX AVENUE WEST,1,1,1,0,1,4,0,,55,0,0,0,0,3,1,2,13