id,drcog_id,latitude,longitude,crashtime,time,crashtype,numbkilled,numbinjurd,drcoglocat,rdconditin,lightngcon,roadcntgrd,weatherco,location,roaddescrp,constrzone,schoolzone,splimit,bikeinv,pedinv,sctrinv,motoinv,svrty,rdsystem,ttlvehcls,hcf
,2017_02995,39.75115,-105.016647,7/19/2017 19:45,19:45,12,0,2,I25 SOUTHBOUND & 23RD AVENUE WEST,1,1,0,0,1,4,0,,55,0,0,0,0,3,1,2,7
,2017_02996,39.751295,-105.016566,3/23/2017 6:33,6:33,12,0,1,I25 NORTHBOUND & 23RD AVENUE WEST,1,2,0,0,1,4,0,,55,0,0,0,0,3,1,4,3
,2017_02997,39.760997,-105.004271,1/12/2017 11:58,11:58,15,0,1,I25 NORTHBOUND & 20TH STREET,1,1,0,0,1,4,0,,65,0,0,0,0,3,1,3,13
,2017_02998,39.760997,-105.004271,10/13/2017 13:50,13:50,12,0,1,I25 & 20TH STREET,1,1,0,0,1,4,0,,55,0,0,0,1,3,1,2,3
,2017_02999,39.762149,-105.002891,4/7/2017 8:37,8:37,12,0,1,I25 & 20TH STREET,1,1,1,0,1,4,0,,55,0,0,0,0,3,1,4,13
,2017_03000,39.767624,-104.995847,9/2/2017 0:00,0:00,15,0,1,I25 & PARK AVENUE WEST,1,3,0,0,1,4,0,,55,0,0,0,0,3,1,3,13
,2017_03001,39.768049,-104.994761,1/11/2017 8:28,8:28,12,0,1,I25 SOUTHBOUND & 38TH AVENUE WEST,1,1,0,0,1,4,0,,55,0,0,0,0,3,1,2,3
,2017_03002,39.767624,-104.995847,9/2/2017 0:00,0:00,12,0,1,I25 NORTHBOUND & PARK AVENUE WEST,1,3,0,0,1,4,0,,55,0,0,0,0,3,1,3,13
,2017_03003,39.768049,-104.994761,2/15/2017 8:10,8:10,5,0,1,I25 NORTHBOUND & PARK AVENUE WEST APPROXIMATELY,1,1,1,0,2,4,0,,55,0,0,0,0,3,1,1,10
,2017_03004,39.768049,-104.994761,3/9/2017 9:05,9:05,5,0,2,I25 NORTHBOUND & 38TH AVENUE WEST,1,1,1,0,2,4,0,,55,0,0,0,0,3,1,1,13
,2017_03005,39.768049,-104.994761,11/15/2017 18:30,18:30,12,0,1,I25 & 38TH AVENUE WEST,1,3,1,0,1,4,0,,55,0,0,0,1,3,1,2,7
,2017_03006,39.772047,-104.990084,2/26/2017 22:10,22:10,15,0,1,I25 & I70,1,3,0,0,1,4,0,,55,0,0,0,0,3,1,2,12
,2017_03007,39.779391,-104.989164,10/20/2017 12:08,12:08,12,0,1,I25 & I70,1,1,1,0,1,4,0,,55,0,0,0,0,3,1,3,7
,2017_03008,39.782559,-104.989149,3/4/2017 13:40,13:40,12,0,2,I25 SOUTHBOUND & 48TH AVENUE WEST,1,1,0,0,1,4,0,,55,0,0,0,0,3,1,3,4
,2017_03010,39.790925,-104.988466,7/18/2017 17:14,17:14,12,0,1,I25 SOUTHBOUND & 48TH AVENUE EXIT GORE APPROXIMATELY,1,1,1,0,1,4,0,,55,0,0,0,1,3,1,2,13
,2017_03020,39.711079,-105.025651,5/21/2017 20:00,20:00,12,0,1,ALAMEDA AVENUE WEST & FEDERAL BOULEVARD SOUTH,2,1,0,1,1,1,0,,30,0,0,0,0,3,2,3,1
,2017_03021,39.711088,-105.023353,3/29/2017 14:13,14:13,12,0,1,ALAMEDA AVENUE 2800 BLOCK WEST & ELIOT STREET SOUTH,1,1,1,0,1,4,0,,35,0,0,0,1,3,2,2,7
,2017_03022,39.711184,-105.00062,5/3/2017 19:37,19:37,1,0,1,ALAMEDA AVENUE WEST & PLATTE RIVER DRIVE SOUTH,1,1,0,0,1,1,0,,35,0,0,0,0,3,2,2,1
,2017_03024,39.711208,-104.998391,12/20/2017 9:29,9:29,1,0,1,ALAMEDA AVENUE WEST & KALAMATH STREET SOUTH,1,1,0,0,1,1,0,,35,0,0,0,0,3,2,2,13
,2017_03025,39.653084,-104.91283,8/3/2017 21:20,21:20,3,0,3,HAMPDEN AVENUE EAST & MONACO STREET SOUTH,1,3,0,0,1,1,0,,40,0,0,0,0,3,2,2,7
,2017_03026,39.653078,-104.91012,10/3/2017 15:22,15:22,12,0,1,HAMPDEN AVENUE EAST & ONEIDA WAY SOUTH,1,1,0,0,1,4,0,,40,0,0,0,0,3,2,3,3
,2017_03064,39.740211,-104.98819,4/8/2017 20:29,20:29,9,0,1,COLFAX AVENUE WEST & CHEYENNE PLACE,1,3,0,0,1,4,0,,30,0,0,0,1,3,2,1,8
,2017_03069,39.740076,-105.005215,10/5/2017 11:59,11:59,3,0,1,COLFAX AVENUE WEST & OSAGE STREET NORTH,1,1,0,0,1,1,0,,35,0,0,0,1,3,2,2,14
,2017_03070,39.740211,-104.98819,8/14/2017 18:20,18:20,14,0,1,COLFAX AVENUE 100 BLOCK WEST & CHEYENNE PLACE,1,1,0,0,1,4,0,,30,0,0,0,1,3,2,2,1
,2017_03071,39.740004,-104.987652,5/25/2017 20:35,20:35,3,0,1,BROADWAY NORTH & COLFAX AVENUE WEST,1,3,0,0,1,1,0,,30,0,0,0,0,3,2,2,13
,2017_03072,39.740005,-104.987167,11/5/2017 14:36,14:36,3,0,1,COLFAX AVENUE WEST & BROADWAY NORTH,1,1,0,0,1,1,0,,30,0,0,0,0,3,2,2,13
,2017_03073,39.74014,-104.943908,9/7/2017 5:25,5:25,12,0,1,COLFAX AVENUE EAST & GARFIELD STREET NORTH,1,3,0,0,1,1,0,,30,0,0,0,0,3,2,2,13
,2017_03074,39.740082,-104.912367,7/25/2017 10:20,10:20,3,0,1,COLFAX AVENUE EAST & MONACO STREET NORTH,1,1,0,0,1,1,0,,30,0,0,0,0,3,2,2,3
,2017_03075,39.740085,-104.897523,7/15/2017 22:12,22:12,3,0,1,COLFAX AVENUE EAST & SPRUCE STREET NORTH,1,3,0,0,1,1,0,,35,0,0,0,0,3,2,2,1
,2017_03076,39.740086,-104.891698,3/17/2017 20:34,20:34,1,0,2,COLFAX AVENUE EAST & VALENTIA STREET NORTH,1,3,0,0,1,1,0,,30,0,0,0,1,3,2,2,1
,2017_03103,39.783088,-105.000825,7/24/2017 18:06,18:06,9,0,1,I70 & KALAMATH STREET NORTH,1,1,0,0,1,4,0,,55,0,0,0,1,3,1,1,7
,2017_03116,39.780124,-104.989762,10/2/2017 22:40,22:40,5,0,1,I70 EASTBOUND ON RAMP FROM & I25 SOUTHBOUND RAMP SPLIT APPROXIMATELY,2,3,0,1,3,8,0,,40,0,0,0,0,3,1,1,13
,2017_03126,39.783566,-105.05323,10/2/2017 14:42,14:42,9,0,2,I70 & SHERIDAN BOULEVARD NORTH,1,1,1,0,2,4,0,,55,0,0,0,0,3,1,1,3
,2017_03127,39.784817,-105.050243,6/15/2017 8:36,8:36,15,0,1,I70 & SHERIDAN BOULEVARD NORTH WB RAMP OFF GORE,1,1,1,0,1,4,0,,55,0,0,0,0,3,1,2,1
,2017_03128,39.783687,-105.04473,10/17/2017 13:58,13:58,5,0,1,I70 & SHERIDAN BOULEVARD NORTH,1,1,1,0,3,4,0,,55,0,0,0,0,3,1,2,1
,2017_03129,39.784211,-105.025084,8/1/2017 22:26,22:26,5,0,1,I70 & FEDERAL BOULEVARD NORTH,1,3,0,0,3,4,0,,55,0,0,0,0,3,1,1,14
,2017_03130,39.783571,-105.015888,8/24/2017 11:05,11:05,12,0,1,I70 & ZUNI STREET NORTH,1,1,1,0,1,4,0,,55,0,0,0,1,3,1,2,7
,2017_03131,39.783149,-105.006371,7/17/2017 6:13,6:13,15,0,1,I70 & PECOS STREET NORTH,1,1,1,0,1,4,0,,55,0,0,0,0,3,1,2,13
,2017_03132,39.779824,-104.98774,3/19/2017 3:27,3:27,5,0,1,I70 HIGHWAY EASTBOUND RAMP ON & I25 NORTHBOUND END RAMP SPLIT,1,3,1,0,2,8,0,,55,0,0,0,0,3,1,1,5
,2017_03134,39.779455,-104.979206,3/19/2017 9:16,9:16,5,0,1,I70 & WASHINGTON STREET NORTH APPROXIMATELY,1,1,0,0,2,4,0,,65,0,0,0,0,3,1,1,1
,2017_03135,39.779874,-104.975154,4/29/2017 21:32,21:32,15,0,1,I70 & WASHINGTON STREET NORTH,5,3,0,2,1,4,0,,,0,0,0,0,3,1,2,13
,2017_03137,39.779942,-104.966087,7/20/2017 11:20,11:20,15,0,1,I70 & BRIGHTON BOULEVARD NORTH,1,1,0,0,1,4,0,,55,0,0,0,0,3,1,3,10
,2017_03138,39.780012,-104.961148,2/14/2017 8:43,8:43,12,0,1,I70 & BRIGHTON BOULEVARD NORTH,1,1,0,0,1,4,0,,55,0,0,0,0,3,1,2,2
,2017_03139,39.780012,-104.959789,10/7/2017 12:36,12:36,3,0,1,YORK STREET NORTH & 46TH AVENUE EAST,1,1,0,0,1,1,0,,30,0,0,0,1,3,4,2,1
,2017_03140,39.779999,-104.949951,1/17/2017 10:27,10:27,12,0,1,I70 & STEELE STREET NORTH,1,1,0,0,1,4,0,,55,0,0,0,0,3,1,3,3
,2017_03141,39.780081,-104.935927,11/14/2017 1:40,1:40,5,0,1,I70 & DAHLIA STREET EXIT RAMP,1,3,1,0,3,4,0,,65,0,0,0,0,3,1,1,1
,2017_03142,39.780032,-104.931784,9/1/2017 17:17,17:17,12,0,5,I70 & DAHLIA STREET NORTH,1,1,0,0,1,4,0,,55,0,0,0,0,3,1,2,13
,2017_03143,39.778295,-104.903454,7/4/2017 1:37,1:37,12,0,2,I70 & QUEBEC STREET,1,3,0,0,1,4,0,,55,0,0,0,0,3,1,3,1
,2017_03144,39.778275,-104.896817,8/29/2017 9:08,9:08,9,0,1,I70 & I270 DIRECT CONNECT,1,1,0,0,1,4,0,,55,0,0,0,1,3,1,1,1
,2017_03145,39.777174,-104.88333,6/14/2017 14:15,14:15,12,0,1,I70 & CENTRAL PARK BOULEVARD NORTH,1,1,0,0,1,4,0,,55,0,0,0,0,3,1,2,1
,2017_03146,39.775684,-104.866389,8/4/2017 13:40,13:40,12,0,3,I70 & HAVANA STREET NORTH,1,1,0,0,1,4,0,,55,0,0,0,0,3,1,3,3
,2017_03147,39.775637,-104.865834,11/29/2017 23:50,23:50,9,0,1,I70 & HAVANA STREET NORTH,1,3,1,0,2,4,0,,55,0,0,0,0,3,1,1,5
,2017_03148,39.775573,-104.865095,1/10/2017 9:10,9:10,12,0,1,I70 & HAVANA STREET NORTH,1,1,1,0,1,4,0,,55,0,0,0,0,3,1,3,13
,2017_03150,39.773999,-104.846793,12/23/2017 22:55,22:55,12,0,1,PEORIA STREET NORTH & I70,4,3,0,2,1,4,0,,40,0,0,0,0,3,1,2,5
,2017_03151,39.773904,-104.845684,1/21/2017 11:05,11:05,5,0,1,I70 & PEORIA STREET NORTH,1,1,0,0,1,4,0,,55,0,0,0,0,3,1,2,13
,2017_03152,39.773554,-104.841617,8/19/2017 11:00,11:00,5,0,1,I70 & I225 NORTHBOUND,1,1,0,0,2,4,0,,55,0,0,0,0,3,1,1,2
,2017_03153,39.773203,-104.83755,4/18/2017 22:00,22:00,12,0,1,I70 & PEORIA STREET NORTH,1,3,0,0,1,4,0,,55,0,0,0,0,3,1,2,12
,2017_03154,39.773203,-104.83755,11/30/2017 10:54,10:54,5,0,1,I70 & PEORIA STREET NORTH,1,1,1,0,2,8,0,,55,0,0,0,0,3,1,1,10
,2017_03155,39.773044,-104.835702,1/17/2017 12:20,12:20,15,0,1,I70 WB RAMP FLYOVER & I225,1,1,1,0,1,8,0,,55,0,0,0,0,3,1,3,7
,2017_03156,39.772709,-104.83182,10/27/2017 16:03,16:03,15,0,1,I70 & I225 HIGHWAY,1,1,1,0,1,4,0,,55,0,0,0,0,3,1,2,5
,2017_03157,39.772662,-104.831265,3/30/2017 18:20,18:20,12,0,1,I70 EASTBOUND & I225 SOUTHBOUND,1,1,0,0,1,4,0,,65,0,0,0,0,3,1,2,3
,2017_03158,39.772412,-104.828689,1/1/2017 2:56,2:56,5,0,1,I70 WB RAMP FLYOVER & I225,1,3,1,0,2,8,0,,55,0,0,0,0,3,1,1,7
,2017_03189,39.738402,-104.970681,5/22/2017 4:30,4:30,6,0,0,14TH AVENUE EAST & LAYFAYETTE STREET,1,2,0,0,1,3,0,,,0,0,0,0,0,4,2,13
,2017_03197,39.672505,-104.867951,9/24/2017 13:16,13:16,3,0,1,PARKER ROAD SOUTH & HARVARD AVENUE EAST,2,1,0,1,1,1,0,,45,0,0,0,0,3,2,2,1
,2017_03198,39.697322,-104.900161,8/25/2017 16:33,16:33,12,0,1,PARKER ROAD SOUTH & QUEBEC STREET SOUTH,1,1,0,0,1,4,0,,40,0,0,0,0,3,2,2,7
,2017_03199,39.697928,-104.901807,11/7/2017 15:47,15:47,12,0,1,HIGHWAY 83 / PARKER ROAD SOUTH & QUEBEC STREET SOUTH,2,2,0,1,1,4,0,,40,0,0,0,0,3,2,2,15
,2017_03200,39.698933,-104.90447,5/15/2017 18:26,18:26,3,0,1,LEETSDALE DRIVE & QUEBEC STREET SOUTH,1,1,0,0,1,2,0,,40,0,0,0,0,3,2,2,13
,2017_03207,39.679276,-104.993072,5/29/2017 23:00,23:00,15,0,1,SANTA FE DRIVE SOUTH & EVANS AVENUE WEST,1,3,0,0,1,4,0,,45,0,0,0,0,3,2,2,8
,2017_03208,39.687439,-104.991942,9/18/2017 5:48,5:48,1,0,1,SANTA FE DRIVE SOUTH & IOWA AVENUE WEST,1,1,0,0,1,1,0,,45,0,0,0,0,3,2,3,13
,2017_03209,39.696679,-104.991877,4/30/2017 0:05,0:05,3,0,5,MISSISSIPPI AVENUE WEST & HIGHWAY 85B / PLATTE RIVER DRIVE SOUTH,2,3,0,0,1,1,0,,,0,0,0,0,3,2,3,14
,2017_03210,39.696679,-104.991877,9/3/2017 2:57,2:57,3,0,1,MISSISSIPPI AVENUE WEST & SANTA FE DRIVE SOUTH,1,3,0,0,1,1,0,,45,0,0,0,0,3,2,2,2
,2017_03218,39.735634,-105.025303,3/27/2017 18:24,18:24,15,0,1,FEDERAL BOULEVARD NORTH & HOLDEN PLACE WEST,2,1,0,1,1,1,0,,35,0,0,0,0,3,2,2,1
,2017_03219,39.721361,-105.025199,2/3/2017 20:00,20:00,6,0,1,THIRD AVENUE WEST & FEDERAL BOULEVARD NORTH,1,3,0,0,1,4,0,,35,0,0,0,0,3,2,3,10
,2017_03220,39.721361,-105.025199,9/3/2017 19:00,19:00,3,0,1,FEDERAL BOULEVARD NORTH & THIRD AVENUE WEST,1,1,0,0,1,3,0,,35,0,0,0,1,3,2,4,15
,2017_03221,39.719731,-105.025174,8/5/2017 15:19,15:19,1,0,2,SECOND AVENUE WEST & FEDERAL BOULEVARD NORTH,1,1,0,0,1,1,0,,35,0,0,0,0,3,2,2,1
,2017_03222,39.71461,-105.025281,9/3/2017 1:06,1:06,5,0,3,FEDERAL BOULEVARD & MM 1.75 APPROXIMATELY,1,3,1,0,3,4,0,,35,0,0,0,0,3,2,4,12
,2017_03223,39.710806,-105.025084,1/20/2017 2:52,2:52,5,0,1,FEDERAL BOULEVARD & 300 BLOCK SOUTH,1,3,0,0,2,4,0,,40,0,0,0,0,3,2,1,5
,2017_03224,39.707624,-105.025082,6/27/2017 16:10,16:10,3,0,1,FEDERAL BOULEVARD SOUTH & VIRGINIA AVENUE WEST,1,1,1,0,1,2,0,,40,0,0,0,1,3,2,2,7
,2017_03225,39.706614,-105.025084,5/10/2017 14:40,14:40,8,0,2,FEDERAL BOULEVARD SOUTH & CUSTER PLACE WEST,2,1,0,1,1,4,0,,40,0,0,0,0,3,2,3,1
,2017_03226,39.705748,-105.025086,5/31/2017 10:04,10:04,1,0,1,FEDERAL BOULEVARD SOUTH & CENTER AVENUE WEST ROAD EAST,1,1,1,0,1,1,0,,35,0,0,0,0,3,2,2,10
,2017_03227,39.703865,-105.025087,3/28/2017 17:28,17:28,13,0,1,EXPOSITION AVENUE WEST & FEDERAL BOULEVARD SOUTH,2,1,1,1,1,1,0,,25,0,0,0,0,3,2,2,4
,2017_03228,39.695391,-105.025066,12/10/2017 22:21,22:21,15,0,2,FEDERAL BOULEVARD SOUTH & MISSISSIPPI AVENUE WEST,1,3,0,0,1,4,0,,40,0,0,0,0,3,2,3,5
,2017_03229,39.69318,-105.025057,3/3/2017 16:10,16:10,15,0,1,FEDERAL BOULEVARD SOUTH & LOUISIANA AVENUE WEST,1,1,0,0,1,4,0,,40,0,0,0,0,3,2,4,7
,2017_03230,39.691264,-105.02505,3/23/2017 16:58,16:58,1,0,3,FEDERAL BOULEVARD SOUTH & ARKANSAS AVENUE WEST,1,1,0,0,1,1,0,,35,0,0,0,0,3,2,2,7
,2017_03231,39.688168,-105.025038,11/3/2017 15:03,15:03,10,0,1,FEDERAL BOULEVARD SOUTH & IOWA AVENUE WEST,1,1,1,0,1,2,0,,40,0,0,0,1,3,2,2,1
,2017_03232,39.682275,-105.025016,10/7/2017 14:24,14:24,1,0,1,FEDERAL BOULEVARD SOUTH & JEWELL AVENUE WEST,1,1,0,0,1,1,0,,40,0,0,0,0,3,2,2,1
,2017_03233,39.676299,-105.025048,4/10/2017 20:05,20:05,3,0,1,FEDERAL BOULEVARD 2200 BLOCK SOUTH & WARREN AVENUE WEST,1,2,0,0,1,1,0,,30,0,0,0,0,3,2,2,5
,2017_03234,39.667744,-105.025111,7/1/2017 21:20,21:20,1,0,1,FEDERAL BOULEVARD SOUTH & YALE AVENUE WEST,1,2,0,0,1,1,0,,35,0,0,0,1,3,2,2,13
,2017_03235,39.665151,-105.025141,8/23/2017 0:40,0:40,5,0,1,AMHERST AVENUE WEST  & FEDERAL BOULEVARD SOUTH,1,3,0,0,3,3,0,,40,0,0,0,0,3,2,1,9
,2017_03236,39.662075,-105.025157,7/1/2017 21:14,21:14,1,0,1,FEDERAL BOULEVARD SOUTH & CORNELL AVENUE WEST,1,3,0,0,1,1,0,,40,0,0,0,0,3,2,3,5
,2017_03249,39.657842,-105.053229,9/13/2017 14:00,14:00,3,0,1,SHERIDAN BOULEVARD SOUTH & COLUMBIA PLACE WEST,1,1,1,0,1,1,0,,25,0,0,0,0,3,2,2,7
,2017_03250,39.72375785,-104.9716102,10/1/2017 15:55,15:55,5,0,1,FIFTH AVENUE & 4800 BLOCK WEST,1,1,0,0,1,4,0,,,0,0,0,0,3,4,1,14
,2017_03251,39.692556,-105.053209,7/19/2017 18:05,18:05,1,0,1,SHERIDAN BOULEVARD SOUTH & WYOMING PLACE WEST,1,1,0,0,1,1,0,,40,0,0,0,1,3,2,2,1
,2017_03304,39.633891,-104.902769,1/18/2017 21:47,21:47,5,0,3,I225 SOUTHBOUND FLYOVER OFF SPLIT  & I25 NORTHBOUND / SOUTHBOUND RAMP SPLIT GORE POINT,1,3,0,0,3,8,0,,55,0,0,0,0,3,1,1,14
,2017_03305,39.635522,-104.893462,8/14/2017 15:44,15:44,1,0,2,TAMARAC STREET SOUTH & I225 SOUTHBOUND RAMPS,1,1,0,0,1,1,0,,35,0,0,0,0,3,1,2,1
,2017_03306,39.635522,-104.893462,11/11/2017 8:43,8:43,3,0,1,DTC BOULEVARD SOUTH & I225 SOUTH FRTG,1,1,0,0,1,1,0,,35,0,0,0,0,3,1,2,8
,2017_03307,39.639788,-104.884052,12/10/2017 16:24,16:24,12,0,1,I225 & YOSEMITE STREET SOUTH,1,1,0,0,1,4,0,,55,0,0,0,1,3,1,2,5
,2017_03321,39.77237373,-104.831162,5/5/2017 8:18,8:18,12,0,1,I225 SOUTHBOUND ON RAMP & I70 EASTBOUND EXIT GORE APPROXIMATELY,1,1,1,0,1,8,0,,65,0,0,0,0,3,1,3,13
,2017_03329,39.791145,-105.02518,9/14/2017 13:04,13:04,1,0,1,52ND AVENUE WEST & FEDERAL BOULEVARD NORTH,1,1,0,0,1,1,0,,35,0,0,0,0,3,2,2,14
,2017_03381,39.834281,-104.74685,1/3/2017 12:25,12:25,15,0,1,EAST 470 EASTBOUND ON RAMP & PENA BOULEVARD 21200 BLOCK,1,1,1,0,1,8,0,,50,0,0,0,0,3,2,2,10
,2017_03454,39.780255,-104.98916,8/3/2017 16:44,16:44,12,0,0,I25 SOUTHBOUND & I70,1,1,1,0,1,4,0,,55,0,0,0,0,0,1,2,13
,2017_03493,39.725545,-105.012704,11/5/2017 14:13,14:13,5,0,0,SIXTH AVENUE WEST & I25,1,1,1,0,3,4,0,,60,0,0,0,0,0,2,1,1
,2017_03525,39.725478,-105.013332,5/25/2017 21:30,21:30,5,0,4,I25 SOUTHBOUND ON RAMP & SIXTH AVENUE WEST,1,3,1,0,3,8,0,,60,0,0,0,0,3,1,1,5
,2017_03662,39.632192,-104.905941,6/7/2017 12:56,12:56,12,0,0,I25 NORTHBOUND & MM 200,1,1,1,0,1,4,0,,,0,0,0,0,1,1,2,13
,2017_03749,39.687264,-105.0195105,6/20/2017 23:01,23:01,5,0,1,GUNNISON DRIVE WEST & CANOSA STREET SOUTH,1,3,0,0,3,3,0,,25,0,0,0,1,3,4,1,1
,2017_03762,39.73998,-104.962333,8/31/2017 3:40,3:40,6,0,0,COLFAX AVENUE EAST & VINE NORTH 1500 BLOCK,1,3,0,0,1,4,0,,,0,0,0,0,0,2,3,13
,2017_03773,39.779919,-104.846454,1/6/2017 17:10,17:10,1,0,1,PEORIA 4600 BLOCK NORTH & 47TH AVENUE EAST,4,2,0,0,1,2,0,,35,0,0,0,0,3,4,2,13
,2017_03774,39.751002,-104.8962465,1/10/2017 18:01,18:01,3,0,1,23RD AVENUE EAST & SPRUCE STREET NORTH,1,3,0,0,1,1,0,,25,0,0,0,0,3,4,2,12
,2017_03775,39.72132,-105.032484,1/23/2017 9:58,9:58,3,0,3,THIRD AVENUE WEST & KNOX COURT NORTH,1,1,0,0,1,1,0,,25,0,0,0,0,3,4,3,9
,2017_03776,39.756987,-105.0178005,2/1/2017 19:55,19:55,8,0,3,SPEER BOULEVARD NORTH & ALCOTT STREET NORTH,5,3,1,1,1,4,0,,35,0,0,0,0,3,4,5,14
,2017_03777,39.776427,-104.8469535,2/4/2017 12:55,12:55,12,0,1,PEORIA STREET NORTH & 44TH AVENUE EAST,1,1,0,0,1,1,0,,40,0,0,0,1,3,4,2,13
,2017_03778,39.750705,-104.9609925,2/5/2017 10:25,10:25,12,0,2,23RD AVENUE EAST & GAYLORD STREET NORTH,1,1,0,0,1,4,0,,30,0,0,0,0,3,4,4,14
,2017_03779,39.684987,-104.9035905,2/7/2017 9:20,9:20,12,0,1,QUEBEC STREET SOUTH & CHERRY CREEK SOUTH DRIVE EAST,1,1,0,0,1,4,0,,35,0,0,0,0,3,4,3,16
,2017_03780,39.763224,-105.015861,2/17/2017 18:15,18:15,3,0,1,ZUNI STREET NORTH & 33RD AVENUE WEST,1,3,0,7,1,1,0,,30,0,0,0,1,3,4,2,16
,2017_03781,39.73842,-104.9787315,2/25/2017 2:25,2:25,3,0,1,14TH AVENUE EAST & WASHINGTON STREET NORTH,1,3,0,0,1,1,0,,30,0,0,0,0,3,4,3,13
,2017_03782,39.758265,-104.975262,2/27/2017 9:42,9:42,3,0,1,30TH STREET & CALIFORNIA STREET,1,1,0,7,1,1,0,,25,0,0,0,0,3,4,2,16
,2017_03783,39.761838,-104.929371,3/2/2017 20:08,20:08,3,0,1,ELM STREET NORTH & MLK BOULEVARD EAST,1,3,0,0,1,1,0,,30,0,0,0,0,3,4,2,16
,2017_03784,39.775464,-105.0017535,3/3/2017 12:41,12:41,3,0,2,43RD AVENUE WEST & LIPAN STREET NORTH,1,1,0,0,1,1,0,,25,0,0,0,0,3,4,2,7
,2017_03785,39.667725,-105.041763,3/4/2017 20:15,20:15,3,0,1,YALE AVENUE WEST & RALEIGH STREET SOUTH,1,3,0,0,1,1,0,,25,0,0,0,0,3,4,2,5
,2017_03786,39.768057,-105.0158565,3/5/2017 2:35,2:35,3,0,4,37TH AVENUE WEST & ZUNI STREET NORTH,1,3,0,0,1,1,0,,30,0,0,0,0,3,4,2,8
,2017_03787,39.658473,-105.0452325,3/14/2017 16:20,16:20,12,0,1,DARTMOUTH AVENUE WEST & UTICA STREET SOUTH,1,1,0,0,1,4,0,,30,0,0,0,0,3,4,2,12
,2017_03788,39.70881,-105.0362235,3/19/2017 20:00,20:00,3,0,1,MEADES STREET SOUTH & MORRISON ROAD,1,3,0,0,1,1,0,,35,0,0,0,1,3,4,2,15
,2017_03789,39.724137,-104.986314,3/20/2017 6:06,6:06,3,0,1,FIFTH AVENUE EAST & LINCOLN STREET NORTH,1,3,0,7,1,1,0,,25,0,0,0,1,3,4,2,1
,2017_03790,39.743235,-104.967225,3/23/2017 18:16,18:16,3,0,1,GILPIN STREET NORTH & 17TH AVENUE EAST,1,1,0,0,1,1,0,,25,0,0,0,1,3,4,2,14
,2017_03791,39.76011,-104.899023,4/1/2017 15:23,15:23,3,0,1,MLK BOULEVARD EAST & SYRACUSE STREET NORTH,1,1,0,0,1,1,0,,35,0,0,0,0,3,4,2,13
,2017_03792,39.661128,-104.912991,4/2/2017 12:16,12:16,10,0,2,MONACO STREET SOUTH & CARTER CIRCLE EAST,1,1,0,0,1,1,0,,35,0,0,0,0,3,4,2,13
,2017_03793,39.738393,-104.973048,4/5/2017 7:05,7:05,12,0,1,14TH AVENUE EAST & DOWNING STREET NORTH,1,1,0,0,1,3,0,,30,0,0,0,0,3,4,2,13
,2017_03794,39.758418,-105.0181515,4/7/2017 10:53,10:53,3,0,1,29TH AVENUE WEST & FIRTH COURT NORTH,1,1,0,0,1,1,0,,35,0,0,0,1,3,4,2,8
,2017_03795,39.714651,-104.949972,4/7/2017 21:45,21:45,12,0,2,STEELE STREET SOUTH & BAYAUD AVENUE EAST,1,3,0,0,1,4,0,,30,0,0,0,0,3,4,2,1
,2017_03796,39.747429,-104.897574,4/8/2017 0:24,0:24,5,0,1,MONTVIEW AVENUE 7900 BLOCK EAST & SPRUCE STREET NORTH,1,3,0,0,1,4,0,,30,0,0,0,0,3,4,1,14
,2017_03797,39.744657,-104.9963625,4/10/2017 1:21,1:21,3,0,2,14TH STREET & CHAMPA STREET,1,3,0,0,1,1,0,,30,0,0,0,0,3,4,2,12
,2017_03798,39.798234,-104.7721815,4/11/2017 22:34,22:34,1,0,1,56TH AVENUE EAST & TOWER ROAD NORTH,1,3,1,0,1,1,0,,45,0,0,0,0,3,4,2,13
,2017_03799,39.770514,-105.0112035,4/13/2017 15:43,15:43,3,0,3,39TH AVENUE WEST & TEJON STREET NORTH,1,1,1,0,1,1,0,,25,0,0,0,0,3,4,3,9
,2017_03800,39.765726,-104.9948415,4/16/2017 3:12,3:12,3,0,2,PARK AVENUE WEST & GLOBEVILLE ROAD,1,2,0,0,1,1,0,,35,0,0,0,0,3,4,2,5
,2017_03801,39.783816,-104.7816855,4/20/2017 19:55,19:55,14,0,3,GREEN VALLEY RANCH BOULEVARD EAST & TELLURIDE STREET NORTH,2,3,0,1,1,4,0,,40,0,0,0,0,3,4,3,14
,2017_03802,39.7013317,-105.0471165,4/21/2017 7:19,7:19,3,0,1,MORRISON ROAD & ADA PLACE WEST,1,1,0,0,1,1,0,,25,0,0,0,0,3,4,2,7
,2017_03803,39.757599,-104.8591305,4/24/2017 7:20,7:20,12,0,1,KINGSTON STREET NORTH & HAVANA WAY,1,1,0,0,1,1,0,,30,0,0,0,0,3,4,2,12
,2017_03804,39.678462,-104.9976135,4/25/2017 15:15,15:15,12,0,1,EVANS AVENUE WEST & PLATTE RIVER DRIVE SOUTH,1,1,1,7,1,1,0,,35,0,0,0,0,3,4,2,3
,2017_03805,39.72627,-105.0002055,4/30/2017 0:39,0:39,12,0,3,SIXTH AVENUE & KALAMATH STREET NORTH,5,3,0,0,1,4,0,,35,0,0,0,0,3,4,3,14
,2017_03806,39.678363,-104.959404,5/3/2017 16:53,16:53,12,0,1,EVANS AVENUE 2100 BLOCK EAST & UNIVERSITY BOULEVARD SOUTH,1,1,0,0,1,4,0,,35,0,0,0,0,3,4,4,14