id,drcog_id,latitude,longitude,crashtime,time,crashtype,numbkilled,numbinjurd,drcoglocat,rdconditin,lightngcon,roadcntgrd,weatherco,location,roaddescrp,constrzone,schoolzone,splimit,bikeinv,pedinv,sctrinv,motoinv,svrty,rdsystem,ttlvehcls,hcf
,2017_03807,39.66273,-105.0792525,5/5/2017 23:38,23:38,14,0,1,WEBSTER STREET SOUTH JCT OF & DARTMOUTH AVENUE WEST,1,3,0,0,1,3,0,,60,0,0,0,0,3,4,2,5
,2017_03808,39.73869,-104.889384,5/9/2017 8:19,8:19,3,0,1,14TH AVENUE EAST & WABASH STREET NORTH,1,1,0,0,1,1,0,,25,0,0,0,0,3,4,3,13
,2017_03809,39.796245,-104.798457,5/13/2017 21:10,21:10,1,0,1,MAXWELL PLACE EAST & LAREDO WAY NORTH,1,4,0,0,1,1,0,,25,0,0,0,1,3,4,2,13
,2017_03810,39.627999,-104.899941,5/21/2017 0:10,0:10,5,0,3,UNION AVENUE EAST & SYRACUSE STREET SOUTH,1,3,0,0,3,4,0,,35,0,0,0,0,3,4,1,1
,2017_03811,39.783771,-104.8096575,5/20/2017 11:35,11:35,1,0,1,CHAMBERS ROAD NORTH & GREEN VALLEY RANCH BOULEVARD,1,1,0,0,1,1,0,,40,0,0,0,0,3,4,2,14
,2017_03812,39.77208923,-104.9765841,5/23/2017 7:33,7:33,1,0,1,BRIGHTON BOULEVARD NORTH & 45TH AVENUE EAST,1,1,0,0,1,1,0,,40,0,0,0,0,3,4,2,13
,2017_03813,39.679578,-105.044094,5/23/2017 13:46,13:46,12,0,1,EVANS AVENUE WEST & TENNYSON STREET SOUTH,1,1,0,0,1,1,0,,30,0,0,0,0,3,4,2,3
,2017_03814,39.69855,-105.05079,5/23/2017 16:26,16:26,10,0,1,MORRISON ROAD & YATES STREET SOUTH,1,1,1,0,1,4,0,,30,0,0,0,0,3,4,2,3
,2017_03815,39.738672,-104.8846635,5/24/2017 22:45,22:45,12,0,1,YOSEMITE STREET NORTH & 14TH AVENUE EAST,1,3,0,0,1,1,0,,30,0,0,0,0,3,4,2,2
,2017_03816,39.718368,-104.907834,5/26/2017 16:21,16:21,1,0,1,FIRST AVENUE EAST & ONEIDA COURT NORTH,1,1,0,0,1,1,0,,30,0,0,0,0,3,4,2,13
,2017_03817,39.782385,-104.847093,5/27/2017 11:50,11:50,5,0,1,PEORIA STREET NORTH & 47TH AVENUE EAST,1,1,0,0,3,4,0,,45,0,0,0,0,3,4,1,5
,2017_03818,39.711204,-104.9222835,5/28/2017 18:14,18:14,8,0,1,ALAMEDA AVENUE EAST & HOLLY STREET SOUTH,1,1,0,0,6,1,0,,25,0,0,0,0,3,4,2,10
,2017_03819,39.6927,-104.976954,5/30/2017 13:27,13:27,3,0,1,EMERSON STREET SOUTH & BUCHTEL BOULEVARD EAST,1,1,0,0,1,1,0,,25,0,0,0,0,3,4,2,14
,2017_03820,39.75417,-104.9893335,6/1/2017 10:08,10:08,3,0,2,LAWRENCE STREET & 22ND STREET,1,1,0,0,1,1,0,,30,0,0,0,0,3,4,5,3
,2017_03821,39.681288,-104.9508315,6/13/2017 9:27,9:27,3,0,1,STREET PAUL STREET SOUTH & BUCHTEL BOULEVARD EAST,1,1,0,0,1,1,0,,25,0,0,0,0,3,4,2,13
,2017_03822,39.825126,-104.6915235,6/15/2017 16:07,16:07,1,0,2,JACKSON GAP STREET NORTH & 71ST AVENUE EAST,1,1,0,0,1,1,0,,45,0,0,0,0,3,4,2,1
,2017_03823,39.744495,-104.991291,6/18/2017 9:27,9:27,12,0,2,WELTON STREET & 16TH STREET,1,1,0,0,1,4,0,,25,0,0,0,0,3,4,2,13
,2017_03825,39.762,-104.912865,6/21/2017 12:28,12:28,1,0,1,MLK BOULEVARD & MONACO STREET NORTH,1,1,0,0,1,1,0,,30,0,0,0,0,3,4,2,8
,2017_03826,39.783357,-104.8466025,6/21/2017 18:55,18:55,1,0,1,ALBROOK DRIVE 12300 BLOCK EAST & PEORIA STREET NORTH,1,1,0,0,1,2,0,,25,0,0,0,0,3,4,3,7
,2017_03827,39.76695,-104.959764,6/22/2017 16:55,16:55,3,0,1,YORK STREET NORTH & 36TH AVENUE EAST,1,1,1,0,1,1,0,,35,0,0,0,0,3,4,3,13
,2017_03828,39.825126,-104.6915235,6/27/2017 22:40,22:40,3,0,1,JACKSON GAP STREET AT EAST 71ST A & 71ST AVENUE EAST,1,3,0,0,1,1,0,,35,0,0,0,0,3,4,2,13
,2017_03829,39.7873935,-104.9866583,7/6/2017 12:05,12:05,5,0,1,LINCOLN STREET / LEAF COURT ALLEY & 49TH AVENUE EAST,1,5,0,0,1,4,0,,10,0,0,0,0,3,4,1,14
,2017_03830,39.735621,-104.9034645,7/8/2017 22:49,22:49,3,0,4,12TH AVENUE EAST & QUEBEC STREET NORTH,1,3,1,0,1,1,0,,25,0,0,0,0,3,4,2,13
,2017_03831,39.638619,-104.9040945,7/10/2017 23:29,23:29,3,0,1,QUEBEC STREET SOUTH & QUINCY AVENUE EAST,1,3,0,0,1,1,0,,40,0,0,0,1,3,4,2,5
,2017_03832,39.689217,-105.0003,7/26/2017 19:10,19:10,3,0,1,FLORIDA AVENUE WEST & PLATTE RIVER DRIVE SOUTH,2,2,1,0,1,1,0,,30,0,0,0,0,3,4,2,13
,2017_03833,39.687543,-104.9875245,7/27/2017 13:19,13:19,1,0,1,IOWA AVENUE EAST & BROADWAY STREET SOUTH,1,1,0,0,1,1,0,,25,0,0,0,1,3,4,2,7
,2017_03834,39.738402,-104.970681,7/28/2017 21:49,21:49,3,0,1,14TH AVENUE EAST & LAFAYETTE STREET NORTH,1,3,0,0,1,1,0,,,0,0,0,0,3,4,4,9
,2017_03835,39.638583,-105.0347025,7/29/2017 13:49,13:49,3,0,1,LOWELL BOULEVARD SOUTH & QUINCY AVENUE WEST,1,1,0,0,1,1,0,,30,0,0,0,0,3,4,2,4
,2017_03836,39.740022,-105.000192,7/31/2017 13:18,13:18,1,0,1,COLFAX AVENUE WEST & KALAMATH STREET NORTH,1,1,0,0,1,2,0,,30,0,0,0,1,3,4,2,13
,2017_03837,39.679155,-105.0500205,8/2/2017 14:00,14:00,3,0,1,EVANS AVENUE WEST & XAVIER STREET SOUTH,1,1,0,0,1,1,0,,25,0,0,0,1,3,4,2,1
,2017_03838,39.729222,-104.931612,8/9/2017 7:24,7:24,12,0,1,EIGHTH AVENUE EAST & DAHLIA STREET NORTH,1,1,0,0,1,1,0,,30,0,0,0,0,3,4,2,7
,2017_03839,39.678489,-104.9687415,8/9/2017 18:23,18:23,3,0,1,EVANS AVENUE EAST & FRANKLIN STREET SOUTH,1,2,0,0,1,1,0,,30,0,0,0,0,3,4,2,14
,2017_03840,39.72627,-105.0002055,8/9/2017 20:39,20:39,3,0,2,SIXTH AVENUE WEST & KALAMATH STREET NORTH,1,3,0,0,1,1,0,,35,0,0,0,0,3,4,4,13
,2017_03841,39.693006,-104.9804415,8/13/2017 14:00,14:00,15,0,1,PEARL STREET 1200 BLOCK SOUTH & LOUISIANA AVENUE EAST,1,1,0,7,1,4,0,,30,0,0,0,1,3,4,2,16
,2017_03842,39.838023,-104.7097305,8/17/2017 21:18,21:18,1,0,1,78TH AVENUE 24000 BLOCK EAST & CALAWBA STREET,1,3,0,0,1,1,0,,45,0,0,0,0,3,4,3,1
,2017_03843,39.77614197,-104.8469535,9/2/2017 20:25,20:25,5,0,1,PEORIA STREET NORTH & 5200 BLOCK,1,4,0,0,3,4,0,,45,0,0,0,0,3,4,1,5
,2017_03844,39.713508,-104.998284,8/28/2017 16:05,16:05,12,0,1,SANTA FE DRIVE 200 BLOCK SOUTH & CEDAR AVENUE WEST,1,1,0,7,1,3,0,,35,0,0,0,0,3,4,2,3
,2017_03845,39.776427,-104.8469535,9/5/2017 16:20,16:20,1,0,1,44TH AVENUE EAST & PEORIA STREET NORTH,1,1,0,0,1,2,0,,35,0,0,0,0,3,4,2,14
,2017_03846,39.798396,-104.786415,9/5/2017 20:27,20:27,12,0,1,56TH AVENUE EAST & PENA BOULEVARD,1,3,0,0,1,4,0,,65,0,0,0,1,3,4,2,3
,2017_03847,39.667626,-104.912964,9/10/2017 0:18,0:18,1,0,1,YALE AVENUE EAST & MONACO STREET SOUTH,1,3,0,0,1,1,0,,30,0,0,0,0,3,4,2,5
,2017_03848,39.711186,-104.892912,9/11/2017 15:36,15:36,1,0,1,ALAMEDA AVENUE EAST & FAIRMONT DRIVE SOUTH,1,1,0,0,1,1,0,,30,0,0,0,0,3,4,2,1
,2017_03849,39.705525,-105.040863,9/12/2017 20:29,20:29,1,0,1,MORRISON ROAD & QUITMAN STREET SOUTH,1,3,0,0,1,1,0,,25,0,0,0,1,3,4,2,14
,2017_03850,39.741678,-104.982354,9/14/2017 12:10,12:10,10,0,1,LOGAN STREET NORTH & 16TH AVENUE EAST,1,1,0,0,1,1,0,,30,0,0,0,0,3,4,2,8
,2017_03851,39.73204643,-104.8999005,9/14/2017 19:22,19:22,5,0,1,ROSEMARY STREET NORTH & 4080 BLOCK,1,4,0,0,3,4,0,,25,0,0,0,0,3,4,1,12
,2017_03852,39.684978,-105.0401205,9/22/2017 2:00,2:00,1,0,1,MEXICO AVENUE WEST & PERRY STREET SOUTH,1,3,0,0,1,1,0,,,0,0,0,0,3,4,2,13
,2017_03853,39.725622,-104.977566,9/22/2017 7:02,7:02,3,0,1,SIXTH AVENUE EAST & CLARKSON STREET NORTH,1,1,0,7,1,1,0,,30,0,0,0,0,3,4,2,16
,2017_03854,39.729078,-104.982408,9/26/2017 13:45,13:45,15,0,1,LOGAN STREET NORTH & EIGHTH AVENUE EAST,1,1,1,0,1,1,0,,30,0,0,0,0,3,4,2,13
,2017_03855,39.776427,-104.8469535,9/27/2017 12:30,12:30,1,0,1,PEORIA STREET NORTH & 44TH AVENUE EAST,1,1,0,0,1,1,0,,40,0,0,0,0,3,4,2,14
,2017_03856,39.678678,-105.0180255,9/28/2017 20:52,20:52,3,0,1,EVANS AVENUE WEST & BRYANT STREET SOUTH,1,3,0,0,1,1,0,,25,0,0,0,0,3,4,5,7
,2017_03857,39.75822,-104.973363,7/30/2017 16:19,16:19,5,0,1,29TH AVENUE EAST & DOWNING STREET NORTH,1,1,0,0,2,1,0,,25,0,0,0,1,3,4,1,13
,2017_03858,39.741948,-104.8846725,9/29/2017 5:02,5:02,3,0,2,16TH AVENUE EAST & YOSEMITE STREET NORTH,1,3,0,0,1,1,0,,30,0,0,0,0,3,4,2,1
,2017_03859,39.746547,-105.0076035,9/29/2017 9:29,9:29,1,0,3,AURARIA PARKWAY & NINTH STREET,1,1,0,0,1,1,0,,35,0,0,0,0,3,4,2,2
,2017_03860,39.743397,-104.9389335,9/30/2017 14:15,14:15,5,0,1,17TH AVENUE & ALBION APPROXIMATELY,1,1,0,0,2,1,0,,30,0,0,0,0,3,4,1,1
,2017_03861,39.788532,-104.828274,10/1/2017 10:35,10:35,3,0,2,51ST AVENUE EAST & CROWN BOULEVARD NORTH,1,1,0,0,1,1,0,,,0,0,0,0,3,4,2,13
,2017_03862,39.789279,-104.8471785,10/3/2017 14:14,14:14,3,0,3,PEORIA STREET NORTH & 51ST AVENUE WEST,1,1,0,0,1,1,0,,40,0,0,0,0,3,4,3,13
,2017_03863,39.743955,-105.0268455,10/4/2017 19:20,19:20,3,0,1,17TH AVENUE WEST & GROVE STREET NORTH,1,3,0,0,1,3,0,,30,0,0,0,0,3,4,2,1
,2017_03864,39.738465,-104.996502,10/7/2017 12:55,12:55,10,0,1,GALAPAGO STREET NORTH & 14TH AVENUE WEST,1,1,0,0,1,2,0,,30,0,0,0,1,3,4,2,8
,2017_03865,39.667473,-104.9272425,10/8/2017 16:49,16:49,15,0,1,YALE AVENUE EAST & GLENCOE STREET SOUTH,1,1,0,0,1,4,0,,35,0,0,0,0,3,4,3,5
,2017_03866,39.736845,-104.98617,10/8/2017 17:43,17:43,3,0,1,13TH AVENUE EAST & LINCOLN STREET NORTH,1,1,0,0,1,1,0,,45,0,0,0,0,3,4,4,14
,2017_03867,39.71835,-104.9745915,10/13/2017 1:34,1:34,5,0,2,SPEER BOULEVARD EAST & CORONA STREET NORTH,1,3,0,0,2,4,0,,30,0,0,0,0,3,4,1,5
,2017_03868,39.738366,-104.9562765,10/20/2017 7:10,7:10,13,0,1,14TH AVENUE EAST & ELIZABETH STREET NORTH,1,1,0,0,1,1,0,,30,0,0,0,0,3,4,2,13
,2017_03869,39.765726,-104.9948415,10/21/2017 1:33,1:33,1,0,1,BROADWAY STREET NORTH & PARK AVENUE WEST,1,3,0,0,1,1,0,,30,0,0,0,1,3,4,2,5
,2017_03870,39.787425,-105.034563,10/22/2017 0:07,0:07,5,0,1,LOWELL BOULEVARD NORTH & 50TH AVENUE WEST,1,3,0,0,1,1,0,,35,0,0,0,0,3,4,1,14
,2017_03871,39.713004,-105.021495,10/23/2017 17:50,17:50,14,0,1,DALE COURT SOUTH & CEDAR AVENUE WEST,1,2,0,0,1,3,0,,25,0,0,0,0,3,4,2,1
,2017_03872,39.689325,-104.8967235,10/25/2017 11:48,11:48,3,0,1,QUEBEC WAY SOUTH & FLORIDA AVENUE EAST,1,1,1,0,1,1,0,,30,0,0,0,1,3,4,2,13
,2017_03873,39.767346,-104.8905135,11/1/2017 15:55,15:55,12,0,2,36TH AVENUE EAST & CENTRAL PARK BOULEVARD NORTH,1,1,0,0,1,4,0,,35,0,0,0,0,3,4,3,1
,2017_03874,39.668535,-105.022764,11/11/2017 16:06,16:06,9,0,1,COLLEGE AVENUE 2700 BLOCK WEST & DECATUR STREET SOUTH,1,1,0,0,1,3,0,,25,0,0,0,1,3,4,1,1
,2017_03875,39.74000184,-104.9685735,11/16/2017 8:56,8:56,8,0,2,PARK AVENUE 1500 BLOCK & 16TH AVENUE EAST,1,1,0,0,1,4,0,,30,0,0,0,0,3,4,2,13
,2017_03876,39.707064,-104.8854105,11/17/2017 12:38,12:38,12,0,1,ALAMEDA AVENUE EAST & XENIA STREET SOUTH,1,1,0,0,1,4,0,,35,0,0,0,0,3,4,2,3
,2017_03877,39.711555,-104.947092,11/22/2017 3:15,3:15,5,0,2,CHERRY CREEK NORTH DRIVE EAST & ALAMEDA AVENUE EAST,1,3,0,0,3,4,0,,30,0,0,0,0,3,4,1,5
,2017_03878,39.767436,-104.900841,11/22/2017 22:45,22:45,3,0,1,36TH AVENUE EAST & ROSLYN STREET NORTH,1,3,0,0,1,1,0,,25,0,0,0,0,3,4,2,13
,2017_03879,39.720924,-104.933925,11/23/2017 0:51,0:51,6,0,1,THIRD AVENUE 4600 BLOCK EAST & CHERRY STREET NORTH,1,3,0,0,1,1,0,,25,0,0,0,0,3,4,4,5
,2017_03880,39.825486,-104.7719655,11/23/2017 0:55,0:55,1,0,2,71ST AVENUE EAST & TOWER ROAD NORTH,1,3,0,0,1,1,0,,40,0,0,0,0,3,4,2,13
,2017_03881,39.745935,-104.973381,11/24/2017 18:39,18:39,5,0,1,19TH AVENUE EAST & DOWNING STREET NORTH,1,3,0,0,3,3,0,,30,0,0,0,0,3,4,1,14
,2017_03882,39.738492,-105.0052725,11/29/2017 14:12,14:12,10,0,1,OSAGE STREET NORTH & 14TH AVENUE WEST,1,1,1,0,1,4,0,,30,0,0,0,0,3,4,2,13
,2017_03883,39.689334,-104.912901,12/1/2017 10:43,10:43,1,0,1,MONACO STREET SOUTH & FLORIDA AVENUE EAST,1,1,0,0,1,1,0,,30,0,0,0,0,3,4,2,8
,2017_03884,39.834405,-104.715504,12/18/2017 13:09,13:09,9,0,3,PENA BOULEVARD & GUN CLUB ROAD NORTH,1,1,1,0,1,4,0,,65,0,0,0,0,3,4,1,16
,2017_03885,39.678678,-105.0180255,12/2/2017 3:10,3:10,3,0,1,EVANS AVENUE WEST & BRYANT STREET SOUTH,1,3,0,0,1,3,0,,,0,0,0,0,3,4,2,5
,2017_03886,39.65175,-105.053202,12/6/2017 0:55,0:55,9,0,1,HAMPDEN SOUTH FRTG WEST  & SHERIDAN BOULEVARD SOUTH,1,2,1,0,1,4,0,,35,0,0,0,1,3,4,1,7
,2017_03887,39.624192,-104.89473,12/6/2017 8:14,8:14,1,0,1,BELLEVIEW AVENUE EAST & ULSTER STREET SOUTH,1,1,0,0,1,2,0,,35,0,0,0,0,3,4,2,1
,2017_03888,39.71835,-104.9862735,12/6/2017 13:40,13:40,3,0,1,FIRST AVENUE EAST & LINCOLN STREET NORTH,1,1,0,0,1,1,0,,30,0,0,0,0,3,4,2,13
,2017_03889,39.77523,-104.9269815,12/9/2017 19:59,19:59,5,0,3,SMITH ROAD EAST & FOREST STREET NORTH,1,3,0,0,4,1,0,,25,0,0,0,0,3,4,1,5
,2017_03891,39.760731,-104.9659515,12/15/2017 18:19,18:19,3,0,1,31ST AVENUE EAST & WILLIAMS STREET NORTH,1,3,3,0,1,1,0,,35,0,0,0,0,3,4,2,14
,2017_03892,39.774636,-104.7720825,12/19/2017 10:20,10:20,3,0,1,43RD AVENUE EAST & TOWER ROAD NORTH,1,1,0,0,1,3,0,,25,0,0,0,0,3,4,2,13
,2017_03893,39.676662,-105.0017625,12/22/2017 8:22,8:22,12,0,1,LIPAN STREET SOUTH & WARREN AVENUE WEST,2,1,0,0,1,4,0,,25,0,0,0,0,3,4,3,10
,2017_03894,39.718152,-105.0263325,1/2/2017 0:52,0:52,6,0,1,FIRST AVENUE 3000 BLOCK WEST & GROVE STREET NORTH,1,4,0,0,1,4,0,,30,0,0,0,0,3,4,2,3
,2017_03895,39.738681,-104.904612,7/8/2017 18:49,18:49,3,0,1,14TH AVENUE EAST & POPLAR STREET NORTH,1,1,0,0,1,1,0,,,0,0,0,0,3,4,3,13
,2017_03896,39.758247,-104.872618,3/29/2017 22:09,22:09,9,0,1,29TH AVENUE & 3975 WEST,1,3,0,0,2,3,0,,25,0,0,0,0,3,4,1,5
,2017_03897,39.744846,-104.9734035,1/1/2017 20:39,20:39,3,0,1,18TH AVENUE EAST & DOWNING STREET NORTH,1,3,0,7,1,1,0,,30,0,0,0,0,3,4,2,16
,2017_03898,39.751002,-104.903442,8/10/2017 11:16,11:16,3,0,2,23RD AVENUE EAST & QUEBEC STREET NORTH,1,1,0,0,1,1,0,,35,0,0,0,0,3,4,3,3
,2017_03899,39.776427,-104.8469535,3/7/2017 14:56,14:56,3,0,1,44TH AVENUE EAST & PEORIA STREET NORTH,1,1,0,0,1,1,0,,40,0,0,0,0,3,4,2,13
,2017_03900,39.765726,-104.9948415,3/3/2017 14:57,14:57,8,0,2,BROADWAY STREET NORTH & PARK AVENUE WEST,1,1,0,0,1,3,0,,30,0,0,0,0,3,4,2,1
,2017_03901,39.711105,-104.9769135,4/16/2017 12:00,12:00,3,0,1,EMERSON STREET SOUTH & ALAMEDA AVENUE EAST,1,1,1,0,1,1,0,,,0,0,0,0,3,4,2,13
,2017_03902,39.783609,-104.7913916,7/22/2017 11:30,11:30,3,0,1,GREEN VALLEY RANCH BOULEVARD EAST & PENA BOULEVARD,1,1,0,0,1,1,0,,35,0,0,0,0,3,4,2,1
,2017_03903,39.788082,-104.8033035,5/28/2017 1:32,1:32,6,0,1,JASPER STREET NORTH & KALISPELL STREET NORTH,1,3,1,0,1,1,0,,25,0,0,0,0,3,4,3,5
,2017_03904,39.733686,-105.001614,4/6/2017 8:09,8:09,13,0,1,LIPAN STREET 1150 NORTH & 11TH AVENUE WEST,1,1,0,0,1,4,0,,,0,0,0,0,3,4,2,13
,2017_03905,39.767625,-105.036984,1/27/2017 21:10,21:10,6,0,1,NEWTON STREET NORTH & 37TH AVENUE WEST,1,4,0,0,1,4,0,,25,0,0,0,1,3,4,3,13
,2017_03906,39.765726,-104.9948415,5/3/2017 22:57,22:57,1,0,1,PARK AVENUE WEST & BROADWAY STREET NORTH,1,3,0,0,1,1,0,,40,0,0,0,1,3,4,2,13
,2017_03907,39.751056,-104.9828805,4/28/2017 22:24,22:24,3,0,1,PARK AVENUE WEST & WELTON STREET,2,3,0,2,1,1,0,,,0,0,0,0,3,4,2,5
,2017_03908,39.83346903,-104.692932,7/26/2017 16:40,16:40,15,0,1,PENA BOULEVARD 25200 BLOCK & JACKSON GAP STREET,1,1,0,0,1,4,0,,,0,0,0,1,3,4,2,13
,2017_03909,39.771063,-104.8470435,1/6/2017 14:55,14:55,12,0,1,PEORIA STREET NORTH & 39TH AVENUE EAST,2,1,0,7,1,4,0,,45,0,0,0,0,3,4,2,4
,2017_03910,39.784005,-104.84712,1/7/2017 14:10,14:10,3,0,1,PEORIA STREET 4700 BLOCK NORTH & ALBROOK DRIVE EAST,2,1,0,0,1,2,0,,15,0,0,0,0,3,4,2,13
,2017_03911,39.638565,-105.0460023,9/17/2017 19:40,19:40,9,0,1,QUINCY AVENUE WEST & 5300 BLOCK WEST,1,3,0,0,1,4,0,,30,0,0,0,1,3,4,1,1
,2017_03912,39.711077,-105.025075,4/7/2017 16:30,16:30,11,0,0,ALAMEDA AVENUE WEST & FEDERAL BOULEVARD SOUTH,1,1,0,1,1,1,0,,35,0,1,0,0,0,2,2,13
,2017_03913,39.750192,-105.0047415,1/1/2017 10:47,10:47,3,0,1,SPEER BOULEVARD NORTH & WEWATTA STREET,1,1,0,0,1,1,0,,,0,0,0,0,3,4,2,14
,2017_03914,39.718152,-105.0469605,8/8/2017 20:33,20:33,3,0,1,WINONA COURT NORTH & FIRST AVENUE WEST,2,3,0,1,1,1,0,,30,0,0,0,0,3,4,2,1
,2017_03915,39.741597,-104.9598135,9/22/2017 11:55,11:55,5,0,1,YORK STREET NORTH & 16TH AVENUE EAST,1,1,0,0,3,1,0,,35,0,0,0,0,3,4,1,13
,2017_03917,39.640392,-104.88519,1/7/2017 11:42,11:42,12,0,2,YOSEMITE STREET SOUTH & OXFORD AVENUE EAST,1,1,0,7,1,3,0,,60,0,0,0,0,3,4,3,4
,2017_03924,39.667966,-104.940606,2/18/2017 15:30,15:30,11,0,1,COLORADO BOULEVARD SOUTH & YALE AVENUE EAST,1,1,0,0,1,3,0,,40,0,1,0,0,2,2,2,7
,2017_03926,39.67843,-104.940638,7/20/2017 22:53,22:53,11,0,0,EVANS AVENUE EAST & COLORADO BOULEVARD SOUTH,1,3,0,0,1,1,0,,,0,1,0,0,1,2,2,13
,2017_03927,39.681363,-104.940418,5/5/2017 17:57,17:57,11,0,1,COLORADO BOULEVARD SOUTH & COLORADO CENTER DRIVE EAST,1,1,1,0,1,4,0,,30,0,1,0,0,2,2,2,13
,2017_03928,39.685533,-104.940543,3/30/2017 21:35,21:35,11,0,1,COLORADO BOULEVARD SOUTH & MEXICO AVENUE EAST,1,3,0,0,1,1,0,,30,0,1,0,0,2,2,2,13
,2017_03929,39.692854,-104.940549,4/25/2017 20:10,20:10,11,0,0,COLORADO BOULEVARD SOUTH & LOUISIANA AVENUE EAST,2,3,0,1,1,1,0,,,0,1,0,0,1,2,2,13
,2017_03930,39.692854,-104.940549,10/20/2017 21:34,21:34,11,0,0,COLORADO BOULEVARD SOUTH & LOUISIANA AVENUE EAST,1,3,0,0,1,1,0,,35,0,1,0,0,1,2,2,1
,2017_03932,39.719664,-104.940609,4/2/2017 13:20,13:20,11,0,0,COLORADO BOULEVARD NORTH & FIRST AVENUE EAST,1,1,0,0,1,1,0,,,0,1,0,0,1,2,2,13
,2017_03933,39.738485,-104.940602,12/12/2017 17:54,17:54,11,0,0,COLORADO BOULEVARD NORTH & 14TH AVENUE EAST,1,3,0,0,1,1,0,,30,0,1,0,0,1,2,2,1
,2017_03934,39.726959,-104.940606,9/9/2017 12:30,12:30,11,0,1,COLORADO BOULEVARD NORTH & SEVENTH AVENUE,1,1,0,0,1,1,0,,25,0,1,0,0,2,2,2,14
,2017_03935,39.740236,-104.940601,8/5/2017 20:55,20:55,11,0,1,COLORADO BOULEVARD NORTH & COLFAX AVENUE EAST,1,3,0,0,1,1,0,,,0,1,0,0,2,2,2,13
,2017_03936,39.740236,-104.940601,10/19/2017 17:46,17:46,11,0,1,COLORADO BOULEVARD NORTH & COLFAX AVENUE EAST,1,1,0,0,1,1,0,,35,0,1,0,0,2,2,2,13
,2017_03937,39.740382,-104.940601,8/28/2017 8:05,8:05,11,0,0,COLORADO BOULEVARD NORTH & COLFAX AVENUE EAST,1,1,0,0,1,3,0,,,0,1,0,0,1,2,2,13
,2017_03938,39.761914,-104.940511,10/30/2017 18:39,18:39,11,0,1,COLORADO BOULEVARD NORTH & MLK BOULEVARD EAST,1,3,0,0,1,1,0,,,0,1,0,0,2,2,2,13
,2017_03939,39.77302,-104.940511,7/12/2017 21:13,21:13,11,0,0,40TH AVENUE EAST & COLORADO BOULEVARD NORTH,1,3,0,0,1,1,0,,,0,1,0,0,1,2,2,13
,2017_03940,39.764528,-104.940501,9/9/2017 7:58,7:58,11,0,0,COLORADO BOULEVARD NORTH & BRUCE RANDOLPH AVENUE EAST,1,1,0,0,1,1,0,,35,0,1,0,0,1,2,2,3
,2017_03941,39.765544,-104.940497,5/12/2017 9:06,9:06,11,0,0,COLORADO BOULEVARD NORTH & 35TH AVENUE EAST,1,1,0,0,1,1,0,,,0,1,0,0,0,2,3,13
,2017_03949,39.746664,-105.018145,9/17/2017 1:25,1:25,15,0,1,I25 SOUTHBOUND & COLFAX AVENUE WEST,1,3,0,0,1,4,0,,,0,0,0,0,2,1,3,13
,2017_03950,39.761335,-105.003831,5/4/2017 8:50,8:50,11,0,1,I25 & 20TH STREET,1,4,0,0,1,4,0,,,0,1,0,0,2,1,2,13
,2017_03952,39.711079,-105.025651,8/9/2017 11:33,11:33,11,0,0,ALAMEDA AVENUE 3000 BLOCK WEST & FEDERAL BOULEVARD 276 SOUTH,1,1,0,0,1,2,0,,35,0,1,0,0,1,2,2,13
,2017_03953,39.711077,-105.025075,9/30/2017 21:11,21:11,11,0,1,ALAMEDA AVENUE WEST & FEDERAL BOULEVARD SOUTH,1,3,1,0,1,1,0,,35,0,1,0,0,2,2,2,14
,2017_03954,39.711086,-105.023735,1/29/2017 15:32,15:32,11,0,0,ELIOT STREET 300 BLOCK SOUTH & ALAMEDA AVENUE WEST APPROXIMATELY,1,1,0,0,1,4,0,,25,0,1,0,0,1,2,2,1
,2017_03955,39.653077,-104.898619,3/3/2017 9:13,9:13,11,0,0,TAMARAC DRIVE SOUTH  & HAMPDEN AVENUE EAST,1,1,0,0,1,1,0,,35,0,1,0,0,1,2,2,1
,2017_03966,39.74598613,-104.9998826,2/28/2017 18:32,18:32,11,0,1,LAWRENCE STREET & 2222,1,3,0,0,1,4,0,,,0,1,0,0,2,4,2,13
,2017_03972,39.740353,-105.049731,10/1/2017 14:09,14:09,11,0,0,COLFAX AVENUE WEST & WINONA COURT NORTH,1,1,0,0,1,4,0,,,0,1,0,0,0,2,2,13
,2017_03973,39.740341,-105.033284,7/7/2017 8:15,8:15,11,0,0,COLFAX AVENUE WEST & KING STREET NORTH,1,1,0,0,1,4,0,,,0,1,0,0,1,2,2,13
,2017_03974,39.740076,-105.005215,3/30/2017 12:25,12:25,11,0,0,COLFAX AVENUE WEST & OSAGE STREET NORTH,1,1,1,0,1,1,0,,30,0,1,0,0,1,2,2,13
,2017_03975,39.74003,-105.002578,10/24/2017 5:53,5:53,11,0,1,COLFAX AVENUE WEST & NINTH STREET,1,3,0,0,1,4,0,,,0,1,0,0,2,2,2,13
,2017_03976,39.740007,-104.979792,3/28/2017 23:20,23:20,11,0,0,COLFAX AVENUE EAST & PEARL STREET NORTH,2,3,0,1,1,1,0,,40,0,1,0,0,0,2,2,14
,2017_03977,39.74003,-104.996398,10/2/2017 16:36,16:36,11,0,1,COLFAX AVENUE WEST & FOX STREET NORTH,2,1,0,1,1,1,0,,30,0,1,0,0,2,2,2,4