id,drcog_id,latitude,longitude,crashtime,time,crashtype,numbkilled,numbinjurd,drcoglocat,rdconditin,lightngcon,roadcntgrd,weatherco,location,roaddescrp,constrzone,schoolzone,splimit,bikeinv,pedinv,sctrinv,motoinv,svrty,rdsystem,ttlvehcls,hcf
,2017_03979,39.740007,-104.991824,3/17/2017 14:08,14:08,11,0,1,CHEROKEE STREET NORTH  & COLFAX AVENUE WEST,1,1,0,0,1,1,0,,30,0,1,0,0,2,2,2,13
,2017_03980,39.739999,-104.990369,1/10/2017 21:43,21:43,11,0,1,COLFAX AVENUE WEST & BANNOCK STREET NORTH,1,3,0,0,3,4,0,,35,0,1,0,0,2,2,2,13
,2017_03981,39.739999,-104.990369,10/20/2017 13:08,13:08,11,0,0,14TH STREET / BANNOCK STREET NORTH & COLFAX AVENUE WEST,1,1,0,0,1,3,0,,35,0,1,0,0,1,2,2,14
,2017_03982,39.740301,-104.98832,5/21/2017 20:53,20:53,11,0,1,COLFAX AVENUE WEST & 15TH STREET,2,3,0,1,1,4,0,,,0,1,0,0,2,2,2,13
,2017_03983,39.740005,-104.987167,4/19/2017 21:14,21:14,11,0,0,COLFAX AVENUE EAST & BROADWAY STREET NORTH,1,1,0,0,1,1,0,,,0,1,0,0,1,2,2,13
,2017_03984,39.740005,-104.987167,9/5/2017 7:00,7:00,11,0,1,COLFAX AVENUE WEST & BROADWAY NORTH,1,1,0,0,1,1,0,,35,0,1,0,0,2,2,2,14
,2017_03985,39.74005,-104.984853,10/4/2017 15:32,15:32,11,0,1,COLFAX AVENUE EAST & SHERMAN STREET NORTH,1,1,0,0,1,1,0,,30,0,1,0,0,2,2,2,6
,2017_03986,39.740041,-104.983728,6/9/2017 22:20,22:20,11,0,0,COLFAX AVENUE EAST & GRANT STREET NORTH,1,3,0,0,1,4,0,,,0,1,0,0,1,2,2,13
,2017_03987,39.740028,-104.982228,2/21/2017 10:13,10:13,11,0,1,COLFAX AVENUE EAST & LOGAN NORTH,1,1,0,0,1,1,0,,30,0,1,0,0,2,2,2,14
,2017_03988,39.740028,-104.982228,8/27/2017 2:20,2:20,11,0,0,COLFAX AVENUE EAST & LOGAN STREET NORTH,1,3,0,0,1,1,0,,30,0,1,0,1,0,2,2,13
,2017_03989,39.740028,-104.982228,11/26/2017 11:46,11:46,11,0,0,COLFAX AVENUE EAST & LOGAN STREET NORTH,1,1,0,0,1,3,0,,,0,1,0,0,1,2,2,13
,2017_03990,39.740018,-104.981104,10/15/2017 12:09,12:09,11,0,1,COLFAX AVENUE EAST & PENNSYLVANIA STREET NORTH,1,1,0,0,1,1,0,,30,0,1,0,0,2,2,2,13
,2017_03991,39.740007,-104.979792,11/21/2017 12:54,12:54,11,0,1,PEARL STREET & COLFAX AVENUE EAST,1,1,0,0,1,1,0,,30,0,1,0,0,2,2,2,7
,2017_03992,39.739998,-104.978667,1/21/2017 23:53,23:53,11,0,1,COLFAX AVENUE & 700 BLOCK EAST,1,3,0,0,1,4,0,,,0,1,0,0,2,2,2,10
,2017_03993,39.740013,-104.96987,1/12/2017 16:53,16:53,11,0,0,COLFAX AVENUE 1400 BLOCK EAST & HUMBOLDT STREET NORTH,2,3,0,2,1,4,0,,,0,1,0,0,0,2,2,13
,2017_03994,39.740013,-104.96987,9/29/2017 23:31,23:31,11,0,0,COLFAX AVENUE EAST & HUMBOLDT STREET NORTH,1,3,0,0,1,4,0,,,0,1,0,0,0,2,2,13
,2017_03995,39.740008,-104.968365,4/10/2017 12:04,12:04,11,0,0,COLFAX AVENUE EAST & COLFAX AVENUE 1600 BLOCK EAST,1,1,0,0,1,4,0,,,0,1,0,0,0,2,2,13
,2017_03996,39.739998,-104.966103,1/19/2017 9:50,9:50,11,0,1,COLFAX AVENUE 1800 BLOCK EAST & WILLIAMS STREET NORTH,1,1,0,0,1,1,0,,25,0,1,0,0,2,2,2,13
,2017_03997,39.740172,-104.953506,2/24/2017 14:40,14:40,11,0,0,COLFAX AVENUE EAST & FILLMORE STREET NORTH,1,1,0,0,1,1,0,,30,0,1,0,0,1,2,2,14
,2017_03998,39.740155,-104.948425,4/25/2017 22:34,22:34,11,0,1,COLFAX AVENUE EAST & ADAMS STREET NORTH ROAD SOUTH,1,3,0,0,1,1,0,,30,0,1,0,0,2,2,2,14
,2017_03999,39.740062,-104.94057,1/16/2017 1:00,1:00,11,0,0,COLFAX AVENUE EAST & COLORADO BOULEVARD NORTH,2,3,0,2,1,1,0,,,0,1,0,0,1,2,2,13
,2017_04000,39.740062,-104.94057,11/7/2017 17:43,17:43,11,0,1,COLFAX AVENUE EAST & COLORADO BOULEVARD NORTH,2,3,0,0,1,1,0,,,0,1,0,0,2,2,2,13
,2017_04001,39.740062,-104.94057,12/7/2017 7:52,7:52,11,0,1,COLFAX AVENUE EAST & COLORADO BOULEVARD NORTH,1,1,0,0,1,1,0,,30,0,1,0,0,2,2,2,13
,2017_04002,39.740081,-104.916313,10/9/2017 14:00,14:00,11,0,1,COLFAX AVENUE EAST & KRAMERIA STREET NORTH,2,1,0,0,1,1,0,,,0,1,0,0,2,2,2,13
,2017_04003,39.740086,-104.889443,9/23/2017 0:00,0:00,11,0,1,COLFAX AVENUE EAST & WABASH STREET NORTH,2,3,0,1,1,1,0,,,0,1,0,0,2,2,2,13
,2017_04004,39.740086,-104.892825,11/14/2017 18:34,18:34,11,0,1,COLFAX AVENUE EAST & UINTA STREET NORTH,1,1,0,0,1,1,0,,35,0,1,0,0,2,2,2,13
,2017_04005,39.740087,-104.887,2/8/2017 5:59,5:59,11,0,1,COLFAX AVENUE 8600 BLOCK EAST & XANTHIA STREET NORTH,1,2,0,0,1,1,0,,,0,1,0,0,2,2,2,5
,2017_04013,39.678447,-104.993319,6/28/2017 12:29,12:29,11,0,0,SANTA FE OFF RAMP SOUTHBOUND & EVANS AVENUE 200 BLOCK WEST,1,1,0,0,1,8,0,,30,0,1,0,0,0,2,2,13
,2017_04017,39.67476,-104.870723,5/11/2017 6:51,6:51,11,0,0,ILIFF AVENUE EAST & PARKER ROAD SOUTH,1,2,1,0,1,3,0,,30,0,1,0,0,1,2,2,13
,2017_04018,39.67476,-104.870723,11/28/2017 17:06,17:06,11,0,0,PARKER ROAD SOUTH & ILIFF AVENUE EAST,1,3,0,0,1,1,0,,40,0,1,0,0,0,2,2,3
,2017_04019,39.69629,-104.897364,7/29/2017 22:49,22:49,11,0,1,PARKER ROAD SOUTH & MISSISSIPPI AVENUE EAST,2,3,0,1,1,1,0,,35,0,1,0,0,2,2,2,3
,2017_04020,39.707009,-104.920775,9/29/2017 11:23,11:23,11,0,0,LEETSDALE DRIVE & HOLLY STREET SOUTH,1,1,0,0,1,4,0,,,0,1,0,0,0,2,2,13
,2017_04021,39.708136,-104.926827,4/18/2017 20:36,20:36,11,0,1,FOREST STREET SOUTH & LEETSDALE DRIVE EAST,1,3,0,0,1,1,0,,30,0,1,0,0,2,2,2,15
,2017_04022,39.70817,-104.92701,12/7/2017 7:30,7:30,11,0,1,LEETSDALE DRIVE & FOREST STREET SOUTH,1,2,0,0,1,1,0,,35,0,1,0,0,2,2,2,2
,2017_04023,39.739965,-105.025306,3/31/2017 15:13,15:13,11,0,1,FEDERAL BOULEVARD 1400 BLOCK NORTH & COLFAX AVENUE WEST,2,1,1,1,1,4,0,,,0,1,0,0,2,2,2,13
,2017_04024,39.737983,-105.025273,1/14/2017 20:06,20:06,11,0,1,FEDERAL BOULEVARD NORTH & HOWARD PLACE NORTH,3,5,1,0,1,2,0,,,0,1,0,0,2,2,2,13
,2017_04025,39.737983,-105.025273,7/8/2017 22:04,22:04,1,0,0,14TH AVENUE WEST & FEDERAL BOULEVARD NORTH,1,3,0,0,1,1,0,,35,0,0,0,0,1,2,3,3
,2017_04026,39.737983,-105.025273,7/10/2017 7:12,7:12,11,0,0,FEDERAL BOULEVARD NORTH & HOWARD PLACE WEST,1,1,0,0,1,1,0,,,0,1,0,0,1,2,3,14
,2017_04027,39.735634,-105.025303,9/6/2017 8:10,8:10,11,0,0,FEDERAL BOULEVARD NORTH & HOLDEN PLACE WEST,1,1,1,0,1,1,0,,25,0,1,0,0,0,2,2,13
,2017_04028,39.707624,-105.025082,2/9/2017 18:13,18:13,11,0,0,VIRGINIA AVENUE WEST & FEDERAL BOULEVARD SOUTH,1,3,0,0,1,4,0,,40,0,1,0,0,1,2,2,13
,2017_04029,39.700553,-105.025082,6/7/2017 21:11,21:11,11,0,1,FEDERAL BOULEVARD 800 BLOCK SOUTH & KENTUCKY AVENUE WEST,1,4,0,0,1,4,0,,,0,1,0,0,2,2,2,13
,2017_04030,39.689495,-105.025043,5/7/2017 20:12,20:12,11,0,0,FEDERAL BOULEVARD SOUTH & FLORIDA AVENUE WEST,1,2,0,0,1,1,0,,,0,1,0,0,0,2,2,13
,2017_04031,39.688021,-105.025038,5/21/2017 22:54,22:54,11,0,1,FEDERAL BOULEVARD SOUTH & IOWA AVENUE WEST,2,3,1,1,1,4,0,,,0,1,0,0,2,2,2,13
,2017_04032,39.684925,-105.025026,9/24/2017 22:20,22:20,11,0,0,COLORADO AVENUE WEST  & FEDERAL BOULEVARD SOUTH,2,3,0,1,1,1,0,,,0,1,0,0,1,2,2,13
,2017_04033,39.682275,-105.025016,6/10/2017 7:13,7:13,1,0,1,FEDERAL BOULEVARD SOUTH & JEWELL AVENUE WEST,1,2,0,0,1,1,0,,40,0,0,0,0,2,2,3,13
,2017_04034,39.682275,-105.025016,11/1/2017 20:00,20:00,11,0,0,FEDERAL BOULEVARD SOUTH & JEWELL AVENUE WEST,1,3,0,0,1,1,0,,35,0,1,0,0,1,2,2,14
,2017_04035,39.682275,-105.025016,11/6/2017 17:30,17:30,11,0,0,JEWELL AVENUE WEST & FEDERAL BOULEVARD SOUTH,1,3,0,0,1,1,0,,30,0,1,0,0,1,2,2,7
,2017_04036,39.67863,-105.025035,10/22/2017 22:08,22:08,11,0,0,EVANS AVENUE WEST & FEDERAL BOULEVARD SOUTH,1,3,0,0,1,1,0,,25,0,1,0,0,1,2,2,3
,2017_04037,39.678484,-105.025036,9/1/2017 7:48,7:48,11,0,1,FEDERAL BOULEVARD 2100 BLOCK SOUTH & EVANS AVENUE WEST,1,1,0,0,1,4,0,,,0,1,0,0,2,2,2,13
,2017_04038,39.674988,-105.025055,5/28/2017 13:00,13:00,11,0,0,FEDERAL BOULEVARD SOUTH & ILIFF AVENUE WEST,1,1,0,0,1,1,0,,40,0,1,0,0,1,2,2,13
,2017_04039,39.670617,-105.025079,12/4/2017 21:40,21:40,15,0,1,FEDERAL BOULEVARD SOUTH & VASSAR AVENUE WEST,1,3,0,0,1,4,0,,40,0,0,0,0,2,2,3,14
,2017_04040,39.662938,-105.024986,10/29/2017 23:00,23:00,11,0,1,FEDERAL BOULEVARD SOUTH & 2940 SOUTH FEDERAL BOULEVARD SOUTH,1,3,0,0,5,4,0,,35,0,1,0,0,2,2,2,14
,2017_04047,39.656087,-105.053224,8/20/2017 18:00,18:00,11,0,1,SHERIDAN BOULEVARD SOUTH & DARTMOUTH AVENUE WEST,1,3,0,0,1,3,0,,30,0,1,0,0,2,2,2,13
,2017_04048,39.66267,-105.053242,6/3/2017 10:15,10:15,11,0,0,SHERIDAN BOULEVARD SOUTH & BATES AVENUE WEST,1,1,1,0,1,1,0,,,0,1,0,0,1,2,2,13
,2017_04049,39.679091,-105.053268,2/26/2017 15:49,15:49,11,0,1,EVANS AVENUE WEST & SHERIDAN BOULEVARD SOUTH,1,1,0,0,1,1,0,,,0,1,0,0,2,2,2,13
,2017_04050,39.679091,-105.053268,8/27/2017 21:51,21:51,11,0,0,SHERIDAN BOULEVARD SOUTH & EVANS AVENUE w,1,3,0,0,1,1,0,,,0,1,0,0,1,2,2,14
,2017_04051,39.679091,-105.053268,11/6/2017 6:25,6:25,11,0,0,SHERIDAN BOULEVARD SOUTH & EVANS AVENUE WEST,1,3,0,0,1,3,0,,,0,1,0,0,1,2,2,13
,2017_04062,39.618006,-105.091112,10/25/2017 17:10,17:10,11,0,0,WADSWORTH BOULEVARD SOUTH & CRESTLINE AVENUE WEST,1,1,0,0,1,1,0,,40,0,1,0,0,0,2,2,14
,2017_04094,39.76196,-105.025155,3/8/2017 16:39,16:39,11,0,0,32ND AVENUE WEST & FEDERAL BOULEVARD NORTH,1,1,0,0,1,1,0,,,0,1,0,0,0,2,2,13
,2017_04095,39.776543,-105.025228,1/30/2017 18:05,18:05,11,0,1,44TH AVENUE 3000 WEST & FEDERAL BOULEVARD NORTH,1,3,0,0,1,3,0,,30,0,1,0,0,2,2,2,13
,2017_04096,39.776686,-105.025228,9/1/2017 21:40,21:40,11,0,2,44TH AVENUE WEST & FEDERAL BOULEVARD NORTH,1,3,0,0,1,1,0,,35,0,1,0,0,2,2,3,12
,2017_04097,39.787709,-105.025214,2/20/2017 9:37,9:37,12,0,0,FEDERAL BOULEVARD & 50TH AVENUE WEST,1,1,0,0,1,2,0,,35,0,0,0,0,1,2,3,14
,2017_04116,39.667565,-104.927,6/15/2017 8:37,8:37,11,0,1,YALE AVENUE EAST & YALE CIRCLE APPROXIMATELY,1,1,0,0,1,2,0,,,0,1,0,0,2,4,2,14
,2017_04117,39.744399,-105.005939,8/24/2017 9:35,9:35,11,0,0,NINTH STREET & LARIMER PLAZA,1,1,0,0,2,1,0,,15,0,1,0,0,1,4,2,9
,2017_04214,39.772755,-104.9593815,1/21/2017 12:25,12:25,5,0,0,40TH AVENUE EAST & YORK STREET NORTH,1,1,0,0,1,3,0,,30,0,0,0,0,0,4,1,1
,2017_04258,39.69650057,-104.9317297,7/16/2017 20:20,20:20,11,0,1,MISSISSIPPI AVENUE EAST & DAHLIA STREET SOUTH,1,3,0,0,1,3,0,,,0,1,0,0,2,4,2,13
,2017_04436,39.732975,-105.0217335,2/1/2017 17:44,17:44,11,0,1,DECATUR STREET NORTH & 10TH AVENUE WEST,2,2,1,1,1,1,0,,30,0,1,0,0,2,4,2,15
,2017_04437,39.743748,-104.941881,2/9/2017 17:00,17:00,11,0,1,17TH AVENUE EAST & HARRISON STREET NORTH,1,2,0,0,1,3,0,,,0,1,0,1,2,4,2,13
,2017_04438,39.736863,-104.9799015,2/10/2017 17:30,17:30,11,0,0,13TH AVENUE EAST & PEARL STREET NORTH,1,3,0,0,1,1,0,,30,0,1,0,0,1,4,2,12
,2017_04439,39.689514,-105.0442425,2/14/2017 9:53,9:53,11,0,1,FLORIDA AVENUE & TENNYSON STREET SOUTH,1,1,0,0,1,3,0,,30,0,1,0,0,2,4,2,13
,2017_04440,39.701047,-104.986946,11/9/2017 12:39,12:39,5,0,0,I25 NORTHBOUND OFF RAMP & LINCOLN,1,1,0,0,2,8,0,,55,0,0,0,0,0,1,1,8
,2017_04441,39.754008,-104.996412,2/17/2017 18:00,18:00,11,0,1,WAZEE STREET & 19TH STREET,1,3,0,0,1,4,0,,30,0,1,0,0,2,4,3,3
,2017_04442,39.678363,-104.959404,3/5/2017 21:04,21:04,11,0,0,EVANS AVENUE EAST & UNIVERSITY BOULEVARD SOUTH,1,3,0,0,1,1,0,,35,0,1,0,0,1,4,2,13
,2017_04443,39.749022,-104.98023,3/7/2017 18:48,18:48,11,0,1,PARK AVENUE WEST & COURT PLACE,1,3,0,0,1,1,0,,35,0,1,0,0,2,4,2,8
,2017_04444,39.698424,-104.908212,3/9/2017 3:09,3:09,11,0,0,TENNESSEE AVENUE & ONEIDA STREET SOUTH,1,3,0,0,1,1,0,,25,0,1,0,0,1,4,2,7
,2017_04445,39.738384,-104.974164,3/10/2017 18:50,18:50,11,0,1,14TH AVENUE EAST & CORONA STREET NORTH,1,3,0,0,1,1,0,,,0,1,0,0,2,4,2,13
,2017_04446,39.766644,-105.0468615,3/15/2017 18:36,18:36,11,0,0,36TH AVENUE WEST & VRAIN STREET NORTH,1,1,0,0,1,4,0,,30,0,1,0,0,0,4,2,13
,2017_04447,39.741642,-104.986134,3/15/2017 19:08,19:08,11,0,1,LINCOLN STREET NORTH & 16TH AVENUE EAST,1,1,0,0,1,1,0,,30,0,1,0,0,2,4,2,14
,2017_04448,39.725631,-104.9874435,3/16/2017 11:59,11:59,11,0,0,BROADWAY & SIXTH AVENUE EAST,1,1,1,0,1,1,0,,30,0,1,0,0,1,4,2,3
,2017_04449,39.709314,-104.98761,3/17/2017 14:00,14:00,11,0,0,BROADWAY & DAKOTA AVENUE EAST,1,1,0,0,1,2,0,,30,0,1,0,0,0,4,2,8
,2017_04450,39.753612,-104.993451,3/18/2017 13:52,13:52,11,0,1,20TH STREET & MARKET STREET,1,1,0,0,1,1,0,,25,0,1,0,0,2,4,2,13
,2017_04451,39.718332,-104.987502,3/22/2017 16:42,16:42,11,0,1,BROADWAY & FIRST AVENUE EAST,1,1,0,0,1,1,0,,30,0,1,0,0,2,4,2,13
,2017_04453,39.741678,-104.982354,3/24/2017 20:40,20:40,11,0,0,16TH AVENUE EAST & LOGAN STREET NORTH,1,3,0,0,1,1,0,,25,0,1,0,0,0,4,2,13
,2017_04454,39.844602,-104.6809395,3/26/2017 22:29,22:29,11,0,1,PENA BOULEVARD & 8400 BLOCK,1,3,0,0,1,7,0,,,0,1,0,0,2,4,2,13
,2017_04455,39.740976,-104.9697315,4/1/2017 14:15,14:15,11,0,0,PARK AVENUE WEST 1500 BLOCK & HUMBOLDT STREET,1,1,0,0,1,2,0,,,0,1,0,0,1,4,2,13
,2017_04456,39.844602,-104.6809395,4/10/2017 14:23,14:23,11,0,0,PENA BOULEVARD INBOUND & 8400 BLOCK,1,1,0,0,1,4,0,,15,0,1,0,0,1,4,2,12
,2017_04457,39.696615,-104.912973,4/10/2017 15:08,15:08,1,0,0,MONACO STREET SOUTH & MISSISSIPPIA AVENUE EAST,1,1,0,0,1,1,0,,30,0,0,0,0,1,4,3,13
,2017_04458,39.785427,-105.006411,4/11/2017 22:26,22:26,11,0,1,PECOS STREET NORTH & DIXIE PLACE WEST,1,3,0,0,1,1,0,,30,0,1,0,0,2,4,2,13
,2017_04459,39.745602,-104.902263,4/14/2017 12:37,12:37,11,0,0,19TH AVENUE EAST & QUINCE STREET NORTH,1,1,0,0,1,1,1,,25,0,1,0,0,1,4,2,13
,2017_04460,39.755088,-104.988114,4/18/2017 19:56,19:56,11,0,1,PARK AVENUE WEST & LAWRENCE STREET,1,3,0,0,1,1,0,,30,0,1,0,0,2,4,2,13
,2017_04461,39.788532,-104.828274,4/20/2017 15:30,15:30,11,0,0,51ST AVENUE EAST & CROWN BOULEVARD NORTH,2,1,0,1,1,1,0,,25,0,1,0,0,1,4,2,13
,2017_04462,39.749715,-104.9932665,4/21/2017 11:37,11:37,11,0,1,18TH STREET & ARAPAHOE STREET,1,1,0,0,1,1,0,,30,0,1,0,0,2,4,2,13
,2017_04463,39.678426,-104.995971,5/1/2017 18:30,18:30,11,0,0,EVANS AVENUE WEST & GALAPAGO STREET SOUTH,14,5,3,0,1,1,0,,25,0,1,0,0,1,4,2,13
,2017_04464,39.721959,-104.9127435,5/3/2017 12:26,12:26,11,0,0,FOURTH AVENUE EAST & MONACO STREET NORTH,2,1,0,1,1,1,0,,30,0,1,0,0,1,4,2,13
,2017_04465,39.765618,-104.919966,5/4/2017 15:37,15:37,11,0,0,35TH AVENUE EAST & IVY STREET NORTH,1,1,0,0,1,1,0,,25,0,1,0,0,1,4,2,13
,2017_04466,39.769281,-105.002964,5/5/2017 13:18,13:18,11,0,0,MARIPOSA STREET NORTH & 38TH AVENUE WEST,1,1,1,0,1,1,0,,25,0,1,0,0,1,4,2,13
,2017_04467,39.775716,-104.7376215,5/6/2017 17:41,17:41,11,0,1,43RD AVENUE EAST & ORLEANS COURT NORTH,2,1,0,1,1,1,0,,,0,1,0,0,2,4,2,13
,2017_04468,39.708299,-104.997352,4/28/2017 21:15,21:15,5,0,0,I25 SOUTHBOUND & MM 207.75 APPROXIMATELY,2,3,1,2,2,4,0,,60,0,0,0,0,0,1,1,5
,2017_04469,39.74107753,-104.9939967,5/7/2017 13:50,13:50,11,0,1,GLENARM PLACE & 2000 BLOCK,1,1,0,0,1,4,0,,30,0,1,0,0,2,4,3,1
,2017_04470,39.676608,-104.959386,5/8/2017 17:57,17:57,11,0,0,UNIVERSITY BOULEVARD SOUTH & WARREN AVENUE EAST,2,1,0,1,1,2,0,,35,0,1,0,0,0,4,2,1
,2017_04471,39.758535,-104.9853915,5/9/2017 20:47,20:47,11,0,1,26TH STREET & LARIMER STREET,1,3,0,0,1,1,0,,30,0,1,0,0,2,4,2,8
,2017_04472,39.761496,-104.974641,5/13/2017 10:10,10:10,11,0,0,32ND STREET & CHAMPA STREET,1,1,0,0,1,1,0,,25,0,1,0,0,1,4,2,13
,2017_04473,39.761784,-104.9405175,5/13/2017 11:26,11:26,11,0,0,MLK BOULEVARD & COLORADO BOULEVARD NORTH,1,1,0,0,1,4,0,,,0,1,0,0,1,4,2,3
,2017_04474,39.743244,-104.986107,5/15/2017 7:30,7:30,11,0,1,LINCOLN STREET NORTH & 17TH AVENUE EAST,1,1,0,0,1,1,0,,,0,1,0,0,2,4,2,13
,2017_04475,39.786426,-104.829741,5/16/2017 12:05,12:05,11,0,1,50TH AVENUE EAST & CROWN BOULEVARD NORTH,1,1,0,0,1,2,0,,25,0,1,0,0,2,4,4,13
,2017_04476,39.735252,-104.9835735,5/17/2017 21:09,21:09,11,0,1,GRANT STREET NORTH & 12TH AVENUE EAST,2,3,1,1,1,4,0,,30,0,1,0,0,2,4,2,1
,2017_04477,39.755745,-104.989014,5/19/2017 22:11,22:11,11,0,2,PARK AVENUE WEST & LARIMER STREET,1,3,0,0,1,1,0,,,0,1,0,1,2,4,2,13
,2017_04478,39.729087,-104.986152,5/22/2017 7:58,7:58,11,0,1,LINCOLN STREET & EIGHTH AVENUE EAST,1,1,0,0,1,4,0,,,0,1,0,0,2,4,2,13
,2017_04479,39.78378,-104.80176,5/22/2017 18:40,18:40,11,0,1,GREEN VALLEY RANCH BOULEVARD & KITTREDGE STREET NORTH,2,1,0,1,1,4,0,,,0,1,0,0,2,4,2,12
,2017_04480,39.751434,-104.9858325,5/27/2017 14:50,14:50,11,0,1,22ND STREET & STOUT STREET,1,1,0,0,1,1,0,,,0,1,0,0,2,4,2,13
,2017_04481,39.755043,-105.000291,5/28/2017 18:24,18:24,11,0,0,18TH STREET & WEWATTA STREET,1,1,0,0,1,1,0,,25,0,1,0,0,1,4,2,13
,2017_04482,39.716559,-104.9875155,5/31/2017 19:50,19:50,11,0,0,ELLSWORTH AVENUE & BROADWAY,1,3,0,0,1,1,0,,,0,1,0,0,1,4,2,5
,2017_04483,39.752298,-105.003873,6/6/2017 16:49,16:49,11,0,0,15TH STREET & DELGANY STREET,1,1,0,0,1,1,0,,,0,1,0,0,1,4,2,13
,2017_04484,39.674871,-104.9922945,6/20/2017 22:59,22:59,11,0,1,DELEWARE STREET SOUTH & ILIFF AVENUE EAST,1,4,0,0,1,4,0,,,0,1,0,0,2,4,2,13
,2017_04485,39.72726,-104.9861565,6/23/2017 21:36,21:36,11,0,1,SEVENTH AVENUE EAST & LINCOLN STREET NORTH,1,3,0,0,1,1,0,,,0,1,0,1,2,4,2,13
,2017_04486,39.751335,-104.9929605,7/6/2017 13:11,13:11,11,0,1,19TH STREET & LAWRENCE STREET,1,1,0,0,1,1,0,,,0,1,0,0,2,4,2,14
,2017_04487,39.743262,-104.9835915,7/5/2017 14:25,14:25,11,0,0,GRANT STREET NORTH & 17TH AVENUE EAST,1,1,0,0,1,1,0,,,0,1,0,0,0,4,2,13
,2017_04488,39.744855,-104.987394,7/11/2017 20:31,20:31,11,0,0,18TH AVENUE EAST & BROADWAY NORTH,1,3,0,0,1,1,0,,,0,1,0,0,0,4,2,13
,2017_04489,39.751209,-105.0000435,7/12/2017 21:08,21:08,11,0,1,16TH STREET & WAZEE STREET,1,3,0,0,1,1,0,,,0,1,0,0,2,4,2,13
,2017_04490,39.754557,-104.9922225,7/13/2017 0:14,0:14,11,0,0,21ST STREET & MARKET STREET,1,1,0,4,1,1,0,,,0,1,0,0,1,4,2,13
,2017_04491,39.754557,-104.9922225,7/13/2017 0:14,0:14,11,0,0,21ST STREET & MARKET STREET,1,2,0,0,1,1,0,,,0,1,0,0,1,4,2,13
,2017_04492,39.771774,-104.903442,7/20/2017 12:13,12:13,11,0,1,SMITH ROAD & QUEBEC STREET NORTH,1,1,0,0,1,4,0,,,0,1,0,0,2,4,2,14
,2017_04493,39.747015,-104.989761,8/2/2017 17:13,17:13,11,0,0,18TH STREET & CALIFORNIA STREET,1,1,0,0,1,1,0,,,0,1,0,0,0,4,2,14
,2017_04494,39.678426,-104.9899545,9/28/2017 12:29,12:29,11,0,1,EVANS AVENUE WEST 200 BLOCK & BANNOCK STREET,1,1,0,0,1,3,0,,,0,1,0,0,2,4,2,13
,2017_04495,39.724477,-105.012282,11/16/2017 14:38,14:38,15,0,0,I25 & SIXTH AVENUE WEST,1,1,0,0,1,4,0,,,0,0,0,0,0,1,2,13
,2017_04496,39.75633,-105.015852,8/12/2017 16:37,16:37,11,0,1,SPEER BOULEVARD 2300 BLOCK NORTH & ZUNI STREET NORTH,2,1,1,0,1,3,0,,35,0,1,0,1,2,4,2,9
,2017_04497,39.71871,-104.973282,8/12/2017 11:59,11:59,11,0,1,FIRST AVENUE EAST & DOWNING STREET NORTH,1,1,0,0,3,1,0,,30,0,1,0,0,2,4,3,1
,2017_04498,39.78583826,-104.8301366,9/10/2017 0:02,0:02,11,0,0,CROWN BOULEVARD NORTH & 4900 BLOCK,1,4,0,0,1,4,0,,,0,1,0,0,1,4,2,13
,2017_04499,39.772854,-104.865894,9/13/2017 6:53,6:53,11,0,1,40TH AVENUE EAST 10500 BLOCK & HAVANA STREET NORTH,1,1,0,0,1,4,0,,,0,1,0,0,2,4,2,13
,2017_04500,39.725658,-104.984865,9/14/2017 20:55,20:55,11,0,1,SHERMAN STREET NORTH & SIXTH AVENUE EAST,1,3,0,0,1,4,0,,,0,1,0,0,2,4,2,13
,2017_04501,39.7895539,-104.9828997,9/15/2017 16:00,16:00,11,0,1,LOGAN STREET & 1600 BLOCK SOUTH,1,5,0,0,1,4,0,,,0,1,0,0,2,4,2,13
,2017_04502,39.705525,-105.040863,9/19/2017 10:45,10:45,11,0,0,QUITMAN STREET 600 BLOCK SOUTH & MORRISON ROAD,1,1,0,0,1,4,0,,,0,1,0,0,1,4,2,13
,2017_04503,39.719322,-104.992137,9/20/2017 14:00,14:00,11,0,0,CHEROKEE STREET SOUTH 200 BLOCK & SECOND AVENUE NORTH,1,1,0,0,1,2,0,,25,0,1,0,0,0,4,2,12
,2017_04504,39.700206,-104.9272335,9/21/2017 16:22,16:22,11,0,1,CHERRY CREEK SOUTH DRIVE & KENTUCKY AVENUE EAST,1,1,0,0,1,3,0,,35,0,1,0,0,2,4,2,13
,2017_04505,39.689487,-105.025086,9/22/2017 18:40,18:40,11,0,0,FLORIDA AVENUE WEST & FEDERAL BOULEVARD SOUTH,1,1,0,0,1,4,0,,,0,1,0,0,1,4,2,10
,2017_04506,39.770505,-104.9948325,9/23/2017 17:19,17:19,11,0,0,39TH AVENUE WEST & FOX STREET NORTH,2,1,0,1,1,1,0,,,0,1,0,0,1,4,2,13
,2017_04507,39.743784,-104.948847,9/24/2017 10:10,10:10,11,0,0,17TH AVENUE EAST & ADAMS STREET NORTH,2,1,0,1,1,4,0,,30,0,1,0,0,0,4,3,5