id,drcog_id,latitude,longitude,crashtime,time,crashtype,numbkilled,numbinjurd,drcoglocat,rdconditin,lightngcon,roadcntgrd,weatherco,location,roaddescrp,constrzone,schoolzone,splimit,bikeinv,pedinv,sctrinv,motoinv,svrty,rdsystem,ttlvehcls,hcf
,2017_04508,39.725658,-104.9891625,9/25/2017 16:52,16:52,11,0,1,SIXTH AVENUE WEST NOT CDOT & ACOMA STREET NORTH,2,1,0,1,1,1,0,,,0,1,0,0,2,4,2,13
,2017_04509,39.743226,-104.970906,9/28/2017 16:00,16:00,11,0,1,17TH AVENUE EAST & LAFAYETTE STREET NORTH,1,1,0,0,1,1,0,,30,0,1,0,0,2,4,2,13
,2017_04510,39.729078,-104.976396,9/28/2017 14:58,14:58,11,0,1,EIGHTH AVENUE EAST & EMERSON STREET NORTH,1,1,0,0,1,1,0,,30,0,1,0,0,2,4,3,1
,2017_04511,39.689325,-104.931702,9/28/2017 15:54,15:54,11,0,1,FLORIDA AVENUE EAST & DAHLIA STREET SOUTH,1,1,0,0,1,1,0,,,0,1,0,0,2,4,2,12
,2017_04512,39.685689,-104.937354,9/29/2017 20:28,20:28,11,0,1,MEXICO AVENUE EAST & BELLAIRE STREET SOUTH,1,3,0,0,1,1,0,,25,0,1,0,0,2,4,2,13
,2017_04513,39.750372,-104.9941305,9/30/2017 0:15,0:15,11,0,0,18TH STREET & LAWRENCE STREET,1,3,0,0,1,1,0,,,0,1,0,0,0,4,2,13
,2017_04514,39.68946,-105.0297165,10/6/2017 6:35,6:35,11,0,1,IRVING STREET SOUTH & FLORIDA AVENUE WEST,1,2,0,0,1,1,0,,30,0,1,0,0,2,4,2,7
,2017_04515,39.68946,-105.0297165,10/6/2017 6:35,6:35,11,0,1,IRVING STREET SOUTH & FLORIDA AVENUE WEST,1,2,0,0,1,1,0,,30,0,1,0,0,2,4,2,7
,2017_04516,39.736845,-104.9835825,10/6/2017 6:55,6:55,11,0,0,13TH AVENUE EAST & GRANT STREET NORTH,1,1,0,0,1,1,0,,,0,1,0,0,1,4,2,7
,2017_04517,39.757653,-104.998635,10/7/2017 0:19,0:19,11,0,1,20TH STREET & CHESTNUT PLACE,1,3,0,0,1,1,0,,,0,1,0,0,2,4,2,13
,2017_04518,39.778335,-104.9793615,10/8/2017 19:44,19:44,11,0,1,WASHINGTON STREET NORTH & 45TH AVENUE EAST,2,3,2,0,1,4,0,,,0,1,0,0,2,4,2,13
,2017_04519,39.783987,-104.8466205,10/10/2017 7:25,7:25,11,0,0,ALBROOK DRIVE & 14250 EAST ALBROOK DRIVE,1,1,0,0,1,4,0,,,0,1,0,0,1,4,2,13
,2017_04520,39.741318,-104.9919615,10/11/2017 15:00,15:00,11,0,0,14TH STREET & TREMONT PLACE,1,1,0,0,1,1,0,,30,0,1,0,0,0,4,2,1
,2017_04521,39.753711,-104.98635,10/12/2017 8:10,8:10,11,0,1,CURTIS STREET & PARK AVENUE WEST,1,1,0,0,1,1,0,,,0,1,0,0,2,4,2,13
,2017_04522,39.698424,-104.908212,10/13/2017 8:53,8:53,11,0,0,TENNESSEE AVENUE 6800 BLOCK EAST & ONEIDA STREET SOUTH,1,1,0,0,1,3,0,,,0,1,0,0,1,4,2,13
,2017_04523,39.71385,-104.986305,10/13/2017 19:39,19:39,11,0,2,LINCOLN STREET SOUTH & MAPLE AVENUE EAST,1,1,0,5,1,1,0,,30,0,1,0,0,2,4,2,8
,2017_04524,39.752001,-104.9938155,10/15/2017 1:20,1:20,11,0,0,19TH STREET & LARIMER STREET,1,3,0,0,1,1,0,,,0,1,0,0,0,4,2,13
,2017_04525,39.78244238,-104.8468826,10/15/2017 16:28,16:28,11,0,0,PEORIA STREET 4700 BLOCK NORTH & 47TH AVENUE,1,1,0,0,1,1,0,,,0,1,0,0,1,4,2,13
,2017_04526,39.701988,-104.982795,10/16/2017 16:50,16:50,11,0,1,OHIO AVENUE EAST & LOGAN STREET SOUTH,1,1,0,0,1,1,0,,25,0,1,0,0,2,4,2,14
,2017_04527,39.746952,-104.9775525,10/17/2017 20:46,20:46,11,0,0,PARK AVENUE & CLARKSON STREET NORTH,1,3,0,0,1,4,0,,,0,1,0,0,1,4,2,13
,2017_04528,39.736845,-104.9684625,10/19/2017 20:04,20:04,11,0,0,13TH AVENUE EAST & FRANKLIN STREET NORTH,1,3,0,0,1,1,0,,,0,1,0,0,1,4,2,13
,2017_04529,39.735243,-104.98617,10/20/2017 14:35,14:35,11,0,1,LINCOLN STREET NORTH & 12TH AVENUE EAST,2,1,0,0,1,1,0,,30,0,1,0,0,2,4,2,3
,2017_04530,39.736845,-104.9730435,10/21/2017 19:00,19:00,11,0,1,13TH AVENUE EAST & DOWNING STREET NORTH,1,3,0,0,1,1,0,,30,0,1,0,0,2,4,2,1
,2017_04531,39.671568,-104.8753035,10/24/2017 18:46,18:46,11,0,0,HARVARD AVENUE EAST & DAYTON WAY SOUTH,1,3,0,0,1,3,0,,25,0,1,0,0,1,4,2,13
,2017_04532,39.764475,-104.949891,10/28/2017 14:40,14:40,11,0,0,STEELE STREET NORTH & BRUCE RANDOLPH AVENUE EAST,1,1,0,0,1,1,0,,30,0,1,0,0,1,4,2,13
,2017_04533,39.678363,-104.959404,11/1/2017 15:23,15:23,11,0,1,EVANS AVENUE 2300 BLOCK EAST & UNIVERSITY BOULEVARD SOUTH,1,1,0,0,1,4,0,,,0,1,0,0,2,4,2,14
,2017_04534,39.754008,-104.996412,11/3/2017 21:01,21:01,11,0,1,19TH STREET & WAZEE STREET,1,3,0,0,1,1,0,,25,0,1,0,0,2,4,2,13
,2017_04535,39.711204,-105.0006645,11/6/2017 6:16,6:16,11,0,1,PLATTE RIVER DRIVE & ALAMEDA AVENUE WEST,1,4,0,0,1,4,0,,,0,1,0,0,2,4,2,13
,2017_04536,39.735027,-104.9598315,11/8/2017 0:00,0:00,11,0,1,12TH AVENUE 2200 EAST & YORK STREET NORTH,1,1,0,0,1,4,0,,,0,1,0,0,2,4,2,13
,2017_04537,39.718152,-105.032484,11/11/2017 14:17,14:17,11,0,0,FIRST AVENUE WEST & KNOX COURT NORTH,1,1,0,0,1,1,0,,35,0,1,0,0,1,4,2,3
,2017_04538,39.756672,-104.98779,11/9/2017 19:54,19:54,11,0,1,LARIMER STREET & 24TH STREET,1,4,0,0,1,1,0,,30,0,1,0,0,2,4,2,13
,2017_04539,39.773853,-104.9498235,11/10/2017 6:57,6:57,11,0,0,41ST AVENUE EAST & STEELE STREET NORTH,1,1,0,0,1,1,0,,25,0,1,0,0,1,4,2,13
,2017_04540,39.782385,-104.847093,11/10/2017 20:50,20:50,11,0,0,47TH AVENUE EAST & PEORIA STREET NORTH,1,3,0,0,1,4,0,,35,0,1,0,0,1,4,2,14
,2017_04541,39.707469,-104.973381,11/12/2017 11:20,11:20,11,0,0,VIRGINIA AVENUE EAST & DOWNING STREET SOUTH,1,1,0,0,1,1,0,,30,0,1,0,0,1,4,2,13
,2017_04542,39.757653,-104.998635,11/13/2017 11:40,11:40,11,0,0,CHESTNUT PLACE & 20TH STREET,1,1,0,0,1,1,0,,,0,1,0,0,0,4,3,13
,2017_04543,39.785643,-104.765445,11/13/2017 15:52,15:52,11,0,1,ARGONNE WAY 18900 BLOCK NORTH & CATHAY STREET NORTH,1,1,1,0,1,4,0,,,0,1,0,0,2,4,2,13
,2017_04544,39.74481,-104.984874,11/16/2017 8:01,8:01,11,0,1,18TH AVENUE EAST & SHERMAN STREET NORTH,1,1,0,0,1,4,0,,,0,1,0,0,2,4,2,13
,2017_04545,39.678507,-104.973444,11/16/2017 15:45,15:45,11,0,0,EVANS AVENUE EAST & DOWNING STREET SOUTH,1,1,0,0,1,4,0,,,0,1,0,0,1,4,2,14
,2017_04546,39.654063,-104.90886,11/17/2017 14:10,14:10,11,0,0,GIRARD AVENUE EAST & ONEIDA WAY SOUTH,1,1,0,0,1,1,0,,25,0,1,0,0,0,4,2,8
,2017_04547,39.689334,-104.912901,11/17/2017 20:34,20:34,11,0,0,FLORIDA AVENUE EAST & MONACO STREET SOUTH,2,3,0,1,1,1,0,,35,0,1,0,0,0,4,2,14
,2017_04548,39.728934,-104.992866,3/16/2017 22:32,22:32,11,0,0,EIGHTH AVENUE 300 BLOCK WEST & DELAWARE STREET NORTH,1,3,0,0,1,4,0,,,0,1,0,0,1,4,2,6
,2017_04549,39.752154,-104.9988465,11/22/2017 14:44,14:44,11,0,0,17TH AVENUE & WAZEE STREET,1,1,0,0,1,1,0,,25,0,1,0,0,1,4,2,13
,2017_04550,39.755187,-104.9809815,11/26/2017 20:11,20:11,11,0,1,STOUT STREET & 26TH STREET,1,3,0,0,1,3,0,,30,0,1,0,0,2,4,2,14
,2017_04551,39.737268,-104.909364,12/2/2017 11:38,11:38,11,0,1,13TH AVENUE EAST & NEWPORT STREET NORTH,1,1,0,0,1,1,0,,,0,1,0,0,2,4,2,13
,2017_04552,39.728934,-104.9906115,12/2/2017 23:11,23:11,11,0,0,EIGHTH AVENUE WEST & SPEER BOULEVARD NORTH,1,3,0,0,1,1,0,,30,0,1,0,0,0,4,2,13
,2017_04553,39.743244,-104.986107,12/4/2017 19:20,19:20,11,0,0,LINCOLN STREET NORTH & 17TH AVENUE EAST,1,3,0,0,1,1,0,,30,0,1,0,0,1,4,2,14
,2017_04554,39.752118,-104.9866605,12/5/2017 11:17,11:17,11,0,0,CHAMPA STREET & 22ND STREET,1,1,0,0,1,1,0,,30,0,1,0,0,1,4,2,14
,2017_04555,39.791025,-105.00642,12/5/2017 15:02,15:02,11,0,0,52ND AVENUE WEST & PECOS STREET NORTH,1,1,1,0,1,1,0,,30,0,1,0,0,1,4,2,13
,2017_04556,39.744801,-104.9861205,12/6/2017 17:47,17:47,11,0,1,LINCOLN STREET NORTH & 18TH AVENUE EAST,1,3,1,0,1,1,0,,30,0,1,0,0,2,4,2,8
,2017_04557,39.772476,-105.044013,12/8/2017 14:30,14:30,11,0,2,TENNYSON STREET NORTH & 41ST AVENUE WEST,1,1,0,0,1,3,0,,25,0,1,0,0,2,4,3,13
,2017_04558,39.679209,-104.922252,12/11/2017 8:26,8:26,11,0,0,HOLLY STREET SOUTH & PACIFIC PLACE EAST,1,1,0,0,1,1,0,,,0,1,0,0,0,4,2,13
,2017_04559,39.725424,-104.903793,12/11/2017 10:00,10:00,11,0,1,QUEBEC STREET NORTH & SIXTH AVENUE EAST,1,1,0,0,1,1,0,,35,0,1,0,0,2,4,2,3
,2017_04560,39.75453,-104.987421,12/13/2017 15:59,15:59,11,0,1,PARK AVENUE WEST & BROADWAY NORTH,1,2,0,0,1,1,0,,45,0,1,0,0,2,4,2,14
,2017_04561,39.678426,-104.9363145,12/14/2017 19:37,19:37,11,0,1,BIRCH STREET SOUTH & EVANS AVENUE EAST,1,4,1,0,1,3,0,,,0,1,0,0,2,4,2,13
,2017_04562,39.682287,-105.020343,12/15/2017 15:52,15:52,11,0,1,CLAY STREET SOUTH & JEWELL AVENUE WEST,1,1,0,0,1,1,0,,25,0,1,0,0,2,4,3,7
,2017_04563,39.745206,-105.0095835,12/15/2017 23:29,23:29,11,0,0,AURARIA PARKWAY & SEVENTH STREET,1,3,1,0,1,1,0,,,0,1,0,0,1,4,2,13
,2017_04564,39.758247,-104.987457,12/26/2017 16:41,16:41,11,0,0,BROADWAY & WALNUT STREET,1,1,0,0,1,1,0,,35,0,1,0,0,0,4,2,13
,2017_04565,39.714723,-104.98048,12/18/2017 7:28,7:28,11,0,0,BAYAUD AVENUE & 3100 BLOCK WEST,1,1,0,0,1,4,0,,,0,1,0,0,1,4,2,13
,2017_04566,39.776508,-104.991264,12/20/2017 17:59,17:59,11,0,1,44TH AVENUE WEST & CHEROKEE STREET NORTH,1,4,1,0,1,1,0,,,0,1,0,0,2,4,2,14
,2017_04567,39.698397,-104.9827815,12/19/2017 17:19,17:19,11,0,0,LOGAN STREET SOUTH & TENNESSEE AVENUE EAST,1,3,0,0,1,2,0,,,0,1,0,0,1,4,2,13
,2017_04568,39.684645,-104.892354,12/24/2017 13:01,13:01,11,0,1,QUEBEC WAY 1800 BLOCK SOUTH & COLORADO AVENUE EAST,5,1,0,0,1,3,0,,30,0,1,0,0,2,4,2,14
,2017_04569,39.736845,-104.9835825,12/27/2017 15:01,15:01,11,0,1,13TH AVENUE EAST & GRANT STREET NORTH,1,1,0,0,1,1,0,,30,0,1,0,0,2,4,2,8
,2017_04570,39.729717,-104.9912235,12/31/2017 13:12,13:12,11,0,1,SPEER BOULEVARD 700 BLOCK NORTH & BANNOCK STREET NORTH,1,1,0,0,1,4,0,,,0,1,0,0,2,4,2,13
,2017_04571,39.678498,-104.987565,7/25/2017 22:21,22:21,11,0,0,EVANS AVENUE 2150 EAST & EVANS AVENUE 2150 EAST,1,3,0,0,1,4,0,,,0,1,0,0,0,4,2,13
,2017_04572,39.725307,-104.936004,8/10/2017 7:42,7:42,11,0,0,SIXTH AVENUE EAST & BIRCH STREET NORTH,1,1,0,0,1,1,0,,30,0,1,0,0,1,4,2,13
,2017_04573,39.719412,-104.95944,7/18/2017 11:45,11:45,11,0,0,SECOND AVENUE EAST & UNIVERSITY BOULEVARD NORTH,1,1,2,0,1,1,0,,30,0,1,0,0,1,4,2,12
,2017_04574,39.725658,-104.9891625,8/22/2017 17:10,17:10,11,0,1,SIXTH AVENUE WEST & ACOMA STREET NORTH,1,1,0,0,1,1,0,,,0,1,0,0,2,4,2,13
,2017_04575,39.729087,-104.986152,6/5/2017 12:48,12:48,11,0,0,EIGHTH AVENUE EAST & LINCOLN STREET NORTH,1,1,0,0,1,1,0,,60,0,1,0,0,1,4,2,4
,2017_04576,39.733668,-104.9965605,3/20/2017 7:36,7:36,11,0,0,11TH AVENUE WEST & GALAPAGO NORTH,1,1,0,0,1,1,0,,25,0,1,0,0,1,4,2,14
,2017_04577,39.736836,-104.9902335,9/1/2017 14:52,14:52,11,0,1,13TH AVENUE WEST & BANNOCK STREET NORTH,1,1,0,0,1,1,0,,30,0,1,0,0,2,4,2,13
,2017_04578,39.743784,-104.899914,7/30/2017 19:59,19:59,11,0,1,17TH AVENUE EAST & ROSEMARY STREET NORTH,1,3,0,0,1,1,0,,,0,1,0,0,2,4,2,3
,2017_04579,39.7512,-105.0205275,2/15/2017 10:05,10:05,11,0,0,23RD AVENUE WEST & CLAY STREET NORTH,1,1,0,0,1,1,0,,,0,1,0,0,0,4,2,13
,2017_04580,39.753225,-104.9769405,3/3/2017 12:30,12:30,11,0,0,25TH AVENUE EAST & CLARKSON STREET NORTH,1,1,0,0,1,1,0,,,0,1,0,0,1,4,2,13
,2017_04581,39.765249,-104.8988925,1/20/2017 6:00,6:00,11,0,1,35TH AVENUE EAST & SYRACUSE STREET NORTH,1,3,0,0,1,1,0,,30,0,1,0,0,2,4,2,13
,2017_04582,39.767382,-104.90346,1/24/2017 16:23,16:23,11,0,1,36TH AVENUE EAST & QUEBEC STREET NORTH,1,1,0,0,1,2,0,,10,0,1,0,0,2,4,2,13
,2017_04583,39.769272,-105.0080355,4/9/2017 19:03,19:03,11,0,0,38TH AVENUE WEST & QUIVAS STREET NORTH,1,1,0,6,1,1,0,,,0,1,0,0,0,4,2,13
,2017_04584,39.776562,-105.0439815,3/18/2017 14:53,14:53,11,0,0,44TH AVENUE WEST & TENNYSON STREET NORTH,1,1,0,0,1,1,0,,30,0,1,0,0,0,4,2,13
,2017_04585,39.778326,-104.985864,3/13/2017 16:30,16:30,11,0,1,45TH AVENUE WEST & LINCOLN STREET NORTH,1,1,0,0,1,4,0,,,0,1,0,0,2,4,2,7
,2017_04586,39.778047,-104.8471245,5/9/2017 7:05,7:05,11,0,1,45TH AVENUE EAST & PEORIA STREET NORTH,1,1,0,0,1,1,0,,40,0,1,0,0,2,4,2,1
,2017_04587,39.837969,-104.6928825,7/18/2017 1:26,1:26,11,0,0,78TH AVENUE 26000 BLOCK EAST & JACKSON GAP ROAD,1,3,0,0,1,2,0,,25,0,1,0,0,1,4,2,7
,2017_04588,39.711105,-104.97339,1/14/2017 20:57,20:57,11,0,0,ALAMEDA AVENUE EAST & DOWNING STREET SOUTH,1,3,0,0,1,2,0,,30,0,1,0,0,1,4,2,3
,2017_04589,39.711186,-104.997132,4/28/2017 21:07,21:07,11,0,1,ALAMEDA AVENUE WEST & SANTA FE DRIVE SOUTH,2,3,1,2,1,1,0,,,0,1,0,0,2,4,2,13
,2017_04590,39.777849,-104.835582,7/7/2017 19:31,19:31,11,0,1,ALBROOK DRIVE EAST & ATCHISON WAY NORTH,1,1,0,0,1,1,0,,25,0,1,0,0,2,4,2,14
,2017_04591,39.738267,-104.9383935,2/14/2017 13:00,13:00,11,0,0,ASH STREET NORTH & 14TH AVENUE EAST,1,1,0,0,1,4,0,,25,0,1,0,0,1,4,2,13
,2017_04592,39.631383,-105.089877,1/2/2017 13:05,13:05,11,0,1,BALSAM WAY SOUTH & UNION AVENUE WEST,1,1,0,0,1,1,0,,60,0,1,0,0,2,4,2,13
,2017_04593,39.700242,-104.987511,4/3/2017 5:25,5:25,11,0,0,BROADWAY SOUTH & KENTUCKY AVENUE EAST,1,2,0,0,1,4,0,,,0,1,0,0,0,4,2,13
,2017_04594,39.745755,-104.994423,8/3/2017 11:08,11:08,11,0,1,CHAMPA STREET 1500 BLOCK & CHAMPA STREET,1,1,0,0,1,3,0,,30,0,1,0,0,2,4,2,13
,2017_04595,39.753054,-104.9854905,10/2/2017 12:25,12:25,11,0,0,CHAMPA STREET & PARK AVENUE WEST,1,1,0,0,1,1,0,,,0,1,0,0,1,4,2,13
,2017_04596,39.740004,-104.9776245,3/28/2017 21:45,21:45,11,0,0,CLARKSON STREET 1500 BLOCK NORTH & COLFAX AVENUE WEST,2,4,0,1,1,4,0,,25,0,1,0,0,0,4,2,13
,2017_04597,39.679146,-105.05727,4/13/2017 6:10,6:10,6,0,1,DEPEW STREET 2045 SOUTH & EVANS AVENUE WEST,1,1,0,0,1,7,0,,45,0,0,0,0,2,4,7,14
,2017_04598,39.745935,-104.973381,9/27/2017 6:25,6:25,11,0,0,DOWNING STREET NORTH & 19TH AVENUE EAST,2,3,0,1,1,1,0,,30,0,1,0,0,1,4,2,8
,2017_04599,39.614508,-105.09687,5/18/2017 15:20,15:20,11,0,1,ESTES STREET SOUTH & CROSS DRIVE WEST,4,1,0,2,1,1,0,,25,0,1,0,0,2,4,2,8
,2017_04600,39.678453,-104.915952,1/7/2017 11:55,11:55,11,0,0,EVANS AVENUE 6300 BLOCK EAST & LEYDEN STREET SOUTH,2,1,0,0,1,4,0,,,0,1,0,0,1,4,2,13
,2017_04601,39.678588,-105.006402,1/15/2017 0:51,0:51,11,0,1,EVANS AVENUE 1601 WEST & PECOS STREET SOUTH,1,3,0,0,1,4,0,,35,0,1,0,0,2,4,2,14
,2017_04602,39.680136,-104.968422,1/10/2017 19:10,19:10,11,0,1,FRANKLIN STREET 2000 BLOCK NORTH & 21ST AVENUE EAST,1,3,0,0,1,4,0,,25,0,1,0,0,2,4,2,13
,2017_04603,39.678435,-104.9251905,1/13/2017 1:06,1:06,11,0,1,GRAPE STREET 2100 BLOCK SOUTH & EVANS AVENUE EAST,1,3,0,0,1,4,0,,35,0,1,0,0,2,4,2,7
,2017_04604,39.783609,-104.772222,8/13/2017 17:40,17:40,11,0,0,GREEN VALLEY RANCH BOULEVARD EAST & TOWER ROAD NORTH,1,1,0,0,1,3,0,,,0,1,0,0,1,4,2,13
,2017_04605,39.674889,-104.9875335,1/18/2017 15:20,15:20,11,0,0,ILIFF AVENUE EAST & BROADWAY STREET SOUTH,1,1,0,0,1,1,0,,22,0,1,0,0,1,4,2,13
,2017_04606,39.700404,-105.0250905,8/18/2017 19:28,19:28,11,0,1,KENTUCKY AVENUE 3000 BLOCK WEST & FEDERAL BOULEVARD NORTH,1,1,0,0,1,4,0,,,0,1,0,0,2,4,2,13
,2017_04607,39.752946,-104.992614,8/11/2017 8:43,8:43,11,0,0,LARIMER STREET & 20TH STREET,1,1,0,0,1,1,0,,30,0,1,0,0,1,4,2,13
,2017_04608,39.729087,-104.986152,1/11/2017 19:25,19:25,11,0,0,LINCOLN STREET NORTH & EIGHTH AVENUE EAST,1,3,1,0,1,4,0,,30,0,1,0,0,1,4,2,14
,2017_04609,39.746349,-104.9859225,7/28/2017 23:20,23:20,11,0,1,LINCOLN STREET 1900 BLOCK NORTH & 19TH AVENUE EAST,1,3,0,0,1,4,0,,30,0,1,0,0,2,4,2,14
,2017_04610,39.725649,-104.986314,7/26/2017 16:30,16:30,11,0,0,LINCOLN STREET NORTH & SPEER BOULEVARD EAST / SIXTH AVENUE EAST,1,1,0,0,1,3,0,,,0,1,0,0,0,4,2,13
,2017_04611,39.736755,-104.9139405,8/5/2017 10:15,10:15,11,0,0,LOCUST STREET NORTH & 13TH AVENUE EAST,1,1,0,0,1,4,0,,,0,1,0,0,1,4,2,13
,2017_04612,39.68478,-105.047991,2/10/2017 17:00,17:00,11,0,1,MEXICO AVENUE 4750 WEST & WOLFF STREET SOUTH,1,1,0,0,1,4,0,,,0,1,0,0,2,4,2,13
,2017_04613,39.700233,-104.91291,1/30/2017 8:31,8:31,11,0,1,MONACO STREET 900 BLOCK SOUTH & KENTUCKY AVENUE EAST,1,1,0,0,1,3,0,,30,0,1,0,0,2,4,2,14
,2017_04614,39.743793,-104.9734035,1/10/2017 20:01,20:01,11,0,1,PARK AVENUE & DOWNING STREET NORTH,1,3,0,0,1,1,0,,,0,1,0,0,2,4,2,14
,2017_04615,39.755088,-104.988114,3/1/2017 18:32,18:32,11,0,0,PARK AVENUE WEST & LAWRENCE STREET,1,3,0,0,1,1,0,,30,0,1,0,0,1,4,2,13
,2017_04616,39.755088,-104.988114,8/29/2017 16:57,16:57,11,0,0,PARK AVENUE WEST & LAWRENCE STREET,1,1,0,0,1,1,0,,,0,1,0,0,0,4,2,14
,2017_04617,39.75237,-104.984631,1/11/2017 20:26,20:26,11,0,1,PARK AVENUE WEST & STOUT STREET,3,5,0,0,1,1,0,,30,0,1,0,0,2,4,2,13
,2017_04618,39.74801442,-104.9958826,7/29/2017 13:16,13:16,11,0,1,16TH STREET & 800 BLOCK,2,1,0,1,1,4,0,,15,0,1,0,0,2,4,2,13
,2017_04619,39.748023,-105.0006915,9/8/2017 18:32,18:32,11,0,0,14TH STREET 1400 BLOCK & MARKET STREET,1,2,0,0,1,2,0,,25,0,1,0,0,0,4,3,13
,2017_04620,39.74292,-104.991642,8/29/2017 17:43,17:43,11,0,0,15TH STREET & GLENARM PLACE,1,1,0,0,1,1,0,,,0,1,0,0,1,4,2,6
,2017_04621,39.751875,-105.000903,8/8/2017 7:41,7:41,11,0,0,16TH STREET 1700 BLOCK & WYNKOOP STREET,1,1,0,0,1,1,0,,5,0,1,0,0,0,4,2,14
,2017_04622,39.752397,-104.996745,3/29/2017 16:33,16:33,11,0,1,18TH STREET & BLAKE STREET,1,1,0,0,1,1,0,,30,0,1,0,0,2,4,2,13
,2017_04623,39.753774,-104.9985135,6/26/2017 14:05,14:05,11,0,0,18TH STREET 1600 BLOCK & WYNKOOP STREET,1,1,0,0,1,4,1,,25,0,1,0,0,1,4,2,1
,2017_04624,39.753333,-104.995521,8/22/2017 17:50,17:50,11,0,0,19TH STREET & BLAKE STREET,1,1,0,0,1,1,0,,,0,1,0,0,1,4,2,13
,2017_04625,39.757653,-104.998635,7/29/2017 1:50,1:50,11,0,2,20TH STREET & CHESTNUT PLACE,1,3,0,0,1,1,0,,,0,1,0,0,2,4,3,13
,2017_04626,39.752946,-104.992614,1/2/2017 9:30,9:30,11,0,2,20TH STREET & LARIMER STREET,1,1,0,0,1,1,0,,30,0,1,0,0,2,4,2,13
,2017_04627,39.752946,-104.992614,9/13/2017 17:24,17:24,11,0,1,20TH STREET & LARIMER STREET,1,1,0,0,1,3,0,,30,0,1,0,0,2,4,2,8
,2017_04628,39.728079,-104.9034735,3/2/2017 10:30,10:30,11,0,1,SEVERN PLACE EAST & QUEBEC STREET NORTH,1,1,0,0,3,1,0,,25,0,1,0,0,2,4,2,13
,2017_04629,39.750192,-105.0047415,1/19/2017 6:46,6:46,11,0,1,SPEER BOULEVARD NORTH & WEWATTA STREET,1,3,0,0,1,1,0,,30,0,1,0,0,2,4,2,8
,2017_04630,39.750192,-105.0047415,8/11/2017 17:01,17:01,11,0,1,SPEER BOULEVARD NORTH & WEWATTA STREET,1,1,1,0,1,1,0,,35,0,1,0,0,2,4,2,14
,2017_04631,39.751578,-104.9851305,6/5/2017 13:00,13:00,11,0,0,STOUT STREET & STOUT STREET 2200 BLOCK,2,1,0,0,1,2,0,,10,0,1,0,0,1,4,2,7
,2017_04632,39.680226,-104.959404,1/10/2017 14:40,14:40,11,0,0,UNIVERSITY BOULEVARD SOUTH & ASBURY AVENUE EAST,1,1,0,0,1,1,0,,30,0,1,0,0,1,4,2,13
,2017_04633,39.689559,-105.0520905,8/10/2017 15:55,15:55,11,0,1,ZENOBIA SOUTH & FLORIDA AVENUE WEST,2,1,0,2,1,4,0,,,0,1,0,0,2,4,2,14
,2017_04639,39.679985,-104.940643,3/23/2017 17:28,17:28,2,0,1,BUCHTEL BOULEVARD EAST & COLORADO BOULEVARD SOUTH,1,1,0,0,1,1,0,,35,1,0,0,0,2,2,2,14
,2017_04641,39.679985,-104.940643,9/15/2017 7:23,7:23,2,0,0,COLORADO BOULEVARD SOUTH & BUCHTEL BOULEVARD EAST,1,1,0,0,1,1,0,,,1,0,0,0,1,2,2,14
,2017_04642,39.689119,-104.940546,3/19/2017 9:41,9:41,2,0,1,FLORIDA AVENUE EAST & COLORADO BOULEVARD SOUTH,1,1,0,0,1,1,0,,35,1,0,0,0,2,2,2,13
,2017_04643,39.689119,-104.940546,10/20/2017 13:29,13:29,2,0,0,FLORIDA AVENUE EAST & COLORADO BOULEVARD SOUTH,1,1,0,0,1,1,0,,,1,0,0,0,1,2,2,13
,2017_04644,39.689119,-104.940546,11/17/2017 7:55,7:55,2,0,0,FLORIDA AVENUE EAST & COLORADO BOULEVARD SOUTH,1,1,0,0,1,2,0,,,1,0,0,0,1,2,2,13
,2017_04645,39.716454,-104.94061,7/27/2017 14:20,14:20,2,0,0,BAYAUD AVENUE EAST & COLORADO BOULEVARD SOUTH,1,1,1,0,1,1,0,,,1,0,0,0,0,2,2,14
,2017_04646,39.743592,-104.9406,4/5/2017 18:27,18:27,2,0,1,COLORADO BOULEVARD NORTH & 17TH AVENUE EAST,1,1,0,0,1,1,0,,30,1,0,0,0,2,2,2,13
,2017_04647,39.74724,-104.940599,9/11/2017 13:38,13:38,7,0,0,MONTVIEW BOULEVARD EAST & COLORADO BOULEVARD NORTH,1,1,0,0,1,1,0,,30,0,0,0,0,0,2,2,6
,2017_04660,39.687715,-104.968753,3/15/2017 15:50,15:50,2,0,1,FRANKLIN STREET SOUTH & I25,1,1,0,0,1,4,0,,25,1,0,0,0,2,1,2,7
,2017_04661,39.65302,-104.875942,10/26/2017 14:56,14:56,2,0,1,DAYTON STREET & HAMPDEN AVENUE EAST 3500 BLOCK SOUTH,1,1,0,0,1,4,0,,25,1,0,0,0,2,2,2,13
,2017_04662,39.661279,-104.86629,2/18/2017 17:46,17:46,2,0,1,CORNELL AVENUE EAST & HAVANA STREET SOUTH,1,2,0,0,1,1,0,,,1,0,0,0,2,2,2,13
,2017_04693,39.740433,-105.021166,9/11/2017 18:55,18:55,2,0,0,COLFAX AVENUE WEST & BRYANT STREET NORTH,1,2,0,0,1,3,0,,,1,0,0,0,0,2,2,14