id,drcog_id,latitude,longitude,crashtime,time,crashtype,numbkilled,numbinjurd,drcoglocat,rdconditin,lightngcon,roadcntgrd,weatherco,location,roaddescrp,constrzone,schoolzone,splimit,bikeinv,pedinv,sctrinv,motoinv,svrty,rdsystem,ttlvehcls,hcf
,2017_04694,39.740028,-105.002766,6/21/2017 12:22,12:22,2,0,1,COLFAX AVENUE WEST & MARIPOSA STREET NORTH,1,1,0,0,1,3,0,,,1,0,0,0,2,2,2,14
,2017_04695,39.740031,-104.996607,6/9/2017 8:20,8:20,2,0,1,NORTH GALAPAGO STREET & WEST COLFAX AVENUE,1,1,0,0,1,3,0,,25,1,0,0,0,2,2,2,13
,2017_04696,39.74003,-104.996398,9/28/2017 14:37,14:37,2,0,0,COLFAX AVENUE WEST & GLENARM PLACE,1,1,0,0,1,1,0,,35,1,0,0,0,0,2,2,13
,2017_04697,39.740007,-104.991824,4/2/2017 8:19,8:19,2,0,0,COLFAX AVENUE WEST & CHEROKEE STREET NORTH,1,1,0,0,1,1,0,,,1,0,0,0,0,2,2,14
,2017_04698,39.740301,-104.98832,8/6/2017 6:44,6:44,2,0,0,15TH STREET & COLFAX AVENUE EAST,1,1,1,0,1,1,0,,,1,0,0,0,1,2,2,2
,2017_04699,39.74005,-104.984853,6/1/2017 10:00,10:00,2,0,0,COLFAX AVENUE 200 EAST & SHERMAN STREET NORTH,1,1,1,0,1,4,0,,30,1,0,0,0,1,2,2,13
,2017_04700,39.740047,-104.984478,6/1/2017 10:00,10:00,2,0,0,COLFAX AVENUE EAST 200 BLOCK & SHERMAN STREET NORTH,1,1,1,0,1,4,0,,30,1,0,0,0,1,2,2,13
,2017_04701,39.740002,-104.976234,7/25/2017 22:25,22:25,2,0,0,COLFAX AVENUE & EMERSON STREET NORTH ROAD SOUTH,2,3,0,0,1,4,0,,,1,0,0,0,0,2,2,13
,2017_04702,39.740007,-104.973426,9/19/2017 16:14,16:14,2,0,0,COLFAX AVENUE EAST & DOWNING STREET NORTH,1,1,0,0,1,1,0,,30,1,0,0,0,1,2,2,1
,2017_04703,39.740004,-104.967422,9/4/2017 16:40,16:40,2,0,0,COLFAX AVENUE 1600 EAST & GILPIN STREET NORTH,1,1,0,0,1,2,0,,,1,0,0,0,0,2,2,13
,2017_04704,39.740149,-104.946543,8/8/2017 7:10,7:10,2,0,0,COLFAX AVENUE EAST & MADISON STREET NORTH ROAD NORTH,1,1,0,0,1,3,1,,35,1,0,0,0,1,2,2,13
,2017_04705,39.740057,-104.93377,6/3/2017 17:21,17:21,2,0,0,COLFAX AVENUE EAST & CHERRY STREET NORTH,1,1,0,0,1,5,0,,20,1,0,0,0,1,2,2,14
,2017_04706,39.740084,-104.903536,5/11/2017 13:58,13:58,2,0,0,COLFAX AVENUE EAST & QUEBEC STREET NORTH,1,1,0,0,1,1,0,,,1,0,0,0,0,2,2,14
,2017_04713,39.698614,-104.903606,4/16/2017 18:30,18:30,2,0,1,QUEBEC STREET & PARKER ROAD SOUTH,1,1,1,0,1,1,0,,45,1,0,0,0,2,2,2,13
,2017_04718,39.711998,-105.025124,11/6/2017 15:43,15:43,2,0,0,FEDERAL BOULEVARD SOUTH & ALAMEDA AVENUE WEST,1,1,1,0,1,2,0,,,1,0,0,0,1,2,2,13
,2017_04719,39.685957,-105.02503,4/6/2017 18:02,18:02,2,0,1,FEDERAL BOULEVARD SOUTH & MEXICO AVENUE WEST,1,1,1,0,1,1,0,,,1,0,0,0,2,2,2,7
,2017_04720,39.663833,-105.025147,1/9/2017 18:30,18:30,2,0,0,BATES AVENUE WEST & FEDERAL BOULEVARD SOUTH,1,3,0,0,1,1,0,,25,1,0,0,0,0,2,2,5
,2017_04748,39.733839,-104.9873895,3/11/2017 11:46,11:46,2,0,1,11TH AVENUE EAST & BROADWAY NORTH,1,1,1,0,1,4,0,,,1,0,0,0,2,4,2,13
,2017_04762,39.652979,-104.922825,5/25/2017 15:42,15:42,2,0,0,HAMPDEN AVENUE EAST & HOLLY STREET SOUTH,1,1,0,0,1,1,0,,30,1,0,0,0,1,2,2,13
,2017_04763,39.751253,-105.025137,2/14/2017 16:48,16:48,2,0,0,23RD AVENUE WEST & FEDERAL BOULEVARD NORTH,1,1,1,0,1,1,0,,25,1,0,0,0,1,2,2,13
,2017_04764,39.76025,-105.025149,5/6/2017 14:38,14:38,2,0,1,SPEER BOULEVARD NORTH & FEDERAL BOULEVARD NORTH,1,1,0,0,1,1,0,,,1,0,0,0,2,2,2,13
,2017_04794,39.749445,-104.995323,1/3/2017 10:40,10:40,12,0,0,LAWRENCE STREET & 17TH STREET,1,1,0,7,1,4,0,,30,0,0,0,0,1,4,2,16
,2017_05133,39.752262,-104.991804,8/7/2017 17:04,17:04,1,0,0,LAWRENCE STREET & 20TH STREET,2,1,0,1,1,1,0,,30,0,0,0,0,0,4,2,13
,2017_05136,39.782007,-105.0064515,5/15/2017 22:15,22:15,2,0,1,PECOS STREET NORTH & 47TH AVENUE WEST,1,3,0,0,1,4,0,,35,1,0,0,0,2,4,2,13
,2017_05159,39.765726,-104.9948415,2/8/2017 16:15,16:15,2,0,1,PARK AVENUE WEST & GLOBEVILLE ROAD,1,1,0,0,1,1,0,,35,1,0,0,0,2,4,2,13
,2017_05160,39.752217,-104.9992425,2/14/2017 12:31,12:31,2,0,0,17TH STREET 1600 BLOCK & ALLEY EAST,1,1,0,0,1,5,0,,,1,0,0,0,0,4,2,13
,2017_05161,39.743937,-105.03306,2/18/2017 12:50,12:50,2,0,0,17TH AVENUE WEST & KING STREET NORTH,1,1,1,0,1,3,0,,25,1,0,0,0,1,4,2,13
,2017_05162,39.741642,-104.9799015,5/11/2017 14:40,14:40,2,0,0,16TH AVENUE EAST & PEARL STREET NORTH,1,1,0,0,1,1,0,,,1,0,0,0,0,4,2,13
,2017_05163,39.7512,-105.0191865,2/21/2017 7:34,7:34,2,0,1,23RD AVENUE WEST & BRYANT STREET NORTH,1,1,0,0,1,1,0,,30,1,0,0,0,2,4,2,13
,2017_05164,39.663909,-104.9535315,2/23/2017 15:35,15:35,2,0,0,BATES AVENUE EAST & FILLMORE STREET SOUTH,2,1,0,2,1,1,0,,,1,0,0,0,1,4,2,13
,2017_05165,39.703851,-104.95935,3/7/2017 10:39,10:39,2,0,0,UNIVERSITY BOULEVARD 700 BLOCK SOUTH & EXPOSITION AVENUE EAST,1,1,1,0,1,2,0,,30,1,0,0,0,1,4,2,13
,2017_05166,39.746898,-104.996871,3/14/2017 15:09,15:09,2,0,0,15TH STREET & ARAPAHOE STREET,1,1,0,0,1,1,0,,25,1,0,0,0,1,4,2,13
,2017_05167,39.749202,-104.8916835,3/15/2017 7:40,7:40,2,0,0,22ND AVENUE EAST & VALENTIA STREET NORTH,1,1,0,0,1,1,0,,,1,0,0,0,1,4,2,7
,2017_05168,39.696759,-105.0297615,3/15/2017 16:39,16:39,2,0,0,MISSISSIPPI AVENUE WEST & IRVING STREET SOUTH,1,1,0,0,1,1,0,,,1,0,0,0,1,4,2,13
,2017_05169,39.733848,-104.992956,3/18/2017 19:02,19:02,2,0,1,11TH AVENUE WEST & DELAWARE STREET NORTH,1,1,0,0,1,1,0,,30,1,0,0,0,2,4,2,13
,2017_05170,39.707487,-104.9804325,3/20/2017 15:40,15:40,2,0,0,PEARL STREET SOUTH & VIRGINIA AVENUE EAST,1,1,0,0,1,1,0,,25,1,0,0,0,1,4,2,1
,2017_05171,39.75417,-104.9893335,3/26/2017 0:03,0:03,2,0,0,22ND STREET & LAWRENCE STREET,1,3,0,0,1,4,0,,30,1,0,0,0,0,4,2,13
,2017_05172,39.754008,-104.996412,4/10/2017 9:09,9:09,2,0,1,WAZEE STREET & 19TH STREET,1,1,1,0,1,1,0,,30,1,0,0,0,2,4,2,3
,2017_05173,39.782547,-105.0111405,4/15/2017 7:55,7:55,2,0,0,TEJON STREET NORTH & ELK PLACE WEST,1,1,0,0,1,1,0,,,1,0,0,0,1,4,2,1
,2017_05174,39.754476,-104.964714,4/17/2017 13:00,13:00,2,0,0,HIGH STREET NORTH & 26TH AVENUE EAST,1,1,0,0,1,5,0,,25,1,0,0,0,1,4,2,13
,2017_05175,39.719718,-105.039693,4/17/2017 14:29,14:29,2,0,0,PERRY STREET NORTH & SECOND AVENUE WEST 3,1,1,0,0,1,1,0,,25,1,0,0,0,1,4,2,13
,2017_05176,39.760794,-105.0118425,4/18/2017 19:28,19:28,2,0,1,31ST AVENUE WEST & UMATILLA STREET NORTH,1,2,1,0,1,1,0,,25,1,0,0,0,2,4,2,8
,2017_05177,39.678516,-105.0017625,4/19/2017 17:52,17:52,2,0,0,EVANS AVENUE WEST & LIPAN STREET SOUTH,1,1,0,0,1,1,0,,,1,0,0,0,0,4,2,8
,2017_05178,39.741669,-104.9848245,4/20/2017 7:36,7:36,2,0,0,16TH AVENUE EAST & SHERMAN STREET NORTH,1,1,1,0,1,1,0,,25,1,0,0,0,1,4,2,2
,2017_05179,39.750255,-105.001182,4/25/2017 16:55,16:55,2,0,0,15TH STREET & WAZEE STREET,1,1,1,0,1,4,0,,30,1,0,0,0,1,4,2,1
,2017_05180,39.735144,-104.9741325,4/27/2017 12:35,12:35,2,0,0,12TH AVENUE EAST & CORONA STREET NORTH,1,1,0,0,1,1,0,,30,1,0,0,0,1,4,2,13
,2017_05181,39.733659,-104.9976225,4/27/2017 16:49,16:49,2,0,0,11TH AVENUE WEST & INCA STREET NORTH,1,1,0,0,1,1,0,,35,1,0,0,0,0,4,2,1
,2017_05182,39.711366,-104.9199525,4/28/2017 9:26,9:26,2,0,0,ALAMEDA AVENUE & JERSEY STREET SOUTH,1,1,0,0,1,3,0,,,1,0,0,0,1,4,2,14
,2017_05183,39.783879,-104.8117905,5/2/2017 12:10,12:10,2,0,0,GATEWAY AVENUE EAST & FRASER WAY,1,1,0,0,1,2,0,,25,1,0,0,0,0,4,2,13
,2017_05184,39.700134,-104.8753215,5/4/2017 15:38,15:38,2,0,1,KENTUCKY DRIVE EAST & DAYTON STREET SOUTH,1,1,1,0,1,1,0,,30,1,0,0,0,2,4,2,1
,2017_05185,39.696624,-104.9874525,5/4/2017 19:32,19:32,2,0,0,BROADWAY SOUTH & MISSISSIPPI AVENUE WEST,1,3,0,0,1,1,0,,30,1,0,0,0,1,4,2,13
,2017_05186,39.73833,-104.9161455,5/5/2017 8:05,8:05,2,0,0,14TH AVENUE EAST & KRAMERIA STREET NORTH,1,1,0,0,1,1,0,,30,1,0,0,0,1,4,2,3
,2017_05187,39.711105,-104.97924,5/5/2017 22:10,22:10,2,0,1,WASHINGTON STREET SOUTH & ALAMEDA AVENUE EAST,1,3,0,0,1,1,0,,30,1,0,0,0,2,4,2,14
,2017_05188,39.689307,-104.9373045,5/10/2017 17:47,17:47,2,0,1,FLORIDA AVENUE EAST & BELLAIRE STREET SOUTH,2,1,0,1,1,4,0,,,1,0,0,0,2,4,2,13
,2017_05189,39.751029,-105.0017805,5/14/2017 19:38,19:38,2,0,0,WYNKOOP STREET 1500 BLOCK & 15TH STREET,1,1,0,0,1,4,0,,30,1,0,0,0,0,4,2,13
,2017_05190,39.711006,-104.949972,5/15/2017 13:50,13:50,2,0,1,STEELE STREET SOUTH & ALAMEDA AVENUE EAST,1,1,0,0,1,4,0,,,1,0,0,0,2,4,2,13
,2017_05191,39.748482,-105.00633,5/15/2017 13:58,13:58,2,0,0,CHOPPER CIRCLE & 11TH STREET,1,1,1,0,1,1,0,,25,1,0,0,0,1,4,2,13
,2017_05192,39.75309,-104.9976225,5/18/2017 12:15,12:15,2,0,0,18TH STREET & WAZEE STREET,2,1,1,2,1,3,0,,30,1,0,0,0,1,4,2,1
,2017_05193,39.76695,-104.9745015,5/20/2017 18:45,18:45,2,0,0,35TH STREET & LARIMER STREET,1,1,0,0,1,1,0,,25,1,0,0,0,0,4,2,14
,2017_05194,39.711114,-104.9679378,5/25/2017 20:00,20:00,2,0,0,ALAMEDA AVENUE & 4100 BLOCK EAST,2,3,0,1,1,4,0,,5,1,0,0,0,0,4,2,13
,2017_05195,39.726594,-104.987412,5/24/2017 12:58,12:58,2,0,0,BROADWAY NORTH & SPEER BOULEVARD NORTH,1,1,1,0,1,4,0,,30,1,0,0,0,1,4,2,13
,2017_05196,39.738465,-104.996502,5/24/2017 15:32,15:32,2,0,1,GALAPAGO STREET NORTH & 14TH AVENUE WEST,1,1,0,0,1,3,0,,,1,0,0,0,2,4,2,14
,2017_05197,39.702069,-105.020352,5/25/2017 7:10,7:10,2,0,1,OHIO AVENUE WEST & CLAY STREET,1,1,0,0,1,1,0,,,1,0,0,0,2,4,2,13
,2017_05198,39.741678,-104.9761845,6/9/2017 7:14,7:14,2,0,1,16TH AVENUE EAST & EMERSON STREET NORTH,1,1,0,0,1,3,0,,30,1,0,0,0,2,4,2,7
,2017_05199,39.722544,-104.9850135,6/9/2017 18:15,18:15,2,0,0,SHERMAN STREET NORTH & FOURTH AVENUE EAST,1,1,0,0,1,3,0,,,1,0,0,0,0,4,2,1
,2017_05200,39.741642,-104.9721525,6/12/2017 16:20,16:20,2,0,1,16TH AVENUE & MARION STREET NORTH,1,1,0,0,1,5,0,,30,1,0,0,0,2,4,2,3
,2017_05201,39.718332,-104.966784,6/14/2017 20:03,20:03,2,0,0,GILPIN STREET NORTH & FIRST AVENUE EAST,1,1,0,0,1,1,0,,30,1,0,0,0,0,4,2,13
,2017_05202,39.707667,-105.027534,6/20/2017 8:56,8:56,2,0,1,HAZEL COURT & VIRGINIA / /ALASKA AVENUE WEST ALLEY,1,1,0,0,1,5,0,,25,1,0,0,0,2,4,2,13
,2017_05203,39.692952,-104.9652045,6/20/2017 12:01,12:01,2,0,0,LOUISIANA AVENUE EAST & HIGH STREET SOUTH,1,1,0,0,1,1,0,,,1,0,0,0,1,4,2,13
,2017_05204,39.741633,-104.967225,6/21/2017 8:51,8:51,2,0,1,16TH AVENUE EAST & GILPIN STREET NORTH,1,1,0,0,1,1,0,,,1,0,0,0,2,4,2,13
,2017_05205,39.755043,-105.000291,6/22/2017 8:58,8:58,2,0,1,18TH STREET & WEWATTA STREET,1,1,0,0,1,1,0,,25,1,0,0,0,2,4,2,13
,2017_05206,39.744468,-105.0000435,6/27/2017 11:56,11:56,2,0,0,ARAPAHOE STREET & SPEER BOULEVARD,1,1,1,0,1,1,0,,25,1,0,0,0,0,4,2,13
,2017_05207,39.751875,-105.000903,7/2/2017 19:08,19:08,2,0,0,WYNKOOP STREET & 16TH STREET,1,1,0,0,1,3,0,,25,1,0,0,0,0,4,2,13
,2017_05208,39.7172835,-104.8960418,7/3/2017 14:44,14:44,2,0,1,RAMPART WAY NORTH & LOWRY BOULEVARD EAST ROUNDABOUT,1,1,0,0,1,6,0,,30,1,0,0,0,2,4,2,13
,2017_05209,39.7368,-104.9598225,7/4/2017 22:18,22:18,2,0,0,13TH AVENUE EAST & YORK STREET NORTH,1,3,0,0,1,4,0,,,1,0,0,0,1,4,2,8
,2017_05210,39.752397,-104.996745,7/6/2017 16:30,16:30,2,0,0,18TH STREET & BLAKE STREET,1,1,0,0,1,4,0,,,1,0,0,0,0,4,3,1
,2017_05211,39.749463,-104.973381,7/7/2017 7:19,7:19,2,0,1,22ND AVENUE EAST & DOWNING STREET NORTH,1,1,0,0,1,1,0,,25,1,0,0,0,2,4,2,13
,2017_05212,39.75642,-104.989833,7/7/2017 14:35,14:35,2,0,1,LARMIER / WALNUT STREET ALLEY & PARK AVENUE WEST,1,1,0,0,1,5,0,,,1,0,0,0,2,4,2,7
,2017_05213,39.678516,-105.0017625,7/7/2017 18:10,18:10,2,0,0,LIPAN STREET SOUTH & EVANS AVENUE WEST,1,1,0,0,1,1,0,,,1,0,0,0,1,4,2,14
,2017_05214,39.752928,-104.980473,7/8/2017 11:05,11:05,2,0,0,25TH STREET & WELTON STREET,1,1,0,0,1,1,0,,,1,0,0,0,1,4,2,13
,2017_05215,39.73869,-104.9034645,7/12/2017 8:07,8:07,2,0,0,QUEBEC STREET NORTH & 14TH AVENUE EAST,1,1,0,0,1,3,0,,30,1,0,0,0,0,4,2,13
,2017_05216,39.73383,-104.986161,7/15/2017 12:19,12:19,2,0,1,11TH AVENUE EAST & LINCOLN STREET NORTH,1,1,0,0,1,1,0,,30,1,0,0,0,2,4,2,8
,2017_05217,39.696732,-105.043707,7/15/2017 15:11,15:11,2,0,1,MISSISSIPPI AVENUE WEST & TENNYSON STREET SOUTH,1,1,0,0,1,1,0,,,1,0,0,0,2,4,2,1
,2017_05218,39.741678,-104.982354,7/22/2017 10:00,10:00,2,0,0,16TH AVENUE & LOGAN STREET,1,5,0,0,1,4,0,,30,1,0,0,0,0,4,2,13
,2017_05219,39.72564,-104.9811345,7/26/2017 11:00,11:00,2,0,1,SIXTH AVENUE EAST & PENNSYLVANIA STREET NORTH,1,1,0,0,2,5,0,,25,1,0,0,0,2,4,2,13
,2017_05220,39.700188,-104.9733945,8/2/2017 14:48,14:48,2,0,0,DOWNING STREET SOUTH & KENTUCKY AVENUE EAST,1,1,0,0,1,3,0,,,1,0,0,0,1,4,2,13
,2017_05221,39.684609,-105.034374,8/5/2017 19:00,19:00,2,0,1,LOWELL BOULEVARD SOUTH & COLORADO AVENUE WEST,1,1,0,0,1,4,0,,25,1,0,0,0,2,4,2,13
,2017_05222,39.762117,-105.038154,8/11/2017 16:45,16:45,2,0,0,32ND AVENUE & OSCEOLA STREET NORTH,1,1,0,0,1,4,0,,,1,0,0,0,0,4,2,13
,2017_05223,39.689514,-105.0203655,8/11/2017 17:29,17:29,2,0,0,CLAY STREET SOUTH & FLORIDA AVENUE WEST,1,1,0,0,1,3,0,,,1,0,0,0,1,4,2,13
,2017_05224,39.767373,-104.9978115,8/23/2017 9:46,9:46,2,0,0,INCA STREET NORTH 3600 BLOCK & 37TH AVENUE NORTH,1,1,0,0,1,4,0,,5,1,0,0,0,0,4,2,14
,2017_05225,39.757689,-104.8989825,8/19/2017 19:50,19:50,2,0,0,29TH AVENUE EAST & SYRACUSE STREET NORTH,1,1,0,0,1,1,0,,,1,0,0,0,0,4,2,13
,2017_05226,39.71871,-104.973282,8/23/2017 15:20,15:20,2,0,1,DOWNING STREET NORTH & FIRST AVENUE EAST,1,1,0,0,1,1,0,,25,1,0,0,0,2,4,2,14
,2017_05227,39.736845,-104.9741505,9/1/2017 13:25,13:25,2,0,1,13TH AVENUE EAST & CORONA STREET NORTH,1,1,0,0,1,3,0,,,1,0,0,0,2,4,2,3
,2017_05228,39.752739,-104.899032,9/6/2017 7:43,7:43,2,0,0,24TH AVENUE EAST & SYRACUSE STREET NORTH,1,1,0,0,1,4,0,,,1,0,0,0,1,4,2,13
,2017_05229,39.765726,-104.9948415,9/10/2017 16:54,16:54,2,0,0,BROADWAY STREET NORTH & PARK AVENUE W`,1,1,0,0,1,1,0,,,1,0,0,0,1,4,3,1
,2017_05230,39.753612,-104.993451,9/11/2017 16:48,16:48,2,0,0,20TH STREET & MARKET STREET,1,1,0,0,1,1,0,,,1,0,0,0,0,4,2,13
,2017_05231,39.783645,-104.7675465,9/12/2017 18:40,18:40,2,0,1,ANDES COURT NORTH 4900 BLOCK & GREEN VALLEY RANCH BOULEVARD EAST,1,1,0,0,1,4,0,,,1,0,0,0,2,4,2,13
,2017_05232,39.700134,-104.8753215,9/15/2017 6:22,6:22,2,0,0,DAYTON STREET SOUTH 900 BLOCK & KENTUCKY DRIVE EAST,1,2,0,0,1,3,0,,35,1,0,0,0,1,4,2,3
,2017_05233,39.783735,-105.0345945,9/16/2017 17:30,17:30,2,0,1,48TH AVENUE WEST & LOWELL BOULEVARD NORTH,1,1,1,0,1,1,0,,30,1,0,0,0,2,4,2,13
,2017_05234,39.738438,-104.983623,9/16/2017 22:28,22:28,2,0,1,14TH AVENUE EAST & GRANT STREET NORTH,1,3,1,0,1,1,0,,,1,0,0,0,2,4,2,13
,2017_05235,39.733839,-104.9873895,9/18/2017 17:02,17:02,2,0,1,11TH AVENUE EAST & BROADWAY NORTH,1,1,0,0,1,1,0,,35,1,0,0,0,2,4,2,14
,2017_05236,39.750192,-105.0047415,9/19/2017 7:50,7:50,2,0,1,SPEER NORTH & WEWATTA STREET,1,1,0,0,1,1,0,,25,1,0,0,0,2,4,2,14
,2017_05237,39.733695,-105.0040935,9/19/2017 20:15,20:15,2,0,0,11TH AVENUE WEST & NAVAJO STREET NORTH,1,3,0,0,1,1,0,,,1,0,0,0,0,4,2,13
,2017_05238,39.718125,-105.0373035,9/21/2017 12:17,12:17,2,0,1,NEWTON STREET NORTH & FIRST AVENUE WEST,1,1,1,0,1,1,0,,,1,0,0,0,2,4,2,13
,2017_05239,39.745431,-104.9901075,9/29/2017 17:38,17:38,2,0,1,17TH STREET & WELTON STREET,1,1,0,0,1,4,0,,30,1,0,0,0,2,4,2,3
,2017_05240,39.68217,-104.97933,10/2/2017 17:45,17:45,2,0,1,WASHINGTON STREET SOUTH & JEWELL AVENUE EAST,2,1,0,1,1,1,0,,25,1,0,0,0,2,4,2,13
,2017_05241,39.748446,-105.0033735,10/3/2017 14:18,14:18,2,0,0,SPEER BOULEVARD NORTH 1600 BLOCK & AURARIA PARKWAY,1,1,1,0,1,2,0,,,1,0,0,0,1,4,2,13
,2017_05242,39.720888,-104.939532,10/3/2017 15:28,15:28,2,0,1,THIRD AVENUE EAST & ALBION STREET NORTH,1,1,0,0,1,1,0,,,1,0,0,0,2,4,2,13
,2017_05243,39.717045,-104.903793,10/4/2017 8:09,8:09,2,0,0,QUEBEC STREET NORTH & LOWRY BOULEVARD EAST,1,1,0,0,1,1,0,,35,1,0,0,0,0,4,2,13
,2017_05244,39.762009,-104.93685,10/4/2017 17:09,17:09,2,0,1,MLK BOULEVARD & BELLAIRE STREET NORTH,1,1,0,0,1,1,0,,30,1,0,0,0,2,4,2,14
,2017_05245,39.75093,-105.0021,10/4/2017 19:37,19:37,2,0,0,WYNKOOP STREET & 15TH STREET,1,3,0,0,1,1,0,,25,1,0,0,0,1,4,2,13
,2017_05246,39.750417,-104.8846905,10/7/2017 13:29,13:29,3,0,0,23RD AVENUE & YOSEMITE STREET NORTH,1,1,0,0,1,5,0,,15,0,0,0,0,0,4,2,13
,2017_05247,39.73203,-104.982273,10/7/2017 18:47,18:47,2,0,1,10TH AVENUE EAST & LOGAN STREET NORTH,1,2,0,0,1,5,0,,,1,0,0,0,2,4,2,13
,2017_05248,39.753198,-104.9905665,10/7/2017 21:47,21:47,2,0,0,21ST STREET & LAWRENCE STREET,1,3,0,0,1,1,0,,30,1,0,0,0,1,4,2,13
,2017_05249,39.753054,-104.9854905,10/8/2017 10:40,10:40,2,0,1,PARK AVENUE WEST & CHAMPA STREET,1,1,0,0,1,1,0,,,1,0,0,0,2,4,2,13
,2017_05250,39.752118,-104.9866605,10/8/2017 12:20,12:20,2,0,0,22ND STREET & CHAMPA STREET,1,1,0,0,1,1,0,,,1,0,0,0,1,4,2,13
,2017_05251,39.750372,-104.9941305,10/11/2017 13:42,13:42,2,0,0,18TH STREET & LAWRENCE STREET,1,1,0,0,1,3,0,,,1,0,0,0,0,4,2,13
,2017_05252,39.748023,-105.0006915,10/11/2017 16:23,16:23,2,0,0,14TH STREET & MARKET STREET,1,1,0,0,1,1,0,,,1,0,0,0,1,4,2,13
,2017_05253,39.718368,-105.0532785,10/12/2017 8:15,8:15,2,0,0,FIRST AVENUE 5100 BLOCK WEST & SHERIDAN BOULEVARD NORTH,1,1,1,0,1,2,0,,30,1,0,0,0,0,4,2,13
,2017_05254,39.741669,-104.9848245,10/12/2017 8:54,8:54,2,0,1,16TH AVENUE EAST & SHERMAN STREET NORTH,1,1,1,0,1,2,0,,30,1,0,0,0,2,4,2,14
,2017_05255,39.747546,-104.9835735,10/14/2017 22:12,22:12,2,0,0,20TH AVENUE EAST & GRANT STREET NORTH,1,3,0,0,1,1,0,,,1,0,0,0,0,4,2,5
,2017_05256,39.687543,-104.9875245,10/14/2017 15:20,15:20,2,0,1,BROADWAY & IOWA AVENUE WEST,1,1,0,0,1,1,0,,,1,0,0,0,2,4,2,13
,2017_05257,39.752802,-104.999751,10/16/2017 7:02,7:02,2,0,0,WYNKOOP STREET & 17TH STREET,1,2,0,0,1,4,0,,30,1,0,0,0,1,4,2,3
,2017_05258,39.741642,-104.986134,10/17/2017 17:55,17:55,2,0,0,LINCOLN STREET NORTH & 16TH AVENUE EAST,1,2,0,0,1,1,0,,30,1,0,0,0,0,4,2,13
,2017_05259,39.733686,-105.00282,10/18/2017 8:17,8:17,2,0,1,MARIPOSA STREET NORTH & 11TH AVENUE WEST,1,1,0,0,1,1,0,,25,1,0,0,0,2,4,2,14
,2017_05260,39.701988,-104.982795,10/18/2017 17:30,17:30,2,0,1,OHIO AVENUE EAST & LOGAN STREET SOUTH,1,1,0,0,1,1,0,,25,1,0,0,0,2,4,2,13
,2017_05261,39.696723,-105.0320835,10/18/2017 19:31,19:31,2,0,0,MISSISSIPPI AVENUE WEST & KNOX COURT SOUTH,1,3,1,0,1,1,0,,,1,0,0,0,1,4,2,7
,2017_05262,39.750453,-104.993712,10/19/2017 13:29,13:29,2,0,0,LAWRENCE STREET 1800 BLOCK & 18TH STREET,1,1,0,0,1,2,0,,,1,0,0,0,1,4,2,13
,2017_05263,39.741651,-104.9787315,10/21/2017 21:12,21:12,2,0,0,16TH AVENUE EAST & WASHINGTON STREET NORTH,1,3,0,0,1,1,0,,25,1,0,0,0,1,4,2,7
,2017_05264,39.72747789,-105.0206829,10/21/2017 22:00,22:00,2,0,0,SEVENTH AVENUE WEST & UNKNOWN CROSS STREET,14,5,3,0,1,1,0,,,1,0,0,0,1,4,2,13
,2017_05265,39.748752,-104.9823135,10/25/2017 1:31,1:31,2,0,1,22ND STREET & TREMONT PLACE,1,3,0,0,1,4,0,,30,1,0,0,0,2,4,2,1
,2017_05266,39.742245,-104.99076,10/27/2017 12:30,12:30,2,0,0,15TH STREET 300 BLOCK & TREMONT PLACE,1,1,0,0,1,5,0,,,1,0,0,0,0,4,2,13
,2017_05267,39.739986,-104.963454,10/28/2017 19:50,19:50,2,0,0,RACE STREET 1500 BLOCK NORTH & COLFAX AVENUE EAST APPROXIMATELY,1,3,0,0,1,2,0,,30,1,0,0,0,0,4,2,13
,2017_05268,39.692997,-104.9792715,10/30/2017 8:36,8:36,2,0,0,WASHINGTON STREET SOUTH & LOUISIANA AVENUE EAST,2,1,0,0,1,1,0,,25,1,0,0,0,0,4,2,13
,2017_05269,39.741606,-104.9591925,11/1/2017 7:28,7:28,2,0,1,16TH AVENUE 2400 BLOCK EAST & JOSEPHINE STREET NORTH,1,1,0,0,1,2,0,,25,1,0,0,0,2,4,2,13
,2017_05270,39.7512,-105.0205275,11/4/2017 14:57,14:57,2,0,0,23RD AVENUE WEST & CLAY STREET,1,1,0,0,1,1,0,,25,1,0,0,0,1,4,2,13
,2017_05271,39.750804,-104.98743,11/4/2017 16:41,16:41,2,0,0,21ST STREET & BROADWAY NORTH,1,1,1,0,1,1,0,,,1,0,0,0,0,4,2,13
,2017_05272,39.741633,-104.967225,11/6/2017 8:16,8:16,2,0,0,16TH AVENUE EAST & GILPIN STREET NORTH,1,1,0,0,1,1,0,,25,1,0,0,0,1,4,2,13
,2017_05273,39.706056,-104.940873,11/8/2017 17:47,17:47,2,0,1,CHERRY CREEK DRIVE NORTH & COLORADO BOULEVARD SOUTH,14,5,3,0,1,4,0,,,1,0,0,0,2,4,2,13
,2017_05274,39.756987,-104.9721255,11/9/2017 18:32,18:32,2,0,1,28TH AVENUE EAST & MARION STREET NORTH,1,3,0,0,1,1,0,,,1,0,0,0,2,4,2,13