id,drcog_id,latitude,longitude,crashtime,time,crashtype,numbkilled,numbinjurd,drcoglocat,rdconditin,lightngcon,roadcntgrd,weatherco,location,roaddescrp,constrzone,schoolzone,splimit,bikeinv,pedinv,sctrinv,motoinv,svrty,rdsystem,ttlvehcls,hcf
,2017_05275,39.720906,-104.9951745,11/10/2017 8:35,8:35,2,0,1,THIRD AVENUE 500 BLOCK WEST & FOX STREET NORTH,1,1,0,0,1,5,0,,,1,0,0,0,2,4,2,13
,2017_05276,39.7170765,-104.8955513,11/10/2017 16:43,16:43,10,0,0,LOWRY BOULEVARD EAST ROUNDABOUT & FAIRMOUNT DRIVE,1,2,0,0,1,1,0,,30,0,0,0,0,0,4,3,14
,2017_05277,39.752946,-104.992614,11/11/2017 20:14,20:14,2,0,0,20TH STREET & LARIMER STREET,1,3,0,0,1,4,0,,30,1,0,0,0,0,4,2,14
,2017_05278,39.742263,-104.9993505,11/12/2017 13:16,13:16,2,0,0,CHAMPA STREET & SPEER BOULEVARD,1,1,0,0,1,2,0,,,1,0,0,0,0,4,2,13
,2017_05279,39.660327,-104.8916025,11/17/2017 7:11,7:11,2,0,0,DARTMOUTH EAST & WILLOW STREET SOUTH,1,1,0,2,1,1,0,,,1,0,0,0,1,4,2,13
,2017_05280,39.752262,-104.991804,11/17/2017 16:05,16:05,2,0,0,LAWRENCE STREET & 20TH STREET,1,3,0,0,1,1,0,,30,1,0,0,0,0,4,2,13
,2017_05281,39.674826,-104.9187825,11/21/2017 20:40,20:40,2,0,0,ILIFF AVENUE 5800 BLOCK EAST & JASMINE STREET SOUTH,1,3,0,0,5,2,0,,,1,0,0,0,1,3,2,13
,2017_05282,39.709728,-105.043212,11/24/2017 23:18,23:18,2,0,0,DAKOTA AVENUE WEST & STUART STREET SOUTH,1,4,0,0,1,1,0,,,1,0,0,0,1,4,2,3
,2017_05283,39.692952,-104.9687325,11/29/2017 15:45,15:45,2,0,0,LOUISIANA AVENUE EAST & FRANKLIN STREET SOUTH,1,1,0,0,1,1,0,,,1,0,0,0,1,4,2,14
,2017_05284,39.753054,-104.9854905,11/29/2017 16:30,16:30,2,0,0,PARK AVENUE WEST & CHAMPA STREET,1,1,0,0,1,1,0,,,1,0,0,0,0,4,2,1
,2017_05285,39.746187,-104.981085,11/29/2017 19:50,19:50,2,0,1,19TH AVENUE EAST & PENNSYLVANIA STREET NORTH,1,4,0,0,1,1,0,,30,1,0,0,0,2,4,2,8
,2017_05286,39.74885078,-104.999416,12/15/2017 12:30,12:30,2,0,1,15TH STREET & 400 BLOCK,1,1,0,0,1,2,0,,,1,0,0,0,2,4,2,13
,2017_05287,39.756456,-105.0093135,12/12/2017 9:06,9:06,2,0,0,15TH STREET & PLATTE STREET NORTH,1,1,1,0,1,1,0,,30,1,0,0,0,1,4,2,14
,2017_05288,39.73833,-104.9161455,12/15/2017 8:25,8:25,2,0,1,14TH AVENUE EAST & KRAMERIA STREET NORTH,1,1,0,0,1,4,0,,30,1,0,0,0,2,4,2,3
,2017_05289,39.730455,-104.971797,12/22/2017 17:30,17:30,2,0,0,NINTH AVENUE EAST & MARION STREET NORTH,1,3,0,0,1,1,0,,25,1,0,0,0,1,4,2,13
,2017_05290,39.749886,-104.998311,12/26/2017 0:19,0:19,2,0,0,MARKET STREET & 16TH STREET,2,3,0,2,1,1,0,,25,1,0,0,0,0,4,2,13
,2017_05291,39.718197,-104.9558355,8/1/2017 9:34,9:34,2,0,0,FIRST AVENUE EAST & CLAYTON LANE NORTH,1,1,0,0,1,1,0,,30,1,0,0,0,1,4,2,13
,2017_05292,39.71934,-104.981454,7/21/2017 9:20,9:20,2,0,1,SECOND AVENUE EAST & PENNSYLVANIA STREET NORTH,1,1,0,0,1,1,0,,25,1,0,0,0,2,4,2,8
,2017_05293,39.728934,-104.992866,9/1/2017 8:01,8:01,2,0,0,EIGHTH AVENUE WEST & DELAWARE STREET NORTH,1,1,0,0,1,1,0,,35,1,0,0,0,1,4,2,13
,2017_05294,39.732093,-105.001614,8/14/2017 7:30,7:30,2,0,0,10TH AVENUE WEST & LIPAN STREET NORTH,1,1,0,0,1,1,0,,,1,0,0,0,0,4,2,13
,2017_05295,39.733839,-104.987394,3/27/2017 8:10,8:10,2,0,1,11TH AVENUE 000 BLOCK WEST & BROADWAY STREET,1,1,0,0,1,5,0,,30,1,0,0,0,2,4,2,13
,2017_05296,39.733704,-104.9798835,8/15/2017 8:15,8:15,2,0,0,11TH AVENUE EAST & PEARL STREET NORTH,1,1,0,0,1,1,0,,30,1,0,0,0,1,4,2,13
,2017_05297,39.735252,-104.9929335,1/21/2017 14:57,14:57,2,0,1,12TH AVENUE WEST & DELAWARE STREET NORTH,1,1,0,0,1,1,0,,25,1,0,0,0,2,4,2,13
,2017_05298,39.735252,-104.9941305,3/29/2017 8:30,8:30,2,0,0,12TH AVENUE WEST & ELATI STREET,1,1,0,0,1,1,0,,25,1,0,0,0,0,4,2,14
,2017_05299,39.735036,-104.961033,8/4/2017 13:35,13:35,2,0,0,12TH AVENUE EAST & GAYLORD STREET NORTH,1,1,0,0,1,1,0,,25,1,0,0,0,1,4,2,13
,2017_05300,39.735144,-104.975271,7/20/2017 7:50,7:50,2,0,0,12TH AVENUE EAST & OGDEN STREET NORTH,1,1,0,0,1,1,0,,25,1,0,0,0,0,4,2,13
,2017_05301,39.736845,-104.9684625,8/22/2017 21:30,21:30,2,0,0,13TH AVENUE EAST & FRANKLIN STREET NORTH,1,3,0,0,1,1,0,,,1,0,0,0,0,4,2,13
,2017_05302,39.736845,-104.9987115,5/30/2017 17:06,17:06,2,0,0,13TH AVENUE WEST & SANTA FE DRIVE NORTH,1,1,0,0,1,5,0,,,1,0,0,0,1,4,2,13
,2017_05303,39.73842,-104.987394,8/29/2017 18:00,18:00,2,0,0,14TH AVENUE & 14TH AVENUE 5500 EAST,1,1,0,0,1,1,0,,35,1,0,0,0,0,4,2,13
,2017_05304,39.738285,-104.9303835,8/17/2017 13:18,13:18,2,0,1,14TH AVENUE 4900 BLOCK EAST & EUDORA STREET NORTH,1,1,0,0,1,5,0,,30,1,0,0,0,2,4,2,13
,2017_05305,39.741651,-104.9734305,7/20/2017 7:35,7:35,2,0,0,16TH AVENUE EAST & DOWNING STREET NORTH,1,1,0,0,1,1,0,,25,1,0,0,0,0,4,2,14
,2017_05306,39.74166,-104.981094,6/1/2017 7:00,7:00,2,0,1,16TH AVENUE EAST & PENNSYLVANIA STREET NORTH,1,1,0,0,1,1,0,,25,1,0,0,0,2,4,2,3
,2017_05307,39.741669,-104.9848245,7/17/2017 7:21,7:21,2,0,0,16TH AVENUE EAST & SHERMAN STREET,1,1,0,0,1,1,0,,30,1,0,0,0,1,4,2,7
,2017_05308,39.743226,-104.961006,8/10/2017 17:00,17:00,2,0,0,17TH AVENUE EAST & GAYLORD STREET NORTH,1,1,0,0,1,1,0,,,1,0,0,0,1,4,2,3
,2017_05309,39.750696,-104.959773,8/2/2017 16:45,16:45,2,0,1,23RD AVENUE & YORK STREET NORTH,1,1,0,0,1,1,0,,30,1,0,0,0,2,4,2,1
,2017_05310,39.756969,-104.959791,6/23/2017 16:39,16:39,2,0,0,28TH AVENUE EAST & YORK STREET NORTH,1,1,0,0,1,1,0,,35,1,0,0,0,0,4,3,7
,2017_05311,39.754548,-104.973372,8/15/2017 3:00,3:00,2,0,0,26TH AVENUE EAST & DOWNING STREET NORTH,1,3,0,0,1,1,0,,25,1,0,0,0,1,4,2,1
,2017_05312,39.758499,-105.0276015,3/4/2017 17:14,17:14,2,0,0,29TH AVENUE WEST & HAZEL COURT NORTH,1,2,0,0,1,1,0,,25,1,0,0,0,1,4,2,13
,2017_05313,39.758364,-104.915205,9/21/2017 18:32,18:32,2,0,1,29TH AVENUE EAST & LEYDEN STREET NORTH,1,1,0,0,1,5,0,,30,1,0,0,0,2,4,2,13
,2017_05314,39.75849,-105.038154,9/19/2017 18:05,18:05,2,0,1,29TH AVENUE WEST & OSCEOLA STREET NORTH,1,2,0,0,1,1,0,,25,1,0,0,0,2,4,2,13
,2017_05315,39.758409,-105.0158835,8/4/2017 8:49,8:49,2,0,0,29TH AVENUE WEST & ZUNI STREET NORTH,1,1,0,0,1,1,0,,,1,0,0,0,0,4,2,14
,2017_05316,39.774105,-104.882778,8/18/2017 10:44,10:44,2,0,1,40TH AVENUE EAST & CENTRAL PARK BOULEVARD NORTH,1,1,0,0,1,1,0,,35,1,0,0,0,2,4,2,13
,2017_05317,39.711186,-104.997132,8/31/2017 7:30,7:30,2,0,0,ALAMEDA AVENUE WEST & SANTA FE DRIVE SOUTH,1,1,0,0,1,1,0,,,1,0,0,0,1,4,2,13
,2017_05318,39.716262,-104.9384205,9/9/2017 16:00,16:00,2,0,0,ASH STREET NORTH & ASH STREET 3335 NORTH,1,1,0,0,1,2,0,,25,1,0,0,0,0,4,2,13
,2017_05319,39.748446,-105.0033735,8/14/2017 20:50,20:50,2,0,0,AURARIA PARKWAY & SPEER BOULEVARD NORTH,1,3,0,0,1,1,0,,25,1,0,0,0,0,4,2,1
,2017_05320,39.730428,-104.9902515,6/24/2017 21:35,21:35,2,0,1,BANNOCK STREET 900 BLOCK & NINTH AVENUE WEST,1,4,0,0,1,4,0,,25,1,0,0,0,2,4,2,8
,2017_05321,39.714714,-104.9757435,9/7/2017 18:24,18:24,2,0,1,BAYAUD AVENUE EAST & OGDEN STREET SOUTH,1,1,0,0,1,1,0,,,1,0,0,0,2,4,2,13
,2017_05322,39.759192,-105.0104835,7/26/2017 8:19,8:19,2,0,0,BOULDER STREET & 16TH STREET,1,1,0,0,1,1,0,,,1,0,0,0,1,4,2,14
,2017_05323,39.736845,-104.9873715,1/10/2017 18:20,18:20,2,0,0,BROADWAY STREET NORTH & 13TH AVENUE EAST,3,5,1,0,1,1,0,,30,1,0,0,0,0,4,2,1
,2017_05324,39.743388,-104.987394,8/25/2017 18:10,18:10,2,0,1,BROADWAY STREET NORTH & COURT PLACE,1,1,0,0,1,1,0,,,1,0,0,1,2,4,2,13
,2017_05325,39.678489,-104.9875605,6/27/2017 7:21,7:21,2,0,0,BROADWAY STREET 2000 BLOCK SOUTH & EVANS AVENUE WEST,1,1,0,0,1,2,0,,,1,0,0,0,0,4,2,14
,2017_05326,39.718341,-104.968125,9/3/2017 20:35,20:35,2,0,1,CHEESMAN PARKWAY ROAD 1 & FRANKLIN STREET NORTH,1,3,0,0,1,1,0,,,1,0,0,0,2,4,2,1
,2017_05327,39.719394,-104.94738,3/20/2017 7:47,7:47,2,0,0,COOK STREET NORTH & SECOND AVENUE EAST,1,1,0,0,1,1,0,,25,1,0,0,0,0,4,2,13
,2017_05328,39.698415,-104.9780835,1/23/2017 18:10,18:10,2,0,0,CLARKSON STREET 1800 BLOCK SOUTH & TENNESSEE AVENUE EAST,1,4,0,0,1,1,0,,25,1,0,0,0,1,4,2,13
,2017_05329,39.77661467,-104.9922896,3/21/2017 13:00,13:00,2,0,0,DELAWARE STREET & 1300 BLOCK NORTH,1,1,0,0,1,2,0,,,1,0,0,0,0,4,2,13
,2017_05330,39.633417,-104.893272,7/21/2017 7:40,7:40,2,0,0,DTC BOULEVARD 4800 BLOCK SOUTH & TUFTS AVENUE EAST,1,1,1,0,1,3,0,,30,1,0,0,0,0,4,2,13
,2017_05331,39.716559,-104.9875155,4/9/2017 13:29,13:29,2,0,1,ELLSWORTH AVENUE WEST & BROADWAY STREET NORTH,1,1,0,0,1,1,0,,,1,0,0,0,2,4,2,7
,2017_05332,39.678624,-105.0250365,8/25/2017 22:35,22:35,2,0,0,EVANS AVENUE WEST & FEDERAL BOULEVARD SOUTH,1,3,0,0,1,2,0,,,1,0,0,0,1,4,2,13
,2017_05333,39.70386,-104.903496,1/27/2017 12:25,12:25,2,0,1,EXPOSITION AVENUE EAST & QUEBEC STREET SOUTH,1,1,0,0,1,1,0,,25,1,0,0,0,2,4,2,13
,2017_05334,39.733866,-104.9361435,8/15/2017 8:00,8:00,2,0,1,HALE PARKWAY EAST & BIRCH STREET NORTH,1,1,0,0,1,1,0,,30,1,0,0,0,2,4,2,14
,2017_05335,39.73347,-104.9350005,8/28/2017 8:29,8:29,2,0,1,HALE PARKWAY EAST & CLERMONT STREET NORTH,1,1,0,0,1,1,0,,,1,0,0,0,2,4,2,13
,2017_05336,39.682197,-105.004071,6/12/2017 17:21,17:21,2,0,1,JEWELL AVENUE WEST & NAVAJO STREET SOUTH,1,1,1,0,1,1,0,,,1,0,0,0,2,4,2,14
,2017_05337,39.75598641,-104.9867881,8/18/2017 10:10,10:10,2,0,1,LAWRENCE STREET 2400 BLOCK & 24TH STREET,1,1,0,0,1,3,0,,,1,0,0,0,2,4,2,3
,2017_05338,39.735279,-105.00282,4/12/2017 7:35,7:35,2,0,0,MARIPOSA STREET NORTH & 12TH AVENUE WEST,1,1,0,0,1,1,0,,,1,0,0,0,1,4,2,14
,2017_05339,39.753207,-104.993451,3/4/2017 23:14,23:14,2,0,0,MARKET STREET 1900 BLOCK & 19TH STREET,1,3,0,0,1,4,0,,30,1,0,0,0,0,4,2,13
,2017_05340,39.685698,-104.9316705,8/29/2017 12:02,12:02,2,0,0,MEXICO AVENUE EAST & DAHLIA STREET SOUTH,1,1,0,0,1,1,0,,30,1,0,0,0,0,4,2,13
,2017_05341,39.735126,-104.9517045,1/11/2017 7:50,7:50,2,0,0,MILWAUKEE STREET NORTH & 12TH AVENUE EAST,1,1,0,0,1,1,0,,25,1,0,0,0,1,4,2,13
,2017_05342,39.69657,-104.9569875,8/16/2017 9:36,9:36,2,0,0,MISSISSIPPI AVENUE 2400 BLOCK EAST & COLUMBINE STREET SOUTH,1,1,1,0,1,5,0,,,1,0,0,0,1,4,2,1
,2017_05343,39.69675,-105.010713,9/14/2017 19:55,19:55,2,0,0,MISSISSIPPI AVENUE WEST & SHOSHONE STREET SOUTH,1,3,0,0,1,4,0,,30,1,0,0,0,0,4,2,5
,2017_05344,39.761811,-104.949891,8/7/2017 9:44,9:44,2,0,1,MLK BOULEVARD EAST & STEELE STREET NORTH,2,1,0,1,1,1,0,,,1,0,0,0,2,4,2,6
,2017_05345,39.69846,-104.9129235,3/3/2017 17:04,17:04,2,0,1,MONACO STREET SOUTH & TENNESSEE AVENUE EAST,2,1,0,1,1,1,0,,,1,0,0,0,2,4,2,1
,2017_05346,39.702033,-104.964003,9/18/2017 17:55,17:55,2,0,1,OHIO AVENUE EAST & RACE STREET SOUTH,1,2,0,0,1,1,0,,25,1,0,0,0,2,4,2,13
,2017_05347,39.73691864,-105.0052629,8/18/2017 12:29,12:29,6,0,0,OSAGE STREET 1300 BLOCK NORTH & 13TH AVENUE WEST,1,1,1,0,1,4,0,,30,0,0,0,0,1,4,2,12
,2017_05348,39.765726,-104.9948415,8/28/2017 7:35,7:35,2,0,0,PARK AVENUE WEST & GLOBEVILLE ROAD,1,1,0,0,1,1,0,,35,1,0,0,0,1,4,2,13
,2017_05349,39.741453,-104.9046345,8/15/2017 18:40,18:40,2,0,0,POPLAR STREET NORTH & 16TH AVENUE EAST,1,1,0,0,1,1,0,,30,1,0,0,0,0,4,2,13
,2017_05350,39.687372,-104.903604,2/15/2017 18:52,18:52,2,0,1,QUEBEC STREET SOUTH & IOWA AVENUE EAST,1,3,0,0,1,1,0,,,1,0,0,0,2,4,2,14
,2017_05351,39.67780031,-104.9633193,8/28/2017 23:20,23:20,2,0,0,RACE / VINE STREET NORTH ALLEY & 2200 BLOCK NORTH,1,4,0,0,1,5,0,,,1,0,0,0,0,4,2,13
,2017_05352,39.787425,-105.031053,1/30/2017 16:02,16:02,2,0,0,REGIS BOULEVARD 3400 BLOCK WEST & JULIAN STREET NORTH,1,1,0,0,1,2,0,,25,1,0,0,0,0,4,2,10
,2017_05353,39.750255,-105.001182,7/29/2017 22:57,22:57,2,0,0,15TH STREET & WAZEE STREET,1,3,0,0,1,1,0,,30,1,0,0,0,0,4,2,3
,2017_05354,39.745188,-104.992164,3/19/2017 16:50,16:50,2,0,0,16TH STREET & CALIFORNIA STREET,1,1,0,0,1,3,0,,,1,0,0,0,1,4,2,3
,2017_05355,39.748392,-104.991516,3/22/2017 16:09,16:09,2,0,1,18TH STREET & CHAMPA STREET,1,1,0,0,1,1,0,,,1,0,0,0,2,4,2,13
,2017_05356,39.736863,-104.996484,7/31/2017 18:34,18:34,2,0,0,SPEER BOULEVARD NORTH & 13TH AVENUE WEST,1,1,0,0,1,1,0,,30,1,0,0,0,0,4,2,13
,2017_05357,39.736863,-104.996484,8/10/2017 17:09,17:09,2,0,0,SPEER BOULEVARD NORTHBOUND & 13TH AVENUE WEST,1,1,0,0,1,1,0,,,1,0,0,0,0,4,2,13
,2017_05358,39.744468,-105.0000435,5/30/2017 4:35,4:35,2,0,0,SPEER BOULEVARD NORTH & ARAPAHOE STREET,1,1,0,0,1,1,0,,30,1,0,0,0,1,4,2,13
,2017_05359,39.749571,-104.9882535,8/1/2017 14:24,14:24,2,0,0,STOUT STREET & 20TH STREET,1,1,0,0,1,1,0,,,1,0,0,0,1,4,2,13
,2017_05360,39.70755,-105.0038505,4/23/2017 18:44,18:44,2,0,0,VIRGINIA AVENUE WEST & NAVAJO STREET SOUTH,1,2,0,0,1,1,0,,25,1,0,0,0,1,4,2,1
,2017_05361,39.764565,-105.0109515,3/28/2017 16:35,16:35,2,0,0,TEJON STREET 3400 BLOCK NORTH & 34TH STREET WEST,1,1,0,0,1,4,0,,30,1,0,0,0,0,4,2,3
,2017_05371,39.69466527,-104.937357,2/3/2017 18:39,18:39,11,0,1,ARIZONA AVENUE & BELLAIRE STREET SOUTH,1,3,0,0,1,3,0,,,0,1,0,0,3,4,2,13
,2017_05381,39.71749962,-104.934964,3/9/2017 7:42,7:42,2,0,0,CLERMONT STREET 000 BLOCK NORTH & FIRST AVENUE EAST,1,1,0,0,1,4,0,,25,1,0,0,0,1,4,2,13
,2017_05382,39.65290309,-105.0567047,8/17/2017 2:32,2:32,9,0,1,HAMPDEN AVENUE FRONTAGE ROAD  & 5500 BLOCK WEST,1,3,0,0,2,4,0,,30,0,0,0,1,3,4,1,1
,2017_05383,39.72248019,-104.9509894,8/29/2017 17:05,17:05,2,0,0,STREET PAUL STREET NORTH & FOURTH AVENUE EAST,1,1,0,0,1,1,0,,,1,0,0,0,1,4,2,13
,2017_05498,39.779247,-104.989165,10/2/2017 2:11,2:11,12,0,0,I25 & I70 INTCH,2,3,0,1,1,4,0,,,0,0,0,0,0,1,2,13
,2017_05562,39.660219,-104.864481,4/19/2017 11:15,11:15,6,0,0,BETHANY DRIVE EAST & DARTMOUTH AVENUE EAST,1,1,0,0,1,2,0,,25,0,0,0,0,0,4,2,3
,2017_05702,39.790899,-105.053234,9/22/2017 13:27,13:27,3,0,0,52ND AVENUE WEST & SHERIDAN BOULEVARD,1,1,0,0,1,1,0,,35,0,0,0,0,0,2,2,13
,2017_05704,39.790899,-105.053234,11/27/2017 12:07,12:07,15,0,0,SHERIDAN BOULEVARD 5100 BLOCK NORTH & 52ND AVENUE WEST,1,1,1,0,1,4,0,,35,0,0,0,0,0,2,2,13
,2017_05705,39.791053,-105.053233,9/10/2017 17:09,17:09,12,0,0,HIGHWAY 95 & 52ND AVENUE WEST,1,1,0,0,1,3,0,,40,0,0,0,0,0,2,2,4
,2017_05828,39.757887,-104.9844735,1/18/2017 12:00,12:00,3,0,0,LAWRENCE STREET & 26TH STREET,1,1,0,7,1,1,0,,25,0,0,0,0,0,4,2,16
,2017_05866,39.666379,-105.081429,6/7/2017 15:50,15:50,12,0,0,WADSWORTH BOULEVARD & 2700 BLOCK SOUTH,1,1,0,0,1,4,0,,40,0,0,0,0,0,2,2,14
,2017_05873,39.664364,-105.081439,1/4/2017 11:18,11:18,15,0,0,WADSWORTH BOULEVARD & DUQUESANE AVENUE,8,1,0,2,1,4,0,,45,0,0,0,0,0,2,2,13
,2017_05874,39.665573,-105.081433,12/15/2017 12:54,12:54,12,0,0,WADSWORTH BOULEVARD SOUTH & AMHERST AVENUE WEST,1,1,0,0,1,4,0,,40,0,0,0,0,0,2,2,3
,2017_05875,39.665707,-105.081432,7/13/2017 13:44,13:44,5,0,0,WADSWORTH BOULEVARD SOUTH & AMHERST AVENUE WEST,1,1,0,0,1,4,0,,,0,0,0,0,0,2,2,13
,2017_05876,39.665707,-105.081432,8/7/2017 6:54,6:54,1,0,1,AMHERST AVENUE WEST & WADSWORTH BOULEVARD SOUTH,1,1,0,0,1,1,0,,40,0,0,0,0,2,2,2,13
,2017_05877,39.665707,-105.081432,9/29/2017 5:30,5:30,3,0,0,WADSWORTH BOULEVARD SOUTH & AMHERST AVENUE WEST,1,3,0,0,1,1,0,,30,0,0,0,0,0,2,2,2
,2017_05878,39.665707,-105.081432,11/27/2017 15:50,15:50,12,0,0,WADSWORTH BOULEVARD SOUTH & AMHERST AVENUE WEST,1,1,1,0,1,3,0,,40,0,0,0,0,0,2,3,3
,2017_05879,39.665707,-105.081432,12/18/2017 13:44,13:44,1,0,0,WADSWORTH BOULEVARD SOUTH & AMHERST AVENUE WEST,1,1,0,0,1,1,0,,45,0,0,0,0,0,2,2,13
,2017_05880,39.666916,-105.081426,5/5/2017 14:56,14:56,3,0,0,WADSWORTH BOULEVARD & YALE AVENUE,1,1,0,0,1,2,0,,45,0,0,0,0,0,2,2,14
,2017_05881,39.666916,-105.081426,8/31/2017 10:40,10:40,12,0,0,WADSWORTH BOULEVARD SOUTH & YALE AVENUE WEST,1,1,0,0,1,4,0,,40,0,0,0,0,1,2,3,7
,2017_05882,39.66705,-105.081425,3/15/2017 17:00,17:00,9,0,0,WADSWORTH BOULEVARD SOUTH & MM 8,1,1,0,0,1,1,0,,45,0,0,0,0,1,2,2,1
,2017_05883,39.667185,-105.081424,3/31/2017 16:46,16:46,15,0,0,WADSWORTH BOULEVARD SOUTH & YALE AVENUE,2,1,0,1,1,4,0,,,0,0,0,0,0,2,2,13
,2017_05884,39.667453,-105.081423,2/27/2017 7:18,7:18,12,0,0,WADSWORTH BOULEVARD SOUTH & YALE AVENUE,1,1,1,0,1,3,0,,45,0,0,0,0,0,2,2,3
,2017_05885,39.667588,-105.081422,5/30/2017 18:08,18:08,12,0,0,WADSWORTH BOULEVARD SOUTH & YALE AVENUE WEST,1,1,1,0,1,3,0,,30,0,0,0,0,0,2,2,5
,2017_05887,39.667733,-105.081421,1/11/2017 21:23,21:23,10,0,0,WADSWORTH BOULEVARD SOUTH & YALE AVENUE WEST,1,3,1,0,1,1,0,,45,0,0,0,0,0,2,2,1
,2017_05888,39.667733,-105.081421,2/3/2017 13:17,13:17,12,0,0,YALE AVENUE WEST & WADSWORTH BOULEVARD SOUTH,2,1,0,0,1,1,0,,35,0,0,0,0,0,2,2,3
,2017_05889,39.667733,-105.081421,2/15/2017 19:35,19:35,3,0,0,WADSWORTH BOULEVARD SOUTH & YALE AVENUE WEST,1,3,1,0,1,1,0,,40,0,0,0,0,0,2,2,14
,2017_05890,39.667733,-105.081421,4/8/2017 12:32,12:32,1,0,0,HIGHWAY 121 / WADSWORTH BOULEVARD SOUTH & YALE AVENUE WEST,1,1,1,0,1,1,0,,45,0,0,0,0,1,2,2,13
,2017_05891,39.667733,-105.081421,4/12/2017 17:26,17:26,1,0,0,WADSWORTH BOULEVARD & YALE AVENUE,1,1,0,0,1,1,0,,40,0,0,0,0,0,2,2,13
,2017_05892,39.667733,-105.081421,7/18/2017 19:00,19:00,5,0,0,WADSWORTH BOULEVARD SOUTH & YALE AVENUE WEST,1,1,0,0,3,1,0,,45,0,0,0,0,0,2,1,7
,2017_05893,39.667733,-105.081421,8/23/2017 17:35,17:35,1,0,0,YALE AVENUE WEST & WADSWORTH BOULEVARD SOUTH,1,1,0,0,1,1,0,,30,0,0,0,0,0,2,3,7
,2017_05894,39.667733,-105.081421,9/13/2017 13:10,13:10,3,0,0,WADSWORTH BOULEVARD SOUTH & YALE AVENUE WEST,1,1,1,0,1,1,0,,5,0,0,0,0,0,2,2,7
,2017_05895,39.667733,-105.081421,9/23/2017 11:59,11:59,3,0,0,WADSWORTH BOULEVARD SOUTH & YALE AVENUE WEST,1,1,1,0,1,1,0,,45,0,0,0,0,0,2,2,14
,2017_05896,39.667733,-105.081421,10/2/2017 7:47,7:47,12,0,0,WADSWORTH BOULEVARD SOUTH & YALE AVENUE WEST,2,1,0,1,1,3,0,,40,0,0,0,0,0,2,2,13
,2017_05897,39.667733,-105.081421,11/13/2017 21:30,21:30,3,0,0,WADSWORTH BOULEVARD SOUTH & YALE AVENUE WEST,1,1,1,0,1,1,0,,40,0,0,0,0,0,2,2,7
,2017_05898,39.667733,-105.081421,11/28/2017 19:55,19:55,1,0,0,WADSWORTH BOULEVARD SOUTH & YALE AVENUE WEST,1,3,1,0,1,1,0,,45,0,0,0,0,1,2,2,14
,2017_05899,39.667733,-105.081421,12/21/2017 6:05,6:05,3,0,0,WADSWORTH BOULEVARD SOUTH & YALE AVENUE WEST,5,3,1,2,1,1,0,,45,0,0,0,0,1,2,2,13
,2017_05900,39.667733,-105.081421,12/22/2017 0:01,0:01,1,0,0,WADSWORTH BOULEVARD SOUTH & YALE AVENUE WEST,2,3,0,0,1,1,0,,30,0,0,0,0,0,2,2,13
,2017_05901,39.668016,-105.081415,2/3/2017 19:46,19:46,12,0,0,YALE AVENUE WEST & WADSWORTH BOULEVARD SOUTH,1,3,1,0,1,4,0,,45,0,0,0,0,0,2,4,5
,2017_05902,39.668016,-105.081415,2/19/2017 15:12,15:12,12,0,0,WADSWORTH BOULEVARD SOUTH & YALE AVENUE,1,1,0,0,1,4,0,,45,0,0,0,0,0,2,2,3
,2017_06019,39.689334,-104.903604,9/1/2017 15:10,15:10,12,0,0,FLORIDA AVENUE EAST & QUEBEC STREET SOUTH,1,1,0,0,1,3,0,,30,0,0,0,0,0,4,2,3
,2017_06020,39.674754,-104.870862,9/6/2017 15:42,15:42,12,0,0,ILIFF AVENUE EAST & HIGHWAY 83,1,1,0,0,1,4,0,,45,0,0,0,0,0,4,2,13
,2017_06021,39.666042,-104.8922325,9/24/2017 21:00,21:00,12,0,0,SYRACUSE WAY & VALENTIA STREET,1,3,0,0,1,1,0,,35,0,0,0,0,0,4,2,5
,2017_06022,39.674745,-104.8740345,1/25/2017 12:30,12:30,12,0,0,EMPORIA STREET & ILIFF AVENUE EAST,1,1,0,7,1,3,0,,30,0,0,0,0,0,4,2,16
,2017_06028,39.791025,-105.00642,6/21/2017 7:27,7:27,12,0,0,PECOS STREET & 52ND AVENUE WEST,1,1,0,0,1,3,0,,35,0,0,0,0,0,4,2,13
,2017_06029,39.791025,-105.00642,8/21/2017 10:00,10:00,3,0,0,PECOS STREET & 52ND AVENUE WEST,1,1,0,0,1,1,0,,35,0,0,0,0,1,4,2,3
,2017_06030,39.791124,-105.0357825,12/2/2017 21:15,21:15,3,0,0,52ND AVENUE & MEADE STREET,1,4,0,0,1,1,0,,35,0,0,0,0,0,4,2,13
,2017_06073,39.725652,-105.053207,7/21/2017 14:10,14:10,5,0,0,SIXTH AVENUE WEST & SHERIDAN BOULEVARD,1,1,0,0,3,4,0,,,0,0,0,0,0,2,1,13
,2017_06113,39.725821,-105.05313,5/29/2017 17:16,17:16,2,0,1,SHERIDAN BOULEVARD NORTH & SIXTH AVENUE WEST,1,1,1,0,1,1,0,,,1,0,0,0,3,2,2,13
,2017_06115,39.62714,-104.903386,10/31/2017 0:35,0:35,5,0,0,I25 & BELLEVIEW AVENUE EAST,1,3,0,0,3,4,0,,55,0,0,0,0,0,1,1,13
,2017_06116,39.671381,-104.86657,12/3/2017 19:22,19:22,11,0,1,PARKER ROAD SOUTH 2600 BLOCK & HAVANA STREET SOUTH,1,4,0,0,1,4,0,,,0,1,0,0,3,2,2,13