id,drcog_id,latitude,longitude,crashtime,time,crashtype,numbkilled,numbinjurd,drcoglocat,rdconditin,lightngcon,roadcntgrd,weatherco,location,roaddescrp,constrzone,schoolzone,splimit,bikeinv,pedinv,sctrinv,motoinv,svrty,rdsystem,ttlvehcls,hcf
,2017_06120,39.77238,-104.828321,8/7/2017 17:28,17:28,12,0,1,I70 & PEORIA STREET,2,1,0,0,1,4,0,,65,0,0,0,0,3,1,2,14
,2017_06121,39.682251,-105.053195,10/2/2017 18:29,18:29,1,0,1,JEWELL AVENUE WEST & SHERIDAN BOULEVARD SOUTH,2,4,0,1,1,1,0,,45,0,0,0,0,3,2,2,14
,2017_06125,39.729624,-105.053227,11/4/2017 1:23,1:23,15,0,3,SHERIDAN BOULEVARD & EIGHTH AVENUE WEST,1,3,2,0,1,1,0,,35,0,0,0,0,3,2,3,5
,2017_06126,39.731335,-105.053224,9/19/2017 22:00,22:00,3,0,1,SHERIDAN BOULEVARD & NINTH AVENUE WEST,1,3,0,0,1,1,0,,35,0,0,0,1,3,2,2,13
,2017_06130,39.674754,-104.870862,4/18/2017 8:30,8:30,1,0,1,ILIFF AVENUE EAST & PARKER ROAD SOUTH,1,1,0,0,1,2,0,,40,0,0,0,0,3,4,2,3
,2017_06135,39.682251,-105.053195,10/12/2017 20:16,20:16,11,0,1,SHERIDAN BOULEVARD SOUTH & JEWELL AVENUE WEST,1,3,0,0,1,1,0,,40,0,1,0,0,2,2,3,14
,2017_06137,39.78918,-104.834844,7/18/2017 19:32,19:32,11,0,0,UVALDA STREET NORTH & VICTOR WAY NORTH,1,1,0,0,1,4,0,,,0,1,0,0,1,4,2,13
,2017_06144,39.69659,-104.940565,4/24/2017 21:01,21:01,12,0,0,COLORADO BOULEVARD SOUTH & MISSISSIPPI AVENUE EAST,1,3,1,0,1,1,0,,35,0,0,0,0,0,2,2,3
,2017_06146,39.69659,-104.940565,8/12/2017 13:15,13:15,3,0,0,COLORADO BOULEVARD SOUTH & MISSISSIPPI AVENUE EAST,1,1,0,0,1,1,0,,35,0,0,0,0,0,2,2,13
,2017_06147,39.69659,-104.940565,9/28/2017 14:10,14:10,15,0,0,COLORADO BOULEVARD SOUTH & MISSISSIPPI AVENUE EAST,1,1,0,0,1,1,0,,30,0,0,0,0,0,2,2,13
,2017_06209,39.712952,-104.940611,4/26/2017 15:17,15:17,12,0,0,COLORADO BOULEVARD SOUTH & ALAMEDA AVENUE EAST,1,1,0,0,1,4,0,,35,0,0,0,0,0,2,2,3
,2017_06211,39.713244,-104.940611,2/9/2017 9:56,9:56,12,0,0,COLORADO BOULEVARD SOUTH & ALAMEDA AVENUE EAST,1,1,0,0,1,4,0,,35,0,0,0,0,0,2,2,13
,2017_06212,39.713244,-104.940611,10/13/2017 16:42,16:42,12,0,0,COLORADO BOULEVARD SOUTH & 300 BLOCK SOUTH / ALAMEDA AVENUE EAST,1,2,0,0,1,4,0,,35,0,0,0,0,0,2,3,13
,2017_06232,39.725608,-105.044198,12/15/2017 17:56,17:56,12,0,0,SIXTH AVENUE WEST & SHERIDAN BOULEVARD,1,3,1,0,1,4,0,,65,0,0,0,0,0,2,2,3
,2017_06304,39.669351,-104.866091,3/5/2017 17:20,17:20,12,0,0,PARKER ROAD SOUTH & HAVANA STREET SOUTH,1,1,1,0,1,3,0,,35,0,0,0,0,0,2,2,13
,2017_06305,39.669351,-104.866091,5/17/2017 14:25,14:25,12,0,0,HAVANA STREET SOUTH & PARKER ROAD SOUTH,1,1,1,0,1,3,0,,45,0,0,0,0,1,2,2,4
,2017_06306,39.669351,-104.866091,6/9/2017 12:50,12:50,15,0,0,HAVANA STREET SOUTH & PARKER ROAD SOUTH,1,1,1,0,1,3,0,,45,0,0,0,0,0,2,2,14
,2017_06307,39.669351,-104.866091,12/2/2017 3:06,3:06,12,0,0,HAVANA STREET SOUTH & PARKER ROAD SOUTH,1,3,0,0,1,1,0,,35,0,0,0,0,0,2,2,14
,2017_06308,39.669351,-104.866091,12/4/2017 4:51,4:51,12,0,0,HAVANA STREET SOUTH & PARKER ROAD SOUTH,1,4,0,0,1,1,0,,40,0,0,0,0,1,2,2,14
,2017_06309,39.669351,-104.866091,12/9/2017 2:30,2:30,12,0,1,HAVANA STREET SOUTH & PARKER ROAD SOUTH,1,4,0,0,1,1,0,,45,0,0,0,0,2,2,3,13
,2017_06310,39.669477,-104.866088,12/23/2017 1:18,1:18,12,0,0,HAVANA STREET SOUTH & PARKER ROAD SOUTH,1,3,1,0,1,4,0,,45,0,0,0,0,1,2,2,5
,2017_06311,39.669856,-104.866078,8/31/2017 17:12,17:12,12,0,1,HAVANA STREET SOUTH & PARKER ROAD SOUTH,1,1,1,0,1,4,0,,45,0,0,0,0,2,2,2,13
,2017_06312,39.67476,-104.870723,9/15/2017 13:35,13:35,12,0,0,ILIFF AVENUE EAST & PARKER ROAD SOUTH,1,1,0,0,1,3,0,,35,0,0,0,0,1,2,2,3
,2017_06313,39.670234,-104.866069,5/4/2017 12:15,12:15,15,0,0,HAVANA STREET SOUTH & PARKER ROAD SOUTH,1,1,0,0,1,4,1,,45,0,0,0,0,0,2,3,3
,2017_06314,39.670991,-104.86605,11/3/2017 17:06,17:06,1,0,0,HAVANA STREET SOUTH & PARKER ROAD SOUTH,1,1,1,0,1,2,0,,45,0,0,0,0,0,2,2,13
,2017_06321,39.705872,-104.865974,7/14/2017 16:56,16:56,1,0,0,HAVANA STREET SOUTH & GALENA WAY SOUTH,1,1,0,0,1,2,0,,40,0,0,0,0,1,2,2,13
,2017_06322,39.707393,-104.86598,8/21/2017 13:50,13:50,6,0,0,VIRGINIA AVENUE EAST & HAVANA STREET SOUTH,1,1,0,0,1,4,0,,25,0,0,0,0,1,2,4,1
,2017_06323,39.707393,-104.86598,10/6/2017 7:45,7:45,3,0,0,HAVANA STREET SOUTH & VIRGINIA AVENUE EAST,1,1,0,0,1,1,0,,25,0,0,0,0,0,2,2,7
,2017_06324,39.707393,-104.86598,10/27/2017 9:27,9:27,12,0,0,HAVANA STREET SOUTH & VIRGINIA AVENUE EAST,1,1,0,0,1,1,0,,45,0,0,0,0,0,2,2,13
,2017_06326,39.707393,-104.86598,12/1/2017 15:55,15:55,15,0,0,HAVANA STREET SOUTH & VIRGINIA AVENUE EAST,1,1,0,0,1,1,0,,40,0,0,0,0,0,2,2,14
,2017_06327,39.707556,-104.865979,10/19/2017 17:41,17:41,10,0,0,HAVANA STREET SOUTH & VIRGINIA AVENUE EAST,1,1,0,0,1,4,0,,40,0,0,0,0,0,2,2,8
,2017_06358,39.789389,-105.064984,7/2/2017 23:04,23:04,12,0,0,I76 & HIGHWAY 95 / SHERIDAN BOULEVARD,1,3,1,0,1,4,0,,,0,0,0,0,1,1,2,13
,2017_06359,39.659012,-104.848916,9/25/2017 12:14,12:14,1,0,0,PARKER ROAD SOUTH & 3259 / TACO BELL ENTERANCE,1,1,0,0,1,2,0,,,0,0,0,0,1,2,2,14
,2017_06360,39.670932,-104.866018,9/1/2017 15:41,15:41,1,0,0,PARKER ROAD SOUTH & HAVANA STREET SOUTH,1,1,0,0,1,3,0,,45,0,0,0,0,0,2,3,13
,2017_06361,39.67476,-104.870723,7/10/2017 11:23,11:23,12,0,0,HIGHWAY 83 & ILIFF AVENUE EAST,1,1,0,0,1,3,0,,45,0,0,0,0,0,2,2,7
,2017_06362,39.67476,-104.870723,8/10/2017 12:10,12:10,12,0,0,HIGHWAY 83 & ILIFF AVENUE EAST,1,1,0,0,1,1,0,,45,0,0,0,0,1,2,2,13
,2017_06363,39.67476,-104.870723,9/6/2017 17:48,17:48,12,0,0,ILIFF AVENUE EAST & PARKER ROAD SOUTH,1,1,1,0,1,3,0,,40,0,0,0,0,1,2,2,7
,2017_06365,39.708375,-104.928114,2/10/2017 18:06,18:06,12,0,0,LEETSDALE DRIVE & 5100 BLOCK,1,2,0,0,1,4,0,,35,0,0,0,0,0,2,2,7
,2017_06366,39.708648,-104.929586,7/9/2017 15:01,15:01,3,0,1,LEETSDALE DRIVE & ELM STREET SOUTH,1,1,0,0,1,1,0,,35,0,0,0,0,2,2,2,3
,2017_06367,39.708648,-104.929586,11/7/2017 16:52,16:52,12,0,0,LEETSDALE DRIVE & 4900 BLOCK / ELM STREET SOUTH,2,2,0,1,1,1,0,,35,0,0,0,0,0,2,2,13
,2017_06368,39.708762,-104.930132,7/25/2017 17:54,17:54,12,0,0,LEETSDALE DRIVE & ELM STREET,2,1,0,1,1,4,0,,35,0,0,0,0,0,2,2,4
,2017_06369,39.709165,-104.931536,11/8/2017 7:55,7:55,1,0,0,LEETSDALE DRIVE & DAHLIA STREET SOUTH,1,1,0,0,1,1,0,,35,0,0,0,0,1,2,2,13
,2017_06370,39.709165,-104.931536,11/13/2017 14:35,14:35,15,0,0,LEETSDALE DRIVE & 4600 BLOCK / DAHLIA STREET SOUTH,1,1,0,0,1,4,0,,35,0,0,0,0,0,2,2,14
,2017_06371,39.709165,-104.931536,12/29/2017 15:05,15:05,3,0,0,LEETSDALE DRIVE & DAHLIA STREET SOUTH,1,1,1,0,1,1,0,,35,0,0,0,0,0,2,2,8
,2017_06372,39.631444,-105.025488,4/5/2017 18:49,18:49,1,0,0,FEDERAL BOULEVARD SOUTH & UNION AVENUE WEST,1,1,0,0,1,1,0,,35,0,0,0,0,0,2,2,13
,2017_06373,39.631444,-105.025488,11/14/2017 5:35,5:35,3,0,0,UNION AVENUE WEST & FEDERAL BOULEVARD SOUTH,1,3,0,0,1,1,0,,,0,0,0,0,0,2,2,13
,2017_06389,39.763773,-104.976351,3/3/2017 18:13,18:13,6,0,0,LAWRENCE STREET 3200 BLOCK & 32ND STREET,1,3,0,0,1,4,0,,25,0,0,0,0,0,4,2,13
,2017_06393,39.685927,-105.053184,4/18/2017 17:38,17:38,12,0,0,SHERIDAN BOULEVARD SOUTH & MEXICO AVENUE WEST,1,1,0,0,1,4,0,,40,0,0,0,0,1,2,2,3
,2017_06395,39.682251,-105.053195,1/26/2017 7:10,7:10,12,0,0,SHERIDAN BOULEVARD SOUTH & JEWELL AVENUE WEST,1,1,1,0,1,3,0,,40,0,0,0,0,0,2,2,3
,2017_06396,39.682251,-105.053195,1/26/2017 7:47,7:47,12,0,0,SHERIDAN BOULEVARD SOUTH & JEWELL AVENUE WEST,1,1,1,0,1,3,0,,40,0,0,0,0,0,2,2,3
,2017_06397,39.682251,-105.053195,6/18/2017 18:02,18:02,15,0,0,SHERIDAN BOULEVARD SOUTH & JEWELL AVENUE WEST,1,1,1,0,1,1,0,,40,0,0,0,0,0,2,2,14
,2017_06398,39.682398,-105.053191,4/2/2017 13:01,13:01,12,0,0,SHERIDAN BOULEVARD & JEWELL AVENUE,1,1,1,0,1,1,0,,35,0,0,0,0,0,2,2,3
,2017_06399,39.682546,-105.05319,2/13/2017 14:44,14:44,12,0,0,SHERIDAN BOULEVARD SOUTH & JEWELL AVENUE WEST,1,1,1,0,1,4,0,,40,0,0,0,0,0,2,2,3
,2017_06400,39.683433,-105.053188,4/4/2017 15:40,15:40,12,0,0,SHERIDAN BOULEVARD SOUTH & COLORADO AVENUE WEST,2,1,1,0,1,3,0,,35,0,0,0,0,1,2,2,3
,2017_06401,39.68432,-105.053187,8/23/2017 7:19,7:19,15,0,0,SHERIDAN BOULEVARD SOUTH & MEXICO AVENUE WEST,1,1,1,0,1,1,0,,40,0,0,0,0,1,2,2,13
,2017_06402,39.685927,-105.053184,6/10/2017 16:50,16:50,12,0,0,SHERIDAN BOULEVARD SOUTH & 1805 SOUTH SHERIDAN BOULEVARD,1,1,0,0,1,2,0,,40,0,0,0,0,0,2,2,14
,2017_06412,39.690808,-105.053196,2/11/2017 15:20,15:20,15,0,0,SHERIDAN BOULEVARD & ARKANSAS AVENUE,1,1,0,0,1,1,0,,40,0,0,0,0,0,2,2,14
,2017_06413,39.691099,-105.053198,3/20/2017 15:17,15:17,12,0,0,SHERIDAN BOULEVARD & ARKANSAS AVENUE,1,1,0,0,1,2,0,,35,0,0,0,0,0,2,2,3
,2017_06414,39.691828,-105.053204,12/11/2017 16:22,16:22,12,0,1,SHERIDAN BOULEVARD SOUTH & ARKANSAS AVENUE WEST,1,1,0,0,1,4,0,,45,0,0,0,0,2,2,2,1
,2017_06415,39.693285,-105.053215,12/23/2017 14:25,14:25,12,0,0,SHERIDAN BOULEVARD SOUTH & LOUISIANA AVENUE WEST,1,1,0,0,1,1,0,,35,0,0,0,0,0,2,2,14
,2017_06416,39.695178,-105.053229,7/14/2017 22:36,22:36,3,0,1,ARIZONA AVENUE WEST & SHERIDAN BOULEVARD SOUTH,1,3,0,0,1,1,0,,25,0,0,0,0,2,2,2,5
,2017_06462,39.801582,-104.7626955,10/22/2017 10:21,10:21,6,0,0,58TH AVENUE EAST & DUNKIRK STREET NORTH,1,2,0,0,1,4,0,,25,0,0,0,0,0,4,2,14
,2017_06472,39.727355,-105.05323,10/11/2017 13:59,13:59,3,0,0,SHERIDAN BOULEVARD & SIXTH AVENUE WEST,1,1,1,0,1,1,0,,35,0,0,0,0,0,2,2,13
,2017_06486,39.73193211,-104.9706651,3/23/2017 13:52,13:52,5,0,0,LAYFAYETTE STREET & 3300 BLOCK NORTH,1,1,0,0,2,4,0,,25,0,0,0,0,1,4,1,5
,2017_06488,39.724175,-105.053225,9/5/2017 6:29,6:29,12,0,0,SHERIDAN BOULEVARD 500 BLOCK NORTH & FIFTH AVENUE WEST,1,1,1,0,1,4,0,,35,0,0,0,0,0,2,2,13
,2017_06489,39.725821,-105.05313,9/2/2017 17:48,17:48,12,0,0,SHERIDAN BOULEVARD & SIXTH AVENUE WEST,1,2,0,0,1,3,0,,35,0,0,0,0,0,2,2,3
,2017_06490,39.724252,-105.053196,11/1/2017 6:45,6:45,12,0,0,SHERIDAN BOULEVARD & 500 BLOCK NORTH,1,3,1,0,1,4,0,,35,0,0,0,0,0,2,2,13
,2017_06491,39.725353,-105.053144,5/19/2017 15:02,15:02,12,0,0,SHERIDAN BOULEVARD & SIXTH AVENUE EASTBOUND ON RAMP,1,1,0,0,1,3,0,,35,0,0,0,0,1,2,2,3
,2017_06492,39.725353,-105.053144,6/18/2017 3:02,3:02,3,0,0,SHERIDAN BOULEVARD & SIXTH AVENUE WEST EASTBOUND OFF RAMP,1,3,1,0,1,1,0,,35,0,0,0,0,1,2,2,13
,2017_06493,39.725353,-105.053144,11/19/2017 2:33,2:33,12,0,0,SHERIDAN BOULEVARD & SIXTH AVENUE WEST EASTBOUND RAMPS,1,3,0,0,1,1,0,,35,0,0,0,0,0,2,2,14
,2017_06494,39.725589,-105.053132,6/20/2017 18:34,18:34,15,0,0,SHERIDAN BOULEVARD & SIXTH AVENUE WEST,1,1,0,0,1,4,0,,35,0,0,0,0,0,2,2,13
,2017_06495,39.725821,-105.05313,1/27/2017 11:50,11:50,12,0,0,SHERIDAN BOULEVARD & SIXTH AVENUE WEST,1,1,0,0,1,1,0,,40,0,0,0,0,0,2,3,14
,2017_06496,39.725821,-105.05313,4/23/2017 17:49,17:49,12,0,0,SHERIDAN BOULEVARD & SIXTH AVENUE WEST,1,1,0,0,1,1,0,,35,0,0,0,0,0,2,2,1
,2017_06497,39.725821,-105.05313,6/13/2017 9:02,9:02,3,0,0,SIXTH AVENUE WEST & SHERIDAN BOULEVARD NORTH,1,1,0,0,1,1,0,,35,0,0,0,0,0,2,2,14
,2017_06498,39.726126,-105.053132,2/4/2017 14:01,14:01,15,0,0,SHERIDAN BOULEVARD SOUTH & SIXTH AVENUE WEST,1,1,1,0,1,3,0,,40,0,0,0,1,0,2,2,7
,2017_06499,39.726278,-105.053133,6/12/2017 18:26,18:26,12,0,0,SIXTH AVENUE WB ON RAMP & SHERIDAN BOULEVARD,1,1,1,0,1,1,0,,40,0,0,0,0,0,2,2,7
,2017_06500,39.726278,-105.053133,8/1/2017 16:29,16:29,15,0,0,SIXTH AVENUE WB OFF RAMP & SHERIDAN BOULEVARD SOUTH,1,1,1,0,1,1,0,,35,0,0,0,0,0,2,2,12
,2017_06501,39.726278,-105.053133,10/23/2017 11:12,11:12,15,0,0,SHERIDAN BOULEVARD & SIXTH AVENUE WEST WB ON RAMPS,1,1,1,0,1,1,0,,35,0,0,0,0,0,2,2,13
,2017_06502,39.726278,-105.053133,12/19/2017 11:30,11:30,15,0,0,SHERIDAN BOULEVARD & SIXTH AVENUE WEST WB OFF RAMP,1,1,0,0,1,1,0,,35,0,0,0,0,0,2,2,13
,2017_06503,39.726278,-105.053133,12/20/2017 20:20,20:20,3,0,0,SHERIDAN BOULEVARD & SIXTH AVENUE WEST WB OFF RAMP,1,3,1,0,1,1,0,,45,0,0,0,0,0,2,2,14
,2017_06505,39.72643,-105.053134,7/10/2017 16:52,16:52,15,0,0,SHERIDAN BOULEVARD & SIXTH AVENUE,1,1,1,0,1,3,0,,35,0,0,0,0,0,2,2,13
,2017_06506,39.72643,-105.053134,10/20/2017 22:50,22:50,3,0,0,SHERIDAN BOULEVARD NORTH & SIXTH AVENUE WEST WB OFF RAMP,1,3,0,0,1,1,0,,35,0,0,0,0,0,2,2,13
,2017_06507,39.726887,-105.053137,7/7/2017 14:17,14:17,12,0,0,SHERIDAN BOULEVARD & SIXTH AVENUE WEST,1,1,1,0,1,4,0,,35,0,0,0,0,0,2,3,10
,2017_06508,39.727355,-105.05323,12/16/2017 23:45,23:45,5,0,0,SHERIDAN BOULEVARD & SIXTH AVENUE WEST FRONTAGE ROAD,1,3,0,0,1,4,0,,35,0,0,0,0,0,2,1,9
,2017_06509,39.727486,-105.05323,3/8/2017 17:13,17:13,12,0,0,SHERIDAN BOULEVARD & SIXTH NORTH FRONTAGE ROAD,1,1,0,0,1,1,0,,30,0,0,0,0,0,2,2,14
,2017_06510,39.727486,-105.05323,4/4/2017 16:55,16:55,12,0,0,SHERIDAN BOULEVARD & SIXTH AVENUE FRONTAGE,2,1,0,2,1,4,0,,35,0,0,0,0,0,2,2,3
,2017_06511,39.729624,-105.053227,6/21/2017 22:25,22:25,15,0,0,SHERIDAN BOULEVARD & EIGHTH AVENUE WEST,1,3,1,0,1,4,0,,35,0,0,0,0,0,2,2,5
,2017_06512,39.729624,-105.053227,7/27/2017 18:10,18:10,9,0,0,SHERIDAN BOULEVARD & EIGHTH AVENUE WEST,1,1,1,0,1,3,0,,35,0,0,0,0,0,2,2,13
,2017_06513,39.729624,-105.053227,8/22/2017 13:21,13:21,3,0,0,SHERIDAN BOULEVARD & EIGHTH AVENUE WEST,1,1,1,0,1,1,0,,35,0,0,0,0,1,2,3,12
,2017_06514,39.729624,-105.053227,9/5/2017 22:21,22:21,12,0,1,EIGHTH AVENUE WEST & SHERIDAN BOULEVARD,1,3,0,0,1,4,0,,35,0,0,0,0,2,2,2,5
,2017_06515,39.729624,-105.053227,12/4/2017 17:00,17:00,3,0,0,SHERIDAN BOULEVARD & EIGHTH AVENUE WEST,1,3,1,0,1,1,0,,30,0,0,0,0,1,2,2,8
,2017_06516,39.729624,-105.053227,12/5/2017 14:10,14:10,15,0,0,SHERMAN BOULEVARD NORTH & EIGHTH AVENUE WEST,1,1,1,0,1,1,0,,5,0,0,0,0,0,2,2,13
,2017_06518,39.729767,-105.053226,9/5/2017 21:36,21:36,15,0,0,SHERIDAN BOULEVARD & EIGHTH AVENUE WEST,1,3,0,0,1,4,0,,35,0,0,0,0,1,2,2,5
,2017_06519,39.731335,-105.053224,11/10/2017 8:31,8:31,12,0,0,SHERIDAN BOULEVARD & NINTH AVENUE WEST,1,1,0,0,1,3,0,,40,0,0,0,0,0,2,2,7
,2017_06520,39.732048,-105.053223,7/31/2017 19:00,19:00,12,0,0,SHERIDAN BOULEVARD SOUTH & 900 BLOCK,1,1,1,0,1,4,0,,40,0,0,0,0,0,2,2,7
,2017_06521,39.73276,-105.053222,9/8/2017 18:06,18:06,12,0,0,SHERIDAN BOULEVARD NORTH & 10TH AVENUE WEST,1,1,0,0,1,1,0,,,0,0,0,0,0,2,3,13
,2017_06522,39.73276,-105.053222,9/14/2017 10:02,10:02,3,0,0,10TH AVENUE WEST & SHERIDAN BOULEVARD,1,1,0,0,1,2,0,,30,0,0,0,0,0,2,2,7
,2017_06523,39.733188,-105.053221,1/17/2017 10:54,10:54,12,0,0,SHERIDAN BOULEVARD & 10TH AVENUE WEST,1,1,0,0,1,4,0,,30,0,0,0,0,1,2,3,3
,2017_06524,39.733188,-105.053221,11/12/2017 16:00,16:00,14,0,0,SHERIDAN BOULEVARD & 10TH AVENUE,1,1,0,0,1,1,0,,,0,0,0,0,0,2,2,13
,2017_06525,39.733188,-105.053221,12/7/2017 18:12,18:12,3,0,0,SHERIDAN BOULEVARD & 10TH AVENUE WEST,4,3,0,2,1,1,0,,40,0,0,0,0,0,2,2,1
,2017_06526,39.733188,-105.053221,12/9/2017 13:48,13:48,1,0,0,SHERIDAN BOULEVARD & 10TH AVENUE WEST,1,1,1,0,1,1,0,,35,0,0,0,0,1,2,2,1
,2017_06527,39.733188,-105.053221,12/27/2017 6:45,6:45,12,0,0,SHERIDAN BOULEVARD & 10TH AVENUE WEST,1,2,0,0,1,1,0,,35,0,0,0,0,0,2,2,13
,2017_06528,39.735041,-105.053218,3/1/2017 15:50,15:50,15,0,0,SHERIDAN BOULEVARD NORTH & 13TH AVENUE WEST,1,1,0,0,1,4,0,,,0,0,0,0,0,2,2,13
,2017_06530,39.73832,-105.053213,4/13/2017 13:48,13:48,15,0,0,SHERIDAN BOULEVARD 1300 BLOCK NORTH & 14TH AVENUE WEST,1,1,0,0,1,4,0,,35,0,0,0,0,0,2,2,13
,2017_06531,39.738462,-105.053213,4/4/2017 13:02,13:02,12,0,0,SHERIDAN BOULEVARD NORTH & SHERIDAN BOULEVARD 1400 BLOCK NORTH,1,1,1,0,1,4,0,,35,0,0,0,0,1,2,2,13
,2017_06532,39.738462,-105.053213,8/14/2017 16:21,16:21,12,0,0,SHERIDAN BOULEVARD NORTH & 14TH AVENUE WEST,1,1,1,0,1,1,0,,35,0,0,0,0,0,2,2,13
,2017_06534,39.738462,-105.053213,10/25/2017 15:56,15:56,15,0,0,SHERIDAN BOULEVARD & 14TH AVENUE WEST,1,1,0,0,1,4,0,,35,0,0,0,0,0,2,2,13
,2017_06535,39.738605,-105.053213,6/28/2017 9:59,9:59,12,0,0,SHERIDAN BOULEVARD NORTH & 14TH AVENUE WEST,1,1,0,0,1,4,0,,35,0,0,0,0,0,2,2,13
,2017_06569,39.767904,-104.995133,4/21/2017 22:00,22:00,5,0,0,I25 NORTHBOUND & PARK AVENUE WEST,2,3,1,1,1,4,0,,55,0,0,0,0,0,1,2,13
,2017_06601,39.773115,-105.053235,8/20/2017 15:20,15:20,12,0,0,SHERIDAN BOULEVARD & 41ST AVENUE WEST,1,1,0,0,1,4,0,,35,0,0,0,0,1,2,2,7
,2017_06608,39.770193,-105.05324,8/11/2017 21:09,21:09,12,0,0,SHERIDAN BOULEVARD & 3800 BLOCK,1,3,0,0,1,1,0,,35,0,0,0,0,0,2,2,7
,2017_06609,39.770632,-105.053237,12/11/2017 8:17,8:17,3,0,0,39TH AVENUE WEST & HIGHWAY 95,1,1,0,0,1,2,0,,35,0,0,0,0,0,2,2,13
,2017_06610,39.771217,-105.053233,1/11/2017 18:04,18:04,12,0,0,SHERIDAN BOULEVARD & 39TH AVENUE WEST,2,3,0,2,1,4,0,,40,0,0,0,0,0,2,2,13
,2017_06611,39.771656,-105.05323,8/4/2017 11:56,11:56,12,0,0,SHERIDAN BOULEVARD & 3900 BLOCK NORTH,1,1,0,0,1,4,0,,35,0,0,0,0,0,2,2,3
,2017_06612,39.772531,-105.053233,2/3/2017 10:06,10:06,12,0,1,SHERIDAN BOULEVARD & 4100 BLOCK,1,1,0,0,1,4,0,,35,0,0,0,0,2,2,3,3
,2017_06613,39.772969,-105.053235,9/29/2017 12:00,12:00,3,0,0,SHERIDAN BOULEVARD & 41ST AVENUE WEST,2,1,0,0,1,1,0,,35,0,0,0,0,0,2,2,13
,2017_06614,39.772969,-105.053235,11/10/2017 10:00,10:00,12,0,0,SHERIDAN BOULEVARD 4000 BLOCK NORTH & 41ST AVENUE WEST,1,1,0,0,1,3,0,,25,0,0,0,0,0,2,2,14
,2017_06615,39.77326,-105.053236,3/18/2017 16:10,16:10,12,0,0,SHERIDAN BOULEVARD & 41ST AVENUE,1,1,0,0,1,4,0,,35,0,0,0,0,0,2,2,3
,2017_06616,39.773552,-105.053237,3/9/2017 12:54,12:54,12,0,0,41ST AVENUE & SHERIDAN BOULEVARD,1,1,0,0,1,4,0,,35,0,0,0,0,0,2,2,4
,2017_06617,39.773552,-105.053237,4/26/2017 9:26,9:26,12,0,0,SHERIDAN BOULEVARD SOUTHBOUND & 41ST AVENUE WEST,1,1,0,0,1,4,0,,35,0,0,0,0,0,2,3,12
,2017_06618,39.773552,-105.053237,9/17/2017 17:50,17:50,12,0,0,SHERIDAN BOULEVARD & 41ST AVENUE WEST,1,1,0,0,1,4,0,,35,0,0,0,0,1,2,3,7
,2017_06619,39.773844,-105.053238,9/19/2017 11:15,11:15,12,0,0,SHERIDAN BOULEVARD & 41ST AVENUE,1,1,0,0,1,4,0,,35,0,0,0,0,0,2,2,3
,2017_06621,39.774719,-105.053242,6/3/2017 14:15,14:15,1,0,0,SHERIDAN BOULEVARD & 43RD AVENUE,1,1,0,0,1,1,0,,35,0,0,0,0,0,2,2,13
,2017_06622,39.774719,-105.053242,7/13/2017 19:30,19:30,12,0,0,SHERIDAN BOULEVARD & 43RD AVENUE WEST,1,1,0,0,1,4,0,,35,0,0,0,0,1,2,2,13
,2017_06623,39.774719,-105.053242,11/7/2017 0:55,0:55,3,0,0,SHERIDAN BOULEVARD & 43RD AVENUE,2,4,0,1,1,1,0,,25,0,0,0,0,0,2,2,13
,2017_06639,39.791053,-105.053233,3/23/2017 21:25,21:25,12,0,0,HIGHWAY 95 / SHERIDAN BOULEVARD & 5200 BLOCK,1,3,0,0,1,4,0,,45,0,0,0,0,0,2,2,6
,2017_06683,39.670084,-105.081373,5/13/2017 16:12,16:12,15,0,0,WADSWORTH BOULEVARD SOUTH & VASSAR AVENUE WEST,1,1,1,0,1,4,0,,30,0,0,0,0,0,2,2,2
,2017_06706,39.669494,-105.081385,8/28/2017 12:19,12:19,12,0,0,WADSWORTH BOULEVARD SOUTH & VASSAR AVENUE WEST,1,1,1,0,1,3,0,,45,0,0,0,0,0,2,2,3
,2017_06707,39.670084,-105.081373,4/26/2017 7:38,7:38,12,0,0,WADSWORTH BOULEVARD SOUTH & VASSAR AVENUE WEST,1,1,1,0,1,4,0,,45,0,0,0,0,0,2,2,3
,2017_06708,39.639223,-104.885207,10/5/2017 22:56,22:56,1,0,0,YOSEMITE STREET & I225 NORTHBOUND ON RAMP,1,3,0,0,1,1,0,,40,0,0,0,0,0,1,2,13
,2017_06709,39.641497,-104.880626,3/3/2017 8:30,8:30,12,0,0,I225 & YOSEMITE STREET SOUTH,1,1,0,0,1,4,0,,65,0,0,0,0,0,1,2,12
,2017_06710,39.785959,-104.902924,3/28/2017 9:40,9:40,5,0,0,I270 7000 BLOCK EAST & QUEBEC PARKWAY,1,1,0,0,1,4,0,,55,0,0,0,0,0,1,2,13
,2017_06711,39.654339,-105.039196,2/7/2017 15:14,15:14,12,0,0,HAMPDEN AVENUE EAST & 4100 BLOCK,1,1,0,0,1,4,0,,40,0,0,0,0,0,2,2,13
,2017_06734,39.65298,-104.931503,10/6/2017 17:27,17:27,1,0,0,HAMPDEN AVENUE EAST & DAHLIA STREET SOUTH,1,2,0,6,1,2,0,,40,0,0,0,0,1,2,2,13
,2017_06735,39.65298,-104.930183,6/1/2017 8:30,8:30,12,0,0,HAMPDEN AVENUE EAST & 4800 BLOCK,1,1,1,0,1,1,0,,40,0,0,0,0,0,2,2,3
,2017_06773,39.678651,-105.0110325,10/7/2017 0:00,0:00,3,0,2,EVANS AVENUE WEST & TEJON STREET SOUTH,1,3,0,0,1,1,0,,35,0,0,0,0,2,4,2,14