id,drcog_id,latitude,longitude,crashtime,time,crashtype,numbkilled,numbinjurd,drcoglocat,rdconditin,lightngcon,roadcntgrd,weatherco,location,roaddescrp,constrzone,schoolzone,splimit,bikeinv,pedinv,sctrinv,motoinv,svrty,rdsystem,ttlvehcls,hcf
,2017_06774,39.678651,-105.0110325,12/25/2017 13:32,13:32,12,0,0,TEJON STREET SOUTH & EVANS AVENUE WEST,1,1,0,0,1,1,0,,30,0,0,0,0,0,4,2,14
,2017_06775,39.667698,-104.987511,12/31/2017 20:44,20:44,15,0,0,BROADWAY SOUTH & YALE AVENUE EAST,1,3,0,0,1,3,0,,35,0,0,0,0,0,4,2,13
,2017_06776,39.660363,-104.9594355,1/29/2017 16:09,16:09,15,0,0,UNIVERSITY BOULEVARD SOUTH & DARTMOUTH AVENUE EAST,1,1,0,0,1,3,0,,35,0,0,0,0,0,4,2,13
,2017_06777,39.660363,-104.9594355,2/8/2017 17:33,17:33,1,0,0,UNIVERSITY BOULEVARD SOUTH & DARTMOUTH AVENUE EAST,1,3,0,0,1,1,0,,30,0,0,0,0,0,4,2,13
,2017_06778,39.6947519,-104.9373362,6/12/2017 16:32,16:32,12,0,0,BELLAIRE STREET & 1100 BLOCK,1,1,0,0,1,4,0,,25,0,0,0,0,0,4,2,14
,2017_06779,39.753414,-104.9884065,3/10/2017 7:00,7:00,12,0,0,22ND STREET & ARAPAHOE STREET,1,1,0,0,1,4,0,,25,0,0,0,0,0,4,2,3
,2017_06780,39.64565651,-104.8803092,4/7/2017 16:42,16:42,15,0,0,BOSTON STREET SOUTH & 6250 BLOCK,1,1,0,0,1,3,0,,35,0,0,0,0,0,4,2,13
,2017_06781,39.624192,-104.8853295,6/25/2017 17:11,17:11,1,0,0,BELLEVIEW AVENUE EAST & YOSEMITE STREET SOUTH,1,1,0,0,1,1,0,,35,0,0,0,0,0,4,2,7
,2017_06782,39.64565651,-104.8803092,7/13/2017 18:06,18:06,12,0,0,BOSTON STREET & 6200 SOUTH,1,1,1,1,1,4,0,,35,0,0,0,0,0,4,2,13
,2017_06783,39.624192,-104.8853295,8/9/2017 16:44,16:44,12,0,0,BELLEVIEW AVENUE EAST & YOSEMITE STREET SOUTH,1,1,0,0,1,1,0,,35,0,0,0,0,0,4,2,14
,2017_06784,39.624192,-104.8853295,9/14/2017 13:56,13:56,1,0,0,BELLEVIEW AVENUE 5100 EAST & YOSEMITE STREET SOUTH,1,1,0,0,1,1,0,,35,0,0,0,0,0,4,2,13
,2017_06785,39.64565651,-104.8803092,12/7/2017 8:03,8:03,12,0,0,BOSTON STREET SOUTH & 6500 SOUTH,1,1,1,0,1,2,0,,35,0,0,0,0,0,4,3,3
,2017_06786,39.64565651,-104.8803092,12/7/2017 8:06,8:06,12,0,0,BOSTON STREET SOUTH & 6400 SOUTH,1,1,1,0,1,1,0,,30,0,0,0,0,1,4,2,13
,2017_06787,39.64565651,-104.8803092,12/7/2017 17:20,17:20,12,0,0,BOSTON STREET SOUTH & 6600 SOUTH,1,3,1,0,1,4,0,,30,0,0,0,0,0,4,2,13
,2017_06788,39.64565651,-104.8803092,12/8/2017 17:15,17:15,12,0,0,BOSTON STREET SOUTH & 6690 SOUTH,1,4,0,0,1,4,0,,35,0,0,0,0,0,4,2,13
,2017_06789,39.624192,-104.8853295,12/28/2017 9:31,9:31,1,0,1,BELLEVIEW AVENUE 8900 EAST & YOSEMITE STREET SOUTH,1,1,0,0,1,1,0,,30,0,0,0,0,2,4,2,13
,2017_06790,39.624192,-104.8853295,1/26/2017 7:24,7:24,1,0,0,BELLEVIEW AVENUE EAST & YOSEMITE STREET SOUTH,1,2,0,0,1,1,0,,35,0,0,0,0,0,4,3,1
,2017_06791,39.64565651,-104.8803092,2/3/2017 14:01,14:01,15,0,0,BOSTON STREET SOUTH & 6400 BLOCK,1,1,0,0,1,2,0,,35,0,0,0,0,1,4,2,14
,2017_06792,39.64565651,-104.8803092,7/24/2017 17:42,17:42,12,0,0,BOSTON STREET SOUTH & 6600 BLOCK,1,1,0,0,1,3,0,,35,0,0,0,0,1,4,3,14
,2017_06794,39.624192,-104.8853295,8/21/2017 16:40,16:40,12,0,0,YOSEMITE STREET 5100 SOUTH & BELLEVIEW AVENUE,1,1,0,0,1,1,0,,40,0,0,0,0,0,4,2,14
,2017_06795,39.624192,-104.8853295,10/4/2017 14:30,14:30,12,0,0,YOSEMITE STREET SOUTH & BELLEVIEW AVENUE EAST,1,1,0,0,1,3,0,,30,0,0,0,0,0,4,2,13
,2017_06799,39.711339,-105.0532605,4/14/2017 22:37,22:37,15,0,0,ALAMEDA AVENUE WEST & SHERIDAN BOULEVARD SOUTH,1,1,0,0,1,3,0,,30,0,0,0,1,0,4,2,13
,2017_06800,39.711339,-105.0532605,6/21/2017 15:00,15:00,12,0,0,ALAMEDA AVENUE WEST & SHERIDAN BOULEVARD SOUTH,1,1,0,0,1,3,0,,35,0,0,0,0,0,4,4,3
,2017_06801,39.711339,-105.0532605,6/24/2017 1:28,1:28,12,0,0,ALAMEDA AVENUE WEST & SHERIDAN BOULEVARD SOUTH,1,3,0,0,1,3,0,,35,0,0,0,0,0,4,2,5
,2017_06802,39.63453298,-105.1098043,12/11/2017 11:12,11:12,3,0,0,KIPLING STREET SOUTH & STANFORD AVENUE WEST,1,1,1,0,1,1,0,,45,0,0,0,0,0,4,2,13
,2017_06816,39.649383,-105.034644,2/24/2017 7:16,7:16,5,0,0,LOWELL BOULEVARD SOUTH & WEST KENYON AVENUE,5,1,1,2,3,1,0,,25,0,0,0,0,0,4,1,16
,2017_06817,39.64891913,-105.0346473,11/13/2017 20:49,20:49,12,0,0,LOWELL BOULEVARD SOUTH & 4300 BLOCK SOUTH,1,3,0,0,1,4,0,,25,0,0,0,0,0,4,2,13
,2017_06818,39.649383,-105.034644,9/1/2017 8:05,8:05,15,0,0,LOWELL BOULEVARD SOUTH & KENYON AVENUE WEST,1,1,1,0,1,1,0,,25,0,0,0,0,1,4,2,1
,2017_06832,39.71016,-104.870754,1/17/2017 14:24,14:24,12,0,0,ALAMEDA AVENUE EAST & GALENA STREET SOUTH,1,1,0,7,1,4,0,,40,0,0,0,0,0,4,2,7
,2017_06833,39.737268,-104.8846815,1/18/2017 5:41,5:41,3,0,0,13TH AVENUE EAST & YOSEMITE STREET NORTH,5,3,1,0,1,1,0,,30,0,0,0,0,0,4,3,14
,2017_06834,39.72321,-104.875353,2/11/2017 15:46,15:46,3,0,0,DAYTON STREET NORTH & FIFTH AVENUE EAST,1,1,0,0,1,2,0,,30,0,0,0,0,0,4,2,13
,2017_06835,39.737268,-104.8846815,3/7/2017 9:19,9:19,3,0,0,YOSEMITE STREET & 13TH AVENUE EAST,1,1,0,0,1,1,0,,25,0,0,0,0,0,4,2,13
,2017_06836,39.773187,-104.809932,4/17/2017 7:00,7:00,12,0,0,CHAMBERS ROAD NORTH & 40TH AVENUE EAST,1,1,0,0,1,4,0,,40,0,0,0,0,1,4,2,7
,2017_06837,39.66021,-104.8623165,4/20/2017 8:40,8:40,12,0,0,DARTMOUTH AVENUE EAST & SOUTH JAMAICA COURT,1,1,1,0,1,2,0,,35,0,0,0,0,1,4,4,3
,2017_06838,39.732822,-104.884731,4/20/2017 14:45,14:45,12,0,0,11TH AVENUE EAST & YOSEMITE STREET NORTH,2,1,0,1,1,4,0,,35,0,0,0,0,0,4,2,3
,2017_06839,39.667491,-104.866164,4/23/2017 14:29,14:29,3,0,0,YALE AVENUE EAST & HAVANA STREET SOUTH,1,1,1,0,1,2,0,,25,0,0,0,0,1,4,2,13
,2017_06840,39.674754,-104.870862,5/10/2017 7:10,7:10,1,0,0,ILIFF AVENUE EAST & PARKER ROAD SOUTH,1,1,0,0,1,2,0,,40,0,0,0,0,0,4,2,3
,2017_06841,39.734181,-104.884713,6/4/2017 0:04,0:04,14,0,0,YOSEMITE STREET NORTH & RICHTHOFEN PLACE,1,3,0,0,1,1,0,,35,0,0,0,0,1,4,2,13
,2017_06842,39.773187,-104.809932,6/21/2017 14:59,14:59,12,0,0,40TH AVENUE EAST & CHAMBERS ROAD NORTH,1,1,0,0,1,4,0,,40,0,0,0,0,0,4,2,3
,2017_06843,39.72555,-104.875353,7/22/2017 7:49,7:49,12,0,0,SIXTH AVENUE EAST & DAYTON STREET NORTH,1,1,0,0,1,1,0,,35,0,0,0,0,1,4,2,7
,2017_06844,39.72555,-104.875353,8/26/2017 17:25,17:25,3,0,0,SIXTH AVENUE EAST & DAYTON STREET NORTH,1,1,0,0,1,2,0,,25,0,0,0,0,1,4,2,7
,2017_06845,39.772872,-104.8016205,8/28/2017 7:59,7:59,12,0,0,KITTREDGE STREET SOUTH & 40TH AVENUE EAST,1,1,0,0,1,4,0,,40,0,0,0,0,1,4,2,13
,2017_06846,39.72555,-104.875353,9/1/2017 2:34,2:34,12,0,0,DAYTON STREET NORTH & SIXTH AVENUE EAST,1,3,0,0,1,4,0,,30,0,0,0,0,0,4,2,5
,2017_06847,39.743766,-104.8846725,9/15/2017 19:55,19:55,12,0,0,17TH AVENUE EAST & YOSEMITE STREET NORTH,1,3,0,0,1,1,0,,25,0,0,0,0,0,4,2,3
,2017_06849,39.72555,-104.875353,9/29/2017 17:52,17:52,10,0,0,SIXTH AVENUE EAST & DAYTON STREET NORTH,1,1,0,0,1,1,0,,30,0,0,0,0,0,4,3,5
,2017_06850,39.737268,-104.8846815,9/29/2017 18:05,18:05,12,0,0,13TH AVENUE EAST & YOSEMITE STREET NORTH,2,1,0,0,1,4,0,,25,0,0,0,0,0,4,2,13
,2017_06851,39.747456,-104.8846905,10/3/2017 18:43,18:43,3,0,0,MONTVIEW BOULEVARD EAST & YOSEMITE STREET NORTH,1,3,0,0,1,1,0,,35,0,0,0,0,1,4,2,13
,2017_06852,39.773187,-104.809932,10/10/2017 8:05,8:05,15,0,0,CHAMBERS ROAD NORTH & 40TH AVENUE EAST,1,1,0,0,1,3,0,,40,0,0,0,0,0,4,2,13
,2017_06853,39.653644,-104.918502,7/9/2017 19:00,19:00,5,0,0,I25 & HAMPDEN AVENUE EAST,1,1,0,0,2,4,0,,65,0,0,0,0,1,1,1,13
,2017_06854,39.743766,-104.8846725,10/31/2017 18:31,18:31,12,0,0,17TH AVENUE EAST & YOSEMITE NORTH,1,3,1,0,1,4,0,,25,0,0,0,0,0,4,2,12
,2017_06855,39.710988,-104.865993,12/5/2017 15:02,15:02,15,0,0,ALAMEDA AVENUE EAST & HAVANA STREET SOUTH,1,1,1,0,1,4,0,,40,0,0,0,0,0,4,2,13
,2017_06856,39.72321,-104.875353,12/8/2017 8:12,8:12,3,0,0,DAYTON STREET NORTH & FIFTH AVENUE EAST,1,1,0,0,1,1,1,,30,0,0,0,0,1,4,3,7
,2017_06857,39.72555,-104.875353,12/8/2017 21:00,21:00,14,0,0,DAYTON STREET NORTH & SIXTH AVENUE EAST,1,3,0,0,1,1,0,,35,0,0,0,0,0,4,2,5
,2017_06858,39.737268,-104.8846815,12/13/2017 16:59,16:59,1,0,0,YOSEMITE STREET NORTH & 13TH AVENUE EAST,1,3,0,0,1,1,0,,25,0,0,0,0,0,4,2,7
,2017_06859,39.653046,-104.875704,1/29/2017 4:58,4:58,5,0,0,DAYTON STREET SOUTH & HAMPDEN AVENUE EAST,1,3,0,0,2,4,0,,20,0,0,0,0,0,4,1,9
,2017_06860,39.653046,-104.875704,9/15/2017 19:33,19:33,3,0,0,DAYTON STREET SOUTH & HAMPDEN AVENUE EAST,1,3,1,0,1,2,0,,25,0,0,0,0,0,4,2,7
,2017_06861,39.674754,-104.870862,1/9/2017 17:02,17:02,3,0,0,ILIFF AVENUE EAST & PARKER ROAD SOUTH,1,4,1,0,1,2,0,,40,0,0,0,0,0,4,3,13
,2017_06862,39.674754,-104.870862,1/11/2017 17:17,17:17,1,0,0,ILIFF AVENUE EAST & PARKER ROAD SOUTH,1,3,1,0,1,2,0,,40,0,0,0,0,0,4,2,13
,2017_06863,39.710988,-104.865993,2/2/2017 19:06,19:06,12,0,0,ALAMEDA AVENUE EAST & HAVANA STREET SOUTH,1,3,0,0,1,3,0,,40,0,0,0,0,0,4,2,12
,2017_06864,39.710988,-104.865993,3/10/2017 16:52,16:52,1,0,0,ALAMEDA AVENUE EAST & HAVANA STREET SOUTH,1,1,0,0,1,4,0,,40,0,0,0,0,1,4,2,13
,2017_06865,39.710988,-104.865993,10/8/2017 16:23,16:23,12,0,0,ALAMEDA AVENUE EAST & HAVANA STREET SOUTH,1,1,0,0,1,3,0,,40,0,0,0,0,0,4,2,13
,2017_06866,39.661668,-104.8663305,4/27/2017 19:38,19:38,6,0,0,CORNELL AVENUE EAST & HAVANA STREET SOUTH,1,1,1,0,3,4,0,,25,0,0,0,0,0,4,2,3
,2017_06867,39.66021,-104.866362,1/6/2017 8:11,8:11,5,0,0,DARTMOUTH AVENUE EAST & HAVANA STREET SOUTH,5,1,0,0,2,4,0,,35,0,0,0,0,0,4,1,7
,2017_06868,39.667491,-104.866164,1/17/2017 10:20,10:20,3,0,0,YALE AVENUE EAST & HAVANA STREET SOUTH,2,1,0,0,1,2,0,,35,0,0,0,0,0,4,2,3
,2017_06874,39.725316,-104.934861,4/5/2017 21:30,21:30,6,0,0,SIXTH AVENUE WEST & SIXTH AVENUE 1180 WEST,1,3,0,0,1,4,0,,,0,0,0,0,0,4,2,13
,2017_06875,39.775573,-104.865095,12/8/2017 23:20,23:20,12,0,0,I70 & HAVANA STREET NORTH,1,3,0,1,1,1,0,,,0,0,0,0,0,1,2,13
,2017_06877,39.629871,-105.103818,12/28/2017 14:45,14:45,5,0,0,WAGON TRAIL DRIVE & 5101 WAGON TRAIL DRIVE,2,1,0,0,2,4,0,,25,0,0,0,0,0,4,1,2
,2017_06908,39.699461,-104.985,5/5/2017 19:40,19:40,5,0,0,I25 & MM 206.8,1,2,1,0,3,4,0,,65,0,0,0,0,0,1,1,14
,2017_06922,39.724815,-105.012562,11/3/2017 0:26,0:26,5,0,0,I25 & SIXTH AVENUE WEST,1,3,0,0,2,4,0,,55,0,0,0,0,0,1,1,13
,2017_07043,39.72555,-105.039098,5/11/2017 21:17,21:17,12,0,1,SIXTH AVENUE WEST & PERRY STREET NORTH,1,3,1,0,1,4,0,,65,0,0,0,0,2,2,2,1
,2017_07056,39.660363,-104.9594355,4/7/2017 17:38,17:38,15,0,0,UNIVERSITY BOULEVARD SOUTH & DARTMOUTH AVENUE EAST,1,1,0,0,1,3,0,,,0,0,0,0,0,4,2,13
,2017_07057,39.740222,-105.009619,3/26/2017 14:13,14:13,12,0,0,COLFAX AVENUE WEST & I25 SOUTHBOUND OFF RAMP,2,1,0,1,1,4,0,,,0,0,0,0,0,2,2,13
,2017_07058,39.689217,-105.0003,4/8/2017 22:21,22:21,1,0,0,PLATTE RIVER DRIVE SOUTH & FLORIDA AVENUE WEST,1,3,0,0,1,1,0,,30,0,0,0,0,0,4,2,13
,2017_07059,39.678651,-105.0110325,4/17/2017 7:06,7:06,12,0,0,EVANS AVENUE WEST & TEJON STREET SOUTH,1,1,0,0,1,2,0,,,0,0,0,0,0,4,2,13
,2017_07060,39.656664,-104.9044815,4/17/2017 16:01,16:01,10,0,0,GIRARD AVENUE EAST & PONTIAC STREET SOUTH,1,1,1,0,1,1,0,,25,0,0,0,0,0,4,2,8
,2017_07061,39.667716,-104.9828625,5/17/2017 16:00,16:00,12,0,0,YALE AVENUE EAST & LOGAN STREET SOUTH,1,1,0,0,1,3,0,,,0,0,0,0,0,4,2,13
,2017_07063,39.678651,-105.0110325,7/30/2017 12:53,12:53,10,0,0,EVANS AVENUE WEST & TEJON STREET SOUTH,1,1,1,0,1,1,0,,35,0,0,0,0,0,4,2,14
,2017_07064,39.660363,-104.9594355,8/18/2017 1:00,1:00,15,0,0,UNIVERSITY BOULEVARD 3100 BLOCK SOUTH & DARTMOUTH AVENUE EAST,1,3,0,0,1,4,0,,30,0,0,0,0,0,4,2,13
,2017_07077,39.629064,-104.904487,7/14/2017 17:23,17:23,12,0,0,I25 & MM 199,1,1,0,0,1,4,0,,65,0,0,0,0,0,1,2,7
,2017_07078,39.629871,-104.904931,7/31/2017 7:21,7:21,12,0,0,I25 & UNION AVENUE EAST,1,1,0,0,1,4,0,,65,0,0,0,0,0,1,4,3
,2017_07079,39.630012,-104.904995,8/15/2017 16:39,16:39,12,0,0,I25 & UNION AVENUE EAST,1,1,0,0,1,4,1,,65,0,0,0,0,0,1,2,3
,2017_07080,39.630184,-104.905073,8/4/2017 15:25,15:25,12,0,0,I25 & UNION AVENUE EAST,1,1,0,0,1,4,0,,65,0,0,0,0,1,1,4,14
,2017_07304,39.789924,-105.064192,9/8/2017 16:47,16:47,12,0,0,I76 WB DIRECT CONNECT & HIGHWAY 121,1,1,2,0,1,4,0,,65,0,0,0,0,0,1,2,3
,2017_07305,39.790927,-105.062706,5/5/2017 15:40,15:40,12,0,0,I76 & MM 1,1,1,0,0,1,4,0,,65,0,0,0,0,0,1,2,7
,2017_07306,39.790927,-105.062706,6/15/2017 16:30,16:30,15,0,0,I76 & MM 1,1,1,0,0,1,4,0,,65,0,0,0,0,0,1,2,2
,2017_07307,39.790927,-105.062706,8/18/2017 16:45,16:45,12,0,0,I76 & MM 1,1,1,0,0,1,4,0,,65,0,0,0,0,0,1,4,3
,2017_07308,39.790927,-105.062706,10/5/2017 7:10,7:10,12,0,0,I76 & MM 1,1,1,1,0,1,4,0,,65,0,0,0,0,0,1,3,14
,2017_07309,39.790927,-105.062706,12/11/2017 10:04,10:04,15,0,0,I76 & MM 1,1,1,0,0,1,4,0,,65,0,0,0,0,0,1,2,13
,2017_07359,39.631444,-105.025488,12/30/2017 20:32,20:32,12,0,0,UNION AVENUE WEST & FEDERAL BOULEVARD SOUTH,1,4,0,0,1,1,0,,35,0,0,0,0,0,2,2,5
,2017_07505,39.776877,-104.889364,6/7/2017 17:12,17:12,12,0,0,I270 DIRECT CONNECT & RAMP 'E' NORTHBOUND / WB ON RAMP,1,1,0,0,1,4,1,,65,0,0,0,0,1,1,2,13
,2017_07507,39.786591,-104.903358,11/30/2017 15:56,15:56,15,0,0,I270 & QUEBEC STREET,1,1,0,0,1,4,0,,55,0,0,0,0,0,1,2,13
,2017_07508,39.784694,-104.902055,12/12/2017 7:00,7:00,12,0,0,I270 & QUEBEC PARKWAY,1,1,0,0,1,4,0,,55,0,0,0,0,0,1,2,13
,2017_07509,39.783935,-104.901533,10/28/2017 17:00,17:00,15,0,0,I270 & QUEBEC STREET,1,1,0,0,1,4,0,,,0,0,0,0,0,1,2,13
,2017_07510,39.783809,-104.901446,12/9/2017 18:25,18:25,5,0,0,I270 & QUEBEC STREET NORTH,1,3,0,0,1,4,0,,55,0,0,0,0,0,1,3,13
,2017_07557,39.781384,-104.940487,4/3/2017 17:00,17:00,12,0,0,COLORADO BOULEVARD NORTH & I70 WB RAMP OFF,1,1,0,0,1,3,0,,45,0,0,0,0,1,2,2,14
,2017_07566,39.740086,-104.891134,5/6/2017 2:20,2:20,6,0,0,COLFAX AVENUE EAST & VALENTIA STREET NORTH,1,3,0,0,1,4,0,,35,0,0,0,0,0,2,2,14
,2017_07626,39.678651,-105.0110325,2/21/2017 7:31,7:31,3,0,0,EVANS AVENUE WEST & TEJON STREET SOUTH,1,1,1,0,1,1,0,,,0,0,0,0,0,4,2,13
,2017_07680,39.732867,-104.898771,5/27/2017 14:23,14:23,3,0,0,SYRACUSE STREET SOUTH & 5100 SOUTH SYRACUSE STREET,2,1,0,1,1,1,0,,40,0,0,0,0,1,4,2,13
,2017_07687,39.624192,-104.8853295,7/11/2017 9:49,9:49,12,0,0,BELLEVIEW AVENUE EAST & YOSEMITE STREET SOUTH,1,1,1,0,1,3,0,,30,0,0,0,0,0,4,2,13
,2017_07807,39.64891913,-105.0346473,1/27/2017 7:47,7:47,6,0,0,LOWELL BOULEVARD SOUTH & 3600 BLOCK,1,1,0,0,1,4,0,,35,0,0,0,0,0,4,4,2
,2017_07917,39.735603,-104.8846905,2/18/2017 15:59,15:59,10,0,0,YOSEMITE STREET NORTH & 12TH AVENUE EAST,1,1,0,0,1,4,0,,25,0,0,0,0,0,4,2,13
,2017_07918,39.740094,-104.88465,10/6/2017 2:56,2:56,6,0,0,YOSEMITE STREET & COLFAX AVENUE EAST,1,3,0,0,1,4,0,,25,0,0,0,0,0,4,2,5
,2017_07930,39.78392359,-104.9868946,3/21/2017 15:24,15:24,6,0,0,LEAF COURT & 4400 BLOCK NORTH,1,1,1,0,1,4,0,,25,0,0,0,0,0,4,2,13
,2017_07972,39.624192,-105.0945435,5/24/2017 13:18,13:18,1,0,0,BELLEVIEW AVENUE WEST & DUDLEY STREET SOUTH,1,1,0,0,1,1,0,,40,0,0,0,0,0,4,2,13
,2017_07973,39.624192,-105.0945435,8/1/2017 16:49,16:49,8,0,0,BELLEVIEW AVENUE WEST & DUDLEY STREET SOUTH,1,1,0,0,1,1,0,,35,0,0,0,0,0,4,3,10
,2017_07974,39.624201,-105.098544,4/20/2017 16:45,16:45,12,0,0,BELLEVIEW AVENUE WEST & FIELD STREET SOUTH,2,1,0,1,1,1,0,,40,0,0,0,0,0,4,3,1
,2017_08001,39.714995,-104.94061,7/31/2017 8:30,8:30,15,0,0,COLORADO BOULEVARD SOUTH & CEDAR AVENUE EAST,1,1,0,0,1,1,0,,35,0,0,0,0,0,2,2,13
,2017_08003,39.738485,-104.940602,5/26/2017 0:40,0:40,5,0,0,14TH AVENUE EAST & COLORADO BOULEVARD NORTH,2,3,0,1,2,1,0,,35,0,0,0,0,1,2,1,5
,2017_08004,39.750887,-104.940597,9/18/2017 16:58,16:58,1,0,0,COLORADO BOULEVARD NORTH & 23RD AVENUE EAST,1,1,0,0,1,1,0,,40,0,0,0,0,0,2,2,3
,2017_08005,39.761914,-104.940511,9/9/2017 16:38,16:38,1,0,0,MLK BOULEVARD EAST & COLORADO BOULEVARD NORTH,1,1,0,0,1,1,0,,35,0,0,0,0,0,2,2,14
,2017_08008,39.725416,-105.02564,4/17/2017 2:15,2:15,9,0,0,SIXTH AVENUE WEST & FEDERAL BOULEVARD NORTH,1,3,0,0,1,4,0,,45,0,0,0,0,0,2,1,5
,2017_08009,39.725556,-105.039261,8/25/2017 15:50,15:50,15,0,0,SIXTH AVENUE WEST & PERRY STREET NORTH,1,1,0,0,1,4,0,,55,0,0,0,0,0,2,2,13
,2017_08011,39.689334,-104.9150655,8/27/2017 2:04,2:04,6,0,0,LEYDEN STREET SOUTH & FLORIDA AVENUE EAST,1,3,1,0,1,4,0,,30,0,0,0,0,0,4,2,6
,2017_08027,39.702033,-104.9152545,8/14/2017 12:00,12:00,6,0,0,LEYDEN STREET 800 BLOCK SOUTH & OHIO AVENUE SOUTH,1,1,0,0,1,4,0,,25,0,0,0,0,0,4,2,3
,2017_08058,39.776829,-105.025228,3/28/2017 18:00,18:00,6,0,0,FEDERAL BOULEVARD NORTH & 4400 BLOCK NORTH,2,1,0,0,1,4,0,,,0,0,0,0,0,2,2,13
,2017_08156,39.768049,-104.994761,8/17/2017 1:19,1:19,5,0,0,PARK AVENUE WEST & I25,1,3,0,0,3,1,0,,35,0,0,0,0,0,1,1,5
,2017_08159,39.74008,-104.919508,9/22/2017 10:09,10:09,6,0,0,JERSEY STREET NORTH & COLFAX AVENUE EAST,1,1,0,0,1,1,0,,,0,0,0,0,0,2,2,13
,2017_08161,39.779441,-104.979019,10/3/2017 0:50,0:50,5,0,0,I70 EASTBOUND OFF RAMP & WASHINGTON STREET NORTH,2,3,1,0,3,8,0,,,0,0,0,0,0,1,1,13
,2017_08162,39.778341,-104.92238,8/11/2017 14:20,14:20,12,0,0,I70 & HOLLY STREET NORTH,1,1,0,0,1,4,0,,65,0,0,0,0,0,1,2,13
,2017_08170,39.652978,-104.917698,2/11/2017 0:15,0:15,3,0,0,I25 NORTHBOUND OFF RAMP & HAMPDEN AVENUE EAST,1,3,1,0,6,1,0,,,0,0,0,0,0,2,2,13
,2017_08176,39.699189,-104.905168,7/2/2017 3:58,3:58,5,0,0,LEETSDALE DRIVE & ONEIDA STREET SOUTH,1,3,0,0,3,4,0,,,0,0,0,0,0,2,1,13
,2017_08178,39.790927,-105.062706,6/7/2017 10:27,10:27,9,0,0,I76 & MM 1,1,1,0,0,2,4,0,,65,0,0,0,0,1,1,1,13
,2017_08179,39.651763,-105.052959,3/25/2017 18:40,18:40,5,0,0,SHERIDAN BOULEVARD & 800 NORTH,1,1,0,0,2,4,0,,25,0,0,0,0,0,2,1,1
,2017_08184,39.65823,-104.940476,11/23/2017 18:25,18:25,3,0,0,COLORADO BOULEVARD SOUTH & EASTMAN AVENUE EAST,1,3,0,0,1,1,0,,40,0,0,0,0,0,2,2,5
,2017_08185,39.660035,-104.940554,4/2/2017 13:10,13:10,15,0,0,COLORADO BOULEVARD SOUTH 3100 BLOCK & DARTMOUTH AVENUE EAST,1,1,0,0,1,3,0,,40,0,0,0,0,0,2,2,13
,2017_08189,39.660576,-104.940577,7/14/2017 13:05,13:05,15,0,0,COLORADO BOULEVARD SOUTH & DARTMOUTH AVENUE EAST ROAD WEST,1,1,1,0,1,3,0,,45,0,0,0,0,0,2,2,1
,2017_08190,39.663866,-104.940594,11/8/2017 6:55,6:55,12,0,0,COLORADO BOULEVARD SOUTH & CORNELL AVENUE EAST,2,1,0,0,1,1,0,,40,0,0,0,0,0,2,2,13
,2017_08191,39.665138,-104.940598,10/10/2017 10:34,10:34,15,0,0,COLORADO BOULEVARD SOUTH & AMHERST AVENUE EAST,1,1,1,0,1,4,0,,35,0,0,0,0,0,2,2,13
,2017_08192,39.665845,-104.9406,12/2/2017 10:08,10:08,12,0,0,COLORADO BOULEVARD SOUTH & AMHERST AVENUE EAST,1,1,1,0,1,1,0,,5,0,0,0,0,0,2,2,14
,2017_08193,39.665987,-104.9406,1/18/2017 16:45,16:45,1,0,1,COLORADO BOULEVARD SOUTH & AMHERST AVENUE EAST,1,1,0,0,1,1,0,,65,0,0,0,0,2,2,2,13
,2017_08194,39.665987,-104.9406,10/9/2017 8:45,8:45,3,0,0,COLORADO BOULEVARD SOUTH & AMHERST AVENUE EAST,2,1,0,2,1,1,0,,35,0,0,0,0,0,2,2,3
,2017_08195,39.665987,-104.9406,12/31/2017 20:45,20:45,3,0,0,COLORADO BOULEVARD SOUTH & AMHERST AVENUE EAST,1,3,0,0,1,1,0,,35,0,0,0,0,0,2,2,13
,2017_08196,39.666128,-104.940601,6/23/2017 12:02,12:02,15,0,0,COLORADO BOULEVARD SOUTH & AMHERST AVENUE EAST,1,1,0,0,1,3,0,,35,0,0,0,0,0,2,2,13
,2017_08197,39.66627,-104.940601,11/22/2017 17:06,17:06,15,0,0,COLORADO BOULEVARD SOUTH 2700 BLOCK & AMHERST AVENUE EAST,1,3,0,0,1,4,0,,40,0,0,0,1,1,2,2,14
,2017_08198,39.667684,-104.940606,12/20/2017 10:24,10:24,15,0,0,COLORADO BOULEVARD SOUTH & YALE AVENUE EAST,1,1,0,0,1,4,0,,40,0,0,0,0,0,2,2,13
,2017_08199,39.667966,-104.940606,3/3/2017 16:16,16:16,1,0,0,COLORADO BOULEVARD SOUTH & YALE AVENUE EAST,1,1,0,0,1,1,0,,40,0,0,0,0,0,2,2,13
,2017_08200,39.667966,-104.940606,4/5/2017 22:24,22:24,12,0,0,COLORADO BOULEVARD SOUTH & YALE AVENUE EAST,1,3,0,0,1,1,0,,35,0,0,0,0,1,2,2,12
,2017_08201,39.668673,-104.940609,1/1/2017 22:11,22:11,15,0,0,COLORADO BOULEVARD SOUTH 2700 BLOCK & YALE AVENUE EAST,1,3,1,0,1,3,0,,35,0,0,0,0,0,2,2,13
,2017_08202,39.743592,-104.9406,12/3/2017 20:53,20:53,15,0,0,17TH AVENUE EAST & COLORADO BOULEVARD NORTH,1,3,1,0,1,1,0,,,0,0,0,0,0,2,2,13