id,drcog_id,latitude,longitude,crashtime,time,crashtype,numbkilled,numbinjurd,drcoglocat,rdconditin,lightngcon,roadcntgrd,weatherco,location,roaddescrp,constrzone,schoolzone,splimit,bikeinv,pedinv,sctrinv,motoinv,svrty,rdsystem,ttlvehcls,hcf
,2017_08203,39.668673,-104.940609,1/19/2017 14:18,14:18,3,0,1,COLORADO BOULEVARD SOUTH & YALE AVENUE EAST,1,1,1,0,1,1,0,,40,0,0,0,0,2,2,3,3
,2017_08204,39.668673,-104.940609,1/19/2017 18:10,18:10,1,0,0,COLORADO BOULEVARD SOUTH & YALE AVENUE EAST,2,3,0,0,1,1,0,,35,0,0,0,0,0,2,2,13
,2017_08205,39.668673,-104.940609,4/17/2017 7:45,7:45,15,0,0,COLORADO BOULEVARD SOUTH & YALE AVENUE EAST,1,2,0,0,1,1,0,,30,0,0,0,0,0,2,2,1
,2017_08206,39.668673,-104.940609,6/2/2017 12:12,12:12,12,0,0,YALE AVENUE  4000 BLOCK EAST & COLORADO BOULEVARD SOUTH,1,1,0,0,1,3,0,,30,0,0,0,0,0,2,2,13
,2017_08207,39.668673,-104.940609,7/3/2017 9:55,9:55,3,0,0,COLORADO BOULEVARD SOUTH  & YALE AVENUE EAST,1,1,0,0,1,1,0,,30,0,0,0,0,0,2,2,13
,2017_08208,39.668673,-104.940609,8/27/2017 11:35,11:35,3,0,0,COLORADO BOULEVARD SOUTH & YALE AVENUE EAST,1,1,0,0,1,1,0,,35,0,0,0,0,0,2,2,3
,2017_08209,39.668673,-104.940609,10/17/2017 13:10,13:10,12,0,0,YALE AVENUE EAST  & COLORADO BOULEVARD SOUTH,1,1,0,0,1,1,0,,35,0,0,0,0,0,2,2,13
,2017_08210,39.668673,-104.940609,10/20/2017 8:05,8:05,15,0,0,YALE AVENUE EAST 4000 BLOCK & COLORADO BOULEVARD SOUTH,1,1,0,0,1,3,0,,30,0,0,0,0,0,2,2,1
,2017_08211,39.668673,-104.940609,11/24/2017 18:43,18:43,1,0,0,COLORADO BOULEVARD SOUTH & YALE AVENUE EAST,1,3,0,0,1,1,0,,35,0,0,0,0,0,2,2,2
,2017_08212,39.668673,-104.940609,12/16/2017 11:54,11:54,1,0,0,YALE AVENUE EAST  & COLORADO BOULEVARD SOUTH,1,1,0,0,1,1,0,,40,0,0,0,0,1,2,2,13
,2017_08213,39.67136,-104.940617,12/19/2017 12:14,12:14,3,0,0,COLORADO BOULEVARD SOUTH & DICKENSON PLACE EAST,1,1,1,0,1,1,0,,25,0,0,0,0,0,2,2,3
,2017_08214,39.672309,-104.940598,5/24/2017 17:50,17:50,1,0,0,COLORADO BOULEVARD SOUTH & DICKENSON PLACE EAST,1,2,0,0,1,2,0,,40,0,0,0,0,0,2,2,7
,2017_08215,39.673481,-104.940623,3/16/2017 12:45,12:45,12,0,1,COLORADO BOULEVARD SOUTH & WESLEY AVENUE EAST,1,1,0,0,1,1,0,,35,0,0,0,0,2,2,5,5
,2017_08216,39.673481,-104.940623,3/26/2017 20:30,20:30,1,0,0,COLORADO BOULEVARD SOUTH & WESLEY AVENUE EAST,1,3,0,0,1,1,0,,40,0,0,0,0,0,2,2,7
,2017_08217,39.673481,-104.940623,12/21/2017 12:56,12:56,3,0,0,COLORADO BOULEVARD SOUTH & WESLEY AVENUE EAST,5,1,0,2,1,1,0,,25,0,0,0,0,0,2,2,16
,2017_08218,39.673764,-104.940624,12/15/2017 11:43,11:43,12,0,0,COLORADO BOULEVARD SOUTH 2300 BLOCK & WESLEY AVENUE EAST,1,1,0,0,1,4,0,,40,0,0,0,0,0,2,2,13
,2017_08219,39.675036,-104.940628,2/15/2017 8:33,8:33,1,0,0,ILIFF AVENUE EAST & COLORADO BOULEVARD SOUTH,1,1,0,0,1,1,0,,35,0,0,0,0,1,2,2,13
,2017_08220,39.675036,-104.940628,10/3/2017 8:26,8:26,1,0,0,COLORADO BOULEVARD SOUTH & ILIFF AVENUE EAST,1,1,0,0,1,1,0,,35,0,0,0,0,0,2,3,16
,2017_08221,39.675319,-104.940629,5/25/2017 19:05,19:05,15,0,0,COLORADO BOULEVARD SOUTH & ILIFF AVENUE EAST,2,2,0,1,1,4,0,,40,0,0,0,0,0,2,2,7
,2017_08222,39.676733,-104.940633,2/20/2017 16:20,16:20,10,0,0,WARREN AVENUE EAST & COLORADO BOULEVARD SOUTH,1,1,0,0,1,3,0,,25,0,0,0,0,0,2,2,13
,2017_08223,39.676733,-104.940633,8/22/2017 7:55,7:55,3,0,0,COLORADO BOULEVARD SOUTH & WARREN AVENUE EAST,1,1,0,0,1,1,0,,30,0,0,0,0,0,2,2,13
,2017_08225,39.677582,-104.940635,5/22/2017 16:00,16:00,15,0,0,COLORADO BOULEVARD SOUTH & EVANS AVENUE EAST,1,1,0,0,1,2,0,,35,0,0,0,0,1,2,2,13
,2017_08226,39.678147,-104.940637,7/18/2017 12:10,12:10,12,0,0,COLORADO BOULEVARD SOUTH 2100 BLOCK & EVANS AVENUE EAST,1,1,0,0,1,3,0,,35,0,0,0,0,0,2,2,13
,2017_08228,39.678147,-104.940637,9/17/2017 0:22,0:22,12,0,0,COLORADO BOULEVARD SOUTH & 2100 BLOCK SOUTH,1,3,0,0,1,3,0,,35,0,0,0,0,0,2,2,5
,2017_08229,39.678289,-104.940638,6/7/2017 12:19,12:19,12,0,0,COLORADO BOULEVARD SOUTH & EVANS AVENUE EAST,1,1,0,0,1,3,0,,35,0,0,0,0,0,2,2,13
,2017_08230,39.67843,-104.940638,1/7/2017 13:43,13:43,12,0,0,EVANS AVENUE EAST 3900 BLOCK & COLORADO BOULEVARD SOUTH,2,1,0,0,1,3,0,,35,0,0,0,0,0,2,2,1
,2017_08231,39.67843,-104.940638,2/12/2017 14:00,14:00,15,0,0,COLORADO BOULEVARD SOUTH 2000 BLOCK & EVANS AVENUE EAST,1,1,0,0,1,3,0,,,0,0,0,0,0,2,2,13
,2017_08232,39.67843,-104.940638,3/8/2017 9:45,9:45,3,0,3,COLORADO BOULEVARD SOUTH & EVANS AVENUE EAST,1,1,0,0,1,1,0,,35,0,0,0,0,2,2,4,13
,2017_08233,39.67843,-104.940638,3/18/2017 9:18,9:18,15,0,0,EVANS AVENUE EAST & COLORADO BOULEVARD SOUTH,1,1,0,0,1,3,0,,30,0,0,0,0,0,2,2,7
,2017_08234,39.67843,-104.940638,3/18/2017 16:48,16:48,12,0,0,COLORADO BOULEVARD SOUTH & EVANS AVENUE EAST,1,1,0,7,1,3,0,,35,0,0,0,0,0,2,2,16
,2017_08235,39.67843,-104.940638,3/22/2017 8:40,8:40,1,0,1,EVANS AVENUE EAST & COLORADO BOULEVARD SOUTH,1,1,0,0,1,1,0,,35,0,0,0,0,2,2,2,13
,2017_08236,39.67843,-104.940638,8/25/2017 13:00,13:00,1,0,0,COLORADO BOULEVARD SOUTH & EVANS AVENUE EAST,1,1,0,0,1,1,0,,35,0,0,0,0,0,2,2,1
,2017_08237,39.67843,-104.940638,9/19/2017 14:52,14:52,12,0,0,COLORADO BOULEVARD SOUTH & EVANS AVENUE EAST,1,1,0,0,1,1,0,,,0,0,0,0,0,2,2,13
,2017_08238,39.67843,-104.940638,12/14/2017 7:40,7:40,15,0,0,COLORADO BOULEVARD SOUTH & EVANS AVENUE EAST,2,1,0,0,1,3,0,,35,0,0,0,0,0,2,2,13
,2017_08239,39.67843,-104.940638,12/15/2017 10:40,10:40,1,0,1,COLORADO BOULEVARD SOUTH & EVANS AVENUE EAST,1,1,3,0,1,1,0,,35,0,0,0,0,2,2,2,13
,2017_08240,39.716892,-104.94061,6/21/2017 2:39,2:39,5,0,0,COLORADO BOULEVARD SOUTH & BAYAUD AVENUE EAST,1,3,1,0,2,1,0,,35,0,0,0,0,1,2,1,14
,2017_08241,39.678571,-104.940638,11/28/2017 12:55,12:55,15,0,0,COLORADO BOULEVARD SOUTH 2000 BLOCK & EVANS AVENUE EAST,1,1,0,0,1,3,0,,35,0,0,0,0,0,2,2,3
,2017_08242,39.678996,-104.94064,4/5/2017 12:17,12:17,3,0,0,COLORADO BOULEVARD SOUTH 2000 BLOCK & EVANS AVENUE EAST,2,2,0,0,1,2,0,,30,0,0,0,0,0,2,2,7
,2017_08243,39.679985,-104.940643,1/17/2017 15:28,15:28,12,0,0,COLORADO CENTER DRIVE  SLIP RAMP & COLORADO BOULEVARD SOUTH,2,1,1,0,1,3,0,,25,0,0,0,0,1,2,2,14
,2017_08244,39.679985,-104.940643,2/17/2017 13:45,13:45,12,0,0,COLORADO BOULEVARD SOUTH & BUCHTEL BOULEVARD EAST,1,1,0,0,1,1,0,,35,0,0,0,0,0,2,2,13
,2017_08245,39.679985,-104.940643,6/4/2017 13:15,13:15,12,0,0,BUCHTEL BOULEVARD 3900 BLOCK EAST & COLORADO BOULEVARD SOUTH,1,1,0,0,1,3,0,,35,0,0,0,0,0,2,2,8
,2017_08246,39.679985,-104.940643,6/22/2017 8:16,8:16,3,0,0,COLORADO BOULEVARD SOUTH & BUCHTEL BOULEVARD EAST,1,1,0,0,1,1,0,,35,0,0,0,0,0,2,2,3
,2017_08247,39.683013,-104.940374,2/25/2017 15:39,15:39,12,0,0,COLORADO BOULEVARD SOUTH & I25,1,1,0,0,1,1,0,,35,0,0,0,0,0,2,2,14
,2017_08248,39.680951,-104.94063,10/18/2017 13:00,13:00,15,0,0,COLORADO BOULEVARD SOUTH & BUCHTEL BOULEVARD EAST,1,1,0,0,1,3,0,,35,0,0,0,0,0,2,2,12
,2017_08250,39.681173,-104.940594,3/5/2017 20:54,20:54,5,0,0,COLORADO BOULEVARD SOUTH 2000 & FRONTAGE ROAD SOUTH,1,3,0,0,3,4,0,,30,0,0,0,0,0,2,1,1
,2017_08251,39.681285,-104.940575,9/28/2017 21:52,21:52,3,0,0,FRONTAGE ROAD SOUTH  & COLORADO BOULEVARD SOUTH,1,3,0,0,1,1,0,,35,0,0,0,0,0,2,2,1
,2017_08252,39.681285,-104.940575,10/7/2017 7:40,7:40,12,0,0,COLORADO BOULEVARD SOUTH & I25 FRONTAGE ROAD SOUTH,1,1,0,0,1,3,0,,35,0,0,0,0,0,2,3,13
,2017_08253,39.681508,-104.940538,1/13/2017 20:41,20:41,3,0,0,COLORADO BOULEVARD SOUTH & I25 SOUTHBOUND OFF RAMP,1,3,0,0,1,1,0,,35,0,0,0,0,0,2,2,13
,2017_08254,39.682492,-104.940405,1/10/2017 13:46,13:46,10,0,0,COLORADO BOULEVARD SOUTH & I25 SOUTHBOUND LOOP ON RAMP,1,1,1,0,1,3,0,,30,0,0,0,0,0,2,2,13
,2017_08255,39.682492,-104.940405,4/20/2017 22:20,22:20,10,0,0,COLORADO BOULEVARD SOUTH & I25 SOUTHBOUND LOOP ON RAMP,2,3,0,0,1,1,0,,30,0,0,0,0,1,2,2,13
,2017_08256,39.682492,-104.940405,10/26/2017 7:35,7:35,12,0,0,COLORADO BOULEVARD SOUTH & I25 SOUTHBOUND LOOP ON RAMP,1,1,2,0,1,4,0,,35,0,0,0,0,1,2,3,12
,2017_08257,39.683013,-104.940374,6/28/2017 14:20,14:20,12,0,0,COLORADO BOULEVARD SOUTH 1900 BLOCK & I25,1,1,1,0,1,3,0,,35,0,0,0,0,0,2,2,3
,2017_08258,39.683013,-104.940374,9/14/2017 8:23,8:23,12,0,0,COLORADO BOULEVARD SOUTH & I25,1,1,0,0,1,1,0,,35,0,0,0,0,0,2,2,13
,2017_08259,39.683417,-104.940397,1/17/2017 21:39,21:39,12,0,0,COLORADO BOULEVARD SOUTH & I25,1,3,1,0,1,4,0,,35,0,0,0,0,0,2,2,13
,2017_08260,39.683642,-104.940412,1/5/2017 22:16,22:16,1,0,0,COLORADO BOULEVARD SOUTH & I25 NORTHBOUND OFF RAMP,10,3,1,0,1,1,0,,35,0,0,0,0,1,2,2,13
,2017_08261,39.683642,-104.940412,5/13/2017 23:16,23:16,3,0,0,COLORADO BOULEVARD SOUTH & I25 NORTHBOUND OFF RAMP,1,3,0,0,1,3,0,,35,0,0,0,0,0,2,2,13
,2017_08262,39.683642,-104.940412,5/15/2017 7:15,7:15,12,0,0,COLORADO BOULEVARD & I25 NORTHBOUND ON RAMP,1,1,0,0,1,3,0,,25,0,0,0,0,0,2,2,13
,2017_08263,39.683642,-104.940412,6/11/2017 16:35,16:35,3,0,0,COLORADO BOULEVARD SOUTH & I25 NORTHBOUND OFF RAMP,1,1,0,0,1,1,0,,30,0,0,0,0,0,2,2,13
,2017_08264,39.68406,-104.940449,5/18/2017 23:23,23:23,1,0,0,COLORADO BOULEVARD SOUTH & I25 NORTHBOUND ON RAMP,2,3,0,1,1,1,0,,40,0,0,0,0,0,2,2,13
,2017_08265,39.684935,-104.940543,1/26/2017 12:50,12:50,12,0,0,COLORADO BOULEVARD SOUTH 1700 BLOCK & MEXICO AVENUE EAST,1,1,1,0,1,4,0,,35,0,0,0,0,0,2,2,13
,2017_08267,39.684935,-104.940543,2/25/2017 12:00,12:00,15,0,0,COLORADO BOULEVARD SOUTH & MEXICO AVENUE EAST,1,1,1,0,1,4,0,,35,0,0,0,0,0,2,2,13
,2017_08268,39.684935,-104.940543,4/12/2017 11:30,11:30,15,0,0,COLORADO BOULEVARD SOUTH 1500 BLOCK & MEXICO AVENUE EAST,1,1,1,0,1,4,0,,35,0,0,0,0,0,2,2,13
,2017_08269,39.684935,-104.940543,8/29/2017 12:17,12:17,12,0,0,COLORADO BOULEVARD SOUTH 1800 BLOCK & MEXICO AVENUE EAST,1,1,0,0,1,3,0,,40,0,0,0,0,0,2,2,13
,2017_08270,39.685234,-104.940543,2/11/2017 16:27,16:27,12,0,0,COLORADO BOULEVARD SOUTH & MEXICO AVENUE EAST,1,1,0,0,1,4,0,,35,0,0,0,0,0,2,2,13
,2017_08271,39.685384,-104.940543,2/17/2017 13:30,13:30,12,0,0,COLORADO BOULEVARD 1700 BLOCK SOUTH & MEXICO AVENUE EAST,1,1,0,0,1,3,0,,35,0,0,0,0,1,2,3,13
,2017_08272,39.685533,-104.940543,11/17/2017 10:28,10:28,3,0,0,COLORADO BOULEVARD SOUTH & MEXICO AVENUE EAST,1,1,0,0,1,1,0,,35,0,0,0,0,0,2,2,13
,2017_08273,39.685384,-104.940543,9/15/2017 10:05,10:05,12,0,0,COLORADO BOULEVARD SOUTH 1700 BLOCK & MEXICO AVENUE EAST,1,1,0,0,1,5,0,,35,0,0,0,0,1,2,3,12
,2017_08274,39.685533,-104.940543,2/24/2017 8:57,8:57,15,0,0,MEXICO AVENUE 3900 BLOCK EAST & COLORADO BOULEVARD SOUTH,5,1,0,2,1,3,0,,30,0,0,0,0,0,2,2,13
,2017_08275,39.685533,-104.940543,2/24/2017 8:57,8:57,12,0,0,MEXICO AVENUE 3900 BLOCK EAST & COLORADO BOULEVARD SOUTH,5,1,0,2,1,3,0,,30,0,0,0,0,0,2,2,7
,2017_08276,39.685533,-104.940543,3/25/2017 10:48,10:48,12,0,0,COLORADO BOULEVARD SOUTH 1600 BLOCK & MEXICO AVENUE EAST,1,1,1,0,1,4,0,,35,0,0,0,0,0,2,2,13
,2017_08277,39.685533,-104.940543,5/19/2017 16:45,16:45,10,0,0,COLORADO BOULEVARD SOUTH & MEXICO AVENUE EAST,2,2,0,0,1,1,0,,35,0,0,0,0,0,2,4,13
,2017_08278,39.685533,-104.940543,7/5/2017 15:26,15:26,12,0,0,COLORADO BOULEVARD SOUTH & MEXICO AVENUE EAST,1,1,0,0,1,3,0,,35,0,0,0,0,0,2,2,13
,2017_08279,39.685533,-104.940543,7/29/2017 14:28,14:28,12,0,0,COLORADO BOULEVARD SOUTH 1700 BLOCK & MEXICO AVENUE EAST,1,1,0,0,1,4,0,,35,0,0,0,0,0,2,2,13
,2017_08280,39.685533,-104.940543,8/7/2017 14:50,14:50,12,0,0,MEXICO AVENUE 4000 BLOCK EAST & COLORADO BOULEVARD SOUTH,2,1,0,0,1,3,0,,30,0,0,0,0,0,2,2,13
,2017_08283,39.685533,-104.940543,8/13/2017 18:42,18:42,12,0,0,COLORADO BOULEVARD SOUTH 1600 BLOCK & MEXICO AVENUE EAST,1,2,0,0,1,4,0,,35,0,0,0,0,0,2,2,13
,2017_08284,39.685533,-104.940543,9/8/2017 17:47,17:47,3,0,0,COLORADO BOULEVARD SOUTH & MEXICO AVENUE EAST,1,1,0,0,1,1,0,,30,0,0,0,0,0,2,2,14
,2017_08285,39.685533,-104.940543,10/6/2017 11:00,11:00,3,0,0,COLORADO BOULEVARD SOUTH & MEXICO AVENUE EAST,1,1,0,0,1,1,0,,35,0,0,0,0,0,2,2,12
,2017_08286,39.686429,-104.940544,9/12/2017 11:36,11:36,12,0,0,COLORADO BOULEVARD SOUTH 1700 BLOCK & IOWA AVENUE EAST,1,1,1,0,1,4,0,,40,0,0,0,0,0,2,3,3
,2017_08287,39.686878,-104.940544,5/26/2017 8:40,8:40,12,0,0,COLORADO BOULEVARD SOUTH & IOWA AVENUE EAST,1,1,0,0,1,4,0,,35,0,0,0,0,0,2,2,13
,2017_08288,39.754654,-104.94054,8/7/2017 2:40,2:40,5,0,0,COLORADO BOULEVARD NORTH & 2660 BLOCK NORTH,1,3,0,0,2,1,0,,35,0,0,0,0,0,2,1,14
,2017_08289,39.686878,-104.940544,8/11/2017 12:33,12:33,12,0,0,COLORADO BOULEVARD SOUTH & IOWA AVENUE EAST,1,1,0,0,1,4,0,,35,0,0,0,0,0,2,2,13
,2017_08290,39.686878,-104.940544,10/14/2017 18:45,18:45,12,0,1,COLORADO BOULEVARD SOUTH & IOWA AVENUE EAST,1,3,0,0,1,4,0,,35,0,0,0,1,2,2,2,5
,2017_08291,39.687027,-104.940544,5/1/2017 15:55,15:55,15,0,0,COLORADO BOULEVARD SOUTH & IOWA AVENUE EAST,1,1,0,0,1,4,0,,35,0,0,0,0,0,2,3,13
,2017_08292,39.687027,-104.940544,6/27/2017 13:00,13:00,12,0,0,COLORADO BOULEVARD SOUTH & IOWA AVENUE EAST,1,1,0,0,1,4,0,,35,0,0,0,0,0,2,3,3
,2017_08293,39.687176,-104.940544,8/22/2017 18:55,18:55,12,0,0,COLORADO BOULEVARD SOUTH 1600 BLOCK & IOWA AVENUE EAST,1,1,0,0,1,4,0,,40,0,0,0,0,1,2,3,1
,2017_08294,39.687326,-104.940544,8/25/2017 12:21,12:21,1,0,0,COLORADO BOULEVARD SOUTH & IOWA AVENUE EAST,1,1,1,0,1,1,0,,40,0,0,0,0,1,2,2,13
,2017_08295,39.687176,-104.940544,11/6/2017 14:48,14:48,12,0,0,COLORADO BOULEVARD SOUTH & IOWA AVENUE EAST,1,1,0,0,1,4,0,,35,0,0,0,0,1,2,3,14
,2017_08296,39.781449,-104.94971,10/29/2017 5:14,5:14,5,0,0,VASQUEZ BOULEVARD NORTH & 4600 BLOCK,1,3,0,0,1,4,0,,30,0,0,0,0,0,2,1,13
,2017_08297,39.687326,-104.940544,1/22/2017 14:18,14:18,12,0,0,COLORADO BOULEVARD SOUTH 1500 BLOCK & IOWA AVENUE EAST,1,1,0,0,1,4,0,,35,0,0,0,0,1,2,2,13
,2017_08298,39.687326,-104.940544,4/5/2017 7:55,7:55,3,0,0,IOWA AVENUE EAST & COLORADO BOULEVARD SOUTH,1,1,0,0,1,1,0,,30,0,0,0,0,0,2,2,14
,2017_08299,39.687326,-104.940544,4/26/2017 10:51,10:51,1,0,0,COLORADO BOULEVARD SOUTH & IOWA AVENUE EAST,1,1,1,0,1,1,0,,35,0,0,0,0,1,2,2,13
,2017_08300,39.687326,-104.940544,5/24/2017 16:43,16:43,1,0,0,COLORADO BOULEVARD SOUTH & IOWA AVENUE EAST,1,1,0,0,1,1,0,,35,0,0,0,0,0,2,2,7
,2017_08301,39.687326,-104.940544,5/25/2017 14:00,14:00,1,0,0,COLORADO BOULEVARD SOUTH & IOWA AVENUE EAST,1,1,0,0,1,1,0,,35,0,0,0,0,0,2,2,13
,2017_08302,39.687326,-104.940544,5/27/2017 13:45,13:45,1,0,1,COLORADO BOULEVARD SOUTH & IOWA AVENUE EAST,2,1,0,1,1,1,0,,35,0,0,0,0,2,2,3,13
,2017_08303,39.761914,-104.940511,10/26/2017 19:20,19:20,5,0,0,MLK BOULEVARD EAST & COLORADO BOULEVARD NORTH,5,3,0,2,1,1,0,,35,0,0,0,0,0,2,1,13
,2017_08305,39.687326,-104.940544,6/14/2017 11:03,11:03,3,0,1,COLORADO BOULEVARD SOUTH & IOWA AVENUE EAST,1,1,1,0,1,1,0,,35,0,0,0,0,2,2,3,12
,2017_08306,39.687326,-104.940544,7/14/2017 19:17,19:17,3,0,0,COLORADO BOULEVARD SOUTH & IOWA AVENUE EAST,1,1,0,0,1,1,0,,35,0,0,0,0,0,2,2,3
,2017_08307,39.687326,-104.940544,7/16/2017 11:35,11:35,3,0,0,COLORADO BOULEVARD SOUTH & IOWA AVENUE EAST,1,1,0,0,1,1,0,,35,0,0,0,0,1,2,3,14
,2017_08308,39.687326,-104.940544,8/23/2017 13:06,13:06,12,0,0,IOWA AVENUE 4000 BLOCK EAST & COLORADO BOULEVARD SOUTH,1,1,1,0,1,3,0,,25,0,0,0,0,0,2,2,3
,2017_08309,39.687326,-104.940544,9/26/2017 16:55,16:55,15,0,0,COLORADO BOULEVARD SOUTH & IOWA AVENUE EAST,1,1,0,0,1,1,0,,35,0,0,0,0,0,2,2,13
,2017_08310,39.687326,-104.940544,10/14/2017 12:47,12:47,1,0,0,IOWA AVENUE EAST & COLORADO BOULEVARD SOUTH,1,1,0,0,1,1,0,,35,0,0,0,0,0,2,2,13
,2017_08311,39.687326,-104.940544,11/28/2017 17:27,17:27,1,0,0,IOWA AVENUE EAST & COLORADO BOULEVARD SOUTH,1,3,1,0,1,1,0,,35,0,0,0,0,0,2,2,13
,2017_08312,39.687326,-104.940544,12/13/2017 11:28,11:28,1,0,0,COLORADO BOULEVARD SOUTH & IOWA AVENUE EAST,1,1,1,0,1,1,0,,35,0,0,0,0,0,2,2,13
,2017_08313,39.687326,-104.940544,12/19/2017 18:25,18:25,1,0,0,COLORADO BOULEVARD SOUTH & IOWA AVENUE EAST,1,3,0,0,1,1,0,,30,0,0,0,0,1,2,2,7
,2017_08314,39.687326,-104.940544,12/31/2017 21:50,21:50,3,0,1,COLORADO BOULEVARD SOUTH & IOWA AVENUE EAST,1,3,1,0,1,1,0,,35,0,0,0,0,2,2,2,13
,2017_08315,39.687475,-104.940545,1/26/2017 14:05,14:05,12,0,0,COLORADO BOULEVARD SOUTH 1500 BLOCK & IOWA AVENUE EAST,1,1,0,0,1,4,0,,35,0,0,0,0,0,2,3,1
,2017_08316,39.687475,-104.940545,12/17/2017 15:33,15:33,12,0,0,COLORADO BOULEVARD SOUTH & IOWA AVENUE EAST,1,1,0,0,1,4,0,,40,0,0,0,0,0,2,3,13
,2017_08317,39.687625,-104.940545,4/30/2017 17:35,17:35,15,0,0,COLORADO BOULEVARD SOUTH & IOWA AVENUE EAST,1,1,0,0,1,4,0,,35,0,0,0,0,0,2,2,13
,2017_08318,39.687625,-104.940545,11/2/2017 19:39,19:39,12,0,0,COLORADO BOULEVARD SOUTH & IOWA AVENUE EAST,1,3,0,0,1,4,0,,35,0,0,0,0,0,2,3,3
,2017_08319,39.688073,-104.940545,2/3/2017 11:12,11:12,15,0,0,COLORADO BOULEVARD SOUTH & FLORIDA AVENUE EAST,1,1,1,0,1,4,0,,40,0,0,0,0,0,2,2,13
,2017_08320,39.688222,-104.940545,5/9/2017 15:57,15:57,15,0,0,COLORADO BOULEVARD SOUTH & FLORIDA AVENUE EAST,1,1,1,0,1,3,0,,40,0,0,0,0,0,2,2,13
,2017_08321,39.68867,-104.940546,11/15/2017 14:55,14:55,12,0,0,COLORADO BOULEVARD SOUTH 1500 BLOCK & FLORIDA AVENUE EAST,1,1,0,0,1,3,0,,35,0,0,0,0,0,2,3,1
,2017_08322,39.68882,-104.940546,1/3/2017 10:25,10:25,15,0,0,COLORADO BOULEVARD SOUTH 1500 BLOCK & FLORIDA AVENUE EAST,1,1,0,0,1,4,0,,35,0,0,0,0,0,2,2,13
,2017_08323,39.68882,-104.940546,7/5/2017 15:58,15:58,15,0,0,COLORADO BOULEVARD SOUTH & FLORIDA AVENUE EAST,1,1,1,0,1,4,0,,35,0,0,0,0,0,2,3,14
,2017_08325,39.68882,-104.940546,8/22/2017 7:33,7:33,12,0,0,COLORADO BOULEVARD SOUTH 1500 BLOCK & FLORIDA AVENUE EAST,1,1,0,0,1,3,0,,35,0,0,0,0,0,2,2,13
,2017_08326,39.68882,-104.940546,9/30/2017 9:53,9:53,12,0,0,COLORADO BOULEVARD SOUTH 1600 BLOCK & FLORIDA AVENUE EAST,1,1,1,0,1,4,0,,35,0,0,0,0,0,2,3,13
,2017_08327,39.689119,-104.940546,1/19/2017 15:45,15:45,15,0,0,COLORADO BOULEVARD SOUTH & FLORIDA AVENUE EAST,1,1,1,0,1,1,0,,35,0,0,0,0,0,2,4,13
,2017_08328,39.689119,-104.940546,2/18/2017 11:57,11:57,15,0,0,COLORADO BOULEVARD SOUTH & FLORIDA AVENUE EAST,1,1,0,0,1,4,0,,35,0,0,0,0,0,2,3,13
,2017_08329,39.689119,-104.940546,3/24/2017 22:30,22:30,12,0,0,COLORADO BOULEVARD SOUTH & FLORIDA AVENUE EAST,1,3,0,0,1,1,0,,35,0,0,0,0,0,2,2,16
,2017_08330,39.689119,-104.940546,6/30/2017 19:17,19:17,3,0,0,COLORADO BOULEVARD SOUTH & FLORIDA AVENUE EAST,1,2,0,0,1,1,0,,40,0,0,0,0,0,2,2,4
,2017_08331,39.689119,-104.940546,8/23/2017 8:21,8:21,12,0,0,FLORIDA AVENUE EAST & COLORADO BOULEVARD SOUTH,1,1,0,0,1,3,0,,35,0,0,0,0,0,2,2,14
,2017_08332,39.689119,-104.940546,9/26/2017 16:50,16:50,1,0,0,FLORIDA AVENUE EAST & COLORADO BOULEVARD SOUTH,1,1,0,0,1,1,0,,30,0,0,0,0,1,2,2,13
,2017_08333,39.689119,-104.940546,11/2/2017 6:14,6:14,5,0,0,COLORADO BOULEVARD SOUTH & FLORIDA AVENUE EAST,1,3,0,0,2,1,0,,35,0,0,0,0,0,2,1,13
,2017_08334,39.689119,-104.940546,11/6/2017 14:54,14:54,12,0,0,COLORADO BOULEVARD SOUTH & FLORIDA AVENUE EAST,1,1,1,0,1,3,0,,35,0,0,0,0,0,2,2,13
,2017_08335,39.689119,-104.940546,12/7/2017 0:37,0:37,12,0,0,FLORIDA AVENUE EAST & COLORADO BOULEVARD SOUTH,1,3,0,0,1,3,0,,25,0,0,0,0,0,2,2,5
,2017_08336,39.689268,-104.940546,4/28/2017 15:28,15:28,15,0,0,COLORADO BOULEVARD SOUTH 1400 BLOCK & FLORIDA AVENUE EAST,1,1,1,0,1,4,0,,40,0,0,0,0,0,2,2,1
,2017_08337,39.689268,-104.940546,10/9/2017 15:01,15:01,12,0,0,COLORADO BOULEVARD SOUTH & FLORIDA AVENUE EAST,2,1,0,7,1,4,0,,35,0,0,0,0,0,2,2,16
,2017_08338,39.689268,-104.940546,10/12/2017 13:30,13:30,12,0,0,COLORADO BOULEVARD SOUTH & FLORIDA AVENUE EAST,1,1,0,0,1,4,0,,30,0,0,0,0,0,2,3,3
,2017_08339,39.689268,-104.940546,10/27/2017 9:00,9:00,15,0,0,COLORADO BOULEVARD SOUTH & FLORIDA AVENUE EAST,1,1,0,0,1,3,0,,,0,0,0,0,0,2,2,13
,2017_08340,39.689417,-104.940546,10/3/2017 12:12,12:12,12,0,0,COLORADO BOULEVARD SOUTH 1400 BLOCK & FLORIDA AVENUE EAST,1,1,0,0,1,4,0,,35,0,0,0,0,0,2,2,13