id,drcog_id,latitude,longitude,crashtime,time,crashtype,numbkilled,numbinjurd,drcoglocat,rdconditin,lightngcon,roadcntgrd,weatherco,location,roaddescrp,constrzone,schoolzone,splimit,bikeinv,pedinv,sctrinv,motoinv,svrty,rdsystem,ttlvehcls,hcf
,2017_08341,39.690613,-104.940547,3/6/2017 15:08,15:08,12,0,0,COLORADO BOULEVARD SOUTH 1400 BLOCK & ARKANSAS AVENUE EAST,1,1,1,0,1,3,0,,35,0,0,0,0,0,2,2,3
,2017_08342,39.690613,-104.940547,11/18/2017 11:24,11:24,12,0,0,COLORADO BOULEVARD SOUTH & ARKANSAS AVENUE EAST,1,1,0,0,1,4,0,,35,0,0,0,0,0,2,2,3
,2017_08343,39.690762,-104.940547,7/26/2017 20:45,20:45,12,0,0,COLORADO BOULEVARD SOUTH & 1400 BLOCK SOUTH,2,3,0,1,1,1,0,,30,0,0,0,0,0,2,2,13
,2017_08344,39.690911,-104.940547,3/29/2017 15:50,15:50,12,0,0,COLORADO BOULEVARD SOUTH & ARKANSAS STREET EAST,1,1,0,0,1,4,0,,35,0,0,0,0,0,2,2,13
,2017_08345,39.690911,-104.940547,8/10/2017 17:30,17:30,12,0,0,COLORADO BOULEVARD SOUTH 1300 BLOCK & ARKANSAS AVENUE EAST,1,1,0,0,1,4,0,,35,0,0,0,0,0,2,2,13
,2017_08346,39.690911,-104.940547,8/12/2017 18:33,18:33,1,0,0,COLORADO BOULEVARD SOUTH & ARKANSAS AVENUE EAST,1,1,0,0,1,1,0,,30,0,0,0,0,1,2,2,13
,2017_08347,39.690911,-104.940547,9/20/2017 13:58,13:58,12,0,0,ARKANSAS AVENUE EAST & COLORADO BOULEVARD SOUTH,1,1,0,0,1,1,0,,30,0,0,0,0,0,2,2,14
,2017_08348,39.690911,-104.940547,12/18/2017 23:43,23:43,12,0,0,COLORADO BOULEVARD SOUTH & ARKANSAS AVENUE EAST,1,3,1,0,1,3,0,,35,0,0,0,0,0,2,2,13
,2017_08349,39.69121,-104.940547,5/16/2017 12:36,12:36,12,0,0,COLORADO BOULEVARD SOUTH & ARKANSAS AVENUE EAST,1,1,1,0,1,4,0,,40,0,0,0,0,0,2,2,3
,2017_08350,39.69121,-104.940547,11/18/2017 17:20,17:20,12,0,0,COLORADO BOULEVARD SOUTH & ARKANSAS AVENUE EAST,1,3,0,0,1,4,0,,40,0,0,0,0,1,2,3,1
,2017_08351,39.729002,-104.940605,6/25/2017 17:03,17:03,15,0,0,COLORADO BOULEVARD NORTH & 800 BLOCK NORTH,1,1,0,0,1,3,0,,35,0,0,0,0,0,2,2,1
,2017_08352,39.691957,-104.940548,4/10/2017 13:09,13:09,12,0,0,COLORADO BOULEVARD SOUTH 1300 BLOCK & LOUISIANA AVENUE EAST,1,1,1,0,1,3,0,,35,0,0,0,0,1,2,2,12
,2017_08353,39.692256,-104.940548,8/29/2017 15:30,15:30,12,0,0,COLORADO BOULEVARD SOUTH 1300 BLOCK & LOUISIANA AVENUE EAST,1,1,1,0,1,4,0,,5,0,0,0,0,0,2,2,13
,2017_08354,39.692405,-104.940548,7/5/2017 15:09,15:09,12,0,0,COLORADO BOULEVARD SOUTH & LOUISIANA AVENUE EAST,1,1,1,0,1,4,0,,35,0,0,0,0,1,2,2,14
,2017_08355,39.692704,-104.940549,2/14/2017 7:57,7:57,15,0,0,COLORADO BOULEVARD SOUTH 1300 BLOCK & LOUISIANA AVENUE EAST,1,1,1,0,1,4,0,,35,0,0,0,0,0,2,2,13
,2017_08356,39.692704,-104.940549,6/23/2017 7:47,7:47,12,0,0,COLORADO BOULEVARD SOUTH & LOUISIANA AVENUE EAST,2,1,0,1,1,4,0,,35,0,0,0,0,0,2,2,14
,2017_08357,39.692704,-104.940549,11/16/2017 17:30,17:30,12,0,0,COLORADO BOULEVARD 1300 BLOCK SOUTH & LOUISIANA AVENUE EAST,1,1,0,0,1,4,0,,30,0,0,0,0,0,2,2,13
,2017_08358,39.692854,-104.940549,1/24/2017 9:28,9:28,12,0,0,LOUISIANA AVENUE EAST & COLORADO BOULEVARD SOUTH,1,1,1,0,1,3,0,,35,0,0,0,0,0,2,2,13
,2017_08359,39.692854,-104.940549,1/31/2017 15:53,15:53,1,0,0,LOUISIANA AVENUE EAST & COLORADO BOULEVARD SOUTH,1,5,1,0,1,1,0,,30,0,0,0,0,0,2,2,13
,2017_08360,39.692854,-104.940549,3/13/2017 10:45,10:45,3,0,0,COLORADO BOULEVARD SOUTH & LOUISIANA AVENUE EAST,1,1,1,0,1,1,0,,35,0,0,0,0,0,2,4,13
,2017_08361,39.692854,-104.940549,3/18/2017 14:11,14:11,3,0,0,LOUISIANA AVENUE & COLORADO BOULEVARD SOUTH,1,1,0,0,1,1,0,,25,0,0,0,0,0,2,2,13
,2017_08362,39.692854,-104.940549,5/11/2017 5:11,5:11,12,0,0,COLORADO BOULEVARD SOUTH & LOUISIANA AVENUE EAST,1,1,0,0,1,1,0,,40,0,0,0,0,0,2,3,3
,2017_08363,39.694796,-104.94055,4/3/2017 17:34,17:34,3,0,0,COLORADO BOULEVARD SOUTH & ARIZONA AVENUE EAST,14,1,0,0,1,1,0,,,0,0,0,0,0,2,2,13
,2017_08364,39.692854,-104.940549,7/14/2017 14:09,14:09,12,0,0,COLORADO BOULEVARD 1300 SOUTH & LOUISIANA AVENUE EAST,1,1,0,0,1,3,0,,30,0,0,0,0,0,2,3,13
,2017_08365,39.692854,-104.940549,9/14/2017 8:20,8:20,15,0,0,COLORADO BOULEVARD SOUTH 1300 BLOCK & LOUISIANA AVENUE EAST,1,1,0,0,1,3,0,,35,0,0,0,0,0,2,2,3
,2017_08366,39.692854,-104.940549,10/3/2017 17:35,17:35,12,0,0,COLORADO BL 1300 BLOCK SOUTH & LOUISIANA AVENUE EAST,1,1,0,0,1,4,0,,35,0,0,0,0,0,2,2,1
,2017_08367,39.692854,-104.940549,10/10/2017 18:15,18:15,1,0,0,LOUISIANA AVENUE EAST & COLORADO BOULEVARD SOUTH,1,2,0,0,1,1,0,,,0,0,0,0,0,2,2,1
,2017_08368,39.692854,-104.940549,12/23/2017 18:20,18:20,12,0,0,COLORADO BOULEVARD 1300 BLOCK SOUTH & LOUISIANA AVENUE EAST,5,3,1,0,1,4,0,,35,0,0,0,0,1,2,2,13
,2017_08369,39.693451,-104.940549,2/3/2017 15:17,15:17,12,0,0,COLORADO BOULEVARD 1200 BLOCK SOUTH & LOUISIANA AVENUE EAST,1,1,0,0,1,4,0,,35,0,0,0,0,1,2,2,13
,2017_08370,39.69375,-104.940549,6/1/2017 16:30,16:30,12,0,0,COLORADO BOULEVARD SOUTH 1200 BLOCK & LOUISIANA AVENUE EAST,1,1,0,0,1,4,0,,30,0,0,0,0,0,2,2,13
,2017_08371,39.694497,-104.94055,4/10/2017 14:45,14:45,12,0,0,COLORADO BOULEVARD SOUTH 1200 BLOCK & ARIZONA AVENUE EAST,1,1,0,0,1,4,0,,35,0,0,0,0,0,2,4,13
,2017_08372,39.694497,-104.94055,11/20/2017 19:36,19:36,12,0,0,COLORADO BOULEVARD SOUTH & ARIZONA AVENUE EAST,1,3,0,0,1,4,0,,35,0,0,0,0,0,2,2,13
,2017_08373,39.694646,-104.94055,5/17/2017 17:10,17:10,12,0,0,COLORADO BOULEVARD SOUTH 1200 BLOCK & ARIZONA AVENUE EAST,1,1,0,0,1,4,0,,35,0,0,0,0,0,2,2,4
,2017_08374,39.694796,-104.94055,3/24/2017 0:45,0:45,5,0,1,COLORADO BOULEVARD SOUTH & ARIZONA AVENUE EAST,2,3,0,1,3,1,0,,35,0,0,0,0,2,2,1,5
,2017_08375,39.694796,-104.94055,12/8/2017 17:05,17:05,12,0,0,COLORADO BOULEVARD SOUTH & 1200 BLOCK SOUTH / ARIZONA AVENUE EAST,1,3,0,0,1,4,0,,30,0,0,0,0,0,2,2,1
,2017_08377,39.694945,-104.94055,5/22/2017 15:15,15:15,12,0,0,COLORADO BOULEVARD SOUTH & ARIZONA AVENUE EAST,1,1,0,0,1,4,0,,35,0,0,0,0,0,2,2,12
,2017_08380,39.69659,-104.940565,1/26/2017 14:00,14:00,3,0,0,COLORADO BOULEVARD SOUTH & MISSISSIPPI AVENUE EAST,1,1,0,0,1,1,0,,30,0,0,0,0,1,2,2,3
,2017_08381,39.69659,-104.940565,3/1/2017 14:40,14:40,15,0,0,MISSISSIPPI AVENUE EAST & COLORADO BOULEVARD SOUTH,1,1,0,0,1,1,0,,35,0,0,0,0,0,2,2,13
,2017_08382,39.69659,-104.940565,3/22/2017 22:13,22:13,12,0,0,COLORADO BOULEVARD SOUTH 1000 BLOCK & MISSISSIPPI AVENUE EAST,1,3,0,0,1,4,0,,,0,0,0,0,0,2,2,13
,2017_08383,39.69659,-104.940565,4/15/2017 21:50,21:50,12,0,0,COLORADO BOULEVARD SOUTH & MISSISSIPPI AVENUE EAST,1,3,1,0,1,4,0,,35,0,0,0,0,0,2,2,13
,2017_08384,39.69659,-104.940565,5/30/2017 16:03,16:03,1,0,0,MISSISSIPPI AVENUE EAST & COLORADO BOULEVARD SOUTH,1,1,0,0,1,1,0,,30,0,0,0,0,0,2,2,13
,2017_08385,39.69659,-104.940565,6/13/2017 19:15,19:15,12,0,0,MISSISSIPPI AVENUE 3900 BLOCK EAST & COLORADO BOULEVARD SOUTH,1,1,0,0,1,4,0,,25,0,0,0,0,0,2,2,3
,2017_08386,39.69659,-104.940565,6/27/2017 17:40,17:40,1,0,0,COLORADO BOULEVARD SOUTH & MISSISSIPPI AVENUE EAST,1,1,0,0,1,1,0,,40,0,0,0,0,0,2,3,7
,2017_08387,39.69659,-104.940565,7/26/2017 8:37,8:37,1,0,0,COLORADO BOULEVARD SOUTH & MISSISSIPPI AVENUE EAST,1,1,0,0,1,1,0,,35,0,0,0,0,1,2,2,1
,2017_08411,39.711202,-104.940612,5/16/2017 7:55,7:55,15,0,0,COLORADO BOULEVARD SOUTH 300 BLOCK & ALAMEDA AVENUE EAST,1,1,0,0,1,4,0,,40,0,0,0,0,0,2,2,13
,2017_08412,39.712952,-104.940611,1/16/2017 9:44,9:44,12,0,0,ALAMEDA AVENUE EAST & COLORADO BOULEVARD SOUTH,6,1,0,2,1,1,0,,30,0,0,0,0,0,2,2,13
,2017_08413,39.712952,-104.940611,2/16/2017 13:20,13:20,15,0,0,COLORADO BOULEVARD SOUTH & ALAMEDA AVENUE EAST,1,1,0,0,1,4,0,,35,0,0,0,0,0,2,2,13
,2017_08415,39.738485,-104.940602,2/19/2017 2:48,2:48,12,0,0,COLORADO BOULEVARD NORTH & 14TH AVENUE EAST,1,3,0,0,1,4,0,,35,0,0,0,0,0,2,2,5
,2017_08416,39.7255,-104.940607,4/29/2017 2:14,2:14,3,0,0,COLORADO BOULEVARD NORTH & SIXTH AVENUE EAST,2,3,0,2,1,1,0,,30,0,0,0,0,0,2,2,1
,2017_08417,39.713098,-104.940611,1/23/2017 13:59,13:59,12,0,0,COLORADO BOULEVARD SOUTH 300 BLOCK & ALAMEDA AVENUE EAST,1,1,1,0,1,3,0,,35,0,0,0,0,0,2,2,13
,2017_08418,39.713098,-104.940611,10/23/2017 14:43,14:43,12,0,0,COLORADO BOULEVARD SOUTH & ALAMEDA AVENUE EAST,1,1,1,0,1,3,0,,35,0,0,0,0,1,2,3,3
,2017_08419,39.713244,-104.940611,1/1/2017 13:00,13:00,12,0,0,COLORADO BOULEVARD SOUTH & ALAMEDA AVENUE EAST,1,1,0,0,1,1,0,,65,0,0,0,0,0,2,2,13
,2017_08420,39.713244,-104.940611,5/6/2017 16:54,16:54,12,0,0,ALAMEDA AVENUE EAST & COLORADO BOULEVARD SOUTH,1,1,0,0,1,1,0,,35,0,0,0,0,0,2,2,13
,2017_08421,39.713244,-104.940611,6/10/2017 22:35,22:35,12,0,0,ALAMEDA AVENUE EAST & COLORADO BOULEVARD SOUTH,1,3,0,0,1,1,0,,35,0,0,0,0,0,2,2,14
,2017_08422,39.713244,-104.940611,6/14/2017 16:55,16:55,12,0,0,COLORADO BOULEVARD SOUTH & ALAMEDA AVENUE EAST,1,1,0,0,1,1,0,,35,0,0,0,0,0,2,2,8
,2017_08423,39.713244,-104.940611,7/26/2017 11:49,11:49,12,0,0,COLORADO BOULEVARD SOUTH 200 BLOCK & ALAMEDA AVENUE EAST,1,1,1,0,1,3,0,,40,0,0,0,0,0,2,2,7
,2017_08424,39.713244,-104.940611,8/3/2017 23:25,23:25,3,0,0,ALAMEDA AVENUE EAST & COLORADO BOULEVARD SOUTH,1,3,0,0,1,1,0,,35,0,0,0,0,0,2,2,13
,2017_08425,39.713244,-104.940611,8/16/2017 14:02,14:02,12,0,0,ALAMEDA AVENUE 3900 BLOCK EAST & COLORADO BOULEVARD SOUTH,1,1,0,0,1,4,0,,30,0,0,0,0,1,2,3,16
,2017_08426,39.739945,-104.940601,10/30/2017 9:45,9:45,12,0,0,COLORADO BOULEVARD NORTH 1400 BLOCK & COLFAX AVENUE EAST,2,1,0,0,1,4,0,,,0,0,0,0,0,2,2,13
,2017_08427,39.713244,-104.940611,10/18/2017 8:09,8:09,15,0,0,ALAMEDA AVENUE EAST & COLORADO BOULEVARD SOUTH,1,1,0,0,1,1,0,,35,0,0,0,0,0,2,2,13
,2017_08428,39.713244,-104.940611,10/29/2017 18:10,18:10,3,0,0,COLORADO BOULEVARD SOUTH & ALAMEDA AVENUE EAST,1,3,0,0,1,1,0,,35,0,0,0,0,0,2,2,13
,2017_08430,39.71339,-104.940611,3/5/2017 15:30,15:30,12,0,0,COLORADO BOULEVARD 200 BLOCK SOUTH & ALAMEDA AVENUE EAST,1,1,0,0,1,3,0,,35,0,0,0,0,0,2,2,16
,2017_08431,39.71339,-104.940611,7/17/2017 11:52,11:52,12,0,0,COLORADO BOULEVARD SOUTH & ALAMEDA AVENUE EAST,1,1,0,0,1,2,0,,35,0,0,0,0,0,2,2,13
,2017_08432,39.71339,-104.940611,8/17/2017 0:50,0:50,3,0,3,ALAMEDA AVENUE EAST & COLORADO BOULEVARD SOUTH,1,4,0,0,1,1,0,,35,0,0,0,0,2,2,2,14
,2017_08433,39.713682,-104.940611,10/17/2017 8:10,8:10,12,0,0,COLORADO BOULEVARD SOUTH & ALAMEDA AVENUE EAST,1,1,0,0,1,3,0,,35,0,0,0,0,1,2,2,1
,2017_08434,39.713828,-104.940611,5/3/2017 9:00,9:00,15,0,0,COLORADO BOULEVARD SOUTH & ALAMEDA AVENUE EAST,2,1,0,2,1,4,0,,35,0,0,0,0,0,2,2,13
,2017_08435,39.714995,-104.94061,2/3/2017 12:45,12:45,15,0,0,COLORADO BOULEVARD SOUTH & CEDAR AVENUE EAST,1,1,0,0,1,1,0,,,0,0,0,0,1,2,2,13
,2017_08436,39.715871,-104.94061,8/16/2017 12:20,12:20,12,0,0,COLORADO BOULEVARD SOUTH 100 BLOCK & BAYAUD AVENUE EAST,1,1,0,0,1,4,0,,35,0,0,0,0,0,2,2,13
,2017_08437,39.716308,-104.94061,1/4/2017 10:13,10:13,12,0,0,COLORADO BOULEVARD SOUTH 100 BLOCK & BAYAUD AVENUE EAST,1,1,0,2,1,3,0,,35,0,0,0,0,0,2,2,1
,2017_08438,39.716454,-104.94061,3/27/2017 18:55,18:55,3,0,0,COLORADO BOULEVARD SOUTH & BAYAUD AVENUE EAST,1,2,0,0,1,1,0,,35,0,0,0,0,0,2,2,13
,2017_08439,39.716454,-104.94061,5/17/2017 11:21,11:21,12,0,0,BAYAUD AVENUE EAST & COLORADO BOULEVARD SOUTH,1,1,0,0,1,1,0,,25,0,0,0,0,0,2,2,13
,2017_08440,39.716454,-104.94061,5/20/2017 21:27,21:27,1,0,0,COLORADO BOULEVARD SOUTH & BAYAUD AVENUE EAST,1,3,0,0,1,1,0,,35,0,0,0,0,0,2,2,7
,2017_08441,39.738485,-104.940602,3/1/2017 21:34,21:34,3,0,0,14TH AVENUE EAST & COLORADO BOULEVARD NORTH,1,3,0,0,1,1,0,,35,0,0,0,0,0,2,2,16
,2017_08442,39.716454,-104.94061,5/26/2017 17:09,17:09,12,0,0,COLORADO BOULEVARD SOUTH & BAYAUD AVENUE EAST,1,1,1,0,1,3,0,,35,0,0,0,0,1,2,2,13
,2017_08443,39.716454,-104.94061,6/1/2017 17:16,17:16,3,0,0,BAYAUD AVENUE EAST & COLORADO BOULEVARD SOUTH,1,1,0,0,1,1,0,,30,0,0,0,0,0,2,2,13
,2017_08444,39.716454,-104.94061,7/18/2017 15:36,15:36,3,0,0,BAYAUD AVENUE EAST & COLORADO BOULEVARD SOUTH,1,1,1,0,1,1,0,,35,0,0,0,0,0,2,2,13
,2017_08445,39.716454,-104.94061,7/28/2017 22:05,22:05,3,0,0,COLORADO BOULEVARD SOUTH & BAYAUD AVENUE EAST,1,3,0,0,1,1,0,,35,0,0,0,0,0,2,2,1
,2017_08446,39.716454,-104.94061,9/5/2017 12:30,12:30,3,0,0,COLORADO BOULEVARD SOUTH & BAYAUD AVENUE EAST,1,1,0,0,1,1,0,,35,0,0,0,0,0,2,2,1
,2017_08448,39.716454,-104.94061,9/15/2017 16:29,16:29,3,0,0,COLORADO BOULEVARD SOUTH & BAYAUD AVENUE EAST,1,1,1,0,1,1,0,,30,0,0,0,0,0,2,3,3
,2017_08449,39.716454,-104.94061,9/22/2017 15:44,15:44,1,0,0,COLORADO BOULEVARD SOUTH & BAYAUD AVENUE EAST,1,1,1,0,1,3,0,,35,0,0,0,0,0,2,2,13
,2017_08450,39.716454,-104.94061,11/14/2017 14:01,14:01,1,0,0,COLORADO BOULEVARD SOUTH & BAYAUD AVENUE EAST,1,1,1,0,1,1,0,,35,0,0,0,0,0,2,2,13
,2017_08451,39.7166,-104.94061,2/16/2017 13:55,13:55,15,0,0,COLORADO BOULEVARD 000 BLOCK SOUTH & BAYAUD AVENUE EAST,1,1,1,0,1,4,0,,35,0,0,0,0,0,2,2,13
,2017_08452,39.716746,-104.94061,7/30/2017 18:40,18:40,3,0,0,COLORADO BOULEVARD SOUTH & LEETSDALE DRIVE,1,1,1,0,1,1,0,,30,0,0,0,0,0,2,2,13
,2017_08453,39.716746,-104.94061,9/29/2017 12:20,12:20,12,0,0,COLORADO BOULEVARD SOUTH & LEETSDALE DRIVE,1,1,0,0,1,3,0,,30,0,0,0,0,0,2,2,13
,2017_08454,39.72871,-104.940605,12/19/2017 19:29,19:29,12,0,0,COLORADO BOULEVARD NORTH & EIGHTH AVENUE EAST,1,3,0,0,1,1,0,,,0,0,0,0,0,2,2,13
,2017_08455,39.717038,-104.94061,9/22/2017 16:53,16:53,12,0,0,COLORADO BOULEVARD SOUTH 200 BLOCK & ALAMEDA AVENUE EAST,2,1,0,0,1,1,0,,35,0,0,0,0,0,2,2,14
,2017_08456,39.718059,-104.940609,4/18/2017 15:55,15:55,12,0,0,COLORADO BOULEVARD NORTH & ELLSWORTH AVENUE EAST,1,1,0,0,1,1,0,,35,0,0,0,0,0,2,2,16
,2017_08457,39.718059,-104.940609,8/15/2017 17:12,17:12,12,0,0,COLORADO BOULEVARD SOUTH & ELLSWORTH AVENUE EAST,1,1,0,0,1,1,0,,35,0,0,0,0,1,2,3,13
,2017_08458,39.718205,-104.940609,8/11/2017 15:29,15:29,12,0,0,COLORADO BOULEVARD NORTH & ELLSWORTH AVENUE EAST,1,1,1,0,1,4,0,,35,0,0,0,0,1,2,3,12
,2017_08459,39.718205,-104.940609,12/18/2017 17:10,17:10,12,0,0,COLORADO BOULEVARD NORTH & ELLSWORTH AVENUE EAST,1,3,1,0,1,4,0,,35,0,0,0,0,0,2,2,13
,2017_08460,39.718351,-104.940609,4/24/2017 11:00,11:00,15,0,0,COLORADO BOULEVARD NORTH & ELLSWORTH AVENUE EAST,1,1,1,0,1,4,0,,35,0,0,0,0,0,2,2,13
,2017_08461,39.718351,-104.940609,12/6/2017 17:35,17:35,12,0,0,COLORADO BOULEVARD NORTH & ELLSWORTH AVENUE EAST,1,3,0,0,1,4,0,,35,0,0,0,0,0,2,2,13
,2017_08462,39.718497,-104.940609,9/11/2017 16:12,16:12,15,0,0,COLORADO BOULEVARD NORTH & ELLSWORTH AVENUE EAST,1,1,1,0,1,3,0,,30,0,0,0,0,1,2,2,14
,2017_08463,39.719664,-104.940609,7/24/2017 15:57,15:57,12,0,0,COLORADO BOULEVARD NORTH & FIRST AVENUE EAST,1,1,0,0,1,4,0,,35,0,0,0,0,0,2,2,13
,2017_08464,39.719664,-104.940609,10/8/2017 14:58,14:58,1,0,2,COLORADO BOULEVARD NORTH & FIRST AVENUE EAST,1,1,0,0,1,1,0,,35,0,0,0,0,2,2,2,3
,2017_08465,39.719664,-104.940609,11/8/2017 22:37,22:37,1,0,0,FIRST AVENUE EAST & COLORADO BOULEVARD NORTH,1,3,1,0,1,1,0,,35,0,0,0,0,1,2,2,13
,2017_08466,39.719664,-104.940609,11/11/2017 18:55,18:55,15,0,0,COLORADO BOULEVARD NORTH & FIRST AVENUE EAST,1,3,0,0,1,4,0,,,0,0,0,0,0,2,2,1
,2017_08467,39.71981,-104.940609,4/26/2017 12:46,12:46,12,0,0,COLORADO BOULEVARD NORTH & FIRST AVENUE EAST,1,1,0,0,1,4,0,,35,0,0,0,0,0,2,2,13
,2017_08468,39.71981,-104.940609,7/1/2017 2:10,2:10,12,0,0,COLORADO BOULEVARD 100 BLOCK NORTH & FIRST AVENUE EAST,1,3,0,0,1,3,0,,30,0,0,0,1,0,2,3,2
,2017_08469,39.720685,-104.940608,1/18/2017 12:28,12:28,12,0,0,COLORADO BOULEVARD NORTH 100 BLOCK & FIRST AVENUE EAST,1,1,0,0,1,4,0,,35,0,0,0,0,1,2,3,13
,2017_08470,39.720977,-104.940608,5/19/2017 6:44,6:44,12,0,0,COLORADO BOULEVARD NORTH & SECOND AVENUE EAST,2,1,1,1,1,3,0,,30,0,0,0,0,1,2,2,3
,2017_08471,39.721123,-104.940608,5/12/2017 9:18,9:18,12,0,0,COLORADO BOULEVARD NORTH & SECOND AVENUE NORTH,1,1,0,1,1,4,0,,35,0,0,0,0,1,2,3,13
,2017_08472,39.721269,-104.940608,5/3/2017 11:55,11:55,12,0,0,COLORADO BOULEVARD NORTH & SECOND AVENUE EAST,2,1,0,1,1,1,0,,35,0,0,0,0,1,2,3,1
,2017_08473,39.721269,-104.940608,11/3/2017 13:10,13:10,12,0,0,COLORADO BOULEVARD NORTH & SECOND AVENUE EAST,1,1,0,0,1,4,0,,35,0,0,0,0,0,2,2,13
,2017_08474,39.721415,-104.940608,8/13/2017 13:22,13:22,12,0,0,COLORADO BOULEVARD NORTH & SECOND AVENUE EAST,1,1,0,0,1,4,0,,35,0,0,0,0,1,2,3,10
,2017_08475,39.721561,-104.940608,12/12/2017 13:21,13:21,12,0,0,COLORADO BOULEVARD NORTH & SECOND AVENUE EAST,1,1,0,0,1,4,0,,35,0,0,0,0,0,2,6,13
,2017_08476,39.721853,-104.940608,10/16/2017 7:40,7:40,12,0,0,COLORADO BOULEVARD NORTH & ELLSWORTH AVENUE EAST,1,1,0,0,1,4,0,,30,0,0,0,0,0,2,2,13
,2017_08477,39.722728,-104.940608,7/20/2017 13:42,13:42,12,0,0,COLORADO BOULEVARD NORTH 300 BLOCK & THIRD AVENUE EAST,1,1,0,0,1,3,0,,30,0,0,0,0,1,2,2,12
,2017_08478,39.722144,-104.940608,6/13/2017 16:06,16:06,12,0,0,THIRD AVENUE EAST & COLORADO BOULEVARD NORTH,1,1,1,0,1,4,0,,35,0,0,0,0,0,2,3,7
,2017_08479,39.722144,-104.940608,10/12/2017 14:46,14:46,12,0,0,COLORADO BOULEVARD 200 BLOCK NORTH & SECOND AVENUE EAST,1,1,0,0,1,3,0,,35,0,0,0,0,1,2,2,2
,2017_08480,39.72229,-104.940608,3/31/2017 14:20,14:20,12,0,1,COLORADO BOULEVARD 300 BLOCK NORTH & THIRD AVENUE EAST,2,1,0,1,1,1,0,,35,0,0,0,0,2,2,4,13
,2017_08481,39.722436,-104.940608,4/12/2017 13:00,13:00,12,0,0,COLORADO BOULEVARD 200 BLOCK NORTH & THIRD AVENUE EAST,1,1,0,0,1,4,0,,35,0,0,0,0,0,2,2,14
,2017_08482,39.722582,-104.940608,1/20/2017 15:40,15:40,12,0,0,COLORADO BOULEVARD NORTH 200 BLOCK & THIRD AVENUE EAST,1,1,1,0,1,4,0,,35,0,0,0,0,0,2,2,13
,2017_08483,39.722582,-104.940608,7/14/2017 17:39,17:39,12,0,0,COLORADO BOULEVARD 200 BLOCK NORTH & THIRD AVENUE EAST,1,1,0,0,1,4,0,,30,0,0,0,0,0,2,2,13
,2017_08484,39.722728,-104.940608,4/6/2017 15:21,15:21,3,0,0,COLORADO BOULEVARD NORTH & THIRD AVENUE EAST,1,1,0,0,1,1,0,,35,0,0,0,0,0,2,2,1
,2017_08485,39.722728,-104.940608,5/10/2017 10:00,10:00,3,0,0,COLORADO BOULEVARD NORTH & THIRD AVENUE EAST,1,1,0,0,1,1,0,,35,0,0,0,0,0,2,2,13
,2017_08487,39.722728,-104.940608,6/30/2017 15:50,15:50,1,0,0,COLORADO BOULEVARD NORTH & THIRD AVENUE EAST,1,1,0,0,1,1,0,,35,0,0,0,0,0,2,2,13
,2017_08488,39.722728,-104.940608,7/2/2017 9:59,9:59,1,0,0,COLORADO BOULEVARD NORTH & THIRD AVENUE EAST,1,1,0,0,1,1,0,,35,0,0,0,0,1,2,2,13
,2017_08489,39.722728,-104.940608,7/5/2017 1:02,1:02,1,0,0,COLORADO BOULEVARD NORTH & THIRD AVENUE EAST,1,3,0,0,1,1,0,,35,0,0,0,0,0,2,2,8
,2017_08491,39.722728,-104.940608,11/30/2017 13:20,13:20,1,0,0,COLORADO BOULEVARD NORTH & THIRD AVENUE EAST,1,1,0,0,1,1,0,,35,0,0,0,0,1,2,2,13
,2017_08492,39.722874,-104.940608,5/9/2017 9:25,9:25,15,0,0,COLORADO BOULEVARD NORTH & THIRD AVENUE EAST,1,1,0,0,1,4,0,,45,0,0,0,0,0,2,2,13
,2017_08493,39.72302,-104.940607,10/6/2017 17:09,17:09,12,0,0,COLORADO BOULEVARD NORTH & THIRD AVENUE EAST,1,1,0,0,1,4,0,,35,0,0,0,0,0,2,2,13
,2017_08494,39.72302,-104.940607,12/31/2017 20:16,20:16,12,0,0,COLORADO BOULEVARD NORTH & THIRD AVENUE EAST,1,3,0,0,1,4,0,,40,0,0,0,0,0,2,2,13
,2017_08495,39.723166,-104.940607,3/14/2017 12:42,12:42,12,0,0,COLORADO BOULEVARD NORTH 300 BLOCK & THIRD AVENUE EAST,1,1,0,0,1,4,0,,30,0,0,0,0,0,2,3,13
,2017_08496,39.723895,-104.940607,12/15/2017 16:29,16:29,15,0,0,COLORADO BOULEVARD NORTH & FOURTH AVENUE EAST,1,1,0,0,1,4,0,,35,0,0,0,0,0,2,2,13
,2017_08497,39.724041,-104.940607,3/14/2017 13:10,13:10,12,0,0,COLORADO BOULEVARD NORTH 300 BLOCK & THIRD AVENUE EAST,1,1,1,0,1,4,0,,35,0,0,0,0,1,2,2,13
,2017_08498,39.724041,-104.940607,10/27/2017 2:02,2:02,15,0,0,COLORADO BOULEVARD NORTH & SIXTH AVENUE EAST,1,3,1,0,1,1,0,,40,0,0,0,0,1,2,2,1
,2017_08499,39.724333,-104.940607,5/9/2017 16:41,16:41,12,0,0,COLORADO BOULEVARD NORTH & FIFTH AVENUE EAST,1,1,0,0,1,4,0,,35,0,0,0,0,0,2,3,5
,2017_08500,39.724479,-104.940607,12/21/2017 9:18,9:18,5,0,0,COLORADO BOULEVARD NORTH & FOURTH AVENUE EAST,5,1,0,2,3,3,0,,35,0,0,0,0,0,2,1,14