id,drcog_id,latitude,longitude,crashtime,time,crashtype,numbkilled,numbinjurd,drcoglocat,rdconditin,lightngcon,roadcntgrd,weatherco,location,roaddescrp,constrzone,schoolzone,splimit,bikeinv,pedinv,sctrinv,motoinv,svrty,rdsystem,ttlvehcls,hcf
,2017_08501,39.724625,-104.940607,3/4/2017 11:40,11:40,12,0,0,COLORADO BOULEVARD 400 BLOCK NORTH & FIFTH AVENUE EAST,1,1,0,7,1,4,0,,30,0,0,0,0,1,2,2,16
,2017_08502,39.724771,-104.940607,3/7/2017 12:15,12:15,12,0,0,COLORADO BOULEVARD NORTH 300 BLOCK & FOURTH AVENUE EAST,1,1,1,0,1,4,0,,35,0,0,0,0,0,2,3,13
,2017_08504,39.724917,-104.940607,7/8/2017 14:16,14:16,12,0,0,COLORADO BOULEVARD NORTH & FOURTH AVENUE EAST,1,1,0,0,1,3,0,,35,0,0,0,0,0,2,3,7
,2017_08505,39.725208,-104.940607,1/22/2017 18:10,18:10,12,0,0,COLORADO BOULEVARD NORTH 500 BLOCK & SIXTH AVENUE EAST,1,3,0,0,1,4,0,,30,0,0,0,0,0,2,3,7
,2017_08506,39.725208,-104.940607,1/22/2017 19:37,19:37,6,0,0,COLORAOD BOULEVARD NORTH 500 BLOCK & SIXTH AVENUE EAST,1,3,1,0,1,4,0,,30,0,0,0,0,1,2,2,5
,2017_08507,39.732358,-104.940604,11/27/2017 20:00,20:00,15,0,0,COLORADO BOULEVARD NORTH & 10TH AVENUE EAST,1,3,0,0,1,3,0,,35,0,0,0,0,0,2,2,13
,2017_08508,39.725208,-104.940607,4/4/2017 15:50,15:50,12,0,0,COLORADO BOULEVARD NORTH & SIXTH AVENUE PARKWAY EAST,1,1,0,0,1,4,0,,30,0,0,0,0,0,2,2,3
,2017_08509,39.725208,-104.940607,8/19/2017 8:31,8:31,12,0,0,COLORADO BOULEVARD NORTH & FIFTH AVENUE EAST,1,1,1,0,1,1,0,,35,0,0,0,0,0,2,2,16
,2017_08510,39.725208,-104.940607,8/28/2017 15:50,15:50,12,0,0,FIFTH AVENUE EAST ROAD EAST & COLORADO BOULEVARD NORTH,1,1,0,0,1,1,0,,35,0,0,0,0,0,2,2,13
,2017_08511,39.7255,-104.940607,6/1/2017 6:32,6:32,12,0,0,COLORADO BOULEVARD NORTH & SIXTH AVENUE EAST,1,1,0,0,1,4,0,,35,0,0,0,0,0,2,2,13
,2017_08512,39.725208,-104.940607,10/11/2017 10:36,10:36,12,0,0,COLORADO BOULEVARD NORTH & FIFTH AVENUE EAST ROAD EAST,1,1,1,0,1,1,0,,35,0,0,0,0,0,2,3,13
,2017_08513,39.725354,-104.940607,7/16/2017 4:03,4:03,12,0,0,COLORADO BOULEVARD NORTH & SIXTH AVENUE EAST PARKWAY ROAD EAST,1,4,0,0,1,1,0,,35,0,0,0,0,1,2,2,13
,2017_08514,39.725646,-104.940607,2/8/2017 7:15,7:15,12,0,0,COLORADO BOULEVARD 800 BLOCK NORTH & SIXTH AVENUE PARKWAY EAST,1,1,0,0,1,4,0,,30,0,0,0,0,0,2,2,13
,2017_08515,39.725354,-104.940607,10/18/2017 18:02,18:02,12,0,0,SIXTH AVENUE PARKWAY EAST & COLORADO BOULEVARD NORTH,1,1,0,0,1,1,0,,35,0,0,0,0,0,2,2,13
,2017_08516,39.725354,-104.940607,11/8/2017 15:00,15:00,12,0,0,SIXTH AVENUE PARKWAY 3900 BLOCK EAST & COLORADO BOULEVARD NORTH,1,1,0,0,1,3,0,,30,0,0,0,0,0,2,2,13
,2017_08517,39.725354,-104.940607,12/5/2017 9:29,9:29,12,0,0,SIXTH AVENUE EAST PARKWAY ROAD EAST & COLORADO BOULEVARD NORTH,1,1,1,0,1,1,0,,25,0,0,0,0,0,2,2,1
,2017_08518,39.725354,-104.940607,12/20/2017 19:25,19:25,12,0,0,COLORADO BOULEVARD NORTH & SIXTH AVENUE EAST PARKWAY ROAD EAST,1,3,0,0,1,3,0,,35,0,0,0,0,1,2,2,13
,2017_08519,39.7255,-104.940607,4/7/2017 19:33,19:33,12,0,0,SIXTH AVENUE EAST & COLORADO BOULEVARD NORTH,1,1,0,0,1,4,0,,35,0,0,0,0,0,2,2,14
,2017_08520,39.7255,-104.940607,4/18/2017 7:35,7:35,1,0,0,SIXTH AVENUE EAST ROAD WEST & COLORADO BOULEVARD NORTH,1,1,0,0,1,1,0,,30,0,0,0,0,0,2,2,13
,2017_08521,39.7255,-104.940607,5/31/2017 12:10,12:10,12,0,0,COLORADO BOULEVARD NORTH & SIXTH AVENUE EAST ROAD WEST,1,1,0,0,1,1,0,,30,0,0,0,0,0,2,2,13
,2017_08522,39.7255,-104.940607,8/31/2017 7:23,7:23,12,0,0,COLORADO BOULEVARD NORTH & SIXTH AVENUE EAST,1,1,0,0,1,1,0,,35,0,0,0,0,0,2,2,13
,2017_08523,39.7255,-104.940607,9/24/2017 1:35,1:35,12,0,0,SIXTH AVENUE EAST & COLORADO BOULEVARD NORTH,1,3,0,1,1,1,0,,,0,0,0,0,0,2,2,13
,2017_08524,39.7255,-104.940607,11/26/2017 9:25,9:25,12,0,0,COLORADO BOULEVARD NORTH & SIXTH AVENUE EAST,1,1,0,0,1,1,0,,35,0,0,0,0,0,2,2,7
,2017_08525,39.7255,-104.940607,12/27/2017 14:03,14:03,12,0,3,COLORADO BOULEVARD NORTH 500 BLOCK & SIXTH AVENUE EAST,1,1,1,0,1,3,0,,35,0,0,0,0,2,2,4,10
,2017_08526,39.725646,-104.940607,5/31/2017 16:44,16:44,12,0,0,COLORADO BOULEVARD 600 BLOCK NORTH & SIXTH AVENUE EAST,1,1,0,0,1,4,0,,30,0,0,0,1,0,2,3,14
,2017_08527,39.725646,-104.940607,10/4/2017 10:37,10:37,12,0,0,COLORADO BOULEVARD NORTH & SIXTH AVENUE EAST,1,1,0,0,1,4,0,,35,0,0,0,0,0,2,2,13
,2017_08528,39.725792,-104.940606,2/2/2017 19:10,19:10,12,0,0,COLORADO BOULEVARD NORTH & SIXTH AVENUE EAST,2,2,0,0,1,3,0,,30,0,0,0,0,0,2,2,3
,2017_08529,39.726376,-104.940606,9/1/2017 13:00,13:00,15,0,0,SEVENTH AVENUE EAST  & COLORADO BOULEVARD NORTH,1,1,0,7,1,4,0,,30,0,0,0,0,0,2,2,16
,2017_08530,39.726521,-104.940606,8/29/2017 15:35,15:35,15,0,0,COLORADO BOULEVARD NORTH & SEVENTH AVENUE EAST,1,1,0,0,1,4,0,,40,0,0,0,0,0,2,2,7
,2017_08531,39.726521,-104.940606,10/26/2017 11:30,11:30,12,0,0,COLORADO BOULEVARD 700 BLOCK NORTH & SEVENTH AVENUE EAST,1,1,0,0,1,4,0,,30,0,0,0,0,0,2,2,4
,2017_08532,39.726959,-104.940606,1/14/2017 12:50,12:50,1,0,0,COLORADO BOULEVARD NORTH & SEVENTH AVENUE EAST,1,1,0,0,1,1,0,,35,0,0,0,0,0,2,2,1
,2017_08533,39.726959,-104.940606,5/23/2017 8:33,8:33,10,0,0,COLORADO BOULEVARD NORTH & SEVENTH AVENUE ROAD WEST,1,1,0,0,1,1,0,,35,0,0,0,0,0,2,2,13
,2017_08534,39.726959,-104.940606,6/23/2017 13:21,13:21,12,0,0,COLORADO BOULEVARD NORTH & SEVENTH AVENUE EAST ROAD EAST,1,1,0,0,1,3,0,,35,0,0,0,0,0,2,2,7
,2017_08535,39.727689,-104.940606,12/3/2017 14:30,14:30,12,0,0,COLORADO BOULEVARD NORTH & 700 BLOCK COLORADO BOULEVARD NORTH,1,1,0,0,1,4,0,,35,0,0,0,0,0,2,2,14
,2017_08536,39.728272,-104.940606,5/21/2017 17:04,17:04,15,0,0,COLORADO BOULEVARD 700 BLOCK NORTH & EIGHTH AVENUE EAST,1,1,0,0,1,4,0,,30,0,0,0,0,0,2,2,1
,2017_08537,39.728418,-104.940606,1/16/2017 16:33,16:33,12,0,0,COLORADO BOULEVARD NORTH 700 BLOCK & EIGHTH AVENUE EAST,1,1,0,0,1,2,0,,60,0,0,0,0,0,2,2,3
,2017_08538,39.728564,-104.940605,10/5/2017 15:36,15:36,12,0,0,COLORADO BOULEVARD NORTH & EIGHTH AVENUE EAST,1,1,0,0,1,4,0,,35,0,0,0,0,0,2,2,1
,2017_08539,39.72871,-104.940605,1/22/2017 6:00,6:00,1,0,0,COLORADO BOULEVARD NORTH & EIGHTH AVENUE EAST,1,3,0,0,1,1,0,,35,0,0,0,0,0,2,2,13
,2017_08541,39.72871,-104.940605,2/3/2017 16:30,16:30,12,0,0,COLORADO BOULEVARD NORTH & EIGHTH AVENUE EAST,1,1,0,0,1,1,0,,35,0,0,0,0,0,2,2,1
,2017_08542,39.72871,-104.940605,5/27/2017 0:00,0:00,1,0,1,COLORADO BOULEVARD NORTH & EIGHTH AVENUE EAST,1,3,0,0,1,1,0,,,0,0,0,0,2,2,2,13
,2017_08543,39.72871,-104.940605,9/4/2017 10:20,10:20,1,0,0,COLORADO BOULEVARD NORTH & EIGHTH AVENUE EAST,1,1,0,0,1,1,0,,35,0,0,0,0,0,2,2,7
,2017_08544,39.72871,-104.940605,10/21/2017 12:00,12:00,12,0,0,COLORADO BOULEVARD NORTH 900 BLOCK & EIGHTH AVENUE EAST,1,1,0,0,1,3,0,,35,0,0,0,0,0,2,2,13
,2017_08545,39.72871,-104.940605,10/22/2017 11:10,11:10,12,0,0,COLORADO BOULEVARD NORTH & EIGHTH AVENUE EAST,1,1,0,0,1,1,0,,35,0,0,0,0,0,2,2,13
,2017_08546,39.72871,-104.940605,11/21/2017 18:27,18:27,1,0,0,COLORADO BOULEVARD NORTH & EIGHTH AVENUE EAST,1,3,0,0,1,1,0,,35,0,0,0,0,0,2,2,1
,2017_08547,39.729148,-104.940605,7/5/2017 15:32,15:32,12,0,0,COLORADO BOULEVARD NORTH & EIGHTH AVENUE EAST,1,1,0,0,1,4,0,,35,0,0,0,0,0,2,2,3
,2017_08548,39.729294,-104.940605,7/20/2017 20:30,20:30,12,0,0,COLORADO BOULEVARD NORTH & 827 BLOCK NORTH,1,2,0,0,1,4,0,,35,0,0,0,0,0,2,2,12
,2017_08549,39.730461,-104.940605,4/6/2017 21:10,21:10,12,0,0,COLORADO BOULEVARD 800 BLOCK NORTH & NINTH AVENUE EAST,1,3,0,0,1,4,0,,35,0,0,0,0,0,2,2,13
,2017_08550,39.730607,-104.940605,3/28/2017 9:37,9:37,12,0,0,COLORADO BOULEVARD NORTH 800 BLOCK & NINTH AVENUE EAST,1,1,0,0,1,4,0,,35,0,0,0,0,0,2,2,13
,2017_08552,39.730607,-104.940605,5/22/2017 16:34,16:34,3,0,0,NINTH AVENUE EAST ROAD WEST & COLORADO BOULEVARD NORTH,2,1,0,1,1,1,0,,35,0,0,0,0,0,2,3,13
,2017_08553,39.730607,-104.940605,6/9/2017 16:02,16:02,12,0,0,COLORADO BOULEVARD NORTH & NINTH AVENUE EAST,1,1,0,0,1,1,0,,35,0,0,0,0,0,2,2,3
,2017_08554,39.730607,-104.940605,12/13/2017 19:22,19:22,3,0,0,COLORADO BOULEVARD NORTH & NINTH AVENUE EAST,1,2,0,0,1,1,0,,35,0,0,0,0,0,2,2,3
,2017_08555,39.730607,-104.940605,12/19/2017 16:39,16:39,1,0,0,COLORADO BOULEVARD NORTH & NINTH AVENUE EAST,1,1,0,0,1,1,0,,35,0,0,0,0,0,2,2,13
,2017_08556,39.73119,-104.940605,12/12/2017 18:34,18:34,5,0,0,COLORADO BOULEVARD NORTH & NINTH AVENUE EAST,1,3,0,0,1,4,0,,35,0,0,0,0,0,2,1,14
,2017_08557,39.731336,-104.940604,9/17/2017 16:00,16:00,12,0,0,COLORADO BOULEVARD NORTH & NINTH AVENUE EAST,1,1,0,0,1,3,0,,10,0,0,0,0,0,2,2,12
,2017_08558,39.732212,-104.940604,3/17/2017 14:34,14:34,15,0,0,COLORADO BOULEVARD NORTH & 10TH AVENUE EAST,1,1,0,0,1,4,0,,35,0,0,0,0,0,2,2,7
,2017_08559,39.732212,-104.940604,3/29/2017 14:05,14:05,12,0,0,10TH AVENUE EAST  & COLORADO BOULEVARD NORTH,1,1,0,0,1,4,0,,30,0,0,0,0,0,2,3,13
,2017_08560,39.732941,-104.940604,1/18/2017 16:50,16:50,12,0,0,COLORADO BOULEVARD NORTH & 1100 BLOCK NORTH,1,1,0,0,1,3,0,,35,0,0,0,0,0,2,2,1
,2017_08561,39.733087,-104.940604,8/20/2017 2:55,2:55,10,0,0,COLORADO BOULEVARD NORTH & 11TH STREET EAST,1,3,0,0,1,1,0,,35,0,0,0,0,0,2,2,13
,2017_08562,39.733087,-104.940604,10/10/2017 8:45,8:45,6,0,0,11TH AVENUE EAST & COLORADO BOULEVARD NORTH,1,1,0,0,1,4,0,,25,0,0,0,0,0,2,2,7
,2017_08563,39.733233,-104.940604,10/10/2017 16:18,16:18,12,0,0,COLORADO BOULEVARD NORTH & 11TH AVENUE EAST ROAD EAST,1,1,0,0,1,4,0,,35,0,0,0,0,1,2,2,1
,2017_08564,39.733233,-104.940604,10/15/2017 18:27,18:27,12,0,0,COLORADO BOULEVARD NORTH & 11TH AVENUE EAST ROAD EAST,1,1,0,0,1,3,0,,35,0,0,0,0,1,2,3,3
,2017_08565,39.743592,-104.9406,5/11/2017 17:30,17:30,15,0,0,17TH AVENUE EAST & COLORADO BOULEVARD NORTH,1,1,0,0,1,4,0,,30,0,0,0,0,0,2,2,13
,2017_08566,39.733379,-104.940604,2/10/2017 11:13,11:13,12,0,0,COLORADO BOULEVARD NORTH & 11TH AVENUE EAST,1,1,0,0,1,3,0,,35,0,0,0,0,1,2,4,13
,2017_08567,39.733671,-104.940604,11/8/2017 10:17,10:17,15,0,0,COLORADO BOULEVARD NORTH & 11TH AVENUE EAST ROAD WEST,1,1,0,0,1,4,0,,35,0,0,0,0,0,2,2,13
,2017_08568,39.733963,-104.940604,8/27/2017 7:57,7:57,12,0,0,COLORADO BOULEVARD NORTH 1000 BLOCK & 11TH AVENUE EAST,1,1,0,0,1,4,0,,40,0,0,0,0,0,2,2,13
,2017_08569,39.733963,-104.940604,10/3/2017 11:20,11:20,15,0,0,COLORADO BOULEVARD NORTH & 12TH AVENUE EAST,1,1,0,0,1,4,0,,,0,0,0,0,0,2,2,13
,2017_08570,39.734254,-104.940603,7/28/2017 8:58,8:58,15,0,0,COLORADO BOULEVARD NORTH & 12TH AVENUE EAST,1,1,0,0,1,4,0,,35,0,0,0,0,0,2,2,13
,2017_08571,39.7344,-104.940603,3/16/2017 16:45,16:45,12,0,0,COLORADO BOULEVARD NORTH 1100 BLOCK & 12TH AVENUE EAST,1,1,0,0,1,4,0,,30,0,0,0,0,0,2,2,1
,2017_08572,39.734692,-104.940603,12/6/2017 14:57,14:57,12,0,0,COLORADO BOULEVARD NORTH & 12TH AVENUE EAST,1,1,0,0,1,4,0,,35,0,0,0,0,0,2,5,13
,2017_08573,39.734838,-104.940603,1/20/2017 5:55,5:55,15,0,0,COLORADO BOULEVARD NORTH & 12TH AVENUE EAST,1,2,0,0,1,1,0,,35,0,0,0,0,0,2,2,7
,2017_08574,39.734838,-104.940603,9/5/2017 12:15,12:15,12,0,0,COLORADO BOULEVARD NORTH & COLORADO BOULEVARD 1200 BLOCK NORTH,1,1,0,0,1,4,0,,35,0,0,0,0,0,2,2,7
,2017_08575,39.745343,-104.940599,11/10/2017 18:45,18:45,15,0,0,COLORADO BOULEVARD NORTH & 1800 NORTH,1,3,0,0,1,4,0,,,0,0,0,0,0,2,2,13
,2017_08576,39.734838,-104.940603,12/6/2017 13:48,13:48,1,0,0,COLORADO BOULEVARD NORTH & 12TH AVENUE EAST,1,1,0,0,1,1,0,,35,0,0,0,0,0,2,2,13
,2017_08577,39.734838,-104.940603,12/6/2017 14:09,14:09,1,0,0,COLORADO BOULEVARD NORTH & 12TH AVENUE EAST,1,1,0,0,1,1,0,,,0,0,0,0,1,2,3,13
,2017_08578,39.725545,-105.012704,7/30/2017 2:15,2:15,5,0,0,SIXTH AVENUE WEST & I25 NORTHBOUND,1,3,1,0,2,8,0,,30,0,0,0,0,0,2,1,13
,2017_08579,39.735276,-104.940603,6/13/2017 15:33,15:33,15,0,0,COLORADO BOULEVARD NORTH & 12TH AVENUE EAST ROAD WEST,1,1,0,0,1,4,0,,35,0,0,0,0,0,2,2,13
,2017_08580,39.743592,-104.9406,9/24/2017 3:10,3:10,5,0,0,17TH AVENUE EAST & COLORADO BOULEVARD NORTH,2,3,0,1,3,1,0,,,0,0,0,0,0,2,1,5
,2017_08581,39.736735,-104.940603,9/20/2017 16:14,16:14,12,0,0,COLORADO BOULEVARD NORTH & 13TH AVENUE EAST,1,1,0,0,1,3,0,,40,0,0,0,0,0,2,2,4
,2017_08582,39.736735,-104.940603,10/16/2017 14:12,14:12,12,0,0,COLORADO BOULEVARD NORTH & 13TH AVENUE EAST,1,1,0,0,1,4,0,,35,0,0,0,0,0,2,2,13
,2017_08583,39.736881,-104.940602,2/23/2017 11:00,11:00,3,0,0,COLORADO BOULEVARD NORTH & 13TH AVENUE EAST,2,1,0,2,1,1,0,,30,0,0,0,0,0,2,2,3
,2017_08584,39.736881,-104.940602,6/20/2017 21:18,21:18,12,0,0,13TH AVENUE EAST & COLORADO BOULEVARD NORTH,1,3,0,0,1,3,0,,,0,0,0,0,0,2,2,2
,2017_08585,39.736881,-104.940602,7/9/2017 1:57,1:57,12,0,0,COLORADO BOULEVARD NORTH & 13TH AVENUE EAST,1,1,0,0,1,4,0,,35,0,0,0,0,0,2,2,5
,2017_08586,39.736881,-104.940602,7/20/2017 18:22,18:22,12,0,0,COLORADO BOULEVARD NORTH & 13TH AVENUE EAST,1,2,0,0,1,3,0,,,0,0,0,0,0,2,2,5
,2017_08587,39.736881,-104.940602,10/10/2017 8:26,8:26,12,0,0,COLORADO BOULEVARD NORTH & 13TH AVENUE EAST,1,1,0,1,1,4,0,,35,0,0,0,0,0,2,2,13
,2017_08589,39.736881,-104.940602,10/28/2017 15:54,15:54,12,0,0,13TH AVENUE EAST & COLORADO BOULEVARD NORTH,1,1,0,0,1,1,0,,30,0,0,0,0,1,2,2,13
,2017_08590,39.736881,-104.940602,12/5/2017 6:40,6:40,3,0,0,COLORADO BOULEVARD NORTH & 13TH AVENUE EAST,1,2,0,0,1,1,0,,35,0,0,0,0,0,2,2,1
,2017_08591,39.737026,-104.940602,2/15/2017 13:59,13:59,15,0,0,COLORADO BOULEVARD NORTH & 13TH AVENUE EAST,1,1,0,0,1,4,0,,35,0,0,0,0,0,2,2,3
,2017_08592,39.737026,-104.940602,5/9/2017 14:52,14:52,12,0,0,COLORADO BOULEVARD NORTH & 13TH AVENUE EAST,1,1,0,0,1,4,0,,30,0,0,0,0,0,2,2,13
,2017_08593,39.737026,-104.940602,5/9/2017 17:27,17:27,12,0,0,COLORADO BOULEVARD NORTH & 13TH AVENUE EAST,1,1,0,0,1,4,0,,30,0,0,0,0,0,2,3,3
,2017_08594,39.737464,-104.940602,11/10/2017 17:45,17:45,15,0,0,COLORADO BOULEVARD NORTH & MM 5.80,1,3,0,0,1,4,0,,35,0,0,0,0,0,2,2,13
,2017_08595,39.738194,-104.940602,1/3/2017 8:14,8:14,12,0,0,COLORADO BOULEVARD NORTH & 14TH AVENUE EAST,1,1,0,0,1,3,0,,35,0,0,0,0,0,2,2,13
,2017_08596,39.738485,-104.940602,3/30/2017 10:48,10:48,3,0,0,14TH AVENUE EAST & COLORADO BOULEVARD NORTH,1,1,0,0,1,1,0,,35,0,0,0,0,0,2,2,3
,2017_08597,39.738485,-104.940602,6/29/2017 15:30,15:30,15,0,0,14TH AVENUE EAST & COLORADO BOULEVARD NORTH,1,1,0,0,1,1,0,,30,0,0,0,1,0,2,2,13
,2017_08598,39.738485,-104.940602,6/30/2017 0:30,0:30,5,0,0,14TH AVENUE EAST & COLORADO BOULEVARD NORTH,2,3,0,1,2,1,0,,25,0,0,0,0,1,2,1,5
,2017_08599,39.738485,-104.940602,7/10/2017 15:16,15:16,12,0,0,COLORADO BOULEVARD NORTH & 14TH AVENUE EAST,1,1,0,0,1,4,0,,35,0,0,0,0,0,2,2,3
,2017_08600,39.738485,-104.940602,7/27/2017 7:15,7:15,3,0,0,14TH AVENUE EAST & COLORADO BOULEVARD NORTH,1,1,0,0,1,1,0,,35,0,0,0,0,0,2,2,14
,2017_08601,39.738485,-104.940602,7/27/2017 9:06,9:06,15,0,0,14TH AVENUE 3900 BLOCK EAST & COLORADO BOULEVARD NORTH,1,1,0,0,1,4,0,,25,0,0,0,0,0,2,2,5
,2017_08602,39.738485,-104.940602,8/8/2017 12:34,12:34,15,0,0,COLORADO BOULEVARD NORTH & 14TH AVENUE EAST,1,1,0,0,1,3,0,,30,0,0,0,0,0,2,2,7
,2017_08603,39.738485,-104.940602,10/31/2017 17:59,17:59,12,0,0,COLORADO BOULEVARD NORTH & 14TH AVENUE EAST,1,1,0,0,1,3,0,,35,0,0,0,0,0,2,2,13
,2017_08604,39.738485,-104.940602,11/17/2017 8:30,8:30,3,0,0,COLORADO BOULEVARD NORTH & 14TH AVENUE EAST,1,1,0,0,1,1,0,,,0,0,0,0,0,2,2,13
,2017_08605,39.738485,-104.940602,11/23/2017 17:10,17:10,3,0,0,COLORADO BOULEVARD NORTH & 14TH AVENUE EAST,1,3,0,0,1,1,0,,30,0,0,0,0,1,2,3,1
,2017_08606,39.738485,-104.940602,12/15/2017 14:37,14:37,15,0,0,COLORADO BOULEVARD NORTH & 14TH AVENUE EAST,1,1,0,0,1,4,0,,55,0,0,0,0,0,2,2,13
,2017_08607,39.738485,-104.940602,12/17/2017 13:37,13:37,12,0,0,COLORADO BOULEVARD NORTH & 14TH AVENUE EAST,1,1,0,0,1,4,0,,30,0,0,0,0,1,2,2,13
,2017_08608,39.738485,-104.940602,12/25/2017 15:32,15:32,12,0,0,14TH AVENUE EAST & COLORADO BOULEVARD NORTH,5,1,0,0,1,3,0,,30,0,0,0,0,0,2,3,13
,2017_08609,39.75293,-104.940597,10/25/2017 18:13,18:13,5,0,0,COLORADO BOULEVARD NORTH & 25TH AVENUE EAST,1,2,0,0,3,3,0,,35,0,0,0,0,0,2,1,15
,2017_08610,39.738485,-104.940602,12/27/2017 13:39,13:39,3,0,1,14TH AVENUE EAST & COLORADO BOULEVARD NORTH,1,1,0,0,1,1,0,,35,0,0,0,0,2,2,2,8
,2017_08611,39.738777,-104.940602,10/16/2017 11:53,11:53,12,0,0,COLORADO BOULEVARD NORTH 1400 BLOCK & 14TH AVENUE EAST,1,1,0,0,1,3,0,,35,0,0,0,0,0,2,2,13
,2017_08612,39.738923,-104.940602,3/19/2017 9:43,9:43,15,0,0,COLORADO BOULEVARD & 1400 BLOCK NORTH,1,1,0,0,1,4,0,,35,0,0,0,0,0,2,2,7
,2017_08613,39.739945,-104.940601,3/29/2017 12:28,12:28,12,0,0,COLORADO BOULEVARD NORTH & COLFAX AVENUE EAST,1,1,0,0,1,3,0,,35,0,0,0,0,1,2,2,13
,2017_08614,39.739945,-104.940601,8/3/2017 7:21,7:21,12,0,0,COLORADO BOULEVARD NORTH & COLFAX AVENUE EAST,1,1,0,0,1,3,0,,35,0,0,0,0,0,2,2,7
,2017_08615,39.74009,-104.940601,1/16/2017 17:08,17:08,12,0,0,COLORADO BOULEVARD NORTH 1400 BLOCK & COLFAX AVENUE EAST,1,2,0,0,1,4,0,,30,0,0,0,0,0,2,2,3
,2017_08616,39.74009,-104.940601,3/15/2017 14:17,14:17,15,0,0,COLORADO BOULEVARD 1400 BLOCK NORTH & COLFAX AVENUE EAST,1,1,0,0,1,4,0,,35,0,0,0,0,0,2,2,14
,2017_08618,39.74009,-104.940601,8/10/2017 7:34,7:34,12,0,0,COLORADO BOULEVARD NORTH & COLFAX AVENUE EAST,1,1,0,0,1,3,0,,35,0,0,0,0,0,2,2,3
,2017_08619,39.74009,-104.940601,9/28/2017 6:30,6:30,12,0,0,COLORADO BOULEVARD NORTH & COLFAX AVENUE EAST,2,3,0,1,1,3,0,,35,0,0,0,0,1,2,3,13
,2017_08620,39.740236,-104.940601,5/18/2017 7:07,7:07,12,0,0,COLORADO BOULEVARD NORTH & COLFAX AVENUE EAST,2,1,0,1,1,1,0,,35,0,0,0,0,0,2,2,13
,2017_08621,39.740236,-104.940601,6/20/2017 17:57,17:57,1,0,0,COLORADO BOULEVARD NORTH & COLFAX AVENUE EAST,1,1,0,0,1,1,0,,35,0,0,0,0,1,2,2,3
,2017_08622,39.740236,-104.940601,7/6/2017 9:24,9:24,12,0,0,COLORADO BOULEVARD NORTH & COLFAX AVENUE EAST,1,1,0,0,1,1,0,,30,0,0,0,0,0,2,2,14
,2017_08623,39.740236,-104.940601,8/28/2017 21:35,21:35,12,0,0,COLORADO BOULEVARD NORTH & COLFAX AVENUE EAST,1,3,0,0,1,1,0,,35,0,0,0,0,0,2,2,13
,2017_08624,39.740236,-104.940601,12/20/2017 12:10,12:10,15,0,0,COLFAX AVENUE EAST & COLORADO BOULEVARD NORTH,1,1,0,0,1,3,0,,30,0,0,0,0,0,2,2,13
,2017_08625,39.740382,-104.940601,2/14/2017 18:15,18:15,12,0,0,COLORADO BOULEVARD NORTH & 1500 BLOCK NORTH,1,3,0,0,1,4,0,,35,0,0,0,0,0,2,3,13
,2017_08626,39.740674,-104.940601,7/29/2017 18:15,18:15,15,0,0,COLORADO BOULEVARD NORTH & COLFAX AVENUE EAST,1,1,0,0,1,3,0,,30,0,0,0,0,0,2,2,5
,2017_08627,39.740674,-104.940601,12/19/2017 13:10,13:10,12,0,0,COLORADO BOULEVARD NORTH & COLFAX AVENUE EAST,1,1,0,0,1,4,0,,35,0,0,0,0,0,2,2,3
,2017_08628,39.741112,-104.940601,1/16/2017 7:00,7:00,5,0,0,COLORADO BOULEVARD NORTH & 1580 NORTH,4,1,0,2,3,4,0,,35,0,0,0,0,0,2,1,13
,2017_08629,39.741112,-104.940601,9/8/2017 13:49,13:49,15,0,0,COLORADO BOULEVARD NORTH & COLFAX AVENUE EAST,1,1,0,0,1,1,0,,30,0,0,0,0,0,2,2,13
,2017_08631,39.741112,-104.940601,10/20/2017 10:03,10:03,12,0,0,COLORADO BOULEVARD NORTH & 25TH AVENUE EAST,1,1,0,0,1,4,0,,35,0,0,0,0,0,2,2,13
,2017_08632,39.741258,-104.940601,1/13/2017 14:56,14:56,12,0,0,COLORADO BOULEVARD NORTH & 16TH AVENUE EAST,1,1,0,0,1,4,0,,35,0,0,0,0,0,2,3,13
,2017_08633,39.741258,-104.940601,5/15/2017 16:21,16:21,12,0,0,COLORADO BOULEVARD NORTH & 16TH AVENUE EAST,1,1,0,0,1,1,0,,30,0,0,0,0,1,2,2,14
,2017_08634,39.741258,-104.940601,5/29/2017 15:00,15:00,3,0,0,COLORADO BOULEVARD NORTH & 16TH AVENUE EAST ROAD EAST,1,1,0,0,1,1,0,,25,0,0,0,0,0,2,2,3
,2017_08635,39.741258,-104.940601,6/12/2017 7:17,7:17,12,0,0,COLORADO BOULEVARD NORTH & 16TH AVENUE EAST,1,1,0,0,1,4,0,,35,0,0,0,0,1,2,3,7
,2017_08636,39.741258,-104.940601,7/17/2017 15:54,15:54,12,0,0,COLORADO BOULEVARD NORTH & 16TH AVENUE EAST,1,1,0,0,1,1,0,,30,0,0,0,0,0,2,2,3
,2017_08637,39.741258,-104.940601,7/25/2017 14:52,14:52,12,0,0,COLORADO BOULEVARD NORTH & 16TH AVENUE EAST,1,1,0,0,1,1,0,,30,0,0,0,0,0,2,2,3