id,drcog_id,latitude,longitude,crashtime,time,crashtype,numbkilled,numbinjurd,drcoglocat,rdconditin,lightngcon,roadcntgrd,weatherco,location,roaddescrp,constrzone,schoolzone,splimit,bikeinv,pedinv,sctrinv,motoinv,svrty,rdsystem,ttlvehcls,hcf
,2017_08638,39.741258,-104.940601,7/27/2017 14:35,14:35,15,0,0,COLORADO BOULEVARD NORTH 1600 BLOCK & 16TH AVENUE EAST,1,1,0,0,1,4,0,,35,0,0,0,0,0,2,2,10
,2017_08639,39.741258,-104.940601,9/26/2017 10:50,10:50,12,0,0,COLORADO BOULEVARD NORTH & 16TH AVENUE,1,1,0,0,1,4,0,,40,0,0,0,0,1,2,2,3
,2017_08640,39.741258,-104.940601,11/28/2017 17:20,17:20,3,0,0,COLORADO BOULEVARD NORTH & 16TH AVENUE EAST,1,3,0,0,1,1,0,,35,0,0,0,0,0,2,2,1
,2017_08641,39.741549,-104.940601,8/3/2017 17:15,17:15,12,0,0,COLORADO BOULEVARD NORTH & 1600 BLOCK NORTH,1,1,0,0,1,4,0,,35,0,0,0,0,1,2,2,1
,2017_08642,39.741841,-104.940601,5/8/2017 10:13,10:13,12,0,0,COLORADO BOULEVARD NORTH & 16TH AVENUE EAST ROAD WEST,1,1,0,0,1,1,0,,30,0,0,0,0,0,2,3,3
,2017_08643,39.741841,-104.940601,5/23/2017 16:23,16:23,12,0,0,COLORADO BOULEVARD NORTH & 16TH AVENUE EAST,2,1,0,0,1,1,0,,30,0,0,0,0,0,2,3,14
,2017_08644,39.743592,-104.9406,10/2/2017 17:05,17:05,1,0,0,COLORADO BOULEVARD NORTH & 17TH AVENUE EAST,2,2,0,1,1,1,0,,35,0,0,0,0,0,2,2,13
,2017_08645,39.741841,-104.940601,6/27/2017 16:44,16:44,12,0,0,COLORADO BOULEVARD NORTH & 16TH AVENUE EAST ROAD WEST,1,1,0,0,1,1,0,,35,0,0,0,0,1,2,3,13
,2017_08646,39.742133,-104.940601,8/18/2017 14:10,14:10,12,0,0,COLORADO BOULEVARD NORTH & 1630 NORTH,1,1,0,0,1,4,0,,35,0,0,0,0,1,2,3,13
,2017_08647,39.780314,-104.940501,10/25/2017 14:07,14:07,5,0,0,COLORADO BOULEVARD NORTH & I70,1,1,1,0,1,4,0,,35,0,0,0,0,0,2,1,13
,2017_08648,39.742279,-104.9406,7/16/2017 16:20,16:20,12,0,0,COLORADO BOULEVARD NORTH & 16TH AVENUE EAST,1,1,0,0,1,4,0,,30,0,0,0,0,1,2,3,3
,2017_08649,39.742425,-104.9406,3/30/2017 10:43,10:43,12,0,0,COLORADO BOULEVARD NORTH & BATAVIA PLACE EAST,1,1,0,0,1,4,0,,35,0,0,0,0,0,2,2,13
,2017_08651,39.7433,-104.9406,4/12/2017 21:14,21:14,1,0,0,17TH AVENUE CROSSING EAST  & COLORADO BOULEVARD NORTH,1,3,0,0,1,1,0,,30,0,0,0,0,1,2,2,13
,2017_08652,39.7433,-104.9406,6/20/2017 11:28,11:28,1,0,0,COLORADO BOULEVARD NORTH & 17TH AVENUE EAST ROAD SOUTHEAST,1,1,0,0,1,2,0,,,0,0,0,0,0,2,2,13
,2017_08653,39.743592,-104.9406,1/19/2017 16:52,16:52,12,0,0,17TH AVENUE EAST & COLORADO BOULEVARD NORTH,1,1,0,0,1,4,0,,30,0,0,0,0,0,2,2,13
,2017_08654,39.743592,-104.9406,2/11/2017 15:30,15:30,15,0,0,17TH AVENUE EAST & COLORADO BOULEVARD NORTH,1,5,0,0,1,1,0,,35,0,0,0,0,0,2,2,13
,2017_08655,39.743592,-104.9406,3/9/2017 9:16,9:16,1,0,0,17TH AVENUE EAST & COLORADO BOULEVARD NORTH,1,1,0,0,1,1,0,,30,0,0,0,0,0,2,2,16
,2017_08656,39.743592,-104.9406,5/26/2017 16:01,16:01,12,0,0,COLORADO BOULEVARD NORTH & 17TH AVENUE EAST ROAD WEST,1,1,0,0,1,1,0,,25,0,0,0,0,0,2,2,13
,2017_08657,39.743592,-104.9406,8/1/2017 16:52,16:52,12,0,0,17TH AVENUE EAST & COLORADO BOULEVARD NORTH,1,1,0,0,1,1,0,,30,0,0,0,0,0,2,2,13
,2017_08658,39.743592,-104.9406,9/15/2017 10:09,10:09,1,0,0,17TH AVENUE EAST & COLORADO BOULEVARD NORTH,1,1,0,0,1,1,0,,30,0,0,0,0,0,2,2,16
,2017_08659,39.743592,-104.9406,12/19/2017 7:43,7:43,1,0,0,COLORADO BOULEVARD NORTH & 17TH AVENUE EAST,1,1,0,0,1,1,0,,30,0,0,0,0,0,2,3,13
,2017_08660,39.744759,-104.9406,12/8/2017 19:25,19:25,1,0,0,COLORADO BOULEVARD NORTH & 18TH AVENUE EAST,1,3,1,0,1,1,0,,30,0,0,0,0,0,2,2,1
,2017_08662,39.745051,-104.940599,2/25/2017 11:40,11:40,12,0,0,COLORADO BOULEVARD NORTH & 18TH AVENUE EAST,1,1,0,0,1,4,0,,35,0,0,0,0,0,2,3,13
,2017_08663,39.746072,-104.940599,11/4/2017 14:09,14:09,12,0,0,COLORADO BOULEVARD NORTH & 19TH AVENUE EAST,1,1,0,0,1,1,0,,,0,0,0,0,0,2,5,13
,2017_08664,39.746218,-104.940599,1/17/2017 10:38,10:38,12,0,0,COLORADO BOULEVARD & 1900 BLOCK NORTH,1,1,0,0,1,4,0,,35,0,0,0,0,0,2,2,13
,2017_08665,39.746948,-104.940599,9/21/2017 12:14,12:14,12,0,0,COLORADO BOULEVARD NORTH 1900 BLOCK & MONTVIEW BOULEVARD EAST,1,1,0,0,1,3,0,,35,0,0,0,0,1,2,3,13
,2017_08666,39.746948,-104.940599,12/22/2017 12:22,12:22,12,0,0,COLORADO BOULEVARD NORTH & MONTVIEW BOULEVARD EAST,1,1,1,0,1,4,0,,35,0,0,0,0,0,2,3,13
,2017_08667,39.747094,-104.940599,9/8/2017 12:41,12:41,12,0,0,COLORADO BOULEVARD NORTH 1900 BLOCK & MONTVIEW BOULEVARD EAST,1,1,0,0,1,4,0,,30,0,0,0,0,0,2,2,13
,2017_08668,39.747094,-104.940599,10/13/2017 16:25,16:25,12,0,0,COLORADO BOULEVARD NORTH & MONTVIEW BOULEVARD EAST,1,1,0,0,1,4,0,,35,0,0,0,0,0,2,3,7
,2017_08669,39.74724,-104.940599,1/13/2017 21:08,21:08,1,0,0,COLORADO BOULEVARD NORTH & MONTVIEW BOULEVARD EAST,1,3,0,0,1,3,0,,35,0,0,0,0,1,2,2,14
,2017_08670,39.74724,-104.940599,1/16/2017 6:45,6:45,5,0,0,COLORADO BOULEVARD NORTH & MONTVIEW BOULEVARD EAST,4,1,0,2,3,4,0,,35,0,0,0,0,0,2,1,13
,2017_08671,39.74724,-104.940599,1/20/2017 17:25,17:25,12,0,0,COLORADO BOULEVARD NORTH & MONTVIEW BOULEVARD EAST,1,3,0,0,1,1,0,,35,0,0,0,0,0,2,2,1
,2017_08672,39.74724,-104.940599,1/29/2017 2:15,2:15,3,0,0,COLORADO BOULEVARD NORTH & MONTVIEW BOULEVARD EAST,1,3,0,0,1,1,0,,35,0,0,0,0,1,2,2,5
,2017_08673,39.74724,-104.940599,4/8/2017 17:03,17:03,12,0,0,COLORADO BOULEVARD NORTH & MONTVIEW BOULEVARD EAST,1,1,0,0,1,4,0,,35,0,0,0,0,0,2,2,13
,2017_08674,39.74724,-104.940599,6/4/2017 12:01,12:01,12,0,0,COLORADO BOULEVARD NORTH & MONTVIEW BOULEVARD EAST,1,1,0,0,1,1,0,,35,0,0,0,0,0,2,2,7
,2017_08675,39.74899,-104.940598,10/10/2017 17:07,17:07,12,0,0,COLORADO BOULEVARD NORTH & 22ND AVENUE EAST,1,1,0,0,1,4,0,,35,0,0,0,0,0,2,2,1
,2017_08676,39.749136,-104.940598,1/25/2017 15:45,15:45,12,0,0,COLORADO BOULEVARD NORTH 2100 BLOCK & 22ND AVENUE EAST,1,1,0,0,1,4,0,,35,0,0,0,0,0,2,2,3
,2017_08677,39.749136,-104.940598,12/9/2017 18:45,18:45,12,0,0,COLORADO BOULEVARD NORTH & 22ND AVENUE EAST,1,3,1,0,1,3,0,,30,0,0,0,0,0,2,2,1
,2017_08678,39.749282,-104.940598,1/2/2017 12:55,12:55,12,0,0,COLORADO BOULEVARD NORTH 2200 BLOCK & 22ND AVENUE EAST,1,1,0,0,1,4,0,,35,0,0,0,0,0,2,2,3
,2017_08679,39.750595,-104.940597,1/15/2017 5:37,5:37,6,0,0,COLORADO BOULEVARD & 2290 BLOCK NORTH,1,3,0,0,1,1,0,,30,0,0,0,0,0,2,2,13
,2017_08680,39.754511,-104.940546,6/8/2017 21:11,21:11,10,0,0,COLORADO BOULEVARD NORTH & 26TH AVENUE EAST,1,3,0,0,1,1,0,,,0,0,0,0,0,2,2,13
,2017_08681,39.750595,-104.940597,12/21/2017 9:11,9:11,12,0,0,COLORADO BOULEVARD NORTH & 23RD AVENUE EAST,5,1,0,2,1,3,0,,35,0,0,0,0,1,2,2,13
,2017_08682,39.750887,-104.940597,1/12/2017 15:33,15:33,1,0,0,23RD AVENUE EAST & COLORADO BOULEVARD NORTH,1,1,0,0,1,1,0,,65,0,0,0,0,0,2,2,13
,2017_08683,39.750887,-104.940597,1/29/2017 9:58,9:58,12,0,0,COLORADO BOULEVARD NORTH & 23RD AVENUE EAST,1,1,1,0,1,1,0,,35,0,0,0,0,0,2,2,9
,2017_08684,39.750887,-104.940597,3/25/2017 21:56,21:56,15,0,0,23RD AVENUE EAST & COLORADO BOULEVARD NORTH,1,3,0,0,1,4,0,,35,0,0,0,0,0,2,2,5
,2017_08685,39.750887,-104.940597,6/4/2017 13:27,13:27,1,0,0,23RD AVENUE EAST & COLORADO BOULEVARD NORTH,1,1,0,0,1,1,0,,35,0,0,0,0,0,2,2,13
,2017_08686,39.750887,-104.940597,6/17/2017 15:15,15:15,1,0,0,COLORADO BOULEVARD NORTH & 23RD AVENUE EAST,1,1,0,0,1,1,0,,35,0,0,0,0,1,2,2,14
,2017_08687,39.750887,-104.940597,8/18/2017 10:00,10:00,12,0,0,COLORADO BOULEVARD NORTH & 23RD AVENUE EAST,1,1,0,0,1,1,0,,35,0,0,0,0,0,2,2,7
,2017_08688,39.750887,-104.940597,8/23/2017 17:20,17:20,12,0,0,23RD AVENUE EAST & COLORADO BOULEVARD NORTH,1,1,0,0,1,3,0,,40,0,0,0,0,0,2,2,1
,2017_08689,39.750887,-104.940597,9/8/2017 20:37,20:37,1,0,0,COLORADO BOULEVARD NORTH & 23RD AVENUE EAST,1,2,0,0,1,1,0,,35,0,0,0,0,0,2,2,7
,2017_08690,39.750887,-104.940597,10/29/2017 10:41,10:41,12,0,0,23RD AVENUE EAST & COLORADO BOULEVARD NORTH,1,1,0,0,1,4,0,,,0,0,0,0,0,2,2,13
,2017_08691,39.750887,-104.940597,12/4/2017 16:00,16:00,1,0,1,COLORADO BOULEVARD NORTH & 23RD AVENUE EAST,1,1,0,0,1,1,0,,35,0,0,0,0,2,2,2,1
,2017_08692,39.750887,-104.940597,12/16/2017 15:20,15:20,12,0,0,COLORADO BOULEVARD NORTH & 23RD AVENUE EAST,1,1,1,0,1,1,0,,35,0,0,0,0,1,2,2,1
,2017_08693,39.751179,-104.940597,1/13/2017 7:34,7:34,15,0,0,COLORADO BOULEVARD NORTH & 23RD AVENUE EAST,1,1,0,0,1,4,0,,35,0,0,0,0,0,2,2,3
,2017_08694,39.751179,-104.940597,3/18/2017 12:32,12:32,12,0,0,COLORADO BOULEVARD NORTH 2300 BLOCK & 23RD AVENUE EAST,1,1,0,0,1,3,0,,35,0,0,0,0,0,2,2,13
,2017_08695,39.751325,-104.940597,4/28/2017 9:42,9:42,12,0,0,COLORADO BOULEVARD & 2300 BLOCK NORTH,1,1,0,0,1,4,0,,35,0,0,0,0,0,2,2,13
,2017_08696,39.751325,-104.940597,12/11/2017 16:28,16:28,12,0,0,COLORADO BOULEVARD NORTH 2300 BLOCK & 2300 BLOCK NORTH,1,2,0,0,1,3,0,,35,0,0,0,0,0,2,2,2
,2017_08697,39.751471,-104.940597,5/12/2017 11:32,11:32,12,0,0,COLORADO BOULEVARD NORTH & 23RD AVENUE EAST,1,1,0,0,1,4,0,,35,0,0,0,0,0,2,3,13
,2017_08698,39.751471,-104.940597,6/26/2017 11:08,11:08,5,0,0,COLORADO BOULEVARD NORTH & 23RD AVENUE EAST,1,1,0,0,3,4,0,,35,0,0,0,0,0,2,1,7
,2017_08699,39.752784,-104.940597,3/9/2017 9:50,9:50,15,0,0,COLORADO BOULEVARD NORTH 2500 BLOCK & 2500 BLOCK NORTH,1,1,0,0,1,4,0,,35,0,0,0,0,0,2,2,1
,2017_08700,39.752784,-104.940597,10/20/2017 9:33,9:33,15,0,0,COLORADO BOULEVARD NORTH & 25TH AVENUE EAST,1,1,0,0,1,4,0,,35,0,0,0,0,0,2,2,13
,2017_08701,39.753513,-104.940596,8/4/2017 16:37,16:37,15,0,0,COLORADO BOULEVARD NORTH & MM 6.90,1,1,0,0,1,4,0,,30,0,0,0,0,0,2,2,13
,2017_08702,39.753659,-104.940596,4/9/2017 23:04,23:04,5,0,1,COLORADO BOULEVARD 2500 BLOCK NORTH & 26TH AVENUE EAST,1,3,0,0,3,4,0,,30,0,0,0,0,2,2,1,2
,2017_08703,39.75423,-104.940568,1/6/2017 8:55,8:55,12,0,0,COLORADO BOULEVARD & 2600 BLOCK NORTH,4,1,0,0,1,4,0,,35,0,0,0,0,0,2,2,7
,2017_08704,39.75423,-104.940568,7/10/2017 7:25,7:25,15,0,0,COLORADO BOULEVARD NORTH 2500 BLOCK & 26TH AVENUE EAST,1,1,0,0,1,1,0,,,0,0,0,0,0,2,2,13
,2017_08705,39.754511,-104.940546,1/24/2017 18:55,18:55,10,0,0,COLORADO BOULEVARD NORTH & 26TH AVENUE EAST,1,3,0,0,1,4,0,,35,0,0,0,0,0,2,2,13
,2017_08706,39.754511,-104.940546,5/14/2017 15:09,15:09,15,0,0,COLORADO BOULEVARD NORTH & 26TH AVENUE EAST,1,1,0,0,1,1,0,,30,0,0,0,0,0,2,2,3
,2017_08707,39.754511,-104.940546,6/10/2017 9:22,9:22,15,0,0,COLORADO BOULEVARD NORTH & 26TH AVENUE EAST,1,1,0,0,1,4,0,,35,0,0,0,0,0,2,2,13
,2017_08708,39.754511,-104.940546,10/27/2017 12:23,12:23,1,0,0,COLORADO BOULEVARD NORTH & 26TH AVENUE EAST,1,1,0,0,1,1,0,,35,0,0,0,0,1,2,2,13
,2017_08709,39.754511,-104.940546,11/13/2017 17:00,17:00,1,0,0,COLORADO BOULEVARD NORTH & 26TH AVENUE EAST,1,3,0,0,1,1,0,,35,0,0,0,0,0,2,2,1
,2017_08710,39.754511,-104.940546,11/25/2017 17:40,17:40,12,0,1,COLORADO BOULEVARD NORTH & 26TH AVENUE EAST,1,3,0,0,1,1,0,,35,0,0,0,0,2,2,3,3
,2017_08711,39.754511,-104.940546,12/19/2017 10:17,10:17,12,0,0,26TH AVENUE EAST & COLORADO BOULEVARD NORTH,1,1,0,0,1,3,0,,30,0,0,0,0,0,2,2,14
,2017_08712,39.756397,-104.940533,9/17/2017 17:27,17:27,3,0,0,COLORADO BOULEVARD NORTH & 28TH AVENUE EAST,1,1,0,0,1,1,0,,40,0,0,0,0,0,2,2,1
,2017_08713,39.756977,-104.940531,2/12/2017 14:12,14:12,12,0,0,COLORADO BOULEVARD NORTH 2800 BLOCK & 28TH AVENUE EAST,1,1,0,0,1,4,0,,35,0,0,0,0,0,2,2,3
,2017_08714,39.758284,-104.940525,1/15/2017 7:00,7:00,5,0,0,COLORADO BOULEVARD NORTH & 29TH AVENUE EAST,1,2,0,0,3,1,0,,60,0,0,0,0,0,2,1,5
,2017_08715,39.758284,-104.940525,5/13/2017 9:16,9:16,12,0,0,COLORADO BOULEVARD NORTH & 29TH AVENUE EAST,1,1,0,0,1,4,0,,35,0,0,0,0,1,2,2,13
,2017_08716,39.758284,-104.940525,5/15/2017 19:04,19:04,3,0,0,COLORADO BOULEVARD NORTH 2800 BLOCK & 29TH AVENUE EAST,1,1,0,0,1,2,0,,30,0,0,0,0,0,2,5,13
,2017_08717,39.758284,-104.940525,6/2/2017 19:35,19:35,12,0,0,29TH AVENUE EAST & COLORADO BOULEVARD NORTH,1,2,0,0,1,1,0,,25,0,0,0,0,0,2,2,5
,2017_08719,39.758284,-104.940525,6/11/2017 12:45,12:45,3,0,0,COLORADO BOULEVARD NORTH & 29TH AVENUE EAST,1,1,0,0,1,1,0,,25,0,0,0,0,0,2,2,3
,2017_08720,39.758284,-104.940525,7/19/2017 16:31,16:31,1,0,0,COLORADO BOULEVARD NORTH & 29TH AVENUE EAST,1,1,0,0,1,1,0,,35,0,0,0,0,0,2,2,13
,2017_08722,39.758284,-104.940525,10/16/2017 15:20,15:20,12,0,0,COLORADO BOULEVARD NORTH & 29TH AVENUE EAST,1,1,0,0,1,1,0,,35,0,0,0,0,0,2,3,5
,2017_08723,39.758284,-104.940525,10/29/2017 12:11,12:11,12,0,0,COLORADO BOULEVARD NORTH & 29TH AVENUE EAST,1,1,0,0,1,1,0,,35,0,0,0,0,0,2,2,13
,2017_08724,39.758284,-104.940525,11/17/2017 11:20,11:20,12,0,0,COLORADO BOULEVARD NORTH & 2900 BLOCK NORTH,1,1,0,0,1,4,0,,,0,0,0,0,0,2,3,13
,2017_08725,39.758284,-104.940525,12/16/2017 17:55,17:55,12,0,0,COLORADO BOULEVARD NORTH & 29TH AVENUE EAST,1,3,0,0,1,1,0,,35,0,0,0,0,0,2,2,12
,2017_08726,39.75872,-104.940524,4/24/2017 16:30,16:30,12,0,0,COLORADO BOULEVARD 2900 BLOCK NORTH & 29TH AVENUE EAST,1,1,0,0,1,4,0,,35,0,0,0,0,0,2,3,13
,2017_08727,39.759591,-104.94052,6/22/2017 17:00,17:00,12,0,0,COLORADO BOULEVARD NORTH & 35TH AVENUE EAST,1,2,0,0,1,4,0,,,0,0,0,0,0,2,2,13
,2017_08728,39.760027,-104.940518,9/13/2017 15:42,15:42,12,0,0,COLORADO BOULEVARD NORTH & 30TH AVENUE EAST,1,1,0,0,1,4,0,,40,0,0,0,0,0,2,2,1
,2017_08729,39.760172,-104.940518,12/27/2017 15:05,15:05,1,0,0,COLORADO BOULEVARD NORTH & 30TH AVENUE EAST,1,1,0,0,1,1,0,,35,0,0,0,0,0,2,2,1
,2017_08730,39.760317,-104.940517,4/14/2017 9:50,9:50,12,0,0,COLORADO BOULEVARD NORTH & 30TH AVENUE,1,1,0,0,1,4,0,,35,0,0,0,0,0,2,2,13
,2017_08731,39.760753,-104.940516,11/9/2017 17:15,17:15,12,0,1,COLORADO BOULEVARD NORTH 3000 BLOCK & 3000 BLOCK NORTH,1,2,1,0,1,4,0,,30,0,0,0,0,2,2,3,13
,2017_08733,39.761043,-104.940514,6/28/2017 18:00,18:00,8,0,0,COLORADO BOULEVARD NORTH 3100 BLOCK & 3100 BLOCK NORTH,1,1,0,0,1,4,0,,35,0,0,0,0,1,2,2,10
,2017_08734,39.761769,-104.940512,3/17/2017 11:56,11:56,15,0,0,COLORADO BOULEVARD NORTH & MLK BOULEVARD,1,1,0,0,1,4,0,,35,0,0,0,0,0,2,2,13
,2017_08735,39.761769,-104.940512,6/15/2017 17:24,17:24,12,0,0,COLORADO BOULEVARD NORTH & MLK BOULEVARD EAST,1,1,0,0,1,4,0,,35,0,0,0,0,1,2,2,13
,2017_08736,39.761914,-104.940511,1/4/2017 14:48,14:48,12,0,0,MLK BOULEVARD EAST & COLORADO BOULEVARD NORTH,5,1,1,0,1,4,0,,35,0,0,0,0,0,2,2,13
,2017_08737,39.761914,-104.940511,1/5/2017 13:14,13:14,3,0,0,MLK BOULEVARD EAST & COLORADO BOULEVARD NORTH,6,1,0,2,1,3,0,,35,0,0,0,0,0,2,2,3
,2017_08738,39.761914,-104.940511,1/18/2017 16:11,16:11,12,0,0,MLK BOULEVARD EAST & COLORADO BOULEVARD NORTH,1,1,0,0,1,4,0,,35,0,0,0,0,0,2,2,13
,2017_08739,39.761914,-104.940511,2/28/2017 17:09,17:09,12,0,0,COLORADO BOULEVARD NORTH 3200 BLOCK & 3200 BLOCK NORTH,2,1,0,2,1,2,0,,35,0,0,0,0,0,2,2,14
,2017_08740,39.761914,-104.940511,3/20/2017 1:55,1:55,3,0,0,COLORADO BOULEVARD NORTH & MLK BOULEVARD EAST,1,3,0,0,1,1,0,,35,0,0,0,0,0,2,2,13
,2017_08741,39.761914,-104.940511,4/7/2017 14:18,14:18,12,0,0,MLK BOULEVARD EAST & COLORADO BOULEVARD NORTH,1,1,0,0,1,4,0,,35,0,0,0,0,0,2,2,13
,2017_08742,39.761914,-104.940511,4/13/2017 13:07,13:07,3,0,0,COLORADO BOULEVARD NORTH & MLK BOULEVARD EAST,1,1,0,0,1,1,0,,30,0,0,0,0,0,2,2,13
,2017_08743,39.761914,-104.940511,5/10/2017 8:19,8:19,12,0,0,MLK BOULEVARD EAST & COLORADO BOULEVARD NORTH,1,1,0,0,1,3,0,,35,0,0,0,0,1,2,2,16
,2017_08744,39.761914,-104.940511,5/11/2017 14:52,14:52,12,0,0,MLK BOULEVARD EAST & COLORADO BOULEVARD NORTH,1,1,0,0,1,1,0,,30,0,0,0,0,0,2,2,13
,2017_08745,39.761914,-104.940511,5/18/2017 22:45,22:45,12,0,0,MLK BOULEVARD EAST & COLORADO BOULEVARD NORTH,2,3,0,1,1,1,0,,,0,0,0,0,0,2,2,13
,2017_08746,39.761914,-104.940511,5/22/2017 18:11,18:11,1,0,0,COLORADO BOULEVARD NORTH & MLK BOULEVARD EAST,2,1,0,1,1,1,0,,35,0,0,0,0,1,2,2,3
,2017_08747,39.761914,-104.940511,6/5/2017 8:06,8:06,15,0,0,COLORADO BOULEVARD NORTH & MLK BOULEVARD EAST,1,1,0,0,1,3,0,,40,0,0,0,0,0,2,2,7
,2017_08748,39.761914,-104.940511,6/28/2017 16:15,16:15,12,0,0,COLORADO BOULEVARD NORTH & MLK BOULEVARD EAST,1,1,0,0,1,4,0,,40,0,0,0,0,0,2,2,8
,2017_08749,39.761914,-104.940511,8/3/2017 7:00,7:00,1,0,0,COLORADO BOULEVARD NORTH & MLK BOULEVARD,1,1,0,0,1,1,0,,35,0,0,0,0,0,2,2,7
,2017_08750,39.761914,-104.940511,8/6/2017 11:53,11:53,1,0,0,MLK BOULEVARD EAST & COLORADO BOULEVARD NORTH,1,1,0,0,1,1,0,,35,0,0,0,0,0,2,3,13
,2017_08751,39.761914,-104.940511,9/10/2017 9:55,9:55,15,0,0,COLORADO BOULEVARD NORTH & MLK BOULEVARD EAST,1,1,0,0,1,1,0,,35,0,0,0,0,0,2,2,13
,2017_08752,39.761914,-104.940511,9/30/2017 9:20,9:20,1,0,0,COLORADO BOULEVARD NORTH & MLK BOULEVARD EAST,2,1,0,0,1,1,0,,35,0,0,0,0,1,2,2,13
,2017_08753,39.761914,-104.940511,10/17/2017 7:31,7:31,15,0,0,MLK BOULEVARD EAST & COLORADO BOULEVARD NORTH,1,1,0,0,1,1,0,,30,0,0,0,0,0,2,2,1
,2017_08754,39.761914,-104.940511,10/23/2017 18:31,18:31,1,0,0,COLORADO BOULEVARD NORTH & MLK BOULEVARD EAST,1,1,0,0,1,1,0,,35,0,0,0,0,0,2,2,1
,2017_08755,39.761914,-104.940511,11/14/2017 11:30,11:30,12,0,0,MLK BOULEVARD 3900 BLOCK EAST & COLORADO BOULEVARD NORTH,1,1,0,0,1,3,0,,35,0,0,0,0,0,2,2,3
,2017_08756,39.761914,-104.940511,11/21/2017 13:10,13:10,12,0,0,COLORADO BOULEVARD NORTH & MLK BOULEVARD EAST,1,1,0,0,1,1,0,,35,0,0,0,0,0,2,2,13
,2017_08757,39.761914,-104.940511,12/8/2017 18:04,18:04,1,0,0,COLORADO BOULEVARD NORTH & MLK BOULEVARD EAST,1,3,0,0,1,1,0,,30,0,0,0,0,0,2,2,13
,2017_08759,39.761914,-104.940511,12/22/2017 18:25,18:25,1,0,0,COLORADO BOULEVARD NORTH & MLK BOULEVARD EAST,1,3,1,0,1,1,0,,35,0,0,0,0,1,2,3,1
,2017_08761,39.761914,-104.940511,12/28/2017 15:45,15:45,12,0,0,MLK BOULEVARD & COLORADO BOULEVARD NORTH,1,1,0,0,1,1,0,,35,0,0,0,0,0,2,2,3
,2017_08763,39.76206,-104.94051,7/17/2017 16:08,16:08,12,0,0,COLORADO BOULEVARD NORTH & MLK BOULEVARD EAST,1,1,0,0,1,4,0,,35,0,0,0,0,0,2,2,14
,2017_08764,39.762205,-104.94051,7/7/2017 8:28,8:28,12,0,0,COLORADO BOULEVARD NORTH & MLK BOULEVARD EAST,1,1,0,0,1,3,0,,35,0,0,0,0,1,2,4,13
,2017_08765,39.762205,-104.94051,7/27/2017 10:30,10:30,12,0,0,COLORADO BOULEVARD NORTH 3200 BLOCK & MLK BOULEVARD EAST,1,1,0,0,1,4,0,,35,0,0,0,0,0,2,4,13
,2017_08766,39.762495,-104.940509,12/4/2017 16:00,16:00,15,0,0,COLORADO BOULEVARD NORTH & MLK BOULEVARD EAST,1,1,0,0,1,4,0,,35,0,0,0,0,0,2,2,13
,2017_08767,39.76264,-104.940508,11/14/2017 12:35,12:35,12,0,0,COLORADO BOULEVARD NORTH 3200 BLOCK & MLK BOULEVARD EAST,1,1,0,0,1,4,0,,35,0,0,0,0,0,2,2,3
,2017_08768,39.763221,-104.940506,6/26/2017 14:52,14:52,15,0,0,COLORADO BOULEVARD NORTH & 3300 BLOCK NORTH,1,1,0,0,1,1,0,,40,0,0,0,0,0,2,2,8
,2017_08769,39.763947,-104.940503,4/6/2017 7:41,7:41,12,0,0,COLORADO BOULEVARD NORTH 3300 BLOCK & BRUCE RANDOLPH AVENUE EAST,1,1,0,0,1,3,0,,35,0,0,0,0,1,2,3,13
,2017_08770,39.764092,-104.940502,2/9/2017 9:58,9:58,12,0,0,COLORADO BOULEVARD NORTH & BRUCE RANDOLPH AVENUE EAST,1,1,0,0,1,4,0,,35,0,0,0,0,0,2,2,13
,2017_08771,39.764528,-104.940501,1/25/2017 17:28,17:28,1,0,0,BRUCE RANDOLPH AVENUE EAST & COLORADO BOULEVARD NORTH,1,3,0,0,1,1,0,,35,0,0,0,0,0,2,2,13
,2017_08773,39.764528,-104.940501,1/26/2017 4:30,4:30,12,0,0,COLORADO BOULEVARD NORTH 3400 BLOCK & BRUCE RANDOLPH AVENUE EAST,1,3,0,0,1,1,0,,40,0,0,0,0,0,2,2,12
,2017_08775,39.764528,-104.940501,3/19/2017 15:49,15:49,1,0,0,COLORADO BOULEVARD NORTH & BRUCE RANDOLPH AVENUE EAST,1,1,0,0,1,1,0,,35,0,0,0,0,0,2,2,3
,2017_08776,39.764528,-104.940501,5/11/2017 9:32,9:32,12,0,0,COLORADO BOULEVARD NORTH & BRUCE RANDOLPH AVENUE EAST,1,1,0,0,1,1,0,,35,0,0,0,0,1,2,5,13
,2017_08777,39.764528,-104.940501,6/7/2017 13:30,13:30,15,0,0,COLORADO BOULEVARD NORTH & BRUCE RANDOLPH AVENUE EAST,1,1,0,0,6,3,0,,40,0,0,0,0,0,2,2,1
,2017_08778,39.764528,-104.940501,7/25/2017 17:35,17:35,15,0,0,COLORADO BOULEVARD NORTH & BRUCE RANDOLPH AVENUE EAST,2,1,0,1,1,1,0,,35,0,0,0,0,0,2,2,14