id,drcog_id,latitude,longitude,crashtime,time,crashtype,numbkilled,numbinjurd,drcoglocat,rdconditin,lightngcon,roadcntgrd,weatherco,location,roaddescrp,constrzone,schoolzone,splimit,bikeinv,pedinv,sctrinv,motoinv,svrty,rdsystem,ttlvehcls,hcf
,2017_08779,39.764528,-104.940501,8/31/2017 17:25,17:25,12,0,0,COLORADO BOULEVARD NORTH & BRUCE RANDOLPH AVENUE EAST,1,1,0,0,1,1,0,,35,0,0,0,0,0,2,2,1
,2017_08780,39.780314,-104.940501,3/20/2017 7:59,7:59,15,0,0,COLORADO BOULEVARD NORTH & I70,1,1,1,0,1,1,0,,45,0,0,0,0,0,2,2,13
,2017_08781,39.764528,-104.940501,10/25/2017 20:13,20:13,1,0,0,COLORADO BOULEVARD NORTH & BRUCE RANDOLPH AVENUE EAST,1,3,0,0,1,1,0,,35,0,0,0,0,1,2,2,1
,2017_08782,39.764528,-104.940501,10/27/2017 8:09,8:09,1,0,0,COLORADO BOULEVARD NORTH & BRUCE RANDOLPH AVENUE EAST,1,1,0,0,1,1,0,,35,0,0,0,0,0,2,2,13
,2017_08783,39.764528,-104.940501,11/13/2017 10:25,10:25,15,0,0,COLORADO BOULEVARD NORTH 3500 BLOCK & BRUCE RANDOLPH AVENUE EAST,1,1,0,0,1,4,0,,40,0,0,0,0,0,2,2,14
,2017_08784,39.764528,-104.940501,11/14/2017 14:10,14:10,15,0,0,COLORADO BOULEVARD NORTH & BRUCE RANDOLPH AVENUE EAST,1,1,0,0,1,1,0,,40,0,0,0,0,0,2,2,13
,2017_08786,39.764673,-104.9405,6/22/2017 16:01,16:01,12,0,0,COLORADO BOULEVARD NORTH & BRUCE RANDOLPH AVENUE EAST,1,1,0,0,1,4,0,,,0,0,0,0,0,2,2,4
,2017_08787,39.765109,-104.940498,12/18/2017 11:20,11:20,15,0,0,COLORADO BOULEVARD 3400 BLOCK NORTH & 35TH AVENUE EAST,1,1,1,0,1,4,0,,35,0,0,0,0,0,2,2,13
,2017_08788,39.765254,-104.940498,8/14/2017 8:31,8:31,12,0,0,COLORADO BOULEVARD NORTH 3400 BLOCK & 35TH AVENUE EAST,1,1,0,0,1,4,0,,35,0,0,0,0,1,2,2,13
,2017_08789,39.765544,-104.940497,1/6/2017 13:20,13:20,3,0,0,35TH AVENUE EAST & COLORADO BOULEVARD NORTH,2,1,0,0,1,1,0,,30,0,0,0,0,1,2,2,13
,2017_08790,39.765544,-104.940497,5/5/2017 16:56,16:56,1,0,0,35TH AVENUE EAST & COLORADO BOULEVARD NORTH,1,1,0,0,1,1,0,,30,0,0,0,0,0,2,2,14
,2017_08791,39.765544,-104.940497,6/16/2017 22:45,22:45,3,0,0,35TH AVENUE EAST & COLORADO BOULEVARD NORTH,1,3,0,0,1,1,0,,35,0,0,0,0,0,2,2,13
,2017_08792,39.765544,-104.940497,6/22/2017 16:18,16:18,3,0,0,35TH AVENUE EAST & COLORADO BOULEVARD NORTH,1,1,0,0,1,1,0,,40,0,0,0,0,0,2,2,14
,2017_08793,39.765544,-104.940497,7/27/2017 9:04,9:04,1,0,2,COLORADO BOULEVARD NORTH & 35TH AVENUE EAST,1,1,0,0,1,1,0,,35,0,0,0,0,2,2,2,13
,2017_08794,39.765544,-104.940497,8/20/2017 19:36,19:36,1,0,0,COLORADO BOULEVARD NORTH & 35TH AVENUE EAST,1,1,0,0,1,1,0,,40,0,0,0,0,1,2,3,1
,2017_08795,39.765544,-104.940497,11/10/2017 19:20,19:20,1,0,0,COLORADO BOULEVARD NORTH & 35TH AVENUE EAST,1,3,0,0,1,1,0,,35,0,0,0,0,0,2,3,1
,2017_08797,39.766416,-104.940493,1/28/2017 21:00,21:00,15,0,0,COLORADO BOULEVARD NORTH 3500 BLOCK & 35TH AVENUE EAST,1,3,0,0,1,4,0,,35,0,0,0,0,0,2,2,13
,2017_08798,39.768166,-104.940491,3/1/2017 16:34,16:34,15,0,0,37TH AVENUE EAST & COLORADO BOULEVARD NORTH,1,1,1,0,1,4,0,,40,0,0,0,0,0,2,2,16
,2017_08799,39.769196,-104.940495,3/16/2017 9:08,9:08,15,0,0,COLORADO BOULEVARD NORTH & 38TH AVENUE EAST,1,1,0,0,1,4,0,,40,0,0,0,0,0,2,2,13
,2017_08800,39.769196,-104.940495,7/31/2017 15:07,15:07,12,0,0,COLORADO BOULEVARD NORTH 3800 BLOCK & 38TH AVENUE EAST,1,1,0,0,1,4,0,,35,0,0,0,0,0,2,3,3
,2017_08801,39.769196,-104.940495,8/22/2017 10:17,10:17,3,0,0,38TH AVENUE EAST & COLORADO BOULEVARD NORTH,1,1,0,0,1,1,0,,25,0,0,0,0,0,2,2,14
,2017_08802,39.769196,-104.940495,10/11/2017 17:28,17:28,12,0,0,COLORADO BOULEVARD NORTH & 38TH AVENUE EAST,1,1,0,0,1,4,0,,35,0,0,0,0,1,2,2,12
,2017_08803,39.769196,-104.940495,10/23/2017 11:05,11:05,3,0,0,38TH AVENUE EAST & COLORADO BOULEVARD NORTH,1,1,0,0,1,1,0,,40,0,0,0,0,0,2,2,7
,2017_08804,39.769196,-104.940495,12/28/2017 5:00,5:00,3,0,0,38TH AVENUE EAST & COLORADO BOULEVARD NORTH,1,2,0,0,1,1,0,,25,0,0,0,0,0,2,2,13
,2017_08805,39.769343,-104.940496,5/2/2017 7:05,7:05,15,0,0,COLORADO BOULEVARD SOUTH 3800 BLOCK NORTH & 38TH AVENUE EAST,1,1,0,0,1,4,0,,40,0,0,0,0,0,2,2,7
,2017_08806,39.771696,-104.940506,2/10/2017 20:30,20:30,12,0,0,COLORADO BOULEVARD 3900 BLOCK & 40TH AVENUE EAST,1,3,0,0,1,4,0,,35,0,0,0,0,0,2,4,13
,2017_08807,39.772432,-104.940509,1/4/2017 9:15,9:15,15,0,0,COLORADO BOULEVARD & 3900 BLOCK NORTH,5,1,0,2,1,4,0,,40,0,0,0,0,0,2,3,7
,2017_08808,39.77302,-104.940511,8/20/2017 7:53,7:53,15,0,0,COLORADO BOULEVARD NORTH & 40TH AVENUE EAST,1,1,0,0,1,3,0,,35,0,0,0,0,0,2,2,1
,2017_08809,39.772432,-104.940509,2/10/2017 20:42,20:42,12,0,0,COLORADO BOULEVARD NORTH 3900 BLOCK & 3900 BLOCK NORTH,1,3,0,0,1,4,0,,35,0,0,0,0,0,2,3,1
,2017_08810,39.772432,-104.940509,2/15/2017 7:50,7:50,12,0,0,COLORADO BOULEVARD NORTH & 40TH AVENUE EAST,1,1,0,0,1,4,0,,40,0,0,0,0,0,2,2,7
,2017_08811,39.772432,-104.940509,5/22/2017 12:45,12:45,15,0,0,COLORADO BOULEVARD NORTH & 40TH AVENUE EAST,1,1,0,0,1,4,0,,35,0,0,0,0,0,2,4,13
,2017_08813,39.772726,-104.94051,10/11/2017 20:29,20:29,12,0,0,COLORADO BOULEVARD NORTH & 40TH AVENUE EAST,1,3,0,0,1,3,0,,35,0,0,0,0,1,2,3,12
,2017_08814,39.772873,-104.94051,11/27/2017 11:59,11:59,15,0,0,COLORADO BOULEVARD NORTH 3900 BLOCK & 40TH AVENUE EAST,1,1,0,0,1,4,0,,35,0,0,0,0,0,2,2,13
,2017_08815,39.778327,-104.940528,7/8/2017 17:23,17:23,12,0,0,COLORADO BOULEVARD NORTH & MM 8.60,1,1,1,0,1,4,0,,40,0,0,0,0,0,2,2,13
,2017_08816,39.77302,-104.940511,2/8/2017 11:27,11:27,15,0,0,COLORADO BOULEVARD NORTH & 40TH AVENUE EAST,1,1,0,0,1,4,0,,30,0,0,0,0,1,2,2,13
,2017_08817,39.77302,-104.940511,3/26/2017 20:27,20:27,3,0,0,40TH AVENUE EAST & COLORADO BOULEVARD NORTH,1,3,0,0,1,1,0,,30,0,0,0,0,1,2,3,3
,2017_08818,39.77302,-104.940511,4/13/2017 12:54,12:54,12,0,0,40TH AVENUE EAST & COLORADO BOULEVARD NORTH,1,1,0,0,1,4,0,,30,0,0,0,0,0,2,2,16
,2017_08819,39.77302,-104.940511,5/22/2017 19:06,19:06,15,0,0,COLORADO BOULEVARD 3900 BLOCK NORTH & 40TH AVENUE EAST,2,1,0,1,1,1,0,,35,0,0,0,0,0,2,2,3
,2017_08820,39.77302,-104.940511,5/29/2017 15:45,15:45,12,0,0,COLORADO BOULEVARD NORTH & 40TH AVENUE EAST,1,1,0,0,1,3,0,,45,0,0,0,0,1,2,2,13
,2017_08821,39.77302,-104.940511,6/13/2017 8:25,8:25,12,0,0,COLORADO BOULEVARD NORTH & 40TH AVENUE EAST,1,1,0,0,1,1,0,,35,0,0,0,0,0,2,2,7
,2017_08822,39.77302,-104.940511,6/27/2017 12:06,12:06,12,0,0,COLORADO BOULEVARD NORTH & 40TH AVENUE EAST,1,1,0,0,1,4,0,,35,0,0,0,0,0,2,2,13
,2017_08823,39.77302,-104.940511,6/30/2017 16:37,16:37,12,0,0,40TH AVENUE EAST & COLORADO BOULEVARD NORTH,1,1,0,0,1,1,0,,40,0,0,0,0,0,2,2,8
,2017_08824,39.77302,-104.940511,9/7/2017 21:20,21:20,1,0,0,40TH AVENUE EAST & COLORADO BOULEVARD NORTH,1,4,0,0,1,1,0,,35,0,0,0,0,0,2,2,13
,2017_08825,39.77302,-104.940511,9/20/2017 7:52,7:52,1,0,0,COLORADO BOULEVARD NORTH & 40TH AVENUE EAST,1,1,0,0,1,1,0,,40,0,0,0,0,0,2,2,13
,2017_08826,39.77302,-104.940511,10/4/2017 18:38,18:38,12,0,0,40TH AVENUE EAST & COLORADO BOULEVARD NORTH,1,1,0,0,1,3,0,,30,0,0,0,0,0,2,2,13
,2017_08827,39.77302,-104.940511,10/20/2017 6:50,6:50,12,0,0,40TH AVENUE EAST & COLORADO BOULEVARD NORTH,1,1,0,0,1,1,0,,40,0,0,0,0,0,2,2,3
,2017_08828,39.77302,-104.940511,10/28/2017 1:45,1:45,12,0,0,40TH AVENUE 3900 BLOCK EAST & COLORADO BOULEVARD NORTH,1,3,0,0,1,4,0,,35,0,0,0,0,0,2,2,13
,2017_08829,39.77302,-104.940511,11/9/2017 12:00,12:00,12,0,0,COLORADO BOULEVARD NORTH 4000 BLOCK & 40TH AVENUE EAST,1,1,0,0,1,4,0,,40,0,0,0,0,0,2,2,10
,2017_08830,39.77302,-104.940511,11/29/2017 9:36,9:36,10,0,0,COLORADO BOULEVARD NORTH & 40TH AVENUE EAST,1,1,0,0,1,1,0,,35,0,0,0,0,0,2,2,13
,2017_08831,39.77302,-104.940511,12/7/2017 16:29,16:29,1,0,1,COLORADO BOULEVARD NORTH & 40TH AVENUE EAST,1,2,0,0,1,1,0,,40,0,0,0,0,2,2,2,1
,2017_08832,39.77302,-104.940511,12/7/2017 17:30,17:30,15,0,0,COLORADO BOULEVARD NORTH & 40TH AVENUE EAST,1,1,0,0,1,1,0,,30,0,0,0,0,0,2,2,13
,2017_08833,39.783218,-104.940463,9/6/2017 15:37,15:37,12,0,0,COLORADO BOULEVARD NORTH & 48TH AVENUE EAST,1,5,1,0,1,4,0,,40,0,0,0,0,0,2,2,14
,2017_08834,39.77302,-104.940511,12/22/2017 4:43,4:43,12,0,0,COLORADO BOULEVARD NORTH & 40TH AVENUE EAST,1,3,0,0,1,1,0,,40,0,0,0,0,0,2,2,3
,2017_08835,39.77302,-104.940511,12/22/2017 17:15,17:15,1,0,0,COLORADO BOULEVARD NORTH & 40TH AVENUE EAST,1,2,0,0,1,1,0,,40,0,0,0,0,0,2,2,1
,2017_08836,39.77302,-104.940511,12/24/2017 10:18,10:18,3,0,0,COLORADO BOULEVARD NORTH & 40TH AVENUE EAST,6,1,0,0,1,2,0,,,0,0,0,0,0,2,2,13
,2017_08837,39.773167,-104.940512,5/9/2017 9:24,9:24,12,0,0,COLORADO BOULEVARD NORTH & 40TH AVENUE EAST,1,1,0,0,1,3,0,,40,0,0,0,0,0,2,2,13
,2017_08838,39.773167,-104.940512,6/10/2017 10:50,10:50,12,0,0,COLORADO BOULEVARD NORTH & 40TH AVENUE EAST,1,1,0,0,1,3,0,,45,0,0,0,0,1,2,2,13
,2017_08839,39.773167,-104.940512,9/19/2017 18:05,18:05,12,0,0,COLORADO BOULEVARD NORTH & 40TH AVENUE EAST,1,1,0,0,1,3,0,,40,0,0,0,0,1,2,2,8
,2017_08840,39.773167,-104.940512,10/16/2017 7:00,7:00,15,0,0,COLORADO BOULEVARD NORTH 4000 BLOCK & 40TH AVENUE EAST,1,2,0,0,1,4,0,,35,0,0,0,0,0,2,2,7
,2017_08841,39.773167,-104.940512,12/6/2017 11:31,11:31,12,0,0,COLORADO BOULEVARD NORTH & 40TH AVENUE EAST,1,1,0,0,1,3,0,,,0,0,0,0,1,2,2,13
,2017_08842,39.773314,-104.940512,6/27/2017 22:08,22:08,15,0,0,COLORADO BOULEVARD NORTH 4000 BLOCK & 4000 BLOCK NORTH,1,3,0,0,1,4,0,,40,0,0,0,0,0,2,2,1
,2017_08844,39.773609,-104.940513,2/27/2017 18:03,18:03,12,0,0,COLORADO BOULEVARD 4000 BLOCK NORTH & 40TH AVENUE EAST,1,3,0,0,1,4,0,,10,0,0,0,0,0,2,2,3
,2017_08845,39.77405,-104.940515,2/20/2017 18:34,18:34,12,0,0,COLORADO BOULEVARD NORTH 4100 BLOCK & 41ST AVENUE EAST,1,3,0,0,1,4,0,,35,0,0,0,0,1,2,2,5
,2017_08846,39.77405,-104.940515,8/24/2017 15:10,15:10,10,0,0,COLORADO BOULEVARD NORTH & 41ST AVENUE EAST,1,1,0,0,1,1,0,,40,0,0,0,0,0,2,2,8
,2017_08847,39.77405,-104.940515,11/3/2017 9:01,9:01,12,0,0,COLORADO BL 4100 BLOCK NORTH & 41ST AVENUE EAST,2,1,0,0,1,4,0,,25,0,0,0,0,0,2,2,14
,2017_08848,39.774197,-104.940516,3/4/2017 12:23,12:23,12,0,0,41ST AVENUE EAST & COLORADO BOULEVARD NORTH,1,1,0,0,1,3,0,,35,0,0,0,0,0,2,2,13
,2017_08849,39.774197,-104.940516,11/6/2017 12:50,12:50,12,0,0,COLORADO BVLD NORTH & 40TH AVENUE EAST,1,1,0,0,1,4,0,,40,0,0,0,0,0,2,2,7
,2017_08850,39.780467,-104.940499,7/23/2017 15:23,15:23,3,0,0,COLORADO BOULEVARD NORTH & I70 WB OFF RAMP,1,1,0,0,1,3,0,,35,0,0,0,0,0,2,2,1
,2017_08851,39.774932,-104.940519,12/6/2017 7:13,7:13,12,0,0,COLORADO BOULEVARD NORTH & 41ST AVENUE EAST,1,2,1,0,1,4,0,,40,0,0,0,0,0,2,2,13
,2017_08852,39.775374,-104.940521,4/20/2017 9:33,9:33,15,0,0,COLORADO BOULEVARD NORTH 4200 BLOCK & 4200 BLOCK NORTH,1,1,0,0,1,4,0,,40,0,0,0,0,0,2,2,13
,2017_08853,39.776109,-104.940524,9/22/2017 17:16,17:16,12,0,0,COLORADO BOULEVARD NORTH & SMITH ROAD EAST,2,1,1,1,1,4,0,,35,0,0,0,1,0,2,2,7
,2017_08854,39.777433,-104.940529,5/16/2017 17:09,17:09,12,0,0,COLORADO BOULEVARD NORTH & I70 EASTBOUND ON RAMP,2,1,0,1,1,4,0,,45,0,0,0,0,0,2,2,13
,2017_08855,39.778018,-104.940532,9/17/2017 20:17,20:17,15,0,0,COLORADO BOULEVARD NORTH & I70 EASTBOUND ON RAMP,1,3,1,0,1,4,0,,40,0,0,0,0,0,2,2,13
,2017_08856,39.779703,-104.940509,12/4/2017 15:09,15:09,12,0,0,COLORADO BOULEVARD NORTH & I70,1,1,0,0,1,4,0,,35,0,0,0,0,0,2,3,12
,2017_08857,39.779856,-104.940507,5/3/2017 18:09,18:09,12,0,0,COLORADO BOULEVARD NORTH & MM 8.7,1,1,0,0,1,4,0,,40,0,0,0,0,0,2,3,13
,2017_08858,39.779856,-104.940507,5/16/2017 17:26,17:26,12,0,0,COLORADO BOULEVARD NORTH & I70,2,1,1,1,1,4,0,,45,0,0,0,0,0,2,2,3
,2017_08859,39.780009,-104.940505,3/24/2017 15:28,15:28,12,0,0,COLORADO BOULEVARD NORTH & I70 WB OFF RAMP,1,1,1,0,1,3,0,,35,0,0,0,0,0,2,2,1
,2017_08860,39.780162,-104.940503,10/29/2017 13:20,13:20,12,0,0,COLORADO BOULEVARD NORTH & I70,1,1,0,0,1,4,0,,40,0,0,0,0,0,2,3,13
,2017_08861,39.78062,-104.940497,8/1/2017 7:49,7:49,12,0,0,COLORADO BOULEVARD NORTH & I70 EASTBOUND,1,1,1,0,1,3,0,,40,0,0,0,0,0,2,2,13
,2017_08862,39.78062,-104.940497,12/4/2017 14:45,14:45,15,0,0,COLORADO BOULEVARD NORTH & 46TH AVENUE EAST,1,1,1,0,1,4,0,,40,0,0,0,0,0,2,2,3
,2017_08863,39.780926,-104.940493,2/13/2017 15:54,15:54,15,0,0,COLORADO BOULEVARD NORTH WEST FRONTAGE ROAD & 46TH AVENUE EAST,1,1,1,0,1,1,0,,30,0,0,0,0,0,2,2,14
,2017_08864,39.780926,-104.940493,7/1/2017 15:16,15:16,12,0,0,COLORADO BOULEVARD NORTH 4600 BLOCK & 4600 BLOCK NORTH,1,1,1,0,1,4,0,,35,0,0,0,0,0,2,3,14
,2017_08865,39.781384,-104.940487,4/14/2017 17:34,17:34,5,0,0,I70 WB OFF RAMP & COLORADO BOULEVARD NORTH,1,1,1,0,3,4,0,,45,0,0,0,0,0,2,1,13
,2017_08866,39.781384,-104.940487,6/20/2017 12:00,12:00,15,0,0,COLORADO BOULEVARD NORTH & I70 WB RAMP OFF,1,1,0,0,1,1,0,,25,0,0,0,0,0,2,2,13
,2017_08867,39.781384,-104.940487,9/30/2017 11:23,11:23,12,0,0,COLORADO BOULEVARD NORTH & I70 WB OFF RAMP,1,1,0,0,1,3,0,,40,0,0,0,0,0,2,2,13
,2017_08868,39.781384,-104.940487,11/15/2017 4:17,4:17,15,0,0,COLORADO BOULEVARD NORTH & I70 WB RAMP OFF,1,3,1,0,1,1,0,,30,0,0,0,0,0,2,2,14
,2017_08869,39.781996,-104.940479,10/18/2017 13:24,13:24,15,0,0,COLORADO BOULEVARD NORTH 4600 BLOCK & 46TH AVENUE EAST,1,1,0,0,1,3,0,,40,0,0,0,0,0,2,2,1
,2017_08870,39.782913,-104.940467,10/31/2017 11:20,11:20,15,0,0,COLORADO BOULEVARD NORTH 4700 BLOCK & 4700 BLOCK NORTH,1,1,0,0,1,4,0,,40,0,0,0,0,0,2,2,13
,2017_08872,39.782913,-104.940467,11/17/2017 15:55,15:55,15,0,0,COLORADO BOULEVARD NORTH & MM 8.9,1,2,0,0,1,4,0,,40,0,0,0,0,0,2,2,7
,2017_08873,39.783677,-104.940457,6/21/2017 8:47,8:47,1,0,1,COLORADO BOULEVARD NORTH & 48TH AVENUE EAST,1,1,0,0,1,1,0,,45,0,0,0,0,2,2,2,13
,2017_08874,39.783677,-104.940457,9/25/2017 7:35,7:35,1,0,0,COLORADO BOULEVARD NORTH 4800 & 4800 BLOCK NORTH,1,1,0,0,1,1,0,,40,0,0,0,0,0,2,2,13
,2017_08875,39.784135,-104.94045,1/16/2017 12:05,12:05,1,0,0,48TH AVENUE EAST & COLORADO BOULEVARD NORTH,2,1,0,0,1,1,0,,40,0,0,0,0,0,2,2,13
,2017_08876,39.784135,-104.94045,1/23/2017 12:42,12:42,12,0,0,COLORADO BOULEVARD NORTH & 48TH AVENUE EAST,1,1,0,0,1,1,0,,45,0,0,0,0,0,2,2,7
,2017_08877,39.784135,-104.94045,2/21/2017 15:55,15:55,1,0,0,COLORADO BOULEVARD NORTH & 48TH AVENUE EAST,1,1,0,0,1,1,0,,40,0,0,0,0,0,2,2,14
,2017_08878,39.784135,-104.94045,5/15/2017 21:50,21:50,12,0,0,COLORADO BOULEVARD NORTH & 48TH AVENUE EAST,1,4,0,0,1,3,0,,45,0,0,0,0,0,2,2,13
,2017_08879,39.784135,-104.94045,6/16/2017 7:22,7:22,12,0,0,48TH AVENUE EAST & COLORADO BOULEVARD NORTH,1,1,0,0,1,4,0,,30,0,0,0,0,0,2,2,16
,2017_08880,39.784135,-104.94045,6/23/2017 19:31,19:31,12,0,0,COLORADO BOULEVARD NORTH & 48TH AVENUE EAST,1,1,0,0,1,1,0,,40,0,0,0,0,0,2,2,5
,2017_08881,39.784135,-104.94045,7/24/2017 15:00,15:00,12,0,0,COLORADO BOULEVARD NORTH & 48TH AVENUE EAST,1,1,0,0,1,1,0,,45,0,0,0,0,0,2,2,3
,2017_08882,39.784135,-104.94045,7/29/2017 13:00,13:00,10,0,0,COLORADO BOULEVARD NORTH & 48TH AVENUE EAST,2,1,1,1,1,4,0,,,0,0,0,0,1,2,2,13
,2017_08883,39.784135,-104.94045,9/29/2017 13:28,13:28,3,0,0,COLORADO BOULEVARD NORTH & 48TH AVENUE EAST,1,1,0,0,1,1,0,,45,0,0,0,0,1,2,2,13
,2017_08884,39.784135,-104.94045,11/7/2017 6:27,6:27,3,0,0,48TH AVENUE EAST & COLORADO BOULEVARD NORTH,2,2,0,2,1,1,0,,45,0,0,0,0,0,2,2,13
,2017_08886,39.784135,-104.94045,12/19/2017 6:07,6:07,1,0,0,COLORADO BOULEVARD NORTH & 48TH AVENUE EAST,1,3,0,0,1,1,0,,40,0,0,0,0,0,2,2,13
,2017_08887,39.786581,-104.940418,4/4/2017 9:42,9:42,12,0,0,COLORADO BOULEVARD NORTH & 4930 NORTH,2,1,0,1,1,2,0,,45,0,0,0,0,1,2,2,3
,2017_08888,39.787952,-104.940389,1/4/2017 17:34,17:34,12,0,0,COLORADO BOULEVARD NORTH & 50TH AVENUE EAST,5,3,0,2,1,3,0,,40,0,0,0,0,0,2,2,3
,2017_08889,39.787952,-104.940389,5/15/2017 15:03,15:03,10,0,0,50TH AVENUE EAST ROAD EAST & COLORADO BOULEVARD NORTH,1,1,0,0,1,1,0,,25,0,0,0,0,0,2,2,14
,2017_08890,39.787952,-104.940389,10/27/2017 5:57,5:57,15,0,0,COLORADO BOULEVARD NORTH & 5000 BLOCK NORTH,1,3,0,0,1,4,0,,40,0,0,0,0,0,2,2,13
,2017_08891,39.789258,-104.940281,10/21/2017 13:57,13:57,10,0,0,COLORADO BOULEVARD NORTH & 4500 BLOCK NORTH,1,1,0,0,1,1,0,,40,0,0,0,0,1,2,2,14
,2017_08892,39.7894,-104.940259,7/23/2017 8:16,8:16,12,0,0,COLORADO BOULEVARD NORTH & 5000 BLOCK NORTH,1,1,1,0,1,3,0,,35,0,0,0,0,1,2,4,3
,2017_08894,39.789542,-104.940233,11/2/2017 17:08,17:08,15,0,0,COLORADO BOULEVARD NORTH & 5100 BLOCK NORTH,1,1,0,0,1,4,0,,35,0,0,0,0,0,2,2,13
,2017_09008,39.782643,-104.948878,6/27/2017 18:51,18:51,15,0,0,VASQUEZ BOULEVARD & MM 291.20 APPROXIMATELY,1,5,0,0,1,3,0,,40,0,0,0,0,0,2,2,13
,2017_09118,39.717712,-105.004262,3/19/2017 1:34,1:34,5,0,0,I25 & ALAMEDA AVENUE WEST,1,4,0,0,2,4,0,,60,0,0,0,0,0,1,1,5
,2017_09233,39.725194,-105.018429,4/14/2017 15:04,15:04,9,0,0,SIXTH AVENUE WEST & BRYANT STREET NORTH,1,1,1,0,1,4,0,,55,0,0,0,1,1,2,1,13
,2017_09338,39.79410398,-104.7442533,1/6/2017 23:29,23:29,6,0,0,LIVERPOOL STREET 5500 BLOCK NORTH & 55TH AVENUE EAST,1,1,0,0,1,4,0,,15,0,0,0,0,0,4,2,13
,2017_09366,39.782865,-104.948669,7/30/2017 21:50,21:50,9,0,1,VASQUEZ BOULEVARD 4700 BLOCK & 48TH AVENUE EAST,2,3,0,0,1,4,0,,45,0,0,0,1,2,2,1,5
,2017_09367,39.758787,-105.0014925,1/4/2017 19:38,19:38,3,0,0,LITTLE RAVEN STREET 1900 BLOCK & 20TH STREET,4,3,1,2,1,3,0,,60,0,0,0,0,0,4,2,14
,2017_09369,39.725614,-105.045324,8/14/2017 22:56,22:56,5,0,0,SIXTH AVENUE WEST & UTICA STREET NORTH,1,3,0,0,2,4,0,,55,0,0,0,0,0,2,1,14
,2017_09370,39.725649,-105.052644,7/26/2017 1:58,1:58,5,0,0,SIXTH AVENUE WEST EASTBOUND ON RAMP & SHERIDAN BOULEVARD,1,3,1,0,2,8,0,,35,0,0,0,0,0,2,1,9
,2017_09371,39.725649,-105.052644,9/11/2017 15:32,15:32,12,0,0,SIXTH AVENUE WEST EASTBOUND ON RAMP & SHERIDAN BOULEVARD,1,1,0,0,1,8,0,,55,0,0,0,0,0,2,2,13
,2017_09372,39.725649,-105.052456,9/13/2017 7:56,7:56,12,0,0,SIXTH AVENUE WEST & SHERIDAN BOULEVARD,1,1,1,0,1,4,0,,65,0,0,0,0,0,2,2,7
,2017_09373,39.725649,-105.052456,4/6/2017 8:01,8:01,12,0,0,SIXTH AVENUE WEST EASTBOUND ON RAMP & SHERIDAN BOULEVARD,1,1,0,0,1,8,0,,45,0,0,0,0,1,2,2,7
,2017_09374,39.725649,-105.052456,6/16/2017 0:38,0:38,12,0,0,SIXTH AVENUE WEST WB OFF RAMP & SHERIDAN BOULEVARD,1,3,0,0,1,8,0,,65,0,0,0,0,0,2,2,14
,2017_09375,39.725648,-105.052269,4/11/2017 7:32,7:32,12,0,0,SIXTH AVENUE WEST & SHERIDAN BOULEVARD,1,1,1,1,1,4,0,,55,0,0,0,0,1,2,3,7
,2017_09376,39.725646,-105.051893,11/24/2017 20:57,20:57,5,0,0,SIXTH AVENUE WEST & SHERIDAN BOULEVARD,1,3,0,0,2,4,0,,55,0,0,0,0,1,2,1,1
,2017_09377,39.725646,-105.051893,12/13/2017 17:52,17:52,15,0,0,SIXTH AVENUE WEST & SHERIDAN BOULEVARD,1,3,0,0,1,4,0,,55,0,0,0,0,0,2,2,13
,2017_09378,39.725644,-105.051518,4/23/2017 3:05,3:05,12,0,0,SIXTH AVENUE WEST & SHERIDAN BOULEVARD,1,3,0,0,1,4,0,,55,0,0,0,0,0,2,2,13
,2017_09379,39.725643,-105.05133,4/27/2017 15:50,15:50,12,0,0,SIXTH AVENUE WEST & MM 282.45,1,1,0,0,1,4,0,,55,0,0,0,0,0,2,2,12
,2017_09380,39.725643,-105.05133,6/26/2017 17:30,17:30,15,0,0,SIXTH AVENUE WEST & MM 282.45,1,1,0,0,1,4,0,,55,0,0,0,0,0,2,2,1
,2017_09381,39.725643,-105.05133,6/26/2017 17:30,17:30,15,0,0,SIXTH AVENUE WEST & MM 282.45,1,1,0,0,1,4,0,,55,0,0,0,0,0,2,2,1
,2017_09382,39.725643,-105.05133,12/14/2017 19:47,19:47,12,0,0,SIXTH AVENUE WEST & SHERIDAN BOULEVARD,1,3,0,0,1,4,0,,55,0,0,0,0,0,2,2,13
,2017_09384,39.725637,-105.050016,8/18/2017 9:30,9:30,12,0,0,SIXTH AVENUE WEST & SHERIDAN BOULEVARD,1,1,0,0,1,4,0,,55,0,0,0,0,0,2,3,1
,2017_09385,39.725636,-105.049828,12/6/2017 6:11,6:11,12,0,0,SIXTH AVENUE WEST & SHERIDAN BOULEVARD,1,2,0,0,1,4,0,,55,0,0,0,0,0,2,2,3
,2017_09386,39.725615,-105.045699,10/1/2017 1:19,1:19,12,0,0,SIXTH AVENUE WEST & 4500 BLOCK WEST,1,3,0,0,1,4,0,,,0,0,0,0,0,2,2,13
,2017_09387,39.725608,-105.044198,2/8/2017 6:16,6:16,12,0,0,SIXTH AVENUE WEST & TENNYSON STREET NORTH,1,3,0,0,1,4,0,,65,0,0,0,0,0,2,3,13