id,drcog_id,latitude,longitude,crashtime,time,crashtype,numbkilled,numbinjurd,drcoglocat,rdconditin,lightngcon,roadcntgrd,weatherco,location,roaddescrp,constrzone,schoolzone,splimit,bikeinv,pedinv,sctrinv,motoinv,svrty,rdsystem,ttlvehcls,hcf
,2017_09388,39.725608,-105.044198,3/11/2017 18:21,18:21,12,0,0,SIXTH AVENUE WEST & SHERIDAN BOULEVARD NORTH,1,3,0,7,1,4,0,,25,0,0,0,0,0,2,2,12
,2017_09389,39.725608,-105.044198,10/13/2017 17:24,17:24,12,0,0,SIXTH AVENUE WEST & PERRY STREET NORTH,1,1,1,0,1,4,0,,55,0,0,0,0,1,2,2,13
,2017_09390,39.725602,-105.042884,4/19/2017 11:28,11:28,3,0,0,SIXTH AVENUE WEST & STUART STREET NORTH,1,1,0,0,1,1,0,,30,0,0,0,0,0,2,2,13
,2017_09391,39.725602,-105.042884,4/29/2017 21:28,21:28,15,0,0,SIXTH AVENUE WEST & STUART STREET NORTH,9,3,0,0,1,4,0,,55,0,0,0,0,0,2,2,13
,2017_09392,39.725597,-105.041945,2/20/2017 19:25,19:25,12,0,0,SIXTH AVENUE WEST & RALEIGH STREET NORTH,1,3,0,0,1,4,0,,55,0,0,0,0,0,2,2,3
,2017_09393,39.725597,-105.041945,7/19/2017 13:10,13:10,15,0,0,SIXTH AVENUE WEST & RALIEGH STREET NORTH OFFSET REF,1,1,0,0,1,4,0,,55,0,0,0,0,0,2,2,3
,2017_09394,39.725597,-105.041945,12/9/2017 15:44,15:44,12,0,0,SIXTH AVENUE WEST & RALEIGH STREET NORTH OFFSET REF,1,1,1,0,1,4,0,,55,0,0,0,0,0,2,3,13
,2017_09395,39.725556,-105.039261,1/31/2017 16:59,16:59,12,0,0,SIXTH AVENUE WEST & PERRY STREET NORTH,1,1,0,0,1,4,0,,65,0,0,0,0,0,2,2,13
,2017_09396,39.725556,-105.039261,6/16/2017 6:55,6:55,12,0,0,SIXTH AVENUE WEST & PERRY STREET NORTH,1,1,0,0,1,4,0,,45,0,0,0,0,0,2,2,14
,2017_09397,39.725556,-105.039261,7/11/2017 16:45,16:45,12,0,0,SIXTH AVENUE WEST & PERRY STREET NORTH,1,1,1,0,1,4,0,,55,0,0,0,0,0,2,2,13
,2017_09398,39.725556,-105.039261,8/8/2017 16:32,16:32,12,0,0,SIXTH AVENUE WEST & PERRY STREET NORTH,1,1,0,0,1,4,0,,60,0,0,0,0,0,2,2,1
,2017_09399,39.725455,-105.032456,3/5/2017 13:30,13:30,12,0,0,SIXTH AVENUE WEST & LOWELL BOULEVARD NORTH,1,1,0,0,1,4,0,,65,0,0,0,0,0,2,2,13
,2017_09400,39.725556,-105.039261,8/11/2017 5:57,5:57,12,0,0,SIXTH AVENUE WEST & PERRY STREET NORTH,1,1,1,0,1,4,0,,55,0,0,0,0,0,2,2,13
,2017_09401,39.725556,-105.039261,9/14/2017 8:10,8:10,12,0,0,SIXTH AVENUE WEST & PERRY STREET NORTH,1,1,0,0,1,4,0,,55,0,0,0,0,0,2,3,13
,2017_09402,39.725544,-105.038934,1/3/2017 19:00,19:00,12,0,0,SIXTH AVENUE WEST & PERRY STREET NORTH,1,3,1,0,1,4,0,,55,0,0,0,0,0,2,3,12
,2017_09403,39.725544,-105.038934,3/20/2017 6:35,6:35,15,0,1,SIXTH AVENUE WEST & PERRY STREET NORTH,1,1,0,0,1,4,0,,55,0,0,0,0,2,2,4,13
,2017_09404,39.725533,-105.038606,6/20/2017 18:28,18:28,12,0,0,SIXTH AVENUE WEST & PERRY STREET NORTH,1,1,0,0,1,4,0,,55,0,0,0,0,0,2,3,13
,2017_09405,39.72553,-105.038246,1/1/2017 20:05,20:05,12,0,0,SIXTH AVENUE WEST & OSCEOLA STREET NORTH,1,3,1,0,1,4,0,,55,0,0,0,0,1,2,4,13
,2017_09406,39.72553,-105.038246,3/17/2017 11:55,11:55,12,0,0,SIXTH AVENUE WEST & PERRY STREET NORTH,1,1,1,0,1,4,0,,55,0,0,0,0,0,2,2,7
,2017_09407,39.725543,-105.034525,8/8/2017 6:38,6:38,12,0,0,SIXTH AVENUE WEST & FEDERAL BOULEVARD NORTH,1,1,0,0,1,4,0,,55,0,0,0,0,0,2,2,14
,2017_09408,39.725532,-105.037688,5/7/2017 23:25,23:25,12,0,0,SIXTH AVENUE WEST & PERRY STREET NORTH,1,3,1,0,1,4,0,,55,0,0,0,0,0,2,3,7
,2017_09409,39.725541,-105.035083,1/21/2017 15:39,15:39,12,0,0,SIXTH AVENUE WEST & LOWELL BOULEVARD NORTH,1,1,0,0,1,4,0,,55,0,0,0,0,0,2,3,14
,2017_09410,39.725541,-105.035083,2/25/2017 14:20,14:20,12,0,0,SIXTH AVENUE WEST & KNOX COURT,1,1,0,0,1,4,0,,65,0,0,0,0,0,2,2,13
,2017_09411,39.725541,-105.035083,3/16/2017 22:18,22:18,12,0,0,SIXTH AVENUE WEST & LOWELL BOULEVARD NORTH,1,3,1,0,1,5,0,,55,0,0,0,0,0,2,4,13
,2017_09412,39.725541,-105.035083,4/3/2017 18:39,18:39,15,0,0,SIXTH AVENUE WEST & LOWELL BOULEVARD NORTH,1,1,0,0,1,4,0,,55,0,0,0,0,0,2,3,1
,2017_09413,39.725541,-105.035083,8/25/2017 15:37,15:37,12,0,0,SIXTH AVENUE WEST & LOWELL BOULEVARD NORTH,1,1,0,0,1,4,0,,55,0,0,0,0,0,2,2,13
,2017_09414,39.725541,-105.035083,11/9/2017 18:57,18:57,12,0,0,SIXTH AVENUE WEST & LOWELL BOULEVARD NORTH,1,3,0,0,1,4,0,,55,0,0,0,0,0,2,2,14
,2017_09415,39.725541,-105.034897,3/10/2017 12:05,12:05,15,0,0,SIXTH AVENUE WEST & KNOX COURT NORTH,1,1,1,0,1,4,0,,55,0,0,0,0,1,2,3,1
,2017_09416,39.725541,-105.034897,9/23/2017 18:40,18:40,15,0,0,SIXTH AVENUE WEST & LOWELL BOULEVARD NORTH,2,3,1,1,1,4,0,,65,0,0,0,0,0,2,2,13
,2017_09417,39.725542,-105.03471,5/23/2017 8:16,8:16,12,0,0,SIXTH AVENUE WEST & LOWELL BOULEVARD NORTH,1,1,0,0,1,4,0,,45,0,0,0,0,0,2,2,14
,2017_09419,39.72545,-105.03227,5/19/2017 17:00,17:00,12,0,0,SIXTH AVENUE WEST & KNOX COURT NORTH,1,1,0,0,1,4,0,,45,0,0,0,0,1,2,2,3
,2017_09420,39.725543,-105.034525,10/17/2017 6:10,6:10,12,0,0,SIXTH AVENUE WEST 3400 BLOCK & FEDERAL BOULEVARD NORTH,1,3,0,0,1,4,0,,55,0,0,0,0,0,2,6,13
,2017_09421,39.725543,-105.034525,10/17/2017 6:10,6:10,12,0,0,SIXTH AVENUE WEST 3400 BLOCK & FEDERAL BOULEVARD NORTH,1,3,0,0,1,4,0,,55,0,0,0,0,0,2,3,13
,2017_09422,39.725543,-105.034525,10/17/2017 6:20,6:20,12,0,0,SIXTH AVENUE WEST & FEDERAL BOULEVARD NORTH,1,3,0,0,1,4,0,,55,0,0,0,0,0,2,3,13
,2017_09423,39.725543,-105.034338,5/23/2017 16:09,16:09,12,0,0,SIXTH AVENUE WEST & LOWELL BOULEVARD OFFSET REF,1,1,0,0,1,4,0,,55,0,0,0,0,0,2,2,13
,2017_09424,39.725544,-105.034152,6/20/2017 19:28,19:28,12,0,0,SIXTH AVENUE WEST & KNOX COURT,1,1,0,0,1,4,0,,55,0,0,0,0,0,2,3,13
,2017_09425,39.725544,-105.034152,9/27/2017 13:35,13:35,12,0,0,SIXTH AVENUE WEST & LOWELL BOULEVARD,1,1,0,0,1,4,0,,65,0,0,0,0,0,2,3,1
,2017_09426,39.725519,-105.033588,10/29/2017 2:43,2:43,5,0,0,SIXTH AVENUE WEST & LOWELL BOULEVARD NORTH,1,3,0,0,2,4,0,,60,0,0,0,0,1,2,1,14
,2017_09427,39.725509,-105.033399,4/7/2017 20:59,20:59,15,0,0,SIXTH AVENUE WEST & KNOX COURT NORTH,1,3,0,0,1,4,0,,55,0,0,0,0,1,2,2,13
,2017_09428,39.725509,-105.033399,12/5/2017 10:26,10:26,12,0,0,SIXTH AVENUE WEST & LOWELL BOULEVARD NORTH,1,1,0,0,1,4,0,,35,0,0,0,0,0,2,2,14
,2017_09429,39.725487,-105.033022,10/18/2017 7:59,7:59,12,0,0,SIXTH AVENUE WEST & KNOX COURT NORTH,1,1,0,0,1,4,0,,45,0,0,0,0,0,2,2,12
,2017_09430,39.725466,-105.032645,1/29/2017 4:34,4:34,12,0,0,SIXTH AVENUE WEST & KNOX COURT NORTH,1,3,0,0,1,4,0,,55,0,0,0,0,0,2,2,2
,2017_09431,39.725704,-105.034229,5/26/2017 9:13,9:13,12,0,0,SIXTH AVENUE WEST WB ON RAMP & LOWELL BOULEVARD,1,1,0,0,1,8,0,,65,0,0,0,0,0,2,2,3
,2017_09432,39.725389,-105.01509,2/11/2017 1:58,1:58,5,0,1,HIGHWAY 6 & I25 SOUTHBOUND I25 SOUTHBOUND RAMP OFF,1,3,0,0,2,8,0,,45,0,0,0,0,2,2,1,14
,2017_09433,39.725455,-105.032456,1/24/2017 8:27,8:27,12,0,0,SIXTH AVENUE WEST & KNOX COURT NORTH,1,2,0,0,1,4,0,,55,0,0,0,0,0,2,5,13
,2017_09434,39.725455,-105.032456,1/26/2017 7:55,7:55,15,0,0,SIXTH AVENUE WEST & KNOX COURT NORTH,1,1,1,0,1,4,0,,55,0,0,0,0,0,2,3,1
,2017_09435,39.725455,-105.032456,2/8/2017 14:18,14:18,3,0,0,SIXTH AVENUE WEST & KNOX COURT NORTH,1,1,1,0,1,1,0,,30,0,0,0,0,0,2,2,4
,2017_09436,39.725455,-105.032456,3/3/2017 7:00,7:00,12,0,0,SIXTH AVENUE WEST & LOWELL BOULEVARD NORTH,1,1,1,0,1,4,0,,45,0,0,0,0,0,2,2,7
,2017_09437,39.725455,-105.032456,3/10/2017 18:45,18:45,15,0,0,SIXTH AVENUE WEST & KNOX COURT NORTH,1,3,1,0,1,4,0,,55,0,0,0,0,0,2,2,7
,2017_09438,39.725455,-105.032456,3/18/2017 0:15,0:15,3,0,0,SIXTH AVENUE WEST & KNOX COURT NORTH,1,3,0,0,1,1,0,,30,0,0,0,0,0,2,2,14
,2017_09439,39.725455,-105.032456,3/18/2017 10:35,10:35,12,0,0,SIXTH AVENUE WEST & KNOX COURT NORTH,1,1,1,0,1,4,1,,40,0,0,0,0,0,2,2,13
,2017_09440,39.725455,-105.032456,3/21/2017 7:05,7:05,12,0,0,SIXTH AVENUE WEST & KNOX COURT NORTH,1,1,1,0,1,4,0,,55,0,0,0,0,1,2,2,13
,2017_09441,39.725455,-105.032456,4/20/2017 12:46,12:46,12,0,0,SIXTH AVENUE WEST & KNOX COURT NORTH,1,1,0,0,1,4,0,,55,0,0,0,0,0,2,2,13
,2017_09442,39.725455,-105.032456,5/13/2017 15:41,15:41,12,0,0,SIXTH AVENUE WEST & LOWELL BOULEVARD NORTH,1,1,0,0,1,4,0,,55,0,0,0,0,0,2,2,13
,2017_09443,39.725455,-105.032456,5/30/2017 8:03,8:03,12,0,0,SIXTH AVENUE WEST & KNOX COURT,1,1,0,0,1,4,0,,45,0,0,0,0,1,2,3,14
,2017_09444,39.725455,-105.032456,6/24/2017 8:42,8:42,12,0,0,SIXTH AVENUE WEST & KNOX COURT,1,1,0,0,1,4,0,,55,0,0,0,0,0,2,3,13
,2017_09445,39.725455,-105.032456,8/2/2017 11:29,11:29,12,0,1,SIXTH AVENUE WEST & KNOX COURT,1,1,1,0,1,4,0,,45,0,0,0,0,2,2,3,13
,2017_09446,39.725415,-105.024686,2/25/2017 0:01,0:01,5,0,0,SIXTH AVENUE WEST & FEDERAL BOULEVARD NORTH INTRCHG,1,3,0,0,3,4,0,,55,0,0,0,0,0,2,1,13
,2017_09447,39.725455,-105.032456,8/10/2017 9:24,9:24,12,0,0,SIXTH AVENUE WEST & KNOX COURT NORTH,1,1,1,0,1,4,0,,55,0,0,0,0,0,2,2,13
,2017_09448,39.725455,-105.032456,8/18/2017 13:11,13:11,12,0,0,SIXTH AVENUE WEST & KNOX COURT NORTH,1,1,1,0,1,4,0,,55,0,0,0,0,0,2,2,13
,2017_09450,39.725455,-105.032456,8/26/2017 23:49,23:49,12,0,0,SIXTH AVENUE WEST & KNOX COURT NORTH,1,3,0,0,1,4,0,,55,0,0,0,0,0,2,3,5
,2017_09451,39.725455,-105.032456,9/15/2017 9:21,9:21,12,0,0,SIXTH AVENUE WEST & KNOX COURT NORTH,1,1,0,0,1,4,0,,55,0,0,0,0,0,2,2,3
,2017_09452,39.725455,-105.032456,10/31/2017 18:18,18:18,12,0,0,SIXTH AVENUE WEST & KNOX COURT NORTH,1,1,1,0,1,4,0,,55,0,0,0,0,0,2,2,14
,2017_09453,39.725455,-105.032456,11/9/2017 17:25,17:25,12,0,0,SIXTH AVENUE WEST & KNOX COURT NORTH,1,4,0,0,1,4,0,,55,0,0,0,0,0,2,3,13
,2017_09454,39.725455,-105.032456,12/6/2017 14:44,14:44,12,0,0,SIXTH AVENUE WEST & KNOX COURT NORTH,1,1,1,0,1,4,0,,55,0,0,0,0,0,2,2,13
,2017_09455,39.725455,-105.032456,12/11/2017 12:05,12:05,12,0,0,SIXTH AVENUE WEST & LOWELL BOULEVARD NORTH,1,1,0,0,1,4,0,,55,0,0,0,0,0,2,2,14
,2017_09456,39.725455,-105.032456,12/27/2017 11:10,11:10,12,0,0,SIXTH AVENUE WEST & LOWELL BOULEVARD NORTH,1,1,0,0,1,4,0,,55,0,0,0,0,0,2,2,3
,2017_09457,39.725694,-105.032647,6/9/2017 19:09,19:09,12,0,0,SIXTH AVENUE WEST WB ON RAMP & KNOX COURT NORTH,1,2,0,0,1,8,0,,55,0,0,0,0,0,2,3,3
,2017_09458,39.725455,-105.032456,6/28/2017 11:39,11:39,12,0,0,SIXTH AVENUE WB ON RAMP FROM I25 & KNOX COURT NORTH,1,1,1,0,1,8,0,,45,0,0,0,0,0,2,2,13
,2017_09459,39.72545,-105.03227,7/5/2017 14:00,14:00,15,0,0,SIXTH AVENUE WEST & LOWELL BOULEVARD NORTH / KNOX COURT,1,1,0,0,1,4,0,,55,0,0,0,0,0,2,2,1
,2017_09460,39.725443,-105.031899,12/19/2017 7:23,7:23,12,0,0,SIXTH AVENUE WEST & MM 283.50,1,1,1,0,1,4,0,,55,0,0,0,0,0,2,3,7
,2017_09461,39.725443,-105.031899,12/20/2017 17:45,17:45,12,0,0,SIXTH AVENUE WEST & MM 283.50,1,3,0,0,1,4,0,,65,0,0,0,0,0,2,2,1
,2017_09463,39.725434,-105.031343,2/14/2017 8:25,8:25,12,0,0,SIXTH AVENUE WEST & KNOX COURT NORTH,1,1,0,0,1,4,0,,55,0,0,0,0,0,2,2,1
,2017_09464,39.725434,-105.031343,3/16/2017 21:50,21:50,12,0,0,SIXTH AVENUE WEST & KNOX COURT NORTH,1,3,0,0,1,4,0,,35,0,0,0,0,0,2,3,13
,2017_09465,39.725434,-105.031343,10/10/2017 19:30,19:30,12,0,0,SIXTH AVENUE WEST & JULIAN STREET NORTH  APPROXIMATELY,1,3,0,0,1,4,0,,60,0,0,0,0,0,2,4,1
,2017_09466,39.725424,-105.030753,1/7/2017 11:52,11:52,12,0,0,SIXTH AVENUE WEST & KNOX COURT,2,1,0,0,1,4,0,,65,0,0,0,0,0,2,3,13
,2017_09467,39.725424,-105.030753,7/15/2017 14:40,14:40,12,0,0,SIXTH AVENUE WEST & KNOX COURT SOUTH,1,1,0,0,1,4,0,,45,0,0,0,0,0,2,2,3
,2017_09468,39.725423,-105.030025,5/20/2017 9:00,9:00,12,0,0,SIXTH AVENUE WEST & IRVING STREET NORTH,1,1,0,0,1,4,0,,45,0,0,0,0,0,2,2,13
,2017_09470,39.725423,-105.030025,5/20/2017 9:00,9:00,12,0,0,SIXTH AVENUE WEST & IRVING STREET NORTH OFFSET REF APPROXIMATELY,1,1,0,0,1,4,0,,45,0,0,0,0,1,2,3,14
,2017_09471,39.74624395,-104.9822557,1/4/2017 14:00,14:00,6,0,0,LOGAN STREET 1900 BLOCK NORTH & 20TH AVENUE EAST,4,1,0,2,1,5,0,,10,0,0,0,0,0,4,2,14
,2017_09472,39.725418,-105.026784,11/2/2017 19:15,19:15,12,0,0,SIXTH AVENUE WEST & FEDERAL BOULEVARD NORTH,1,3,0,0,1,4,0,,55,0,0,0,0,0,2,2,13
,2017_09473,39.725423,-105.030025,8/21/2017 17:35,17:35,12,0,0,SIXTH AVENUE WEST & KNOX COURT,1,1,1,0,1,4,0,,45,0,0,0,0,0,2,3,3
,2017_09474,39.725423,-105.029834,2/12/2017 14:25,14:25,12,0,0,SIXTH AVENUE WEST & FEDERAL BOULEVARD,1,1,0,0,1,4,0,,55,0,0,0,0,0,2,2,13
,2017_09475,39.725423,-105.029834,10/24/2017 6:47,6:47,12,0,0,SIXTH AVENUE WEST & FEDERAL BOULEVARD NORTH,1,1,0,0,1,4,0,,55,0,0,0,0,0,2,2,13
,2017_09476,39.725421,-105.028881,11/27/2017 8:04,8:04,12,0,0,SIXTH AVENUE WEST & KNOX COURT NORTH,1,1,1,0,1,4,0,,65,0,0,0,0,0,2,3,1
,2017_09477,39.72542,-105.028118,11/21/2017 14:33,14:33,15,0,0,SIXTH AVENUE WEST & MM 283.70,1,1,0,0,1,4,0,,,0,0,0,0,0,2,2,13
,2017_09478,39.725418,-105.027165,8/8/2017 8:18,8:18,12,0,1,SIXTH AVENUE WEST & MM 283.75,1,1,0,0,1,4,0,,45,0,0,0,0,2,2,2,14
,2017_09479,39.725418,-105.027165,9/9/2017 20:10,20:10,12,0,0,SIXTH AVENUE WEST & KNOX COURT NORTH,1,3,1,0,1,4,0,,55,0,0,0,0,0,2,3,3
,2017_09480,39.725418,-105.026974,4/3/2017 7:52,7:52,12,0,0,SIXTH AVENUE WEST & FEDERAL BOULEVARD NORTH,1,1,0,0,1,4,0,,65,0,0,0,0,0,2,2,3
,2017_09481,39.725418,-105.026974,5/5/2017 15:57,15:57,12,0,0,SIXTH AVENUE WEST & FEDERAL BOULEVARD NORTH,1,1,0,0,1,4,0,,55,0,0,0,0,0,2,3,13
,2017_09482,39.725418,-105.026974,5/27/2017 20:10,20:10,15,0,0,SIXTH AVENUE WEST & FEDERAL BOULEVARD NORTH,1,3,0,0,1,4,0,,55,0,0,0,0,0,2,2,5
,2017_09483,39.768049,-104.994761,11/20/2017 12:45,12:45,15,0,0,I25 & PARK AVENUE WEST,1,1,0,0,1,4,0,,65,0,0,0,0,0,1,2,13
,2017_09484,39.725418,-105.026784,5/4/2017 8:00,8:00,15,0,0,SIXTH AVENUE WEST & FEDERAL BOULEVARD NORTH,1,1,1,0,1,4,0,,65,0,0,0,0,0,2,2,13
,2017_09485,39.725418,-105.026784,5/22/2017 13:50,13:50,15,0,0,SIXTH AVENUE WEST & FEDERAL BOULEVARD NORTH,1,1,0,0,1,4,0,,55,0,0,0,0,0,2,2,1
,2017_09486,39.725418,-105.026784,11/21/2017 12:38,12:38,12,0,0,SIXTH AVENUE WEST & FEDERAL BOULEVARD NORTH,1,1,0,0,1,4,0,,45,0,0,0,0,0,2,3,14
,2017_09488,39.725417,-105.026212,5/17/2017 8:36,8:36,12,0,0,SIXTH AVENUE WEST & FEDERAL BOULEVARD NORTH,1,1,0,0,1,4,0,,65,0,0,0,0,0,2,3,3
,2017_09489,39.725415,-105.025258,10/6/2017 22:48,22:48,5,0,0,SIXTH AVENUE WEST & FEDERAL BOULEVARD NORTH,1,3,0,0,2,4,0,,55,0,0,0,0,0,2,1,1
,2017_09490,39.725417,-105.026021,9/16/2017 17:05,17:05,12,0,0,SIXTH AVENUE WEST & FEDERAL BOULEVARD NORTH,1,1,0,0,1,4,0,,55,0,0,0,0,0,2,2,1
,2017_09491,39.725416,-105.02583,6/7/2017 13:33,13:33,5,0,0,SIXTH AVENUE WEST & FEDERAL BOULEVARD NORTH,1,1,0,0,2,4,0,,55,0,0,0,0,0,2,2,13
,2017_09492,39.725416,-105.02583,9/16/2017 16:50,16:50,12,0,0,SIXTH AVENUE WEST & FEDERAL BOULEVARD NORTH,1,1,0,0,1,4,0,,,0,0,0,0,0,2,2,13
,2017_09493,39.725416,-105.02583,4/20/2017 10:16,10:16,12,0,0,SIXTH AVENUE WEST EASTBOUND OFF RAMP & FEDERAL BOULEVARD NORTH,1,5,1,0,1,8,0,,,0,0,0,0,0,2,2,13
,2017_09494,39.725416,-105.02583,7/3/2017 21:48,21:48,15,0,0,SIXTH AVENUE WEST WB OFF RAMP & FEDERAL BOULEVARD NORTH,1,3,1,0,1,8,0,,65,0,0,0,0,0,2,3,14
,2017_09495,39.725416,-105.02583,10/23/2017 16:22,16:22,12,0,0,SIXTH AVENUE WEST & FEDERAL BOULEVARD NORTH,1,1,0,0,1,8,0,,30,0,0,0,0,0,2,2,5
,2017_09496,39.725416,-105.02564,10/12/2017 6:46,6:46,12,0,0,SIXTH AVENUE WEST & TENNYSON STREET NORTH,1,1,0,0,1,4,0,,55,0,0,0,0,0,2,3,13
,2017_09497,39.725416,-105.025449,3/14/2017 15:30,15:30,12,0,0,SIXTH AVENUE WEST & FEDERAL BOULEVARD NORTH,1,1,0,0,1,4,0,,65,0,0,0,0,0,2,2,13
,2017_09498,39.725416,-105.025449,4/27/2017 7:30,7:30,12,0,0,SIXTH AVENUE WEST & FEDERAL BOULEVARD NORTH,1,1,0,0,1,4,0,,65,0,0,0,0,0,2,2,13
,2017_09499,39.725416,-105.025449,6/10/2017 20:35,20:35,12,0,0,SIXTH AVENUE WEST EASTBOUND OFF RAMP & FEDERAL BOULEVARD NORTH,1,2,1,0,1,8,0,,35,0,0,0,0,0,2,2,5
,2017_09500,39.725416,-105.025449,10/22/2017 1:00,1:00,12,0,1,SIXTH AVENUE WEST EASTBOUND OFF RAMP & FEDERAL BOULEVARD NORTH,1,3,1,0,1,8,0,,,0,0,0,0,2,2,3,5
,2017_09501,39.725415,-105.025258,2/25/2017 12:41,12:41,12,0,0,SIXTH AVENUE WEST & FEDERAL BOULEVARD NORTH,1,1,0,0,1,4,0,,55,0,0,0,0,0,2,4,14
,2017_09502,39.725415,-105.025258,3/15/2017 15:24,15:24,12,0,0,SIXTH AVENUE WEST & FEDERAL BOULEVARD NORTH,2,1,1,0,1,4,0,,55,0,0,0,0,1,2,3,12
,2017_09503,39.725415,-105.025258,10/1/2017 20:38,20:38,12,0,0,SIXTH AVENUE WEST & FEDERAL BOULEVARD NORTH,2,3,0,1,1,4,0,,,0,0,0,0,0,2,3,13
,2017_09504,39.725415,-105.025258,5/30/2017 17:14,17:14,15,0,0,SIXTH AVENUE WEST EASTBOUND OFF RAMP & FEDERAL BOULEVARD NORTH,1,1,0,0,1,8,0,,20,0,0,0,0,0,2,2,8
,2017_09505,39.725415,-105.025258,8/29/2017 13:48,13:48,12,0,1,SIXTH AVENUE WEST EASTBOUND OFF RAMP & FEDERAL BOULEVARD NORTH,1,1,0,0,1,3,0,,35,0,0,0,0,2,2,4,14
,2017_09506,39.725415,-105.025258,3/5/2017 11:20,11:20,12,0,0,SIXTH AVENUE WEST WB ON RAMP & FEDERAL BOULEVARD NORTH,1,1,1,0,1,8,0,,45,0,0,0,0,0,2,3,1
,2017_09507,39.725415,-105.025258,4/7/2017 15:45,15:45,12,0,0,SIXTH AVENUE WEST WB ON RAMP & FEDERAL BOULEVARD NORTH,1,1,0,0,1,4,0,,25,0,0,0,0,0,2,2,13
,2017_09508,39.725415,-105.025068,2/14/2017 15:46,15:46,12,0,0,SIXTH AVENUE WEST & FEDERAL BOULEVARD NORTH,1,1,0,0,1,4,0,,65,0,0,0,0,0,2,2,13
,2017_09509,39.725415,-105.025068,3/1/2017 8:25,8:25,12,0,0,SIXTH AVENUE WEST & FEDERAL BOULEVARD,1,1,1,7,1,4,0,,25,0,0,0,0,0,2,2,7
,2017_09510,39.779244,-104.949727,2/25/2017 16:56,16:56,5,0,0,STEELE STREET NORTH & I70,1,1,0,0,2,1,0,,,0,0,0,0,0,2,1,13
,2017_09511,39.725415,-105.025068,3/2/2017 13:15,13:15,5,0,0,SIXTH AVENUE WEST & FEDERAL BOULEVARD NORTH,1,1,0,0,2,4,0,,65,0,0,0,0,1,2,2,12
,2017_09512,39.725389,-105.01509,10/1/2017 21:25,21:25,5,0,0,I25 SOUTHBOUND OFF RAMP & SIXTH AVENUE,2,3,1,1,2,8,0,,55,0,0,0,0,1,2,1,13
,2017_09514,39.725415,-105.025068,3/13/2017 7:15,7:15,12,0,0,SIXTH AVENUE WB OFF RAMP & FEDERAL BOULEVARD NORTH,1,1,1,0,1,1,0,,35,0,0,0,0,1,2,2,7
,2017_09515,39.725415,-105.025068,3/23/2017 8:09,8:09,12,0,0,HIGHWAY 6 & FEDERAL BOULEVARD NORTH,1,1,0,0,1,4,0,,55,0,0,0,0,0,2,2,13
,2017_09516,39.725415,-105.025068,3/27/2017 16:53,16:53,15,0,0,SIXTH AVENUE WEST & FEDERAL BOULEVARD NORTH,1,1,0,0,1,4,0,,65,0,0,0,0,0,2,2,13
,2017_09517,39.725415,-105.025068,4/15/2017 9:00,9:00,15,0,0,SIXTH AVENUE WEST & FEDERAL BOULEVARD NORTH,1,1,0,0,1,4,1,,55,0,0,0,0,0,2,2,13
,2017_09518,39.725415,-105.025068,4/15/2017 10:36,10:36,15,0,0,SIXTH AVENUE WEST & FEDERAL BOULEVARD NORTH,1,1,0,0,1,4,0,,65,0,0,0,0,0,2,2,13
,2017_09519,39.725415,-105.025068,4/26/2017 13:48,13:48,12,0,0,SIXTH AVENUE WEST & FEDERAL BOULEVARD NORTH,1,1,0,0,1,4,0,,65,0,0,0,0,1,2,3,13
,2017_09520,39.725415,-105.025068,5/4/2017 15:14,15:14,12,0,0,SIXTH AVENUE WEST & FEDERAL BOULEVARD NORTH,1,1,1,0,1,4,0,,55,0,0,0,0,0,2,2,13
,2017_09521,39.725415,-105.025068,5/25/2017 23:49,23:49,12,0,0,SIXTH AVENUE WB OFF RAMP & FEDERAL BOULEVARD NORTH,1,3,2,0,1,8,0,,35,0,0,0,0,0,2,2,13
,2017_09522,39.725415,-105.025068,5/5/2017 10:07,10:07,12,0,0,SIXTH AVENUE WEST & FEDERAL BOULEVARD NORTH,1,1,0,0,1,4,0,,65,0,0,0,0,0,2,2,3
,2017_09523,39.725415,-105.025068,5/6/2017 11:07,11:07,12,0,0,SIXTH AVENUE WEST & FEDERAL BOULEVARD NORTH,1,1,0,0,1,4,0,,55,0,0,0,0,0,2,3,13
,2017_09524,39.725415,-105.025068,6/18/2017 10:20,10:20,12,0,0,SIXTH AVENUE WEST & FEDERAL BOULEVARD NORTH,1,1,1,0,1,4,0,,55,0,0,0,0,0,2,2,13
,2017_09525,39.725415,-105.025068,8/11/2017 23:00,23:00,12,0,0,SIXTH AVENUE WEST & FEDERAL BOULEVARD NORTH,1,3,1,0,1,4,0,,30,0,0,0,0,0,2,2,13
,2017_09527,39.725415,-105.025068,9/9/2017 13:50,13:50,12,0,0,SIXTH AVENUE WEST & FEDERAL BOULEVARD NORTH,1,1,0,0,1,4,0,,55,0,0,0,0,0,2,2,13
,2017_09528,39.725415,-105.025068,9/16/2017 9:49,9:49,12,0,0,SIXTH AVENUE WEST & FEDERAL BOULEVARD NORTH,1,1,0,0,1,4,0,,,0,0,0,0,1,2,6,13
,2017_09529,39.725415,-105.025068,10/16/2017 13:40,13:40,15,0,0,SIXTH AVENUE WEST & FEDERAL BOULEVARD NORTH,1,1,1,0,1,4,0,,55,0,0,0,0,0,2,2,13
,2017_09530,39.725415,-105.025068,10/19/2017 7:48,7:48,12,0,0,SIXTH AVENUE WEST & FEDERAL BOULEVARD NORTH,1,1,0,0,1,4,0,,45,0,0,0,0,0,2,2,13