id,drcog_id,latitude,longitude,crashtime,time,crashtype,numbkilled,numbinjurd,drcoglocat,rdconditin,lightngcon,roadcntgrd,weatherco,location,roaddescrp,constrzone,schoolzone,splimit,bikeinv,pedinv,sctrinv,motoinv,svrty,rdsystem,ttlvehcls,hcf
,2017_09531,39.725415,-105.025068,10/24/2017 15:51,15:51,5,0,0,SIXTH AVENUE WEST & FEDERAL BOULEVARD NORTH,1,1,0,0,3,4,0,,55,0,0,0,0,0,2,1,1
,2017_09532,39.725415,-105.025068,10/28/2017 17:00,17:00,12,0,0,SIXTH AVENUE WEST & FEDERAL BOULEVARD NORTH,1,1,0,0,1,4,0,,,0,0,0,0,0,2,2,13
,2017_09533,39.725415,-105.025068,10/31/2017 15:17,15:17,12,0,0,SIXTH AVENUE WEST & FEDERAL BOULEVARD NORTH,1,1,1,0,1,4,0,,45,0,0,0,0,1,2,2,13
,2017_09534,39.725415,-105.025068,11/11/2017 17:30,17:30,12,0,0,SIXTH AVENUE WEST & FEDERAL BOULEVARD NORTH,1,3,1,0,1,4,0,,55,0,0,0,0,0,2,2,14
,2017_09535,39.725415,-105.025068,12/13/2017 16:50,16:50,12,0,0,SIXTH AVENUE WEST & FEDERAL BOULEVARD NORTH,1,2,0,0,1,4,0,,65,0,0,0,0,0,2,3,13
,2017_09536,39.725415,-105.025068,12/30/2017 19:25,19:25,12,0,0,SIXTH AVENUE WEST & FEDERAL BOULEVARD NORTH,1,3,0,0,1,4,0,,25,0,0,0,0,0,2,2,13
,2017_09537,39.725415,-105.025068,8/29/2017 6:34,6:34,15,0,0,SIXTH AVENUE WEST EASTBOUND OFF TO I25 & FEDERAL BOULEVARD NORTH,1,2,0,0,1,8,0,,55,0,0,0,0,0,2,2,1
,2017_09538,39.725415,-105.025068,9/29/2017 19:07,19:07,12,0,0,SIXTH AVENUE WEST & FEDERAL BOULEVARD NORTH,1,3,0,0,1,8,0,,35,0,0,0,0,0,2,2,5
,2017_09539,39.725205,-105.018067,8/12/2017 12:51,12:51,12,0,0,SIXTH AVENUE WEST & I25 SOUTHBOUND,1,1,1,0,1,8,0,,45,0,0,0,0,0,2,2,2
,2017_09540,39.725415,-105.024877,7/8/2017 21:40,21:40,15,0,0,SIXTH AVENUE 2600 BLOCK WEST & FEDERAL BOULEVARD NORTH,1,3,0,0,1,4,0,,55,0,0,0,0,0,2,2,13
,2017_09541,39.725415,-105.024877,9/1/2017 21:35,21:35,12,0,0,SIXTH AVENUE 2900 BLOCK WEST & FEDERAL BOULEVARD NORTH,1,3,1,0,1,4,0,,45,0,0,0,0,0,2,2,13
,2017_09542,39.725415,-105.024877,10/24/2017 6:44,6:44,15,0,0,SIXTH AVENUE WEST & FEDERAL BOULEVARD NORTH,1,1,0,0,1,1,0,,25,0,0,0,0,0,2,2,14
,2017_09543,39.725415,-105.024877,6/29/2017 22:45,22:45,12,0,2,SIXTH AVENUE WEST WB RAMP OFF & FEDERAL BOULEVARD NORTH,1,3,1,0,1,8,0,,30,0,0,0,0,2,2,3,12
,2017_09544,39.725415,-105.024877,10/5/2017 22:53,22:53,12,0,0,SIXTH AVENUE WEST WB RAMP OFF & FEDERAL BOULEVARD NORTH,1,3,0,0,1,8,0,,55,0,0,0,0,1,2,2,13
,2017_09545,39.725415,-105.024686,3/8/2017 14:26,14:26,15,0,0,SIXTH AVENUE WEST & FEDERAL BOULEVARD NORTH,1,1,0,0,1,4,0,,55,0,0,0,0,1,2,2,13
,2017_09546,39.725415,-105.024686,3/14/2017 18:59,18:59,12,0,0,SIXTH AVENUE WEST & FEDERAL BOULEVARD NORTH,1,3,1,0,1,8,0,,30,0,0,0,0,1,2,2,1
,2017_09547,39.725415,-105.024686,3/5/2017 16:00,16:00,12,0,0,SIXTH AVENUE WB ON RAMP & FEDERAL BOULEVARD NORTH,1,1,0,0,1,8,0,,30,0,0,0,0,0,2,2,3
,2017_09548,39.725414,-105.024305,5/15/2017 18:10,18:10,12,0,0,SIXTH AVENUE WEST & MM 283.9,1,1,1,0,1,4,0,,55,0,0,0,0,0,2,2,8
,2017_09549,39.725414,-105.024305,10/29/2017 19:40,19:40,15,0,0,SIXTH AVENUE WEST & MM 283.90,1,3,0,0,1,4,0,,55,0,0,0,0,0,2,2,7
,2017_09550,39.725414,-105.024305,11/20/2017 15:08,15:08,12,0,0,SIXTH AVENUE WEST & FEDERAL BOULEVARD NORTH,1,1,0,0,1,4,0,,55,0,0,0,0,0,2,2,1
,2017_09551,39.725414,-105.024305,3/5/2017 21:24,21:24,12,0,0,SIXTH AVENUE EASTBOUND ON RAMP AT METER & FEDERAL BOULEVARD NORTH,1,4,0,0,1,8,0,,25,0,0,0,0,0,2,2,5
,2017_09552,39.725414,-105.024114,10/7/2017 20:50,20:50,12,0,1,SIXTH AVENUE WEST & FEDERAL BOULEVARD NORTH,1,3,0,0,1,4,0,,35,0,0,0,0,2,2,2,7
,2017_09553,39.725413,-105.023923,4/5/2017 8:12,8:12,12,0,0,SIXTH AVENUE WEST & FEDERAL BOULEVARD NORTH,1,1,0,0,1,4,0,,55,0,0,0,0,0,2,2,13
,2017_09554,39.725413,-105.023923,3/18/2017 12:58,12:58,12,0,0,SIXTH AVENUE WEST EASTBOUND ON RAMP & FEDERAL BOULEVARD,1,1,1,0,1,8,0,,45,0,0,0,0,0,2,3,1
,2017_09555,39.725412,-105.023351,2/3/2017 11:53,11:53,12,0,0,SIXTH AVENUE WB WEST & FEDERAL BOULEVARD,1,1,0,0,1,1,0,,35,0,0,0,0,0,2,2,14
,2017_09556,39.725412,-105.022803,9/3/2017 17:26,17:26,12,0,0,SIXTH AVENUE WB ON RAMP FROM & I25,1,1,0,0,1,8,0,,65,0,0,0,0,0,2,2,13
,2017_09557,39.725389,-105.022381,7/21/2017 19:50,19:50,12,0,0,SIXTH AVENUE WEST & FEDERAL BOULEVARD NORTH,1,3,1,0,1,8,0,,45,0,0,0,0,1,2,2,3
,2017_09558,39.725378,-105.022182,8/13/2017 19:36,19:36,12,0,1,SIXTH AVENUE WEST & FEDERAL BOULEVARD NORTH,1,1,1,0,1,8,0,,45,0,0,0,0,2,2,4,5
,2017_09559,39.725367,-105.021984,12/22/2017 15:39,15:39,12,0,0,SIXTH AVENUE EASTBOUND ON RAMP & FEDERAL BOULEVARD NORTH,1,1,0,0,1,8,0,,45,0,0,0,0,0,2,2,13
,2017_09560,39.725367,-105.021984,8/22/2017 17:37,17:37,12,0,0,SIXTH AVENUE WEST & FEDERAL BOULEVARD NORTH,1,1,1,0,1,8,0,,45,0,0,0,0,0,2,2,4
,2017_09561,39.725051,-105.021823,12/1/2017 16:00,16:00,15,0,0,SIXTH AVENUE WEST MERGE ON  & EASTBOUND EXIT GORE TO BRYANT APPROXIMATELY,1,5,1,0,1,8,1,,35,0,0,0,0,0,2,2,1
,2017_09562,39.725356,-105.021785,2/28/2017 17:06,17:06,12,0,0,SIXTH AVENUE WEST EASTBOUND ON RAMP & FEDERAL BOULEVARD NORTH,1,1,1,0,1,8,0,,30,0,0,0,0,0,2,2,12
,2017_09563,39.725334,-105.021388,8/1/2017 9:02,9:02,15,0,0,SIXTH AVENUE WEST & FEDERAL BOULEVARD NORTH,1,1,0,0,1,4,0,,45,0,0,0,0,0,2,2,14
,2017_09564,39.725671,-105.021442,10/13/2017 16:15,16:15,15,0,0,SIXTH AVENUE WEST RAMP  & FEDERAL BOULEVARD NORTH,1,1,0,0,1,8,0,,55,0,0,0,0,0,2,2,14
,2017_09565,39.725702,-105.021507,5/12/2017 22:10,22:10,5,0,2,SIXTH AVENUE WB ON / 25  OFF / FEDERAL & FEDERAL BOULEVARD,1,3,0,0,2,8,1,,65,0,0,0,0,2,2,2,1
,2017_09566,39.725672,-105.020979,5/11/2017 10:30,10:30,15,0,0,SIXTH AVENUE WEST COLLECTOR LNS & FEDERAL BOULEVARD WB RAMP OFF GORE APPROXIMATELY,1,1,0,0,1,4,0,,65,0,0,0,0,0,2,2,13
,2017_09567,39.725313,-105.02099,7/31/2017 16:10,16:10,12,0,0,SIXTH AVENUE WEST EASTBOUND RAMP ON METER LIGHTS & FEDERAL BOULEVARD NORTH,1,1,1,0,1,8,0,,45,0,0,0,0,0,2,2,13
,2017_09568,39.725302,-105.020792,4/18/2017 8:30,8:30,12,0,0,SIXTH AVENUE WEST & FEDERAL BOULEVARD NORTH,1,1,0,0,1,4,0,,65,0,0,0,0,0,2,2,13
,2017_09569,39.72528,-105.020394,3/23/2017 22:47,22:47,12,0,0,SIXTH AVENUE WEST & 2800 BLOCK,2,3,0,1,1,4,0,,35,0,0,0,0,0,2,2,3
,2017_09570,39.725237,-105.019599,3/16/2017 10:10,10:10,12,0,0,SIXTH AVENUE WEST & BRYANT STREET NORTH,1,1,1,0,1,2,0,,55,0,0,0,0,0,2,3,12
,2017_09571,39.725193,-105.018804,10/31/2017 2:30,2:30,12,0,1,SIXTH AVENUE WEST & I25 SOUTHBOUND ON RAMP,2,3,0,2,1,4,0,,35,0,0,0,0,2,2,2,13
,2017_09572,39.725188,-105.018611,2/26/2017 12:02,12:02,12,0,0,SIXTH AVENUE WEST & BRYANT STREET NORTH,1,1,1,0,1,4,0,,65,0,0,0,0,0,2,2,13
,2017_09573,39.725188,-105.018611,3/22/2017 8:05,8:05,12,0,0,SIXTH AVENUE WEST & BRYANT STREET NORTH,1,1,0,0,1,4,0,,55,0,0,0,0,0,2,2,13
,2017_09574,39.725188,-105.018611,8/6/2017 18:11,18:11,15,0,0,SIXTH AVENUE WEST & BRYANT STREET NORTH,2,1,0,0,1,4,0,,55,0,0,0,0,0,2,2,13
,2017_09575,39.725188,-105.018611,11/30/2017 17:29,17:29,15,0,0,SIXTH AVENUE WEST & BRYANT STREET NORTH,1,2,0,0,1,4,0,,45,0,0,0,0,0,2,2,14
,2017_09576,39.725199,-105.018248,12/19/2017 8:57,8:57,15,0,0,SIXTH AVENUE EAST & BRYANT STREET NORTH,1,1,0,0,1,1,0,,65,0,0,0,0,0,2,2,14
,2017_09577,39.725211,-105.017885,2/9/2017 12:42,12:42,5,0,0,SIXTH AVENUE WEST EXIT LANES CRASH CUSHION & I25 NB/ SOUTHBOUND EXIT RAMPS,1,1,0,0,3,4,0,,65,0,0,0,0,1,2,3,1
,2017_09578,39.725216,-105.017726,1/17/2017 20:35,20:35,15,0,0,SIXTH AVENUE WEST & I25 SOUTHBOUND OFF RAMP,5,4,0,2,1,4,0,,25,0,0,0,0,0,2,2,13
,2017_09579,39.725216,-105.017726,11/12/2017 7:00,7:00,5,0,0,SIXTH AVENUE WEST & I25 NORTHBOUND & SOUTHBOUND RAMP EAST,1,1,0,0,3,4,0,,45,0,0,0,0,0,2,1,13
,2017_09580,39.725216,-105.017726,12/1/2017 11:30,11:30,12,0,0,SIXTH AVENUE EASTBOUND & I25 SOUTHBOUND OFF RAMP,1,1,0,0,1,4,0,,55,0,0,0,0,0,2,2,13
,2017_09581,39.725216,-105.017726,12/17/2017 22:12,22:12,5,0,0,SIXTH AVENUE WEST & I25 NORTHBOUND & SOUTHBOUND RAMP EAST,8,3,1,0,3,1,0,,35,0,0,0,0,0,2,1,13
,2017_09582,39.725231,-105.017501,6/1/2017 5:35,5:35,15,0,0,SIXTH AVENUE WEST EASTBOUND OFF RAMP & I25 SOUTHBOUND ON RAMP GORE POINT,1,2,1,0,1,8,0,,45,0,0,0,0,0,2,2,13
,2017_09583,39.725296,-105.016497,8/15/2017 17:48,17:48,12,0,0,SIXTH AVENUE WEST & MM 284.3,1,1,2,0,1,4,0,,55,0,0,0,0,1,2,2,13
,2017_09584,39.725296,-105.016497,2/19/2017 16:47,16:47,12,0,0,SIXTH AVENUE WEST COLLECTOR RAMP ON & I25 INTRCHG APPROXIMATELY,1,1,0,0,1,8,0,,55,0,0,0,0,0,2,2,13
,2017_09585,39.72531,-105.016296,3/5/2017 2:33,2:33,9,0,0,SIXTH AVENUE WEST & I25 SOUTHBOUND OFF RAMP,1,3,0,0,2,8,0,,45,0,0,0,0,1,2,1,5
,2017_09586,39.72531,-105.016296,7/28/2017 20:50,20:50,12,0,0,SIXTH AVENUE WEST & I25 SOUTHBOUND,2,3,0,0,1,8,0,,55,0,0,0,0,1,2,2,7
,2017_09587,39.725336,-105.015894,9/25/2017 7:45,7:45,12,0,0,SIXTH AVENUE WEST & ZUNI STREET,1,1,0,0,1,4,0,,55,0,0,0,0,0,2,2,13
,2017_09588,39.725362,-105.015492,9/12/2017 17:30,17:30,12,0,1,SIXTH AVENUE FWY WEST & FEDERAL BOULEVARD ON RAMP,1,1,0,0,1,8,0,,35,0,0,0,0,2,2,2,3
,2017_09589,39.725362,-105.015492,1/24/2017 5:33,5:33,5,0,0,SIXTH AVENUE WEST RAMP ON & I25 SOUTHBOUND RAMP SPLIT,1,3,0,0,2,8,0,,45,0,0,0,0,1,2,1,1
,2017_09590,39.725389,-105.01509,1/20/2017 6:14,6:14,15,0,0,I25 WB OFF RAMP & SIXTH AVENUE,5,3,0,0,1,8,0,,55,0,0,0,0,0,2,2,14
,2017_09591,39.725389,-105.01509,1/16/2017 22:30,22:30,5,0,0,SIXTH AVENUE WEST RAMP ON & I25 SOUTHBOUND RAMP SPLIT,5,3,1,0,3,8,0,,35,0,0,0,0,0,2,1,13
,2017_09592,39.725415,-105.014688,6/29/2017 12:40,12:40,12,0,0,I25 SOUTHBOUND RAMP & SIXTH AVENUE WB,1,1,1,0,1,8,0,,45,0,0,0,0,0,2,2,13
,2017_09594,39.725428,-105.014488,1/26/2017 17:50,17:50,12,0,0,SIXTH AVENUE WEST & MM 284.40,1,3,0,0,1,4,0,,55,0,0,0,0,0,2,2,3
,2017_09595,39.725454,-105.014086,11/16/2017 19:00,19:00,12,0,0,SIXTH AVENUE WEST & I25,1,2,0,0,1,4,0,,50,0,0,0,0,0,2,2,14
,2017_09596,39.725481,-105.013684,9/11/2017 15:36,15:36,12,0,0,SIXTH AVENUE EASTBOUND & I25,1,1,0,0,1,4,0,,55,0,0,0,0,0,2,3,13
,2017_09597,39.725533,-105.01288,3/15/2017 16:49,16:49,12,0,0,SIXTH AVENUE WB & I25,1,1,0,0,1,4,0,,55,0,0,0,0,0,2,2,3
,2017_09598,39.725533,-105.01288,4/15/2017 12:20,12:20,12,0,0,SIXTH AVENUE WEST & I25,1,1,0,0,1,4,0,,45,0,0,0,0,0,2,2,7
,2017_09599,39.725533,-105.01288,4/25/2017 7:59,7:59,12,0,0,SIXTH AVENUE WEST & I25,1,5,0,0,1,4,0,,55,0,0,0,0,1,2,2,3
,2017_09600,39.725533,-105.01288,8/2/2017 8:52,8:52,15,0,0,SIXTH AVENUE WEST & I25 NORTHBOUND,1,1,0,0,1,4,0,,55,0,0,0,0,0,2,2,13
,2017_09601,39.725533,-105.01288,10/16/2017 8:05,8:05,12,0,0,SIXTH AVENUE WEST & I25 INTCH APPROXIMATELY,1,1,1,0,1,4,0,,55,0,0,0,0,1,2,2,7
,2017_09602,39.725545,-105.012704,10/10/2017 8:11,8:11,15,0,0,SIXTH AVENUE EAST & I25,1,1,1,0,1,4,0,,35,0,0,0,0,0,2,2,3
,2017_09604,39.779012,-104.949801,4/28/2017 15:56,15:56,12,0,0,STEELE STREET NORTH & 45TH AVENUE EAST,2,1,0,0,1,4,0,,25,0,0,0,0,0,2,2,13
,2017_09605,39.779244,-104.949727,1/11/2017 7:10,7:10,3,0,0,STEELE STREET NORTH & I70 EASTBOUND RAMPS,1,5,1,0,1,1,0,,35,0,0,0,0,0,2,2,13
,2017_09606,39.779244,-104.949727,4/11/2017 20:40,20:40,1,0,0,STEELE STREET NORTH EASTBOUND ON RAMP & I70,1,3,0,0,1,1,0,,30,0,0,0,0,0,2,2,3
,2017_09607,39.779244,-104.949727,12/27/2017 18:50,18:50,3,0,0,STEELE STREET NORTH & I70 HIGHWAY EASTBOUND ON RAMP,1,3,0,0,1,1,0,,30,0,0,0,0,0,2,2,1
,2017_09608,39.779447,-104.949726,1/17/2017 16:48,16:48,3,0,0,STEELE STREET NORTH & I70 HIGHWAY EASTBOUND OFF RAMP,1,2,0,0,1,1,0,,30,0,0,0,0,0,2,2,13
,2017_09609,39.779447,-104.949726,2/8/2017 11:48,11:48,1,0,0,46TH AVENUE EAST & STEELE STREET NORTH,1,1,0,0,1,1,0,,30,0,0,0,0,0,2,2,8
,2017_09610,39.779447,-104.949726,3/8/2017 10:20,10:20,3,0,0,46TH AVENUE EAST & STEELE STREET NORTH,1,1,0,0,1,1,0,,30,0,0,0,0,0,2,2,13
,2017_09611,39.779447,-104.949726,3/23/2017 7:25,7:25,1,0,0,46TH AVENUE EAST & STEELE STREET NORTH,1,1,0,0,1,1,0,,30,0,0,0,0,0,2,2,7
,2017_09612,39.779447,-104.949726,4/2/2017 19:56,19:56,3,0,0,46TH AVENUE EAST & STEELE STREET NORTH,1,3,0,0,1,1,0,,30,0,0,0,0,1,2,2,7
,2017_09613,39.779447,-104.949726,4/6/2017 18:50,18:50,15,0,0,46TH AVENUE EAST & STEELE STREET NORTH,1,1,0,0,1,1,0,,35,0,0,0,0,0,2,2,8
,2017_09614,39.779447,-104.949726,4/25/2017 17:00,17:00,1,0,0,46TH AVENUE EAST & STEELE STREET NORTH,1,1,0,0,1,1,0,,35,0,0,0,0,1,2,2,14
,2017_09615,39.779447,-104.949726,5/5/2017 8:16,8:16,1,0,0,46TH AVENUE EAST & STEELE STREET NORTH,1,1,0,0,1,1,0,,30,0,0,0,0,1,2,2,16
,2017_09616,39.779447,-104.949726,5/10/2017 12:10,12:10,1,0,1,46TH AVENUE EAST & STEELE STREET NORTH,2,1,0,1,1,1,0,,30,0,0,0,0,2,2,2,16
,2017_09617,39.779447,-104.949726,5/11/2017 18:05,18:05,3,0,0,STEELE STREET NORTH & 46TH AVENUE EAST,1,1,0,0,1,1,0,,35,0,0,0,0,1,2,2,1
,2017_09618,39.779447,-104.949726,6/16/2017 9:51,9:51,1,0,0,46TH AVENUE EAST & STEELE STREET NORTH,1,1,0,0,1,1,0,,35,0,0,0,0,0,2,2,14
,2017_09619,39.779447,-104.949726,6/22/2017 18:27,18:27,1,0,0,I70 VIADUCT & HIGHWAY 6 / STEELE STREET NORTH,1,1,0,0,1,1,0,,30,0,0,0,0,1,2,2,13
,2017_09620,39.779447,-104.949726,7/31/2017 9:31,9:31,3,0,0,STEELE STREET NORTH & 46TH AVENUE EAST,1,1,0,0,1,1,0,,35,0,0,0,0,1,2,2,13
,2017_09621,39.779447,-104.949726,11/9/2017 17:42,17:42,1,0,0,I70 VIADUCT / 46TH AVENUE EAST & STEELE STREET,1,4,0,0,1,1,0,,35,0,0,0,0,0,2,2,13
,2017_09622,39.779447,-104.949726,11/14/2017 8:30,8:30,15,0,0,STEELE STREET & MM 291 APPROXIMATELY,1,1,0,0,1,4,0,,25,0,0,0,0,0,2,2,13
,2017_09623,39.779447,-104.949726,11/15/2017 15:54,15:54,1,0,0,46TH AVENUE EAST & STEELE STREET NORTH,1,1,0,0,1,1,0,,30,0,0,0,0,0,2,2,1
,2017_09624,39.779447,-104.949726,11/17/2017 16:55,16:55,1,0,0,STEELE STREET NORTH & 46TH AVENUE EAST,2,3,0,1,1,1,0,,,0,0,0,0,0,2,2,13
,2017_09626,39.779447,-104.949726,11/20/2017 15:00,15:00,1,0,1,46TH AVENUE EAST & STEELE STREET NORTH,1,1,0,0,1,1,0,,30,0,0,0,0,2,2,2,1
,2017_09627,39.779447,-104.949726,12/6/2017 13:58,13:58,1,0,1,46TH AVENUE EAST & STEELE STREET NORTH,1,1,0,0,1,1,0,,30,0,0,0,0,2,2,2,7
,2017_09628,39.77965,-104.949724,10/31/2017 6:07,6:07,3,0,0,STEELE STREET 4600 BLOCK NORTH & 46TH AVENUE EAST,1,3,0,0,1,1,0,,30,0,0,0,0,0,2,2,13
,2017_09630,39.779852,-104.949723,7/20/2017 13:15,13:15,3,0,0,STEELE STREET 4600 BLOCK & 46TH AVENUE EAST,1,1,0,0,1,3,0,,25,0,0,0,0,1,2,2,1
,2017_09631,39.780055,-104.949721,4/12/2017 8:48,8:48,3,0,0,STEELE STREET NORTH & I70 WB OFF RAMP,1,1,0,0,1,1,0,,,0,0,0,0,0,2,2,13
,2017_09632,39.781271,-104.949711,4/30/2017 5:02,5:02,5,0,0,STEELE STREET 4640 NORTH & 47TH AVENUE EAST,1,2,0,0,2,4,0,,30,0,0,0,0,0,2,1,14
,2017_09633,39.781271,-104.949711,6/5/2017 16:17,16:17,3,0,0,STEELE STREET 4650 & VASQUEZ BOULEVARD APPROXIMATELY,1,1,0,0,1,2,0,,35,0,0,0,0,1,2,2,8
,2017_09634,39.781271,-104.949711,9/25/2017 12:30,12:30,15,0,0,STEELE STREET NORTH & VASQUEZ BOULEVARD,2,1,0,0,1,4,0,,,0,0,0,0,0,2,2,13
,2017_09635,39.781449,-104.94971,3/29/2017 21:22,21:22,14,0,0,VASQUEZ BOULEVARD NORTH & STEELE STREET NORTH,2,1,0,1,1,1,0,,35,0,0,0,0,0,2,2,14
,2017_09636,39.78353,-104.94804,8/24/2017 14:43,14:43,1,0,0,VASQUEZ BOULEVARD 4700 BLOCK NORTH & 48TH AVENUE EAST,1,1,1,0,1,1,0,,45,0,0,0,0,1,2,2,13
,2017_09637,39.783752,-104.947831,4/4/2017 12:30,12:30,3,0,0,VASQUEZ BOULEVARD NORTH & 48TH AVENUE EAST,1,1,0,0,1,1,0,,25,0,0,0,0,0,2,2,13
,2017_09638,39.783752,-104.947831,4/7/2017 15:10,15:10,12,0,0,48TH AVENUE EAST & VASQUEZ BOULEVARD NORTH,1,1,0,0,1,1,0,,40,0,0,0,0,0,2,2,7
,2017_09639,39.783752,-104.947831,5/11/2017 18:09,18:09,1,0,0,48TH AVENUE EAST & VASQUEZ BOULEVARD NORTH,1,1,0,0,1,1,0,,40,0,0,0,0,0,2,2,13
,2017_09640,39.783752,-104.947831,6/17/2017 22:30,22:30,1,0,0,48TH AVENUE EAST & VASQUEZ BOULEVARD NORTH,1,3,0,0,1,1,0,,35,0,0,0,0,0,2,2,1
,2017_09641,39.783752,-104.947831,6/21/2017 6:37,6:37,1,0,0,VASQUEZ BOULEVARD NORTH & 48TH AVENUE EAST,1,1,0,0,1,1,0,,40,0,0,0,0,0,2,2,14
,2017_09642,39.783752,-104.947831,8/18/2017 17:10,17:10,1,0,1,48TH AVENUE EAST & VASQUEZ,1,1,0,0,1,1,0,,35,0,0,0,0,2,2,2,5
,2017_09643,39.783752,-104.947831,11/3/2017 16:30,16:30,1,0,0,VASQUEZ BOULEVARD NORTH & 48TH AVENUE EAST,1,1,0,0,1,1,0,,45,0,0,0,0,0,2,2,7
,2017_09644,39.783752,-104.947831,12/4/2017 7:45,7:45,12,0,0,VASQUEZ BOULEVARD & 4700 BLOCK NORTH,1,1,0,0,1,4,0,,45,0,0,0,0,1,2,2,7
,2017_09645,39.783752,-104.947831,12/19/2017 17:37,17:37,3,0,0,48TH AVENUE EAST & VASQUEZ BOULEVARD NORTH,1,3,0,0,1,2,0,,35,0,0,0,0,0,2,2,1
,2017_09646,39.783863,-104.947726,9/14/2017 17:41,17:41,12,0,0,VASQUEZ BOULEVARD NORTH & 48TH AVENUE EAST,1,1,0,7,1,3,0,,40,0,0,0,0,0,2,2,3
,2017_09647,39.783863,-104.947726,11/17/2017 13:39,13:39,15,0,0,VAZQUEZ BOULEVARD & 48TH AVENUE WEST,1,1,0,0,1,4,0,,45,0,0,0,0,1,2,2,13
,2017_09648,39.784227,-104.947407,7/18/2017 16:36,16:36,15,0,0,VASQUEZ BOULEVARD NORTH & 48TH AVENUE EAST,1,1,0,0,1,4,0,,,0,0,0,0,0,2,2,13
,2017_09650,39.789889,-104.942335,3/12/2017 12:44,12:44,3,0,0,VASQUEZ BOULEVARD NORTH & 52ND AVENUE EAST,1,1,0,0,1,1,0,,45,0,0,0,0,1,2,5,1
,2017_09652,39.790208,-104.942044,5/26/2017 1:10,1:10,12,0,1,VASQUEZ BOULEVARD NORTH & 52ND AVENUE EAST,2,3,0,1,1,1,0,,40,0,0,0,0,2,2,2,5
,2017_09653,39.790208,-104.942044,8/16/2017 8:20,8:20,1,0,0,52ND AVENUE EAST & VASQUEZ BOULEVARD NORTH,1,1,0,0,1,1,0,,45,0,0,0,0,0,2,2,16
,2017_09654,39.790208,-104.942044,8/24/2017 8:00,8:00,12,0,0,52ND AVENUE EAST & VASQUEZ BOULEVARD NORTH,1,1,0,0,1,1,0,,35,0,0,0,0,0,2,2,3
,2017_09655,39.790208,-104.942044,11/7/2017 10:04,10:04,1,0,0,52ND AVENUE EAST & VASQUEZ BOULEVARD NORTH,1,1,0,0,1,1,0,,45,0,0,0,0,1,2,2,13
,2017_09831,39.667393,-104.925443,7/31/2017 8:20,8:20,12,0,0,I25 & YALE AVENUE EAST,1,1,0,0,1,4,0,,,0,0,0,0,0,1,2,13
,2017_10116,39.63799513,-104.9126831,1/30/2017 8:05,8:05,12,0,0,MONACO STREET & 1400 BLOCK NORTH,1,1,0,0,1,4,0,,30,0,0,0,0,0,4,2,12
,2017_10143,39.692961,-104.9500035,1/18/2017 11:10,11:10,3,0,0,LOUISIANA AVENUE EAST & STEELE STREET SOUTH,1,1,0,0,1,1,0,,60,0,0,0,0,0,4,2,13
,2017_10144,39.711525,-104.999094,10/23/2017 11:40,11:40,15,0,0,I25 & ALAMEDA AVENUE WEST,1,1,0,0,1,4,0,,,0,0,0,0,0,1,2,13
,2017_10211,39.652745,-104.918076,12/1/2017 15:04,15:04,5,0,1,I25 & HAMPDEN AVENUE EAST,1,3,0,0,3,4,0,,35,0,0,0,0,2,1,1,6
,2017_10455,39.664683,-104.923563,4/5/2017 6:36,6:36,5,0,0,I25 & YALE AVENUE EAST,5,2,1,0,3,4,0,,65,0,0,0,0,0,1,1,7
,2017_10492,39.684909,-104.955799,4/24/2017 7:29,7:29,15,0,0,I25 & UNIVERSITY BOULEVARD SOUTH,1,1,0,0,1,4,0,,,0,0,0,0,0,1,2,13
,2017_10531,39.669355,-104.927179,3/19/2017 2:07,2:07,5,0,0,I25 SOUTHBOUND RAMP OFF CRASH CUSHION & YALE AVENUE EAST,1,3,0,0,2,8,0,,60,0,0,0,0,0,1,1,13
,2017_10791,39.68557,-104.964233,5/27/2017 2:18,2:18,9,0,1,I25 ON RAMP & MM 205.33,1,3,0,0,1,8,0,,65,0,0,0,0,2,1,1,13
,2017_10895,39.684921,-104.959322,1/20/2017 18:35,18:35,5,0,0,I25 NORTHBOUND & MM 205,1,3,0,0,2,4,0,,55,0,0,0,0,0,1,1,3
,2017_11001,39.729042,-104.98113,7/8/2017 14:30,14:30,6,0,0,PENNSYLVANIA 700 BLOCK NORTH & EIGHTH AVENUE EAST,1,1,0,0,1,4,0,,25,0,0,0,0,0,4,2,1
,2017_11002,39.701466,-104.987451,4/3/2017 13:28,13:28,5,0,0,BROADWAY SOUTH & OHIO AVENUE,1,1,0,0,3,4,0,,,0,0,0,0,0,1,1,5
,2017_11044,39.702575,-104.988915,12/6/2017 17:00,17:00,15,0,0,I25 & BROADWAY SOUTH,1,3,0,0,1,4,0,,60,0,0,0,0,0,1,2,13
,2017_11086,39.707118,-104.996779,2/23/2017 16:23,16:23,12,0,0,I25 SOUTHBOUND & SANTA FE DRIVE SOUTH,4,1,0,2,1,4,0,,55,0,0,0,0,0,1,2,13
,2017_11156,39.716874,-104.9057235,4/10/2017 0:01,0:01,6,0,0,PONTIAC STREET NORTH & PONTIAC STREET 2900 BLOCK NORTH,1,3,0,0,2,4,0,,25,0,0,0,0,0,4,2,2
,2017_11168,39.711387,-104.999011,12/15/2017 18:18,18:18,12,0,0,I25 & ALAMEDA AVENUE WEST,1,3,0,0,1,4,0,,55,0,0,0,0,0,1,2,14