id,drcog_id,latitude,longitude,crashtime,time,crashtype,numbkilled,numbinjurd,drcoglocat,rdconditin,lightngcon,roadcntgrd,weatherco,location,roaddescrp,constrzone,schoolzone,splimit,bikeinv,pedinv,sctrinv,motoinv,svrty,rdsystem,ttlvehcls,hcf
,2017_11206,39.711525,-104.999094,9/24/2017 21:15,21:15,15,0,0,I25 & ALAMEDA AVENUE WEST,2,3,1,0,1,4,0,,55,0,0,0,0,0,1,2,13
,2017_11229,39.768049,-104.994761,5/23/2017 15:33,15:33,15,0,1,I25 & FOX STREET NORTH,1,1,1,0,1,4,0,,,0,0,0,0,2,1,2,13
,2017_11345,39.739012,-105.01385,12/10/2017 9:23,9:23,5,0,0,I25 & COLFAX AVENUE WEST,1,1,1,0,1,4,0,,55,0,0,0,0,0,1,1,13
,2017_11350,39.757155,-105.0099,11/14/2017 17:24,17:24,15,0,0,I25 & 15TH STREET,1,3,0,0,1,4,0,,55,0,0,0,0,0,1,2,13
,2017_11354,39.725165,-105.012815,9/26/2017 19:10,19:10,5,0,0,I25 NORTHBOUND RAMP OFF & SIXTH AVENUE WEST,1,3,1,0,3,8,0,,65,0,0,0,0,0,1,1,3
,2017_11366,39.725398,-105.012983,3/28/2017 1:56,1:56,5,0,0,I25 SOUTHBOUND OFF RAMP & SIXTH AVENUE WEST,2,3,0,0,3,8,0,,,0,0,0,0,0,1,1,13
,2017_11371,39.769694,-104.991985,11/11/2017 23:05,23:05,5,0,0,I25 & PARK AVENUE WEST,1,3,0,0,3,4,0,,55,0,0,0,0,0,1,1,13
,2017_11474,39.63425,-104.906839,2/22/2017 14:25,14:25,5,0,0,I25 & I225 NB/ /EB FLYOVER AOORIX,1,1,0,0,2,4,0,,55,0,0,0,0,0,1,1,1
,2017_11569,39.668067,-104.92591,11/26/2017 17:15,17:15,15,0,0,I25 & YALE AVENUE EAST,1,3,0,0,1,4,0,,,0,0,0,0,0,1,2,13
,2017_11612,39.650614,-104.916891,3/24/2017 19:40,19:40,15,0,0,I25 NORTHBOUND & HAMPDEN AVENUE EAST,1,3,0,0,1,4,0,,,0,0,0,0,0,1,2,13
,2017_11634,39.681098,-104.935901,7/4/2017 23:17,23:17,5,0,0,I25 NORTHBOUND COLLECTOR OFF & COLORADO BOULEVARD SOUTH APPROXIMATELY,1,3,1,0,2,8,1,,,0,0,0,0,0,1,1,13
,2017_11642,39.678804,-104.93394,12/17/2017 16:54,16:54,5,0,0,I25 & EVANS AVENUE EAST,1,4,0,0,2,4,0,,55,0,0,0,0,1,1,1,5
,2017_11653,39.69309,-104.97778,1/12/2017 21:20,21:20,5,0,1,I25 NORTHBOUND & LOUISIANA AVENUE EAST,1,3,0,0,2,4,0,,60,0,0,0,0,2,1,1,1
,2017_11676,39.625341,-104.902292,2/21/2017 13:32,13:32,5,0,0,I25 NORTHBOUND & BELLEVIEW AVENUE EAST,1,1,0,0,2,4,0,,65,0,0,0,0,0,1,1,1
,2017_11685,39.652255,-104.917842,1/13/2017 17:38,17:38,5,0,1,I25 NORTHBOUND OFF RAMP & NORTHBOUND RAMP SPLIT TO HAMPDEN AVENUE EASTBOUND,1,3,0,0,3,8,0,,65,0,0,0,0,2,1,1,10
,2017_11690,39.757392,-105.009617,10/25/2017 11:15,11:15,15,0,0,I25 & 15TH STREET,1,1,0,0,1,4,0,,55,0,0,0,0,0,1,2,13
,2017_11717,39.732693,-105.01558,4/7/2017 17:48,17:48,5,0,0,I25 & EIGHTH AVENUE WEST,1,1,0,0,2,4,0,,35,0,0,0,0,0,1,1,13
,2017_11745,39.694787,-104.979653,5/30/2017 16:21,16:21,5,0,0,I25 & WASHINGTON STREET,1,1,0,0,3,4,0,,60,0,0,0,0,1,1,1,14
,2017_11757,39.653259,-104.918319,9/11/2017 21:50,21:50,5,0,1,I25 & HAMPDEN AVENUE EAST,1,3,0,0,1,4,0,,50,0,0,0,0,2,1,1,5
,2017_11761,39.6307,-104.905306,5/10/2017 13:05,13:05,12,0,0,I25 & I225 INTRCHG APPROXIMATELY,2,1,1,1,1,4,0,,65,0,0,0,0,0,1,2,13
,2017_11765,39.624403,-104.901751,7/25/2017 12:55,12:55,15,0,0,I25 SOUTHBOUND & BELLEVIEW AVENUE EAST,1,1,1,0,1,8,0,,35,0,0,0,0,0,1,2,13
,2017_11766,39.624671,-104.901906,1/17/2017 15:00,15:00,12,0,0,I25 NORTHBOUND & BELLEVIEW AVENUE EAST,1,1,0,0,1,4,0,,55,0,0,0,0,0,1,2,13
,2017_11767,39.624671,-104.901906,4/25/2017 9:45,9:45,15,0,0,I25 & BELLEVIEW AVENUE EAST,1,1,0,0,1,4,0,,65,0,0,0,0,0,1,2,3
,2017_11768,39.624671,-104.901906,1/23/2017 15:07,15:07,12,0,1,I25 SOUTHBOUND RAMP OFF & BELLEVIEW AVENUE EAST INTERCHANGE,1,1,0,0,1,8,0,,55,0,0,0,0,2,1,2,13
,2017_11770,39.676772,-104.932051,6/7/2017 20:39,20:39,5,0,1,I25 NORTHBOUND EXIT CRASH CUSHION & EVANS AVENUE EAST EXIT,1,4,1,0,3,4,0,,55,0,0,0,0,2,1,1,10
,2017_11771,39.624805,-104.901983,7/31/2017 11:26,11:26,15,0,0,I25 NORTHBOUND ON RAMP & BELLEVIEW AVENUE EAST,1,1,1,0,1,8,0,,,0,0,0,0,0,1,2,13
,2017_11772,39.625207,-104.902215,4/19/2017 7:02,7:02,15,0,0,I25 & BELLEVIEW AVENUE,1,1,0,0,1,4,0,,65,0,0,0,0,0,1,2,13
,2017_11773,39.624135,-104.901597,11/10/2017 22:05,22:05,3,0,0,BELLEVIEW AVENUE EAST & I25 NORTHBOUND OFF RAMP,1,3,0,0,1,1,0,,40,0,0,0,1,1,1,2,13
,2017_11774,39.625073,-104.902138,7/12/2017 17:30,17:30,12,0,0,I25 NORTHBOUND & BELLEVIEW AVENUE EAST,1,1,0,0,1,4,0,,65,0,0,0,0,0,1,3,14
,2017_11775,39.684916,-104.961205,4/29/2017 6:00,6:00,5,0,0,I25 & UNIVERSITY BOULEVARD SOUTH,4,2,3,2,1,4,0,,,0,0,0,0,0,1,2,13
,2017_11776,39.62601,-104.902678,3/6/2017 12:55,12:55,15,0,0,I25 SOUTHBOUND & BELLEVIEW AVENUE EAST,1,1,0,0,1,4,0,,65,0,0,0,0,1,1,3,3
,2017_11777,39.626944,-104.903893,5/24/2017 18:41,18:41,12,0,0,I25 RAMP OFF & BELLEVIEW AVENUE EAST,1,1,0,0,1,8,0,,45,0,0,0,0,0,1,2,13
,2017_11778,39.62714,-104.903386,1/14/2017 23:48,23:48,15,0,2,I25 NORTHBOUND & BELLEVIEW AVENUE EAST,1,3,0,0,1,4,0,,65,0,0,0,0,2,1,2,5
,2017_11779,39.62714,-104.903386,10/25/2017 9:26,9:26,15,0,0,I25 & BELLEVIEW AVENUE EAST,1,1,0,0,1,4,0,,60,0,0,0,0,0,1,2,13
,2017_11780,39.62714,-104.903386,11/7/2017 6:22,6:22,5,0,0,I25 SOUTHBOUND OFF RAMP & BELLEVIEW AVENUE EAST,5,1,1,2,3,8,0,,45,0,0,0,0,0,1,1,13
,2017_11781,39.627376,-104.903546,1/19/2017 18:26,18:26,12,0,0,I25 NORTHBOUND  & I225,1,3,0,0,1,4,0,,55,0,0,0,0,0,1,2,7
,2017_11782,39.630528,-104.905228,3/24/2017 19:30,19:30,15,0,0,I25 NORTHBOUND & BELLEVIEW AVENUE EAST,1,3,0,0,1,4,0,,65,0,0,0,0,0,1,2,13
,2017_11783,39.628279,-104.904057,3/8/2017 10:45,10:45,12,0,0,I25 & UNION AVENUE EAST,1,1,1,0,1,4,0,,55,0,0,0,0,0,1,2,13
,2017_11784,39.628279,-104.904057,5/10/2017 15:45,15:45,12,0,0,I25 & UNION AVENUE EAST UNDRPSS SEP,2,1,0,1,1,4,0,,65,0,0,0,0,0,1,2,13
,2017_11785,39.62841,-104.904128,1/17/2017 14:33,14:33,15,0,0,I25 NORTHBOUND & UNION AVENUE EAST,1,1,1,0,1,4,0,,50,0,0,0,0,0,1,2,13
,2017_11786,39.62841,-104.904128,8/9/2017 18:39,18:39,15,0,0,I25 SOUTHBOUND & UNION AVENUE EAST,1,1,0,0,1,4,0,,65,0,0,0,0,0,1,2,13
,2017_11787,39.628541,-104.9042,4/27/2017 15:48,15:48,12,0,0,I25 NORTHBOUND & UNION AVENUE EAST,1,1,0,0,1,4,0,,65,0,0,0,0,0,1,2,13
,2017_11788,39.628541,-104.9042,5/27/2017 13:49,13:49,15,0,0,I25 & UNION AVENUE EAST,2,1,0,1,1,4,0,,55,0,0,0,0,0,1,2,13
,2017_11789,39.628541,-104.9042,7/6/2017 7:51,7:51,12,0,0,I25 & UNION AVENUE EAST,1,1,0,0,1,4,0,,65,0,0,0,0,0,1,4,1
,2017_11790,39.628541,-104.9042,8/2/2017 15:00,15:00,12,0,0,I25 NORTHBOUND & UNION AVENUE EAST,1,1,0,0,1,4,0,,55,0,0,0,0,0,1,2,13
,2017_11791,39.628541,-104.9042,8/2/2017 15:15,15:15,12,0,0,I25 NORTHBOUND & UNION AVENUE EAST,1,1,0,0,1,4,0,,55,0,0,0,0,0,1,3,7
,2017_11792,39.628541,-104.9042,9/27/2017 17:15,17:15,12,0,0,I25 & UNION AVENUE EAST,1,1,0,0,1,4,0,,65,0,0,0,0,0,1,5,13
,2017_11793,39.628541,-104.9042,10/7/2017 15:55,15:55,5,0,0,I25 NORTHBOUND & UNION AVENUE EAST,1,1,0,0,2,4,0,,65,0,0,0,0,0,1,2,1
,2017_11794,39.628541,-104.9042,12/15/2017 10:21,10:21,12,0,0,I25 & UNION AVENUE EAST,1,1,0,0,1,4,0,,65,0,0,0,0,1,1,2,3
,2017_11795,39.628671,-104.904272,6/16/2017 13:00,13:00,12,0,0,I25 & UNION AVENUE EAST,1,1,0,0,1,4,0,,55,0,0,0,0,0,1,2,13
,2017_11796,39.628671,-104.904272,10/30/2017 9:08,9:08,12,0,0,I25 NORTHBOUND RAMP ON & UNION AVENUE EAST,2,1,0,2,1,8,0,,65,0,0,0,0,1,1,2,1
,2017_11797,39.629325,-104.904631,12/14/2017 20:12,20:12,15,0,0,I25 & I225 EASTBOUND DIRECT CONNECT,1,3,0,0,1,4,0,,65,0,0,0,0,0,1,2,13
,2017_11798,39.629456,-104.904703,10/31/2017 18:44,18:44,12,0,0,I25 & UNION AVENUE EAST,1,2,1,0,1,4,0,,55,0,0,0,0,0,1,4,3
,2017_11799,39.629717,-104.904846,12/23/2017 23:56,23:56,12,0,0,I25 & I225 INTCH APPROXIMATELY,1,3,0,0,1,4,0,,65,0,0,0,0,0,1,2,14
,2017_11800,39.630528,-104.905228,4/15/2017 9:55,9:55,12,0,0,I25 SOUTHBOUND RAMP OFF & BELLEVIEW AVENUE EAST,1,1,0,0,1,8,0,,65,0,0,0,0,1,1,3,1
,2017_11801,39.630528,-104.905228,6/14/2017 14:19,14:19,15,0,0,I25 / I225 RAMPS OFF & BELLEVIEW AVENUE EAST,1,1,0,0,1,8,0,,45,0,0,0,0,0,1,2,13
,2017_11802,39.631044,-104.905461,7/13/2017 8:33,8:33,12,0,1,I25 & UNION AVENUE EAST,1,1,0,0,1,4,0,,65,0,0,0,0,2,1,3,1
,2017_11803,39.631216,-104.905539,3/13/2017 15:15,15:15,15,0,0,I25 SOUTHBOUND & I225 SOUTHBOUND,1,1,0,0,1,4,0,,65,0,0,0,0,0,1,2,13
,2017_11804,39.631877,-104.905819,5/26/2017 10:25,10:25,12,0,1,I25NB & I225 INTCH APPROXIMATELY,1,1,0,0,1,4,0,,65,0,0,0,0,2,1,2,13
,2017_11805,39.631867,-104.905627,11/4/2017 21:40,21:40,12,0,0,I25 NORTHBOUND RAMP ON METER LIGHT & BELLEVIEW AVENUE EAST NEW CONFIG,1,3,2,0,1,8,0,,45,0,0,0,0,1,1,2,7
,2017_11806,39.632192,-104.905941,6/9/2017 20:10,20:10,5,0,0,I25 & MM 200,1,2,1,0,2,4,0,,55,0,0,0,0,0,1,1,2
,2017_11807,39.632192,-104.905941,8/23/2017 9:13,9:13,12,0,0,I25 & MM 200,1,1,1,0,1,4,0,,65,0,0,0,0,0,1,2,13
,2017_11808,39.632192,-104.905941,12/5/2017 8:55,8:55,12,0,0,I25 & I225 INTCH APPROXIMATELY,1,1,0,0,1,4,0,,55,0,0,0,0,0,1,2,3
,2017_11809,39.632192,-104.905941,12/19/2017 7:28,7:28,12,0,0,I25 & MM 200,1,1,0,0,1,4,0,,65,0,0,0,0,0,1,2,3
,2017_11810,39.625105,-104.902799,5/20/2017 2:30,2:30,5,0,0,I25 SOUTHBOUND SOUTHBOUND RAMP OFF & 225A SOUTHBOUND/WESTBOUND OFF RAMP MERGE POINT,1,3,0,0,2,8,0,,55,0,0,0,0,0,1,1,5
,2017_11811,39.632507,-104.906062,3/9/2017 16:25,16:25,12,0,0,I25 NORTHBOUND & MM 200,1,1,0,0,1,4,0,,65,0,0,0,0,0,1,2,13
,2017_11812,39.632664,-104.906123,5/2/2017 16:59,16:59,12,0,0,I25 & I225 APPROXIMATELY,1,1,0,0,1,4,0,,65,0,0,0,0,0,1,2,13
,2017_11813,39.632822,-104.906184,1/13/2017 19:15,19:15,15,0,0,I25 NORTHBOUND & I225 NORTHBOUND FLYOVER APPROXIMATELY,1,3,0,0,1,4,0,,55,0,0,0,0,0,1,2,1
,2017_11814,39.632822,-104.906184,2/18/2017 18:01,18:01,15,0,0,I25 NORTHBOUND & I225 APPROXIMATELY,1,2,0,0,1,4,0,,65,0,0,0,0,0,1,2,3
,2017_11815,39.632822,-104.906184,5/17/2017 12:44,12:44,12,0,0,I25 & I225 INTCH,1,1,0,0,1,4,0,,55,0,0,0,0,0,1,2,13
,2017_11816,39.632822,-104.906184,6/8/2017 18:42,18:42,12,0,0,I25 & I225 NORTHBOUND,1,1,1,0,1,4,0,,55,0,0,0,0,0,1,4,3
,2017_11817,39.632822,-104.906184,7/20/2017 11:00,11:00,12,0,0,I25 & I225 APPROXIMATELY,1,1,1,0,1,4,0,,55,0,0,0,0,1,1,3,13
,2017_11818,39.632822,-104.906184,7/25/2017 18:56,18:56,12,0,0,I25 & I225 APPROXIMATELY,1,1,0,0,1,4,0,,55,0,0,0,0,0,1,3,13
,2017_11819,39.632822,-104.906184,7/27/2017 12:06,12:06,12,0,0,I25 & I225 APPROXIMATELY,1,1,0,0,1,4,0,,65,0,0,0,0,0,1,2,3
,2017_11820,39.633455,-104.906465,1/13/2017 8:13,8:13,12,0,0,I25 NORTHBOUND  & I225,1,1,0,0,1,4,0,,55,0,0,0,0,0,1,5,3
,2017_11821,39.634091,-104.906764,11/12/2017 14:51,14:51,15,0,0,I25 & I225 INTCH APPROXIMATELY,2,1,1,0,1,4,0,,35,0,0,0,0,0,1,2,13
,2017_11822,39.63425,-104.906839,2/24/2017 17:40,17:40,12,0,0,I25 & I225,1,1,0,0,1,4,0,,65,0,0,0,0,1,1,3,13
,2017_11823,39.63425,-104.906839,2/27/2017 7:00,7:00,12,0,0,I25 NORTHBOUND & I225,1,1,0,1,1,4,0,,55,0,0,0,0,0,1,3,3
,2017_11824,39.711155,-105.022579,8/3/2017 16:35,16:35,1,0,0,ALAMEDA AVENUE WEST & DECATUR STREET SOUTH,1,1,0,0,1,1,0,,,0,0,0,0,0,2,2,13
,2017_11825,39.63425,-104.906839,3/8/2017 16:49,16:49,15,0,0,I25 NORTHBOUND & I225,1,1,0,0,1,4,0,,65,0,0,0,0,0,1,2,13
,2017_11826,39.63425,-104.906839,3/20/2017 17:33,17:33,12,0,0,I25 NORTHBOUND & I225 INTRCHG APPROXIMATELY,1,1,0,0,1,4,0,,65,0,0,0,0,0,1,2,13
,2017_11827,39.63425,-104.906839,5/28/2017 11:58,11:58,15,0,0,I25 & I225 APPROXIMATELY,1,1,0,0,1,4,0,,55,0,0,0,0,0,1,2,13
,2017_11828,39.63425,-104.906839,8/17/2017 10:00,10:00,12,0,0,I25 NORTHBOUND & I225 NORTHBOUND,1,1,0,0,1,4,0,,65,0,0,0,0,0,1,2,3
,2017_11829,39.63425,-104.906839,9/21/2017 13:56,13:56,12,0,0,I25 NORTHBOUND & I225,1,1,0,0,1,4,0,,65,0,0,0,0,0,1,3,13
,2017_11830,39.63425,-104.906839,11/22/2017 11:00,11:00,15,0,0,I25 & I225 APPROXIMATELY,1,1,0,0,1,4,0,,55,0,0,0,0,0,1,2,12
,2017_11831,39.63425,-104.906839,11/30/2017 18:45,18:45,12,0,0,I25 & I225 APPROXIMATELY,1,3,0,0,1,4,0,,65,0,0,0,0,0,1,3,13
,2017_11832,39.634451,-104.90684,11/21/2017 18:07,18:07,12,0,0,I25 NORTHBOUND ON RAMP & BELLEVIEW AVENUE,1,3,0,0,1,8,0,,40,0,0,0,0,0,1,2,1
,2017_11833,39.634564,-104.906987,6/14/2017 12:50,12:50,12,0,0,I25 & I225 NORTHBOUND,1,1,1,0,1,4,0,,65,0,0,0,0,0,1,2,13
,2017_11834,39.634737,-104.907084,1/13/2017 6:36,6:36,12,0,1,I25 NORTHBOUND  & I225 NB/EB FLYOVER,1,2,0,0,1,4,0,,65,0,0,0,0,2,1,3,3
,2017_11835,39.635261,-104.907419,6/12/2017 22:20,22:20,15,0,0,I25 & I225 SOUTHBOUND,1,3,0,0,1,4,0,,55,0,0,0,0,0,1,2,13
,2017_11836,39.637045,-104.908732,9/1/2017 18:07,18:07,12,0,0,I25 & MM 200.3,1,1,1,0,1,4,0,,65,0,0,0,0,1,1,4,3
,2017_11837,39.637859,-104.909356,1/5/2017 15:00,15:00,15,0,0,I25 NORTHBOUND & I225 COLLECTOR RAMP GORE,4,1,0,2,1,4,0,,65,0,0,0,0,0,1,2,13
,2017_11838,39.638025,-104.909464,6/4/2017 20:20,20:20,15,0,0,I25 & I225 NORTHBOUND / EASTBOUND FLYOVER APPROXIMATELY,1,3,0,0,1,4,1,,65,0,0,0,0,0,1,3,13
,2017_11839,39.63819,-104.909573,3/12/2017 16:26,16:26,12,0,0,I25 NORTH & MM 200.4,1,1,1,0,1,4,0,,65,0,0,0,0,0,1,2,13
,2017_11840,39.638688,-104.909899,11/25/2017 9:00,9:00,15,0,0,I25 & I225 NORTHBOUND OFF RAMP GORE POINT,1,1,0,0,1,4,0,,,0,0,0,0,0,1,2,13
,2017_11841,39.63902,-104.910116,3/6/2017 8:35,8:35,12,0,0,I25 & QUINCY AVENUE EAST,1,1,0,0,1,4,0,,65,0,0,0,0,0,1,2,3
,2017_11842,39.63902,-104.910116,12/5/2017 9:10,9:10,15,0,0,I25 & MM 200.25,1,1,0,0,1,4,0,,65,0,0,0,0,0,1,2,3
,2017_11844,39.639103,-104.91017,1/16/2017 6:00,6:00,15,0,0,I25 NORTHBOUND & QUINCY AVENUE EAST APPROXIMATELY,12,2,0,2,1,4,0,,,0,0,0,0,0,1,2,13
,2017_11845,39.639103,-104.91017,1/18/2017 9:03,9:03,12,0,0,I25 NORTHBOUND & QUINCY AVENUE EAST,1,1,0,0,1,4,0,,65,0,0,0,0,0,1,3,1
,2017_11846,39.639103,-104.91017,6/1/2017 7:51,7:51,12,0,0,I25 & QUINCY AVENUE EAST,1,1,0,0,1,4,0,,65,0,0,0,0,0,1,2,3
,2017_11847,39.639103,-104.91017,6/13/2017 18:02,18:02,15,0,0,I25 & QUINCY AVENUE EAST,1,1,1,0,1,4,0,,55,0,0,0,0,1,1,2,13
,2017_11848,39.639103,-104.91017,12/25/2017 19:31,19:31,12,0,0,I25 & QUINCY AVENUE EAST,8,3,0,0,1,4,0,,65,0,0,0,0,1,1,2,1
,2017_11849,39.639103,-104.91017,11/7/2017 7:21,7:21,6,0,0,QUINCY AVENUE EAST & I25,5,1,1,0,1,4,0,,30,0,0,0,0,0,1,2,13
,2017_11850,39.645629,-104.913998,4/27/2017 0:10,0:10,12,0,2,I25 HIGHWAY SOUTHBOUND & MM 201.02,1,3,0,0,1,4,0,,,0,0,0,0,2,1,2,13
,2017_11851,39.639103,-104.91017,11/7/2017 7:21,7:21,5,0,0,QUINCY AVENUE EAST & I25,5,1,1,0,1,4,0,,30,0,0,0,0,1,1,5,14
,2017_11852,39.639103,-104.91017,11/7/2017 7:21,7:21,5,0,0,QUINCY AVENUE EAST & I25,5,1,1,0,1,4,0,,30,0,0,0,0,0,1,4,7
,2017_11853,39.639186,-104.910225,4/18/2017 8:59,8:59,12,0,0,I25 & QUINCY AVENUE EAST,1,1,0,0,1,4,0,,65,0,0,0,0,0,1,3,1
,2017_11854,39.639186,-104.910225,7/14/2017 11:47,11:47,12,0,0,I25 & QUINCY AVENUE EAST,1,1,1,0,1,4,0,,65,0,0,0,0,0,1,2,13
,2017_11855,39.639269,-104.910279,12/25/2017 17:26,17:26,15,0,0,I25 & QUINCY AVENUE EAST,1,4,0,0,1,4,0,,55,0,0,0,0,1,1,2,13
,2017_11856,39.639352,-104.910333,1/25/2017 13:14,13:14,15,0,0,I25 SOUTHBOUND & I225 'F' RAMP ON GORE POINT,1,1,0,0,1,4,0,,65,0,0,0,0,1,1,2,14
,2017_11857,39.640374,-104.910949,11/27/2017 18:30,18:30,12,0,0,I25 & I225 APPROXIMATELY,1,4,0,0,1,4,0,,65,0,0,0,0,1,1,5,7
,2017_11858,39.642126,-104.911965,10/26/2017 17:20,17:20,12,0,0,I25 & QUINCY AVENUE,2,3,0,2,1,4,0,,55,0,0,0,0,0,1,3,3
,2017_11859,39.642665,-104.912278,5/4/2017 17:45,17:45,12,0,0,I25 & MM 200.8,1,1,3,0,1,4,0,,65,0,0,0,0,0,1,3,3
,2017_11860,39.643204,-104.912591,8/5/2017 8:44,8:44,12,0,0,I25 NORTHBOUND & HAMPDEN AVENUE EAST,1,5,0,0,1,4,0,,55,0,0,0,0,0,1,2,13
,2017_11861,39.643204,-104.912591,10/26/2017 8:46,8:46,12,0,0,I25 & QUINCY AVENUE EAST,1,1,0,0,1,4,0,,65,0,0,0,0,0,1,2,3
,2017_11862,39.645359,-104.913842,9/21/2017 11:48,11:48,12,0,0,I25 NORTHBOUND & MM 201.5,1,1,0,0,1,4,0,,65,0,0,0,0,0,1,3,7
,2017_11863,39.646572,-104.914546,1/5/2017 10:04,10:04,15,0,0,I25 NORTHBOUND & HAMPDEN AVENUE EAST,4,1,0,2,1,4,0,,65,0,0,0,0,0,1,2,13
,2017_11864,39.653259,-104.918319,11/14/2017 9:55,9:55,15,0,0,I25 & HAMPDEN AVENUE EAST,1,1,0,0,1,4,0,,65,0,0,0,0,0,1,2,13
,2017_11865,39.646572,-104.914546,1/12/2017 18:50,18:50,12,0,0,I25 NORTHBOUND & HAMPDEN AVENUE EAST,2,3,0,0,1,4,0,,65,0,0,0,0,1,1,2,1
,2017_11866,39.646572,-104.914546,4/7/2017 11:15,11:15,12,0,0,I25 NORTHBOUND & HAMPDEN AVENUE EAST,1,1,0,0,1,4,0,,55,0,0,0,0,0,1,3,13
,2017_11867,39.646572,-104.914546,5/1/2017 8:00,8:00,12,0,0,I25 & HAMPDEN AVENUE EAST,1,1,0,0,1,4,0,,55,0,0,0,0,0,1,2,13
,2017_11868,39.646572,-104.914546,5/26/2017 8:18,8:18,9,0,5,I25 & HAMPDEN AVENUE EAST,1,1,0,0,1,4,0,,65,0,0,0,0,2,1,1,7
,2017_11869,39.646572,-104.914546,6/23/2017 8:00,8:00,12,0,0,I25 NORTHBOUND & HAMPDEN AVENUE EAST,2,1,0,1,1,4,0,,65,0,0,0,0,0,1,2,7
,2017_11870,39.646572,-104.914546,8/17/2017 9:51,9:51,12,0,0,I25 NORTHBOUND & HAMPDEN AVENUE EAST,1,1,0,0,1,4,0,,65,0,0,0,0,0,1,2,7
,2017_11871,39.646572,-104.914546,8/17/2017 10:49,10:49,12,0,0,I25 NORTHBOUND & HAMPDEN AVENUE EAST,1,1,1,0,1,4,0,,65,0,0,0,0,0,1,2,13
,2017_11872,39.682029,-104.93761,4/8/2017 16:36,16:36,12,0,0,I25 & MM 203.9,1,1,0,0,1,4,0,,60,0,0,0,1,0,1,2,1
,2017_11873,39.646572,-104.914546,8/28/2017 7:27,7:27,12,0,0,I25 & HAMPDEN AVENUE EAST,1,1,0,0,1,4,0,,55,0,0,0,0,1,1,2,13
,2017_11874,39.646572,-104.914546,12/13/2017 6:54,6:54,12,0,0,I25 & HAMPDEN AVENUE EAST,1,1,1,0,1,4,0,,50,0,0,0,0,0,1,3,3
,2017_11875,39.646707,-104.914624,4/23/2017 23:05,23:05,12,0,2,I25 & MM 201.10 APPROXIMATELY,1,3,0,0,1,4,0,,65,0,0,0,1,2,1,2,13
,2017_11876,39.646707,-104.914624,10/7/2017 16:54,16:54,15,0,0,I25 & HAMPDEN AVENUE EAST,1,1,0,0,1,4,0,,65,0,0,0,0,0,1,2,13
,2017_11877,39.649536,-104.916266,10/30/2017 7:49,7:49,12,0,0,I25 & HAMPDEN AVENUE EAST,1,1,0,1,1,4,0,,65,0,0,0,0,0,1,2,13
,2017_11878,39.64994,-104.9165,1/13/2017 9:23,9:23,12,0,0,I25 SOUTHBOUND & HAMPDEN AVENUE EAST,1,1,0,0,1,4,0,,55,0,0,0,0,0,1,3,1
,2017_11879,39.64994,-104.9165,5/12/2017 7:30,7:30,15,0,0,I25 SOUTHBOUND & HAMPDEN AVENUE 'E' RAMP ON MERGE LANE GORE,1,1,0,0,1,4,0,,65,0,0,0,0,0,1,2,3
,2017_11880,39.64994,-104.9165,7/19/2017 10:12,10:12,12,0,0,I25 NORTHBOUND & HAMPDEN AVENUE EAST,1,1,0,0,1,4,0,,60,0,0,0,0,0,1,2,13
,2017_11881,39.76111,-105.004124,8/20/2017 17:37,17:37,5,0,0,I25 NORTHBOUND RAMP ON & 20TH STREET,1,1,0,0,3,8,0,,25,0,0,0,0,0,1,1,5
,2017_11882,39.64994,-104.9165,11/8/2017 7:28,7:28,12,0,0,I25 & HAMPDEN AVENUE EAST,1,1,0,0,1,4,0,,55,0,0,0,0,0,1,2,13
,2017_11883,39.64994,-104.9165,12/5/2017 18:20,18:20,12,0,0,I25 & HAMPDEN AVENUE EAST,1,3,0,0,1,4,0,,,0,0,0,0,0,1,2,13
,2017_11884,39.64994,-104.9165,12/10/2017 12:10,12:10,5,0,0,I25 & HAMPDEN AVENUE,1,1,0,0,3,4,0,,65,0,0,0,0,0,1,1,13
,2017_11885,39.64994,-104.9165,12/25/2017 19:20,19:20,12,0,0,I25 & HAMPDEN AVENUE EAST,1,3,0,0,1,4,0,,55,0,0,0,0,0,1,2,8
,2017_11886,39.650614,-104.916891,2/3/2017 8:10,8:10,15,0,0,I25 SOUTHBOUND & HAMPDEN AVENUE EAST,2,1,0,4,1,4,0,,55,0,0,0,0,0,1,2,3
,2017_11887,39.650614,-104.916891,11/29/2017 8:12,8:12,12,0,0,I25 & HAMPDEN AVENUE EAST,1,1,0,0,1,4,0,,65,0,0,0,0,0,1,2,13
,2017_11888,39.650748,-104.91697,12/9/2017 22:13,22:13,12,0,0,I25 & HAMPDEN AVENUE EAST,1,3,0,0,1,4,0,,60,0,0,0,0,0,1,2,12
,2017_11889,39.651112,-104.917068,11/18/2017 1:06,1:06,5,0,0,I25 NORTHBOUND OFF RAMP CRASH CUSHION & HAMPDEN AVENUE EAST,1,3,0,0,3,8,0,,55,0,0,0,0,0,1,1,3
,2017_11890,39.651018,-104.917126,7/17/2017 8:30,8:30,12,0,0,I25 NORTHBOUND & HAMPDEN AVENUE EAST,1,1,0,0,1,4,0,,65,0,0,0,0,0,1,2,13
,2017_11891,39.65313,-104.918259,8/7/2017 12:35,12:35,12,0,0,I25 SOUTHBOUND SLIP RAMP ON & HAMPDEN AVENUE EAST,1,1,0,0,1,8,0,,30,0,0,0,0,0,1,2,13
,2017_11892,39.651055,-104.917648,5/9/2017 22:36,22:36,15,0,0,I25 SOUTHBOUND RAMP ON METER LIGHT & HAMPDEN AVENUE EAST,1,3,1,0,1,8,1,,65,0,0,0,0,0,1,3,13
,2017_11893,39.651287,-104.917282,12/20/2017 16:24,16:24,5,0,1,I25 & HAMPDEN AVENUE EAST,1,1,0,0,3,4,0,,65,0,0,0,0,2,1,1,13