id,drcog_id,latitude,longitude,crashtime,time,crashtype,numbkilled,numbinjurd,drcoglocat,rdconditin,lightngcon,roadcntgrd,weatherco,location,roaddescrp,constrzone,schoolzone,splimit,bikeinv,pedinv,sctrinv,motoinv,svrty,rdsystem,ttlvehcls,hcf
,2017_11894,39.651826,-104.917595,11/22/2017 14:11,14:11,15,0,0,I25 & HAMPDEN AVENUE EAST,1,1,0,0,1,4,0,,65,0,0,0,0,0,1,2,13
,2017_11895,39.651961,-104.917673,3/2/2017 9:54,9:54,15,0,0,I25 & HAMPDEN AVENUE EAST,1,1,0,0,1,4,0,,55,0,0,0,0,0,1,2,13
,2017_11896,39.652096,-104.917752,12/27/2017 17:40,17:40,15,0,0,I25 SOUTHBOUND  & HAMPDEN AVENUE EAST,1,3,0,0,1,4,0,,55,0,0,0,0,0,1,2,13
,2017_11897,39.652254,-104.917844,9/24/2017 5:45,5:45,12,0,0,I25 NORTHBOUND & HAMPDEN AVENUE EAST,1,3,0,0,1,4,0,,65,0,0,0,0,1,1,2,13
,2017_11898,39.65236,-104.917894,5/1/2017 17:50,17:50,12,0,0,I25 & HAMPDEN AVENUE EAST,1,1,0,0,1,4,0,,55,0,0,0,0,0,1,2,13
,2017_11899,39.652488,-104.917955,11/6/2017 12:51,12:51,12,0,0,I25 & HAMPDEN AVENUE EAST,1,1,0,0,1,4,0,,65,0,0,0,0,1,1,2,13
,2017_11900,39.652617,-104.918015,7/6/2017 6:00,6:00,15,0,0,I25 & HAMPDEN AVENUE EAST,1,2,0,0,1,4,0,,5,0,0,0,0,0,1,2,14
,2017_11901,39.652617,-104.918015,12/31/2017 2:30,2:30,5,0,0,I25 & HAMPDEN AVENUE EAST,1,3,0,0,3,4,0,,55,0,0,0,0,0,1,1,5
,2017_11902,39.714925,-105.00119,12/7/2017 18:45,18:45,12,0,0,I25 & ALAMEDA AVENUE,1,3,0,0,1,4,0,,,0,0,0,0,0,1,2,13
,2017_11903,39.652745,-104.918076,10/24/2017 17:21,17:21,12,0,0,I25 & HAMPDEN AVENUE EAST,1,1,0,0,1,4,0,,65,0,0,0,0,0,1,2,13
,2017_11904,39.652745,-104.918076,2/23/2017 13:04,13:04,12,0,0,I25 NORTHBOUND OFF RAMP & HAMPDEN AVENUE EAST APPROXIMATELY,2,1,1,2,1,8,0,,35,0,0,0,0,0,1,2,3
,2017_11905,39.653259,-104.918319,1/5/2017 4:38,4:38,15,0,0,I25 NORTHBOUND & HAMPDEN AVENUE EAST,4,2,0,0,1,4,0,,60,0,0,0,0,0,1,2,13
,2017_11906,39.652745,-104.918076,11/24/2017 10:42,10:42,12,0,0,I25 & HAMPDEN AVENUE EAST,1,1,1,0,1,8,0,,45,0,0,0,0,0,1,3,13
,2017_11907,39.652469,-104.918764,6/14/2017 14:52,14:52,15,0,1,I25 SOUTHBOUND RAMP ON MERGE & HAMPDEN AVENUE EAST APPROXIMATELY,1,1,1,0,1,8,0,,45,0,0,0,1,2,1,2,13
,2017_11908,39.653002,-104.918198,8/20/2017 21:53,21:53,12,0,0,I25 & HAMPDEN AVENUE EAST,1,3,1,0,1,4,0,,45,0,0,0,0,0,1,3,8
,2017_11909,39.65313,-104.918259,10/24/2017 8:48,8:48,12,0,0,I25 & HAMPDEN AVENUE EAST,1,1,0,0,1,4,0,,65,0,0,0,0,0,1,2,1
,2017_11910,39.65313,-104.918259,11/4/2017 15:38,15:38,15,0,0,I25 & HAMPDEN AVENUE EAST,1,1,0,0,1,4,0,,55,0,0,0,0,0,1,2,1
,2017_11911,39.76111,-105.004124,12/4/2017 1:40,1:40,5,0,0,I25 NORTHBOUND ON RAMP & 20TH STREET,1,3,0,0,2,8,0,,35,0,0,0,0,0,1,1,13
,2017_11912,39.65313,-104.918259,1/11/2017 12:26,12:26,12,0,0,I25 NORTHBOUND RAMP OFF TO & HAMPDEN AVENUE EAST INTERCHANGE,1,1,0,0,1,8,0,,25,0,0,0,0,0,1,2,13
,2017_11913,39.65313,-104.918259,5/23/2017 15:28,15:28,15,0,0,I25 NORTHBOUND RAMP OFF & HAMPDEN AVENUE EAST,1,1,1,0,1,8,0,,45,0,0,0,0,0,1,2,14
,2017_11914,39.667509,-104.925528,5/1/2017 16:19,16:19,5,0,0,I25 NORTHBOUND & YALE AVENUE EAST APPROXIMATELY,1,1,1,0,2,4,0,,50,0,0,0,0,0,1,1,1
,2017_11915,39.65313,-104.918259,7/27/2017 18:25,18:25,10,0,0,I25 NORTHBOUND OFF RAMP & HAMPDEN AVENUE EAST,1,1,0,0,1,8,0,,35,0,0,0,0,0,1,2,13
,2017_11916,39.677273,-104.932607,1/20/2017 23:23,23:23,12,0,0,I25 & EVANS AVENUE EAST,1,3,0,0,1,4,0,,,0,0,0,0,0,1,2,13
,2017_11917,39.653259,-104.918319,6/3/2017 19:29,19:29,12,0,0,I25 & HAMPDEN AVENUE EAST,1,1,0,0,1,4,0,,55,0,0,0,0,0,1,2,3
,2017_11918,39.65313,-104.918259,12/13/2017 20:30,20:30,12,0,0,I25 NORTHBOUND OFF RAMP & HAMPDEN AVENUE,1,3,0,0,1,8,0,,30,0,0,0,0,0,1,2,1
,2017_11919,39.653259,-104.918319,1/10/2017 15:46,15:46,12,0,1,I25 NORTHBOUND & HAMPDEN AVENUE EAST,1,1,1,0,1,4,0,,65,0,0,0,0,2,1,3,13
,2017_11920,39.653259,-104.918319,1/21/2017 15:10,15:10,5,0,0,I25 SOUTHBOUND & HAMPDEN AVENUE EAST,1,1,0,0,1,4,0,,55,0,0,0,0,0,1,2,13
,2017_11921,39.653259,-104.918319,8/3/2017 9:02,9:02,15,0,0,I25 NORTHBOUND & HAMPDEN AVENUE EAST,1,1,0,0,1,4,0,,55,0,0,0,0,0,1,2,2
,2017_11922,39.653259,-104.918319,2/15/2017 6:40,6:40,12,0,0,I25 NORTHBOUND & HAMPDEN AVENUE EAST,1,1,0,0,1,4,0,,55,0,0,0,0,0,1,3,3
,2017_11923,39.653259,-104.918319,2/26/2017 16:09,16:09,15,0,0,I25 SOUTHBOUND & HAMPDEN AVENUE EAST,1,1,1,0,1,4,0,,55,0,0,0,0,0,1,2,1
,2017_11924,39.653259,-104.918319,3/8/2017 10:01,10:01,12,0,0,I25 NORTHBOUND & HAMPDEN AVENUE EAST,1,1,0,0,1,4,0,,65,0,0,0,0,1,1,2,3
,2017_11925,39.653259,-104.918319,5/12/2017 12:16,12:16,12,0,0,I25 & HAMPDEN AVENUE EAST APPROXIMATELY,1,1,0,0,1,4,0,,65,0,0,0,0,0,1,2,3
,2017_11926,39.653259,-104.918319,5/22/2017 8:30,8:30,12,0,0,I25 & HAMPDEN AVENUE EAST INTCH,1,1,0,0,1,4,0,,65,0,0,0,0,0,1,3,3
,2017_11927,39.653259,-104.918319,5/22/2017 17:42,17:42,12,0,0,I25 & HAMPDEN AVENUE EAST,2,1,1,1,1,4,0,,65,0,0,0,0,0,1,3,7
,2017_11928,39.653259,-104.918319,6/2/2017 7:43,7:43,12,0,0,HAMPDEN AVENUE EAST & I25 NORTHBOUND,1,1,1,0,1,4,0,,30,0,0,0,0,0,1,2,13
,2017_11929,39.653259,-104.918319,6/8/2017 8:26,8:26,12,0,0,I25 & HAMPDEN AVENUE EAST,1,1,0,0,1,4,0,,65,0,0,0,0,0,1,2,3
,2017_11930,39.653259,-104.918319,6/11/2017 12:43,12:43,12,0,0,I25 & HAMPDEN AVENUE EAST,1,1,0,0,1,4,0,,35,0,0,0,0,1,1,2,4
,2017_11931,39.653259,-104.918319,6/16/2017 10:58,10:58,15,0,0,I25 & HAMPDEN AVENUE EAST,1,1,0,0,1,4,0,,65,0,0,0,0,0,1,2,13
,2017_11932,39.653259,-104.918319,6/27/2017 13:48,13:48,12,0,0,I25 SOUTHBOUND & HAMPDEN AVENUE EAST,1,1,0,0,1,4,0,,65,0,0,0,0,1,1,2,1
,2017_11933,39.653259,-104.918319,6/30/2017 7:49,7:49,12,0,0,I25 & HAMPDEN AVENUE EAST,1,1,0,0,1,4,0,,65,0,0,0,0,0,1,2,1
,2017_11934,39.653259,-104.918319,7/27/2017 13:02,13:02,12,0,0,I25 NORTHBOUND & HAMPDEN AVENUE EAST,1,1,0,0,1,4,0,,65,0,0,0,0,0,1,3,1
,2017_11935,39.653259,-104.918319,8/2/2017 10:43,10:43,12,0,0,I 25 NORTHBOUND & HAMPDEN AVENUE EAST,1,1,0,0,1,4,0,,55,0,0,0,0,0,1,2,3
,2017_11936,39.653259,-104.918319,8/21/2017 16:24,16:24,12,0,0,I25 & HAMPDEN AVENUE EAST,1,1,0,0,1,4,0,,65,0,0,0,0,0,1,2,1
,2017_11937,39.653259,-104.918319,8/29/2017 7:52,7:52,15,0,0,I25 & HAMPDEN AVENUE EAST,1,1,0,0,1,4,0,,55,0,0,0,0,0,1,2,13
,2017_11938,39.653259,-104.918319,9/6/2017 7:18,7:18,15,0,0,I25 SOUTHBOUND & HAMPDEN AVENUE EAST,1,1,0,0,1,4,0,,65,0,0,0,0,0,1,2,14
,2017_11939,39.653259,-104.918319,9/26/2017 9:36,9:36,12,0,0,I25 NORTHBOUND & HAMPDEN AVENUE EAST,1,1,0,0,1,4,0,,55,0,0,0,0,0,1,2,13
,2017_11940,39.653259,-104.918319,9/28/2017 17:26,17:26,12,0,0,I25 NORTHBOUND & HAMPDEN AVENUE EAST,1,1,0,0,1,4,0,,65,0,0,0,0,0,1,2,13
,2017_11941,39.653259,-104.918319,10/31/2017 9:26,9:26,12,0,0,I25 & HAMPDEN AVENUE EAST,1,1,0,0,1,4,0,,65,0,0,0,0,0,1,2,3
,2017_11942,39.653259,-104.918319,11/2/2017 8:25,8:25,12,0,0,I25 & HAMPDEN AVENUE EAST,1,1,0,0,1,4,0,,60,0,0,0,0,1,1,2,1
,2017_11943,39.653259,-104.918319,11/8/2017 13:11,13:11,12,0,0,I25 & HAMPDEN AVENUE EAST,1,1,2,0,1,4,0,,45,0,0,0,0,1,1,2,1
,2017_11944,39.653259,-104.918319,11/28/2017 7:10,7:10,12,0,0,I25 & HAMPDEN AVENUE EAST,1,1,0,0,1,4,0,,65,0,0,0,0,0,1,2,3
,2017_11945,39.653259,-104.918319,11/28/2017 7:51,7:51,15,0,0,I25 & HAMPDEN AVENUE EAST,1,1,0,0,1,4,0,,55,0,0,0,0,0,1,2,13
,2017_11946,39.653259,-104.918319,12/7/2017 18:37,18:37,12,0,0,I25 & HAMPDEN AVENUE EAST,2,3,0,2,1,4,0,,65,0,0,0,0,0,1,2,13
,2017_11947,39.653259,-104.918319,12/19/2017 9:04,9:04,12,0,0,I25 & HAMPDEN AVENUE EAST,1,1,0,0,1,4,0,,65,0,0,0,0,0,1,2,3
,2017_11948,39.653259,-104.918319,12/22/2017 11:30,11:30,12,0,0,I25 & HAMPDEN AVENUE EAST,1,1,0,0,1,4,0,,65,0,0,0,0,0,1,3,13
,2017_11949,39.653387,-104.91838,8/6/2017 11:15,11:15,15,0,0,I25 NORTHBOUND RAMP ON & HAMPDEN AVENUE,1,1,1,0,1,8,0,,55,0,0,0,0,0,1,2,13
,2017_11950,39.653387,-104.91838,1/1/2017 20:20,20:20,12,0,0,I25 SOUTHBOUND RAMP OFF TO & HAMPDEN AVENUE EASTBOUND,1,3,1,0,1,8,0,,45,0,0,0,0,0,1,2,3
,2017_11951,39.653387,-104.91838,1/17/2017 12:35,12:35,12,0,0,I25 SOUTHBOUND RAMP OFF & HAMPDEN AVENUE EAST,2,1,1,0,1,8,0,,45,0,0,0,0,0,1,2,13
,2017_11952,39.653515,-104.918441,1/6/2017 10:20,10:20,12,0,0,I25 & HAMPDEN AVENUE EAST,2,1,0,0,1,4,0,,65,0,0,0,0,1,1,2,13
,2017_11953,39.653644,-104.918502,3/23/2017 20:37,20:37,12,0,0,I25 NORTHBOUND SLIP RAMP ON & HAMPDEN AVENUE EAST,1,3,1,0,1,8,0,,35,0,0,0,0,1,1,2,13
,2017_11954,39.653772,-104.918562,3/3/2017 17:15,17:15,12,0,0,I25 SOUTHBOUND & HAMPDEN AVENUE EAST,1,1,0,0,1,4,0,,55,0,0,0,0,0,1,2,13
,2017_11955,39.653772,-104.918562,10/14/2017 2:35,2:35,15,0,0,I25 & HAMPDEN AVENUE EAST,1,3,0,0,1,4,0,,,0,0,0,0,1,1,2,13
,2017_11956,39.654029,-104.918684,5/24/2017 13:37,13:37,15,0,0,I25 & HAMPDEN AVENUE EAST,1,1,0,0,1,4,0,,60,0,0,0,0,1,1,3,1
,2017_11957,39.654414,-104.918866,1/18/2017 7:03,7:03,12,0,0,I25 NORTHBOUND & HAMPDEN AVENUE EAST,1,1,0,0,1,4,0,,55,0,0,0,0,0,1,3,1
,2017_11958,39.667393,-104.925443,11/26/2017 13:56,13:56,12,0,0,I25 & YALE AVENUE EAST,1,1,0,0,1,4,0,,55,0,0,0,0,0,1,2,4
,2017_11959,39.654414,-104.918866,10/20/2017 17:48,17:48,12,0,0,I25 NORTHBOUND ON RAMP & HAMPDEN AVENUE EAST,1,1,0,0,1,8,0,,,0,0,0,0,1,1,2,4
,2017_11960,39.654542,-104.918927,9/3/2017 20:59,20:59,12,0,0,I25 & HAMPDEN AVENUE EAST,1,3,0,0,1,4,0,,60,0,0,0,0,1,1,2,3
,2017_11961,39.655313,-104.919292,6/28/2017 11:25,11:25,12,0,0,I25 NORTHBOUND & MM 201.75,1,1,0,0,1,4,0,,55,0,0,0,0,1,1,2,3
,2017_11962,39.655711,-104.919467,12/9/2017 11:20,11:20,12,0,0,I25 & HAMPDEN AVENUE EAST,1,1,0,0,1,4,0,,60,0,0,0,0,0,1,2,13
,2017_11963,39.655851,-104.919522,6/12/2017 22:35,22:35,12,0,0,I25 & HAMPDEN AVENUE EAST,1,3,0,0,1,4,0,,,0,0,0,0,1,1,3,13
,2017_11964,39.656132,-104.919631,6/30/2017 15:40,15:40,12,0,0,I25 NORTHBOUND & MM 201.8,1,1,0,0,1,4,0,,55,0,0,0,0,0,1,3,2
,2017_11965,39.667623,-104.925611,9/14/2017 19:50,19:50,5,0,0,YALE AVENUE EAST & I25 NORTHBOUND OFF RAMP,1,3,1,0,3,1,0,,30,0,0,0,0,0,1,1,3
,2017_11966,39.656552,-104.919807,1/6/2017 18:49,18:49,12,0,0,I25 SOUTHBOUND & HAMPDEN AVENUE EAST,4,3,0,0,1,4,0,,65,0,0,0,0,0,1,2,13
,2017_11967,39.656552,-104.919807,5/24/2017 14:33,14:33,15,0,0,I25 & HAMPDEN AVENUE EAST APPROXIMATELY,1,1,0,0,1,4,1,,60,0,0,0,0,0,1,2,13
,2017_11968,39.656552,-104.919807,8/4/2017 11:19,11:19,12,0,0,I25 NORTHBOUND & HAMPDEN AVENUE EAST,1,1,0,0,1,4,0,,55,0,0,0,0,0,1,2,13
,2017_11969,39.664683,-104.923563,3/2/2017 19:15,19:15,12,0,0,I25 NORTHBOUND & YALE AVENUE EAST,1,3,0,0,1,4,0,,60,0,0,0,0,1,1,2,13
,2017_11970,39.656552,-104.919807,10/11/2017 7:04,7:04,12,0,0,I25 & HAMPDEN AVENUE EAST,1,1,0,0,1,4,0,,65,0,0,0,0,0,1,3,3
,2017_11971,39.656552,-104.919807,10/24/2017 8:57,8:57,12,0,0,I25 & HAMPDEN AVENUE EAST,1,1,0,0,1,4,0,,55,0,0,0,0,0,1,2,4
,2017_11972,39.656552,-104.919807,12/4/2017 17:26,17:26,12,0,0,I25 & HAMPDEN AVENUE EAST,1,3,0,0,1,4,0,,65,0,0,0,0,1,1,2,1
,2017_11973,39.658435,-104.920642,8/2/2017 17:30,17:30,12,0,0,I25 NORTHBOUND & HAMPDEN AVENUE EAST NORTHBOUND ENTRANCE GORE POINT,1,1,0,0,1,4,0,,55,0,0,0,0,0,1,3,1
,2017_11974,39.658686,-104.920756,1/5/2017 12:49,12:49,15,0,0,I25 NORTHBOUND & MM 202,5,1,0,4,1,4,0,,65,0,0,0,0,1,1,2,14
,2017_11975,39.659816,-104.921268,2/20/2017 13:24,13:24,12,0,0,I25 SOUTHBOUND & HAMPDEN AVENUE EAST,1,1,1,0,1,4,0,,55,0,0,0,0,0,1,2,3
,2017_11976,39.659816,-104.921268,7/17/2017 15:14,15:14,12,0,0,I25 NORTHBOUND & HAMPDEN AVENUE,1,1,0,0,1,4,0,,35,0,0,0,0,0,1,3,13
,2017_11977,39.660192,-104.921439,3/8/2017 11:45,11:45,15,0,0,I25 NORTHBOUND & YALE AVENUE EAST,1,1,1,0,1,4,0,,60,0,0,0,0,0,1,3,13
,2017_11978,39.661071,-104.921837,4/7/2017 8:54,8:54,15,0,0,I25 & YALE AVENUE EAST,1,1,0,0,1,4,0,,55,0,0,0,0,0,1,2,1
,2017_11979,39.661897,-104.922168,11/26/2017 13:23,13:23,15,0,0,I25 & MM 202,1,1,0,0,1,4,0,,55,0,0,0,0,0,1,2,13
,2017_11980,39.664183,-104.923264,11/3/2017 22:55,22:55,15,0,0,I25 & YALE AVENUE EAST NORTHBOUND EXIT GORE APPROXIMATELY,1,3,0,0,1,4,0,,65,0,0,0,0,0,1,2,13
,2017_11981,39.664683,-104.923563,1/16/2017 7:28,7:28,12,0,0,I25 SOUTHBOUND & YALE AVENUE EAST,11,1,1,2,1,4,0,,55,0,0,0,0,0,1,2,13
,2017_11983,39.664683,-104.923563,1/26/2017 9:20,9:20,12,0,0,I25 NORTHBOUND & YALE AVENUE EAST,1,1,1,0,1,4,0,,65,0,0,0,0,0,1,2,13
,2017_11984,39.664683,-104.923563,4/7/2017 7:53,7:53,12,0,0,I25 NORTHBOUND & YALE AVENUE EAST,1,1,0,0,1,4,0,,65,0,0,0,0,0,1,4,3
,2017_11985,39.664683,-104.923563,5/15/2017 7:36,7:36,15,0,0,I25 & YALE AVENUE EAST,1,1,0,0,1,4,0,,65,0,0,0,0,0,1,3,13
,2017_11986,39.664683,-104.923563,9/30/2017 1:42,1:42,12,0,0,I25 NORTHBOUND & YALE AVENUE EAST,1,3,0,0,1,4,0,,65,0,0,0,0,0,1,2,13
,2017_11987,39.664683,-104.923563,11/15/2017 6:31,6:31,12,0,0,I25 & YALE AVENUE EAST,1,1,0,0,1,4,0,,55,0,0,0,0,0,1,3,13
,2017_11988,39.664808,-104.923638,10/24/2017 6:58,6:58,12,0,0,I25 & YALE AVENUE EAST,1,1,0,0,1,4,0,,55,0,0,0,0,0,1,2,13
,2017_11989,39.665177,-104.923867,2/8/2017 11:45,11:45,12,0,0,I25 & YALE AVENUE EAST,1,1,1,0,1,4,0,,55,0,0,0,0,0,1,2,13
,2017_11990,39.665294,-104.923947,1/6/2017 18:20,18:20,12,0,0,I25 NORTHBOUND & YALE AVENUE EAST,10,3,0,0,1,4,0,,55,0,0,0,0,0,1,3,13
,2017_11991,39.665411,-104.924027,9/7/2017 8:15,8:15,12,0,0,I25 NORTHBOUND & YALE AVENUE EAST,1,1,0,0,1,4,0,,55,0,0,0,0,1,1,2,2
,2017_11992,39.665411,-104.924027,11/9/2017 17:25,17:25,12,0,0,I25 & YALE AVENUE EAST,1,3,0,0,1,4,0,,30,0,0,0,0,0,1,3,13
,2017_11993,39.666081,-104.924352,5/10/2017 9:53,9:53,12,0,0,I25 NORTHBOUND & YALE AVENUE EAST RAMP OFF CRASH CUSHION,1,1,0,0,1,4,0,,65,0,0,0,0,0,1,2,1
,2017_11994,39.666123,-104.924514,11/26/2017 14:43,14:43,12,0,0,I25 & YALE AVENUE EAST,1,1,0,0,1,4,0,,55,0,0,0,0,0,1,2,3
,2017_11995,39.680848,-104.935864,4/26/2017 18:12,18:12,12,0,0,I25 & YALE AVENUE EAST,1,2,0,0,1,4,0,,65,0,0,0,0,1,1,2,13
,2017_11996,39.666347,-104.924677,1/30/2017 9:10,9:10,12,0,0,I25 SOUTHBOUND & YALE AVENUE EAST,1,1,0,0,1,4,0,,55,0,0,0,0,0,1,2,4
,2017_11997,39.666347,-104.924677,1/12/2017 17:26,17:26,15,0,0,I25 NORTHBOUND RAMP OFF & YALE AVENUE EAST,1,4,0,0,1,8,0,,50,0,0,0,0,0,1,2,9
,2017_11998,39.666463,-104.924762,1/18/2017 8:59,8:59,12,0,0,I25 NORTHBOUND & YALE AVENUE EAST,1,1,0,0,1,4,0,,65,0,0,0,0,0,1,3,3
,2017_11999,39.666463,-104.924762,7/13/2017 12:53,12:53,12,0,0,I25 & YALE AVENUE EAST,1,1,0,0,1,4,0,,65,0,0,0,0,0,1,2,3
,2017_12000,39.666579,-104.924848,1/6/2017 18:29,18:29,12,0,0,I25 NORTHBOUND & YALE AVENUE EAST,5,3,0,0,1,4,0,,55,0,0,0,0,0,1,2,13
,2017_12001,39.666579,-104.924848,5/9/2017 15:54,15:54,12,0,0,I25 & YALE AVENUE EAST,1,1,0,0,1,4,0,,65,0,0,0,0,0,1,2,13
,2017_12002,39.666579,-104.924848,5/13/2017 18:00,18:00,12,0,0,I25 NORTHBOUND & YALE AVENUE EAST,1,1,0,0,1,4,0,,65,0,0,0,0,0,1,2,13
,2017_12003,39.666579,-104.924848,6/13/2017 18:00,18:00,12,0,0,I25 & YALE AVENUE EAST,1,1,1,0,1,4,0,,55,0,0,0,0,0,1,2,13
,2017_12004,39.666579,-104.924848,12/9/2017 17:56,17:56,12,0,0,I25 & YALE AVENUE EAST,1,2,1,1,1,4,0,,60,0,0,0,0,0,1,2,13
,2017_12005,39.667044,-104.925188,12/22/2017 13:03,13:03,12,0,0,I25 & YALE AVENUE EAST,1,1,0,0,1,4,0,,60,0,0,0,0,0,1,2,13
,2017_12006,39.667393,-104.925443,12/12/2017 17:36,17:36,12,0,0,I25 & YALE AVENUE WEST,1,3,0,0,1,4,0,,65,0,0,0,0,0,1,2,13
,2017_12007,39.679458,-104.934508,11/14/2017 22:05,22:05,5,0,0,I25 & EVANS AVENUE EAST,1,3,0,0,2,4,0,,,0,0,0,0,0,1,1,3
,2017_12008,39.667509,-104.925528,4/9/2017 13:48,13:48,12,0,0,I25 NORTHBOUND RAMP OFF & YALE AVENUE EAST,1,1,0,0,1,8,0,,40,0,0,0,0,0,1,2,14
,2017_12009,39.667623,-104.925611,1/13/2017 9:59,9:59,12,0,0,I25 SOUTHBOUND & YALE AVENUE EAST,1,1,0,0,1,4,0,,25,0,0,0,0,0,1,2,3
,2017_12010,39.683996,-104.945417,11/21/2017 7:43,7:43,5,0,0,I25 SOUTHBOUND & COLORADO BOULEVARD EXIT GORE,1,1,0,0,3,4,0,,60,0,0,0,0,1,1,1,12
,2017_12011,39.667623,-104.925611,1/20/2017 6:29,6:29,12,0,0,I25 NORTHBOUND & YALE AVENUE EAST,2,1,0,0,1,4,0,,55,0,0,0,0,0,1,3,13
,2017_12012,39.667623,-104.925611,2/3/2017 7:35,7:35,12,0,0,I25 SOUTHBOUND & YALE AVENUE EAST,2,1,0,4,1,4,0,,55,0,0,0,0,0,1,2,3
,2017_12013,39.667623,-104.925611,2/11/2017 23:04,23:04,15,0,0,I25 SOUTHBOUND & YALE AVENUE EAST,1,3,0,0,1,4,0,,55,0,0,0,0,0,1,2,13
,2017_12014,39.667623,-104.925611,2/28/2017 15:25,15:25,12,0,0,I25 SOUTHBOUND & YALE AVENUE,1,1,0,0,1,4,0,,50,0,0,0,0,0,1,2,13
,2017_12015,39.667623,-104.925611,3/3/2017 7:37,7:37,12,0,0,I25 & YALE AVENUE EAST,1,1,0,0,1,4,0,,65,0,0,0,0,0,1,3,3
,2017_12016,39.667623,-104.925611,3/13/2017 6:17,6:17,12,0,1,I25_NB & YALE AVENUE EAST,1,3,0,0,1,4,0,,55,0,0,0,0,2,1,2,1
,2017_12017,39.667623,-104.925611,3/31/2017 14:37,14:37,12,0,0,I25 SOUTHBOUND & YALE AVENUE EAST,2,1,0,1,1,4,0,,60,0,0,0,0,0,1,3,1
,2017_12018,39.667623,-104.925611,4/19/2017 16:05,16:05,12,0,0,I25 & YALE AVENUE EAST,1,1,0,0,1,4,0,,55,0,0,0,0,0,1,3,13
,2017_12019,39.667623,-104.925611,4/21/2017 14:45,14:45,12,0,0,I25 SOUTHBOUND & YALE AVENUE EAST,1,1,0,0,1,4,0,,55,0,0,0,0,0,1,2,1
,2017_12020,39.667623,-104.925611,4/27/2017 15:09,15:09,12,0,0,I25 & YALE AVENUE EAST,1,1,0,0,1,4,0,,65,0,0,0,0,0,1,2,1
,2017_12021,39.667623,-104.925611,5/4/2017 17:22,17:22,12,0,0,I25 & YALE AVENUE EAST,1,1,0,0,1,4,0,,60,0,0,0,0,0,1,4,13
,2017_12022,39.667623,-104.925611,6/16/2017 7:31,7:31,12,0,0,I25 & YALE AVENUE EAST,1,1,0,0,1,4,0,,55,0,0,0,0,1,1,2,13
,2017_12023,39.667623,-104.925611,6/29/2017 14:34,14:34,15,0,0,I25 & YALE AVENUE EAST,1,1,0,0,1,4,0,,55,0,0,0,0,0,1,2,13
,2017_12024,39.667623,-104.925611,7/28/2017 14:24,14:24,5,0,0,I25 NORTHBOUND & YALE AVENUE EAST,1,1,0,0,2,4,0,,65,0,0,0,0,1,1,2,13
,2017_12025,39.667623,-104.925611,8/11/2017 10:40,10:40,12,0,0,I25 NORTHBOUND & YALE AVENUE EAST,1,1,0,0,1,4,0,,65,0,0,0,0,0,1,2,13
,2017_12026,39.667623,-104.925611,8/14/2017 18:36,18:36,12,0,0,I25 & YALE AVENUE EAST,1,1,0,0,1,4,0,,65,0,0,0,0,0,1,2,13
,2017_12027,39.667623,-104.925611,8/15/2017 8:25,8:25,12,0,0,I25 NORTHBOUND & YALE AVENUE EAST,1,1,0,0,1,4,0,,65,0,0,0,0,0,1,2,1
,2017_12029,39.667623,-104.925611,8/24/2017 6:35,6:35,5,0,0,I25 & YALE AVENUE EAST,1,1,0,0,1,4,0,,65,0,0,0,0,0,1,3,13
,2017_12030,39.667623,-104.925611,9/21/2017 17:45,17:45,12,0,0,I25 NORTHBOUND & YALE AVENUE EAST,1,2,0,0,1,4,0,,60,0,0,0,0,1,1,3,13
,2017_12031,39.667623,-104.925611,10/14/2017 8:20,8:20,15,0,0,I25 & YALE AVENUE EAST,1,1,0,0,1,4,0,,65,0,0,0,0,0,1,2,1
,2017_12032,39.667623,-104.925611,10/21/2017 5:17,5:17,15,0,0,I25 & YALE AVENUE EAST,1,3,1,0,1,4,0,,65,0,0,0,0,0,1,2,2
,2017_12033,39.667623,-104.925611,11/2/2017 6:34,6:34,12,0,0,I25 & YALE AVENUE EAST,1,3,0,0,1,4,0,,60,0,0,0,0,0,1,2,13
,2017_12034,39.667623,-104.925611,11/6/2017 7:39,7:39,12,0,0,I25 & YALE AVENUE EAST,1,1,0,0,1,4,0,,55,0,0,0,0,1,1,2,2
,2017_12035,39.667623,-104.925611,11/8/2017 9:39,9:39,15,0,0,I25 & YALE AVENUE,1,1,1,0,1,4,0,,55,0,0,0,0,0,1,2,13
,2017_12036,39.667623,-104.925611,12/1/2017 7:52,7:52,12,0,0,I25 & YALE AVENUE EAST,1,1,0,0,1,4,0,,55,0,0,0,0,0,1,2,13
,2017_12037,39.667623,-104.925611,12/7/2017 9:35,9:35,12,0,0,I25 & YALE AVENUE EAST,1,1,3,0,1,4,0,,35,0,0,0,0,0,1,2,13
,2017_12038,39.667623,-104.925611,12/8/2017 14:20,14:20,12,0,0,I25 & YALE AVENUE EAST,1,1,0,0,1,4,0,,60,0,0,0,0,1,1,2,1
,2017_12039,39.667623,-104.925611,12/19/2017 13:55,13:55,12,0,0,I25 & YALE AVENUE EAST,1,1,0,0,1,4,0,,60,0,0,0,0,0,1,2,13
,2017_12040,39.667623,-104.925611,3/30/2017 17:35,17:35,12,0,0,YALE AVENUE EAST & I25,1,1,1,0,1,4,0,,35,0,0,0,0,0,1,2,13
,2017_12041,39.667623,-104.925611,10/8/2017 10:57,10:57,12,0,0,YALE AVENUE EAST WB & I25 INTCH,1,1,0,0,1,4,0,,30,0,0,0,0,0,1,2,13
,2017_12042,39.667623,-104.925611,11/24/2017 16:05,16:05,12,0,0,YALE AVENUE EAST & I25,1,1,0,0,1,4,0,,,0,0,0,0,0,1,2,13