id,drcog_id,latitude,longitude,crashtime,time,crashtype,numbkilled,numbinjurd,drcoglocat,rdconditin,lightngcon,roadcntgrd,weatherco,location,roaddescrp,constrzone,schoolzone,splimit,bikeinv,pedinv,sctrinv,motoinv,svrty,rdsystem,ttlvehcls,hcf
,2017_12043,39.667623,-104.925611,2/10/2017 12:31,12:31,15,0,0,I25 & YALE AVENUE EAST,1,1,1,0,1,1,0,,30,0,0,0,0,0,1,2,13
,2017_12044,39.667623,-104.925611,3/17/2017 13:00,13:00,12,0,0,YALE AVENUE EAST & I25 SOUTHBOUND RAMPS,1,1,0,0,1,1,0,,30,0,0,0,0,0,1,2,13
,2017_12045,39.667623,-104.925611,3/22/2017 16:07,16:07,3,0,0,I25 SOUTHBOUND OFF RAMP & YALE AVENUE EAST,1,1,0,0,1,1,0,,35,0,0,0,0,0,1,2,3
,2017_12046,39.667623,-104.925611,3/22/2017 16:07,16:07,3,0,0,YALE AVENUE EAST & I25 SOUTHBOUND RAMP OFF,1,5,0,0,1,1,0,,35,0,0,0,0,0,1,2,3
,2017_12047,39.667623,-104.925611,3/11/2017 0:00,0:00,3,0,0,YALE AVENUE EAST & I25 NORTHBOUND OFF RAMP,1,1,1,0,1,1,0,,35,0,0,0,0,0,1,2,13
,2017_12048,39.69957,-104.985124,6/22/2017 1:56,1:56,5,0,0,I25 SOUTHBOUND & LOGAN STREET SOUTH,1,3,0,0,2,4,0,,60,0,0,0,0,0,1,1,13
,2017_12049,39.667623,-104.925611,4/19/2017 6:54,6:54,1,0,0,YALE AVENUE EAST & I25 NORTHBOUND RAMPS,1,1,0,0,1,1,0,,30,0,0,0,0,0,1,2,13
,2017_12050,39.667623,-104.925611,8/10/2017 13:00,13:00,12,0,0,YALE AVENUE EAST & I25 NORTHBOUND SLIP OFF RAMP,1,1,0,0,1,1,0,,30,0,0,0,0,0,1,2,13
,2017_12051,39.667623,-104.925611,12/14/2017 15:56,15:56,15,0,0,YALE AVENUE EAST & I25 NORTHBOUND OFF RAMP,1,1,0,0,1,1,0,,30,0,0,0,0,0,1,2,13
,2017_12052,39.668288,-104.926059,11/9/2017 16:11,16:11,12,0,0,I25 & YALE AVENUE EAST,1,1,0,0,1,4,0,,60,0,0,0,0,0,1,2,13
,2017_12053,39.668731,-104.926356,3/10/2017 16:20,16:20,12,0,0,I25 SOUTHBOUND & YALE AVENUE EAST,1,1,0,0,1,4,0,,65,0,0,0,0,0,1,2,1
,2017_12054,39.670673,-104.927635,3/9/2017 6:33,6:33,12,0,0,I25 NORTHBOUND ON RAMP & YALE AVENUE EAST,1,1,0,0,1,8,0,,65,0,0,0,0,0,1,2,3
,2017_12055,39.670889,-104.927774,3/7/2017 8:35,8:35,15,0,0,I25 SOUTHBOUND & YALE AVENUE EAST,1,1,0,0,1,4,0,,55,0,0,0,0,0,1,2,13
,2017_12056,39.684921,-104.959322,2/1/2017 1:57,1:57,5,0,0,I25 NORTHBOUND RAMP OFF & UNIVERSITY BOULEVARD SOUTH,1,3,0,0,6,8,0,,30,0,0,0,0,0,1,1,5
,2017_12057,39.670889,-104.927774,5/4/2017 8:35,8:35,12,0,0,I25 & YALE AVENUE EAST,1,1,0,0,1,4,0,,65,0,0,0,0,0,1,2,13
,2017_12058,39.670889,-104.927774,12/4/2017 9:40,9:40,12,0,0,I25 & YALE AVENUE EAST,1,1,0,0,1,4,0,,60,0,0,0,0,0,1,2,13
,2017_12059,39.671956,-104.928483,7/1/2017 9:57,9:57,12,0,0,I25 & MM 203,1,1,0,0,1,4,0,,,0,0,0,0,0,1,2,13
,2017_12060,39.672874,-104.929141,11/14/2017 18:18,18:18,12,0,0,I25 & YALE AVENUE EAST,1,4,0,0,1,4,0,,65,0,0,0,0,0,1,2,13
,2017_12061,39.673267,-104.929423,10/10/2017 15:55,15:55,15,0,0,I25 & MM 203.10 APPROXIMATELY,1,1,0,0,1,4,0,,50,0,0,0,0,0,1,3,7
,2017_12062,39.674447,-104.930268,7/27/2017 20:20,20:20,5,0,0,I25 SOUTHBOUND & YALE AVENUE EAST,1,3,0,0,2,4,0,,65,0,0,0,0,1,1,1,13
,2017_12063,39.67484,-104.93055,8/4/2017 22:32,22:32,12,0,0,I25 NORTHBOUND & EVANS AVENUE EAST EXIT GORE APPROXIMATELY,1,3,0,0,1,4,0,,65,0,0,0,0,0,1,2,2
,2017_12064,39.675295,-104.930915,5/12/2017 14:43,14:43,12,0,0,I25 & EVANS AVENUE EAST,1,1,0,0,1,4,0,,50,0,0,0,0,0,1,2,13
,2017_12065,39.676507,-104.931941,10/23/2017 8:42,8:42,12,0,1,I25 & EVANS AVENUE EAST,1,1,0,0,1,4,0,,55,0,0,0,0,2,1,2,1
,2017_12066,39.676772,-104.932051,3/20/2017 0:23,0:23,5,0,1,I25 NORTHBOUND EXIT CRASH CUSHION & EVANS AVENUE EAST APPROXIMATELY,1,3,0,0,1,4,0,,55,0,0,0,0,2,1,1,13
,2017_12067,39.678367,-104.933559,4/14/2017 11:52,11:52,12,0,0,EVANS AVENUE 4500 BLOCK EAST & I25 SOUTHBOUND RAMPS,1,1,0,0,1,1,0,,,0,0,0,0,0,1,2,13
,2017_12069,39.677273,-104.932607,6/9/2017 14:50,14:50,12,0,0,I25 & EVANS AVENUE EAST,1,1,1,0,1,4,0,,55,0,0,0,0,0,1,2,3
,2017_12070,39.677382,-104.932703,6/7/2017 21:44,21:44,15,0,0,I25 & EVANS AVENUE EAST,1,4,1,0,1,4,0,,55,0,0,0,0,0,1,4,1
,2017_12071,39.677382,-104.932703,10/27/2017 16:22,16:22,12,0,0,I25 & EVANS AVENUE EAST,1,1,0,0,1,4,0,,60,0,0,0,0,0,1,2,1
,2017_12072,39.67771,-104.932988,5/27/2017 16:15,16:15,15,0,0,I25 & EVANS AVENUE EAST,1,1,0,0,1,4,0,,60,0,0,0,0,0,1,3,1
,2017_12073,39.677929,-104.933178,6/9/2017 15:00,15:00,12,0,0,I25 & EVANS AVENUE EAST,1,1,1,0,1,4,0,,65,0,0,0,0,0,1,3,13
,2017_12074,39.677929,-104.933178,10/5/2017 16:38,16:38,12,0,0,I25 & EVANS AVENUE EAST,1,1,1,0,1,4,0,,65,0,0,0,0,1,1,2,13
,2017_12077,39.678148,-104.933369,3/14/2017 21:05,21:05,12,0,0,I25 NORTHBOUND & EVANS AVENUE EAST,1,3,0,0,1,4,0,,35,0,0,0,0,1,1,3,1
,2017_12078,39.678148,-104.933369,11/26/2017 12:17,12:17,5,0,0,I25 & EVANS AVENUE EAST,1,1,0,0,3,4,0,,,0,0,0,0,0,1,1,13
,2017_12079,39.678257,-104.933464,10/28/2017 15:25,15:25,12,0,0,I25 NORTHBOUND OFF RAMP & EVANS AVENUE EAST,1,1,0,0,1,8,0,,25,0,0,0,0,0,1,2,3
,2017_12080,39.678367,-104.933559,1/4/2017 15:12,15:12,5,0,0,I25 SOUTHBOUND & EVANS AVENUE EAST,4,1,0,2,2,4,0,,60,0,0,0,0,0,1,1,1
,2017_12081,39.678367,-104.933559,3/31/2017 5:46,5:46,15,0,0,I25 & EVANS AVENUE EAST,1,3,0,0,1,4,0,,60,0,0,0,0,0,1,2,3
,2017_12082,39.678367,-104.933559,5/3/2017 8:33,8:33,12,0,0,I25 & EVANS AVENUE EAST,2,1,1,1,1,4,0,,65,0,0,0,0,1,1,2,13
,2017_12083,39.678367,-104.933559,5/24/2017 16:50,16:50,12,0,0,I25 & EVANS AVENUE EAST,1,1,0,0,1,4,0,,60,0,0,0,0,0,1,3,7
,2017_12084,39.678367,-104.933559,6/14/2017 8:40,8:40,12,0,0,I25 & EVANS AVENUE EAST,1,1,1,0,1,4,0,,60,0,0,0,0,0,1,2,13
,2017_12085,39.683094,-104.940452,1/5/2017 15:42,15:42,9,0,0,I25 & COLORADO BOULEVARD SOUTH,5,1,0,2,2,4,0,,55,0,0,0,0,0,1,2,13
,2017_12086,39.678367,-104.933559,6/15/2017 7:34,7:34,12,0,0,I25 & EVANS AVENUE EAST,1,1,0,0,1,4,0,,60,0,0,0,0,0,1,2,3
,2017_12087,39.678367,-104.933559,7/14/2017 0:55,0:55,15,0,0,I25 & EVANS AVENUE EAST,1,3,0,0,1,4,0,,65,0,0,0,0,0,1,2,13
,2017_12088,39.678367,-104.933559,7/20/2017 14:25,14:25,12,0,0,I25 & EVANS AVENUE EAST,1,1,0,0,1,4,0,,60,0,0,0,0,1,1,2,13
,2017_12089,39.678367,-104.933559,7/25/2017 16:01,16:01,12,0,0,I25 NORTHBOUND & EVANS AVENUE EAST,1,1,0,0,1,4,0,,60,0,0,0,0,0,1,2,13
,2017_12090,39.783149,-105.006371,5/18/2017 8:19,8:19,5,0,0,I70 & PECOS STREET NORTH,2,1,0,1,2,4,0,,55,0,0,0,0,0,1,1,3
,2017_12091,39.678367,-104.933559,9/27/2017 10:15,10:15,15,0,0,I25 & EVANS AVENUE EAST,2,1,0,1,1,4,0,,65,0,0,0,0,0,1,2,1
,2017_12092,39.678367,-104.933559,9/27/2017 10:16,10:16,12,0,0,I25 & EVANS AVENUE EAST,1,1,0,1,1,4,0,,65,0,0,0,0,0,1,2,13
,2017_12093,39.678367,-104.933559,10/25/2017 9:05,9:05,12,0,0,I25 & EVANS AVENUE EAST,1,1,0,0,1,4,0,,60,0,0,0,0,0,1,2,7
,2017_12094,39.678367,-104.933559,11/21/2017 8:57,8:57,15,0,0,I25 & EVANS AVENUE EAST,1,1,0,0,1,4,0,,65,0,0,0,0,0,1,2,1
,2017_12095,39.678367,-104.933559,12/7/2017 7:43,7:43,12,0,0,I25 & EVANS AVENUE EAST,1,1,0,0,1,4,0,,65,0,0,0,0,0,1,2,3
,2017_12096,39.678367,-104.933559,12/27/2017 6:33,6:33,15,0,0,I25 & EVANS AVENUE EAST,1,2,0,0,1,4,0,,60,0,0,0,0,0,1,2,3
,2017_12097,39.678367,-104.933559,2/16/2017 21:45,21:45,12,0,0,EVANS AVENUE EAST & I25,1,3,0,0,1,4,0,,35,0,0,0,0,0,1,2,7
,2017_12098,39.678367,-104.933559,6/21/2017 17:20,17:20,12,0,0,EVANS AVENUE EAST & I25 NORTHBOUND RAMPS,1,1,0,0,1,4,0,,35,0,0,0,0,0,1,2,12
,2017_12099,39.678367,-104.933559,1/23/2017 6:33,6:33,12,0,0,EVANS AVENUE EAST & I25 HIGHWAY NORTHBOUND EXIT RAMP,1,3,0,0,1,3,0,,35,0,0,0,0,0,1,2,13
,2017_12100,39.678367,-104.933559,3/20/2017 7:54,7:54,3,0,0,I25 NORTHBOUND RAMPS & EVANS AVENUE EAST,1,1,0,0,1,1,0,,35,0,0,0,0,0,1,2,13
,2017_12101,39.678367,-104.933559,4/5/2017 7:02,7:02,12,0,0,EVANS AVENUE EAST & I25 SOUTHBOUND RAMPS,1,1,0,0,1,1,0,,35,0,0,0,0,0,1,2,1
,2017_12102,39.678367,-104.933559,8/3/2017 2:24,2:24,12,0,0,EVANS AVENUE EAST & I25 SOUTHBOUND OFF RAMP,2,3,0,1,1,1,0,,35,0,0,0,0,0,1,2,13
,2017_12103,39.678367,-104.933559,8/16/2017 1:53,1:53,3,0,0,EVANS AVENUE EAST & I25 SOUTHBOUND RAMPS,1,3,0,0,1,1,0,,35,0,0,0,0,0,1,2,6
,2017_12104,39.678367,-104.933559,10/26/2017 15:18,15:18,15,0,0,EVANS AVENUE EAST & I25 SOUTHBOUND RAMPS,1,1,0,0,1,1,0,,35,0,0,0,0,0,1,2,13
,2017_12105,39.678367,-104.933559,11/21/2017 12:58,12:58,3,0,0,EVANS AVENUE & I25 SOUTHBOUND OFF RAMP,1,1,0,0,1,1,0,,30,0,0,0,0,0,1,2,1
,2017_12106,39.720891,-105.007917,5/3/2017 13:15,13:15,5,0,1,I25 & SIXTH AVENUE WEST,2,1,0,0,3,4,0,,50,0,0,0,0,2,1,1,12
,2017_12107,39.678367,-104.933559,2/8/2017 10:46,10:46,1,0,0,EVANS AVENUE EAST & I25 NORTHBOUND RAMPS,1,1,0,0,1,1,0,,35,0,0,0,0,0,1,2,13
,2017_12108,39.678367,-104.933559,2/21/2017 13:09,13:09,1,0,0,EVANS AVENUE EAST & I25 NORTHBOUND RAMPS,1,1,1,0,1,1,0,,30,0,0,0,0,0,1,2,13
,2017_12109,39.678367,-104.933559,4/14/2017 12:36,12:36,12,0,1,EVANS AVENUE EAST & I25 NORTHBOUND RAMPS,1,1,0,0,1,3,0,,35,0,0,0,0,2,1,2,3
,2017_12110,39.678367,-104.933559,6/6/2017 9:24,9:24,12,0,0,EVANS AVENUE 4600 BLOCK EAST & I25 NORTHBOUND ON RAMP,1,1,0,0,1,3,0,,40,0,0,0,0,0,1,3,13
,2017_12111,39.678367,-104.933559,6/12/2017 13:59,13:59,3,0,0,EVANS AVENUE EAST & I25 HIGHWAY NORTHBOUND RAMP,1,1,0,0,1,1,0,,35,0,0,0,0,1,1,2,12
,2017_12112,39.678367,-104.933559,7/29/2017 16:50,16:50,3,0,0,EVANS AVENUE 4600 BLOCK EAST & I25 NORTHBOUND RAMP OFF,1,1,0,0,1,3,0,,30,0,0,0,0,0,1,2,3
,2017_12113,39.678367,-104.933559,8/6/2017 22:10,22:10,5,0,0,EVANS AVENUE EAST & I25 NORTHBOUND RAMPS,1,3,1,0,4,1,0,,35,0,0,0,0,1,1,1,5
,2017_12114,39.755212,-105.012623,2/10/2017 10:57,10:57,15,0,0,I25 SOUTHBOUND & SPEER BOULEVARD NORTH,1,1,0,0,1,4,0,,65,0,0,0,0,0,1,2,14
,2017_12115,39.678367,-104.933559,10/7/2017 9:00,9:00,12,0,0,EVANS AVENUE EAST & I25 NORTHBOUND RAMP ON,1,1,0,0,1,1,0,,35,0,0,0,0,0,1,3,13
,2017_12116,39.678367,-104.933559,10/17/2017 22:45,22:45,3,0,1,EVANS AVENUE EAST & I25 NORTHBOUND RAMPS,1,3,0,0,1,1,0,,40,0,0,0,0,2,1,2,13
,2017_12117,39.678476,-104.933654,7/24/2017 9:05,9:05,12,0,0,I25 NORTHBOUND RAMP ON & EVANS AVENUE EAST,1,1,1,0,1,8,0,,35,0,0,0,0,1,1,2,1
,2017_12118,39.678476,-104.933654,10/17/2017 9:58,9:58,12,0,0,I25 & EVANS AVENUE EAST,1,1,1,0,1,8,0,,55,0,0,0,0,0,1,2,3
,2017_12119,39.678476,-104.933654,3/8/2017 13:45,13:45,12,0,0,I25 RAMP OFF & EVANS AVENUE EAST,1,1,1,0,1,8,0,,25,0,0,0,0,0,1,2,1
,2017_12120,39.678476,-104.933654,9/13/2017 5:50,5:50,12,0,0,I25 SOUTHBOUND RAMP OFF & EVANS AVENUE EAST,1,3,0,0,1,8,0,,45,0,0,0,0,0,1,2,13
,2017_12121,39.678586,-104.933749,9/18/2017 10:00,10:00,12,0,0,I25 & EVANS AVENUE EAST,1,1,1,0,1,4,0,,35,0,0,0,0,0,1,2,6
,2017_12122,39.678804,-104.93394,6/30/2017 22:40,22:40,12,0,0,I25 NORTHBOUND & EVANS AVENUE EAST,1,3,1,0,1,4,0,,35,0,0,0,0,1,1,2,5
,2017_12123,39.679621,-104.934347,6/29/2017 15:56,15:56,12,0,0,I25 NORTHBOUND ON RAMP METER LIGHT & EVANS AVENUE EAST,1,1,1,0,1,8,0,,,0,0,0,0,0,1,2,3
,2017_12124,39.679621,-104.934347,7/24/2017 15:06,15:06,12,0,0,I25 NORTHBOUND RAMP ON METER LIGHT & EVANS AVENUE EAST,1,1,1,0,1,8,0,,30,0,0,0,0,0,1,2,8
,2017_12125,39.679621,-104.934347,8/29/2017 11:32,11:32,12,0,0,I25 NORTHBOUND RAMP ON METER LIGHT & EVANS AVENUE EAST,1,1,2,0,1,8,0,,45,0,0,0,0,0,1,2,3
,2017_12126,39.679621,-104.934347,9/1/2017 7:02,7:02,12,0,0,I25 NORTHBOUND RAMP ON METER LIGHT & EVANS AVENUE EAST,1,1,1,0,1,8,0,,40,0,0,0,0,0,1,2,13
,2017_12127,39.679621,-104.934347,9/28/2017 6:36,6:36,12,0,0,I25 NORTHBOUND ON RAMP METER LIGHT & EVANS AVENUE EAST,2,3,1,1,1,8,0,,60,0,0,0,0,1,1,2,1
,2017_12128,39.679757,-104.934789,4/26/2017 19:36,19:36,12,0,0,I25 NORTHBOUND & MM 203.9,1,1,0,0,1,4,0,,55,0,0,0,0,0,1,2,13
,2017_12129,39.68035,-104.935346,5/28/2017 17:23,17:23,15,0,0,I25 & EVANS AVENUE EAST,1,1,0,0,1,4,0,,65,0,0,0,0,0,1,3,14
,2017_12130,39.680951,-104.936001,9/21/2017 7:50,7:50,12,0,1,I25 & COLORADO BOULEVARD,1,1,0,0,1,4,0,,55,0,0,0,0,2,1,2,13
,2017_12131,39.680308,-104.93581,3/13/2017 14:18,14:18,5,0,0,I25 SOUTHBOUND RAMP OFF CRASH CUSHION & EVANS AVENUE,1,1,0,0,3,4,0,,50,0,0,0,0,0,1,1,14
,2017_12132,39.682029,-104.93761,1/19/2017 7:41,7:41,12,0,0,I25 SOUTHBOUND & COLORADO BOULEVARD SOUTH APPROXIMATELY,1,1,0,0,1,4,0,,60,0,0,0,0,0,1,2,14
,2017_12133,39.682029,-104.93761,2/25/2017 1:45,1:45,5,0,0,I25 NORTHBOUND & COLORADO BOULEVARD SOUTH,1,3,0,0,3,4,0,,50,0,0,0,0,0,1,2,3
,2017_12134,39.682114,-104.937779,1/14/2017 8:00,8:00,5,0,0,I25 NORTHBOUND 1900 BLOCK SOUTH & COLORADO BOULEVARD SOUTH,1,1,0,0,2,4,0,,55,0,0,0,0,1,1,1,1
,2017_12135,39.683094,-104.940452,7/21/2017 8:52,8:52,15,0,0,I25 & COLORADO BOULEVARD SOUTH,1,1,0,0,1,4,0,,60,0,0,0,0,0,1,2,1
,2017_12136,39.682457,-104.938472,2/24/2017 18:42,18:42,12,0,0,I25 & COLORADO BOULEVARD SOUTH,1,3,0,0,1,4,0,,50,0,0,0,0,1,1,2,5
,2017_12137,39.670884,-104.928196,6/22/2017 15:55,15:55,15,0,0,I25 SOUTHBOUND EXIT LANE & EVANS AVENUE EAST,1,1,0,0,1,4,0,,60,0,0,0,0,0,1,2,13
,2017_12138,39.682833,-104.939479,4/26/2017 20:28,20:28,12,0,0,I25 & COLORADO BOULEVARD SOUTH,1,3,0,0,1,4,0,,60,0,0,0,0,0,1,2,13
,2017_12139,39.682905,-104.939724,3/17/2017 9:40,9:40,12,0,0,I25 NORTHBOUND EXIT RAMP & COLORADO BOULEVARD SOUTH,1,1,0,0,1,8,0,,45,0,0,0,0,0,1,2,13
,2017_12140,39.682977,-104.939968,9/21/2017 16:50,16:50,12,0,0,I25 & COLORADO BOULEVARD SOUTH,1,1,0,0,1,4,0,,60,0,0,0,0,1,1,3,7
,2017_12141,39.683058,-104.940299,1/5/2017 18:17,18:17,12,0,0,I25 NORTHBOUND OFF RAMP & COLORADO BOULEVARD SOUTH,4,3,0,0,1,8,0,,35,0,0,0,0,0,1,2,13
,2017_12142,39.683058,-104.940299,1/27/2017 10:52,10:52,12,0,0,I25 NORTHBOUND RAMP OFF & COLORADO BOULEVARD SOUTH,1,1,1,0,1,8,0,,35,0,0,0,0,0,1,2,12
,2017_12143,39.683058,-104.940299,3/10/2017 19:45,19:45,12,0,0,I25 NORTHBOUND RAMP OFF & COLORADO BOULEVARD SOUTH,1,3,0,0,1,8,0,,35,0,0,0,0,1,1,3,13
,2017_12144,39.683058,-104.940299,4/20/2017 13:30,13:30,12,0,0,I25 NORTHBOUND RAMP OFF & COLORADO BOULEVARD SOUTH,1,1,1,0,1,8,0,,45,0,0,0,0,0,1,2,13
,2017_12145,39.683058,-104.940299,8/16/2017 15:10,15:10,12,0,0,I25 NORTHBOUND OFF RAMP & COLORADO BOULEVARD SOUTH,1,1,1,0,1,8,0,,,0,0,0,0,0,1,2,13
,2017_12146,39.683094,-104.940452,1/3/2017 7:48,7:48,12,0,0,I25 SOUTHBOUND & COLORADO BOULEVARD SOUTH,1,1,0,0,1,4,0,,55,0,0,0,0,0,1,2,13
,2017_12147,39.683094,-104.940452,1/4/2017 6:59,6:59,12,0,0,I25 SOUTHBOUND & COLORADO BOULEVARD SOUTH,2,1,0,2,1,4,0,,60,0,0,0,0,0,1,3,3
,2017_12148,39.683094,-104.940452,1/16/2017 8:15,8:15,12,0,0,I25 & COLORADO BOULEVARD SOUTH,5,1,0,2,1,4,0,,,0,0,0,0,0,1,2,13
,2017_12149,39.683094,-104.940452,1/27/2017 7:35,7:35,12,0,0,I25 SOUTHBOUND & COLORADO BOULEVARD SOUTH,1,1,0,0,1,4,0,,50,0,0,0,0,0,1,2,1
,2017_12150,39.683094,-104.940452,1/31/2017 17:05,17:05,12,0,0,I25 SOUTHBOUND & COLORADO BOULEVARD SOUTH,1,1,0,0,1,4,0,,60,0,0,0,0,0,1,3,13
,2017_12151,39.683094,-104.940452,3/9/2017 15:24,15:24,12,0,0,I25 SOUTHBOUND & COLORADO BOULEVARD,1,1,0,0,1,4,0,,60,0,0,0,0,1,1,2,14
,2017_12152,39.759182,-105.007117,12/6/2017 12:00,12:00,12,0,0,I25 & 20TH STREET,1,1,1,0,1,4,0,,,0,0,0,0,0,1,2,13
,2017_12153,39.683094,-104.940452,3/10/2017 7:05,7:05,12,0,0,I25 & COLORADO BOULEVARD SOUTH,1,1,0,0,1,4,0,,60,0,0,0,0,0,1,4,3
,2017_12154,39.683094,-104.940452,3/17/2017 17:26,17:26,12,0,0,I25 SOUTHBOUND & COLORADO BOULEVARD SOUTH INTRCHG,1,1,0,0,1,4,0,,60,0,0,0,0,1,1,2,1
,2017_12155,39.683094,-104.940452,8/30/2017 8:35,8:35,12,0,0,I25 & EVANS AVENUE EAST,1,1,0,0,1,4,0,,65,0,0,0,0,1,1,2,1
,2017_12156,39.683094,-104.940452,3/21/2017 16:40,16:40,12,0,0,I25 SOUTHBOUND & COLORADO BOULEVARD SOUTH,1,1,0,0,1,4,0,,50,0,0,0,0,0,1,3,1
,2017_12157,39.683094,-104.940452,4/6/2017 15:56,15:56,12,0,0,I25 SOUTHBOUND & COLORADO BOULEVARD SOUTH,1,1,0,0,1,4,0,,,0,0,0,0,0,1,3,13
,2017_12158,39.683094,-104.940452,5/16/2017 10:14,10:14,12,0,0,I25 & COLORADO BOULEVARD SOUTH INTRCHG,1,1,0,0,1,4,0,,65,0,0,0,0,0,1,2,13
,2017_12159,39.683094,-104.940452,5/26/2017 17:35,17:35,12,0,0,I25 & COLORADO BOULEVARD SOUTH,1,1,0,0,1,4,0,,65,0,0,0,0,0,1,2,13
,2017_12160,39.683094,-104.940452,6/9/2017 15:28,15:28,15,0,0,I25 & COLORADO BOULEVARD,1,1,0,0,1,4,0,,65,0,0,0,0,0,1,2,3
,2017_12161,39.683094,-104.940452,6/22/2017 14:55,14:55,12,0,0,I25 & COLORADO BOULEVARD SOUTH,1,1,0,0,1,4,0,,55,0,0,0,0,1,1,2,13
,2017_12162,39.683094,-104.940452,7/7/2017 17:10,17:10,12,0,0,I25 & COLORADO BOULEVARD SOUTH,1,1,0,0,1,4,0,,55,0,0,0,0,1,1,3,13
,2017_12163,39.683094,-104.940452,7/17/2017 8:13,8:13,12,0,0,I25 NORTHBOUND & COLORADO BOULEVARD SOUTH,1,1,0,0,1,4,0,,60,0,0,0,0,0,1,2,3
,2017_12164,39.683094,-104.940452,8/4/2017 10:12,10:12,15,0,0,I25 NORTHBOUND & COLORADO BOULEVARD SOUTH,1,1,0,0,1,4,0,,55,0,0,0,0,0,1,2,14
,2017_12165,39.723881,-105.011684,10/24/2017 6:15,6:15,12,0,0,I25 & SIXTH AVENUE WEST,1,3,0,0,1,4,0,,,0,0,0,0,0,1,2,13
,2017_12166,39.683094,-104.940452,8/11/2017 10:05,10:05,12,0,0,I25 SOUTHBOUND & COLORADO BOULEVARD SOUTH,1,1,0,0,1,4,0,,35,0,0,0,0,0,1,2,13
,2017_12167,39.683094,-104.940452,8/11/2017 15:33,15:33,12,0,0,I25 SOUTHBOUND & COLORADO BOULEVARD SOUTH,1,1,0,0,1,4,0,,60,0,0,0,0,0,1,2,13
,2017_12168,39.683094,-104.940452,8/24/2017 16:31,16:31,15,0,0,I25 & COLORADO BOULEVARD SOUTH,1,1,0,0,1,4,0,,60,0,0,0,0,1,1,2,1
,2017_12169,39.683094,-104.940452,9/2/2017 15:21,15:21,15,0,0,I25 & COLORADO BOULEVARD SOUTH,1,1,0,0,1,4,0,,60,0,0,0,0,0,1,2,1
,2017_12170,39.683094,-104.940452,9/27/2017 6:52,6:52,12,0,0,I25 NORTHBOUND & COLORADO BOULEVARD SOUTH,1,1,0,0,1,4,0,,50,0,0,0,0,0,1,2,1
,2017_12171,39.683094,-104.940452,9/27/2017 15:10,15:10,12,0,0,I25 SOUTHBOUND & COLORADO BOULEVARD SOUTH,1,1,0,0,1,4,0,,60,0,0,0,0,0,1,2,13
,2017_12172,39.683094,-104.940452,10/12/2017 16:12,16:12,12,0,0,I25 & COLORADO BOULEVARD SOUTH,1,1,0,0,1,4,0,,55,0,0,0,0,0,1,3,13
,2017_12173,39.683094,-104.940452,10/17/2017 16:46,16:46,15,0,0,I25 & COLORADO BOULEVARD SOUTH,1,1,0,0,1,4,0,,60,0,0,0,0,0,1,2,13
,2017_12174,39.683094,-104.940452,5/15/2017 7:15,7:15,12,0,0,I25 & COLORADO BOULEVARD SOUTH,1,1,0,0,1,8,0,,25,0,0,0,0,0,1,2,13
,2017_12175,39.683129,-104.940605,11/15/2017 7:33,7:33,12,0,0,I25 & COLORADO BOULEVARD SOUTH,1,1,0,0,1,4,0,,60,0,0,0,0,0,1,2,13
,2017_12176,39.683129,-104.940605,1/6/2017 15:54,15:54,12,0,0,I25 NORTHBOUND SLIP RAMP ON & COLORADO BOULEVARD APPROXIMATELY,5,1,1,0,1,8,0,,30,0,0,0,0,1,1,2,13
,2017_12177,39.683129,-104.940605,11/12/2017 15:09,15:09,15,0,0,I25 NORTHBOUND ON RAMP  & COLORADO BOULEVARD SOUTH,1,1,0,0,1,8,0,,35,0,0,0,0,0,1,2,13
,2017_12178,39.683129,-104.940605,7/6/2017 14:45,14:45,12,0,0,I25 SOUTHBOUND RAMP OFF & COLORADO BOULEVARD SOUTH,1,1,0,0,1,8,0,,45,0,0,0,0,0,1,2,13
,2017_12179,39.683129,-104.940605,11/21/2017 11:40,11:40,15,0,0,I25 & COLORADO BOULEVARD SOUTH,1,1,0,0,1,8,0,,35,0,0,0,0,0,1,2,3
,2017_12180,39.683165,-104.940757,10/17/2017 16:01,16:01,12,0,0,I25 & COLORADO BOULEVARD SOUTH,1,1,0,0,1,4,0,,55,0,0,0,0,0,1,2,13
,2017_12181,39.684878,-104.949474,9/8/2017 19:07,19:07,12,0,0,I25 & COLORADO BOULEVARD SOUTH,1,2,0,0,1,4,0,,,0,0,0,0,0,1,4,14
,2017_12182,39.6832,-104.94091,10/5/2017 16:04,16:04,12,0,0,I25 & COLORADO BOULEVARD SOUTH,1,1,0,0,1,4,0,,60,0,0,0,0,1,1,3,1
,2017_12183,39.6832,-104.94091,10/16/2017 16:38,16:38,12,0,0,I25 & COLORADO BOULEVARD SOUTH,1,1,0,0,1,4,0,,60,0,0,0,1,1,1,2,13
,2017_12184,39.683271,-104.941216,11/15/2017 16:00,16:00,12,0,0,I25 & COLORADO BOULEVARD SOUTH,1,1,0,0,1,4,0,,60,0,0,0,0,0,1,2,13
,2017_12185,39.683271,-104.941216,11/15/2017 17:11,17:11,12,0,0,I25 & COLORADO BOULEVARD SOUTH,1,2,0,0,1,4,0,,55,0,0,0,0,0,1,2,3
,2017_12186,39.683309,-104.94138,7/27/2017 17:20,17:20,12,0,0,I25 SOUTHBOUND & MM 204.10,1,1,0,0,1,4,0,,30,0,0,0,0,0,1,2,14
,2017_12187,39.683442,-104.941867,9/30/2017 17:15,17:15,12,0,0,I25 SOUTHBOUND & COLORADO BOULEVARD,1,1,0,0,1,4,0,,60,0,0,0,0,0,1,2,13