id,drcog_id,latitude,longitude,crashtime,time,crashtype,numbkilled,numbinjurd,drcoglocat,rdconditin,lightngcon,roadcntgrd,weatherco,location,roaddescrp,constrzone,schoolzone,splimit,bikeinv,pedinv,sctrinv,motoinv,svrty,rdsystem,ttlvehcls,hcf
,2017_12188,39.683442,-104.941867,10/18/2017 8:45,8:45,12,0,0,I25 & COLORADO BOULEVARD SOUTH,1,1,0,0,1,4,0,,60,0,0,0,0,0,1,3,1
,2017_12189,39.683487,-104.942033,1/27/2017 14:54,14:54,12,0,0,I25 SOUTHBOUND & COLORADO BOULEVARD SOUTH,1,5,1,0,1,4,0,,60,0,0,0,0,1,1,3,13
,2017_12190,39.683487,-104.942033,4/18/2017 9:20,9:20,12,0,0,I25 & COLORADO BOULEVARD SOUTH,1,1,0,0,1,4,0,,60,0,0,0,0,0,1,2,3
,2017_12191,39.683487,-104.942033,7/6/2017 8:10,8:10,15,0,0,I25 & COLORADO BOULEVARD SOUTH,1,1,0,0,1,4,0,,60,0,0,0,0,0,1,2,13
,2017_12192,39.68376,-104.943033,3/2/2017 18:28,18:28,12,0,0,I25 & MM 204,1,3,0,0,1,4,0,,65,0,0,0,0,1,1,4,13
,2017_12193,39.683896,-104.943532,8/3/2017 15:10,15:10,12,0,0,I25 SOUTHBOUND & COLORADO BOULEVARD SOUTH APPROXIMATELY,2,1,0,1,1,4,0,,55,0,0,0,0,0,1,2,13
,2017_12194,39.684909,-104.959893,1/16/2017 0:19,0:19,5,0,1,I25 SOUTHBOUND & UNIVERSITY BOULEVARD SOUTH,2,3,1,2,2,4,0,,65,0,0,0,0,2,1,1,5
,2017_12195,39.684158,-104.944536,3/13/2017 5:35,5:35,15,0,0,I25 & COLORADO BOULEVARD SOUTH,1,3,0,0,1,4,0,,60,0,0,0,0,0,1,3,1
,2017_12196,39.684158,-104.944536,6/6/2017 7:56,7:56,12,0,0,I25 & COLORADO BOULEVARD SOUTH,1,1,0,0,1,4,0,,55,0,0,0,0,0,1,2,3
,2017_12197,39.684158,-104.944536,6/16/2017 12:52,12:52,12,0,0,I25 SOUTHBOUND & COLORADO BOULEVARD SOUTH,1,1,0,0,1,4,0,,60,0,0,0,0,0,1,2,13
,2017_12198,39.684158,-104.944536,6/29/2017 9:56,9:56,15,0,0,I25 & COLORADO BOULEVARD SOUTH,1,1,0,0,1,4,0,,55,0,0,0,0,0,1,2,13
,2017_12199,39.684255,-104.945052,5/23/2017 17:29,17:29,12,0,0,I25 & MM 204.3,1,1,0,0,1,4,0,,60,0,0,0,0,1,1,2,12
,2017_12200,39.68432,-104.945396,4/24/2017 16:50,16:50,12,0,0,I25 & COLORADO BOULEVARD SOUTH,1,1,1,0,1,4,0,,65,0,0,0,0,0,1,2,3
,2017_12201,39.684386,-104.94574,5/11/2017 18:15,18:15,12,0,0,I25 & COLORADO BOULEVARD SOUTH,1,1,1,0,1,4,0,,65,0,0,0,0,0,1,2,3
,2017_12202,39.684641,-104.947179,11/6/2017 17:47,17:47,12,0,0,I25 & COLORADO BOULEVARD SOUTH,1,3,0,0,1,4,0,,55,0,0,0,0,1,1,2,13
,2017_12203,39.684699,-104.947611,11/16/2017 6:21,6:21,15,0,0,I25 NORTHBOUND MERGE LANE & COLORADO BOULEVARD SOUTH ENTRANCE GORE APPROXIMATELY,1,1,0,0,1,4,0,,55,0,0,0,0,0,1,2,1
,2017_12204,39.684801,-104.94851,2/27/2017 16:15,16:15,12,0,0,I25 & UNIVERSITY BOULEVARD SOUTH,1,1,1,0,1,4,0,,55,0,0,0,0,0,1,2,13
,2017_12205,39.684801,-104.94851,4/9/2017 18:00,18:00,12,0,0,I25 & MM 204.5,1,1,0,6,1,4,0,,55,0,0,0,0,1,1,6,9
,2017_12206,39.68484,-104.948992,11/13/2017 16:43,16:43,12,0,0,I25 & STEELE STREET SOUTH,1,1,0,0,1,4,0,,60,0,0,0,0,0,1,3,13
,2017_12207,39.779441,-104.979019,11/16/2017 17:38,17:38,15,0,0,WASHINGTON STREET & I70,1,3,0,0,1,4,0,,,0,0,0,0,0,1,2,13
,2017_12208,39.684903,-104.952991,1/24/2017 15:41,15:41,12,0,0,I25 SOUTHBOUND & STEELE STREET SOUTH,1,1,0,0,1,4,0,,60,0,0,0,0,0,1,2,13
,2017_12209,39.684878,-104.949474,10/23/2017 16:05,16:05,12,0,0,I25 & COLORADO BOULEVARD SOUTH,1,1,0,0,1,4,0,,55,0,0,0,0,0,1,2,13
,2017_12210,39.684903,-104.949961,1/14/2017 16:45,16:45,15,0,0,I25 NORTHBOUND & UNIVERSITY BOULEVARD SOUTH,1,2,0,0,1,4,0,,60,0,0,0,0,0,1,2,13
,2017_12211,39.684903,-104.949961,10/11/2017 17:30,17:30,12,0,0,I25 & UNIVERSITY BOULEVARD SOUTH,1,2,0,0,1,4,0,,55,0,0,0,0,0,1,2,1
,2017_12212,39.68492,-104.950436,1/3/2017 7:00,7:00,12,0,0,I25 SOUTHBOUND & STEELE STREET SOUTH,1,1,0,0,1,4,0,,60,0,0,0,0,0,1,2,3
,2017_12213,39.68492,-104.950436,1/3/2017 7:21,7:21,12,0,0,I25 SOUTHBOUND & STEELE STREET SOUTH,1,1,0,0,1,4,0,,60,0,0,0,0,0,1,3,3
,2017_12214,39.68492,-104.950436,1/6/2017 8:47,8:47,12,0,0,I25 SOUTHBOUND & STEELE STREET SOUTH,2,1,0,0,1,4,0,,50,0,0,0,0,0,1,2,1
,2017_12215,39.68492,-104.950436,2/11/2017 15:42,15:42,12,0,0,I25 SOUTHBOUND & STEELE STREET SOUTH,1,1,0,0,1,4,0,,60,0,0,0,0,0,1,2,13
,2017_12216,39.68492,-104.950436,3/2/2017 17:14,17:14,12,0,0,I25 & STEELE STREET,1,1,0,0,1,4,0,,60,0,0,0,0,0,1,2,13
,2017_12217,39.68492,-104.950436,3/15/2017 8:00,8:00,12,0,0,I25 NORTHBOUND & STEELE STREET SOUTH,1,1,0,0,1,4,0,,60,0,0,0,0,0,1,2,13
,2017_12218,39.68492,-104.950436,3/29/2017 16:00,16:00,12,0,0,I25 SOUTHBOUND & STEELE STREET SOUTH,1,1,0,0,1,4,0,,60,0,0,0,0,0,1,3,7
,2017_12219,39.68492,-104.950436,4/7/2017 16:10,16:10,12,0,0,I25 SOUTHBOUND & STEELE STREET SOUTH,1,1,0,0,1,4,0,,60,0,0,0,0,0,1,3,12
,2017_12220,39.688345,-104.970027,11/9/2017 9:34,9:34,12,0,0,I25 & MM 205.7,1,1,0,0,1,4,0,,55,0,0,0,0,0,1,2,13
,2017_12221,39.68492,-104.950436,5/11/2017 18:48,18:48,12,0,0,I25 & STEELE STREET SOUTH,1,1,0,0,1,4,0,,55,0,0,0,0,0,1,3,13
,2017_12222,39.68492,-104.950436,5/13/2017 15:05,15:05,12,0,0,I25 SOUTHBOUND & STEELE STREET SOUTH,1,1,0,0,1,4,0,,55,0,0,0,0,0,1,4,13
,2017_12223,39.68492,-104.950436,5/13/2017 15:38,15:38,15,0,0,I25 & STEELE STREET SOUTH,1,1,0,0,1,4,0,,65,0,0,0,0,0,1,2,13
,2017_12224,39.702284,-104.988489,5/30/2017 9:48,9:48,12,0,0,I25 & LINCOLN STREET SOUTH APPROXIMATELY,1,1,1,0,1,4,0,,,0,0,0,0,0,1,2,13
,2017_12225,39.68492,-104.950436,8/2/2017 7:33,7:33,12,0,0,I25 SOUTHBOUND & STEELE STREET SOUTH,1,1,0,0,1,4,0,,60,0,0,0,0,0,1,2,3
,2017_12226,39.68492,-104.950436,8/25/2017 14:44,14:44,12,0,0,I25 SOUTHBOUND & STEELE STREET SOUTH,1,1,0,0,1,4,0,,50,0,0,0,0,0,1,2,1
,2017_12227,39.68492,-104.950436,9/20/2017 8:02,8:02,12,0,0,I25 & STEELE STREET SOUTH,1,1,0,0,1,4,0,,60,0,0,0,0,0,1,2,3
,2017_12228,39.68492,-104.950436,10/11/2017 14:33,14:33,12,0,0,I25 & STEELE STREET SOUTH,1,1,0,0,1,4,0,,60,0,0,0,0,0,1,4,13
,2017_12229,39.684918,-104.950632,2/7/2017 16:30,16:30,12,0,0,I25 & STEELE STREET SOUTH,1,1,0,0,1,4,0,,55,0,0,0,0,0,1,2,13
,2017_12230,39.684918,-104.950632,6/29/2017 9:32,9:32,15,0,0,I25 SOUTHBOUND & STEELE STREET,1,1,0,0,1,4,0,,50,0,0,0,0,0,1,3,1
,2017_12231,39.684914,-104.951222,4/11/2017 16:20,16:20,12,0,0,I25 & STEELE STREET SOUTH,1,1,0,0,1,4,0,,55,0,0,0,0,0,1,3,13
,2017_12232,39.684914,-104.951222,9/20/2017 23:08,23:08,12,0,0,I25 NORTHBOUND & FRANKLIN STREET SOUTH,1,3,0,0,1,4,0,,60,0,0,0,0,0,1,2,13
,2017_12233,39.690115,-104.973561,6/27/2017 7:06,7:06,12,0,0,I25 & DOWNING STREET SOUTH,1,1,0,0,1,4,0,,,0,0,0,0,0,1,2,13
,2017_12234,39.684914,-104.951222,11/2/2017 17:30,17:30,15,0,0,I25 & STEELE STREET SOUTH,1,1,0,0,1,4,0,,65,0,0,0,0,0,1,2,3
,2017_12235,39.684913,-104.951419,10/17/2017 17:01,17:01,12,0,0,I25 & STEELE STREET SOUTH,1,1,0,0,1,4,0,,60,0,0,0,0,0,1,3,13
,2017_12236,39.684908,-104.952205,6/30/2017 8:20,8:20,15,0,0,I25 & UNIVERSITY BOULEVARD SOUTH,1,1,0,0,1,4,0,,60,0,0,0,0,0,1,2,13
,2017_12237,39.684907,-104.952401,6/6/2017 7:51,7:51,15,0,0,I25 SOUTHBOUND & STEELE STREET SOUTH,1,1,0,0,1,4,0,,60,0,0,0,0,0,1,2,1
,2017_12238,39.684905,-104.952598,6/29/2017 9:32,9:32,12,0,0,I25 & STEELE STREET SOUTH,1,1,0,0,1,4,0,,40,0,0,0,0,0,1,2,1
,2017_12239,39.684916,-104.957839,11/21/2017 17:06,17:06,12,0,0,I25 & UNIVERSITY BOULEVARD SOUTH,1,2,0,0,1,4,0,,60,0,0,0,0,0,1,2,13
,2017_12240,39.684902,-104.953188,3/23/2017 14:30,14:30,12,0,0,I25 SOUTHBOUND MERGE LANE & UNIVERSITY BOULEVARD RAMP END APPROXIMATELY,1,1,0,0,1,4,0,,60,0,0,0,0,0,1,2,14
,2017_12241,39.684902,-104.953188,8/24/2017 17:05,17:05,15,0,0,I25 SOUTHBOUND ON RAMP & UNIVERSITY BOULEVARD SOUTH,1,1,0,0,1,8,0,,45,0,0,0,0,0,1,2,13
,2017_12242,39.685079,-104.955042,5/16/2017 17:57,17:57,12,0,0,I25 NORTHBOUND RAMP OFF & EXIT GORE POINT TO UNIVERSITY BOULEVARD,1,1,0,0,1,8,0,,65,0,0,0,0,0,1,4,13
,2017_12243,39.684905,-104.954871,5/12/2017 9:32,9:32,12,0,0,I25 & UNIVERSITY BOULEVARD SOUTH,1,1,0,0,1,4,0,,55,0,0,0,0,0,1,3,13
,2017_12244,39.684921,-104.959137,10/18/2017 8:07,8:07,15,0,0,I25 & UNIVERSITY BOULEVARD SOUTH,1,1,0,0,1,4,0,,60,0,0,0,0,0,1,2,13
,2017_12245,39.684905,-104.954871,8/4/2017 8:03,8:03,12,0,0,I25 SOUTHBOUND & UNIVERSITY BOULEVARD SOUTH,1,1,0,0,1,4,0,,55,0,0,0,0,0,1,2,3
,2017_12246,39.684909,-104.955799,7/14/2017 17:20,17:20,12,0,0,I25 & UNIVERSITY BOULEVARD SOUTH,1,1,0,0,1,4,0,,60,0,0,0,0,0,1,3,13
,2017_12247,39.684909,-104.955799,7/14/2017 17:21,17:21,12,0,0,I25 & UNIVERSITY BOULEVARD SOUTH,1,1,0,0,1,4,0,,60,0,0,0,0,0,1,2,13
,2017_12248,39.68449,-104.955911,4/22/2017 15:34,15:34,12,0,0,I25 SOUTHBOUND ON RAMP METER LIGHT & UNIVERSITY BOULEVARD SOUTH,1,1,1,0,1,8,0,,60,0,0,0,0,0,1,2,7
,2017_12249,39.684909,-104.955984,8/23/2017 0:30,0:30,6,0,1,I25 SOUTHBOUND & UNIVERSITY BOULEVARD SOUTH,1,3,1,0,1,4,0,,60,0,0,0,0,2,1,2,5
,2017_12250,39.684914,-104.957282,3/29/2017 21:13,21:13,15,0,0,I25 NORTHBOUND & UNIVERSITY BOULEVARD SOUTH,1,3,0,0,1,4,0,,60,0,0,0,0,0,1,2,14
,2017_12251,39.684915,-104.957653,7/30/2017 9:15,9:15,15,0,0,I 25 NORTHBOUND & UNIVERSITY BOULEVARD SOUTH,1,1,0,0,1,4,0,,60,0,0,0,0,0,1,3,3
,2017_12252,39.684917,-104.958024,8/28/2017 18:51,18:51,12,0,0,I25 & UNIVERSITY BOULEVARD SOUTH,1,1,0,0,1,4,0,,55,0,0,0,0,0,1,2,13
,2017_12253,39.684918,-104.958395,9/22/2017 18:30,18:30,12,0,0,I25 SOUTHBOUND & UNIVERSITY BOULEVARD SOUTH,1,2,0,0,1,4,0,,60,0,0,0,0,0,1,2,7
,2017_12254,39.684918,-104.958395,9/28/2017 9:47,9:47,12,0,0,I25 & MM 205.0,1,1,0,0,1,4,0,,60,0,0,0,0,0,1,3,13
,2017_12255,39.684918,-104.958395,11/15/2017 7:20,7:20,12,0,0,I25 & MM 205.0,1,1,0,0,1,4,0,,55,0,0,0,0,0,1,3,13
,2017_12256,39.684921,-104.959137,5/19/2017 12:25,12:25,12,0,0,I25 & UNIVERSITY BOULEVARD SOUTH,1,1,1,0,1,4,0,,30,0,0,0,0,0,1,2,7
,2017_12257,39.684921,-104.959137,5/23/2017 17:21,17:21,12,0,0,I25 & UNIVERSITY BOULEVARD SOUTH,1,1,0,0,1,4,0,,60,0,0,0,0,0,1,2,13
,2017_12258,39.684921,-104.959322,2/14/2017 10:08,10:08,5,0,0,I25 NORTHBOUND OFF RAMP & UNIVERSITY BOULEVARD SOUTH,1,1,1,0,6,8,0,,45,0,0,0,0,0,1,1,12
,2017_12259,39.684921,-104.959322,2/22/2017 9:42,9:42,12,0,0,I25 NORTHBOUND OFF RAMP & UNIVERSITY BOULEVARD SOUTH,1,1,1,0,1,8,0,,45,0,0,0,0,0,1,2,3
,2017_12260,39.684921,-104.959322,3/10/2017 12:35,12:35,12,0,0,I25 NORTHBOUND OFF RAMP & UNIVERSITY BOULEVARD SOUTH,1,1,1,0,1,8,0,,45,0,0,0,0,0,1,2,3
,2017_12261,39.684921,-104.959322,4/5/2017 11:22,11:22,12,0,0,I25 NORTHBOUND OFF RAMP TO & UNIVERSITY BOULEVARD SOUTH,1,1,0,0,1,8,0,,45,0,0,0,0,0,1,2,1
,2017_12262,39.684921,-104.959322,4/19/2017 9:39,9:39,12,0,0,I25 NORTHBOUND OFF RAMP & UNIVERSITY BOULEVARD SOUTH,1,1,0,0,1,8,1,,35,0,0,0,0,0,1,2,13
,2017_12263,39.684921,-104.959322,6/8/2017 13:55,13:55,12,0,0,I25 NORTHBOUND RAMP OFF & UNIVERSITY BOULEVARD SOUTH,1,1,0,0,1,8,0,,30,0,0,0,0,0,1,2,14
,2017_12264,39.684921,-104.959322,6/26/2017 17:34,17:34,12,0,0,I25 NORTHBOUND SLIP RAMP OFF & UNIVERSITY BOULEVARD SOUTH,1,1,0,0,1,8,0,,30,0,0,0,0,0,1,2,14
,2017_12265,39.684921,-104.959322,6/28/2017 9:18,9:18,12,0,0,I25 NORTHBOUND OFF RAMP & UNIVERSITY BOULEVARD SOUTH,1,1,1,0,1,8,0,,45,0,0,0,0,0,1,2,14
,2017_12266,39.684921,-104.959322,7/4/2017 14:38,14:38,12,0,0,I25 NORTHBOUND RAMP OFF & UNIVERSITY BOULEVARD SOUTH,1,1,1,0,1,8,0,,35,0,0,0,0,0,1,2,3
,2017_12267,39.684921,-104.959322,9/24/2017 13:17,13:17,10,0,0,I25 OFF RAMP NORTHBOUND & UNIVERSITY BOULEVARD S,2,1,0,1,1,8,0,,,0,0,0,0,0,1,2,13
,2017_12268,39.684921,-104.959322,11/30/2017 17:15,17:15,12,0,0,I25 NORTHBOUND OFF RAMP & UNIVERSITY BOULEVARD SOUTH,1,2,0,0,1,8,0,,35,0,0,0,0,0,1,2,13
,2017_12269,39.684921,-104.959322,12/4/2017 10:55,10:55,12,0,0,I25 NORTHBOUND OFF RAMP & UNIVERSITY BOULEVARD SOUTH,1,1,0,0,1,8,0,,35,0,0,0,0,0,1,2,3
,2017_12270,39.684921,-104.959322,12/20/2017 12:02,12:02,12,0,0,I25 NORTHBOUND OFF RAMP  & UNIVERSITY BOULEVARD SOUTH,1,1,1,0,1,8,0,,30,0,0,0,0,0,1,2,1
,2017_12271,39.684921,-104.959322,1/5/2017 7:35,7:35,15,0,0,I25 SOUTHBOUND RAMP ON & UNIVERSITY BOULEVARD SOUTH,3,1,0,1,1,8,0,,35,0,0,0,0,0,1,2,13
,2017_12272,39.684921,-104.959322,3/22/2017 9:36,9:36,12,0,1,I25 SOUTHBOUND ON RAMP & UNIVERSITY BOULEVARD SOUTH,1,1,0,0,1,8,0,,45,0,0,0,0,2,1,3,3
,2017_12273,39.68492,-104.959509,3/24/2017 1:51,1:51,5,0,0,UNIVERSITY BOULEVARD SOUTH & I25 NORTHBOUND OFF RAMP,2,3,1,1,1,1,0,,35,0,0,0,0,0,1,1,5
,2017_12274,39.68492,-104.959509,1/5/2017 11:05,11:05,15,0,0,I25 NORTHBOUND & UNIVERSITY BOULEVARD SOUTH,6,1,0,2,1,4,0,,60,0,0,0,0,0,1,2,7
,2017_12275,39.68492,-104.959509,1/6/2017 15:12,15:12,12,0,0,I25 SOUTHBOUND & UNIVERSITY BOULEVARD SOUTH,2,1,0,0,1,4,0,,60,0,0,0,0,1,1,2,13
,2017_12276,39.68492,-104.959509,2/27/2017 9:00,9:00,12,0,0,I25 SOUTHBOUND & UNIVERSITY BOULEVARD SOUTH,1,1,1,0,1,4,0,,60,0,0,0,0,0,1,2,13
,2017_12277,39.68492,-104.959509,2/27/2017 17:47,17:47,15,0,0,I25 SOUTHBOUND & UNIVERSITY BOULEVARD SOUTH,1,1,0,0,1,4,0,,55,0,0,0,0,0,1,2,13
,2017_12278,39.68492,-104.959509,3/27/2017 17:13,17:13,15,0,0,I25 & UNIVERSITY BOULEVARD SOUTH,1,1,0,1,1,4,0,,,0,0,0,0,0,1,2,13
,2017_12279,39.68492,-104.959509,4/6/2017 8:47,8:47,12,0,0,I25 & UNIVERSITY BOULEVARD SOUTH,1,1,0,0,1,4,0,,40,0,0,0,0,0,1,2,2
,2017_12280,39.68492,-104.959509,4/10/2017 7:57,7:57,12,0,0,I25 & UNIVERSITY BOULEVARD SOUTH,1,1,0,0,1,4,0,,60,0,0,0,0,0,1,2,3
,2017_12281,39.68492,-104.959509,4/19/2017 8:25,8:25,12,0,0,I25 NORTHBOUND & UNIVERSITY BOULEVARD EXIT GORE APPROXIMATELY,1,1,0,0,1,4,0,,55,0,0,0,0,0,1,2,14
,2017_12282,39.68492,-104.959509,5/5/2017 8:28,8:28,12,0,0,I25 & UNIVERSITY BOULEVARD SOUTH,1,1,1,0,1,4,0,,60,0,0,0,0,0,1,2,13
,2017_12283,39.68492,-104.959509,5/24/2017 6:39,6:39,12,0,0,I25 & UNIVERSITY BOULEVARD SOUTH APPROXIMATELY,1,1,0,0,1,4,0,,,0,0,0,0,0,1,2,14
,2017_12284,39.68492,-104.959509,6/8/2017 6:41,6:41,15,0,0,I25 SOUTHBOUND & UNIVERSITY BOULEVARD SOUTH,1,1,0,0,1,4,0,,50,0,0,0,0,0,1,2,13
,2017_12285,39.68492,-104.959509,6/22/2017 8:33,8:33,15,0,0,I25 SOUTHBOUND & UNIVERSITY BOULEVARD SOUTH,1,1,0,0,1,4,0,,60,0,0,0,0,0,1,2,1
,2017_12286,39.68492,-104.959509,6/29/2017 15:51,15:51,12,0,0,I25 & UNIVERSITY BOULEVARD SOUTH,1,1,0,0,1,4,0,,50,0,0,0,0,0,1,2,13
,2017_12287,39.68492,-104.959509,8/7/2017 8:15,8:15,12,0,0,I25 SOUTHBOUND & UNIVERSITY BOULEVARD SOUTH,1,1,0,0,1,4,0,,55,0,0,0,0,0,1,3,2
,2017_12288,39.68492,-104.959509,8/22/2017 7:09,7:09,12,0,0,I25 & UNIVERSITY BOULEVARD SOUTH,1,1,0,0,1,4,0,,55,0,0,0,0,0,1,2,13
,2017_12289,39.68492,-104.959509,9/21/2017 16:21,16:21,12,0,0,I25 & UNIVERSITY BOULEVARD SOUTH,1,1,0,0,1,4,0,,60,0,0,0,0,0,1,3,13
,2017_12290,39.68492,-104.959509,9/27/2017 15:47,15:47,12,0,0,I25 SOUTHBOUND & UNIVERSITY BOULEVARD SOUTH,1,1,0,0,1,4,0,,60,0,0,0,0,0,1,2,13
,2017_12291,39.68492,-104.959509,9/29/2017 7:22,7:22,12,0,0,I25 SOUTHBOUND & UNIVERSITY BOULEVARD SOUTH,1,1,0,0,1,4,0,,55,0,0,0,0,0,1,2,13
,2017_12292,39.68492,-104.959509,10/31/2017 7:24,7:24,12,0,0,I25 & UNIVERSITY BOULEVARD SOUTH,8,1,0,0,1,4,0,,60,0,0,0,0,0,1,2,1
,2017_12293,39.68492,-104.959509,11/13/2017 8:03,8:03,12,0,0,I25 & UNIVERSITY BOULEVARD SOUTH,1,1,0,0,1,4,0,,50,0,0,0,0,1,1,2,13
,2017_12294,39.68492,-104.959509,11/16/2017 16:11,16:11,12,0,0,I25 & UNIVERSITY BOULEVARD SOUTH,1,1,0,0,1,4,0,,60,0,0,0,0,0,1,2,13
,2017_12295,39.68492,-104.959509,11/21/2017 14:57,14:57,12,0,0,I25 & UNIVERSITY BOULEVARD SOUTH,1,1,0,0,1,4,0,,60,0,0,0,0,0,1,2,13
,2017_12296,39.68492,-104.959509,11/22/2017 15:40,15:40,12,0,0,I25 & UNIVERSITY BOULEVARD SOUTH,1,1,0,0,1,4,0,,60,0,0,0,0,0,1,2,13
,2017_12297,39.68492,-104.959509,12/19/2017 7:38,7:38,12,0,0,I25 & UNIVERSITY BOULEVARD SOUTH,1,1,1,0,1,4,0,,55,0,0,0,0,0,1,2,13
,2017_12298,39.68492,-104.959509,12/19/2017 11:25,11:25,15,0,0,I25 & UNIVERSITY BOULEVARD SOUTH,1,1,0,0,1,4,0,,60,0,0,0,0,0,1,2,3
,2017_12299,39.68492,-104.959509,12/20/2017 9:04,9:04,12,0,0,I25 & UNIVERSITY BOULEVARD SOUTH,1,1,0,0,1,4,0,,60,0,0,0,0,0,1,3,3
,2017_12300,39.68492,-104.959509,1/17/2017 10:36,10:36,12,0,0,UNIVERSITY BOULEVARD SOUTH & I25 SOUTHBOUND RAMPS,11,1,0,0,1,4,0,,35,0,0,0,0,1,1,2,14
,2017_12301,39.68492,-104.959509,5/12/2017 18:35,18:35,15,0,0,UNIVERSITY BOULEVARD SOUTH & I25 NORTHBOUND SLIP RAMP OFF,1,2,0,0,1,4,0,,30,0,0,0,0,1,1,3,13
,2017_12302,39.68492,-104.959509,1/20/2017 19:15,19:15,14,0,0,UNIVERSITY BOULEVARD SOUTH & I25 INTCH,1,3,0,0,1,3,0,,30,0,0,0,0,0,1,2,8
,2017_12303,39.68492,-104.959509,7/13/2017 8:57,8:57,12,0,0,UNIVERSITY BOULEVARD SOUTH NORTHBOUND & I25 OFF RAMP SOUTHBOUND,1,1,1,0,1,1,0,,30,0,0,0,0,0,1,3,13
,2017_12304,39.68492,-104.959509,12/5/2017 15:45,15:45,12,0,0,UNIVERSITY BOULEVARD SOUTH SOUTHBOUND & I25 NORTHBOUND EXIT RAMP,1,1,0,0,1,3,0,,35,0,0,0,0,0,1,2,13
,2017_12305,39.684915,-104.959701,1/31/2017 8:59,8:59,12,0,0,I25 SOUTHBOUND RAMP OFF & UNIVERSITY BOULEVARD SOUTH,1,5,0,0,1,8,0,,35,0,0,0,0,0,1,2,3
,2017_12306,39.684915,-104.959701,6/23/2017 18:35,18:35,12,0,0,I25 SOUTHBOUND RAMP OFF & UNIVERSITY BOULEVARD SOUTH,1,1,0,0,1,8,0,,30,0,0,0,0,0,1,2,13
,2017_12307,39.684915,-104.959701,8/4/2017 16:29,16:29,12,0,0,I25 SOUTHBOUND OFF RAMP & UNIVERSITY BOULEVARD SOUTH,1,1,0,0,1,8,0,,50,0,0,0,0,0,1,3,13
,2017_12308,39.684915,-104.959701,9/28/2017 22:06,22:06,5,0,0,I25 SOUTHBOUND OFF RAMP & UNIVERSITY BOULEVARD,1,3,0,0,3,8,0,,25,0,0,0,0,0,1,1,5
,2017_12309,39.684899,-104.960276,7/27/2017 16:06,16:06,12,0,0,I25 NORTHBOUND & UNIVERSITY BOULEVARD SOUTH,1,1,0,0,1,4,0,,55,0,0,0,0,1,1,2,1
,2017_12310,39.684893,-104.960655,8/25/2017 17:05,17:05,12,0,0,I25 & UNIVERSITY BOULEVARD SOUTH,1,1,0,0,1,4,0,,60,0,0,0,0,0,1,2,1
,2017_12311,39.684908,-104.961021,12/15/2017 14:05,14:05,15,0,0,I25 & UNIVERSITY BOULEVARD SOUTH,1,1,0,0,1,4,0,,55,0,0,0,0,0,1,2,13
,2017_12312,39.684916,-104.961205,6/8/2017 17:18,17:18,12,0,0,I25 SOUTHBOUND MERGE LANE & DOWNING STREET SOUTHBOUND ENTRANCE GORE POINT,1,1,0,0,1,4,0,,60,0,0,0,0,0,1,2,13
,2017_12313,39.684916,-104.961205,11/4/2017 14:28,14:28,12,0,0,I25 & DOWNING STREET SOUTH,1,1,0,0,1,4,0,,60,0,0,0,0,1,1,2,13
,2017_12314,39.684923,-104.961388,7/6/2017 7:03,7:03,12,0,0,I25 & UNIVERSITY BOULEVARD SOUTH,1,1,0,0,1,4,0,,60,0,0,0,0,0,1,2,7
,2017_12315,39.68682,-104.966883,10/2/2017 17:29,17:29,12,0,1,I25 NORTHBOUND & MM 205.50,2,1,0,1,1,4,0,,60,0,0,0,0,2,1,2,1
,2017_12316,39.684923,-104.961388,12/18/2017 9:59,9:59,12,0,0,I25 & UNIVERSITY BOULEVARD SOUTH,1,1,0,0,1,4,0,,60,0,0,0,0,0,1,4,3
,2017_12317,39.684923,-104.961388,3/19/2017 1:42,1:42,5,0,0,I25 SOUTHBOUND RAMP OFF & UNIVERSITY BOULEVARD SOUTH APPROXIMATELY,1,3,0,0,3,8,0,,60,0,0,0,0,0,1,1,12
,2017_12318,39.685175,-104.962926,10/2/2017 16:15,16:15,12,0,0,I25 SOUTHBOUND & MM 205.25,1,1,1,0,1,4,0,,60,0,0,0,0,0,1,2,14
,2017_12319,39.685216,-104.96309,7/14/2017 16:56,16:56,12,0,0,I25 & UNIVERSITY BOULEVARD SOUTH,1,2,0,0,1,4,0,,55,0,0,0,0,0,1,2,13
,2017_12320,39.685412,-104.963744,11/9/2017 5:57,5:57,15,0,0,I25 SOUTHBOUND COLLECTOR & SOUTHBOUND ON/OFF RMP SPLT FRM DOWNING/EMERSON,8,3,0,0,1,8,0,,45,0,0,0,0,1,1,2,7
,2017_12321,39.685463,-104.963908,4/26/2017 6:32,6:32,12,0,0,I25 & UNIVERSITY BOULEVARD SOUTH,1,1,0,0,1,4,0,,60,0,0,0,0,0,1,2,13
,2017_12323,39.685463,-104.963908,5/5/2017 7:34,7:34,12,0,0,I25 & UNIVERSITY BOULEVARD SOUTH,1,1,0,0,1,4,0,,60,0,0,0,0,0,1,3,14
,2017_12325,39.685463,-104.963908,7/6/2017 9:25,9:25,12,0,0,I25 & UNIVERSITY BOULEVARD SOUTH,1,1,1,0,1,4,0,,60,0,0,0,0,0,1,2,3
,2017_12326,39.685463,-104.963908,7/18/2017 8:03,8:03,12,0,0,I25 SOUTHBOUND & UNIVERSITY BOULEVARD SOUTH,1,1,0,0,1,4,0,,50,0,0,0,0,0,1,3,1
,2017_12327,39.685849,-104.964857,11/8/2017 7:55,7:55,12,0,0,I25 SOUTHBOUND ON RAMP & FRANKLIN STREET APPROXIMATELY,1,1,0,0,1,8,0,,55,0,0,0,0,0,1,2,13
,2017_12328,39.686073,-104.965325,11/7/2017 8:29,8:29,12,0,0,I25 & MM 205.4,2,1,0,0,1,4,0,,55,0,0,0,0,0,1,2,13
,2017_12329,39.686073,-104.965325,11/7/2017 9:21,9:21,12,0,0,I25 & MM 205.4,2,1,0,0,1,4,0,,55,0,0,0,0,0,1,2,13