id,drcog_id,latitude,longitude,crashtime,time,crashtype,numbkilled,numbinjurd,drcoglocat,rdconditin,lightngcon,roadcntgrd,weatherco,location,roaddescrp,constrzone,schoolzone,splimit,bikeinv,pedinv,sctrinv,motoinv,svrty,rdsystem,ttlvehcls,hcf
,2017_12330,39.68682,-104.966883,11/8/2017 6:46,6:46,12,0,0,I25 & MM 205.5,1,1,1,0,1,4,0,,35,0,0,0,0,0,1,2,13
,2017_12331,39.68682,-104.966883,11/8/2017 8:22,8:22,12,0,0,I25 SOUTHBOUND COLLECTOR & MM 205.5,1,1,1,0,1,8,0,,55,0,0,0,0,0,1,3,3
,2017_12332,39.686969,-104.967195,9/20/2017 23:03,23:03,15,0,0,I25 & FRANKLIN STREET SOUTH,1,3,0,0,1,4,0,,50,0,0,0,0,0,1,2,13
,2017_12333,39.687267,-104.967818,8/17/2017 20:12,20:12,15,0,0,I25 SOUTHBOUND & UNIVERSITY BOULEVARD SOUTH,1,3,0,0,1,4,0,,60,0,0,0,0,0,1,2,8
,2017_12334,39.687417,-104.96813,1/4/2017 19:42,19:42,15,0,0,I25 SOUTHBOUND & FRANKLIN STREET SOUTH,4,3,0,2,1,4,0,,60,0,0,0,0,0,1,2,14
,2017_12335,39.687715,-104.968753,4/5/2017 9:53,9:53,12,0,0,I25 & FRANKLIN STREET SOUTH,1,1,0,0,1,4,0,,60,0,0,0,0,0,1,2,13
,2017_12336,39.687715,-104.968753,5/11/2017 10:29,10:29,12,0,0,I25 & FRANKLIN STREET SOUTH,1,1,0,0,1,4,0,,60,0,0,0,0,0,1,2,3
,2017_12337,39.736258,-105.014263,9/1/2017 21:45,21:45,12,0,0,I25 & 13TH AVENUE WEST,1,3,0,0,1,4,0,,,0,0,0,0,0,1,2,13
,2017_12338,39.724815,-105.012562,2/23/2017 21:38,21:38,5,0,0,I25 SOUTHBOUND LOOP RAMP OFF & SIXTH AVENUE EASTBOUND,9,3,0,2,3,8,0,,35,0,0,0,0,0,1,1,5
,2017_12339,39.687715,-104.968753,5/15/2017 8:43,8:43,12,0,0,I25 & FRANKLIN STREET SOUTH,1,1,0,0,1,4,0,,60,0,0,0,0,0,1,3,2
,2017_12340,39.687715,-104.968753,6/14/2017 11:03,11:03,5,0,0,I25 & FRANKLIN STREET SOUTH,1,1,0,0,1,4,0,,50,0,0,0,0,0,1,1,13
,2017_12341,39.687715,-104.968753,9/12/2017 7:51,7:51,12,0,0,I25 SOUTHBOUND & FRANKLIN STREET SOUTH,1,1,0,0,1,4,0,,60,0,0,0,0,0,1,2,14
,2017_12342,39.68779,-104.968909,4/5/2017 8:10,8:10,12,0,0,I25 & FRANKLIN STREET SOUTH,1,1,0,0,1,8,0,,60,0,0,0,0,0,1,2,3
,2017_12343,39.687864,-104.969064,3/22/2017 6:53,6:53,12,0,0,I25 SOUTHBOUND & FRANKLIN STREET,1,1,0,0,1,4,0,,60,0,0,0,0,0,1,2,1
,2017_12344,39.687943,-104.969224,4/27/2017 17:10,17:10,12,0,0,I25 NORTHBOUND & DOWNING STREET RAMP OFF GORE,1,1,0,0,1,4,0,,55,0,0,0,0,0,1,3,13
,2017_12345,39.688024,-104.969384,4/19/2017 7:44,7:44,12,0,0,I25 NORTHBOUND & DOWNING STREET EXIT GORE,1,1,0,0,1,4,0,,55,0,0,0,0,0,1,2,14
,2017_12346,39.688024,-104.969384,5/5/2017 18:32,18:32,12,0,0,I25 NORTHBOUND & DOWNING STREET SOUTH EXIT GORE APPROXIMATELY,1,1,0,0,1,4,0,,55,0,0,0,0,0,1,3,13
,2017_12347,39.688104,-104.969545,7/14/2017 8:06,8:06,15,0,0,I25 NORTHBOUND & DOWNING STREET SOUTH,1,1,0,0,1,4,0,,55,0,0,0,0,0,1,2,13
,2017_12348,39.688095,-104.970507,11/10/2017 8:50,8:50,12,0,0,I25 SOUTHBOUND ON RAMP METER LIGHT & DOWNING STREET,1,1,0,0,1,8,0,,55,0,0,0,0,0,1,3,13
,2017_12349,39.688426,-104.970188,11/21/2017 15:03,15:03,12,0,0,I25 SOUTHBOUND ON RAMP METER LIGHT & DOWNING STREET SOUTH,1,1,1,0,1,8,0,,60,0,0,0,0,1,1,3,1
,2017_12350,39.688989,-104.971312,8/12/2017 6:34,6:34,5,0,1,I25 SOUTHBOUND OFF RAMP & UNIVERSITY BOULEVARD SOUTHBOUND EXIT GORE POINT,1,1,1,0,2,8,0,,55,0,0,0,0,2,1,1,9
,2017_12351,39.690115,-104.973561,2/9/2017 10:58,10:58,15,0,0,I25 SOUTHBOUND & DOWNING STREET SOUTH,1,1,0,0,1,4,0,,60,0,0,0,0,0,1,2,13
,2017_12352,39.689632,-104.972597,10/17/2017 15:56,15:56,12,0,0,I25 & DOWNING STREET SOUTH,1,1,0,0,1,4,0,,50,0,0,0,0,0,1,3,5
,2017_12353,39.689713,-104.972758,10/24/2017 16:43,16:43,15,0,0,I25 & FRANKLIN STREET,1,1,0,0,1,4,0,,60,0,0,0,0,0,1,2,3
,2017_12354,39.689793,-104.972919,8/18/2017 14:16,14:16,12,0,0,I25 NORTHBOUND & DOWNING STREET,1,1,0,0,1,4,0,,60,0,0,0,0,0,1,2,13
,2017_12355,39.689793,-104.972919,11/21/2017 15:49,15:49,12,0,0,I25 & DOWNING STREET SOUTH,1,1,0,0,1,4,0,,55,0,0,0,0,0,1,5,1
,2017_12356,39.689793,-104.972919,12/2/2017 18:14,18:14,12,0,0,I25 & DOWNING STREET SOUTH,1,3,0,0,1,4,0,,60,0,0,0,0,0,1,3,12
,2017_12357,39.689954,-104.97324,2/10/2017 18:08,18:08,12,0,0,I25 NORTHBOUND & MM 205.90,1,3,0,0,1,4,0,,60,0,0,0,0,0,1,3,13
,2017_12358,39.689954,-104.97324,5/12/2017 13:49,13:49,12,0,0,I25 & DOWNING STREET SOUTH,1,1,0,0,1,4,0,,60,0,0,0,0,0,1,2,13
,2017_12359,39.690034,-104.973401,10/17/2017 15:51,15:51,12,0,0,I25 & DOWNING STREET SOUTH,1,1,0,0,1,4,0,,55,0,0,0,0,0,1,2,13
,2017_12360,39.690034,-104.973401,11/27/2017 7:20,7:20,12,0,0,I25 HIGHWAY SOUTHBOUND & DOWNING STREET SOUTH,1,1,0,0,1,4,0,,30,0,0,0,0,1,1,2,3
,2017_12361,39.690034,-104.973401,12/11/2017 12:24,12:24,12,0,0,I25 NORTHBOUND RAMP OFF & DOWNING STREET SOUTH,1,1,1,0,1,8,0,,35,0,0,0,0,0,1,2,13
,2017_12362,39.690034,-104.973401,10/24/2017 9:40,9:40,12,0,0,I25 SOUTHBOUND RAMP ON & DOWNING STREET,1,1,0,0,1,8,0,,55,0,0,0,0,0,1,2,13
,2017_12363,39.690034,-104.973401,10/16/2017 17:07,17:07,12,0,0,I25 & DOWNING STREET SOUTH,1,1,1,0,1,8,0,,,0,0,0,0,0,1,2,13
,2017_12364,39.690115,-104.973561,9/30/2017 18:30,18:30,12,0,0,I25 & DOWNING STREET SOUTH,1,1,1,0,1,4,0,,30,0,0,0,0,0,1,2,1
,2017_12365,39.690115,-104.973561,1/10/2017 6:58,6:58,15,0,0,I25 SOUTHBOUND & DOWNING STREET SOUTH,1,1,0,0,1,4,0,,50,0,0,0,0,0,1,3,3
,2017_12367,39.690115,-104.973561,3/8/2017 7:55,7:55,12,0,0,I25 SOUTHBOUND & DOWNING STREET SOUTH,1,1,0,0,1,4,0,,60,0,0,0,0,0,1,3,13
,2017_12368,39.690115,-104.973561,3/21/2017 16:59,16:59,12,0,0,I25 & DOWNING STREET SOUTH,1,1,0,0,1,4,0,,55,0,0,0,0,0,1,2,12
,2017_12369,39.690115,-104.973561,3/22/2017 11:59,11:59,15,0,0,I25 NORTHBOUND & DOWNING STREET SOUTH,1,1,0,0,1,4,0,,60,0,0,0,0,0,1,2,8
,2017_12370,39.690115,-104.973561,4/28/2017 8:26,8:26,12,0,0,I25 & DOWNING STREET SOUTH,1,1,0,0,1,4,0,,60,0,0,0,0,0,1,2,3
,2017_12371,39.690115,-104.973561,5/26/2017 16:45,16:45,12,0,0,I25 & DOWNING STREET SOUTH,1,1,0,0,1,4,0,,65,0,0,0,0,1,1,2,13
,2017_12372,39.690115,-104.973561,6/9/2017 8:15,8:15,12,0,0,I25 & DOWNING STREET SOUTH,1,1,0,0,1,4,0,,60,0,0,0,0,0,1,2,13
,2017_12373,39.690115,-104.973561,6/29/2017 14:32,14:32,12,0,0,I25 & DOWNING STREET SOUTH,1,1,0,0,1,4,0,,55,0,0,0,0,0,1,2,3
,2017_12374,39.690115,-104.973561,7/24/2017 8:57,8:57,15,0,0,I25 NORTHBOUND & DOWNING STREET SOUTH,1,1,0,0,1,4,0,,60,0,0,0,0,0,1,2,7
,2017_12375,39.690115,-104.973561,8/8/2017 10:05,10:05,12,0,0,I25 SOUTHBOUND & DOWNING STREET SOUTH,1,1,0,0,1,4,0,,50,0,0,0,0,0,1,2,3
,2017_12376,39.697178,-104.982388,3/16/2017 7:59,7:59,12,0,0,I25 SOUTHBOUND & WASHINGTON SOUTH,1,1,0,0,1,4,0,,60,0,0,0,0,0,1,2,3
,2017_12377,39.690115,-104.973561,10/7/2017 12:30,12:30,12,0,0,I25 & DOWNING STREET SOUTH,1,1,0,0,1,4,0,,50,0,0,0,0,0,1,3,3
,2017_12378,39.702381,-104.988631,5/19/2017 21:53,21:53,15,0,0,I25 NORTHBOUND & EMERSON STREET SOUTH,1,2,0,0,1,4,0,,65,0,0,0,0,0,1,2,13
,2017_12379,39.690115,-104.973561,11/1/2017 14:38,14:38,15,0,0,I25 & DOWNING STREET SOUTH,1,1,0,0,1,4,0,,55,0,0,0,0,0,1,3,1
,2017_12380,39.690115,-104.973561,11/30/2017 7:35,7:35,12,0,0,I25 & DOWNING STREET SOUTH,1,1,0,0,1,4,0,,60,0,0,0,0,0,1,2,14
,2017_12381,39.690115,-104.973561,11/29/2017 7:00,7:00,15,0,0,DOWNING STREET SOUTH & I25 INTCH,1,1,0,0,1,4,0,,30,0,0,0,0,0,1,2,13
,2017_12382,39.690115,-104.973561,4/24/2017 11:37,11:37,5,0,0,DOWNING STREET SOUTH & I25 SOUTHBOUND RAMP ON,1,1,0,0,3,3,0,,,0,0,0,0,0,1,1,13
,2017_12383,39.690115,-104.973561,12/9/2017 23:57,23:57,5,0,0,DOWNING STREET & I25 SOUTHBOUND RAMP ON,1,3,0,0,3,1,0,,30,0,0,0,0,1,1,1,1
,2017_12384,39.690115,-104.973561,2/16/2017 10:50,10:50,12,0,0,DOWNING STREET SOUTH & I25 NORTHBOUND RAMP OFF,1,1,1,0,1,1,0,,45,0,0,0,0,1,1,2,1
,2017_12385,39.690115,-104.973561,2/28/2017 12:30,12:30,3,0,0,DOWNING STREET SOUTH & I25 NORTHBOUND OFF RAMP,1,1,1,0,1,3,0,,35,0,0,0,0,0,1,2,1
,2017_12386,39.690115,-104.973561,6/23/2017 15:31,15:31,3,0,0,DOWNING STREET SOUTH & I25 NORTHBOUND RAMP OFF,1,1,1,0,1,1,0,,30,0,0,0,0,0,1,2,14
,2017_12387,39.690115,-104.973561,11/21/2017 11:25,11:25,3,0,0,DOWNING STREET SOUTH & I25 NORTHBOUND OFF RAMP,1,1,0,0,1,1,0,,30,0,0,0,0,0,1,2,13
,2017_12388,39.690195,-104.973722,12/6/2017 18:02,18:02,12,0,0,I25 & DOWNING STREET SOUTH,1,3,0,0,1,4,0,,60,0,0,0,0,0,1,2,13
,2017_12389,39.690874,-104.974989,7/13/2017 14:50,14:50,12,0,0,I25 & MM 206,1,1,0,0,1,4,0,,60,0,0,0,0,0,1,2,13
,2017_12390,39.690874,-104.974989,7/24/2017 17:45,17:45,12,0,0,I25 SOUTHBOUND & MM 206,1,1,0,0,1,4,0,,65,0,0,0,0,0,1,3,13
,2017_12391,39.691153,-104.975443,4/7/2017 11:10,11:10,12,0,0,I25 & EMERSON STREET SOUTH,1,1,0,0,1,4,0,,60,0,0,0,0,0,1,2,3
,2017_12392,39.692017,-104.976559,12/7/2017 18:02,18:02,12,0,0,I25 & EMERSON STREET SOUTH,2,3,0,2,1,4,0,,55,0,0,0,0,0,1,2,3
,2017_12393,39.69219,-104.976782,3/18/2017 11:15,11:15,12,0,0,I25 NORTHBOUND & EMERSON STREET SOUTH,1,1,0,0,1,4,0,,65,0,0,0,0,0,1,2,13
,2017_12394,39.707118,-104.996779,6/13/2017 18:30,18:30,12,0,0,I25 & SANTA FE DRIVE SOUTH,1,1,1,0,1,4,0,,55,0,0,0,0,0,1,2,13
,2017_12395,39.69219,-104.976782,3/30/2017 7:33,7:33,12,0,0,I25 SOUTHBOUND & EMERSON STREET SOUTH,1,1,0,0,1,4,0,,50,0,0,0,0,0,1,2,3
,2017_12396,39.69219,-104.976782,4/22/2017 22:34,22:34,5,0,0,I25 NORTHBOUND & EMERSON STREET SOUTH APPROXIMATELY,1,3,0,0,3,4,0,,55,0,0,0,0,0,1,1,7
,2017_12397,39.69219,-104.976782,4/25/2017 16:42,16:42,12,0,0,I25 & EMERSON STREET SOUTH,1,1,0,0,1,4,0,,55,0,0,0,0,0,1,3,13
,2017_12398,39.69219,-104.976782,5/11/2017 13:49,13:49,15,0,0,I25 & EMERSON STREET SOUTH,1,1,0,0,1,4,0,,65,0,0,0,0,0,1,2,13
,2017_12399,39.69219,-104.976782,5/23/2017 8:53,8:53,12,0,0,I25 SOUTHBOUND & EMERSON STREET SOUTH,1,1,0,0,1,4,0,,60,0,0,0,0,0,1,2,3
,2017_12400,39.69219,-104.976782,6/13/2017 9:41,9:41,12,0,0,I25 & EMERSON STREET SOUTH,1,1,0,0,1,4,0,,60,0,0,0,0,0,1,3,3
,2017_12401,39.768049,-104.994761,6/20/2017 12:23,12:23,12,0,0,I25 & PARK AVENUE WEST,1,1,0,0,1,4,0,,55,0,0,0,0,0,1,2,3
,2017_12402,39.69219,-104.976782,6/16/2017 15:41,15:41,12,0,0,I25 NORTHBOUND & EMERSON STREET SOUTH,1,1,0,0,1,4,0,,50,0,0,0,0,0,1,3,14
,2017_12403,39.69219,-104.976782,7/13/2017 15:27,15:27,12,0,1,I25 & EMERSON STREET SOUTH,1,1,0,0,1,4,0,,60,0,0,0,0,2,1,2,14
,2017_12404,39.69219,-104.976782,7/18/2017 16:04,16:04,12,0,0,I25 SOUTHBOUND & EMERSON STREET SOUTH,1,1,0,0,1,4,0,,55,0,0,0,0,1,1,6,13
,2017_12405,39.69219,-104.976782,8/18/2017 15:00,15:00,12,0,0,I25 & EMERSON STREET SOUTH,1,1,0,0,1,4,0,,55,0,0,0,0,0,1,2,13
,2017_12406,39.69219,-104.976782,9/25/2017 10:36,10:36,12,0,0,I25 NORTHBOUND & EMERSON STREET SOUTH,1,1,0,0,1,4,0,,50,0,0,0,0,0,1,2,5
,2017_12407,39.692336,-104.976969,9/12/2017 18:15,18:15,12,0,0,I25 & EMERSON STREET SOUTH,1,1,0,0,1,4,0,,60,0,0,0,0,0,1,2,1
,2017_12408,39.692441,-104.977091,10/7/2017 0:40,0:40,5,0,0,I25 & DOWNING STREET SOUTH,1,3,0,0,3,4,0,,,0,0,0,0,0,1,1,13
,2017_12410,39.692778,-104.977469,11/27/2017 8:06,8:06,12,0,0,I25 & DOWNING STREET SOUTH,1,1,0,0,1,4,0,,55,0,0,0,0,0,1,2,13
,2017_12411,39.693012,-104.977702,7/12/2017 18:21,18:21,12,0,0,I25 & MM 206.20 APPROXIMATELY,1,1,0,0,1,4,0,,,0,0,0,0,0,1,3,13
,2017_12412,39.693168,-104.977858,5/3/2017 16:40,16:40,12,0,0,I25 & LOUISIANA AVENUE EAST,1,1,0,0,1,4,0,,55,0,0,0,0,0,1,2,13
,2017_12413,39.693168,-104.977858,6/9/2017 8:33,8:33,15,0,0,I25 SOUTHBOUND & LOUISIANA AVENUE EAST,1,1,0,0,1,4,0,,60,0,0,0,0,0,1,2,13
,2017_12414,39.693168,-104.977858,8/30/2017 18:07,18:07,15,0,0,I25 SOUTHBOUND & LOUISIANA AVENUE EAST,1,1,0,0,1,4,0,,60,0,0,0,0,0,1,2,8
,2017_12415,39.693168,-104.977858,12/27/2017 16:41,16:41,15,0,1,I25 & LOUISIANA AVENUE EAST,1,3,0,0,1,4,0,,60,0,0,0,0,2,1,3,1
,2017_12416,39.693324,-104.978013,6/25/2017 5:03,5:03,5,0,1,I25 NORTHBOUND & LOUISIANA AVENUE EAST,1,1,0,0,1,4,0,,65,0,0,0,0,2,1,4,3
,2017_12417,39.6934,-104.978089,6/11/2017 3:10,3:10,12,0,0,I25 NORTHBOUND & MM 206.25 APPROXIMATELY,1,3,0,0,1,4,0,,55,0,0,0,0,0,1,2,13
,2017_12418,39.6934,-104.978089,7/20/2017 17:17,17:17,12,0,0,I25 NORTHBOUND & MP 206.25 APPROXIMATELY,1,1,0,0,1,4,0,,55,0,0,0,0,0,1,2,14
,2017_12419,39.693637,-104.978355,3/9/2017 17:15,17:15,12,0,0,I25 SOUTHBOUND & EMERSON STREET SOUTH,1,2,0,0,1,4,0,,65,0,0,0,0,0,1,2,13
,2017_12420,39.693988,-104.97875,6/15/2017 17:31,17:31,15,0,0,I25 NORTHBOUND & WASHINGTON STREET SOUTH,1,1,0,0,1,4,0,,60,0,0,0,0,0,1,2,1
,2017_12421,39.711663,-104.999176,11/2/2017 8:37,8:37,15,0,0,I25 & ALAMEDA AVENUE WEST,1,1,0,0,1,4,0,,65,0,0,0,0,0,1,2,1
,2017_12422,39.694895,-104.979778,5/16/2017 17:09,17:09,12,0,0,I25 & WASHINGTON STREET SOUTH,1,1,0,0,1,4,0,,60,0,0,0,0,0,1,2,5
,2017_12423,39.693988,-104.97875,3/14/2017 17:40,17:40,15,0,0,I25 SOUTHBOUND OFF RAMP & WASHINGTON STREET APPROXIMATELY,1,1,0,0,1,8,0,,45,0,0,0,0,1,1,2,13
,2017_12424,39.694456,-104.979276,1/13/2017 17:25,17:25,12,0,0,I25 SOUTHBOUND & WASHINGTON STREET SOUTH,1,3,0,0,1,4,0,,65,0,0,0,0,0,1,2,13
,2017_12425,39.694456,-104.979276,2/17/2017 16:02,16:02,12,0,0,I25 SOUTHBOUND & WASHINGTON STREET SOUTH,1,1,0,0,1,4,0,,50,0,0,0,0,1,1,2,12
,2017_12426,39.694456,-104.979276,2/17/2017 16:13,16:13,12,0,0,I25 & WASHINGTON STREET SOUTH,1,1,0,0,1,4,0,,50,0,0,0,0,0,1,2,13
,2017_12427,39.694456,-104.979276,7/5/2017 18:11,18:11,12,0,0,I25 SOUTHBOUND & WASHINGTON STREET SOUTH,1,1,0,0,1,4,0,,50,0,0,0,0,0,1,2,13
,2017_12428,39.694456,-104.979276,7/24/2017 8:43,8:43,12,0,0,I25 SOUTHBOUND & WASHINGTON STREET SOUTH,1,1,0,0,1,4,0,,60,0,0,0,0,0,1,3,3
,2017_12429,39.694456,-104.979276,7/25/2017 7:38,7:38,12,0,0,I25 SOUTHBOUND & WASHINGTON STREET SOUTH,1,1,0,0,1,4,0,,60,0,0,0,0,0,1,2,3
,2017_12430,39.725398,-105.012983,12/18/2017 6:39,6:39,5,0,0,I25 & SIXTH AVENUE WEST WB 'J' COLLECTOR,5,2,0,0,3,8,0,,55,0,0,0,0,0,1,1,14
,2017_12431,39.694456,-104.979276,8/8/2017 8:39,8:39,12,0,0,I25 SOUTHBOUND & WASHINGTON STREET SOUTH,1,1,0,0,1,4,0,,60,0,0,0,0,0,1,2,3
,2017_12432,39.694456,-104.979276,9/22/2017 17:47,17:47,12,0,0,I25 SOUTHBOUND & WASHINGTON STREET SOUTH,1,1,0,0,1,4,0,,60,0,0,0,0,0,1,2,1
,2017_12433,39.694456,-104.979276,9/28/2017 15:47,15:47,12,0,0,I25 SOUTHBOUND & WASHINGTON STREET SOUTH,1,1,0,0,1,4,0,,60,0,0,0,0,0,1,2,13
,2017_12434,39.694456,-104.979276,10/23/2017 17:15,17:15,12,0,0,I25 & WASHINGTON STREET SOUTH,1,1,0,0,1,4,0,,60,0,0,0,0,0,1,3,1
,2017_12435,39.694456,-104.979276,11/10/2017 12:13,12:13,12,0,0,I25 & WASHINGTON STREET SOUTH,1,1,1,0,1,4,0,,25,0,0,0,0,0,1,2,13
,2017_12436,39.694456,-104.979276,11/30/2017 19:40,19:40,12,0,0,I25 & WASHINGTON STREET SOUTH,1,3,0,0,1,4,0,,65,0,0,0,0,1,1,2,3
,2017_12437,39.694456,-104.979276,12/8/2017 16:23,16:23,12,0,0,I25 & WASHINGTON STREET SOUTH,1,1,0,0,1,4,0,,65,0,0,0,0,0,1,2,13
,2017_12439,39.695113,-104.980026,11/30/2017 7:43,7:43,12,0,0,I25 & BROADWAY NORTHBOUND OFF RAMP ENTRANCE,1,1,0,0,1,4,0,,60,0,0,0,0,0,1,3,13
,2017_12440,39.695113,-104.980026,6/7/2017 7:30,7:30,12,0,0,I25 SOUTHBOUND & WASHINGTON STREET,1,1,1,0,1,8,0,,35,0,0,0,0,0,1,3,13
,2017_12441,39.69533,-104.980275,7/17/2017 8:36,8:36,12,0,0,I25 HIGHWAY SOUTHBOUND & WASHINGTON STREET SOUTH,1,1,0,0,1,4,0,,50,0,0,0,0,0,1,2,3
,2017_12442,39.701466,-104.987451,12/15/2017 14:46,14:46,12,0,0,I25 & BROADWAY,1,5,0,0,1,4,0,,60,0,0,0,0,0,1,2,13
,2017_12443,39.695874,-104.980896,9/11/2017 14:35,14:35,15,0,0,I25 NORTHBOUND & LINCOLN STREET SOUTH,1,1,0,0,1,4,0,,55,0,0,0,0,0,1,2,13
,2017_12444,39.696526,-104.981642,10/21/2017 13:27,13:27,12,0,0,I25 & LOGAN STREET SOUTH,1,1,0,0,1,4,0,,60,0,0,0,0,0,1,3,13
,2017_12445,39.696635,-104.981767,8/17/2017 16:15,16:15,12,0,0,I25 SOUTHBOUND EXIT RAMP & WASHINGTON STREET SOUTH,1,1,1,0,1,8,0,,35,0,0,0,0,0,1,2,13
,2017_12446,39.696961,-104.98214,8/22/2017 16:30,16:30,12,0,0,I25 SOUTHBOUND ON / OFF RAMP SPLIT GORE POINT & WASHINGTON STREET SOUTH,1,1,0,0,1,4,0,,60,0,0,0,0,1,1,2,13
,2017_12447,39.697287,-104.982513,2/14/2017 15:25,15:25,12,0,0,I25 NORTHBOUND & LOGAN STREET SOUTH,1,1,0,0,1,4,0,,55,0,0,0,0,0,1,2,16
,2017_12448,39.697287,-104.982513,6/7/2017 14:54,14:54,12,0,0,I25 & MP 206.6,1,1,0,0,1,4,0,,55,0,0,0,0,1,1,2,14
,2017_12449,39.697504,-104.982761,1/5/2017 13:20,13:20,12,0,0,I25 & LOGAN STREET SOUTH,4,1,1,2,1,4,0,,55,0,0,0,0,0,1,2,13
,2017_12451,39.697504,-104.982761,5/11/2017 9:07,9:07,12,0,0,I25 & LOGAN STREET SOUTH,1,1,0,0,1,4,0,,60,0,0,0,0,0,1,2,13
,2017_12452,39.697504,-104.982761,5/11/2017 9:07,9:07,12,0,0,I25 & LOGAN STREET SOUTH INTCH,1,1,0,0,1,4,0,,60,0,0,0,0,0,1,2,13
,2017_12453,39.697504,-104.982761,7/20/2017 7:41,7:41,12,0,0,I25 SOUTHBOUND & LOGAN STREET SOUTH,1,1,0,0,1,4,0,,60,0,0,0,0,0,1,2,3
,2017_12454,39.697504,-104.982761,7/20/2017 17:33,17:33,12,0,0,I25 & LOGAN STREET SOUTH,1,1,0,0,1,4,0,,60,0,0,0,0,0,1,2,3
,2017_12455,39.697504,-104.982761,8/10/2017 18:13,18:13,12,0,0,I25 & LOGAN STREET SOUTH,1,1,0,0,1,4,0,,,0,0,0,0,0,1,2,13
,2017_12456,39.697504,-104.982761,9/5/2017 16:53,16:53,12,0,0,I25 & LOGAN STREET SOUTH,1,1,0,0,1,4,0,,55,0,0,0,0,0,1,2,13
,2017_12457,39.697504,-104.982761,10/23/2017 17:40,17:40,12,0,0,I25 & LOGAN STREET SOUTH,1,1,0,0,1,4,0,,60,0,0,0,0,0,1,2,13
,2017_12458,39.697504,-104.982761,11/28/2017 16:29,16:29,12,0,0,I25 & LOGAN STREET SOUTH,1,1,0,0,1,4,0,,,0,0,0,0,0,1,2,13
,2017_12459,39.697504,-104.982761,12/8/2017 16:59,16:59,12,0,0,I25 & LOGAN STREET SOUTH,1,1,0,0,1,4,0,,65,0,0,0,0,0,1,2,13
,2017_12460,39.697722,-104.98301,1/24/2017 18:05,18:05,15,0,0,I25 SOUTHBOUND & LOGAN STREET BRIDGE SOUTH,1,3,0,0,1,4,0,,55,0,0,0,0,0,1,2,13
,2017_12461,39.697722,-104.98301,7/16/2017 6:26,6:26,5,0,0,I25 SOUTHBOUND & LOGAN STREET SOUTH,1,1,1,0,2,4,0,,60,0,0,0,0,1,1,1,13
,2017_12462,39.697722,-104.98301,10/19/2017 15:50,15:50,15,0,0,I25 MERGE LANE & LOGAN STREET SOUTH,1,1,1,0,1,4,0,,55,0,0,0,0,0,1,2,13
,2017_12463,39.697722,-104.98301,11/21/2017 18:15,18:15,12,0,0,I25 & LOGAN STREET SOUTH,1,1,0,0,1,4,0,,60,0,0,0,0,0,1,2,13
,2017_12464,39.700108,-104.985756,10/26/2017 14:55,14:55,12,0,0,I25 & LINCOLN STREET SOUTH,2,1,0,1,1,4,0,,35,0,0,0,0,0,1,2,4
,2017_12465,39.697939,-104.983259,5/16/2017 14:49,14:49,12,0,0,I25 & LOGAN STREET SOUTH,1,1,0,0,1,4,0,,65,0,0,0,0,0,1,3,13
,2017_12466,39.697939,-104.983259,10/5/2017 7:36,7:36,12,0,0,I25 & LOGAN STREET SOUTH,1,1,0,0,1,4,0,,60,0,0,0,0,0,1,3,1
,2017_12467,39.698157,-104.983507,5/22/2017 17:10,17:10,12,0,0,I25 & LOGAN STREET SOUTH,2,1,0,1,1,4,0,,60,0,0,0,0,0,1,2,13
,2017_12468,39.698157,-104.983507,10/27/2017 17:00,17:00,12,0,0,I25 & LOGAN STREET SOUTH,1,2,0,0,1,4,0,,60,0,0,0,0,0,1,3,1
,2017_12470,39.698483,-104.983881,8/22/2017 7:39,7:39,12,0,0,I25 & LOGAN STREET,1,1,1,0,1,4,0,,30,0,0,0,0,0,1,2,13
,2017_12471,39.698591,-104.984005,4/6/2017 7:34,7:34,15,0,0,I25 NORTHBOUND & LOGAN STREET SOUTH,1,1,0,0,1,4,0,,55,0,0,0,0,0,1,2,3
,2017_12472,39.701466,-104.987451,6/16/2017 12:13,12:13,12,0,0,I25 & BROADWAY SOUTH,1,1,0,0,1,4,0,,55,0,0,0,0,0,1,2,8
,2017_12473,39.698809,-104.984254,11/9/2017 8:25,8:25,12,0,0,I25 & BROADWAY,1,1,0,0,1,4,0,,55,0,0,0,0,0,1,4,13
,2017_12474,39.699352,-104.984875,10/1/2017 21:01,21:01,5,0,1,I25 NORTHBOUND & BROADWAY STREET SOUTH,2,3,1,1,1,4,0,,55,0,0,0,0,2,1,2,13
,2017_12475,39.699461,-104.985,8/14/2017 13:36,13:36,15,0,0,I25 NORTHBOUND & MM 206.8,1,1,1,0,1,4,0,,55,0,0,0,0,1,1,2,13
,2017_12476,39.699461,-104.985,9/14/2017 16:23,16:23,12,0,0,I25 & MM 206.8,1,1,1,0,1,4,0,,55,0,0,0,0,0,1,2,13
,2017_12477,39.699461,-104.985,6/27/2017 13:25,13:25,5,0,0,I25 & MM 206.8 APPROXIMATELY,1,1,1,0,3,8,0,,30,0,0,0,0,0,1,1,12
,2017_12478,39.700525,-104.986285,12/23/2017 19:08,19:08,5,0,0,I25 & MM 206.90,5,3,1,2,2,4,0,,60,0,0,0,0,0,1,2,1
,2017_12479,39.700838,-104.986681,4/19/2017 7:35,7:35,1,0,0,BROADWAY SOUTH & KENTUCKY AVENUE WEST,1,1,0,0,1,1,0,,35,0,0,0,0,0,1,2,16