id,drcog_id,latitude,longitude,crashtime,time,crashtype,numbkilled,numbinjurd,drcoglocat,rdconditin,lightngcon,roadcntgrd,weatherco,location,roaddescrp,constrzone,schoolzone,splimit,bikeinv,pedinv,sctrinv,motoinv,svrty,rdsystem,ttlvehcls,hcf
,2017_12480,39.700838,-104.986681,5/22/2017 19:45,19:45,15,0,0,KENTUCKY AVENUE WEST & BROADWAY SOUTH,2,3,0,1,1,3,0,,20,0,0,0,0,0,1,2,13
,2017_12481,39.700838,-104.986681,7/17/2017 14:35,14:35,15,0,0,BROADWAY SOUTH & KENTUCKY AVENUE WEST,1,1,1,0,1,1,0,,30,0,0,0,0,0,1,2,13
,2017_12482,39.700838,-104.986681,8/4/2017 12:45,12:45,15,0,0,BROADWAY SOUTH & KENTUCKY AVENUE WEST,1,1,1,0,1,3,0,,30,0,0,0,0,0,1,2,3
,2017_12483,39.700838,-104.986681,2/8/2017 9:54,9:54,12,0,0,BROADWAY SOUTH NORTHBOUND & I25 SOUTHBOUND SLIP RAMP ON,1,1,1,0,1,1,0,,30,0,0,0,0,0,1,2,3
,2017_12484,39.700838,-104.986681,2/10/2017 14:35,14:35,12,0,0,BROADWAY SOUTH & KENTUCKY AVENUE EAST,1,1,0,0,1,1,0,,35,0,0,0,0,1,1,2,13
,2017_12485,39.700838,-104.986681,2/25/2017 20:21,20:21,12,0,0,BROADWAY STREET SOUTH & KENTUCKY AVENUE WEST,1,3,0,0,1,3,0,,,0,0,0,0,0,4,3,13
,2017_12486,39.700838,-104.986681,3/9/2017 7:28,7:28,12,0,0,BROADWAY SOUTH & KENTUCKY AVENUE EAST,1,1,0,0,1,1,0,,30,0,0,0,0,0,1,2,13
,2017_12487,39.700838,-104.986681,8/21/2017 13:49,13:49,15,0,0,BROADWAY SOUTH & KENTUCKY AVENUE WEST,1,1,0,0,1,4,0,,35,0,0,0,0,0,1,2,13
,2017_12488,39.700838,-104.986681,11/7/2017 18:59,18:59,3,0,0,BROADWAY SOUTH & KENTUCKY AVENUE WEST,2,3,0,2,1,1,0,,35,0,0,0,0,0,1,2,13
,2017_12489,39.700838,-104.986681,12/20/2017 8:17,8:17,1,0,0,BROADWAY SOUTH & KENTUCKY AVENUE WEST,1,1,0,0,1,1,0,,30,0,0,0,0,0,1,2,13
,2017_12490,39.701047,-104.986946,5/22/2017 17:47,17:47,12,0,0,I25 NORTHBOUND OFF RAMP & LINCOLN,2,1,1,1,1,8,0,,30,0,0,0,0,0,1,2,13
,2017_12491,39.701151,-104.987078,12/4/2017 18:30,18:30,12,0,0,I25 & BROADWAY SOUTH INTCH,1,2,0,0,1,4,0,,55,0,0,0,0,0,1,2,13
,2017_12492,39.701256,-104.987205,8/3/2017 15:39,15:39,12,0,0,I25 NORTHBOUND & BROADWAY SOUTH APPROXIMATELY,1,1,0,0,1,4,0,,65,0,0,0,0,0,1,2,12
,2017_12493,39.701256,-104.987205,9/19/2017 7:31,7:31,12,0,0,I25 NORTHBOUND RAMP OFF & LINCOLN STREET APPROXIMATELY,1,1,0,0,1,8,0,,60,0,0,0,0,0,1,2,3
,2017_12494,39.701256,-104.987205,3/8/2017 6:43,6:43,15,0,0,LINCOLN STREET SOUTH & OHIO AVENUE EAST,1,1,0,0,1,3,0,,35,0,0,0,0,0,4,2,13
,2017_12495,39.701256,-104.987205,9/19/2017 16:55,16:55,3,0,0,OHIO AVENUE EAST & LINCOLN STREET SOUTH,1,1,0,0,1,1,0,,30,0,0,0,0,0,1,2,3
,2017_12496,39.701256,-104.987205,10/23/2017 15:20,15:20,3,0,0,OHIO AVENUE EAST & LINCOLN STREET SOUTH,1,1,0,0,1,1,0,,,0,0,0,0,0,1,2,13
,2017_12497,39.701256,-104.987205,10/23/2017 17:55,17:55,3,0,0,LINCOLN STREET SOUTH & OHIO AVENUE EAST,1,1,0,0,1,1,0,,30,0,0,0,0,0,1,2,1
,2017_12498,39.701256,-104.987205,11/9/2017 12:40,12:40,12,0,0,LINCOLN STREET SOUTH & OHIO AVENUE EAST,1,1,0,0,1,1,0,,35,0,0,0,0,0,1,2,13
,2017_12499,39.701256,-104.987205,11/14/2017 8:17,8:17,3,0,0,OHIO AVENUE EAST & LINCOLN STREET SOUTH,1,1,0,0,1,1,0,,25,0,0,0,0,0,1,2,13
,2017_12500,39.701466,-104.987451,8/25/2017 13:43,13:43,12,0,0,I25 & BROADWAY SOUTH,1,1,0,0,1,4,0,,55,0,0,0,0,0,1,2,13
,2017_12501,39.701361,-104.987328,6/29/2017 7:37,7:37,12,0,0,I25 SOUTHBOUND ON RAMP & BROADWAY,1,1,1,0,1,8,0,,35,0,0,0,0,0,1,5,8
,2017_12502,39.725165,-105.012815,6/14/2017 13:31,13:31,12,0,0,SIXTH AVENUE WEST RAMP OFF & I25 NORTHBOUND / SOUTHBOUND RAMP SPLIT,1,1,1,0,1,8,0,,,0,0,0,0,0,1,2,13
,2017_12503,39.701466,-104.987451,1/12/2017 17:36,17:36,12,0,0,I25 SOUTHBOUND & BROADWAY SOUTH,2,3,1,0,1,4,0,,60,0,0,0,0,0,1,2,10
,2017_12504,39.701466,-104.987451,1/15/2017 15:50,15:50,5,0,0,I25 SOUTHBOUND & BROADWAY SOUTH,2,1,0,2,1,4,0,,55,0,0,0,0,0,1,2,13
,2017_12505,39.701466,-104.987451,4/6/2017 15:45,15:45,12,0,0,I25 & BROADWAY SOUTH,1,1,1,0,1,4,0,,65,0,0,0,0,0,1,2,3
,2017_12506,39.701466,-104.987451,4/6/2017 17:30,17:30,12,0,0,I25 & BROADWAY SOUTH,1,1,1,0,1,4,0,,55,0,0,0,0,0,1,2,13
,2017_12507,39.701466,-104.987451,5/1/2017 17:35,17:35,12,0,0,I25 SOUTHBOUND & BROADWAY SOUTH,1,1,0,0,1,4,0,,55,0,0,0,0,0,1,2,13
,2017_12508,39.701466,-104.987451,5/2/2017 16:48,16:48,12,0,0,I25 & BROADWAY SOUTH,1,1,1,0,1,4,0,,60,0,0,0,0,0,1,3,1
,2017_12509,39.701466,-104.987451,5/18/2017 12:01,12:01,12,0,0,I25 & BROADWAY SOUTH APPROXIMATELY,2,1,1,2,1,4,0,,35,0,0,0,0,0,1,2,3
,2017_12510,39.701466,-104.987451,6/14/2017 7:18,7:18,12,0,0,I25 & BROADWAY SOUTH,1,1,0,0,1,4,0,,55,0,0,0,0,0,1,3,3
,2017_12511,39.701466,-104.987451,1/4/2017 13:15,13:15,12,0,0,BROADWAY SOUTH & I25 INTCH,4,1,0,2,1,4,0,,,0,0,0,0,0,1,2,13
,2017_12512,39.701466,-104.987451,6/20/2017 15:10,15:10,12,0,0,I25 & BROADWAY SOUTH,1,1,1,0,1,4,0,,55,0,0,0,0,0,1,2,13
,2017_12513,39.701466,-104.987451,6/26/2017 16:10,16:10,12,0,0,I25 & BROADWAY,1,1,0,0,1,4,0,,55,0,0,0,0,0,1,2,13
,2017_12514,39.701466,-104.987451,6/26/2017 16:10,16:10,12,0,0,I25 & BROADWAY SOUTH,1,1,0,0,1,4,0,,55,0,0,0,0,0,1,2,13
,2017_12515,39.701466,-104.987451,7/5/2017 14:49,14:49,12,0,0,I25 & BROADWAY SOUTH,1,1,0,0,1,4,0,,60,0,0,0,0,0,1,2,13
,2017_12516,39.701466,-104.987451,8/25/2017 13:32,13:32,12,0,0,I25 & BROADWAY SOUTH,1,1,0,0,1,4,0,,55,0,0,0,0,0,1,2,13
,2017_12517,39.701466,-104.987451,9/18/2017 17:10,17:10,12,0,0,I25 & BROADWAY SOUTH,1,1,0,0,1,4,0,,60,0,0,0,0,0,1,2,13
,2017_12518,39.701466,-104.987451,9/29/2017 15:45,15:45,15,0,0,I25 SOUTHBOUND & BROADWAY,1,1,0,0,1,4,0,,50,0,0,0,0,0,1,2,13
,2017_12519,39.7757,-104.989222,5/21/2017 23:26,23:26,15,0,0,I25 & I70,2,3,0,1,1,4,0,,55,0,0,0,0,0,1,2,8
,2017_12520,39.701466,-104.987451,10/5/2017 7:05,7:05,12,0,0,I25 & BROADWAY SOUTH,1,1,0,0,1,4,0,,55,0,0,0,0,0,1,3,3
,2017_12521,39.701466,-104.987451,10/5/2017 14:54,14:54,12,0,0,I25 & BROADWAY,1,1,0,0,1,4,0,,55,0,0,0,0,0,1,2,13
,2017_12522,39.701466,-104.987451,11/1/2017 17:00,17:00,15,0,0,I25 & BROADWAY SOUTH APPROXIMATELY,1,1,0,0,1,4,0,,,0,0,0,0,0,1,2,13
,2017_12523,39.701466,-104.987451,11/9/2017 16:12,16:12,12,0,0,I25 & BROADWAY,1,1,0,0,1,4,0,,50,0,0,0,0,0,1,2,13
,2017_12524,39.701466,-104.987451,11/13/2017 17:15,17:15,12,0,0,I25 & BROADWAY,1,2,0,0,1,4,0,,55,0,0,0,0,0,1,3,13
,2017_12525,39.701466,-104.987451,11/28/2017 18:17,18:17,15,0,0,I25 & BROADWAY,1,1,0,0,1,4,0,,60,0,0,0,0,0,1,2,13
,2017_12526,39.701466,-104.987451,1/16/2017 7:39,7:39,12,0,0,BROADWAY SOUTH & KENTUCKY AVENUE WEST,5,1,0,2,1,4,0,,30,0,0,0,0,0,1,2,13
,2017_12527,39.701466,-104.987451,3/7/2017 11:33,11:33,15,0,0,BROADWAY SOUTH & KENTUCKY AVENUE WEST,1,1,0,0,1,4,0,,30,0,0,0,0,0,1,2,13
,2017_12528,39.701466,-104.987451,3/30/2017 16:21,16:21,12,0,0,BROADWAY SOUTH & I25 NORTHBOUND,1,1,0,0,1,4,0,,65,0,0,0,0,1,1,2,3
,2017_12529,39.701466,-104.987451,4/22/2017 8:20,8:20,12,0,0,BROADWAY SOUTH & OHIO AVENUE EAST,2,1,0,0,1,1,0,,35,0,0,0,0,1,1,2,1
,2017_12531,39.701466,-104.987451,4/23/2017 15:15,15:15,15,0,0,OHIO AVENUE EAST & BROADWAY STREET SOUTH,1,1,3,0,1,1,0,,30,0,0,0,0,0,1,2,13
,2017_12532,39.701466,-104.987451,5/18/2017 5:21,5:21,3,0,0,BROADWAY SOUTH & OHIO AVENUE EAST,2,2,0,1,1,1,0,,30,0,0,0,0,0,1,2,13
,2017_12533,39.701466,-104.987451,5/20/2017 2:11,2:11,12,0,0,BROADWAY SOUTH & OHIO AVENUE EAST,1,3,0,0,1,4,0,,30,0,0,0,0,0,1,2,5
,2017_12534,39.701466,-104.987451,8/6/2017 10:31,10:31,3,0,0,BROADWAY SOUTH & I25 SOUTHBOUND,1,1,0,0,1,1,0,,35,0,0,0,0,0,1,2,13
,2017_12535,39.701466,-104.987451,8/15/2017 22:00,22:00,1,0,1,BROADWAY SOUTH & KENTUCKY AVENUE WEST,2,3,0,0,1,1,0,,35,0,0,0,0,2,1,2,16
,2017_12536,39.701466,-104.987451,8/23/2017 14:22,14:22,1,0,0,BROADWAY SOUTH & KENTUCKY AVENUE EAST,1,1,0,0,1,1,0,,30,0,0,0,0,1,1,2,13
,2017_12537,39.701466,-104.987451,9/2/2017 20:33,20:33,15,0,0,BROADWAY SOUTH & OHIO AVENUE EAST,1,4,0,0,1,1,0,,30,0,0,0,0,0,1,2,8
,2017_12538,39.701466,-104.987451,11/27/2017 17:40,17:40,15,0,0,BROADWAY SOUTH & KENTUCKY AVENUE WEST,1,3,0,0,1,4,0,,35,0,0,0,0,0,1,2,13
,2017_12539,39.701466,-104.987451,12/22/2017 20:09,20:09,15,0,0,OHIO AVENUE EAST & BROADWAY STREET SOUTH,1,3,0,7,1,1,0,,30,0,0,0,0,0,1,2,8
,2017_12540,39.701466,-104.987451,12/2/2017 22:13,22:13,15,0,0,I25 & BROADWAY STREET NORTH,1,2,0,0,1,8,0,,55,0,0,0,0,0,1,2,13
,2017_12541,39.701466,-104.987451,4/3/2017 8:42,8:42,3,0,0,BROADWAY SOUTH & I25 SOUTHBOUND RAMPS,1,1,0,0,1,1,0,,30,0,0,0,0,0,1,2,13
,2017_12542,39.701466,-104.987451,5/22/2017 23:35,23:35,3,0,0,BROADWAY SOUTH & I25 SOUTHBOUND RAMP OFF,1,3,0,0,1,1,0,,35,0,0,0,0,0,1,2,13
,2017_12543,39.701466,-104.987451,5/31/2017 16:23,16:23,12,0,0,BROADWAY SOUTH & I25 SOUTHBOUND RAMPS,1,1,1,0,1,3,0,,30,0,0,0,0,1,1,2,3
,2017_12544,39.701466,-104.987451,6/12/2017 22:28,22:28,1,0,0,BROADWAY SOUTH & I25 SOUTHBOUND RAMPS,1,3,0,0,1,1,0,,35,0,0,0,0,0,1,3,5
,2017_12545,39.778066,-104.989183,10/2/2017 2:46,2:46,12,0,0,I25 NORTHBOUND & I70 WB,2,3,1,1,1,4,0,,,0,0,0,0,0,1,2,13
,2017_12546,39.701466,-104.987451,9/10/2017 16:25,16:25,3,0,0,BROADWAY SOUTH & I25 SOUTHBOUND OFF RAMP,1,1,0,0,1,1,0,,30,0,0,0,1,0,1,2,8
,2017_12548,39.71413,-105.000671,8/24/2017 14:34,14:34,12,0,0,I25 & ALAMEDA AVENUE WEST,1,1,0,0,1,4,0,,65,0,0,0,0,0,1,2,13
,2017_12549,39.701466,-104.987451,11/19/2017 1:20,1:20,3,0,0,BROADWAY STREET SOUTH & I25 SOUTHBOUND OFF RAMP,1,3,0,0,1,1,0,,35,0,0,0,0,0,1,2,13
,2017_12550,39.701466,-104.987451,1/4/2017 16:00,16:00,15,0,0,BROADWAY STREET 800 BLOCK SOUTH & OHIO AVENUE WEST,4,2,0,2,1,3,0,,30,0,0,0,0,0,1,2,1
,2017_12551,39.70157,-104.987575,4/6/2017 18:43,18:43,15,0,0,I25 NORTHBOUND & MM 207.00,1,1,1,0,1,4,0,,60,0,0,0,0,0,1,2,1
,2017_12552,39.70157,-104.987575,5/21/2017 18:30,18:30,15,0,0,I25 & BROADWAY SOUTH,1,1,0,0,1,4,0,,65,0,0,0,0,0,1,3,5
,2017_12553,39.70157,-104.987575,7/17/2017 14:58,14:58,12,0,0,I25 NORTHBOUND & MM 207.0,1,1,1,0,1,4,0,,55,0,0,0,0,1,1,2,14
,2017_12554,39.70157,-104.987575,8/4/2017 17:00,17:00,12,0,0,I25 NORTHBOUND & MM 207,1,1,0,0,1,4,0,,65,0,0,0,0,0,1,2,3
,2017_12555,39.70157,-104.987575,1/19/2017 9:33,9:33,12,0,0,I25 SOUTHBOUND RAMP OFF & BROADWAY SOUTH,1,1,1,0,1,8,0,,45,0,0,0,0,1,1,2,14
,2017_12556,39.70157,-104.987575,2/7/2017 15:12,15:12,5,0,0,I25 SOUTHBOUND RAMP OFF & BROADWAY SOUTH APPROXIMATELY,1,1,0,0,3,8,0,,60,0,0,0,0,0,1,1,1
,2017_12557,39.70157,-104.987575,3/12/2017 11:55,11:55,12,0,0,I25 SOUTHBOUND RAMP OFF & BROADWAY INTCH,1,1,1,0,1,8,0,,35,0,0,0,0,0,1,2,13
,2017_12558,39.70157,-104.987575,5/17/2017 16:53,16:53,12,0,0,I25 & BROADWAY SOUTH,1,1,0,0,1,8,0,,60,0,0,0,0,1,1,3,13
,2017_12559,39.70157,-104.987575,7/21/2017 11:25,11:25,12,0,0,I25 SOUTHBOUND RAMP OFF & BROADWAY SOUTH,1,2,0,0,1,8,0,,,0,0,0,0,0,1,2,13
,2017_12560,39.70178,-104.987821,11/14/2017 16:12,16:12,12,0,0,I25 & BROADWAY SOUTH,1,1,0,0,1,4,0,,60,0,0,0,0,1,1,2,13
,2017_12561,39.701885,-104.987945,1/19/2017 16:23,16:23,15,0,0,I25 NORTHBOUND & BROADWAY SOUTH,1,3,0,0,1,4,0,,55,0,0,0,0,0,1,2,13
,2017_12562,39.724477,-105.012282,1/28/2017 19:21,19:21,15,0,0,I25 NORTHBOUND & SIXTH AVENUE EAST,1,3,0,0,1,4,0,,55,0,0,0,0,0,1,2,13
,2017_12563,39.701885,-104.987945,12/14/2017 8:17,8:17,12,0,0,I25 & BROADWAY SOUTH,2,1,0,0,1,4,0,,65,0,0,0,0,0,1,2,12
,2017_12564,39.701885,-104.987945,4/2/2017 2:45,2:45,5,0,0,I25 SOUTHBOUND OFF RAMP & BROADWAY,1,3,1,0,3,8,0,,55,0,0,0,0,0,1,1,5
,2017_12565,39.701885,-104.987945,12/4/2017 1:25,1:25,15,0,1,I25 SOUTHBOUND OFF RAMP & BROADWAY SOUTH,1,3,1,0,1,8,0,,,0,0,0,0,2,1,2,13
,2017_12566,39.702381,-104.988631,10/18/2017 14:34,14:34,12,0,0,I25 & BROADWAY SOUTH,1,1,1,0,1,4,0,,55,0,0,0,0,0,1,2,13
,2017_12567,39.702478,-104.988773,10/30/2017 12:19,12:19,15,0,0,I25 & BROADWAY SOUTH,2,1,1,0,1,4,1,,60,0,0,0,0,0,1,2,13
,2017_12568,39.703073,-104.989837,3/25/2017 0:06,0:06,5,0,0,I25 NORTHBOUND & SANTA FE DRIVE SOUTH APPROXIMATELY,1,3,0,0,2,4,0,,65,0,0,0,0,0,1,1,1
,2017_12569,39.703073,-104.989837,6/28/2017 17:27,17:27,12,0,0,I25 & SANTA FE DRIVE SOUTH,1,1,1,0,1,4,0,,60,0,0,0,0,0,1,2,13
,2017_12571,39.703498,-104.991201,7/21/2017 1:59,1:59,5,0,0,I25 NORTHBOUND & ALAMEDA AVENUE WEST,1,3,0,0,2,4,0,,65,0,0,0,0,0,1,1,2
,2017_12572,39.703498,-104.991201,9/12/2017 16:29,16:29,12,0,0,I25 NORTHBOUND & SANTA FE DRIVE SOUTH,1,1,3,0,1,4,0,,55,0,0,0,0,1,1,2,13
,2017_12573,39.703498,-104.991201,10/26/2017 17:17,17:17,12,0,0,I25 & BROADWAY SOUTH,2,1,1,2,1,4,0,,55,0,0,0,0,0,1,2,13
,2017_12574,39.703346,-104.991777,4/20/2017 6:39,6:39,15,0,0,I25 SOUTHBOUND & RRX & LIGHT RAIL APPROXIMATELY,1,1,0,0,1,4,0,,65,0,0,0,0,0,1,2,13
,2017_12575,39.704836,-104.995787,5/26/2017 13:13,13:13,15,0,0,I25 LOOP RAMP ON MERGE NOT CORIS & SANTA FE DRIVE SOUTHBOUND RAMP ENTRANCE GORE,1,1,1,0,1,8,0,,35,0,0,0,0,0,1,2,8
,2017_12576,39.704174,-104.993408,7/15/2017 16:30,16:30,12,0,1,I25 NORTHBOUND & SANTA FE DRIVE SOUTH APPROXIMATELY,1,1,2,0,1,8,0,,45,0,0,0,0,2,1,3,7
,2017_12577,39.704286,-104.993745,10/27/2017 16:34,16:34,12,0,0,I25 SOUTHBOUND RAMP ON & SANTA FE DRIVE SOUTH APPROXIMATELY,1,1,0,0,1,8,0,,55,0,0,0,0,0,1,2,13
,2017_12578,39.704347,-104.993909,3/16/2017 14:40,14:40,12,0,0,I25 NORTHBOUND & ALAMEDA AVENUE WEST EXIT GORE,1,1,1,0,1,4,0,,55,0,0,0,0,0,1,2,13
,2017_12579,39.714925,-105.00119,8/9/2017 22:40,22:40,5,0,3,I25 NORTHBOUND & ALAMEDA AVENUE WEST,1,3,0,0,2,4,0,,55,0,0,0,0,2,1,1,13
,2017_12580,39.706598,-104.99651,5/17/2017 16:37,16:37,12,0,0,I25 & SANTA FE DRIVE SOUTH,1,5,0,0,1,4,0,,55,0,0,0,0,0,1,2,13
,2017_12581,39.70482,-104.994795,6/9/2017 10:41,10:41,12,0,0,I25 & SANTA FE DRIVE SOUTH,1,1,0,0,1,4,0,,55,0,0,0,0,0,1,3,3
,2017_12582,39.70482,-104.994795,11/14/2017 19:11,19:11,12,0,0,I25 & SANTA FE DRIVE SOUTH,1,4,0,0,1,4,0,,55,0,0,0,0,1,1,3,7
,2017_12583,39.730881,-105.015362,11/24/2017 2:35,2:35,5,0,0,I25 SOUTHBOUND & EIGHTH AVENUE WEST EXIT,1,3,0,0,3,8,0,,55,0,0,0,0,0,1,1,5
,2017_12584,39.705113,-104.995181,9/20/2017 8:26,8:26,12,0,0,I25 SOUTHBOUND & BROADWAY STREET SOUTH,1,1,0,0,1,4,0,,55,0,0,0,0,0,1,3,13
,2017_12585,39.705113,-104.995181,11/4/2017 2:40,2:40,5,0,1,I25 & BROADWAY STREET SOUTH,1,3,1,0,3,4,0,,65,0,0,0,0,2,1,1,5
,2017_12586,39.705113,-104.995181,5/22/2017 18:00,18:00,12,0,0,I25 NORTHBOUND FLYOVER RAMP ON & ALAMEDA AVENUE WEST,2,1,0,1,1,8,0,,45,0,0,0,0,0,1,2,13
,2017_12587,39.705216,-104.995305,1/18/2017 14:13,14:13,12,0,0,I25 NORTHBOUND RAMP OFF NEW CONFIG & SANTA FE DRIVE FRONTAGE ROAD,1,1,0,0,1,8,0,,60,0,0,0,0,0,1,2,1
,2017_12588,39.705021,-104.995984,8/9/2017 13:08,13:08,4,0,0,I25 SOUTHBOUND RAMP ON NEW CONFIG & I25 NORTHBOUND ON RAMP FLYOVER,1,1,0,0,1,8,0,,40,0,0,0,0,0,1,3,13
,2017_12589,39.705319,-104.995428,6/1/2017 14:20,14:20,12,0,0,I25 & SANTA FE DRIVE SOUTH INTCH APPROXIMATELY,1,1,1,0,1,4,0,,55,0,0,0,0,0,1,2,3
,2017_12590,39.712765,-104.999836,9/15/2017 4:37,4:37,5,0,0,I25 & ALAMEDA AVENUE WEST,1,3,0,0,2,4,0,,55,0,0,0,0,0,1,1,7
,2017_12591,39.705319,-104.995428,6/20/2017 18:10,18:10,12,0,0,I25 NORTHBOUND & SANTA FE DRIVE SOUTH APPROXIMATELY,1,1,1,0,1,4,0,,55,0,0,0,0,0,1,2,3
,2017_12592,39.705441,-104.995574,6/15/2017 14:02,14:02,15,0,0,I25 NORTHBOUND RAMP ON & SANTA FE DRIVE APPROXIMATELY,1,1,1,0,1,8,0,,35,0,0,0,0,0,1,2,14
,2017_12593,39.706188,-104.996804,6/22/2017 12:42,12:42,15,0,0,I25 SOUTHBOUND RAMP ON NEW CONFIG & SANTA FE DRIVE / KALAMATH STREET SOUTH,1,1,1,0,1,8,1,,40,0,0,0,0,0,1,2,13
,2017_12594,39.705876,-104.995967,6/7/2017 11:16,11:16,15,0,0,I25 & SANTA FE DRIVE SOUTH,1,1,1,0,1,4,0,,55,0,0,0,0,0,1,2,13
,2017_12595,39.705876,-104.995967,8/9/2017 23:22,23:22,12,0,0,I25 NORTHBOUND & SANTA FE DRIVE SOUTH,1,3,2,0,1,4,0,,55,0,0,0,0,1,1,2,12
,2017_12596,39.705992,-104.996066,6/6/2017 15:35,15:35,12,0,0,I25 & SANTA FE DRIVE SOUTH,1,1,0,0,1,4,0,,55,0,0,0,0,1,1,2,3
,2017_12597,39.706598,-104.99651,10/7/2017 17:52,17:52,15,0,0,I25 & SANTA FE DRIVE SOUTH,1,2,0,0,1,4,0,,60,0,0,0,0,0,1,2,5
,2017_12598,39.706598,-104.99651,12/4/2017 16:28,16:28,12,0,0,I25 & SANTA FE DRIVE SOUTH,1,2,0,0,1,4,0,,55,0,0,0,0,0,1,2,13
,2017_12599,39.706855,-104.996652,10/10/2017 6:32,6:32,12,0,0,I25 & SANTA FE DRIVE SOUTH,1,3,0,0,1,4,0,,55,0,0,0,0,0,1,2,1
,2017_12600,39.707118,-104.996779,1/3/2017 16:05,16:05,12,0,0,I25 NORTHBOUND & SANTA FE DRIVE,1,1,0,0,1,4,0,,55,0,0,0,0,0,1,2,13
,2017_12601,39.707118,-104.996779,2/2/2017 22:33,22:33,12,0,0,I25 NORTHBOUND & SANTA FE DRIVE,1,3,0,0,1,4,0,,30,0,0,0,0,0,1,2,14
,2017_12602,39.707118,-104.996779,3/4/2017 12:54,12:54,12,0,0,I25 NORTHBOUND & SANTA FE DRIVE SOUTH,1,1,0,0,1,4,0,,55,0,0,0,0,0,1,3,13
,2017_12603,39.707118,-104.996779,4/24/2017 15:08,15:08,12,0,0,I25 & SANTA FE DRIVE SOUTH,1,1,0,0,1,4,0,,55,0,0,0,0,0,1,2,3
,2017_12604,39.707118,-104.996779,4/27/2017 16:30,16:30,15,0,0,I25 & SANTA FE DRIVE SOUTH,1,1,0,0,1,4,0,,50,0,0,0,0,0,1,2,13
,2017_12605,39.707118,-104.996779,5/12/2017 5:53,5:53,15,0,0,I25 & SANTA FE DRIVE SOUTH,1,1,1,0,1,4,0,,65,0,0,0,0,0,1,2,1
,2017_12606,39.707118,-104.996779,5/22/2017 6:50,6:50,12,0,0,I25 NORTHBOUND & SANTA FE DRIVE SOUTH INTCH APPROXIMATELY,1,1,1,0,1,4,0,,55,0,0,0,0,0,1,2,3
,2017_12607,39.707118,-104.996779,5/23/2017 12:52,12:52,12,0,0,I25 & SANTA FE DRIVE SOUTH INTCH APPROXIMATELY,1,1,0,0,1,4,0,,55,0,0,0,0,0,1,2,3
,2017_12608,39.707118,-104.996779,5/25/2017 15:45,15:45,15,0,0,I25 & SANTA FE DRIVE SOUTH INTCH APPROXIMATELY,1,1,0,0,1,4,0,,65,0,0,0,0,0,1,2,1
,2017_12609,39.707118,-104.996779,6/5/2017 17:37,17:37,12,0,0,I25 & SANTA FE DRIVE SOUTH,1,1,1,0,1,4,0,,55,0,0,0,0,0,1,2,3
,2017_12610,39.707118,-104.996779,7/24/2017 16:02,16:02,12,0,0,I25 & SANTA FE DRIVE SOUTH,1,1,0,0,1,4,0,,55,0,0,0,0,0,1,2,7
,2017_12611,39.707118,-104.996779,7/26/2017 19:36,19:36,15,0,0,I25 SOUTHBOUND & SANTA FE DRIVE SOUTH,1,2,1,0,1,4,0,,55,0,0,0,0,0,1,2,13
,2017_12612,39.707118,-104.996779,8/17/2017 2:25,2:25,5,0,0,I25 SOUTHBOUND & SANTA FE DRIVE SOUTH,1,3,1,0,3,4,0,,55,0,0,0,0,1,1,1,5
,2017_12614,39.707118,-104.996779,8/19/2017 12:18,12:18,12,0,0,I25 NORTHBOUND & SANTA FE DRIVE SOUTH,1,1,0,0,1,4,0,,55,0,0,0,0,0,1,2,7
,2017_12615,39.707118,-104.996779,8/19/2017 15:35,15:35,15,0,0,I25 NORTHBOUND & SANTA FE DRIVE SOUTH,1,1,0,0,1,4,0,,50,0,0,0,0,0,1,3,1
,2017_12616,39.707118,-104.996779,8/21/2017 6:45,6:45,15,0,0,I25 & SANTA FE DRIVE SOUTH,1,1,1,0,1,4,0,,55,0,0,0,0,0,1,2,14
,2017_12617,39.707118,-104.996779,9/27/2017 13:50,13:50,15,0,0,I25 NORTHBOUND & SANTA FE DRIVE SOUTH,2,1,1,1,1,4,0,,55,0,0,0,0,0,1,2,8
,2017_12618,39.71413,-105.000671,3/12/2017 3:15,3:15,12,0,2,I25 & ALAMEDA AVENUE WEST,1,3,1,0,1,4,0,,55,0,0,0,0,2,1,2,1
,2017_12619,39.707118,-104.996779,10/8/2017 13:58,13:58,12,0,0,I25 & SANTA FE DRIVE SOUTH,1,1,1,0,1,4,0,,55,0,0,0,0,0,1,2,13
,2017_12621,39.707118,-104.996779,10/27/2017 16:54,16:54,15,0,0,I25 & SANTA FE DRIVE SOUTH,1,1,1,0,1,4,0,,55,0,0,0,0,1,1,2,3
,2017_12622,39.707118,-104.996779,11/10/2017 10:45,10:45,12,0,0,I25 & SANTA FE DRIVE SOUTH,1,1,0,0,1,4,0,,55,0,0,0,0,0,1,2,13
,2017_12623,39.741888,-105.014554,1/7/2017 0:50,0:50,5,0,0,I25 SOUTHBOUND RAMP ON  & AURARIA PARKWAY,4,4,1,0,2,8,0,,5,0,0,0,0,1,1,1,12
,2017_12624,39.707118,-104.996779,12/7/2017 16:50,16:50,12,0,0,I25 & SANTA FE DRIVE SOUTH INTCH APPROXIMATELY,1,5,0,0,1,4,0,,55,0,0,0,0,0,1,2,13
,2017_12625,39.707118,-104.996779,12/14/2017 17:49,17:49,12,0,0,I25 & SANTA FE DRIVE SOUTH,1,3,0,0,1,4,0,,,0,0,0,0,0,1,3,13
,2017_12626,39.707118,-104.996779,12/23/2017 23:40,23:40,15,0,0,I25 & SANTA FE DRIVE SOUTH,10,4,1,2,1,4,0,,55,0,0,0,0,0,1,3,14
,2017_12627,39.707118,-104.996779,3/24/2017 14:16,14:16,15,0,0,I25 SOUTHBOUND RAMP OFF NEW CONFIG & SANTA FE DRIVE SOUTH,1,1,0,0,1,8,0,,65,0,0,0,0,0,1,2,1