id,drcog_id,latitude,longitude,crashtime,time,crashtype,numbkilled,numbinjurd,drcoglocat,rdconditin,lightngcon,roadcntgrd,weatherco,location,roaddescrp,constrzone,schoolzone,splimit,bikeinv,pedinv,sctrinv,motoinv,svrty,rdsystem,ttlvehcls,hcf
,2017_12628,39.707118,-104.996779,6/14/2017 12:26,12:26,12,0,0,I25 SOUTHBOUND RAMP OFF NEW CONFIG & SANTA FE DRIVE SOUTH,1,1,0,0,1,8,0,,55,0,0,0,0,0,1,2,13
,2017_12629,39.707118,-104.996779,8/11/2017 21:10,21:10,15,0,0,I25 SOUTHBOUND RAMP OFF NEW CONFIG & SANTA FE DRIVE SOUTH,1,3,1,0,1,8,0,,50,0,0,0,0,0,1,2,1
,2017_12630,39.707118,-104.996779,2/24/2017 15:15,15:15,12,0,0,I25 NORTHBOUND ON RAMP & SANTA FE DRIVE,1,1,0,0,1,8,0,,30,0,0,0,0,0,1,2,13
,2017_12631,39.707118,-104.996779,3/8/2017 18:55,18:55,12,0,0,I25 NORTHBOUND RAMP ON NEW CONFIG & SANTA FE DRIVE SOUTH,1,3,2,0,1,8,0,,65,0,0,0,0,0,1,2,13
,2017_12632,39.707118,-104.996779,3/10/2017 12:50,12:50,12,0,0,I25 NORTHBOUND RAMP ON NEW CONFIG & SANTA FE DRIVE SOUTH NORTHBOUND EXIT GORE APPROXIMATELY,1,1,1,0,1,8,0,,45,0,0,0,0,0,1,2,1
,2017_12633,39.707118,-104.996779,6/1/2017 6:45,6:45,12,0,0,I25 NORTHBOUND RAMP ON NEW CONFIG & SANTA FE DRIVE INTCH APPROXIMATELY,1,1,1,0,1,8,0,,35,0,0,0,0,0,1,3,13
,2017_12634,39.707118,-104.996779,7/6/2017 10:34,10:34,15,0,0,I25 RAMP ON NEW CONFIG & SANTA FE DRIVE SOUTH APPROXIMATELY,1,1,1,0,1,8,0,,35,0,0,0,0,0,1,2,13
,2017_12635,39.708562,-104.997479,8/3/2017 16:28,16:28,12,0,0,I25 & SANTA FE DRIVE SOUTH,2,1,0,1,1,4,0,,55,0,0,0,0,0,1,2,13
,2017_12637,39.707118,-104.996779,8/9/2017 11:59,11:59,15,0,0,SANTA FE DRIVE SOUTH NEW CONFIG & I25 NORTHBOUND,1,1,1,0,1,8,0,,35,0,0,0,0,0,1,2,13
,2017_12638,39.709875,-104.998115,8/3/2017 14:09,14:09,12,0,0,I25 NORTHBOUND & ALAMEDA AVENUE WEST,1,1,1,0,1,4,0,,55,0,0,0,0,0,1,2,1
,2017_12639,39.707249,-104.996843,2/17/2017 9:44,9:44,9,0,0,I25 NORTHBOUND RAMP ON NEW CONFIG & SANTA FE DRIVE SOUTH APPROXIMATELY,1,1,1,0,1,8,0,,45,0,0,0,0,0,1,3,12
,2017_12640,39.707249,-104.996843,7/29/2017 18:30,18:30,15,0,0,I25 NORTHBOUND RAMP ON NEW CONFIG & SANTA FE DRIVE,1,1,1,0,1,8,0,,45,0,0,0,0,0,1,2,1
,2017_12641,39.70738,-104.996907,1/31/2017 16:12,16:12,15,0,0,I25 FLYOVER RAMP ON FROM & SANTA FE DRIVE  NEW CONFIG,1,1,1,0,1,8,0,,5,0,0,0,0,0,1,2,13
,2017_12642,39.707643,-104.997034,10/6/2017 14:06,14:06,12,0,0,I25 & MM 207.7,1,1,1,0,1,4,0,,55,0,0,0,0,0,1,2,14
,2017_12643,39.707643,-104.997034,3/17/2017 12:35,12:35,15,0,0,I25 NORTHBOUND FLYOVER ON RAMP & SANTA FE DRIVE,1,1,1,0,1,8,0,,65,0,0,0,0,0,1,2,1
,2017_12644,39.707643,-104.997034,7/15/2017 16:30,16:30,12,0,0,I25 NORTHBOUND RAMP ON NEW CONFIG & SANTA FE DRIVE SOUTH INTCH APPROXIMATELY,1,1,0,0,1,8,0,,55,0,0,0,0,0,1,2,12
,2017_12645,39.706349,-104.996476,5/6/2017 14:26,14:26,12,0,0,I25 & ALAMEDA AVENUE WEST APPROXIMATELY,1,1,0,0,1,4,0,,60,0,0,0,0,0,1,2,13
,2017_12646,39.708168,-104.997288,6/22/2017 11:23,11:23,12,0,0,I25 NORTHBOUND & ALAMEDA AVENUE WEST,1,1,0,0,1,4,0,,55,0,0,0,0,1,1,2,7
,2017_12647,39.708168,-104.997288,10/14/2017 18:20,18:20,12,0,0,I25 NORTHBOUND RAMP ON NEW CONFIG & ALAMEDA AVENUE WEST,1,2,1,0,1,8,0,,45,0,0,0,0,0,1,2,12
,2017_12648,39.708299,-104.997352,1/19/2017 18:24,18:24,12,0,0,I25 SOUTHBOUND  & SANTA FE DRIVE SOUTH,1,3,0,0,1,4,0,,55,0,0,0,0,0,1,3,13
,2017_12649,39.708299,-104.997352,8/24/2017 15:10,15:10,12,0,0,I25 & SANTA FE DRIVE SOUTH,1,1,0,0,1,4,0,,65,0,0,0,0,0,1,2,3
,2017_12650,39.708431,-104.997416,1/5/2017 21:00,21:00,5,0,0,I25 NORTHBOUND & SANTA FE DRIVE,5,3,1,2,3,4,0,,55,0,0,0,0,0,1,1,7
,2017_12651,39.708693,-104.997543,10/18/2017 15:10,15:10,12,0,0,I25 NORTHBOUND & ALAMEDA AVENUE WEST,1,1,1,0,1,4,0,,55,0,0,0,0,0,1,3,3
,2017_12652,39.708825,-104.997606,8/17/2017 19:42,19:42,12,0,0,I25 NORTHBOUND & SANTA FE DRIVE SOUTH,1,1,0,0,1,4,0,,65,0,0,0,0,0,1,2,3
,2017_12653,39.708956,-104.99767,12/24/2017 20:15,20:15,15,0,0,I25 & ALAMEDA AVENUE WEST,9,3,0,0,1,4,0,,55,0,0,0,0,0,1,2,13
,2017_12654,39.70935,-104.997861,3/27/2017 12:25,12:25,15,0,0,I25 NORTHBOUND RAMP ON MERGE LANE NEW CONFIG & ALAMEDA AVENUE INTCH APPROXIMATELY,1,1,1,0,1,8,0,,40,0,0,0,0,0,1,2,1
,2017_12655,39.70941,-104.997622,5/7/2017 13:04,13:04,12,0,0,I25 NORTHBOUND RAMP ON METER LIGHT NEW CONFIG & ALAMEDA AVENUE WEST,1,1,2,0,1,8,0,,65,0,0,0,0,0,1,2,13
,2017_12656,39.709408,-104.997597,6/26/2017 11:50,11:50,15,0,0,I25 NORTHBOUND RAMP ON MERGE LANE NEW CONFIG & SANTA FE DRIVE SOUTH INTCH APPROXIMATELY,1,1,1,0,1,8,0,,,0,0,0,0,0,1,2,13
,2017_12657,39.709613,-104.997988,10/2/2017 10:31,10:31,6,0,0,I25 SOUTHBOUND & ALAMEDA AVENUE WEST,1,1,0,0,1,4,0,,55,0,0,0,0,0,1,2,13
,2017_12658,39.709674,-104.998008,1/14/2017 18:21,18:21,15,0,0,I25 NORTHBOUND RAMP ON MERGE LANE & ALAMEDA AVENUE EAST  APPROXIMATELY,3,5,0,0,1,8,0,,60,0,0,0,0,0,1,2,1
,2017_12659,39.709613,-104.997988,2/8/2017 6:44,6:44,12,0,0,I25 NORTHBOUND RAMP ON NEW CONFIG & ALAMEDA AVENUE WEST,1,2,1,0,1,8,0,,35,0,0,0,0,0,1,2,12
,2017_12660,39.709613,-104.997988,3/23/2017 8:02,8:02,12,0,0,I25 NORTHBOUND RAMP ON NEW CONFIG & ALAMEDA AVENUE WEST,1,1,1,0,1,8,0,,55,0,0,0,0,0,1,2,3
,2017_12661,39.711525,-104.999094,3/5/2017 18:51,18:51,15,0,0,I25 NORTHBOUND & ALAMEDA AVENUE WEST,1,2,0,0,1,4,0,,65,0,0,0,0,0,1,2,13
,2017_12662,39.709441,-104.997637,10/17/2017 15:05,15:05,15,0,0,I25 NORTHBOUND RAMP ON NEW CONFIG & SANTA FE DRIVE SOUTH RAMP OFF METER LIGHT,1,1,1,0,1,8,0,,65,0,0,0,0,0,1,2,1
,2017_12663,39.70964,-104.998444,12/2/2017 23:15,23:15,5,0,1,I25 SOUTHBOUND OFF RAMP NEW CONFIG & SANTA FE DRIVE SOUTH INTCH APPROXIMATELY,1,3,1,0,2,8,0,,55,0,0,0,0,2,1,1,13
,2017_12664,39.709744,-104.998052,8/5/2017 3:04,3:04,12,0,0,I25 NORTHBOUND NEW CONFIG & SANTA FE DRIVE SOUTH APPROXIMATELY,1,3,1,0,1,8,0,,45,0,0,0,0,0,1,2,14
,2017_12665,39.710147,-104.998269,3/7/2017 7:13,7:13,12,0,0,I25 & ALAMEDA AVENUE WEST,1,1,0,0,1,4,0,,55,0,0,0,0,0,1,2,3
,2017_12666,39.710147,-104.998269,4/8/2017 23:45,23:45,15,0,0,I25 NORTHBOUND MERGE LANE NEW CONFIG & SANTA FE DRIVE SOUTH FLYOVER,1,3,0,0,1,4,0,,,0,0,0,0,0,1,2,13
,2017_12667,39.710147,-104.998269,6/3/2017 11:50,11:50,12,0,0,I25 & ALAMEDA AVENUE WEST,1,1,0,0,1,4,0,,55,0,0,0,0,0,1,2,13
,2017_12668,39.710147,-104.998269,6/21/2017 11:40,11:40,12,0,1,I25 NORTHBOUND & ALAMEDA AVENUE WEST,1,1,1,0,1,4,0,,55,0,0,0,0,2,1,2,13
,2017_12669,39.710285,-104.998352,1/19/2017 6:50,6:50,12,0,0,I25 NORTHBOUND & ALAMEDA AVENUE WEST,1,1,0,0,1,4,0,,55,0,0,0,0,0,1,4,1
,2017_12670,39.710285,-104.998352,6/8/2017 17:35,17:35,15,0,0,I25 NORTHBOUND & ALAMEDA AVENUE WEST,1,1,0,0,1,4,0,,,0,0,0,0,0,1,2,13
,2017_12671,39.710331,-104.998273,3/13/2017 7:24,7:24,12,0,0,I25 NORTHBOUND RAMP ON & SANTA FE DRIVE SOUTH INTCH APPROXIMATELY,1,1,1,0,1,8,0,,65,0,0,0,0,0,1,2,1
,2017_12672,39.710698,-104.998599,4/8/2017 10:55,10:55,12,0,0,I25 & ALAMEDA AVENUE WEST,1,1,0,0,1,4,0,,55,0,0,0,0,0,1,2,13
,2017_12673,39.710698,-104.998599,8/30/2017 12:31,12:31,12,0,0,I25 & ALAMEDA AVENUE WEST,1,1,0,0,1,4,0,,55,0,0,0,0,0,1,2,13
,2017_12674,39.711525,-104.999094,2/2/2017 17:17,17:17,12,0,0,I25 SOUTHBOUND & ALAMEDA AVENUE,1,3,0,0,1,4,0,,55,0,0,0,0,0,1,2,13
,2017_12675,39.710698,-104.998599,5/17/2017 9:04,9:04,12,0,0,I25 NORTHBOUND RAMP ON & ALAMEDA AVENUE WEST,1,1,0,0,1,8,0,,65,0,0,0,0,0,1,3,13
,2017_12676,39.710974,-104.998764,2/15/2017 9:30,9:30,12,0,0,I25 & ALAMEDA AVENUE WEST,1,1,1,0,1,4,0,,55,0,0,0,0,0,1,2,13
,2017_12677,39.710974,-104.998764,8/4/2017 18:55,18:55,12,0,0,I25 & ALAMEDA AVENUE WEST,1,1,1,0,1,4,0,,65,0,0,0,0,0,1,2,13
,2017_12678,39.710974,-104.998764,11/8/2017 20:05,20:05,12,0,0,I25 & ALAMEDA AVENUE EAST,1,3,0,0,1,4,0,,55,0,0,0,0,0,1,2,13
,2017_12679,39.711112,-104.998846,10/28/2017 13:50,13:50,12,0,0,I25 & ALAMEDA AVENUE WEST,1,1,0,0,1,4,0,,55,0,0,0,0,0,1,2,7
,2017_12680,39.711112,-104.998846,11/10/2017 8:50,8:50,15,0,0,I25 SOUTHBOUND & SANTA FE DRIVE SOUTH EXIT GORE,1,1,0,0,1,4,0,,55,0,0,0,0,0,1,2,1
,2017_12681,39.71125,-104.998929,6/6/2017 13:40,13:40,15,0,0,I25 & ALAMEDA AVENUE WEST,1,1,1,0,1,8,0,,45,0,0,0,0,0,1,2,13
,2017_12682,39.711387,-104.999011,9/13/2017 9:22,9:22,12,0,0,I25 & ALAMEDA AVENUE WEST,1,1,0,0,1,4,0,,55,0,0,0,0,1,1,2,3
,2017_12683,39.711525,-104.999094,1/3/2017 15:59,15:59,12,0,0,I25 NORTHBOUND & ALAMEDA AVENUE WEST,1,1,0,0,1,4,0,,55,0,0,0,0,0,1,2,13
,2017_12684,39.711525,-104.999094,1/11/2017 14:35,14:35,15,0,0,I25 & ALAMEDA AVENUE WEST INTRCHG,1,1,0,0,1,4,0,,,0,0,0,0,0,1,2,13
,2017_12685,39.711525,-104.999094,1/17/2017 14:34,14:34,12,0,0,I25 NORTHBOUND & ALAMEDA AVENUE WEST,1,1,0,0,1,4,0,,55,0,0,0,0,0,1,3,13
,2017_12686,39.711525,-104.999094,1/26/2017 12:01,12:01,15,0,0,I25 NORTHBOUND & ALAMEDA AVENUE WEST,1,1,1,0,1,4,0,,65,0,0,0,0,1,1,2,3
,2017_12688,39.711525,-104.999094,3/8/2017 5:50,5:50,15,0,0,I25 & ALAMEDA AVENUE WEST,1,2,0,0,1,4,0,,55,0,0,0,0,0,1,2,13
,2017_12689,39.711525,-104.999094,10/29/2017 23:10,23:10,12,0,0,I25 & ALAMEDA AVENUE WEST,1,3,1,0,1,4,0,,55,0,0,0,0,0,1,2,1
,2017_12690,39.711525,-104.999094,11/3/2017 19:01,19:01,12,0,0,I25 & ALAMEDA AVENUE WEST,1,3,1,0,1,4,0,,55,0,0,0,0,0,1,2,13
,2017_12691,39.711525,-104.999094,3/9/2017 16:54,16:54,15,0,0,I25 & ALAMEDA AVENUE,1,1,0,0,1,4,0,,55,0,0,0,0,0,1,3,14
,2017_12692,39.711525,-104.999094,3/10/2017 7:29,7:29,12,0,0,I25 & ALAMEDA AVENUE WEST,1,1,0,0,1,4,0,,35,0,0,0,0,0,1,2,7
,2017_12693,39.711525,-104.999094,3/10/2017 16:25,16:25,12,0,0,I25 & ALAMEDA AVENUE WEST,1,1,0,0,1,4,0,,65,0,0,0,0,0,1,3,13
,2017_12694,39.711525,-104.999094,3/12/2017 13:23,13:23,12,0,0,I25 & ALAMEDA AVENUE WEST,1,1,0,0,1,4,0,,65,0,0,0,0,0,1,3,3
,2017_12695,39.711525,-104.999094,3/15/2017 16:05,16:05,12,0,0,I25 SOUTHBOUND & ALAMEDA AVENUE WEST,1,1,0,0,1,4,0,,55,0,0,0,0,0,1,2,13
,2017_12696,39.711525,-104.999094,3/25/2017 13:20,13:20,12,0,0,I25 & ALAMEDA AVENUE WEST,1,1,0,0,1,4,0,,65,0,0,0,0,0,1,2,13
,2017_12697,39.711525,-104.999094,3/28/2017 6:54,6:54,12,0,0,I25 NORTHBOUND & ALAMEDA AVENUE WEST,1,2,0,0,1,4,0,,55,0,0,0,0,0,1,2,13
,2017_12698,39.711525,-104.999094,3/31/2017 12:45,12:45,12,0,0,I25 NORTHBOUND & ALAMEDA AVENUE WEST,2,1,0,1,1,4,0,,55,0,0,0,0,0,1,2,13
,2017_12700,39.711525,-104.999094,4/3/2017 10:24,10:24,15,0,0,I25 SOUTHBOUND & ALAMEDA AVENUE WEST,1,1,0,0,1,4,0,,55,0,0,0,0,1,1,3,1
,2017_12701,39.711525,-104.999094,4/12/2017 6:41,6:41,12,0,0,I25 & ALAMEDA AVENUE WEST,1,1,0,0,1,4,0,,65,0,0,0,0,0,1,2,3
,2017_12702,39.711525,-104.999094,5/8/2017 8:55,8:55,12,0,0,I25 & ALAMEDA AVENUE WEST,1,1,0,0,1,4,0,,55,0,0,0,0,0,1,3,13
,2017_12703,39.711525,-104.999094,5/20/2017 19:25,19:25,15,0,0,I25 & ALAMEDA AVENUE WEST APPROXIMATELY,1,2,0,0,1,4,0,,65,0,0,0,0,0,1,2,13
,2017_12704,39.711525,-104.999094,5/24/2017 7:37,7:37,12,0,0,I25 & ALAMEDA AVENUE WEST,1,1,0,0,1,4,0,,55,0,0,0,0,1,1,3,3
,2017_12705,39.711525,-104.999094,5/27/2017 20:53,20:53,15,0,0,I25 & ALAMEDA AVENUE WEST,1,2,0,0,1,4,0,,50,0,0,0,0,0,1,2,13
,2017_12706,39.711525,-104.999094,5/30/2017 16:33,16:33,12,0,0,I25 & ALAMEDA AVENUE WEST,1,1,0,0,1,4,0,,55,0,0,0,0,0,1,2,13
,2017_12707,39.711525,-104.999094,6/2/2017 9:53,9:53,15,0,0,I25 NORTHBOUND & ALAMEDA AVENUE WEST,1,1,0,0,1,4,0,,65,0,0,0,0,1,1,3,3
,2017_12708,39.711525,-104.999094,7/10/2017 8:10,8:10,12,0,0,I25 & ALAMEDA AVENUE WEST,1,1,1,0,1,4,0,,55,0,0,0,0,1,1,4,13
,2017_12709,39.711525,-104.999094,7/17/2017 10:22,10:22,12,0,0,I25 NORTHBOUND & ALAMEDA AVENUE WEST,1,1,0,0,1,4,0,,55,0,0,0,0,0,1,2,3
,2017_12710,39.711525,-104.999094,7/17/2017 15:51,15:51,12,0,0,I25 NORTHBOUND & ALAMEDA AVENUE WEST,1,1,1,0,1,4,0,,55,0,0,0,0,1,1,3,14
,2017_12711,39.711525,-104.999094,7/18/2017 7:33,7:33,12,0,0,I25 SOUTHBOUND & ALAMEDA AVENUE WEST,1,1,0,0,1,4,0,,55,0,0,0,0,0,1,2,1
,2017_12712,39.711525,-104.999094,7/25/2017 11:55,11:55,5,0,0,I25 NORTHBOUND & ALAMEDA AVENUE WEST,1,1,0,0,1,4,0,,55,0,0,0,0,0,1,2,13
,2017_12713,39.711525,-104.999094,11/9/2017 17:12,17:12,12,0,0,I25 & ALAMEDA AVENUE WEST,1,3,1,0,1,4,0,,55,0,0,0,0,0,1,2,3
,2017_12714,39.711525,-104.999094,7/27/2017 6:28,6:28,15,0,0,I25 NORTHBOUND & ALAMEDA AVENUE WEST,1,1,1,0,1,4,0,,55,0,0,0,0,0,1,3,13
,2017_12715,39.711525,-104.999094,7/27/2017 16:59,16:59,12,0,0,I25 & ALAMEDA AVENUE,1,1,0,0,1,4,0,,65,0,0,0,0,0,1,2,13
,2017_12716,39.711525,-104.999094,7/31/2017 11:10,11:10,15,0,0,I25 & ALAMEDA AVENUE WEST,1,1,0,0,1,4,0,,55,0,0,0,0,0,1,2,7
,2017_12717,39.711525,-104.999094,7/31/2017 16:55,16:55,15,0,0,I25 NORTHBOUND & WEST ALAMEDA AVENUE,1,1,0,0,1,4,0,,65,0,0,0,1,0,1,2,1
,2017_12718,39.711525,-104.999094,8/1/2017 11:30,11:30,12,0,0,I25 NORTHBOUND & ALAMEDA AVENUE WEST,1,1,1,0,1,4,0,,55,0,0,0,0,0,1,2,13
,2017_12719,39.711525,-104.999094,8/7/2017 12:20,12:20,12,0,0,I25 NORTHBOUND & ALAMEDA AVENUE WEST,2,1,0,1,1,4,0,,55,0,0,0,0,0,1,2,3
,2017_12720,39.711525,-104.999094,8/12/2017 16:28,16:28,12,0,0,I25 NORTHBOUND & ALAMEDA AVENUE WEST,2,1,1,1,1,4,0,,60,0,0,0,0,0,1,3,3
,2017_12722,39.711525,-104.999094,8/13/2017 9:58,9:58,12,0,0,I25 & ALAMEDA AVENUE WEST,1,1,1,0,1,4,0,,55,0,0,0,0,0,1,2,13
,2017_12723,39.711525,-104.999094,8/19/2017 16:23,16:23,12,0,0,I25 & ALAMEDA AVENUE,1,1,0,0,1,4,0,,55,0,0,0,0,0,1,2,14
,2017_12724,39.711525,-104.999094,8/22/2017 16:46,16:46,12,0,0,I25 & ALAMEDA AVENUE WEST,1,1,0,0,1,4,0,,55,0,0,0,0,0,1,3,13
,2017_12725,39.711525,-104.999094,8/25/2017 12:55,12:55,12,0,0,I25 & ALAMEDA AVENUE WEST,1,1,0,0,1,4,0,,55,0,0,0,0,1,1,2,13
,2017_12726,39.711525,-104.999094,9/2/2017 22:35,22:35,12,0,1,I25 SOUTHBOUND & ALAMEDA AVENUE WEST,1,3,0,0,1,4,0,,50,0,0,0,0,2,1,3,3
,2017_12727,39.711525,-104.999094,9/15/2017 12:40,12:40,12,0,0,I25 NORTHBOUND & ALAMEDA AVENUE WEST,1,1,0,0,1,4,0,,55,0,0,0,0,0,1,4,3
,2017_12728,39.711525,-104.999094,9/17/2017 14:39,14:39,15,0,0,I25 & ALAMEDA AVENUE,2,1,0,1,1,4,0,,65,0,0,0,0,0,1,2,14
,2017_12729,39.711525,-104.999094,9/22/2017 13:09,13:09,12,0,0,I25 NORTHBOUND & ALAMEDA AVENUE WEST,1,1,0,0,1,4,0,,55,0,0,0,0,0,1,2,13
,2017_12730,39.711525,-104.999094,9/23/2017 16:03,16:03,12,0,0,I25 NORTHBOUND & ALAMEDA AVENUE WEST,1,1,0,0,1,4,0,,50,0,0,0,0,0,1,4,13
,2017_12731,39.711525,-104.999094,9/28/2017 14:40,14:40,12,0,0,I25 NORTHBOUND & ALAMEDA AVENUE WEST,1,1,0,0,1,4,0,,65,0,0,0,0,1,1,2,1
,2017_12732,39.711525,-104.999094,9/29/2017 16:11,16:11,12,0,0,I25 SOUTHBOUND & ALAMEDA AVENUE WEST,1,1,0,0,1,4,0,,55,0,0,0,0,0,1,3,13
,2017_12733,39.711525,-104.999094,10/10/2017 12:30,12:30,15,0,0,I25 & ALAMEDA AVENUE WEST,1,1,0,0,1,4,0,,55,0,0,0,0,0,1,2,13
,2017_12734,39.711525,-104.999094,10/12/2017 17:21,17:21,12,0,0,I25 & ALAMEDA AVENUE WEST,1,1,0,0,1,4,0,,55,0,0,0,0,0,1,2,3
,2017_12735,39.711525,-104.999094,10/13/2017 10:27,10:27,12,0,0,I25 & ALAMEDA AVENUE WEST,1,1,0,0,1,4,0,,55,0,0,0,0,0,1,2,14
,2017_12736,39.711525,-104.999094,10/28/2017 16:45,16:45,12,0,0,I25 & ALAMEDA AVENUE WEST,1,1,1,0,1,4,0,,55,0,0,0,0,0,1,2,13
,2017_12737,39.711525,-104.999094,11/3/2017 21:00,21:00,12,0,1,I25 & ALAMEDA AVENUE WEST,1,3,0,0,1,4,0,,60,0,0,0,0,2,1,3,3
,2017_12738,39.711525,-104.999094,11/7/2017 17:28,17:28,15,0,0,I25 & ALAMEDA AVENUE WEST APPROXIMATELY,2,2,0,1,1,4,0,,,0,0,0,0,0,1,2,13
,2017_12739,39.711525,-104.999094,11/9/2017 6:48,6:48,12,0,0,I25 & ALAMEDA AVENUE WEST,1,1,0,0,1,4,0,,55,0,0,0,0,0,1,2,3
,2017_12740,39.743012,-105.015609,11/28/2017 17:51,17:51,12,0,0,I25 & COLFAX AVENUE WEST,1,3,0,0,1,4,0,,65,0,0,0,0,0,1,2,13
,2017_12741,39.711525,-104.999094,11/11/2017 13:13,13:13,12,0,0,I25 & ALAMEDA AVENUE WEST,1,1,0,0,1,4,0,,55,0,0,0,0,0,1,3,13
,2017_12742,39.711525,-104.999094,11/16/2017 17:30,17:30,12,0,0,I25 & ALAMEDA AVENUE WEST,1,1,0,0,1,4,0,,55,0,0,0,0,0,1,2,13
,2017_12743,39.711525,-104.999094,12/14/2017 16:05,16:05,12,0,0,I25 & ALAMEDA AVENUE WEST,1,2,0,0,1,4,0,,,0,0,0,0,0,1,2,13
,2017_12744,39.711525,-104.999094,12/19/2017 17:05,17:05,12,0,0,I25 & ALAMEDA AVENUE WEST,1,2,0,0,1,4,0,,65,0,0,0,0,0,1,2,13
,2017_12745,39.711525,-104.999094,12/26/2017 16:06,16:06,15,0,0,I25 & ALAMEDA AVENUE,1,1,0,0,1,4,0,,55,0,0,0,0,0,1,2,13
,2017_12746,39.711663,-104.999176,1/18/2017 8:25,8:25,15,0,0,I25 & MM 208 APPROXIMATELY,2,1,1,0,1,4,0,,55,0,0,0,0,0,1,2,1
,2017_12747,39.711663,-104.999176,2/18/2017 4:39,4:39,15,0,0,I25 & ALAMEDA AVENUE WEST,1,3,0,0,1,4,0,,60,0,0,0,0,0,1,2,2
,2017_12748,39.711663,-104.999176,2/27/2017 15:03,15:03,12,0,0,I25 & MM 208 NEAR,1,1,0,0,1,4,0,,65,0,0,0,0,0,1,2,1
,2017_12749,39.711663,-104.999176,4/19/2017 16:25,16:25,12,0,0,I25 SOUTHBOUND & ALAMEDA AVENUE WEST,1,1,0,0,1,4,0,,55,0,0,0,0,1,1,2,13
,2017_12750,39.711663,-104.999176,5/19/2017 21:53,21:53,15,0,0,I25 & MM 207,1,2,0,0,1,4,0,,65,0,0,0,0,0,1,2,13
,2017_12751,39.711663,-104.999176,9/29/2017 16:26,16:26,15,0,0,I25 NORTHBOUND & MM 208,1,1,1,0,1,4,0,,55,0,0,0,0,0,1,2,7
,2017_12752,39.711663,-104.999176,11/15/2017 16:19,16:19,15,0,0,I25 & ALAMEDA AVENUE WEST,1,3,0,0,1,4,0,,65,0,0,0,0,0,1,3,13
,2017_12753,39.753407,-105.025127,7/23/2017 3:47,3:47,5,0,0,FEDERAL BOULEVARD NORTH & 25TH AVENUE WEST,1,3,0,0,3,4,0,,35,0,0,0,0,0,2,1,13
,2017_12754,39.711663,-104.999176,12/13/2017 6:31,6:31,12,0,0,I25 & MM 208,1,1,0,0,1,4,0,,55,0,0,0,0,0,1,2,14
,2017_12755,39.711663,-104.999176,1/23/2017 16:10,16:10,15,0,0,I25 SOUTHBOUND RAMP OFF & ALAMEDA AVENUE WEST APPROXIMATELY,1,1,0,0,1,8,0,,40,0,0,0,0,0,1,2,13
,2017_12756,39.711801,-104.999259,5/4/2017 18:45,18:45,12,0,0,I25 & ALAMEDA AVENUE WEST,1,1,0,0,1,4,0,,55,0,0,0,0,1,1,3,3
,2017_12757,39.711801,-104.999259,7/1/2017 23:38,23:38,15,0,0,I25 NORTHBOUND & ALAMEDA AVENUE WEST,1,3,1,0,1,4,0,,65,0,0,0,0,1,1,2,1
,2017_12758,39.711801,-104.999259,7/21/2017 8:59,8:59,5,0,0,I25 & ALAMEDA AVENUE WEST,1,1,0,0,2,4,0,,55,0,0,0,0,0,1,2,7
,2017_12759,39.712076,-104.999424,7/17/2017 21:41,21:41,15,0,0,I25 SOUTHBOUND & ALAMEDA AVENUE WEST,1,3,0,0,1,4,0,,55,0,0,0,0,0,1,3,13
,2017_12760,39.712076,-104.999424,9/20/2017 14:57,14:57,15,0,0,I25 & MM 208.03,1,1,1,0,1,4,0,,55,0,0,0,0,1,1,3,14
,2017_12761,39.712076,-104.999424,12/15/2017 16:03,16:03,12,0,0,I25 & ALAMEDA AVENUE WEST,1,1,0,0,1,4,0,,55,0,0,0,0,1,1,3,13
,2017_12762,39.712214,-104.999506,1/27/2017 17:17,17:17,12,0,0,I25 NORTHBOUND & ALAMEDA AVENUE WEST,1,4,1,0,1,4,0,,50,0,0,0,0,0,1,2,13
,2017_12763,39.712214,-104.999506,9/13/2017 8:47,8:47,12,0,0,I25 & ALAMEDA AVENUE WEST,1,1,1,0,1,4,0,,55,0,0,0,0,0,1,4,3
,2017_12764,39.712352,-104.999588,3/12/2017 3:50,3:50,15,0,0,I25 & ALAMEDA AVENUE WEST,1,3,0,0,1,4,0,,55,0,0,0,0,0,1,2,5
,2017_12765,39.712352,-104.999588,5/22/2017 6:57,6:57,12,0,0,I25 & ALAMEDA AVENUE WEST,1,1,0,0,1,4,0,,65,0,0,0,0,0,1,2,1
,2017_12766,39.740257,-105.013939,12/22/2017 15:35,15:35,12,0,0,I25 & COLFAX AVENUE,1,1,0,0,1,4,0,,,0,0,0,0,0,1,2,13
,2017_12767,39.712352,-104.999588,7/5/2017 16:15,16:15,12,0,0,I25 & ALAMEDA AVENUE WEST,1,1,0,0,1,4,0,,55,0,0,0,0,0,1,2,13
,2017_12768,39.712352,-104.999588,10/19/2017 16:50,16:50,12,0,1,I25 & ALAMEDA AVENUE WEST,1,1,0,0,1,4,0,,55,0,0,0,0,2,1,2,13
,2017_12769,39.712352,-104.999588,12/19/2017 15:28,15:28,12,0,0,I25 & ALAMEDA AVENUE WEST,1,1,0,0,1,4,0,,55,0,0,0,0,0,1,2,13
,2017_12770,39.71249,-104.999671,8/28/2017 17:47,17:47,12,0,0,I25 & MM 208,1,1,1,0,1,4,0,,55,0,0,0,0,1,1,2,13
,2017_12771,39.712628,-104.999753,7/23/2017 17:19,17:19,15,0,0,I25 SOUTHBOUND & ALAMEDA AVENUE WEST,1,1,0,0,1,4,0,,50,0,0,0,1,1,1,2,13
,2017_12772,39.712628,-104.999753,10/11/2017 15:15,15:15,12,0,0,I25 & ALAMEDA AVENUE WEST,1,1,1,0,1,4,0,,55,0,0,0,0,0,1,2,13