id,drcog_id,latitude,longitude,crashtime,time,crashtype,numbkilled,numbinjurd,drcoglocat,rdconditin,lightngcon,roadcntgrd,weatherco,location,roaddescrp,constrzone,schoolzone,splimit,bikeinv,pedinv,sctrinv,motoinv,svrty,rdsystem,ttlvehcls,hcf
,2017_12773,39.712765,-104.999836,3/23/2017 14:36,14:36,15,0,0,I25 NORTHBOUND & ALAMEDA AVENUE WEST,1,1,0,0,1,4,0,,45,0,0,0,0,1,1,2,13
,2017_12774,39.712765,-104.999836,7/7/2017 4:30,4:30,12,0,0,I25 & ALAMEDA AVENUE WEST,1,4,0,0,1,4,0,,55,0,0,0,0,0,1,3,13
,2017_12775,39.712765,-104.999836,10/16/2017 17:00,17:00,12,0,0,I25 & ALAMEDA AVENUE WEST,1,1,0,0,1,4,0,,65,0,0,0,0,0,1,2,13
,2017_12776,39.712765,-104.999836,12/2/2017 15:36,15:36,15,0,0,I25 & ALAMEDA AVENUE WEST,1,1,0,0,1,4,0,,55,0,0,0,0,0,1,2,13
,2017_12777,39.712765,-104.999836,12/19/2017 15:52,15:52,12,0,0,I25 & ALAMEDA AVENUE WEST,1,1,0,0,1,4,0,,65,0,0,0,0,0,1,2,13
,2017_12778,39.712903,-104.999918,1/25/2017 8:02,8:02,12,0,0,I25 NORTHBOUND & ALAMEDA AVENUE WEST,1,1,0,0,1,4,0,,65,0,0,0,0,0,1,3,14
,2017_12779,39.712903,-104.999918,6/22/2017 6:36,6:36,12,0,0,I25 NORTHBOUND & ALAMEDA AVENUE WEST,1,1,0,0,1,4,0,,55,0,0,0,0,1,1,2,13
,2017_12780,39.712903,-104.999918,7/20/2017 15:12,15:12,12,0,0,I25 HIGHWAY SOUTHBOUND & ALAMEDA AVENUE EAST,1,1,1,0,1,4,0,,55,0,0,0,0,0,1,2,13
,2017_12781,39.712903,-104.999918,8/7/2017 12:15,12:15,15,0,0,I25 & ALAMEDA AVENUE WEST,2,1,0,1,1,4,0,,55,0,0,0,0,0,1,2,13
,2017_12782,39.712903,-104.999918,10/21/2017 19:20,19:20,12,0,0,I25 & ALAMEDA AVENUE WEST,1,3,0,0,1,4,0,,60,0,0,0,0,1,1,2,13
,2017_12783,39.713041,-105.000001,5/17/2017 6:44,6:44,15,0,0,I25 & CEDAR AVENUE WEST,1,1,0,0,1,4,0,,65,0,0,0,0,0,1,2,13
,2017_12784,39.713041,-105.000001,11/30/2017 9:50,9:50,12,0,0,I25 & ALAMEDA AVENUE WEST,1,1,1,0,1,4,0,,55,0,0,0,0,0,1,2,7
,2017_12785,39.713041,-105.000001,5/22/2017 18:56,18:56,3,0,0,CEDAR AVENUE WEST & KALAMATH STREET SOUTH,2,1,1,1,1,1,0,,35,0,0,0,0,1,1,2,5
,2017_12786,39.713179,-105.000083,2/4/2017 16:25,16:25,12,0,0,I25 NORTHBOUND RAMP ON & KALAMATH STREET SOUTH / CEDAR AVENUE WEST,1,1,1,0,1,8,0,,55,0,0,0,0,0,1,2,13
,2017_12787,39.713317,-105.000166,5/26/2017 22:42,22:42,15,0,0,I25 & ALAMEDA AVENUE WEST,1,3,0,0,1,4,0,,55,0,0,0,0,1,1,2,13
,2017_12788,39.713455,-105.000248,10/28/2017 16:10,16:10,12,0,0,I25 & ALAMEDA AVENUE WEST,1,1,1,0,1,4,0,,55,0,0,0,0,0,1,2,3
,2017_12789,39.713592,-105.00033,10/17/2017 20:42,20:42,15,0,0,I25 NORTHBOUND MERGE LANE & CEDAR AVENUE RAMP ENTRANCE GORE,1,2,0,0,1,4,0,,65,0,0,0,0,0,1,2,1
,2017_12790,39.713592,-105.00033,11/30/2017 17:38,17:38,12,0,0,I25 & ALAMEDA AVENUE WEST,1,3,0,0,1,4,0,,50,0,0,0,0,0,1,2,3
,2017_12791,39.713865,-105.000498,10/11/2017 19:04,19:04,12,0,0,I25 & ALAMEDA AVENUE WEST,1,3,0,0,1,4,0,,55,0,0,0,0,0,1,2,13
,2017_12792,39.713865,-105.000498,2/9/2017 20:32,20:32,5,0,0,I25 SOUTHBOUND RAMP OFF CRASH CUSHION & ALAMEDA AVENUE WEST APPROXIMATELY,1,3,0,0,2,8,0,,60,0,0,0,0,0,1,1,5
,2017_12793,39.71413,-105.000671,4/16/2017 12:52,12:52,12,0,0,I25 & ALAMEDA AVENUE WEST,1,1,0,0,1,4,0,,55,0,0,0,0,0,1,3,14
,2017_12794,39.71413,-105.000671,7/7/2017 4:29,4:29,9,0,0,I25 & ALAMEDA AVENUE,1,3,0,0,1,4,0,,55,0,0,0,0,0,1,1,3
,2017_12795,39.71413,-105.000671,8/20/2017 2:15,2:15,5,0,0,I25 & ALAMEDA AVENUE WEST,1,3,0,0,1,4,0,,65,0,0,0,0,0,1,2,13
,2017_12796,39.71413,-105.000671,10/19/2017 13:57,13:57,12,0,0,I25 & ALAMEDA AVENUE WEST,1,1,0,0,1,4,0,,55,0,0,0,0,0,1,3,14
,2017_12797,39.714263,-105.000757,1/20/2017 2:03,2:03,9,0,0,I25 SOUTHBOUND & ALAMEDA AVENUE WEST,1,3,0,0,3,4,0,,35,0,0,0,0,0,1,1,13
,2017_12798,39.714263,-105.000757,5/27/2017 13:05,13:05,15,0,0,I25 & ALAMEDA AVENUE WEST,2,1,0,1,1,4,0,,55,0,0,0,0,0,1,2,7
,2017_12799,39.714395,-105.000844,2/8/2017 18:00,18:00,12,0,0,I25 SOUTHBOUND APPROXIMATELY & SANTA FE DRIVE SOUTH SOUTHBOUND 'D' RAMP GORE POINT,1,2,1,0,1,4,0,,,0,0,0,0,0,1,2,13
,2017_12800,39.714925,-105.00119,1/6/2017 8:35,8:35,12,0,0,I25 NORTHBOUND & ALAMEDA AVENUE WEST,11,1,0,0,1,4,0,,55,0,0,0,0,1,1,3,14
,2017_12801,39.714925,-105.00119,1/13/2017 19:01,19:01,12,0,0,I25 SOUTHBOUND & ALAMEDA AVENUE WEST,1,3,0,0,1,4,0,,65,0,0,0,0,1,1,2,13
,2017_12802,39.714925,-105.00119,1/17/2017 7:59,7:59,12,0,0,I25 NORTHBOUND & ALAMEDA AVENUE WEST,9,1,0,0,1,4,0,,55,0,0,0,0,0,1,2,14
,2017_12803,39.717712,-105.004262,7/27/2017 13:26,13:26,12,0,0,I25 & ALAMEDA AVENUE,1,1,0,0,1,4,0,,55,0,0,0,0,0,1,2,1
,2017_12804,39.717712,-105.004262,4/12/2017 10:21,10:21,15,0,0,I25 & ALAMEDA AVENUE WEST,1,1,0,0,1,4,0,,65,0,0,0,0,0,1,2,13
,2017_12805,39.714925,-105.00119,1/30/2017 6:38,6:38,12,0,0,I25 SOUTHBOUND & ALAMEDA AVENUE WEST,1,2,0,0,1,4,0,,55,0,0,0,0,0,1,4,13
,2017_12806,39.714925,-105.00119,2/10/2017 11:54,11:54,12,0,0,I25 NORTHBOUND & ALAMEDA AVENUE WEST,1,1,0,0,1,4,0,,65,0,0,0,0,1,1,2,14
,2017_12807,39.714925,-105.00119,4/7/2017 10:41,10:41,12,0,0,I25 & ALAMEDA AVENUE WEST,1,1,0,0,1,4,0,,55,0,0,0,0,0,1,3,3
,2017_12808,39.714925,-105.00119,5/24/2017 12:50,12:50,12,0,0,I25 & ALAMEDA AVENUE WEST,1,1,0,0,1,4,0,,55,0,0,0,0,0,1,2,13
,2017_12809,39.714925,-105.00119,6/14/2017 11:43,11:43,12,0,0,I25 & ALAMEDA AVENUE WEST,1,1,0,0,1,4,0,,55,0,0,0,0,0,1,2,13
,2017_12810,39.714925,-105.00119,6/14/2017 13:56,13:56,12,0,0,I25 & ALAMEDA AVENUE WEST,1,1,0,0,1,4,0,,55,0,0,0,0,0,1,2,13
,2017_12811,39.714925,-105.00119,7/17/2017 10:23,10:23,15,0,0,I25 NORTHBOUND & ALAMEDA AVENUE WEST,1,1,0,0,1,4,0,,55,0,0,0,0,1,1,3,3
,2017_12812,39.714925,-105.00119,11/27/2017 11:19,11:19,12,0,0,I25 & ALAMEDA AVENUE WEST,1,1,0,0,1,4,0,,55,0,0,0,0,0,1,2,3
,2017_12813,39.714925,-105.00119,11/30/2017 7:55,7:55,15,0,0,I25 & ALAMEDA AVENUE WEST,1,1,0,0,1,4,0,,35,0,0,0,0,0,1,2,1
,2017_12814,39.714925,-105.00119,12/12/2017 8:15,8:15,12,0,0,I25 & ALAMEDA AVENUE,1,1,0,0,1,4,0,,55,0,0,0,0,0,1,2,13
,2017_12815,39.714925,-105.00119,12/13/2017 6:31,6:31,12,0,0,I25 & ALAMEDA AVENUE WEST,1,3,0,0,1,4,0,,55,0,0,0,0,0,1,2,13
,2017_12816,39.715058,-105.001276,3/4/2017 16:00,16:00,12,0,0,I25 NORTHBOUND & MM 208,1,1,0,0,1,4,0,,65,0,0,0,0,0,1,2,13
,2017_12817,39.72244,-105.009858,7/1/2017 17:10,17:10,15,0,0,I25 & SIXTH AVENUE WEST,1,1,0,0,1,4,0,,,0,0,0,1,0,1,2,13
,2017_12818,39.715058,-105.001276,9/28/2017 14:46,14:46,15,0,0,I25 NORTHBOUND MERGE LANE & MAPLE / CEDAR AVENUE NORTHBOUND RAMP ON,1,1,0,0,1,4,0,,55,0,0,0,0,0,1,2,14
,2017_12819,39.71519,-105.001363,5/12/2017 14:04,14:04,15,0,0,I25 & BAYAUD AVENUE WEST OFFSET REF,1,1,1,0,1,4,0,,65,0,0,0,0,0,1,2,3
,2017_12820,39.71532,-105.001454,5/12/2017 17:05,17:05,15,0,0,I25 NORTHBOUND & ALAMEDA AVENUE WEST,1,1,0,0,1,4,0,,55,0,0,0,0,0,1,2,13
,2017_12821,39.716518,-105.002553,1/5/2017 11:30,11:30,15,0,2,I25 SOUTHBOUND & ALAMEDA AVENUE WEST,4,1,0,2,1,4,0,,65,0,0,0,0,2,1,2,1
,2017_12822,39.716727,-105.002825,6/21/2017 22:15,22:15,15,0,0,I25 SOUTHBOUND & ALAMEDA AVENUE WEST,1,3,0,0,1,4,0,,,0,0,0,0,0,1,2,13
,2017_12823,39.716727,-105.002825,11/30/2017 7:05,7:05,12,0,0,I25 & ELLSWORTH AVENUE OFFSET NOT IN CORIS,1,1,0,0,1,4,0,,55,0,0,0,0,0,1,2,1
,2017_12824,39.716826,-105.002968,8/18/2017 17:31,17:31,15,0,0,I25 NORTHBOUND & MM 208.4,1,1,0,0,1,4,0,,55,0,0,0,0,0,1,2,14
,2017_12825,39.717712,-105.004262,1/5/2017 9:08,9:08,15,0,0,I25 NORTHBOUND & ALAMEDA AVENUE WEST,4,1,0,2,1,4,0,,55,0,0,0,0,0,1,3,3
,2017_12826,39.72244,-105.009858,10/2/2017 6:47,6:47,15,0,0,I25 & SIXTH AVENUE WEST,2,2,0,1,1,4,0,,55,0,0,0,1,0,1,2,13
,2017_12827,39.717712,-105.004262,1/24/2017 6:09,6:09,12,0,0,I25 SOUTHBOUND & ALAMEDA AVENUE WEST,1,3,0,0,1,4,0,,65,0,0,0,0,0,1,2,1
,2017_12828,39.717712,-105.004262,3/18/2017 14:15,14:15,12,0,0,I25 NORTHBOUND & ALAMEDA AVENUE WEST,1,1,0,0,1,4,0,,55,0,0,0,0,0,1,3,13
,2017_12829,39.717712,-105.004262,5/10/2017 15:59,15:59,12,0,0,I25 & ALAMEDA AVENUE WEST,2,1,1,1,1,4,0,,55,0,0,0,0,0,1,2,7
,2017_12830,39.717712,-105.004262,8/7/2017 22:35,22:35,15,0,0,I25 & ALAMEDA AVENUE WEST APPROXIMATELY,2,3,0,0,1,4,0,,55,0,0,0,0,0,1,2,13
,2017_12831,39.717712,-105.004262,8/25/2017 11:21,11:21,12,0,0,I25 & ALAMEDA AVENUE WEST,1,1,0,0,1,4,0,,55,0,0,0,0,0,1,5,14
,2017_12832,39.717712,-105.004262,10/29/2017 17:17,17:17,12,0,0,I25 & ALAMEDA AVENUE WEST,1,1,0,0,1,4,0,,55,0,0,0,0,1,1,2,13
,2017_12833,39.717811,-105.004406,4/15/2017 11:19,11:19,12,0,0,I25 & MM 208.5,1,1,0,0,1,4,0,,55,0,0,0,0,1,1,2,14
,2017_12834,39.717811,-105.004406,6/21/2017 17:08,17:08,15,0,0,I25 NORTHBOUND & MM 208.5,1,1,0,0,1,4,0,,55,0,0,0,0,0,1,2,13
,2017_12835,39.717811,-105.004406,11/22/2017 16:30,16:30,12,0,0,I25 & MM 208.5,1,3,1,0,1,4,0,,55,0,0,0,0,0,1,2,3
,2017_12836,39.717909,-105.00455,9/9/2017 15:40,15:40,12,0,0,I25 & SIXTH AVENUE FWY WEST,1,1,0,0,1,4,0,,45,0,0,0,0,0,1,2,13
,2017_12837,39.718465,-105.005288,4/28/2017 16:10,16:10,12,0,0,I25 & FIRST AVENUE OFFSET NOT IN CORIS,1,1,0,0,1,4,0,,55,0,0,0,0,0,1,2,13
,2017_12838,39.71927,-105.006261,11/2/2017 7:26,7:26,12,0,0,I25 & SIXTH AVENUE WEST,1,1,0,0,1,4,0,,55,0,0,0,0,0,1,2,1
,2017_12839,39.719598,-105.006618,2/11/2017 15:25,15:25,12,0,0,I25 NORTHBOUND EXIT LANE & SIXTH AVENUE WEST,1,1,0,0,1,4,0,,55,0,0,0,0,0,1,4,14
,2017_12840,39.720036,-105.007094,1/14/2017 17:30,17:30,12,0,0,I25 NORTHBOUND & SIXTH AVENUE WEST INTERCHANGE,1,3,1,0,1,4,0,,55,0,0,0,0,0,1,3,13
,2017_12841,39.720036,-105.007094,1/17/2017 15:48,15:48,12,0,0,I25 NORTHBOUND & SIXTH AVENUE,1,1,0,0,1,4,0,,55,0,0,0,0,0,1,2,13
,2017_12842,39.720036,-105.007094,1/17/2017 18:00,18:00,12,0,0,I25 NORTHBOUND & SIXTH AVENUE WEST,1,3,0,0,1,4,0,,60,0,0,0,0,0,1,2,13
,2017_12843,39.720036,-105.007094,4/12/2017 12:10,12:10,12,0,0,I25 & SIXTH AVENUE WEST,1,1,0,0,1,4,0,,55,0,0,0,0,0,1,3,8
,2017_12844,39.720036,-105.007094,4/21/2017 11:58,11:58,12,0,0,I25 NORTHBOUND & SIXTH AVENUE WEST,1,1,0,0,1,4,0,,65,0,0,0,0,0,1,2,3
,2017_12845,39.720036,-105.007094,7/12/2017 7:54,7:54,12,0,0,I25 & SIXTH AVENUE WEST,1,1,0,0,1,4,0,,55,0,0,0,0,1,1,2,12
,2017_12846,39.720036,-105.007094,7/22/2017 21:44,21:44,15,0,0,I25 & SIXTH AVENUE WEST,1,3,0,0,1,4,0,,55,0,0,0,0,0,1,2,13
,2017_12847,39.720036,-105.007094,9/23/2017 10:56,10:56,12,0,0,I25 & SIXTH AVENUE WEST,1,1,0,0,1,4,0,,55,0,0,0,0,0,1,2,13
,2017_12848,39.720036,-105.007094,9/26/2017 15:30,15:30,15,0,0,I25 & SIXTH AVENUE,1,1,0,0,1,4,0,,55,0,0,0,0,0,1,2,13
,2017_12849,39.720036,-105.007094,10/13/2017 10:33,10:33,12,0,0,I25 & SIXTH AVENUE FWY WEST,1,1,0,0,1,4,0,,55,0,0,0,0,0,1,3,3
,2017_12850,39.720036,-105.007094,11/11/2017 15:00,15:00,12,0,0,I25 & SIXTH AVENUE WEST INTCH,1,1,0,0,1,4,0,,55,0,0,0,0,1,1,2,1
,2017_12851,39.720036,-105.007094,11/13/2017 8:05,8:05,15,0,0,I25 NORTHBOUND EXIT LANE & SIXTH AVENUE WEST,1,1,0,0,1,4,0,,55,0,0,0,0,0,1,2,13
,2017_12852,39.720036,-105.007094,11/16/2017 13:35,13:35,15,0,0,I25 & SIXTH AVENUE WEST,1,1,0,0,1,4,0,,55,0,0,0,0,0,1,2,1
,2017_12853,39.720364,-105.007451,6/23/2017 20:13,20:13,15,0,0,I25 NORTHBOUND & ALAMEDA AVENUE WEST,1,1,0,0,1,4,0,,60,0,0,0,0,1,1,2,13
,2017_12854,39.723881,-105.011684,8/31/2017 20:12,20:12,12,0,0,I25 NORTHBOUND & SIXTH AVENUE WEST,1,3,0,4,1,4,0,,,0,0,0,0,1,1,2,13
,2017_12855,39.720364,-105.007451,8/11/2017 22:35,22:35,12,0,0,I25 & ALAMEDA AVENUE WEST,1,3,1,0,1,4,0,,55,0,0,0,0,0,1,2,13
,2017_12856,39.720473,-105.00757,1/6/2017 13:30,13:30,12,0,0,I25 NORTHBOUND & MM 208.75 APPROXIMATELY,2,1,0,0,1,4,0,,55,0,0,0,0,1,1,4,13
,2017_12857,39.720772,-105.007984,10/6/2017 23:31,23:31,5,0,0,I25 & ALAMEDA AVENUE WEST,1,3,0,0,1,4,0,,60,0,0,0,0,0,1,1,5
,2017_12858,39.72102,-105.008165,6/25/2017 14:03,14:03,12,0,0,I25 NORTHBOUND & THIRD AVENUE WEST OFFSET REF,1,1,0,0,1,4,0,,55,0,0,0,0,0,1,3,13
,2017_12859,39.72102,-105.008165,7/7/2017 8:31,8:31,12,0,0,I25 & THIRD AVENUE WEST OFFSET REF,1,1,1,0,1,4,0,,55,0,0,0,0,0,1,2,8
,2017_12860,39.72113,-105.008284,8/1/2017 11:54,11:54,12,0,0,I25 NORTHBOUND & SIXTH AVENUE WEST,1,1,0,0,1,4,0,,55,0,0,0,0,0,1,2,3
,2017_12861,39.72113,-105.008284,8/8/2017 14:09,14:09,12,0,0,I25 & SIXTH AVENUE WEST,1,1,0,0,1,4,0,,65,0,0,0,0,1,1,5,13
,2017_12862,39.721348,-105.008522,6/27/2017 16:35,16:35,12,0,0,I25 NORTHBOUND & SIXTH AVENUE WEST,1,1,0,0,1,4,0,,55,0,0,0,0,0,1,2,7
,2017_12863,39.721348,-105.008522,9/5/2017 9:56,9:56,12,0,0,I25 NORTHBOUND & SIXTH AVENUE WEST,1,1,0,0,1,4,0,,55,0,0,0,0,0,1,2,13
,2017_12864,39.721348,-105.008522,9/8/2017 6:50,6:50,12,0,0,I25 & SIXTH AVENUE WEST,1,1,0,0,1,4,0,,55,0,0,0,0,0,1,2,13
,2017_12865,39.721458,-105.008641,1/20/2017 7:39,7:39,15,0,0,I25 SOUTHBOUND MERGE LANE FROM & SIXTH AVENUE WEST EASTBOUND RAMP ON GORE POINT,1,1,0,0,1,4,0,,55,0,0,0,0,0,1,2,1
,2017_12866,39.721567,-105.00876,2/20/2017 17:25,17:25,15,0,0,I25 SOUTHBOUND MERGE LANE & SIXTH AVENUE WEST INTERCHANGE,1,2,1,0,1,4,0,,55,0,0,0,0,0,1,2,13
,2017_12867,39.721567,-105.00876,8/18/2017 11:59,11:59,12,0,0,I25 NORTHBOUND EXIT LANE & SIXTH AVENUE EASTBOUND EXIT RAMP,1,1,0,0,1,4,0,,55,0,0,0,0,1,1,3,1
,2017_12868,39.721567,-105.00876,9/26/2017 21:45,21:45,12,0,0,I25 SOUTHBOUND MERGE LANE & SIXTH AVENUE,1,3,1,0,1,4,0,,55,0,0,0,0,0,1,3,13
,2017_12869,39.721567,-105.00876,4/6/2017 17:06,17:06,15,0,0,I25 NORTHBOUND RAMP ON MERGE LANE & SANTA FE DRIVE SOUTH INTCH APPROXIMATELY NEW CONFIG,1,1,0,0,1,8,0,,65,0,0,0,0,0,1,2,13
,2017_12870,39.721567,-105.00876,9/12/2017 19:55,19:55,12,0,1,I25 NORTHBOUND RAMP ON MERGE LANE & SANTA FE DRIVE SOUTH INTCH APPROXIMATELY,1,3,1,0,1,8,0,,55,0,0,0,0,2,1,2,13
,2017_12871,39.721677,-105.008879,5/3/2017 13:49,13:49,12,0,0,I25 SOUTHBOUND & SIXTH AVENUE WEST RAMP ON GORE,1,1,1,0,1,4,0,,65,0,0,0,0,0,1,2,9
,2017_12872,39.721677,-105.008879,5/22/2017 7:23,7:23,12,0,0,I25 SOUTHBOUND & SIXTH AVENUE EASTBOUND RAMP ON GORE,1,1,0,0,1,4,0,,55,0,0,0,0,0,1,2,13
,2017_12873,39.721677,-105.008879,8/11/2017 14:00,14:00,15,0,0,I25 NORTHBOUND & SIXTH AVENUE WEST,1,1,0,0,1,4,0,,55,0,0,0,0,0,1,2,3
,2017_12874,39.722045,-105.009327,6/14/2017 13:25,13:25,12,0,1,I25 HIGHWAY NORTHBOUND & MM 208.9,1,1,1,0,1,4,0,,65,0,0,0,0,2,1,3,14
,2017_12875,39.722045,-105.009327,7/25/2017 21:12,21:12,12,0,2,I25 & SIXTH AVENUE WEST SOUTHBOUND RAMP ENTRANCE GORE,1,3,0,0,1,4,0,,65,0,0,0,0,2,1,2,1
,2017_12877,39.722045,-105.009327,11/3/2017 10:00,10:00,12,0,0,I25 SOUTHBOUND & SIXTH AVENUE EASTBOUND RAMP OFF ENTRANCE GORE,1,1,0,0,1,4,0,,65,0,0,0,0,0,1,2,13
,2017_12878,39.722045,-105.009327,11/29/2017 17:00,17:00,15,0,0,I25 & MM 208.90,1,3,0,0,1,4,0,,55,0,0,0,0,0,1,2,1
,2017_12879,39.722268,-105.009616,2/3/2017 15:00,15:00,15,0,0,I25 & SIXTH AVENUE WEST,1,1,1,0,1,4,0,,55,0,0,0,0,0,1,2,13
,2017_12880,39.722268,-105.009616,3/12/2017 14:24,14:24,12,0,0,I25 NORTHBOUND & SIXTH AVENUE WEST INTRCHG,1,1,0,0,1,4,0,,55,0,0,0,0,0,1,3,13
,2017_12881,39.722268,-105.009616,10/6/2017 22:19,22:19,12,0,0,I25 & SIXTH AVENUE WEST,1,3,1,0,1,4,0,,60,0,0,0,0,0,1,2,2
,2017_12882,39.740257,-105.013939,9/6/2017 7:55,7:55,15,0,0,I25 & COLFAX AVENUE WEST,1,1,0,0,1,4,0,,55,0,0,0,0,0,1,2,13
,2017_12883,39.72244,-105.009858,9/28/2017 6:53,6:53,12,0,0,I25 & SIXTH AVENUE FWY WEST,2,1,0,1,1,4,0,,55,0,0,0,0,0,1,2,13
,2017_12884,39.722383,-105.009778,3/11/2017 13:09,13:09,12,0,0,I25 NORTHBOUND & SIXTH AVENUE WEST,1,1,0,0,1,4,0,,55,0,0,0,0,0,1,3,14
,2017_12885,39.72284,-105.010422,6/24/2017 12:16,12:16,12,0,0,I25 NORTHBOUND & SIXTH AVENUE WEST,1,1,0,0,1,4,0,,55,0,0,0,0,0,1,2,14
,2017_12886,39.72244,-105.009858,1/10/2017 8:34,8:34,12,0,0,I25 NORTHBOUND & SIXTH AVENUE WEST INTERCHANGE,1,1,0,0,1,4,0,,55,0,0,0,0,0,1,3,13
,2017_12887,39.72244,-105.009858,1/18/2017 6:39,6:39,15,0,0,I25 SOUTHBOUND & SIXTH AVENUE WEST,1,2,1,0,1,4,0,,55,0,0,0,0,0,1,5,7
,2017_12888,39.72244,-105.009858,2/16/2017 9:00,9:00,12,0,0,I25 & SIXTH AVENUE,1,1,0,0,1,4,0,,55,0,0,0,0,0,1,2,3
,2017_12889,39.72244,-105.009858,2/25/2017 15:21,15:21,12,0,0,I25 NORTHBOUND & SIXTH AVENUE WEST,1,1,0,0,1,4,0,,55,0,0,0,0,0,1,2,13
,2017_12891,39.72244,-105.009858,3/5/2017 21:10,21:10,15,0,0,I25 SOUTHBOUND & SIXTH AVENUE WEST,1,3,0,0,1,4,0,,65,0,0,0,0,0,1,2,13
,2017_12892,39.72244,-105.009858,3/7/2017 10:59,10:59,12,0,0,I25 & HIGHWAY 6,1,1,1,0,1,4,0,,55,0,0,0,0,0,1,2,13
,2017_12893,39.72244,-105.009858,4/24/2017 9:22,9:22,12,0,0,I25 & SIXTH AVENUE WEST,1,1,0,0,1,4,0,,65,0,0,0,0,0,1,2,1
,2017_12894,39.72244,-105.009858,6/3/2017 10:13,10:13,12,0,0,I25 & SIXTH AVENUE WEST,1,1,0,0,1,4,0,,55,0,0,0,0,0,1,2,13
,2017_12895,39.72244,-105.009858,6/4/2017 17:45,17:45,12,0,0,I25 NORTHBOUND & SIXTH AVENUE WEST,1,1,0,0,1,4,0,,65,0,0,0,0,1,1,2,3
,2017_12896,39.72244,-105.009858,6/17/2017 10:58,10:58,12,0,0,I25 NORTHBOUND & SIXTH AVENUE WEST,1,1,1,0,1,4,0,,65,0,0,0,0,0,1,2,13
,2017_12897,39.72244,-105.009858,6/18/2017 8:27,8:27,15,0,0,I25 SOUTHBOUND & SIXTH AVENUE WEST,1,1,0,0,1,4,0,,55,0,0,0,0,0,1,2,13
,2017_12898,39.72244,-105.009858,8/19/2017 9:56,9:56,12,0,0,I25 NORTHBOUND & EXIT 210A,1,1,0,0,1,4,0,,55,0,0,0,0,0,1,2,7
,2017_12899,39.72244,-105.009858,9/17/2017 12:00,12:00,12,0,0,I25 & SIXTH AVENUE WEST,1,1,0,0,1,4,0,,55,0,0,0,0,0,1,2,13
,2017_12900,39.72244,-105.009858,11/15/2017 6:33,6:33,15,0,0,I25 & SIXTH AVENUE WEST,1,1,0,0,1,4,0,,55,0,0,0,0,0,1,3,1
,2017_12901,39.72244,-105.009858,11/30/2017 14:55,14:55,15,0,0,I25 & SIXTH AVENUE WEST,1,1,0,0,1,4,0,,55,0,0,0,0,0,1,2,1
,2017_12902,39.72244,-105.009858,12/4/2017 8:12,8:12,12,0,0,I25 & SIXTH AVENUE FWY WEST,1,1,0,0,1,4,0,,55,0,0,0,0,1,1,3,3
,2017_12903,39.72244,-105.009858,12/19/2017 11:10,11:10,12,0,0,I25 & SIXTH AVENUE WEST,1,1,1,0,1,4,0,,60,0,0,0,0,0,1,2,3
,2017_12904,39.722669,-105.010181,2/15/2017 18:04,18:04,12,0,0,I25 SOUTHBOUND & MM 209.00,1,3,0,0,1,4,0,,50,0,0,0,0,1,1,3,12
,2017_12905,39.722669,-105.010181,4/9/2017 10:30,10:30,12,0,0,I25 NORTHBOUND & MM 209.00,1,1,0,0,1,4,0,,65,0,0,0,0,0,1,2,7
,2017_12906,39.722669,-105.010181,5/27/2017 15:00,15:00,12,0,0,I25 NORTHBOUND EXIT LANE & SIXTH AVENUE EASTBOUND OFF RAMP APPROXIMATELY,1,1,0,0,1,4,0,,65,0,0,0,0,0,1,2,13
,2017_12907,39.722669,-105.010181,6/17/2017 18:15,18:15,15,0,0,I25 & MM 209,1,1,0,0,1,4,0,,75,0,0,0,0,0,1,2,13
,2017_12908,39.722669,-105.010181,10/13/2017 10:37,10:37,12,0,0,I25 & SIXTH AVENUE WEST,1,1,1,0,1,4,0,,55,0,0,0,0,0,1,5,1
,2017_12909,39.722669,-105.010181,11/3/2017 8:00,8:00,12,0,0,I25 NORTHBOUND & RAMP B GORE POINT TO EASTBOUND SIXTH,1,1,0,0,1,4,0,,55,0,0,0,0,0,1,2,1
,2017_12910,39.722726,-105.010261,2/22/2017 9:14,9:14,15,0,0,I25 NORTHBOUND & SIXTH AVENUE WEST,1,1,0,0,1,4,0,,65,0,0,0,0,0,1,2,14
,2017_12911,39.722726,-105.010261,5/23/2017 13:02,13:02,12,0,0,I25 NORTHBOUND RAMP OFF NEW CONFIG & SIXTH AVENUE WEST,1,1,0,0,1,8,0,,55,0,0,0,0,0,1,2,3
,2017_12912,39.722897,-105.010503,3/7/2017 17:33,17:33,12,0,0,I25 SOUTHBOUND & SIXTH AVENUE WEST,1,1,0,0,1,4,0,,55,0,0,0,0,0,1,2,13
,2017_12913,39.722897,-105.010503,3/11/2017 21:29,21:29,12,0,0,I25 & SIXTH AVENUE WEST NORTHBOUND OFF RAMP GORE POINT,1,3,0,0,1,4,0,,65,0,0,0,0,0,1,2,13
,2017_12914,39.722897,-105.010503,9/22/2017 11:30,11:30,12,0,0,I25 & SIXTH AVENUE WEST EXIT,1,1,1,0,1,4,0,,55,0,0,0,0,0,1,2,14
,2017_12915,39.722955,-105.010584,3/10/2017 19:35,19:35,12,0,0,I25 & SIXTH STREET,1,3,0,0,1,4,0,,55,0,0,0,0,0,1,2,13
,2017_12916,39.722955,-105.010584,3/20/2017 7:30,7:30,12,0,0,I25 NORTHBOUND EXIT LANE & SIXTH AVENUE WEST EASTBOUND RAMP OFF APPROXIMATELY,1,1,0,0,1,4,0,,55,0,0,0,0,0,1,2,8
,2017_12917,39.722955,-105.010584,6/8/2017 11:03,11:03,12,0,0,I25 NORTHBOUND & SIXTH AVENUE EASTBOUND EXIT RAMP APPROXIMATELY,1,1,1,0,1,4,0,,55,0,0,0,0,0,1,2,13
,2017_12918,39.722955,-105.010584,6/25/2017 10:30,10:30,12,0,0,I25 NORTHBOUND EXIT LANE & SIXTH AVENUE WEST EASTBOUND RAMP OFF APPROXIMATELY,1,1,1,0,1,4,0,,55,0,0,0,0,0,1,5,13