id,drcog_id,latitude,longitude,crashtime,time,crashtype,numbkilled,numbinjurd,drcoglocat,rdconditin,lightngcon,roadcntgrd,weatherco,location,roaddescrp,constrzone,schoolzone,splimit,bikeinv,pedinv,sctrinv,motoinv,svrty,rdsystem,ttlvehcls,hcf
,2017_12919,39.722955,-105.010584,10/7/2017 13:25,13:25,12,0,0,I25 NORTHBOUND EXIT LANE & SIXTH AVENUE WEST EASTBOUND RAMP OFF APPROXIMATELY,1,1,0,0,1,4,0,,55,0,0,0,0,0,1,3,3
,2017_12920,39.722955,-105.010584,10/25/2017 11:52,11:52,12,0,0,I25 NORTHBOUND & SIXTH AVENUE WEST INTCH,1,1,0,0,1,4,0,,55,0,0,0,0,1,1,4,13
,2017_12921,39.722955,-105.010584,11/3/2017 7:47,7:47,12,0,0,I25 EXIT LANE & SIXTH AVENUE WEST EASTBOUND RAMP OFF APPROXIMATELY,1,1,0,0,1,4,0,,55,0,0,0,0,0,1,2,1
,2017_12922,39.722955,-105.010584,11/8/2017 19:50,19:50,12,0,0,I25 EXIT LANE & SIXTH AVENUE WEST EASTBOUND RAMP OFF APPROXIMATELY,1,3,0,0,1,4,0,,55,0,0,0,0,0,1,2,8
,2017_12923,39.722955,-105.010584,11/15/2017 10:38,10:38,12,0,0,I25 NORTHBOUND EXIT LANE & SIXTH AVENUE WEST EASTBOUND RAMP OFF APPROXIMATELY,1,1,1,0,1,4,0,,55,0,0,0,0,0,1,3,13
,2017_12924,39.723536,-105.011305,1/13/2017 10:42,10:42,15,0,0,I25 SOUTHBOUND & SIXTH AVENUE WEST,1,5,0,0,1,4,0,,55,0,0,0,0,1,1,2,14
,2017_12925,39.722955,-105.010584,1/3/2017 12:55,12:55,15,0,0,I25 SOUTHBOUND RAMP ON  & SIXTH AVENUE WEST EB/WB RAMP SPLIT,1,1,1,0,1,8,0,,55,0,0,0,0,1,1,2,1
,2017_12926,39.723606,-105.013104,6/13/2017 12:40,12:40,12,0,0,I25 SOUTHBOUND RAMP ON SGL LANE APPROXIMATELY & SIXTH AVENUE WEST EASTBOUND RAMP OFF,1,1,1,0,1,8,0,,55,0,0,0,0,0,1,2,13
,2017_12927,39.722955,-105.010584,10/19/2017 6:46,6:46,15,0,0,I25 SOUTHBOUND RAMP ON & SIXTH AVENUE WEST INTCH,1,1,0,0,1,8,0,,45,0,0,0,0,0,1,2,13
,2017_12928,39.723012,-105.010664,3/17/2017 10:00,10:00,12,0,0,I25 NORTHBOUND RAMP OFF EXIT GORE & SIXTH AVENUE WEST APPROXIMATELY,1,1,1,0,1,8,0,,,0,0,0,0,0,1,2,13
,2017_12929,39.723012,-105.010664,6/16/2017 7:55,7:55,12,0,0,I25 NORTHBOUND OFF RAMP GORE POINT TO & SIXTH AVENUE WEST,1,1,1,0,1,8,0,,35,0,0,0,0,0,1,2,13
,2017_12930,39.723012,-105.010664,8/23/2017 11:10,11:10,15,0,0,I25 NORTHBOUND OFF RAMP GORE POINT & SIXTH AVENUE WEST,1,1,1,0,1,8,0,,55,0,0,0,0,0,1,2,8
,2017_12931,39.723012,-105.010664,8/28/2017 14:30,14:30,12,0,0,I25 NORTHBOUND OFF RAMP GORE POINT & SIXTH AVENUE,1,1,0,0,1,8,0,,55,0,0,0,0,0,1,2,13
,2017_12932,39.723012,-105.010664,9/9/2017 15:04,15:04,12,0,0,I25 NORTHBOUND OFF RAMP & SIXTH AVENUE WEST,1,1,0,0,1,8,0,,55,0,0,0,0,0,1,2,13
,2017_12933,39.723012,-105.010664,11/14/2017 6:28,6:28,15,0,0,I25 NORTHBOUND RAMP OFF GORE AREA & SIXTH AVENUE WEST,1,1,0,0,1,8,0,,,0,0,0,0,0,1,2,13
,2017_12934,39.723106,-105.010784,1/18/2017 6:55,6:55,12,0,0,I25 NORTHBOUND OFF RAMP TO & SIXTH AVENUE WEST,1,5,1,0,1,8,0,,30,0,0,0,0,0,1,2,3
,2017_12935,39.723249,-105.010958,3/18/2017 10:48,10:48,12,0,0,I25 NORTHBOUND EXIT LANE & SIXTH AVENUE WEST,1,1,1,0,1,4,0,,55,0,0,0,0,0,1,3,13
,2017_12936,39.723249,-105.010958,6/18/2017 0:01,0:01,15,0,0,I25 NORTHBOUND & SIXTH AVENUE WEST,1,3,0,0,1,4,0,,,0,0,0,0,0,1,2,13
,2017_12937,39.723249,-105.010958,10/20/2017 19:30,19:30,12,0,0,I25 & SIXTH AVENUE WEST,1,3,0,0,1,4,0,,65,0,0,0,0,0,1,2,1
,2017_12938,39.723249,-105.010958,3/25/2017 11:42,11:42,12,0,0,I25 NORTHBOUND RAMP OFF & SIXTH AVENUE WEST,1,1,0,0,1,8,1,,45,0,0,0,0,0,1,2,12
,2017_12939,39.723536,-105.011305,11/25/2017 12:04,12:04,12,0,0,I25 & SIXTH AVENUE WEST,1,1,0,0,1,4,0,,65,0,0,0,0,0,1,2,13
,2017_12940,39.723662,-105.011457,1/6/2017 10:00,10:00,12,0,0,I25 NORTHBOUND & SIXTH AVENUE INTERCHANGE,2,1,1,0,1,4,0,,55,0,0,0,0,0,1,2,13
,2017_12941,39.723662,-105.011457,2/14/2017 14:44,14:44,12,0,0,I25 NORTHBOUND & SIXTH AVENUE WEST,1,1,0,0,1,4,0,,65,0,0,0,0,0,1,3,13
,2017_12942,39.723662,-105.011457,3/29/2017 12:45,12:45,12,0,0,I25 NORTHBOUND & SIXTH AVENUE WEST,1,1,0,0,1,4,0,,55,0,0,0,0,0,1,3,3
,2017_12943,39.723662,-105.011457,4/5/2017 7:30,7:30,12,0,0,I25 & SIXTH AVENUE WEST,2,1,0,0,1,4,0,,65,0,0,0,0,0,1,2,3
,2017_12944,39.723662,-105.011457,5/15/2017 8:42,8:42,12,0,0,I25 & SIXTH AVENUE WEST,1,1,0,0,1,4,0,,65,0,0,0,0,0,1,3,3
,2017_12945,39.724477,-105.012282,11/8/2017 15:38,15:38,12,0,0,I25 & SIXTH AVENUE WEST,1,1,0,0,1,4,0,,55,0,0,0,0,0,1,2,1
,2017_12946,39.723662,-105.011457,5/17/2017 8:46,8:46,12,0,0,I25 & SIXTH AVENUE WEST,1,1,0,0,1,4,0,,65,0,0,0,0,0,1,4,3
,2017_12947,39.723662,-105.011457,5/24/2017 12:00,12:00,12,0,0,I25 & SIXTH AVENUE WEST,1,1,0,0,1,4,0,,55,0,0,0,0,0,1,3,3
,2017_12948,39.723662,-105.011457,7/5/2017 6:45,6:45,12,0,1,I25 & SIXTH AVENUE WEST,1,1,1,0,1,4,0,,65,0,0,0,0,2,1,2,7
,2017_12949,39.723662,-105.011457,9/21/2017 17:05,17:05,12,0,1,I25 NORTHBOUND & SIXTH AVENUE WEST,1,1,0,0,1,4,0,,60,0,0,0,0,2,1,2,2
,2017_12950,39.723662,-105.011457,10/4/2017 11:18,11:18,12,0,0,I25 & SIXTH AVENUE FWY WEST,1,1,0,0,1,4,0,,65,0,0,0,0,0,1,5,3
,2017_12951,39.723662,-105.011457,10/12/2017 10:06,10:06,12,0,0,I25 & SIXTH AVENUE WEST,1,1,1,0,1,4,0,,55,0,0,0,0,0,1,2,13
,2017_12952,39.723662,-105.011457,11/10/2017 9:33,9:33,12,0,0,I25 NORTHBOUND RAMP OFF  & SIXTH AVENUE WEST INTCH,1,1,1,0,1,8,0,,55,0,0,0,0,0,1,2,7
,2017_12953,39.723881,-105.011684,3/11/2017 19:25,19:25,12,0,0,I25 NORTHBOUND & SIXTH AVENUE WEST,1,2,0,0,1,4,0,,60,0,0,0,0,0,1,2,13
,2017_12954,39.723881,-105.011684,3/14/2017 14:27,14:27,15,0,0,I25 SOUTHBOUND & SIXTH AVENUE,1,1,0,0,1,4,0,,65,0,0,0,0,1,1,4,13
,2017_12955,39.723881,-105.011684,4/7/2017 16:37,16:37,12,0,0,I25 & SIXTH AVENUE WEST,1,1,0,0,1,4,0,,65,0,0,0,0,1,1,4,13
,2017_12956,39.723881,-105.011684,4/13/2017 11:53,11:53,12,0,0,I25 NORTHBOUND & SIXTH AVENUE WEST,1,1,1,0,1,4,0,,65,0,0,0,0,0,1,2,13
,2017_12957,39.723881,-105.011684,4/16/2017 16:33,16:33,12,0,0,I25 SOUTHBOUND & SIXTH AVENUE WEST,1,1,0,0,1,4,0,,55,0,0,0,0,0,1,3,1
,2017_12958,39.723881,-105.011684,7/31/2017 11:39,11:39,12,0,0,I25 NORTHBOUND & SIXTH AVENUE WEST,1,1,0,0,1,4,0,,55,0,0,0,0,0,1,2,14
,2017_12959,39.723881,-105.011684,10/11/2017 12:52,12:52,12,0,0,I25 & SIXTH AVENUE WEST INTCH,1,1,0,0,1,4,0,,60,0,0,0,0,0,1,2,3
,2017_12960,39.723881,-105.011684,10/27/2017 12:19,12:19,12,0,0,I25 & SIXTH AVENUE WEST,1,1,0,0,1,4,0,,55,0,0,0,0,0,1,3,3
,2017_12961,39.723881,-105.011684,11/3/2017 21:50,21:50,15,0,0,I25 & SIXTH AVENUE WEST,1,3,1,1,1,4,0,,55,0,0,0,0,0,1,2,13
,2017_12962,39.724076,-105.011886,3/25/2017 16:00,16:00,5,0,0,I25 NORTHBOUND & SIXTH AVENUE WEST,1,1,0,0,3,4,0,,55,0,0,0,0,0,1,2,15
,2017_12963,39.724076,-105.011886,9/2/2017 11:41,11:41,12,0,0,I25 NORTHBOUND & SIXTH AVENUE,1,1,0,0,1,4,0,,55,0,0,0,0,0,1,2,13
,2017_12964,39.724076,-105.011886,10/20/2017 19:30,19:30,12,0,0,I25 & SIXTH AVENUE WEST,1,3,0,0,1,4,0,,55,0,0,0,0,0,1,4,7
,2017_12965,39.724477,-105.012282,2/27/2017 6:55,6:55,12,0,0,I25 & FIFTH AVENUE WEST,1,1,1,0,1,4,0,,55,0,0,0,0,0,1,3,13
,2017_12966,39.724477,-105.012282,3/7/2017 8:05,8:05,12,0,0,I25 SOUTHBOUND & SIXTH AVENUE WEST,1,1,0,0,1,4,0,,55,0,0,0,0,0,1,2,8
,2017_12967,39.724477,-105.012282,3/24/2017 16:18,16:18,12,0,0,I25 NORTHBOUND & SIXTH AVENUE WEST,1,1,0,0,1,4,0,,55,0,0,0,0,0,1,2,13
,2017_12968,39.724477,-105.012282,5/27/2017 15:00,15:00,12,0,0,I25 & SIXTH AVENUE EXIT,2,1,0,2,1,4,0,,65,0,0,0,0,0,1,2,13
,2017_12969,39.724477,-105.012282,10/4/2017 13:25,13:25,12,0,0,I25 NORTHBOUND & SIXTH AVENUE,1,1,0,0,1,4,0,,55,0,0,0,0,1,1,4,1
,2017_12970,39.724477,-105.012282,10/19/2017 20:45,20:45,12,0,0,I25 & SIXTH AVENUE WEST,1,3,0,0,1,4,0,,60,0,0,0,0,0,1,2,13
,2017_12971,39.724477,-105.012282,11/27/2017 18:28,18:28,12,0,0,I25 & SIXTH AVENUE WEST,1,3,0,0,1,4,0,,65,0,0,0,0,0,1,3,13
,2017_12972,39.724477,-105.012282,3/20/2017 20:50,20:50,12,0,0,I25 NORTHBOUND OFF RAMP & SIXTH AVENUE WEST,1,3,0,0,1,8,0,,45,0,0,0,0,0,1,2,7
,2017_12973,39.724477,-105.012282,7/13/2017 15:33,15:33,12,0,0,I25 SOUTHBOUND RAMP ON & I25 NORTHBOUND / SOUTHBOUND RAMP SPLIT FROM SIXTH AVENUE WEST,1,1,1,0,1,8,0,,65,0,0,0,0,0,1,2,13
,2017_12974,39.724708,-105.012484,5/21/2017 14:40,14:40,12,0,0,I25 & SIXTH AVENUE WEST,1,1,0,0,1,4,0,,65,0,0,0,0,0,1,3,13
,2017_12975,39.724708,-105.012484,3/19/2017 4:57,4:57,5,0,0,I25 SOUTHBOUND ON RAMP & NORTHBOUND / SOUTHBOUND RAMP SPLIT,1,3,1,0,2,8,0,,40,0,0,0,0,0,1,1,13
,2017_12976,39.724708,-105.012484,11/30/2017 8:32,8:32,12,0,0,SIXTH AVENUE EASTBOUND RAMP OFF & I25 NORTHBOUND / SOUTHBOUND RAMP SPLIT,1,1,1,0,1,8,0,,45,0,0,0,0,1,1,2,14
,2017_12977,39.724815,-105.012562,1/7/2017 12:45,12:45,12,0,0,I25 NORTHBOUND & SIXTH AVENUE WEST INTERCHANGE,6,1,0,0,1,4,0,,55,0,0,0,0,0,1,2,7
,2017_12978,39.724815,-105.012562,3/22/2017 16:09,16:09,12,0,0,I25 NORTHBOUND & SIXTH AVENUE,1,1,0,0,1,4,0,,55,0,0,0,0,0,1,2,1
,2017_12979,39.724815,-105.012562,6/22/2017 18:16,18:16,12,0,0,I25 SOUTHBOUND & SIXTH AVENUE,1,1,0,0,1,4,0,,55,0,0,0,0,0,1,3,13
,2017_12980,39.724815,-105.012562,6/24/2017 17:00,17:00,12,0,0,I25 NORTHBOUND & FIFTH AVENUE WEST OFFSET NOT IN CORIS,1,1,1,0,1,4,0,,55,0,0,0,0,0,1,2,7
,2017_12981,39.724815,-105.012562,7/19/2017 8:50,8:50,12,0,0,I25 NORTHBOUND & SIXTH AVENUE WEST,1,1,0,0,1,4,0,,55,0,0,0,0,1,1,2,13
,2017_12982,39.724815,-105.012562,9/7/2017 13:49,13:49,12,0,0,I25 NORTHBOUND & SIXTH AVENUE,1,1,0,0,1,4,0,,55,0,0,0,0,0,1,3,1
,2017_12983,39.724815,-105.012562,9/13/2017 21:59,21:59,12,0,0,I25 & SIXTH AVENUE WEST,1,3,0,0,1,4,0,,65,0,0,0,0,0,1,2,14
,2017_12984,39.724815,-105.012562,11/3/2017 18:58,18:58,12,0,0,I25 & SIXTH AVENUE WEST,1,1,0,0,1,4,0,,55,0,0,0,0,0,1,2,13
,2017_12985,39.724815,-105.012562,3/10/2017 2:00,2:00,5,0,0,I25 NORTHBOUND RAMP OFF  & SIXTH AVENUE EASTBOUND / WB SPLIT,1,3,0,0,2,8,0,,55,0,0,0,0,0,1,1,5
,2017_12986,39.724815,-105.012562,1/1/2017 18:34,18:34,12,0,0,I25 SOUTHBOUND RAMP ON  & NORTHBOUND / SOUTHBOUND RAMP SPLIT  EASTBOUND,1,3,1,0,1,8,0,,65,0,0,0,0,0,1,3,13
,2017_12987,39.724815,-105.012562,1/7/2017 7:42,7:42,5,0,0,SIXTH AVENUE EASTBOUND RAMP OFF & NB/SB RAMP SPLIT TO I25,10,1,1,0,3,8,0,,35,0,0,0,0,0,1,2,13
,2017_12988,39.724815,-105.012562,1/23/2017 22:10,22:10,5,0,0,SIXTH AVENUE EASTBOUND RAMP OFF & NB/SB RAMP SPLIT TO I25,1,3,1,0,2,8,0,,65,0,0,0,0,0,1,1,8
,2017_12989,39.724815,-105.012562,2/22/2017 19:48,19:48,9,0,0,I25 SOUTHBOUND LOOP RAMP OFF & SIXTH AVENUE EASTBOUND,1,3,1,0,2,8,1,,55,0,0,0,1,0,1,1,7
,2017_12990,39.724815,-105.012562,3/10/2017 10:49,10:49,12,0,0,I25 SOUTHBOUND RAMP ON & SIXTH AVENUE RAMP SPLIT NORTHBOUND / SOUTHBOUND I25 APPROXIMATELY,1,1,1,0,1,8,0,,55,0,0,0,0,0,1,3,13
,2017_12991,39.724815,-105.012562,4/3/2017 10:51,10:51,12,0,0,SIXTH AVENUE EASTBOUND & I25 SOUTHBOUND,1,1,0,0,1,8,0,,65,0,0,0,0,0,1,2,3
,2017_12992,39.724815,-105.012562,4/27/2017 3:51,3:51,5,0,0,I25 EASTBOUND OFF SPLIT RAMP FROM & SIXTH AVENUE WEST,1,3,1,0,3,8,0,,55,0,0,0,0,0,1,1,13
,2017_12993,39.724815,-105.012562,5/2/2017 5:47,5:47,10,0,0,SIXTH AVENUE EASTBOUND RAMP OFF & I25 NORTHBOUND / SOUTHBOUND RAMP SPLIT,1,2,0,0,1,8,0,,55,0,0,0,0,0,1,2,3
,2017_12994,39.724815,-105.012562,5/22/2017 18:47,18:47,15,0,0,SIXTH AVENUE WEST EASTBOUND RAMP OFF & I25 NORTHBOUND / SOUTHBOUND RAMP SPLIT APPROXIMATELY,2,1,0,1,1,8,0,,55,0,0,0,0,0,1,2,13
,2017_12995,39.741512,-105.015219,8/17/2017 2:45,2:45,5,0,0,WALNUT STREET UNDER AURARIA SOUTHBOUND & I25 APPROXIMATELY,1,3,0,0,3,4,0,,,0,0,0,0,0,1,1,13
,2017_12996,39.724815,-105.012562,6/29/2017 21:55,21:55,15,0,0,SIXTH AVENUE EASTBOUND RAMP OFF & I25 NORTHBOUND / SOUTHBOUND RAMP SPLIT,1,4,1,0,1,8,0,,55,0,0,0,0,0,1,2,13
,2017_12997,39.724815,-105.012562,8/22/2017 11:43,11:43,12,0,0,SIXTH AVENUE EASTBOUND RAMP OFF & I25 SOUTHBOUND /NB RAMP SPLIT,1,1,1,0,1,8,0,,55,0,0,0,0,0,1,2,13
,2017_12998,39.724815,-105.012562,10/4/2017 11:46,11:46,15,0,0,SIXTH AVENUE EASTBOUND RAMP OFF & I25 NORTHBOUND / SOUTHBOUND RAMP SPLIT,1,1,1,0,1,8,0,,45,0,0,0,0,0,1,2,13
,2017_12999,39.724815,-105.012562,10/5/2017 8:00,8:00,15,0,0,SIXTH AVENUE EASTBOUND RAMP OFF & I25 NORTHBOUND / SOUTHBOUND RAMP SPLIT APPROXIMATELY,1,1,0,0,1,8,0,,45,0,0,0,0,0,1,2,13
,2017_13000,39.724815,-105.012562,12/6/2017 17:37,17:37,12,0,0,SIXTH AVENUE EASTBOUND RAMP OFF & I25 NORTHBOUND / SOUTHBOUND RAMP SPLIT,1,1,1,0,1,8,0,,,0,0,0,0,0,1,2,13
,2017_13001,39.724815,-105.012562,12/8/2017 9:13,9:13,15,0,0,SIXTH AVENUE EASTBOUND RAMP OFF & I25 NORTHBOUND / SOUTHBOUND RAMP SPLIT APPROXIMATELY,1,1,0,0,1,8,1,,55,0,0,0,0,0,1,2,3
,2017_13002,39.724815,-105.012562,4/1/2017 2:05,2:05,5,0,0,I25 SOUTHBOUND LOOP RAMP OFF & SIXTH AVENUE WEST EASTBOUND,2,3,0,2,2,8,0,,60,0,0,0,0,0,1,1,3
,2017_13003,39.724815,-105.012562,6/23/2017 5:58,5:58,5,0,0,I25 SOUTHBOUND LOOP RAMP OFF & SIXTH AVENUE WEST EASTBOUND,2,2,0,1,2,8,0,,55,0,0,0,0,0,1,1,13
,2017_13004,39.724815,-105.012562,11/19/2017 2:55,2:55,5,0,0,I25 SOUTHBOUND LOOP RAMP OFF & SIXTH AVENUE WEST EASTBOUND,1,3,1,0,2,8,0,,,0,0,0,0,1,1,1,5
,2017_13005,39.724815,-105.012562,2/2/2017 22:00,22:00,15,0,0,SIXTH AVENUE EASTBOUND RAMP OFF & NB/SB RAMP SPLIT TO I25,2,3,1,0,1,8,0,,55,0,0,0,0,0,1,2,13
,2017_13006,39.724815,-105.012562,4/14/2017 15:30,15:30,9,0,0,SIXTH AVENUE EASTBOUND RAMP OFF & I25 NORTHBOUND / SOUTHBOUND RAMP SPLIT,1,1,1,0,1,8,0,,25,0,0,0,1,1,1,1,1
,2017_13007,39.724815,-105.012562,10/30/2017 13:51,13:51,15,0,0,SIXTH AVENUE WEST EASTBOUND RAMP OFF & I25 SOUTHBOUND / NORTHBOUND RAMP SPLIT GORE,1,1,1,0,1,8,0,,55,0,0,0,0,0,1,2,1
,2017_13009,39.724932,-105.012646,6/2/2017 8:58,8:58,12,0,0,I25 NORTHBOUND & SIXTH AVENUE 'I' RAMP FLYOVER,1,1,0,0,1,4,0,,65,0,0,0,0,0,1,3,3
,2017_13010,39.724932,-105.012646,1/20/2017 6:35,6:35,12,0,0,SIXTH AVENUE EASTBOUND RAMP & NB/SB RAMP SPLIT TO I25,1,2,0,0,1,8,0,,30,0,0,0,0,0,1,2,13
,2017_13011,39.724932,-105.012646,8/17/2017 14:28,14:28,9,0,1,I25 RAMP ON & NORTHBOUND / SOUTHBOUND RAMP SPLIT  EASTBOUND,1,1,1,0,1,8,0,,65,0,0,0,1,2,1,1,7
,2017_13012,39.725048,-105.01273,2/25/2017 18:35,18:35,12,0,0,I25 NORTHBOUND & SIXTH AVENUE WEST,1,3,0,0,1,4,0,,65,0,0,0,0,0,1,2,13
,2017_13013,39.725048,-105.01273,4/15/2017 9:50,9:50,12,0,0,I25 & SIXTH AVENUE WEST,1,1,1,0,1,4,0,,65,0,0,0,0,0,1,4,1
,2017_13014,39.725048,-105.01273,8/23/2017 23:30,23:30,5,0,0,I25 NORTHBOUND SPLIT RAMP FROM & SIXTH AVENUE EASTBOUND,1,3,1,0,3,8,0,,55,0,0,0,0,0,1,1,14
,2017_13015,39.725165,-105.012815,4/24/2017 12:24,12:24,15,0,0,I25 & SIXTH AVENUE WEST,1,1,0,0,1,4,0,,65,0,0,0,0,0,1,2,3
,2017_13016,39.725165,-105.012815,7/14/2017 14:51,14:51,15,0,0,I25  & SIXTH AVENUE WEST,1,1,0,0,1,4,0,,55,0,0,0,0,0,1,2,3
,2017_13017,39.725165,-105.012815,9/22/2017 11:05,11:05,12,0,0,I25 & SIXTH AVENUE WEST,1,1,0,0,1,4,0,,50,0,0,0,0,0,1,2,13
,2017_13019,39.725165,-105.012815,12/9/2017 20:00,20:00,12,0,0,I25 & SIXTH AVENUE WEST,1,1,0,0,1,4,0,,55,0,0,0,0,0,1,2,13
,2017_13020,39.725165,-105.012815,1/18/2017 6:55,6:55,12,0,0,I25 NORTHBOUND OFF RAMP & SIXTH AVENUE WEST,1,2,1,0,1,8,0,,30,0,0,0,0,0,1,2,3
,2017_13021,39.725165,-105.012815,8/7/2017 11:45,11:45,12,0,0,I25 NORTHBOUND RAMP OFF & SIXTH AVENUE WEST APPROXIMATELY,1,1,1,0,1,8,0,,40,0,0,0,0,0,1,2,7
,2017_13022,39.725165,-105.012815,12/22/2017 11:30,11:30,12,0,0,I25 NORTHBOUND OFF RAMP & SIXTH AVENUE WEST,1,1,1,0,1,8,0,,65,0,0,0,0,0,1,2,13
,2017_13023,39.725165,-105.012815,2/23/2017 17:00,17:00,15,0,0,I25 SOUTHBOUND ON RAMP & SIXTH AVENUE WEST,2,1,0,0,1,8,0,,25,0,0,0,0,0,1,2,8
,2017_13024,39.725165,-105.012815,2/25/2017 13:41,13:41,15,0,0,I25 SOUTHBOUND RAMP ON & SIXTH AVENUE EASTBOUND GORE POINT,1,1,1,0,1,8,0,,65,0,0,0,0,0,1,2,1
,2017_13025,39.725165,-105.012815,3/10/2017 10:49,10:49,12,0,0,I25 SOUTHBOUND ON RAMP & SIXTH AVENUE WEST,1,1,1,0,1,8,0,,55,0,0,0,0,0,1,3,13
,2017_13026,39.725165,-105.012815,3/10/2017 18:15,18:15,12,0,0,I25 SOUTHBOUND & SIXTH AVENUE WEST,1,3,0,0,1,8,0,,45,0,0,0,0,0,1,2,13
,2017_13029,39.725165,-105.012815,8/1/2017 16:45,16:45,12,0,0,I25 SOUTHBOUND RAMP ON & SIXTH AVENUE WEST,1,1,1,0,1,8,0,,55,0,0,0,0,0,1,2,12
,2017_13030,39.725165,-105.012815,10/25/2017 15:07,15:07,15,0,0,I25 SOUTHBOUND RAMP ON & SIXTH AVENUE WEST EASTBOUND RAMP OFF GORE,1,1,0,0,1,8,1,,65,0,0,0,0,1,1,2,1
,2017_13032,39.725165,-105.012815,11/9/2017 17:30,17:30,12,0,0,I25 SOUTHBOUND RAMP ON APPROXIMATELY & SIXTH AVENUE WEST EASTBOUND EXIT,1,3,1,0,1,8,0,,65,0,0,0,0,0,1,2,13
,2017_13033,39.725165,-105.012815,1/23/2017 7:42,7:42,15,0,0,I25 NORTHBOUND RAMP ON  & SIXTH AVENUE WEST EB/WB RAMP SPLIT,1,1,1,0,1,8,0,,55,0,0,0,0,0,1,2,14
,2017_13034,39.725165,-105.012815,10/21/2017 13:11,13:11,12,0,0,SIXTH AVENUE WB OFF RAMP & I25 SOUTHBOUND APPROXIMATELY,1,1,0,0,1,8,0,,55,0,0,0,0,0,1,2,1
,2017_13035,39.725281,-105.012899,1/17/2017 12:45,12:45,15,0,0,I25 NORTHBOUND & SIXTH AVENUE WEST INTERCHANGE,1,1,1,0,1,4,0,,55,0,0,0,0,0,1,2,3
,2017_13036,39.725281,-105.012899,1/18/2017 14:20,14:20,15,0,0,I25 SOUTHBOUND & SIXTH AVENUE WEST,1,1,0,0,1,4,0,,65,0,0,0,0,0,1,2,13
,2017_13037,39.725281,-105.012899,1/20/2017 17:45,17:45,15,0,0,I25 NORTHBOUND & SIXTH AVENUE WEST,1,5,0,0,1,4,0,,55,0,0,0,0,0,1,2,13
,2017_13038,39.729112,-105.014741,2/10/2017 6:15,6:15,5,0,0,I25 NORTHBOUND OFF RAMP & EIGHTH AVENUE WEST INTCH,1,1,0,0,1,8,0,,45,0,0,0,1,1,1,1,14
,2017_13039,39.725281,-105.012899,1/26/2017 15:13,15:13,12,0,0,I25 NORTHBOUND & SIXTH AVENUE INTERCHANGE,1,1,0,0,1,4,0,,65,0,0,0,0,0,1,2,13
,2017_13040,39.725281,-105.012899,2/2/2017 18:25,18:25,12,0,0,I25 NORTHBOUND & SIXTH AVENUE WEST,2,3,1,0,1,4,0,,65,0,0,0,0,0,1,2,13
,2017_13041,39.725281,-105.012899,2/11/2017 11:44,11:44,15,0,0,I25 SOUTHBOUND & SIXTH AVENUE WEST,1,1,0,0,1,4,0,,55,0,0,0,0,0,1,2,13
,2017_13042,39.725281,-105.012899,2/11/2017 15:52,15:52,12,0,0,I25 NORTHBOUND & SIXTH AVENUE WEST INTERCHANGE,1,1,1,0,1,4,0,,,0,0,0,0,0,1,3,13
,2017_13043,39.725281,-105.012899,2/14/2017 16:30,16:30,12,0,0,I25 NORTHBOUND & SIXTH AVENUE WEST,1,1,1,0,1,4,0,,55,0,0,0,0,0,1,2,13
,2017_13044,39.725281,-105.012899,3/1/2017 14:25,14:25,12,0,0,I25 & SIXTH AVENUE,1,1,0,0,1,4,0,,55,0,0,0,0,0,1,3,13
,2017_13045,39.725281,-105.012899,3/2/2017 16:12,16:12,12,0,0,I25 & SIXTH AVENUE,1,1,0,0,1,4,0,,55,0,0,0,0,0,1,3,13
,2017_13046,39.725281,-105.012899,3/4/2017 18:30,18:30,12,0,1,I25 & SIXTH AVENUE FWY WEST,1,3,0,0,1,4,0,,55,0,0,0,0,2,1,3,13
,2017_13047,39.725281,-105.012899,3/8/2017 18:23,18:23,12,0,0,I25 NORTHBOUND & SIXTH AVENUE,1,3,0,0,1,4,0,,55,0,0,0,0,0,1,3,14
,2017_13048,39.725281,-105.012899,3/12/2017 3:12,3:12,12,0,0,I25 NORTHBOUND & SIXTH AVENUE WEST,1,1,0,0,1,4,0,,55,0,0,0,0,0,1,3,13
,2017_13049,39.725281,-105.012899,3/16/2017 10:20,10:20,15,0,0,I25 & SIXTH AVENUE,1,1,1,0,1,4,0,,55,0,0,0,0,0,1,2,13
,2017_13050,39.725281,-105.012899,3/21/2017 16:10,16:10,12,0,0,I25 NORTHBOUND & SIXTH AVENUE,1,1,1,0,1,4,0,,55,0,0,0,0,0,1,3,13
,2017_13051,39.725281,-105.012899,3/23/2017 6:44,6:44,12,0,0,I25 & SIXTH AVENUE WEST,1,1,0,0,1,4,0,,55,0,0,0,0,0,1,2,14
,2017_13052,39.725281,-105.012899,3/25/2017 11:37,11:37,12,0,0,I25 NORTHBOUND & SIXTH AVENUE WEST,1,1,1,0,1,4,0,,25,0,0,0,0,1,1,4,13
,2017_13053,39.725281,-105.012899,3/25/2017 15:08,15:08,12,0,0,I25 NORTHBOUND & SIXTH AVENUE,1,1,0,0,1,4,0,,65,0,0,0,0,0,1,2,13
,2017_13054,39.725281,-105.012899,3/27/2017 13:35,13:35,12,0,0,I25 NORTHBOUND & SIXTH AVENUE WEST,1,1,0,0,1,4,0,,55,0,0,0,0,0,1,3,13
,2017_13055,39.725281,-105.012899,3/28/2017 14:43,14:43,15,0,0,I25 NORTHBOUND & SIXTH AVENUE WEST,2,1,0,1,1,4,0,,55,0,0,0,0,0,1,2,13
,2017_13056,39.725281,-105.012899,3/29/2017 14:17,14:17,12,0,0,I25 & SIXTH AVENUE WEST,1,1,0,0,1,4,0,,55,0,0,0,0,0,1,2,1