id,drcog_id,latitude,longitude,crashtime,time,crashtype,numbkilled,numbinjurd,drcoglocat,rdconditin,lightngcon,roadcntgrd,weatherco,location,roaddescrp,constrzone,schoolzone,splimit,bikeinv,pedinv,sctrinv,motoinv,svrty,rdsystem,ttlvehcls,hcf
,2017_13057,39.725281,-105.012899,4/28/2017 17:13,17:13,15,0,0,I25 & SIXTH AVENUE,1,1,0,0,1,4,0,,65,0,0,0,0,0,1,2,13
,2017_13058,39.725281,-105.012899,5/11/2017 12:21,12:21,12,0,0,I25 & SIXTH AVENUE WEST,1,1,1,0,1,4,0,,55,0,0,0,0,0,1,3,13
,2017_13059,39.725281,-105.012899,5/25/2017 20:40,20:40,12,0,0,I25 & SIXTH AVENUE WEST APPROXIMATELY,2,3,0,1,1,4,0,,55,0,0,0,0,0,1,2,13
,2017_13060,39.725281,-105.012899,5/30/2017 10:39,10:39,15,0,0,I25 & SIXTH AVENUE WEST,1,1,1,0,1,4,0,,55,0,0,0,0,0,1,3,13
,2017_13061,39.725281,-105.012899,6/14/2017 18:30,18:30,12,0,0,I25 & SIXTH AVENUE WEST,1,1,0,0,1,4,0,,55,0,0,0,0,0,1,2,14
,2017_13062,39.725281,-105.012899,7/8/2017 10:01,10:01,12,0,0,I25 & SIXTH AVENUE WEST INTCH,1,1,0,0,1,4,0,,65,0,0,0,0,0,1,2,13
,2017_13063,39.725281,-105.012899,7/15/2017 12:55,12:55,12,0,0,I25 NORTHBOUND & SIXTH AVENUE WEST,1,1,0,0,1,4,0,,55,0,0,0,0,0,1,3,3
,2017_13064,39.725281,-105.012899,7/17/2017 16:52,16:52,12,0,0,I25 NORTHBOUND & SIXTH AVENUE WEST,1,1,1,0,1,4,0,,55,0,0,0,0,0,1,2,13
,2017_13065,39.725281,-105.012899,7/19/2017 17:28,17:28,12,0,0,I25 NORTHBOUND & SIXTH AVENUE WEST,1,1,0,0,1,4,0,,55,0,0,0,0,0,1,2,3
,2017_13066,39.725281,-105.012899,7/20/2017 12:05,12:05,5,0,0,I25 NORTHBOUND & SIXTH AVENUE WEST,1,1,1,0,1,4,0,,55,0,0,0,0,0,1,3,13
,2017_13067,39.725281,-105.012899,7/21/2017 3:20,3:20,5,0,0,I25 NORTHBOUND & SIXTH AVENUE WEST,1,3,0,0,1,4,0,,55,0,0,0,0,0,1,2,13
,2017_13068,39.725281,-105.012899,7/22/2017 21:45,21:45,12,0,0,I25 SOUTHBOUND & SIXTH AVENUE WEST,1,3,0,0,1,4,0,,55,0,0,0,0,0,1,2,13
,2017_13069,39.725281,-105.012899,7/23/2017 13:30,13:30,12,0,0,I25 & SIXTH AVENUE WEST,1,1,0,0,1,4,0,,65,0,0,0,0,0,1,2,13
,2017_13070,39.725281,-105.012899,7/26/2017 8:35,8:35,12,0,0,I25 NORTHBOUND & SIXTH AVENUE,1,1,0,0,1,4,0,,55,0,0,0,0,0,1,2,13
,2017_13071,39.725281,-105.012899,8/14/2017 14:13,14:13,12,0,0,I25 NORTHBOUND & SIXTH AVENUE WEST,1,1,0,0,1,4,0,,65,0,0,0,0,0,1,2,7
,2017_13072,39.725281,-105.012899,8/18/2017 23:50,23:50,5,0,0,I25 NORTHBOUND & SIXTH AVENUE EAST,1,4,0,0,1,4,0,,65,0,0,0,0,0,1,3,14
,2017_13073,39.725281,-105.012899,8/19/2017 14:46,14:46,12,0,0,I25 & SIXTH AVENUE,1,1,0,0,1,4,0,,,0,0,0,0,0,1,3,13
,2017_13074,39.725281,-105.012899,8/23/2017 16:27,16:27,12,0,0,I25 & SIXTH AVENUE,1,1,0,0,1,4,0,,55,0,0,0,0,0,1,3,13
,2017_13075,39.725281,-105.012899,8/26/2017 9:45,9:45,12,0,0,I25 & SIXTH AVENUE WEST,1,1,0,0,1,4,0,,55,0,0,0,0,0,1,3,7
,2017_13076,39.725281,-105.012899,8/31/2017 16:19,16:19,12,0,0,I25 & SIXTH AVENUE WEST,1,1,0,0,1,4,0,,65,0,0,0,0,0,1,2,3
,2017_13077,39.725281,-105.012899,9/2/2017 11:56,11:56,12,0,0,I25 & SIXTH AVENUE WEST,1,1,0,0,1,4,0,,55,0,0,0,0,0,1,2,3
,2017_13078,39.725281,-105.012899,9/19/2017 14:37,14:37,12,0,0,I25 SOUTHBOUND & SIXTH AVENUE WEST,1,1,0,0,1,4,0,,55,0,0,0,0,0,1,2,1
,2017_13079,39.725281,-105.012899,9/22/2017 14:00,14:00,12,0,0,I25 & SIXTH AVENUE WEST,1,1,0,0,1,4,0,,55,0,0,0,0,0,1,2,1
,2017_13081,39.725281,-105.012899,9/22/2017 15:09,15:09,12,0,0,I25 & SIXTH AVENUE WEST,1,1,0,0,1,4,0,,55,0,0,0,0,0,1,3,1
,2017_13082,39.725281,-105.012899,9/28/2017 8:24,8:24,12,0,0,I25 NORTHBOUND & SIXTH AVENUE WEST,1,1,0,0,1,4,0,,55,0,0,0,0,0,1,2,13
,2017_13083,39.725281,-105.012899,10/3/2017 17:22,17:22,15,0,0,I25 SOUTHBOUND & SIXTH AVENUE WEST,1,1,0,0,1,4,0,,55,0,0,0,0,0,1,2,13
,2017_13084,39.725281,-105.012899,10/20/2017 7:00,7:00,12,0,1,I25 & SIXTH AVENUE,1,1,0,0,1,4,0,,55,0,0,0,0,2,1,2,13
,2017_13085,39.725281,-105.012899,10/24/2017 6:24,6:24,12,0,0,I25 & SIXTH AVENUE WEST APPROXIMATELY,1,3,0,0,1,4,0,,55,0,0,0,0,0,1,3,1
,2017_13086,39.725281,-105.012899,10/24/2017 17:50,17:50,12,0,0,I25 & SIXTH AVENUE WEST,1,1,1,0,1,4,0,,55,0,0,0,0,0,1,2,13
,2017_13087,39.725281,-105.012899,10/30/2017 9:37,9:37,12,0,0,I25 & SIXTH AVENUE WEST,2,1,0,0,1,4,0,,65,0,0,0,0,0,1,2,13
,2017_13088,39.725281,-105.012899,11/8/2017 9:13,9:13,9,0,0,I25 & SIXTH AVENUE WEST,2,1,1,0,3,4,0,,45,0,0,0,0,0,1,1,8
,2017_13089,39.725281,-105.012899,11/8/2017 19:08,19:08,15,0,0,I25 & SIXTH AVENUE WEST,1,3,0,0,1,4,0,,55,0,0,0,0,1,1,2,1
,2017_13090,39.725281,-105.012899,11/9/2017 6:44,6:44,12,0,0,I25 & SIXTH AVENUE WEST,1,1,0,0,1,4,0,,55,0,0,0,0,0,1,4,13
,2017_13091,39.725281,-105.012899,11/9/2017 9:13,9:13,12,0,0,I25 & SIXTH AVENUE WEST APPROXIMATELY,1,1,0,0,1,4,0,,55,0,0,0,0,0,1,2,3
,2017_13092,39.725281,-105.012899,11/10/2017 8:44,8:44,12,0,0,I25 & SIXTH AVENUE WEST,1,1,0,0,1,4,0,,55,0,0,0,0,0,1,2,13
,2017_13093,39.725281,-105.012899,11/10/2017 8:45,8:45,12,0,0,I25 & SIXTH AVENUE WEST,1,1,0,0,1,4,0,,55,0,0,0,0,0,1,2,13
,2017_13094,39.725281,-105.012899,11/11/2017 21:22,21:22,15,0,0,I25 & SIXTH AVENUE WEST INTCH,1,3,0,0,1,4,0,,55,0,0,0,0,1,1,2,12
,2017_13095,39.725281,-105.012899,11/28/2017 12:27,12:27,15,0,0,I25 & SIXTH AVENUE WEST,1,1,0,0,1,4,0,,55,0,0,0,0,1,1,2,1
,2017_13096,39.725281,-105.012899,11/29/2017 17:09,17:09,12,0,0,I25 & SIXTH AVENUE,1,2,0,0,1,4,0,,55,0,0,0,0,0,1,3,13
,2017_13097,39.725281,-105.012899,12/5/2017 5:38,5:38,12,0,0,I25 & SIXTH AVENUE WEST,1,1,0,0,1,4,0,,55,0,0,0,0,0,1,2,13
,2017_13098,39.725281,-105.012899,12/5/2017 7:02,7:02,15,0,0,I25 & SIXTH AVENUE WEST,1,1,0,0,1,4,0,,55,0,0,0,0,0,1,2,13
,2017_13099,39.725281,-105.012899,12/5/2017 9:23,9:23,15,0,1,I25 & SIXTH AVENUE WEST,1,1,3,0,1,4,0,,55,0,0,0,0,2,1,3,1
,2017_13100,39.725281,-105.012899,12/7/2017 17:49,17:49,12,0,0,I25 & SIXTH AVENUE WEST,1,2,0,0,1,4,0,,55,0,0,0,0,0,1,2,3
,2017_13101,39.725281,-105.012899,12/8/2017 9:55,9:55,12,0,0,I25 & SIXTH AVENUE WEST,1,1,0,0,1,4,0,,55,0,0,0,0,1,1,2,1
,2017_13102,39.725281,-105.012899,12/9/2017 10:45,10:45,12,0,0,I25 & SIXTH AVENUE WEST INTCH,1,1,1,0,1,4,0,,55,0,0,0,0,1,1,3,13
,2017_13103,39.725281,-105.012899,12/11/2017 10:08,10:08,5,0,0,I25 & SIXTH AVENUE WEST,1,1,0,0,1,4,0,,55,0,0,0,0,0,1,1,13
,2017_13104,39.725281,-105.012899,12/12/2017 12:23,12:23,15,0,0,I25 & SIXTH AVENUE WEST,1,1,0,0,1,4,0,,55,0,0,0,0,0,1,3,13
,2017_13105,39.725281,-105.012899,12/12/2017 14:08,14:08,12,0,0,I25 & SIXTH AVENUE WEST,1,1,0,0,1,4,0,,55,0,0,0,0,0,1,2,13
,2017_13106,39.725281,-105.012899,12/13/2017 6:51,6:51,15,0,0,I25 & SIXTH AVENUE WEST,1,1,0,0,1,4,0,,55,0,0,0,0,0,1,2,14
,2017_13107,39.725281,-105.012899,12/15/2017 12:15,12:15,12,0,0,I25 & SIXTH AVENUE WEST,1,1,0,0,1,4,0,,55,0,0,0,0,0,1,2,13
,2017_13108,39.725281,-105.012899,12/17/2017 7:12,7:12,5,0,0,I25 & SIXTH AVENUE WEST,1,1,0,0,2,4,0,,50,0,0,0,0,0,1,1,14
,2017_13109,39.725281,-105.012899,12/20/2017 10:02,10:02,12,0,0,I25 & SIXTH AVENUE WEST,1,1,0,0,1,4,0,,65,0,0,0,0,0,1,2,13
,2017_13110,39.725281,-105.012899,12/22/2017 9:50,9:50,12,0,0,I25 & SIXTH AVENUE WEST,1,1,0,0,1,4,0,,55,0,0,0,0,0,1,3,12
,2017_13111,39.725281,-105.012899,12/22/2017 10:30,10:30,12,0,0,I25 & SIXTH AVENUE WEST,1,1,0,0,1,4,0,,65,0,0,0,0,0,1,2,13
,2017_13112,39.725281,-105.012899,12/22/2017 16:48,16:48,12,0,0,I25 & SIXTH AVENUE WEST,1,2,0,0,1,4,0,,55,0,0,0,0,0,1,3,3
,2017_13113,39.760663,-105.004795,7/24/2017 21:15,21:15,12,0,0,I25 NORTHBOUND & 20TH STREET,1,3,1,0,1,4,0,,60,0,0,0,0,1,1,2,7
,2017_13114,39.725398,-105.012983,1/17/2017 18:13,18:13,15,0,0,I25 SOUTHBOUND RAMP OFF  & SIXTH AVENUE WB 'J' RAMP SPLIT,1,3,0,0,1,8,0,,50,0,0,0,0,0,1,2,1
,2017_13115,39.725398,-105.012983,1/17/2017 22:12,22:12,5,0,0,I25 SOUTHBOUND RAMP OFF  & SIXTH AVENUE WB 'J' RAMP SPLIT,5,3,1,0,3,8,0,,55,0,0,0,0,0,1,1,13
,2017_13116,39.725398,-105.012983,4/8/2017 18:15,18:15,5,0,0,I25 SOUTHBOUND RAMP OFF & SIXTH AVENUE WB 'J' RAMP SPLIT,1,1,1,0,2,8,0,,35,0,0,0,0,1,1,2,5
,2017_13117,39.725398,-105.012983,5/22/2017 10:18,10:18,5,0,0,I25 SOUTHBOUND RAMP OFF & SIXTH AVENUE WEST 'J' COLLECTOR,1,1,0,0,2,8,0,,55,0,0,0,1,1,1,1,14
,2017_13118,39.725398,-105.012983,6/4/2017 17:31,17:31,15,0,0,I25 SOUTHBOUND OFF RAMP & SIXTH AVENUE WEST 'J' COLLECTOR,1,1,0,0,1,8,0,,45,0,0,0,0,0,1,2,3
,2017_13119,39.725398,-105.012983,8/10/2017 0:17,0:17,9,0,0,I25 SOUTHBOUND OFF RAMP & SIXTH AVENUE WEST,1,3,0,0,1,8,0,,50,0,0,0,0,0,1,1,14
,2017_13120,39.72565,-105.015008,10/9/2017 2:07,2:07,5,0,0,I25 SOUTHBOUND RAMP OFF & SIXTH AVENUE WEST INTCH APPROXIMATELY,2,3,1,1,3,8,0,,45,0,0,0,0,0,1,1,7
,2017_13121,39.725398,-105.012983,11/9/2017 5:41,5:41,5,0,0,I25 SOUTHBOUND RAMP OFF & SIXTH AVENUE WB 'J' COLLECTOR APPROXIMATELY,2,2,0,0,2,8,0,,55,0,0,0,0,0,1,2,14
,2017_13122,39.725398,-105.012983,10/4/2017 13:29,13:29,15,0,0,I25 NORTHBOUND RAMP OFF  & SIXTH AVENUE WEST WB COLLECTOR ON APPROXIMATELY,1,1,1,0,1,8,0,,35,0,0,0,0,0,1,2,8
,2017_13123,39.725514,-105.013067,7/8/2017 16:12,16:12,15,0,0,I25 & SIXTH AVENUE WEST,1,1,0,0,1,4,0,,55,0,0,0,0,0,1,2,13
,2017_13124,39.725514,-105.013067,10/28/2017 4:19,4:19,5,0,0,I25 & SIXTH AVENUE WEST,1,3,0,0,3,4,0,,55,0,0,0,0,0,1,1,5
,2017_13125,39.725514,-105.013067,11/8/2017 22:23,22:23,5,0,0,I25 SOUTHBOUND OFF RAMP TO WB & SIXTH AVENUE,7,3,0,0,2,8,0,,55,0,0,0,0,0,1,2,13
,2017_13126,39.725514,-105.013067,6/7/2017 6:38,6:38,12,0,0,I25 NORTHBOUND ON RAMP FROM & SIXTH AVENUE EASTBOUND,1,1,1,0,1,8,0,,55,0,0,0,0,0,1,2,3
,2017_13127,39.725747,-105.013236,1/31/2017 9:30,9:30,15,0,0,I25 NORTHBOUND & EIGHTH AVENUE WEST APPROXIMATELY,1,1,1,0,1,4,0,,55,0,0,0,0,0,1,2,13
,2017_13128,39.725747,-105.013236,3/25/2017 21:00,21:00,15,0,0,I25 SOUTHBOUND & SIXTH AVENUE WEST,1,3,0,0,1,4,0,,55,0,0,0,0,0,1,2,13
,2017_13129,39.725747,-105.013236,11/10/2017 2:27,2:27,5,0,0,I25 SOUTHBOUND RAMP OFF & SIXTH AVENUE WB 'J' COLLECTOR,1,3,0,0,3,8,0,,55,0,0,0,0,1,1,1,13
,2017_13130,39.725863,-105.01332,1/10/2017 6:50,6:50,15,0,0,I25 NORTHBOUND & SIXTH AVENUE WEST WB LOOP RAMP ENTRANCE,1,1,0,0,1,4,0,,55,0,0,0,0,0,1,2,13
,2017_13131,39.740257,-105.013939,3/29/2017 17:00,17:00,12,0,0,I25 NORTHBOUND & COLFAX AVENUE WEST,2,1,0,1,1,4,0,,,0,0,0,0,0,1,2,13
,2017_13132,39.725863,-105.01332,4/28/2017 21:38,21:38,12,0,0,I25 SOUTHBOUND & SIXTH AVENUE WEST INTRCHG,4,3,0,2,1,4,0,,55,0,0,0,0,0,1,2,13
,2017_13133,39.725966,-105.013394,1/25/2017 14:17,14:17,15,0,0,I25 NORTHBOUND & SIXTH AVENUE WEST INTERCHANGE,1,1,0,0,1,4,0,,65,0,0,0,0,0,1,3,13
,2017_13134,39.725966,-105.013394,6/22/2017 18:33,18:33,12,0,0,I25 NORTHBOUND & SIXTH AVENUE WEST,1,1,0,0,1,4,0,,55,0,0,0,0,0,1,2,3
,2017_13135,39.725966,-105.013394,9/24/2017 23:50,23:50,5,0,0,I25 NORTHBOUND OFF RAMP & SIXTH AVENUE WEST WB ON RAMP,2,4,1,1,2,8,0,,45,0,0,0,0,0,1,1,7
,2017_13136,39.726138,-105.013495,7/17/2017 14:22,14:22,15,0,0,EIGHTH AVENUE WEST & I25 SOUTHBOUND,1,1,1,0,1,4,0,,30,0,0,0,0,0,1,2,1
,2017_13137,39.726138,-105.013495,12/31/2017 16:13,16:13,15,0,0,I25 & EIGHTH AVENUE WEST,1,1,0,0,1,4,0,,55,0,0,0,0,0,1,2,2
,2017_13138,39.726138,-105.013495,8/25/2017 6:19,6:19,12,0,0,I25 NORTHBOUND RAMP ON & SIXTH AVENUE WEST,1,2,0,0,1,8,1,,55,0,0,0,0,0,1,2,1
,2017_13139,39.726138,-105.013495,10/29/2017 2:40,2:40,15,0,0,I25 SOUTHBOUND RAMP OFF EXIT GORE & SIXTH AVENUE WEST WB,1,3,0,0,1,8,0,,55,0,0,0,0,0,1,2,7
,2017_13140,39.729265,-105.014796,10/28/2017 12:22,12:22,12,0,0,I25 & EIGHTH AVENUE WEST,1,1,0,0,1,4,0,,55,0,0,0,0,0,1,2,3
,2017_13141,39.72632,-105.013601,7/14/2017 10:31,10:31,12,0,0,I25 NORTHBOUND & EIGHTH AVENUE WEST EXIT GORE APPROXIMATELY,1,1,0,0,1,4,0,,55,0,0,0,0,1,1,3,14
,2017_13142,39.72632,-105.013601,9/15/2017 17:58,17:58,12,0,0,I25 NORTHBOUND & EIGHTH AVENUE WEST EXIT GORE APPROXIMATELY,1,1,0,0,1,4,0,,55,0,0,0,0,0,1,2,13
,2017_13143,39.726451,-105.01367,2/10/2017 5:38,5:38,12,0,0,I25 NORTHBOUND & EIGHTH AVENUE WEST,1,2,0,0,1,4,0,,55,0,0,0,0,0,1,3,3
,2017_13144,39.726451,-105.01367,2/14/2017 18:00,18:00,15,0,0,I25 SOUTHBOUND & SIXTH AVENUE WEST,1,3,0,0,1,4,0,,55,0,0,0,0,0,1,2,13
,2017_13145,39.726451,-105.01367,10/26/2017 10:30,10:30,5,0,0,I25 & SIXTH AVENUE WEST,1,1,0,0,1,4,0,,65,0,0,0,0,0,1,2,14
,2017_13146,39.726451,-105.01367,11/21/2017 16:31,16:31,12,0,0,I25 & SIXTH AVENUE WEST,1,1,1,0,1,4,0,,65,0,0,0,0,1,1,3,1
,2017_13147,39.726451,-105.01367,12/6/2017 17:44,17:44,12,0,0,I25 SOUTHBOUND & SIXTH AVENUE WEST APPROXIMATELY,1,3,0,0,1,4,0,,65,0,0,0,0,0,1,2,13
,2017_13148,39.726451,-105.01367,2/28/2017 8:50,8:50,15,0,0,I25 NORTHBOUND ON RAMP FROM EASTBOUND & SIXTH AVENUE,1,1,1,0,1,8,0,,55,0,0,0,0,0,1,2,13
,2017_13149,39.726451,-105.01367,3/30/2017 6:45,6:45,12,0,0,I25 FLYOVER NORTHBOUND ON RAMP & SIXTH AVENUE,1,2,1,0,1,8,0,,55,0,0,0,0,0,1,3,13
,2017_13150,39.726451,-105.01367,11/14/2017 16:30,16:30,12,0,0,I25 NORTHBOUND RAMP ON & SIXTH AVENUE WEST INTCH,1,2,1,0,1,8,0,,55,0,0,0,0,0,1,2,13
,2017_13151,39.726611,-105.013753,6/14/2017 9:17,9:17,15,0,1,I25 SOUTHBOUND & SIXTH AVENUE WEST,1,1,0,0,1,4,0,,65,0,0,0,1,2,1,2,3
,2017_13152,39.726611,-105.013753,9/2/2017 21:43,21:43,12,0,0,I25 & SIXTH AVENUE WEST,1,3,0,0,1,4,0,,55,0,0,0,0,1,1,4,13
,2017_13153,39.727253,-105.014054,1/16/2017 11:24,11:24,15,0,0,I25 NORTHBOUND  & SEVENTH AVENUE WEST  NOT IN CORIS,2,1,1,2,1,4,0,,55,0,0,0,0,0,1,3,13
,2017_13154,39.727253,-105.014054,1/16/2017 11:26,11:26,12,0,0,I25 NORTHBOUND  & SEVENTH AVENUE WEST  NOT IN CORIS,2,1,1,2,1,4,0,,65,0,0,0,0,1,1,3,13
,2017_13155,39.727253,-105.014054,3/30/2017 6:45,6:45,12,0,0,I25 NORTHBOUND RAMP ON & SIXTH AVENUE WEST APPROXIMATELY,1,2,1,0,1,8,0,,55,0,0,0,0,0,1,3,13
,2017_13156,39.728036,-105.014354,3/16/2017 14:53,14:53,12,0,0,I25 SOUTHBOUND & SIXTH AVENUE WEST,1,1,0,0,1,4,0,,55,0,0,0,0,0,1,2,14
,2017_13157,39.728036,-105.014354,10/2/2017 9:44,9:44,12,0,0,I25 SOUTHBOUND & SIXTH AVENUE WEST,1,1,0,0,1,4,0,,55,0,0,0,0,0,1,2,14
,2017_13158,39.728958,-105.014686,5/22/2017 11:54,11:54,12,0,0,I25 & SIXTH AVENUE WEST,1,1,0,0,1,4,0,,55,0,0,0,0,0,1,4,13
,2017_13159,39.728958,-105.014686,6/1/2017 10:42,10:42,12,0,0,I25 NORTHBOUND & EIGHTH AVENUE WEST,1,1,0,0,1,4,0,,65,0,0,0,0,0,1,2,7
,2017_13160,39.728958,-105.014686,9/1/2017 10:20,10:20,12,0,0,I25 SOUTHBOUND EXIT LANE & SIXTH AVENUE WEST,1,1,0,0,1,4,0,,55,0,0,0,0,0,1,2,13
,2017_13161,39.728958,-105.014686,11/19/2017 9:40,9:40,12,0,0,I25 & SIXTH AVENUE WEST,1,1,1,0,1,4,0,,55,0,0,0,0,0,1,3,13
,2017_13162,39.729265,-105.014796,1/4/2017 17:28,17:28,12,0,0,I25 & EIGHTH AVENUE WEST,4,3,0,2,1,4,0,,55,0,0,0,0,0,1,2,14
,2017_13163,39.729265,-105.014796,1/31/2017 16:04,16:04,12,0,0,I25 SOUTHBOUND & EIGHTH AVENUE,1,1,0,0,1,4,0,,55,0,0,0,0,0,1,2,13
,2017_13164,39.729265,-105.014796,3/8/2017 14:06,14:06,15,0,0,I25 & EIGHTH AVENUE WEST,1,1,1,0,1,4,0,,55,0,0,0,0,0,1,2,13
,2017_13165,39.729265,-105.014796,4/23/2017 14:42,14:42,15,0,0,I25 NORTHBOUND & EIGHTH AVENUE WEST,1,1,0,0,1,4,0,,55,0,0,0,0,0,1,2,13
,2017_13166,39.729265,-105.014796,4/24/2017 17:23,17:23,12,0,0,I25 & EIGHTH AVENUE WEST,1,1,1,0,1,4,0,,65,0,0,0,0,0,1,3,13
,2017_13167,39.729265,-105.014796,4/28/2017 16:05,16:05,12,0,0,I25 & EIGHTH AVENUE,1,1,0,0,1,4,0,,65,0,0,0,0,0,1,3,13
,2017_13168,39.729265,-105.014796,6/14/2017 11:53,11:53,12,0,0,I25 & EIGHTH AVENUE WEST,1,1,1,0,1,4,0,,55,0,0,0,0,0,1,2,13
,2017_13169,39.729265,-105.014796,6/22/2017 14:23,14:23,12,0,0,I25 NORTHBOUND & EIGHTH AVENUE,1,1,0,0,1,4,0,,55,0,0,0,0,0,1,2,13
,2017_13170,39.729265,-105.014796,7/5/2017 15:52,15:52,15,0,0,I25 & EIGHTH AVENUE,1,1,0,0,1,4,0,,55,0,0,0,0,0,1,3,13
,2017_13171,39.729265,-105.014796,7/7/2017 19:42,19:42,12,0,0,I25 & EIGHTH AVENUE,1,2,0,0,1,4,0,,65,0,0,0,0,0,1,2,13
,2017_13172,39.729265,-105.014796,8/11/2017 14:40,14:40,12,0,0,I25 & EIGHTH AVENUE WEST,1,1,1,0,1,4,0,,55,0,0,0,0,0,1,5,3
,2017_13173,39.729265,-105.014796,8/29/2017 10:37,10:37,12,0,0,I25 & EIGHTH AVENUE WEST,1,1,1,0,1,4,0,,55,0,0,0,0,1,1,4,13
,2017_13174,39.729265,-105.014796,9/13/2017 19:40,19:40,15,0,0,I25 NORTHBOUND & EIGHTH AVENUE,1,3,0,0,1,4,0,,55,0,0,0,0,0,1,2,13
,2017_13175,39.729265,-105.014796,10/4/2017 13:56,13:56,12,0,0,I25 SOUTHBOUND & EIGHTH AVENUE WEST,1,1,0,0,1,4,0,,55,0,0,0,0,0,1,2,13
,2017_13176,39.729265,-105.014796,10/4/2017 14:51,14:51,12,0,0,I25 NORTHBOUND & EIGHTH AVENUE,1,1,0,0,1,4,0,,55,0,0,0,0,0,1,2,13
,2017_13177,39.729265,-105.014796,10/24/2017 6:39,6:39,12,0,0,I25 & EIGHTH AVENUE WEST,1,1,0,0,1,4,0,,55,0,0,0,0,0,1,2,13
,2017_13178,39.729265,-105.014796,10/29/2017 11:57,11:57,15,0,0,I25 & EIGHTH AVENUE WEST,1,1,0,0,1,4,0,,55,0,0,0,0,0,1,2,8
,2017_13179,39.729265,-105.014796,11/8/2017 16:25,16:25,12,0,0,I25 & EIGHTH AVENUE WEST,1,1,0,0,1,4,0,,55,0,0,0,0,0,1,2,13
,2017_13180,39.729265,-105.014796,1/7/2017 13:24,13:24,3,0,0,EIGHTH AVENUE WEST & I25 NORTHBOUND RAMP OFF / WYANDOT STREET,8,1,0,0,1,1,0,,30,0,0,0,0,0,1,2,13
,2017_13181,39.729265,-105.014796,3/6/2017 14:50,14:50,15,0,0,EIGHTH AVENUE 2300 BLOCK WEST & WYANDOT STREET NORTH,1,1,0,0,1,3,0,,35,0,0,0,0,0,4,2,7
,2017_13182,39.729265,-105.014796,11/8/2017 15:40,15:40,3,0,0,I25 NORTHBOUND RAMP OFF / WYANDOT STREET & EIGHTH AVENUE WEST,1,1,0,0,1,1,0,,30,0,0,0,0,0,1,2,13
,2017_13183,39.729265,-105.014796,11/12/2017 12:40,12:40,15,0,0,EIGHTH AVENUE WEST & I25 NORTHBOUND RAMP OFF / WYANDOT STREET,1,1,0,0,1,1,0,,35,0,0,0,0,0,1,2,13
,2017_13184,39.729265,-105.014796,12/30/2017 14:38,14:38,3,0,0,I25 NORTHBOUND RAMP OFF / WYANDOT STREET & EIGHTH AVENUE WEST,1,1,0,0,1,1,0,,,0,0,0,0,0,1,2,13
,2017_13185,39.729573,-105.014907,5/9/2017 16:40,16:40,12,0,0,I25 & EIGHTH AVENUE WEST,1,1,1,0,1,4,0,,65,0,0,0,0,0,1,2,13
,2017_13186,39.729573,-105.014907,8/24/2017 14:10,14:10,15,0,0,I25 NORTHBOUND & SOUTHBOUND ON RAMP FROM ZUNI STREET,1,1,1,0,1,4,0,,55,0,0,0,0,0,1,2,1
,2017_13187,39.751295,-105.016566,8/7/2017 18:50,18:50,5,0,0,I25 NORTHBOUND & 23RD AVENUE WEST,2,1,0,1,2,4,0,,55,0,0,0,0,0,1,1,7
,2017_13188,39.729573,-105.014907,10/18/2017 18:50,18:50,12,0,0,I25 & MM 209.50,1,3,0,0,1,4,0,,55,0,0,0,0,0,1,2,8
,2017_13189,39.729573,-105.014907,11/14/2017 10:53,10:53,12,0,0,I25 & EIGHTH AVENUE WEST,1,1,0,0,1,4,0,,55,0,0,0,0,0,1,2,14
,2017_13190,39.729726,-105.014962,3/18/2017 1:15,1:15,15,0,1,I25 & EIGHTH AVENUE WEST,1,3,0,0,1,4,0,,,0,0,0,0,2,1,3,13
,2017_13192,39.729726,-105.014962,7/19/2017 16:00,16:00,15,0,0,I25 SOUTHBOUND & EIGHTH AVENUE WEST,1,1,0,0,1,4,0,,55,0,0,0,0,0,1,2,3
,2017_13193,39.72988,-105.015018,11/8/2017 13:37,13:37,12,0,0,I25 & EIGHTH AVENUE,1,1,0,0,1,4,0,,55,0,0,0,0,0,1,2,13
,2017_13194,39.730187,-105.015128,3/23/2017 21:45,21:45,12,0,0,I25 & EIGHTH AVENUE WEST,2,3,0,1,1,4,0,,55,0,0,0,0,0,1,2,13
,2017_13195,39.730187,-105.015128,4/4/2017 18:57,18:57,15,0,0,I25 SOUTHBOUND & EIGHTH AVENUE WEST,4,1,0,2,1,4,0,,55,0,0,0,0,0,1,2,5
,2017_13196,39.730187,-105.015128,10/24/2017 8:20,8:20,15,0,0,SIXTH AVENUE WEST WB RAMP OFF & I25 NORTHBOUND RAMP ENTRANCE GORE APPROXIMATELY,1,1,1,0,1,8,0,,35,0,0,0,0,0,1,2,13
,2017_13197,39.730335,-105.015179,4/1/2017 17:15,17:15,12,0,0,I25 NORTHBOUND MERGE LNS & SIXTH AVENUE WEST RAMP ON,2,1,0,1,1,4,0,,55,0,0,0,0,0,1,2,7
,2017_13198,39.736118,-105.014312,12/24/2017 9:13,9:13,12,0,0,I25 & MM 210,12,1,1,2,1,4,0,,55,0,0,0,0,1,1,2,13
,2017_13199,39.730303,-105.015052,4/28/2017 14:11,14:11,15,0,0,I25 NORTHBOUND RAMP ON MERGE LNS & SIXTH AVENUE WEST,1,1,0,0,1,8,0,,65,0,0,0,0,0,1,2,13
,2017_13200,39.730758,-105.015321,8/9/2017 1:28,1:28,9,0,1,I25 SOUTHBOUND OFF RAMP TO EIGHTH AVENUE WEST & ZUNI STREET,1,3,0,0,2,8,0,,20,0,0,0,0,2,1,1,7
,2017_13201,39.730758,-105.015321,10/22/2017 0:54,0:54,5,0,0,I25 SOUTHBOUND OFF RAMP & ZUNI STREET,1,3,1,0,3,8,0,,55,0,0,0,0,0,1,1,14