id,drcog_id,latitude,longitude,crashtime,time,crashtype,numbkilled,numbinjurd,drcoglocat,rdconditin,lightngcon,roadcntgrd,weatherco,location,roaddescrp,constrzone,schoolzone,splimit,bikeinv,pedinv,sctrinv,motoinv,svrty,rdsystem,ttlvehcls,hcf
,2017_13202,39.730881,-105.015362,10/16/2017 12:49,12:49,12,0,0,I25 SOUTHBOUND RAMP OFF & EIGHTH AVENUE WEST EXIT GORE APPROXIMATELY,1,1,1,0,1,8,0,,55,0,0,0,0,0,1,2,13
,2017_13203,39.731026,-105.015398,2/2/2017 21:52,21:52,12,0,0,I25 SOUTHBOUND & EIGHTH AVENUE WEST SOUTHBOUND ON / OFF RAMPS,1,3,0,0,1,4,0,,55,0,0,0,0,0,1,2,5
,2017_13204,39.731026,-105.015398,9/22/2017 23:32,23:32,15,0,0,I25 SOUTHBOUND & EIGHTH AVENUE WEST EXIT,1,3,1,0,1,4,1,,55,0,0,0,0,0,1,2,1
,2017_13205,39.731026,-105.015398,5/28/2017 12:24,12:24,12,0,0,I25 SOUTHBOUND RAMP OFF & ZUNI STREET / EIGHTH AVENUE NORTH EXIT,1,1,0,0,1,8,0,,25,0,0,0,0,0,1,2,14
,2017_13206,39.731542,-105.015521,4/6/2017 13:16,13:16,12,0,0,I25 & MULBERRY PLACE WEST,1,1,1,0,1,4,0,,65,0,0,0,0,0,1,2,13
,2017_13207,39.731542,-105.015521,8/31/2017 16:31,16:31,12,0,0,I25 & MULBERRY PLACE WEST,1,1,1,0,1,4,0,,65,0,0,0,0,1,1,2,3
,2017_13208,39.731542,-105.015521,11/3/2017 22:03,22:03,12,0,0,I25 & MULBERRY PLACE WEST,1,3,0,0,1,4,0,,55,0,0,0,0,1,1,2,13
,2017_13209,39.731542,-105.015521,11/15/2017 13:02,13:02,12,0,0,I25 NORTHBOUND & MULBERRY PLACE WEST HIGHWAY ENTRANCE APPROXIMATELY,1,1,1,0,1,4,0,,55,0,0,0,0,0,1,2,13
,2017_13210,39.731542,-105.015521,1/11/2017 15:35,15:35,15,0,0,I25 NORTHBOUND RAMP ON & MULBERRY PLACE WEST,1,1,0,0,1,8,0,,55,0,0,0,0,0,1,2,13
,2017_13211,39.731669,-105.015535,2/3/2017 1:50,1:50,15,0,0,I25 SOUTHBOUND MERGE LANE & EIGHTH AVENUE WEST RAMP 'F',3,3,1,4,1,4,0,,55,0,0,0,0,0,1,2,5
,2017_13212,39.731669,-105.015535,6/13/2017 14:10,14:10,12,0,0,I25 SOUTHBOUND & EIGHTH AVENUE WEST,1,1,1,0,1,4,0,,55,0,0,0,0,0,1,2,3
,2017_13213,39.731923,-105.015563,9/28/2017 9:03,9:03,12,0,1,I25 SOUTHBOUND & EIGHTH AVENUE WEST,2,1,1,0,1,4,0,,55,0,0,0,0,2,1,2,7
,2017_13214,39.740059,-105.013916,6/23/2017 20:08,20:08,5,0,1,I25 LOOP RAMP ON & COLFAX AVENUE WEST,1,1,1,0,2,8,0,,30,0,0,0,1,2,1,1,1
,2017_13215,39.732306,-105.015587,11/20/2017 12:48,12:48,12,0,0,I25 & MULBERRY / YUMA STREET,1,1,0,0,1,4,0,,55,0,0,0,0,1,1,2,14
,2017_13216,39.732435,-105.015585,7/14/2017 20:12,20:12,5,0,1,I25 & SIXTH AVENUE WEST,1,1,0,0,2,4,0,,55,0,0,0,0,2,1,2,5
,2017_13217,39.732435,-105.015585,7/29/2017 5:00,5:00,15,0,0,I25 NORTHBOUND & SIXTH AVENUE WEST,2,4,0,1,1,4,0,,30,0,0,0,0,0,1,2,7
,2017_13218,39.757691,-105.009228,7/16/2017 3:36,3:36,5,0,0,I25 SOUTHBOUND & 16TH STREET PED BRIDGE,1,3,0,0,2,4,0,,55,0,0,0,0,0,1,1,5
,2017_13219,39.732693,-105.01558,8/6/2017 20:29,20:29,12,0,0,I25 & EIGHTH AVENUE WEST,1,1,0,0,1,4,0,,65,0,0,0,0,0,1,2,13
,2017_13220,39.733711,-105.015399,2/11/2017 16:06,16:06,12,0,0,I25 & COLFAX AVENUE WEST,1,1,0,0,1,4,0,,55,0,0,0,0,0,1,2,13
,2017_13221,39.733711,-105.015399,8/19/2017 17:43,17:43,12,0,0,I25 NORTHBOUND & COLFAX AVENUE WEST,1,1,0,0,1,4,0,,65,0,0,0,0,0,1,2,13
,2017_13222,39.733957,-105.015326,7/3/2017 12:50,12:50,12,0,0,I25 & 11TH AVENUE WEST OFFSET NOT IN CORIS,1,1,1,0,1,4,0,,55,0,0,0,0,0,1,3,7
,2017_13223,39.735284,-105.014728,6/29/2017 10:56,10:56,12,0,0,I25 & 12TH AVENUE WEST,1,1,0,0,1,4,0,,55,0,0,0,0,0,1,2,13
,2017_13224,39.735402,-105.01467,1/17/2017 17:40,17:40,12,0,0,I25 NORTHBOUND RAMP OFF & COLFAX AVENUE WEST,1,1,1,0,1,8,0,,55,0,0,0,0,0,1,2,13
,2017_13225,39.735991,-105.014376,8/18/2017 16:50,16:50,12,0,0,I25 NORTHBOUND & COLFAX AVENUE WEST,1,1,1,0,1,4,0,,55,0,0,0,0,0,1,3,3
,2017_13226,39.73641,-105.01421,1/29/2017 2:00,2:00,12,0,0,I25 SOUTHBOUND & COLFAX AVENUE WEST,1,3,1,0,1,4,0,,55,0,0,0,0,0,1,2,5
,2017_13227,39.736873,-105.014064,4/5/2017 10:30,10:30,12,0,0,I25 SOUTHBOUND & 13TH AVENUE WEST,1,1,0,0,1,4,0,,55,0,0,0,0,0,1,2,1
,2017_13228,39.736873,-105.014064,4/5/2017 10:30,10:30,12,0,0,I25 SOUTHBOUND & 13TH AVENUE WEST,1,1,0,0,1,4,0,,55,0,0,0,0,0,1,2,1
,2017_13229,39.736873,-105.014064,4/25/2017 12:42,12:42,15,0,0,I25 & COLFAX AVENUE WEST,1,1,0,0,1,4,0,,65,0,0,0,0,0,1,2,3
,2017_13230,39.736873,-105.014064,7/26/2017 11:45,11:45,12,0,0,I25 & COLFAX AVENUE WEST,1,1,1,0,1,4,0,,55,0,0,0,0,0,1,2,13
,2017_13231,39.736873,-105.014064,7/28/2017 7:40,7:40,12,0,0,I25 & COLFAX AVENUE WEST,1,1,0,0,1,4,0,,,0,0,0,0,0,1,2,13
,2017_13232,39.750362,-105.016864,6/26/2017 2:23,2:23,5,0,1,I25 NORTHBOUND & 23RD AVENUE WEST,1,3,1,0,3,4,0,,55,0,0,0,0,2,1,1,1
,2017_13233,39.736873,-105.014064,8/25/2017 10:47,10:47,12,0,0,I25 & COLFAX AVENUE WEST,1,1,0,0,1,4,0,,55,0,0,0,0,0,1,2,3
,2017_13234,39.736873,-105.014064,9/28/2017 10:11,10:11,12,0,0,I25 & COLFAX AVENUE WEST,1,1,0,0,1,4,0,,55,0,0,0,0,0,1,2,1
,2017_13235,39.736873,-105.014064,11/26/2017 14:40,14:40,15,0,0,I25 & 13TH AVENUE WEST,1,1,0,0,1,4,0,,55,0,0,0,0,0,1,2,13
,2017_13236,39.740257,-105.013939,9/12/2017 8:40,8:40,12,0,0,I25 & COLFAX AVENUE WEST,1,1,1,0,1,4,0,,55,0,0,0,0,0,1,2,13
,2017_13237,39.736873,-105.014064,12/13/2017 7:00,7:00,15,0,0,I25 & COLFAX AVENUE WEST,1,1,0,0,1,4,0,,55,0,0,0,0,0,1,2,13
,2017_13238,39.737474,-105.013929,7/21/2017 8:54,8:54,15,0,0,I25 SOUTHBOUND & COLFAX AVENUE WEST,1,1,0,0,1,4,0,,55,0,0,0,0,0,1,2,2
,2017_13239,39.738382,-105.013839,1/5/2017 12:42,12:42,15,0,0,I25 NORTHBOUND & 'K' RAMP OFF TO AURARIA PARKWAY,4,1,1,2,1,4,0,,55,0,0,0,0,1,1,2,13
,2017_13240,39.738382,-105.013839,6/7/2017 15:00,15:00,15,0,0,I25 NORTHBOUND EXIT GORE POINT & AURARIA PARKWAY K RAMP,1,1,0,0,1,4,0,,55,0,0,0,0,0,1,2,8
,2017_13241,39.738382,-105.013839,8/1/2017 15:55,15:55,12,0,0,I25 SOUTHBOUND & AURARIA PARKWAY FLYOVER APPROXIMATELY,1,1,1,0,1,4,0,,55,0,0,0,0,0,1,2,3
,2017_13243,39.738382,-105.013839,10/31/2017 7:20,7:20,15,0,0,I25 & AURARIA PARKWAY,1,1,0,0,1,4,0,,55,0,0,0,0,0,1,2,13
,2017_13244,39.738382,-105.013839,2/27/2017 15:06,15:06,15,0,0,I25 NORTHBOUND COLLECTOR OFF & COLFAX AVENUE EXIT GORE APPROXIMATELY,1,1,0,0,1,8,0,,65,0,0,0,0,0,1,2,14
,2017_13245,39.738591,-105.01383,12/2/2017 16:06,16:06,12,0,0,I25 & COLFAX AVENUE WEST,1,1,0,0,1,4,0,,65,0,0,0,0,0,1,4,13
,2017_13246,39.738721,-105.013834,3/9/2017 8:07,8:07,12,0,0,I25 & COLFAX AVENUE WEST,1,1,0,0,1,4,0,,55,0,0,0,0,0,1,2,13
,2017_13248,39.738866,-105.013842,9/17/2017 20:00,20:00,15,0,0,I25 NORTHBOUND & COLFAX AVENUE WEST,1,3,0,0,1,4,0,,55,0,0,0,0,0,1,3,1
,2017_13249,39.738866,-105.013842,10/2/2017 10:14,10:14,12,0,0,I25 & COLFAX AVENUE WEST,1,1,0,0,1,4,0,,55,0,0,0,0,1,1,3,14
,2017_13250,39.739012,-105.01385,8/19/2017 13:29,13:29,12,0,0,I25 NORTHBOUND & COLFAX AVENUE WEST,1,1,1,0,1,4,0,,55,0,0,0,0,0,1,2,13
,2017_13251,39.739158,-105.013858,4/5/2017 18:20,18:20,15,0,0,I25 & AURARIA PARKWAY FLYOVER,1,1,0,0,1,4,0,,65,0,0,0,0,0,1,2,13
,2017_13252,39.739303,-105.013867,9/17/2017 19:41,19:41,12,0,0,I25 & COLFAX AVENUE WEST,1,3,0,0,1,4,0,,55,0,0,0,0,0,1,4,13
,2017_13253,39.739275,-105.014779,7/8/2017 19:30,19:30,5,0,0,I25 SOUTHBOUND RAMP ON & COLFAX AVENUE WEST EASTBOUND,1,1,1,0,2,8,0,,55,0,0,0,0,0,1,1,9
,2017_13254,39.739449,-105.013875,9/12/2017 15:33,15:33,12,0,0,I25 SOUTHBOUND & COLFAX AVENUE WEST,1,1,0,0,1,4,0,,55,0,0,0,0,0,1,2,13
,2017_13256,39.739595,-105.013883,10/27/2017 18:38,18:38,12,0,0,I25 & COLFAX AVENUE WEST,1,3,0,0,1,4,0,,55,0,0,0,0,0,1,2,13
,2017_13257,39.73974,-105.013892,8/13/2017 13:30,13:30,12,0,0,I25 NORTHBOUND & COLFAX AVENUE WEST,1,1,0,0,1,4,0,,65,0,0,0,0,0,1,2,13
,2017_13258,39.73974,-105.013892,1/25/2017 6:08,6:08,15,0,0,I25 SOUTHBOUND ON RAMP & ZUNI STREET NORTH / OLD COLFAX AVENUE WEST,1,2,0,0,1,8,0,,55,0,0,0,0,0,1,2,14
,2017_13259,39.739886,-105.0139,7/20/2017 23:15,23:15,12,0,0,I25 NORTHBOUND & COLFAX AVENUE WEST,1,3,1,0,1,4,0,,55,0,0,0,0,0,1,3,14
,2017_13260,39.740059,-105.013916,3/10/2017 12:10,12:10,12,0,0,I25 NORTHBOUND & COLFAX AVENUE WEST,1,1,0,0,1,4,0,,65,0,0,0,0,0,1,2,14
,2017_13261,39.740059,-105.013916,3/14/2017 6:35,6:35,12,0,0,I25 SOUTHBOUND & COLFAX AVENUE WEST,1,3,1,0,1,4,0,,55,0,0,0,0,0,1,3,8
,2017_13262,39.740059,-105.013916,3/12/2017 11:27,11:27,12,0,0,I25 NORTHBOUND RAMP OFF & COLFAX AVENUE WEST,1,1,0,0,1,8,0,,45,0,0,0,0,1,1,2,14
,2017_13263,39.740059,-105.013916,4/20/2017 9:44,9:44,12,0,0,I25 NORTHBOUND OFF RAMP TO & COLFAX AVENUE,1,1,1,0,1,8,0,,45,0,0,0,0,0,1,2,14
,2017_13264,39.740059,-105.013916,6/14/2017 15:22,15:22,12,0,0,I25 NORTHBOUND OFF RAMP & COLFAX AVENUE WEST,1,1,0,0,1,8,0,,30,0,0,0,0,0,1,2,1
,2017_13265,39.740059,-105.013916,7/5/2017 14:00,14:00,12,0,0,I25 NORTHBOUND RAMP OFF & COLFAX AVENUE WEST APPROXIMATELY,1,1,0,0,1,8,0,,25,0,0,0,0,0,1,2,13
,2017_13266,39.740059,-105.013916,7/9/2017 0:46,0:46,12,0,0,I25 NORTHBOUND RAMP OFF & COLFAX AVENUE WEST APPROXIMATELY,1,3,2,0,1,8,0,,45,0,0,0,0,0,1,2,13
,2017_13267,39.740059,-105.013916,7/12/2017 11:19,11:19,12,0,0,I25 NORTHBOUND OFF RAMP TO & COLFAX AVENUE WEST,1,1,1,0,1,8,0,,35,0,0,0,0,1,1,2,13
,2017_13268,39.740059,-105.013916,7/27/2017 9:02,9:02,12,0,0,I25 NORTHBOUND OFF RAMP  & COLFAX AVENUE WEST,1,1,0,0,1,8,0,,35,0,0,0,0,0,1,2,13
,2017_13269,39.740217,-105.014802,10/11/2017 22:54,22:54,5,0,0,I25 SOUTHBOUND RAMP ON & COLFAX AVENUE WEST WB OFF,1,1,1,0,3,8,0,,35,0,0,0,0,0,1,1,7
,2017_13271,39.740257,-105.013939,1/13/2017 14:41,14:41,15,0,0,I25 NORTHBOUND & COLFAX AVENUE WEST,1,1,0,0,1,4,0,,55,0,0,0,0,0,1,2,13
,2017_13272,39.740257,-105.013939,1/18/2017 11:14,11:14,5,0,0,I25 SOUTHBOUND & COLFAX AVENUE WEST,1,1,1,0,2,4,0,,35,0,0,0,0,0,1,2,2
,2017_13273,39.740257,-105.013939,1/19/2017 16:47,16:47,12,0,0,I25 SOUTHBOUND & COLFAX AVENUE WEST INTERCHANGE,1,1,1,0,1,4,0,,55,0,0,0,0,0,1,2,13
,2017_13274,39.740257,-105.013939,1/31/2017 14:32,14:32,12,0,0,I25 NORTHBOUND & COLFAX AVENUE WEST,1,1,0,0,1,4,0,,55,0,0,0,0,0,1,3,13
,2017_13275,39.740257,-105.013939,3/2/2017 15:42,15:42,12,0,0,I25 NORTHBOUND & COLFAX AVENUE WEST,1,1,0,0,1,4,0,,65,0,0,0,0,0,1,2,13
,2017_13276,39.740257,-105.013939,3/10/2017 12:10,12:10,12,0,0,I25 NORTHBOUND & COLFAX AVENUE WEST,1,1,0,0,1,4,0,,65,0,0,0,0,0,1,2,14
,2017_13277,39.740257,-105.013939,3/12/2017 15:40,15:40,12,0,0,I25 NORTHBOUND & COLFAX AVENUE WEST,1,1,0,0,1,4,0,,65,0,0,0,0,0,1,2,13
,2017_13278,39.740257,-105.013939,3/17/2017 11:23,11:23,12,0,0,I25 NORTHBOUND & COLFAX AVENUE WEST,1,1,1,0,1,4,0,,35,0,0,0,0,0,1,2,13
,2017_13279,39.740257,-105.013939,3/22/2017 13:04,13:04,12,0,0,I25 NORTHBOUND & COLFAX AVENUE INTRCHG,1,1,0,0,1,4,0,,55,0,0,0,0,0,1,2,13
,2017_13280,39.740257,-105.013939,4/6/2017 16:19,16:19,12,0,0,I25 & COLFAX AVENUE V,1,1,1,0,1,4,0,,65,0,0,0,0,0,1,2,12
,2017_13281,39.740257,-105.013939,4/15/2017 21:32,21:32,15,0,0,I25 SOUTHBOUND & COLFAX AVENUE WEST,1,3,0,0,1,4,0,,50,0,0,0,0,0,1,2,1
,2017_13282,39.740257,-105.013939,9/21/2017 16:40,16:40,12,0,0,I25 & COLFAX AVENUE WEST,1,1,1,0,1,4,0,,55,0,0,0,0,0,1,3,13
,2017_13283,39.740257,-105.013939,5/15/2017 17:29,17:29,12,0,0,I25 & COLFAX AVENUE WEST,1,1,0,0,1,4,0,,65,0,0,0,0,0,1,3,13
,2017_13284,39.740257,-105.013939,5/20/2017 10:16,10:16,15,0,0,I25 & COLFAX AVENUE WEST,1,1,1,0,1,4,0,,55,0,0,0,0,0,1,2,4
,2017_13285,39.740257,-105.013939,5/24/2017 18:32,18:32,15,0,0,I25 & COLFAX AVENUE WEST,1,1,0,0,1,4,0,,55,0,0,0,0,0,1,3,13
,2017_13286,39.740257,-105.013939,6/27/2017 14:45,14:45,12,0,0,I25 SOUTHBOUND & COLFAX AVENUE WEST APPROXIMATELY,1,1,0,0,1,4,0,,55,0,0,0,0,0,1,2,13
,2017_13287,39.740257,-105.013939,6/28/2017 17:29,17:29,12,0,0,I25 NORTHBOUND & COLFAX AVENUE WEST,1,1,0,0,1,4,0,,55,0,0,0,0,0,1,3,2
,2017_13288,39.740257,-105.013939,7/16/2017 14:15,14:15,12,0,0,I25 NORTHBOUND & COLFAX AVENUE WEST,1,1,0,0,1,4,0,,65,0,0,0,0,0,1,2,3
,2017_13289,39.740257,-105.013939,7/22/2017 1:09,1:09,12,0,1,I25 SOUTHBOUND & COLFAX AVENUE INTCH,2,4,1,0,1,4,0,,,0,0,0,0,2,1,2,13
,2017_13290,39.740257,-105.013939,7/26/2017 8:30,8:30,12,0,0,I25 SOUTHBOUND & COLFAX AVENUE WEST,1,1,1,0,1,4,0,,65,0,0,0,0,0,1,3,13
,2017_13291,39.740257,-105.013939,8/7/2017 15:48,15:48,12,0,0,I25 SOUTHBOUND & COLFAX AVENUE WEST,2,1,1,1,1,4,0,,55,0,0,0,0,0,1,2,13
,2017_13292,39.740257,-105.013939,8/17/2017 15:36,15:36,12,0,0,I25 NORTHBOUND & COLFAX AVENUE,1,1,0,0,1,4,0,,65,0,0,0,0,0,1,2,13
,2017_13293,39.740257,-105.013939,8/28/2017 6:39,6:39,15,0,0,I25 & COLFAX AVENUE WEST,1,1,0,0,1,4,0,,55,0,0,0,0,0,1,2,13
,2017_13294,39.740257,-105.013939,9/6/2017 12:33,12:33,5,0,0,I25 SOUTHBOUND & COLFAX AVENUE WEST,1,1,0,0,1,4,0,,55,0,0,0,0,0,1,2,13
,2017_13295,39.740257,-105.013939,9/28/2017 8:51,8:51,12,0,0,I25 & COLFAX AVENUE WEST,2,1,0,1,1,4,0,,55,0,0,0,0,0,1,4,14
,2017_13296,39.740257,-105.013939,10/1/2017 10:53,10:53,12,0,0,I25 NORTHBOUND & COLFAX AVENUE WEST,1,1,0,0,1,4,0,,55,0,0,0,0,0,1,2,1
,2017_13297,39.740257,-105.013939,10/3/2017 18:19,18:19,12,0,0,I25 & COLFAX AVENUE WEST,1,1,1,0,1,4,0,,55,0,0,0,0,0,1,2,7
,2017_13298,39.740257,-105.013939,10/6/2017 7:51,7:51,12,0,0,I25 & COLFAX AVENUE WEST APPROXIMATELY,1,1,0,0,1,4,0,,55,0,0,0,0,1,1,2,13
,2017_13299,39.740257,-105.013939,10/20/2017 7:29,7:29,12,0,0,I25 & COLFAX AVENUE WEST,1,1,0,0,1,4,0,,55,0,0,0,0,0,1,2,13
,2017_13300,39.740257,-105.013939,10/23/2017 14:29,14:29,5,0,0,I25 & COLFAX AVENUE,1,1,0,0,2,4,0,,55,0,0,0,0,0,1,1,1
,2017_13301,39.740257,-105.013939,11/3/2017 15:33,15:33,12,0,0,I25 & COLFAX AVENUE,1,1,0,0,1,4,0,,55,0,0,0,0,0,1,2,1
,2017_13302,39.740257,-105.013939,11/6/2017 14:12,14:12,15,0,0,I25 & COLFAX AVENUE WEST,1,1,0,0,1,4,0,,55,0,0,0,0,0,1,2,7
,2017_13303,39.740257,-105.013939,11/10/2017 9:59,9:59,12,0,0,I25 & COLFAX AVENUE WEST,1,1,0,0,1,4,0,,55,0,0,0,0,0,1,2,13
,2017_13304,39.740257,-105.013939,11/15/2017 11:48,11:48,12,0,0,I25 & COLFAX AVENUE WEST,1,1,0,0,1,4,0,,55,0,0,0,0,0,1,3,13
,2017_13305,39.740257,-105.013939,11/30/2017 13:45,13:45,15,0,0,I25 & COLFAX AVENUE WEST,1,1,0,0,1,4,0,,55,0,0,0,0,0,1,2,13
,2017_13308,39.740257,-105.013939,12/13/2017 15:48,15:48,12,0,0,I25 & COLFAX AVENUE WEST,1,1,1,0,1,4,0,,55,0,0,0,0,0,1,2,13
,2017_13309,39.740257,-105.013939,12/15/2017 6:10,6:10,15,0,0,I25 & COLFAX AVENUE WEST,1,1,0,0,1,4,0,,55,0,0,0,0,0,1,2,13
,2017_13310,39.740455,-105.013961,7/22/2017 1:42,1:42,6,0,0,I25 SOUTHBOUND & COLFAX AVENUE WEST,1,3,0,0,1,4,0,,55,0,0,0,0,0,1,3,5
,2017_13311,39.740455,-105.013961,5/11/2017 21:18,21:18,12,0,0,I25 SOUTHBOUND RAMP OFF & COLFAX AVENUE WEST,1,3,1,0,1,8,0,,25,0,0,0,0,1,1,2,13
,2017_13312,39.740455,-105.013961,8/8/2017 20:30,20:30,12,0,0,I25 SOUTHBOUND OFF RAMP & COLFAX AVENUE WEST,1,2,0,0,1,8,0,,25,0,0,0,0,0,1,2,13
,2017_13313,39.740455,-105.013961,12/11/2017 9:27,9:27,15,0,0,I25 SOUTHBOUND OFF RAMP & COLFAX AVENUE WEST,1,1,0,0,1,8,0,,35,0,0,0,0,0,1,2,14
,2017_13314,39.740669,-105.013986,9/18/2017 15:31,15:31,15,0,0,I25 & COLFAX AVENUE WEST,1,1,0,0,1,4,0,,55,0,0,0,0,0,1,2,13
,2017_13315,39.740799,-105.014034,3/18/2017 0:19,0:19,12,0,0,I25 NORTHBOUND & COLFAX AVENUE WEST,1,3,0,0,1,4,0,,55,0,0,0,0,0,1,2,13
,2017_13316,39.740799,-105.014034,7/15/2017 2:32,2:32,5,0,0,I25 SOUTHBOUND & COLFAX AVENUE WEST,1,3,0,0,3,4,0,,55,0,0,0,0,0,1,1,1
,2017_13317,39.741223,-105.014188,6/28/2017 3:24,3:24,5,0,0,I25 & COLFAX AVENUE WEST,1,3,0,0,3,4,0,,55,0,0,0,0,0,1,1,13
,2017_13318,39.741223,-105.014188,10/2/2017 6:18,6:18,12,0,0,I25 & COLFAX AVENUE WEST,2,1,0,1,1,4,0,,55,0,0,0,0,0,1,2,3
,2017_13319,39.741365,-105.01424,4/16/2017 4:21,4:21,12,0,0,I25 SOUTHBOUND & COLFAX AVENUE WEST,1,3,0,0,1,4,0,,55,0,0,0,0,0,1,2,13
,2017_13320,39.74119,-105.015399,2/27/2017 7:49,7:49,5,0,0,FIRST STREET 1338 / WALNUT STREET & OLD COLFAX AVENUE,1,1,0,0,3,3,0,,25,0,0,0,0,0,4,1,14
,2017_13321,39.741759,-105.014471,5/19/2017 21:50,21:50,15,0,0,I25 & AURARIA PARKWAY,1,3,0,0,1,4,0,,55,0,0,0,0,0,1,2,3
,2017_13322,39.741888,-105.014554,7/20/2017 12:12,12:12,12,0,0,I25 NORTHBOUND & COLFAX AVENUE WEST,1,1,0,0,1,4,0,,55,0,0,0,0,1,1,3,14
,2017_13323,39.742025,-105.014657,8/21/2017 17:23,17:23,12,0,0,I25 & AURARIA PARKWAY,1,1,1,0,1,4,0,,55,0,0,0,0,1,1,2,12
,2017_13324,39.742025,-105.014657,9/14/2017 7:30,7:30,5,0,0,I25 & AURARIA PARKWAY,1,1,0,0,2,4,0,,,0,0,0,0,0,1,3,13
,2017_13325,39.742025,-105.014657,9/18/2017 10:52,10:52,15,0,0,I25 & AURARIA PARKWAY,1,1,0,0,1,4,0,,55,0,0,0,0,0,1,2,13
,2017_13326,39.742025,-105.014657,10/5/2017 14:19,14:19,12,0,0,I25 & AURARIA PARKWAY,1,1,0,0,1,4,0,,55,0,0,0,0,0,1,2,1
,2017_13327,39.742025,-105.014657,10/20/2017 11:13,11:13,12,0,0,I25 & AURARIA PARKWAY,1,1,0,0,1,4,0,,55,0,0,0,0,0,1,2,13
,2017_13328,39.742025,-105.014657,11/21/2017 12:54,12:54,12,0,0,I25 & AURARIA PARKWAY,1,1,1,0,1,4,0,,55,0,0,0,0,0,1,3,13
,2017_13329,39.742025,-105.014657,12/1/2017 13:26,13:26,12,0,0,I25 & AURARIA PARKWAY,1,1,1,0,1,4,0,,55,0,0,0,0,1,1,2,13
,2017_13330,39.742025,-105.014657,12/15/2017 11:16,11:16,12,0,0,I25 & AURARIA PARKWAY,1,1,0,0,1,4,0,,55,0,0,0,0,1,1,2,1
,2017_13331,39.742179,-105.014799,1/8/2017 4:17,4:17,5,0,0,I25 NORTHBOUND & AURARIA PARKWAY FLYOVER,5,4,0,0,2,4,0,,55,0,0,0,0,1,1,1,13
,2017_13332,39.742179,-105.014799,11/22/2017 17:50,17:50,5,0,0,I25 & AURARIA PARKWAY FLYOVER,1,3,1,0,3,4,0,,55,0,0,0,0,0,1,3,5
,2017_13333,39.742179,-105.014799,4/24/2017 9:10,9:10,12,0,0,I25 NORTHBOUND RAMP OFF END & AURARIA PARKWAY BEGIN,1,1,1,0,1,8,1,,45,0,0,0,0,0,1,2,13
,2017_13334,39.742332,-105.014941,11/16/2017 15:57,15:57,12,0,0,I25 & AURARIA PARKWAY FLYOVER APPROXIMATELY,1,1,1,0,1,4,0,,55,0,0,0,0,1,1,2,13
,2017_13335,39.742639,-105.015225,8/30/2017 10:18,10:18,5,0,0,I25 SOUTHBOUND & COLFAX AVENUE WEST OFF RAMP GORE POINT,1,1,1,0,2,4,0,,55,0,0,0,0,0,1,1,1
,2017_13336,39.742771,-105.015357,5/13/2017 17:53,17:53,15,0,0,I25 & EIGHTH AVENUE WEST APPROXIMATELY,1,1,0,0,1,4,0,,55,0,0,0,0,0,1,2,13
,2017_13337,39.742892,-105.015483,5/18/2017 15:20,15:20,12,0,0,I25 & 17TH AVENUE WEST,2,1,0,2,1,4,0,,55,0,0,0,0,0,1,2,13
,2017_13338,39.742892,-105.015483,12/17/2017 11:49,11:49,12,0,0,I25 & SOUTHBOUND EXIT 210A,1,1,0,0,1,4,0,,55,0,0,0,0,0,1,3,13
,2017_13339,39.743252,-105.015861,1/21/2017 11:48,11:48,12,0,0,I25 NORTHBOUND & 17TH AVENUE WEST OFFSET REF NOT IN CORIS,1,1,0,0,1,4,0,,55,0,0,0,0,1,1,3,13
,2017_13340,39.743252,-105.015861,7/25/2017 16:25,16:25,12,0,0,I25 SOUTHBOUND & COLFAX AVENUE WEST,2,1,1,1,1,4,0,,55,0,0,0,0,0,1,2,3
,2017_13341,39.743372,-105.015987,3/3/2017 6:11,6:11,15,0,0,I25 & 17TH AVENUE WEST,1,2,0,0,1,4,0,,65,0,0,0,0,0,1,2,13
,2017_13342,39.743493,-105.016113,10/16/2017 17:28,17:28,12,0,0,I25 & 17TH AVENUE WEST OFFSET REF NOT IN CORIS,1,1,0,0,1,4,0,,55,0,0,0,0,1,1,2,13
,2017_13343,39.743493,-105.016113,12/27/2017 6:30,6:30,15,0,0,I25 & 17TH AVENUE OFFSET NOT IN CORIS,3,2,0,0,1,4,0,,,0,0,0,0,0,1,2,13
,2017_13345,39.743733,-105.016365,1/13/2017 18:17,18:17,15,0,0,I25 NORTHBOUND & 17TH AVENUE WEST LOOP ROAD / APPROXIMATELY,1,3,0,0,1,4,0,,55,0,0,0,0,0,1,2,13
,2017_13346,39.743733,-105.016365,3/12/2017 5:20,5:20,5,0,0,I25 NORTHBOUND & 17TH AVENUE WEST OFFSET REF NOT IN CORIS,1,3,0,0,3,4,0,,65,0,0,0,0,0,1,1,3
,2017_13347,39.743853,-105.016491,10/8/2017 11:50,11:50,12,0,0,I25 & 17TH AVENUE WEST EXIT 210C GORE POINT,1,1,0,0,1,4,0,,55,0,0,0,0,0,1,2,13
,2017_13348,39.743973,-105.016617,3/25/2017 15:30,15:30,12,0,0,I25 NORTHBOUND & 17TH AVENUE WEST OFFSET REF NOT IN CORIS,1,1,0,0,1,4,0,,55,0,0,0,0,0,1,2,13
,2017_13349,39.743973,-105.016617,5/1/2017 15:52,15:52,15,0,0,I 25 NORTHBOUND & 17TH AVENUE WEST OFFSET REF NOT IN CORIS,1,1,1,0,1,4,0,,55,0,0,0,0,0,1,2,3
,2017_13350,39.743973,-105.016617,6/8/2017 1:23,1:23,12,0,0,I25 EXIT GORE POINT APPROXIMATELY & 17TH AVENUE WEST OFFSET REF NOT IN CORIS,1,3,1,0,1,4,0,,55,0,0,0,0,0,1,2,14