id,drcog_id,latitude,longitude,crashtime,time,crashtype,numbkilled,numbinjurd,drcoglocat,rdconditin,lightngcon,roadcntgrd,weatherco,location,roaddescrp,constrzone,schoolzone,splimit,bikeinv,pedinv,sctrinv,motoinv,svrty,rdsystem,ttlvehcls,hcf
,2017_13351,39.743973,-105.016617,7/17/2017 15:11,15:11,12,0,0,I25 NORTHBOUND & 17TH AVENUE WEST OFFSET REF NOT IN CORIS,1,1,1,0,1,4,0,,55,0,0,0,0,0,1,2,13
,2017_13352,39.743973,-105.016617,7/27/2017 9:25,9:25,12,0,0,I25 NORTHBOUND & 17TH AVENUE WEST OFFSET REF NOT IN CORIS,1,1,0,0,1,4,0,,55,0,0,0,0,0,1,2,13
,2017_13353,39.759122,-105.007206,9/28/2017 6:30,6:30,15,0,0,I25 & 20TH STREET NORTHBOUND OFF RAMP APPROXIMATELY,2,2,0,1,1,4,0,,,0,0,0,0,0,1,2,13
,2017_13354,39.751295,-105.016566,6/21/2017 19:06,19:06,15,0,0,I25 SOUTHBOUND & 23RD AVENUE,1,1,0,0,1,4,0,,55,0,0,0,0,0,1,2,1
,2017_13355,39.743973,-105.016617,8/14/2017 6:25,6:25,12,0,0,I25 NORTHBOUND & 17TH AVENUE WEST OFFSET REF NOT IN CORIS,1,1,1,0,1,4,0,,55,0,0,0,0,0,1,2,13
,2017_13356,39.743973,-105.016617,10/3/2017 18:08,18:08,12,0,0,I25 SOUTHBOUND & 17TH AVENUE WEST OFFSET REF NOT IN CORIS,1,1,0,0,1,4,0,,,0,0,0,0,1,1,4,13
,2017_13357,39.743973,-105.016617,10/20/2017 10:55,10:55,12,0,0,I25 & 17TH AVENUE WEST OFFSET REF NOT IN CORIS,1,1,0,0,1,4,0,,60,0,0,0,0,0,1,3,1
,2017_13358,39.743973,-105.016617,10/31/2017 7:36,7:36,12,0,0,I25 & 17TH AVENUE WEST OFFSET REF NOT IN CORIS,1,1,0,0,1,4,0,,35,0,0,0,0,0,1,3,14
,2017_13359,39.743973,-105.016617,12/11/2017 15:26,15:26,12,0,0,I25 & 17TH AVENUE WEST OFFSET REF NOT IN CORIS,1,1,0,0,1,4,0,,65,0,0,0,0,0,1,2,13
,2017_13361,39.744088,-105.016734,9/1/2017 19:24,19:24,5,0,0,I25 & 17TH AVENUE WEST OFFSET REF NOT IN CORIS,1,1,0,0,2,4,0,,65,0,0,0,0,0,1,2,13
,2017_13362,39.744567,-105.017169,11/8/2017 15:30,15:30,12,0,0,I25 & 17TH AVENUE WEST OFFSET REF NOT IN CORIS,1,1,0,0,1,4,0,,55,0,0,0,0,0,1,3,1
,2017_13363,39.745172,-105.017638,11/20/2017 6:20,6:20,12,0,0,I25 & 23RD AVENUE,1,2,1,0,1,4,0,,55,0,0,0,0,0,1,2,3
,2017_13364,39.745404,-105.017771,1/18/2017 13:48,13:48,12,0,0,I25 NORTHBOUND & 17TH AVENUE WEST LOOP ROAD OFF RAMP,1,1,1,0,1,4,0,,55,0,0,0,0,1,1,2,13
,2017_13365,39.746664,-105.018145,9/14/2017 20:44,20:44,15,0,0,I25 & COLFAX AVENUE WEST,1,1,0,0,1,4,0,,55,0,0,0,0,0,1,2,13
,2017_13366,39.74698,-105.01816,4/20/2017 17:13,17:13,15,0,0,I25 NORTHBOUND MERGE LANE & MILE HIGH STADIUM CIRCLE 'C' RAMP ON APPROXIMATELY,2,2,0,1,1,4,0,,65,0,0,0,0,0,1,2,2
,2017_13367,39.74749,-105.018114,3/16/2017 11:56,11:56,12,0,0,I25 & 23RD AVENUE WEST,1,1,0,0,1,4,0,,55,0,0,0,0,1,1,2,7
,2017_13368,39.74749,-105.018114,5/8/2017 3:20,3:20,5,0,0,I25 & 23RD AVENUE WEST,1,3,0,0,2,4,0,,65,0,0,0,0,0,1,1,2
,2017_13369,39.74749,-105.018114,7/26/2017 5:40,5:40,15,0,0,I25 COLLECTOR RAMP ON & MILE HIGH STADIUM CIRCLE APPROXIMATELY,1,1,0,0,1,8,0,,35,0,0,0,0,0,1,2,14
,2017_13370,39.74851,-105.017752,6/4/2017 16:50,16:50,12,0,0,I25 NORTHBOUND & 23RD AVENUE WEST EXIT GORE APPROXIMATELY,1,1,0,0,1,4,0,,55,0,0,0,0,0,1,2,13
,2017_13371,39.74851,-105.017752,10/28/2017 22:30,22:30,12,0,0,I25 & 23RD AVENUE WEST,1,3,0,0,1,4,0,,55,0,0,0,0,0,1,2,14
,2017_13372,39.748809,-105.017819,5/1/2017 14:42,14:42,12,0,0,I25 & 21ST AVENUE WEST OFFSET REF NOT CORIS,1,1,0,0,1,4,0,,65,0,0,0,0,0,1,2,13
,2017_13373,39.750581,-105.016886,2/20/2017 17:46,17:46,12,0,0,I25 & 23RD AVENUE WEST,1,3,0,0,1,4,0,,65,0,0,0,0,0,1,2,10
,2017_13374,39.749114,-105.017504,1/25/2017 17:55,17:55,12,0,0,I25 NORTHBOUND & 23RD AVENUE WEST,1,3,0,0,1,4,0,,55,0,0,0,0,0,1,4,8
,2017_13375,39.749701,-105.017257,3/11/2017 19:31,19:31,12,0,0,I25 & 23RD AVENUE WEST,1,3,0,0,1,4,0,,50,0,0,0,0,0,1,2,13
,2017_13376,39.749701,-105.017257,6/13/2017 15:50,15:50,15,0,0,I25 NORTHBOUND EXIT LANE & 23RD AVENUE,1,1,1,0,1,4,0,,55,0,0,0,0,0,1,2,8
,2017_13377,39.749701,-105.017257,9/27/2017 18:09,18:09,12,0,0,I25 & 23RD AVENUE WEST,1,3,0,0,1,4,0,,,0,0,0,0,1,1,3,13
,2017_13378,39.749701,-105.017257,12/14/2017 9:43,9:43,12,0,0,I25 & MM 211,1,1,0,0,1,4,0,,55,0,0,0,0,0,1,2,13
,2017_13379,39.749848,-105.017195,1/7/2017 22:25,22:25,5,0,0,I25 NORTHBOUND & 23RD AVENUE WEST,1,3,0,0,1,4,0,,65,0,0,0,0,0,1,2,13
,2017_13380,39.749848,-105.017195,3/2/2017 6:26,6:26,12,0,0,I25 NORTHBOUND & 23RD AVENUE WEST,1,1,0,0,1,4,0,,55,0,0,0,0,0,1,3,13
,2017_13381,39.749848,-105.017195,3/27/2017 10:13,10:13,15,0,0,I25 SOUTHBOUND & 23RD AVENUE WEST OFF RAMP,1,1,0,0,1,4,0,,65,0,0,0,0,0,1,2,14
,2017_13382,39.749848,-105.017195,4/13/2017 12:07,12:07,12,0,0,I25 & 23RD AVENUE OFF RAMP GORE POINT,1,1,0,0,1,4,0,,65,0,0,0,0,0,1,2,3
,2017_13383,39.749848,-105.017195,5/12/2017 6:35,6:35,15,0,1,I25 NORTHBOUND & 23RD AVENUE WEST RAMP OFF GORE APPROXIMATELY,1,1,0,0,1,4,0,,65,0,0,0,0,2,1,2,13
,2017_13384,39.749848,-105.017195,7/14/2017 6:48,6:48,12,0,0,I25 NORTHBOUND & 23RD AVENUE WEST EXIT GORE APPROXIMATELY,1,1,0,0,1,4,0,,55,0,0,0,0,0,1,2,14
,2017_13385,39.749848,-105.017195,9/2/2017 17:17,17:17,12,0,0,I25 NORTHBOUND & 23RD AVENUE EXIT GORE POINT,1,1,0,0,1,4,0,,55,0,0,0,0,0,1,3,3
,2017_13387,39.749848,-105.017195,10/9/2017 14:15,14:15,15,0,0,I25 NORTHBOUND & 23RD AVENUE WEST EXIT,2,1,1,0,1,4,0,,55,0,0,0,0,0,1,6,7
,2017_13388,39.749848,-105.017195,10/11/2017 9:25,9:25,15,0,0,I25 NORTHBOUND & 23RD AVENUE WEST EXIT GORE APPROXIMATELY,1,1,0,0,1,4,0,,55,0,0,0,0,1,1,4,1
,2017_13389,39.749848,-105.017195,10/23/2017 13:30,13:30,15,0,0,I25 NORTHBOUND & 23RD AVENUE WEST EXIT GORE APPROXIMATELY,1,1,0,0,1,4,0,,55,0,0,0,0,0,1,2,14
,2017_13390,39.749848,-105.017195,10/31/2017 7:40,7:40,12,0,0,I25 & 23RD AVENUE WEST NORTHBOUND EXIT GORE APPROXIMATELY,1,1,0,0,1,4,0,,55,0,0,0,0,1,1,2,14
,2017_13391,39.750728,-105.016824,9/28/2017 16:00,16:00,15,0,0,I25 & 23RD AVENUE,1,1,0,0,1,4,0,,60,0,0,0,0,0,1,2,3
,2017_13392,39.749994,-105.017133,1/11/2017 15:56,15:56,12,0,0,I25 NORTHBOUND & 23RD AVENUE WEST,1,1,0,0,1,4,0,,55,0,0,0,0,0,1,4,13
,2017_13393,39.749994,-105.017133,6/12/2017 15:54,15:54,12,0,0,I25 SOUTHBOUND & 23RD AVENUE WEST,1,1,0,0,1,4,0,,55,0,0,0,0,0,1,4,13
,2017_13394,39.749994,-105.017133,7/16/2017 10:23,10:23,12,0,0,I25 NORTHBOUND & EXIT 211,1,1,0,0,1,4,0,,55,0,0,0,0,0,1,3,8
,2017_13395,39.749994,-105.017133,10/25/2017 11:29,11:29,12,0,0,I25 & 23RD AVENUE WEST,1,1,0,0,1,4,0,,55,0,0,0,0,1,1,3,1
,2017_13396,39.750141,-105.017071,10/14/2017 10:41,10:41,12,0,0,I25 & AURARIA PARKWAY,1,1,0,0,1,4,0,,55,0,0,0,0,0,1,2,13
,2017_13397,39.750434,-105.016948,4/1/2017 15:50,15:50,12,0,0,I25 NORTHBOUND & 23RD AVENUE WEST,1,1,0,0,1,4,0,,55,0,0,0,0,0,1,2,13
,2017_13398,39.750581,-105.016886,1/21/2017 19:23,19:23,12,0,0,I25 NORTHBOUND & 23RD AVENUE WEST,1,3,0,0,1,4,0,,55,0,0,0,0,0,1,3,13
,2017_13399,39.750728,-105.016824,1/18/2017 15:25,15:25,12,0,0,I25 NORTHBOUND & 23RD AVENUE WEST,1,1,0,0,1,4,0,,55,0,0,0,0,0,1,4,1
,2017_13400,39.750728,-105.016824,3/15/2017 18:09,18:09,12,0,0,I25 NORTHBOUND & 23RD AVENUE WEST,1,1,0,0,1,4,0,,55,0,0,0,0,0,1,2,13
,2017_13401,39.752558,-105.015774,11/8/2017 5:59,5:59,15,0,0,I25 & SPEER BOULEVARD,2,3,0,0,1,4,0,,55,0,0,0,0,0,1,2,13
,2017_13402,39.750728,-105.016824,3/20/2017 18:30,18:30,12,0,0,I25 & 23RD AVENUE WEST,1,1,0,0,1,4,0,,65,0,0,0,0,0,1,2,3
,2017_13403,39.750728,-105.016824,9/23/2017 20:37,20:37,12,0,0,I25 & 23RD AVENUE WEST,2,3,0,1,1,4,0,,50,0,0,0,0,0,1,3,13
,2017_13404,39.750728,-105.016824,11/18/2017 17:44,17:44,15,0,0,I25 & 23RD AVENUE WEST,1,1,0,0,1,4,0,,55,0,0,0,0,0,1,2,13
,2017_13405,39.750874,-105.016763,7/1/2017 21:50,21:50,12,0,1,I25 NORTHBOUND & 23RD AVENUE WEST,1,3,1,0,1,4,0,,55,0,0,0,0,2,1,3,6
,2017_13406,39.750874,-105.016763,11/4/2017 15:46,15:46,12,0,0,I25 & 23RD AVENUE WEST,1,1,0,0,1,4,0,,55,0,0,0,0,0,1,3,13
,2017_13407,39.751021,-105.016701,5/6/2017 13:40,13:40,12,0,0,I25 & 23RD AVENUE WEST,1,1,0,0,1,4,0,,55,0,0,0,0,0,1,2,13
,2017_13408,39.751021,-105.016701,7/5/2017 17:45,17:45,15,0,0,I25 NORTHBOUND & 23RD AVENUE WEST,1,1,0,0,1,4,0,,55,0,0,0,0,0,1,2,1
,2017_13409,39.751021,-105.016701,9/1/2017 22:29,22:29,12,0,0,I25 2200 BLOCK & 23RD AVENUE WEST,1,3,0,0,1,4,0,,55,0,0,0,0,1,1,2,13
,2017_13411,39.751021,-105.016701,10/30/2017 16:44,16:44,12,0,0,I25 & 23RD AVENUE WEST,1,1,0,0,1,4,0,,55,0,0,0,0,0,1,2,14
,2017_13412,39.751021,-105.016701,12/15/2017 18:22,18:22,12,0,0,I25 & 23RD AVENUE WEST,1,3,0,0,1,4,0,,65,0,0,0,0,1,1,2,13
,2017_13413,39.75115,-105.016647,1/18/2017 17:39,17:39,12,0,0,I25 SOUTHBOUND & 23RD AVENUE WEST,1,3,0,0,1,4,0,,65,0,0,0,0,1,1,2,13
,2017_13414,39.75115,-105.016647,2/8/2017 15:56,15:56,12,0,0,I25 NORTHBOUND & 23RD AVENUE WEST,1,1,1,0,1,4,0,,55,0,0,0,0,0,1,2,3
,2017_13415,39.75115,-105.016647,10/18/2017 14:05,14:05,12,0,0,I25 & 23RD AVENUE WEST,1,1,1,0,1,4,0,,55,0,0,0,0,0,1,2,13
,2017_13416,39.75115,-105.016647,11/18/2017 19:22,19:22,12,0,0,I25 & 23RD AVENUE WEST,1,3,0,0,1,4,0,,55,0,0,0,0,0,1,2,13
,2017_13417,39.75115,-105.016647,12/24/2017 12:14,12:14,15,0,0,I25 SOUTHBOUND & 23RD AVENUE WEST,9,1,1,0,1,4,0,,55,0,0,0,0,0,1,2,4
,2017_13418,39.75115,-105.016647,6/20/2017 8:50,8:50,12,0,0,I25 NORTHBOUND RAMP OFF & 23RD AVENUE WB,1,1,0,0,1,8,0,,35,0,0,0,0,0,1,2,14
,2017_13419,39.751295,-105.016566,1/2/2017 17:26,17:26,12,0,0,I25 SOUTHBOUND & 23RD AVENUE WEST INTCH,1,3,1,0,1,4,0,,65,0,0,0,0,0,1,2,13
,2017_13420,39.751295,-105.016566,1/13/2017 17:35,17:35,15,0,0,I25 SOUTHBOUND & 23RD AVENUE WEST,1,2,1,0,1,4,0,,55,0,0,0,0,0,1,2,13
,2017_13421,39.751295,-105.016566,1/18/2017 19:27,19:27,12,0,0,I25 NORTHBOUND & 23RD AVENUE WEST,1,3,0,0,1,4,0,,55,0,0,0,0,1,1,3,1
,2017_13422,39.751295,-105.016566,2/10/2017 15:51,15:51,12,0,0,I25 NORTHBOUND & 23RD AVENUE WEST,1,1,0,0,1,4,0,,65,0,0,0,0,0,1,3,13
,2017_13423,39.751295,-105.016566,2/18/2017 14:34,14:34,12,0,0,I25 & 23RD AVENUE WEST,1,1,0,0,1,4,0,,55,0,0,0,0,0,1,2,7
,2017_13424,39.751295,-105.016566,2/22/2017 11:06,11:06,12,0,0,I25 & 23RD AVENUE WEST,1,1,0,0,1,4,0,,65,0,0,0,0,0,1,2,12
,2017_13425,39.751295,-105.016566,2/24/2017 14:35,14:35,12,0,0,I25 NORTHBOUND & 23RD AVENUE WEST,1,1,1,0,1,4,0,,55,0,0,0,0,0,1,4,3
,2017_13426,39.751295,-105.016566,3/5/2017 12:36,12:36,12,0,1,I25 & 23RD AVENUE WEST,1,1,0,0,1,4,0,,65,0,0,0,0,2,1,2,14
,2017_13427,39.751295,-105.016566,3/11/2017 18:45,18:45,12,0,0,I25 NORTHBOUND & 23RD AVENUE WEST,1,1,0,0,1,4,0,,55,0,0,0,0,0,1,2,13
,2017_13428,39.751295,-105.016566,4/3/2017 13:17,13:17,12,0,0,I25 NORTHBOUND & 23RD AVENUE WEST,1,1,0,0,1,4,0,,55,0,0,0,0,0,1,2,13
,2017_13429,39.751295,-105.016566,4/4/2017 15:36,15:36,12,0,0,I25 SOUTHBOUND & 23RD AVENUE,1,1,0,0,1,4,0,,55,0,0,0,0,0,1,3,13
,2017_13430,39.751295,-105.016566,4/6/2017 14:57,14:57,12,0,0,I25 & 23RD AVENUE WEST,1,1,1,0,1,4,0,,65,0,0,0,0,0,1,2,13
,2017_13431,39.751295,-105.016566,4/11/2017 18:06,18:06,12,0,0,I25 & 23RD AVENUE WEST,1,2,0,0,1,4,0,,55,0,0,0,0,0,1,3,13
,2017_13432,39.751295,-105.016566,4/13/2017 14:30,14:30,12,0,0,I25 & 23RD AVENUE,1,1,0,0,1,4,0,,55,0,0,0,0,0,1,2,14
,2017_13433,39.751295,-105.016566,4/14/2017 17:52,17:52,12,0,0,I25 NORTHBOUND & 23RD AVENUE WEST,1,1,0,0,1,4,0,,65,0,0,0,0,1,1,3,13
,2017_13434,39.751295,-105.016566,4/23/2017 16:44,16:44,12,0,0,I25 SOUTHBOUND & 23RD AVENUE WEST,1,1,0,0,1,4,0,,55,0,0,0,0,0,1,2,13
,2017_13435,39.751295,-105.016566,4/25/2017 11:37,11:37,12,0,0,I25 & 23RD AVENUE WEST,1,1,1,0,1,4,0,,65,0,0,0,0,0,1,2,14
,2017_13437,39.751295,-105.016566,5/7/2017 11:31,11:31,12,0,0,I25 & 23RD AVENUE WEST,1,1,0,0,1,4,0,,65,0,0,0,0,0,1,2,13
,2017_13438,39.751295,-105.016566,5/22/2017 19:23,19:23,12,0,0,I25 & 23RD AVENUE WEST APPROXIMATELY,2,2,1,1,1,4,0,,55,0,0,0,0,0,1,2,13
,2017_13439,39.751295,-105.016566,5/25/2017 14:21,14:21,15,0,0,I25 & 23RD AVENUE WEST,1,1,1,0,1,4,0,,65,0,0,0,0,0,1,2,3
,2017_13440,39.751295,-105.016566,5/30/2017 8:02,8:02,12,0,0,I25 & 23RD AVENUE,1,1,0,0,1,4,0,,55,0,0,0,0,0,1,2,3
,2017_13441,39.751295,-105.016566,6/11/2017 14:55,14:55,12,0,0,I25 & 23RD AVENUE,1,1,0,0,1,4,0,,55,0,0,0,0,0,1,2,3
,2017_13442,39.751295,-105.016566,6/22/2017 12:18,12:18,12,0,0,I25 NORTHBOUND & 23RD AVENUE WEST,1,1,0,0,1,4,0,,55,0,0,0,0,0,1,3,13
,2017_13443,39.751295,-105.016566,6/26/2017 10:45,10:45,15,0,0,I25 SOUTHBOUND & 23RD AVENUE WEST,1,1,0,0,1,4,0,,65,0,0,0,0,0,1,2,13
,2017_13444,39.751295,-105.016566,7/31/2017 15:35,15:35,15,0,0,I25 SOUTHBOUND & 23RD AVENUE WEST,1,1,0,0,1,4,0,,55,0,0,0,0,0,1,2,13
,2017_13445,39.751295,-105.016566,8/14/2017 18:33,18:33,12,0,0,I25 & 23RD AVENUE WEST,1,1,0,0,1,4,0,,55,0,0,0,0,0,1,3,13
,2017_13446,39.751295,-105.016566,8/17/2017 13:54,13:54,15,0,0,I25 NORTHBOUND & 23RD AVENUE,1,1,0,0,1,4,0,,65,0,0,0,0,0,1,2,13
,2017_13447,39.751295,-105.016566,8/22/2017 11:54,11:54,12,0,0,I25 NORTHBOUND & 23RD AVENUE WEST,1,1,1,0,1,4,0,,55,0,0,0,0,0,1,2,12
,2017_13448,39.751295,-105.016566,9/7/2017 17:16,17:16,12,0,0,I25 NORTHBOUND & 23RD AVENUE WEST,1,1,1,0,1,4,0,,55,0,0,0,0,0,1,2,13
,2017_13449,39.751295,-105.016566,9/12/2017 10:23,10:23,5,0,0,I25 & 23RD AVENUE,1,1,0,0,1,4,0,,55,0,0,0,0,0,1,3,14
,2017_13450,39.751295,-105.016566,9/28/2017 13:04,13:04,12,0,0,I25 NORTHBOUND & 23RD AVENUE WEST,1,1,0,0,1,4,0,,65,0,0,0,0,0,1,2,13
,2017_13451,39.751295,-105.016566,10/18/2017 20:25,20:25,12,0,0,I25 & 23RD AVENUE WEST,1,3,0,0,1,4,0,,55,0,0,0,0,0,1,3,13
,2017_13452,39.751295,-105.016566,10/24/2017 9:00,9:00,12,0,0,I25 & 23RD AVENUE WEST,1,1,0,0,1,4,0,,55,0,0,0,0,1,1,2,8
,2017_13453,39.751295,-105.016566,10/25/2017 6:03,6:03,12,0,0,I25 & 23RD AVENUE WEST,1,1,0,0,1,4,0,,55,0,0,0,0,0,1,2,1
,2017_13454,39.751295,-105.016566,10/30/2017 15:41,15:41,12,0,1,I25 & 23RD AVENUE WEST,1,1,0,0,1,4,0,,55,0,0,0,0,2,1,3,13
,2017_13455,39.751295,-105.016566,10/31/2017 6:38,6:38,15,0,0,I25 & 23RD AVENUE WEST,1,1,0,0,1,4,0,,55,0,0,0,0,0,1,3,13
,2017_13456,39.751295,-105.016566,10/31/2017 7:00,7:00,12,0,0,I25 & 23RD AVENUE WEST,1,2,0,0,1,4,0,,55,0,0,0,0,0,1,2,14
,2017_13457,39.751295,-105.016566,11/4/2017 14:33,14:33,12,0,0,I25 & 23RD AVENUE WEST,1,1,0,1,1,4,0,,55,0,0,0,0,0,1,3,13
,2017_13458,39.751295,-105.016566,11/12/2017 12:39,12:39,12,0,0,I25 & 23RD AVENUE WEST,1,1,0,0,1,4,0,,55,0,0,0,0,0,1,3,13
,2017_13459,39.751295,-105.016566,11/15/2017 2:03,2:03,15,0,0,I25 & 23RD AVENUE WEST,1,3,0,0,1,4,0,,55,0,0,0,0,0,1,3,13
,2017_13460,39.751295,-105.016566,11/25/2017 17:30,17:30,12,0,0,I25 & 23RD AVENUE WEST,1,2,0,0,1,4,0,,55,0,0,0,0,0,1,2,13
,2017_13462,39.751295,-105.016566,11/29/2017 16:11,16:11,12,0,0,I25 & 23RD AVENUE,1,1,0,0,1,4,0,,55,0,0,0,0,0,1,2,13
,2017_13463,39.751295,-105.016566,12/5/2017 6:22,6:22,15,0,0,I25 & 23RD AVENUE WEST,1,3,1,0,1,4,0,,55,0,0,0,0,0,1,2,13
,2017_13464,39.751295,-105.016566,12/12/2017 16:33,16:33,12,0,0,I25 & 23RD AVENUE,1,5,1,0,1,4,0,,55,0,0,0,0,0,1,3,13
,2017_13465,39.751295,-105.016566,12/15/2017 12:31,12:31,12,0,0,I25 & 23RD AVENUE,1,1,0,0,1,4,0,,55,0,0,0,0,0,1,2,1
,2017_13466,39.751295,-105.016566,12/22/2017 13:15,13:15,12,0,0,I25 & 23RD AVENUE,1,1,0,0,1,4,0,,65,0,0,0,0,0,1,3,1
,2017_13467,39.751295,-105.016566,6/26/2017 15:47,15:47,12,0,0,23RD AVENUE WEST & I25,1,1,0,0,1,4,0,,25,0,0,0,0,0,1,2,13
,2017_13468,39.751295,-105.016566,1/2/2017 15:16,15:16,1,0,0,23RD AVENUE WEST & I25 SOUTHBOUND RAMPS,1,1,1,0,1,1,0,,30,0,0,0,0,0,1,2,13
,2017_13469,39.751295,-105.016566,4/7/2017 13:02,13:02,15,0,0,23RD AVENUE WEST & I25 SOUTHBOUND RAMPS,1,1,0,0,1,1,0,,30,0,0,0,0,0,1,2,12
,2017_13470,39.751295,-105.016566,10/6/2017 18:44,18:44,1,0,0,23RD AVENUE WEST & I25 SOUTHBOUND RAMPS,1,3,0,0,1,1,0,,25,0,0,0,0,0,1,2,13
,2017_13471,39.751295,-105.016566,2/3/2017 9:50,9:50,3,0,0,I25 NORTHBOUND OFF RAMP & 23RD AVENUE,2,1,0,0,1,1,0,,30,0,0,0,0,0,1,2,13
,2017_13472,39.751295,-105.016566,5/15/2017 11:40,11:40,12,0,0,23RD AVENUE WEST & I25 NORTHBOUND RAMP OFF,1,1,1,0,1,1,0,,30,0,0,0,0,0,1,2,3
,2017_13473,39.751425,-105.016494,5/25/2017 7:30,7:30,12,0,0,I25 SOUTHBOUND RAMP OFF & 23RD AVENUE,1,1,0,0,1,8,0,,30,0,0,0,0,0,1,2,13
,2017_13474,39.751425,-105.016494,10/1/2017 16:56,16:56,15,0,0,I25 SOUTHBOUND RAMP & 23RD AVENUE WEST,1,1,0,0,1,8,0,,55,0,0,0,0,0,1,2,8
,2017_13475,39.751555,-105.016422,9/13/2017 19:20,19:20,15,0,0,I25 & 23RD AVENUE WEST,1,3,0,0,1,4,0,,55,0,0,0,0,0,1,2,1
,2017_13476,39.752789,-105.015573,10/9/2017 9:10,9:10,15,0,0,I25 NORTHBOUND & 23RD AVENUE WEST 'C' RAMP ON GORE,2,1,0,2,1,4,0,,65,0,0,0,0,0,1,2,14
,2017_13477,39.752902,-105.015466,4/5/2017 12:51,12:51,15,0,0,I25 & 23RD AVENUE WEST ON RAMP GORE,1,1,1,0,1,4,0,,55,0,0,0,0,0,1,2,13
,2017_13478,39.753015,-105.015359,4/18/2017 7:44,7:44,15,0,0,I25 SOUTHBOUND MERGE LANE & SPEER BOULEVARD NORTH,1,1,0,0,1,4,0,,65,0,0,0,0,0,1,2,1
,2017_13479,39.753015,-105.015359,6/9/2017 8:13,8:13,12,0,0,I25 NORTHBOUND EXIT LANE & SPEER BOULEVARD RAMP OFF GORE,1,1,0,0,1,4,0,,65,0,0,0,0,0,1,2,13
,2017_13480,39.753015,-105.015359,6/12/2017 16:25,16:25,15,0,0,I25 SOUTHBOUND RAMP ON MERGE LANE & SPEER BOULEVARD,1,1,1,0,1,4,0,,55,0,0,0,0,0,1,2,13
,2017_13481,39.779391,-104.989164,6/2/2017 10:59,10:59,12,0,0,I25 SOUTHBOUND & I70,1,1,1,0,1,4,0,,55,0,0,0,0,1,1,2,13
,2017_13482,39.753127,-105.015252,4/4/2017 9:53,9:53,15,0,0,I25 SOUTHBOUND MERGE LANE & SPEER BOULEVARD SOUTHBOUND ON RAMP GORE,2,1,0,2,1,4,0,,55,0,0,0,0,0,1,2,13
,2017_13483,39.755118,-105.012754,12/18/2017 15:57,15:57,12,0,0,I25 & SPEER BOULEVARD NORTH,1,2,0,0,1,4,0,,55,0,0,0,0,1,1,2,13
,2017_13484,39.755118,-105.012754,7/10/2017 10:10,10:10,15,0,0,I25 & SPEER BOULEVARD NORTH,1,1,0,0,1,4,0,,55,0,0,0,0,0,1,2,13
,2017_13485,39.755118,-105.012754,6/6/2017 11:20,11:20,12,0,0,I25 & SPEER BOULEVARD NORTH,1,1,1,0,1,4,0,,,0,0,0,0,0,1,2,13
,2017_13486,39.753575,-105.014818,5/17/2017 12:05,12:05,15,0,0,I25 NORTHBOUND & SPEER BOULEVARD RAMP OFF GORE APPROXIMATELY,1,1,0,0,1,4,0,,65,0,0,0,0,1,1,3,14
,2017_13487,39.754084,-105.015165,4/22/2017 16:30,16:30,15,0,0,I25 SOUTHBOUND RAMP ON MERGE LANE & SPEER BOULEVARD,1,1,0,0,1,8,0,,65,0,0,0,0,0,1,2,13
,2017_13488,39.75409,-105.01519,3/30/2017 13:23,13:23,12,0,0,I25 HIGHWAY SOUTHBOUND RAMP ON METER LIGHT & SPEER BOULEVARD SOUTHBOUND,1,1,0,0,1,8,0,,45,0,0,0,0,0,1,2,1
,2017_13489,39.753885,-105.014451,7/29/2017 21:22,21:22,15,0,0,I25 SOUTHBOUND & SPEER BOULEVARD NORTH,1,3,0,0,1,4,0,,55,0,0,0,0,0,1,2,13
,2017_13490,39.754175,-105.014065,10/15/2017 15:28,15:28,12,0,0,I25 & 23RD AVENUE WEST,1,1,0,0,1,4,0,,55,0,0,0,0,0,1,2,13
,2017_13491,39.754269,-105.013934,2/9/2017 21:35,21:35,5,0,0,I25 NORTHBOUND & SPEER BOULEVARD NORTH INTCH APPROXIMATELY,1,3,1,0,2,4,0,,55,0,0,0,0,0,1,1,5
,2017_13492,39.754871,-105.013629,7/9/2017 17:00,17:00,5,0,0,I25 SOUTHBOUND CRASH CUSHION & EXIT 211  23RD AVENUE WEST SOUTHBOUND EXIT GORE,1,1,0,0,3,4,0,,55,0,0,0,0,0,1,1,14
,2017_13493,39.754871,-105.013631,5/31/2017 15:51,15:51,5,0,0,I25 SOUTHBOUND RAMP OFF & 23RD AVENUE WEST EXIT GORE,1,1,0,0,2,8,0,,55,0,0,0,0,0,1,1,1
,2017_13494,39.754929,-105.013016,3/26/2017 23:05,23:05,12,0,0,I25 NORTHBOUND & SPEER BOULEVARD NORTH,1,3,0,0,1,4,0,,65,0,0,0,0,0,1,2,7
,2017_13495,39.754929,-105.013016,5/7/2017 0:15,0:15,15,0,0,I25 & SPEER BOULEVARD NORTH,1,3,0,0,1,4,0,,55,0,0,0,0,0,1,2,13
,2017_13496,39.754929,-105.013016,8/19/2017 20:50,20:50,15,0,0,I25 & SPEER BOULEVARD NORTH,1,3,0,0,1,4,0,,,0,0,0,0,0,1,2,13
,2017_13497,39.754929,-105.013016,11/10/2017 1:50,1:50,12,0,0,I25 & SPEER BOULEVARD NORTH,1,3,0,0,1,4,0,,55,0,0,0,0,0,1,2,7
,2017_13498,39.755024,-105.012885,4/25/2017 6:31,6:31,12,0,0,I25 & SPEER BOULEVARD,1,1,0,0,1,4,0,,55,0,0,0,0,0,1,2,14