id,drcog_id,latitude,longitude,crashtime,time,crashtype,numbkilled,numbinjurd,drcoglocat,rdconditin,lightngcon,roadcntgrd,weatherco,location,roaddescrp,constrzone,schoolzone,splimit,bikeinv,pedinv,sctrinv,motoinv,svrty,rdsystem,ttlvehcls,hcf
,2017_13499,39.755024,-105.012885,7/1/2017 21:28,21:28,9,0,0,I25 & SPEER BOULEVARD NORTH,1,3,0,0,1,4,0,,55,0,0,0,1,0,1,1,7
,2017_13500,39.755024,-105.012885,9/28/2017 8:06,8:06,12,0,0,I25 SOUTHBOUND & SPEER BOULEVARD NORTH,2,1,0,1,1,4,0,,55,0,0,0,0,0,1,2,13
,2017_13501,39.755024,-105.012885,1/18/2017 7:40,7:40,12,0,0,I25 SOUTHBOUND SLIP RAMP ON & SPEER BOULEVARD NORTH,1,1,0,0,1,8,0,,35,0,0,0,0,0,1,3,3
,2017_13502,39.755024,-105.012885,6/26/2017 22:15,22:15,12,0,0,I25 SOUTHBOUND ON RAMP & SPEER BOULEVARD NORTH,1,3,0,0,1,8,0,,55,0,0,0,0,0,1,2,13
,2017_13504,39.755024,-105.012885,12/27/2017 16:32,16:32,15,0,0,I25 SOUTHBOUND RAMP ON & SPEER BOULEVARD NORTH,1,1,0,0,1,8,0,,25,0,0,0,0,0,1,2,1
,2017_13505,39.755024,-105.012885,7/5/2017 4:20,4:20,15,0,0,I25 NORTHBOUND LOOP RAMP ON & SPEER BOULEVARD NORTH,1,3,1,0,1,8,0,,55,0,0,0,0,0,1,2,13
,2017_13506,39.755118,-105.012754,1/24/2017 17:09,17:09,12,0,0,I25 SOUTHBOUND & SPEER BOULEVARD NORTH,1,3,0,0,1,4,0,,55,0,0,0,0,0,1,2,13
,2017_13507,39.755118,-105.012754,2/15/2017 12:55,12:55,15,0,0,I25 & SPEER BOULEVARD NORTH,1,1,1,0,1,4,0,,55,0,0,0,0,0,1,2,14
,2017_13508,39.755118,-105.012754,3/15/2017 14:33,14:33,12,0,0,I25 & SPEER BOULEVARD NORTH,1,1,0,0,1,4,0,,55,0,0,0,0,0,1,3,14
,2017_13509,39.755118,-105.012754,4/15/2017 17:28,17:28,12,0,0,I25 SOUTHBOUND & SPEER BOULEVARD NORTH,1,1,0,0,1,4,0,,55,0,0,0,0,1,1,3,13
,2017_13510,39.755118,-105.012754,4/19/2017 19:07,19:07,12,0,0,I25 NORTHBOUND & SPEER BOULEVARD NORTH,1,1,0,0,1,4,0,,65,0,0,0,0,0,1,2,1
,2017_13511,39.755118,-105.012754,5/25/2017 15:16,15:16,15,0,0,I25 & SPEER BOULEVARD NORTH,1,1,1,0,1,4,0,,65,0,0,0,0,0,1,2,13
,2017_13512,39.755118,-105.012754,5/26/2017 15:15,15:15,12,0,0,I25 & SPEER BOULEVARD NORTH,1,1,0,0,1,4,0,,65,0,0,0,0,0,1,3,1
,2017_13513,39.755118,-105.012754,5/29/2017 21:50,21:50,15,0,0,I25 & SPEER BOULEVARD NORTH,1,3,1,0,1,4,0,,55,0,0,0,0,0,1,2,1
,2017_13514,39.755118,-105.012754,6/13/2017 18:00,18:00,12,0,0,I25 & SPEER BOULEVARD NORTH,1,1,0,0,1,4,0,,55,0,0,0,0,0,1,2,13
,2017_13515,39.755118,-105.012754,6/22/2017 16:32,16:32,12,0,0,I25 & SPEER BOULEVARD NORTH,1,1,0,0,1,4,0,,55,0,0,0,0,0,1,2,13
,2017_13516,39.755118,-105.012754,6/30/2017 16:43,16:43,12,0,0,I25 & SPEER BOULEVARD NORTH,1,1,0,0,1,4,0,,55,0,0,0,0,0,1,2,13
,2017_13517,39.755118,-105.012754,7/17/2017 11:27,11:27,12,0,0,I25 SOUTHBOUND & SPEER BOULEVARD NORTH,1,1,0,0,1,4,0,,55,0,0,0,0,0,1,2,13
,2017_13518,39.755118,-105.012754,7/17/2017 16:16,16:16,12,0,0,I25 & SPEER BOULEVARD NORTH,1,1,0,0,1,4,0,,55,0,0,0,0,0,1,2,13
,2017_13519,39.755118,-105.012754,7/18/2017 17:14,17:14,12,0,0,I25 & SPEER BOULEVARD NORTH,1,1,0,0,1,4,0,,65,0,0,0,0,0,1,2,13
,2017_13520,39.755118,-105.012754,7/21/2017 11:03,11:03,15,0,0,I25 NORTHBOUND & SPEER BOULEVARD NORTH,1,1,0,0,1,4,0,,55,0,0,0,0,0,1,2,14
,2017_13521,39.755118,-105.012754,7/26/2017 20:51,20:51,12,0,0,I25 & SPEER BOULEVARD NORTH,2,3,0,1,1,4,0,,55,0,0,0,0,0,1,3,3
,2017_13522,39.755118,-105.012754,8/8/2017 14:00,14:00,12,0,0,I25 & SPEER BOULEVARD NORTH,1,1,0,0,1,4,0,,55,0,0,0,0,0,1,2,13
,2017_13523,39.755118,-105.012754,8/11/2017 15:15,15:15,12,0,0,I25 NORTHBOUND & SPEER BOULEVARD NORTH,1,1,0,0,1,4,0,,55,0,0,0,0,0,1,2,13
,2017_13524,39.755118,-105.012754,8/17/2017 18:09,18:09,15,0,0,I25 & SPEER BOULEVARD NORTH,1,1,0,0,1,4,0,,,0,0,0,0,0,1,2,13
,2017_13525,39.755118,-105.012754,8/22/2017 11:07,11:07,12,0,0,I25 SOUTHBOUND & SPEER BOULEVARD NORTH,1,1,0,0,1,4,0,,55,0,0,0,0,0,1,2,1
,2017_13526,39.755118,-105.012754,8/23/2017 15:50,15:50,12,0,0,I25 & SPEER BOULEVARD NORTH,1,1,0,0,1,4,0,,55,0,0,0,0,0,1,2,13
,2017_13527,39.755118,-105.012754,8/30/2017 12:10,12:10,15,0,0,I25 & SPEER BOULEVARD NORTH,1,1,1,0,1,4,0,,55,0,0,0,0,1,1,4,13
,2017_13528,39.755118,-105.012754,9/5/2017 9:11,9:11,15,0,0,I25 & SPEER BOULEVARD NORTH,1,1,0,0,1,4,0,,55,0,0,0,0,0,1,2,1
,2017_13529,39.755118,-105.012754,9/6/2017 9:10,9:10,12,0,1,I25 SOUTHBOUND & SPEER BOULEVARD NORTH,1,1,0,0,1,4,0,,65,0,0,0,0,2,1,2,13
,2017_13530,39.755118,-105.012754,9/8/2017 9:36,9:36,12,0,0,I25 SOUTHBOUND & SPEER BOULEVARD NORTH,1,1,0,0,1,4,0,,55,0,0,0,0,0,1,3,13
,2017_13531,39.755118,-105.012754,12/18/2017 17:51,17:51,15,0,0,I25 & SPEER BOULEVARD,1,3,0,0,1,4,0,,55,0,0,0,0,0,1,2,13
,2017_13532,39.755118,-105.012754,9/11/2017 7:07,7:07,12,0,0,I25 SOUTHBOUND & SPEER BOULEVARD NORTH,1,1,0,0,1,4,0,,55,0,0,0,0,0,1,2,13
,2017_13533,39.755118,-105.012754,9/16/2017 13:59,13:59,12,0,0,I25 & SPEER BOULEVARD NORTH,1,1,0,0,1,4,0,,55,0,0,0,0,0,1,3,13
,2017_13534,39.755118,-105.012754,9/17/2017 13:16,13:16,12,0,0,I25 & SPEER BOULEVARD NORTH,1,1,0,0,1,4,0,,55,0,0,0,0,0,1,2,13
,2017_13535,39.755118,-105.012754,9/29/2017 13:37,13:37,12,0,0,I25 & SPEER BOULEVARD INTCH,1,1,1,0,1,4,0,,55,0,0,0,0,0,1,2,13
,2017_13536,39.755118,-105.012754,9/29/2017 15:30,15:30,12,0,0,I25 NORTHBOUND & SPEER BOULEVARD NORTH,1,1,1,0,1,4,0,,55,0,0,0,0,0,1,2,13
,2017_13537,39.755118,-105.012754,10/10/2017 9:32,9:32,12,0,0,I25 & SPEER BOULEVARD INTCH,1,1,0,0,1,4,0,,55,0,0,0,0,1,1,2,13
,2017_13538,39.755118,-105.012754,10/13/2017 15:22,15:22,12,0,0,I25 & SPEER BOULEVARD NORTH,1,1,0,0,1,4,0,,55,0,0,0,0,0,1,3,13
,2017_13539,39.755118,-105.012754,10/14/2017 13:06,13:06,12,0,0,I25 & SPEER BOULEVARD NORTH,1,1,0,0,1,4,0,,55,0,0,0,0,0,1,3,3
,2017_13540,39.755118,-105.012754,10/16/2017 8:39,8:39,12,0,0,I25 & SPEER BOULEVARD NORTH,1,1,0,0,1,4,0,,55,0,0,0,0,1,1,2,14
,2017_13541,39.755118,-105.012754,10/17/2017 14:04,14:04,12,0,0,I25 & SPEER BOULEVARD NORTH,1,1,1,0,1,4,0,,55,0,0,0,0,0,1,2,13
,2017_13542,39.755118,-105.012754,10/19/2017 15:00,15:00,12,0,0,I25 & SPEER BOULEVARD NORTH,1,1,1,0,1,4,0,,55,0,0,0,0,1,1,3,13
,2017_13543,39.755118,-105.012754,10/27/2017 8:10,8:10,12,0,0,I25 & SPEER BOULEVARD INTCH,1,1,0,0,1,4,0,,55,0,0,0,0,0,1,2,13
,2017_13544,39.755118,-105.012754,10/29/2017 19:27,19:27,15,0,0,I25 & SPEER BOULEVARD,1,3,0,0,1,4,0,,55,0,0,0,0,0,1,2,13
,2017_13545,39.755118,-105.012754,10/30/2017 17:19,17:19,12,0,0,I25 & SPEER BOULEVARD NORTH,1,1,0,0,1,4,0,,55,0,0,0,0,0,1,2,1
,2017_13546,39.755118,-105.012754,11/11/2017 13:44,13:44,12,0,0,I25 & SPEER BOULEVARD NORTH,1,1,0,0,1,4,0,,,0,0,0,0,1,1,2,13
,2017_13547,39.755118,-105.012754,11/11/2017 14:54,14:54,12,0,0,I25 & SPEER BOULEVARD NORTH,1,1,0,0,1,4,0,,55,0,0,0,0,0,1,3,1
,2017_13548,39.755118,-105.012754,11/15/2017 16:03,16:03,12,0,0,I25 & SPEER BOULEVARD NORTH,1,1,0,0,1,4,0,,55,0,0,0,0,0,1,2,13
,2017_13549,39.755118,-105.012754,11/18/2017 15:06,15:06,12,0,0,I25 & SPEER BOULEVARD,1,1,0,0,1,4,0,,55,0,0,0,0,0,1,2,3
,2017_13550,39.755118,-105.012754,11/20/2017 13:15,13:15,12,0,0,I25 & SPEER BOULEVARD NORTH,1,1,1,0,1,4,0,,55,0,0,0,0,0,1,2,13
,2017_13551,39.755118,-105.012754,11/21/2017 7:00,7:00,12,0,0,I25 & SPEER BOULEVARD NORTH,1,1,0,0,1,4,0,,65,0,0,0,0,0,1,2,13
,2017_13552,39.755118,-105.012754,11/22/2017 19:30,19:30,15,0,0,I25 & SPEER BOULEVARD NORTH,1,3,0,0,1,4,0,,,0,0,0,0,0,1,2,13
,2017_13553,39.760743,-105.004666,9/10/2017 20:13,20:13,15,0,0,I25 NORTHBOUND & 20TH STREET,1,3,0,0,1,4,0,,55,0,0,0,0,1,1,2,13
,2017_13554,39.755118,-105.012754,12/1/2017 12:46,12:46,12,0,0,I25 & SPEER BOULEVARD NORTH,1,1,0,0,1,4,0,,55,0,0,0,0,1,1,3,13
,2017_13555,39.755118,-105.012754,12/5/2017 7:32,7:32,12,0,0,I25 & SPEER BOULEVARD NORTH,1,1,1,0,1,4,0,,55,0,0,0,0,0,1,2,13
,2017_13556,39.755118,-105.012754,12/6/2017 8:22,8:22,12,0,0,I25 SOUTHBOUND & SPEER BOULEVARD INTCH APPROXIMATELY,1,1,0,0,1,4,0,,55,0,0,0,0,0,1,2,14
,2017_13557,39.755118,-105.012754,12/9/2017 18:40,18:40,12,0,0,I25 & SPEER BOULEVARD NORTH,1,3,1,0,1,4,0,,45,0,0,0,0,0,1,2,12
,2017_13558,39.755118,-105.012754,12/11/2017 6:51,6:51,15,0,0,I25 & SPEER BOULEVARD NORTH,1,1,0,0,1,4,0,,55,0,0,0,0,0,1,2,3
,2017_13559,39.755118,-105.012754,12/11/2017 15:06,15:06,12,0,0,I25 & SPEER BOULEVARD NORTH,1,1,1,0,1,4,0,,55,0,0,0,0,1,1,2,13
,2017_13560,39.755118,-105.012754,12/13/2017 13:44,13:44,12,0,0,I25 & SPEER BOULEVARD NORTH,1,1,1,0,1,4,0,,55,0,0,0,1,1,1,2,13
,2017_13561,39.755118,-105.012754,12/16/2017 13:30,13:30,12,0,0,I25 & SPEER BOULEVARD NORTH,1,1,0,0,1,4,0,,55,0,0,0,0,0,1,3,13
,2017_13562,39.755118,-105.012754,12/16/2017 14:29,14:29,12,0,0,I25 & SPEER BOULEVARD NORTH,1,1,0,0,1,4,0,,55,0,0,0,0,0,1,3,13
,2017_13563,39.755118,-105.012754,12/19/2017 6:46,6:46,12,0,0,I25 & SPEER BOULEVARD NORTH,1,2,0,0,1,4,0,,55,0,0,0,0,0,1,2,13
,2017_13564,39.755118,-105.012754,12/19/2017 13:13,13:13,12,0,0,I25 & SPEER BOULEVARD NORTH,1,1,0,0,1,4,0,,55,0,0,0,0,0,1,3,13
,2017_13565,39.755118,-105.012754,12/20/2017 6:37,6:37,15,0,0,I25 & SPEER BOULEVARD NORTH,1,1,0,0,1,4,0,,65,0,0,0,0,0,1,2,14
,2017_13566,39.755118,-105.012754,12/20/2017 13:42,13:42,12,0,0,I25 & SPEER BOULEVARD NORTH,1,1,1,0,1,4,0,,55,0,0,0,0,1,1,2,13
,2017_13567,39.755118,-105.012754,12/20/2017 15:42,15:42,12,0,0,I25 & SPEER BOULEVARD NORTH,1,1,0,0,1,4,0,,55,0,0,0,0,0,1,2,13
,2017_13568,39.755212,-105.012623,8/5/2017 22:33,22:33,12,0,0,I25 SOUTHBOUND RAMP OFF & SPEER BOULEVARD NORTH,1,3,0,0,1,8,0,,40,0,0,0,0,0,1,2,5
,2017_13569,39.755118,-105.012754,12/30/2017 15:20,15:20,12,0,0,I25 & SPEER BOULEVARD NORTH,1,1,0,0,1,4,0,,55,0,0,0,0,0,1,4,1
,2017_13570,39.755118,-105.012754,1/25/2017 14:21,14:21,15,0,0,SPEER BOULEVARD & I25,1,1,0,0,1,4,0,,35,0,0,0,0,0,1,2,13
,2017_13571,39.755118,-105.012754,5/22/2017 15:00,15:00,15,0,0,SPEER BOULEVARD & I25,1,1,0,0,1,4,0,,35,0,0,0,0,0,1,2,7
,2017_13572,39.755118,-105.012754,7/21/2017 23:10,23:10,12,0,0,SPEER BOULEVARD NORTH & I25 NORTHBOUND RAMP MERGE LANE,2,3,0,0,1,4,0,,35,0,0,0,0,1,1,2,13
,2017_13573,39.755118,-105.012754,11/20/2017 8:26,8:26,12,0,0,SPEER BOULEVARD NORTH & I25 NORTHBOUND RAMP ON,1,1,0,0,1,4,0,,35,0,0,0,0,0,1,2,2
,2017_13574,39.755118,-105.012754,12/8/2017 14:12,14:12,12,0,0,SPEER BOULEVARD NORTH EXIT LANE & I25 NORTHBOUND RAMP ON,1,1,1,0,1,4,0,,35,0,0,0,0,0,1,2,13
,2017_13575,39.755118,-105.012754,12/14/2017 22:16,22:16,12,0,0,SPEER BOULEVARD NORTH & I25 INTCH,1,3,0,0,1,4,0,,35,0,0,0,0,0,1,3,3
,2017_13576,39.755118,-105.012754,1/20/2017 20:43,20:43,12,0,0,SPEER BOULEVARD & I25 NORTHBOUND,1,4,0,0,1,1,0,,35,0,0,0,0,1,1,2,5
,2017_13577,39.755118,-105.012754,5/22/2017 8:21,8:21,15,0,0,SPEER BOULEVARD EASTBOUND & I25 SOUTHBOUND RAMP OFF,1,1,0,0,1,1,0,,35,0,0,0,0,0,1,2,14
,2017_13578,39.755118,-105.012754,11/13/2017 5:29,5:29,15,0,0,SPEER BOULEVARD & I25 SOUTHBOUND RAMPS,1,3,0,0,1,1,0,,25,0,0,0,0,0,1,2,13
,2017_13579,39.755212,-105.012623,4/15/2017 17:28,17:28,12,0,0,I25 SOUTHBOUND & SPEED BOULEVARD NORTH,1,1,0,0,1,4,0,,50,0,0,0,0,0,1,2,13
,2017_13580,39.755212,-105.012623,4/25/2017 16:05,16:05,12,0,0,I25 & SPEER BOULEVARD,1,1,0,0,1,4,0,,55,0,0,0,0,0,1,2,13
,2017_13581,39.755212,-105.012623,11/14/2017 8:22,8:22,15,0,0,I25 & SPEER BOULEVARD,1,1,0,0,1,4,0,,55,0,0,0,0,0,1,2,14
,2017_13582,39.755307,-105.012492,8/20/2017 16:19,16:19,15,0,0,I25 & SPEER BOULEVARD NORTH,1,1,0,0,1,4,0,,55,0,0,0,0,0,1,2,2
,2017_13583,39.755307,-105.012492,10/28/2017 22:20,22:20,12,0,0,I25 & SPEER BOULEVARD,1,3,0,0,1,4,0,,,0,0,0,0,0,1,2,13
,2017_13585,39.755307,-105.012492,11/4/2017 16:13,16:13,12,0,0,I25 & SPEER BOULEVARD,1,1,0,0,1,4,0,,55,0,0,0,0,0,1,2,13
,2017_13586,39.755495,-105.01223,3/22/2017 8:29,8:29,15,0,0,I25 & SPEER BOULEVARD,1,1,0,0,1,4,0,,55,0,0,0,0,0,1,2,13
,2017_13587,39.755495,-105.01223,9/21/2017 15:20,15:20,12,0,0,I25 NORTHBOUND & SPEER BOULEVARD NORTH,1,1,0,0,1,4,0,,55,0,0,0,0,0,1,3,7
,2017_13588,39.755684,-105.011968,8/6/2017 16:46,16:46,12,0,0,I25 & SPEER BOULEVARD,1,1,0,0,1,4,0,,55,0,0,0,0,0,1,2,13
,2017_13589,39.755967,-105.011575,2/14/2017 16:55,16:55,12,0,0,I25 SOUTHBOUND & SPEER BOULEVARD NORTH,1,1,0,0,1,4,0,,50,0,0,0,0,0,1,2,13
,2017_13590,39.756061,-105.011444,10/10/2017 10:11,10:11,12,0,0,I25 & SPEER BOULEVARD,1,1,0,0,1,4,0,,55,0,0,0,0,0,1,2,3
,2017_13591,39.756344,-105.011051,1/31/2017 14:57,14:57,12,0,0,I25 SOUTHBOUND & SPEER BOULEVARD APPROXIMATELY,1,1,1,0,1,4,0,,55,0,0,0,0,1,1,4,13
,2017_13592,39.756438,-105.01092,11/21/2017 7:38,7:38,15,0,0,I25 & SPEER BOULEVARD NORTH SOUTHBOUND EXIT GORE APPROXIMATELY,1,1,0,0,1,4,0,,60,0,0,0,0,0,1,2,14
,2017_13594,39.760663,-105.004795,10/9/2017 1:11,1:11,12,0,0,I25 & 20TH STREET,2,3,1,1,1,4,0,,65,0,0,0,0,0,1,2,1
,2017_13595,39.756533,-105.010789,4/18/2017 17:11,17:11,12,0,0,I25 SOUTHBOUND & SPEER BOULEVARD NORTH EXIT LANE APPROXIMATELY,1,1,0,0,1,4,0,,65,0,0,0,0,0,1,2,13
,2017_13596,39.756533,-105.010789,11/13/2017 7:32,7:32,12,0,0,I25 SOUTHBOUND EXIT LNS & SPEER BOULEVARD,1,1,0,0,1,4,0,,55,0,0,0,0,1,1,2,14
,2017_13597,39.756533,-105.010789,12/15/2017 22:21,22:21,12,0,0,I25 & 23RD AVENUE WEST,1,3,0,0,1,4,0,,55,0,0,0,0,0,1,2,7
,2017_13598,39.756721,-105.010527,8/26/2017 23:30,23:30,12,0,0,I25 & 15TH STREET,1,3,0,0,1,4,0,,55,0,0,0,0,0,1,3,3
,2017_13599,39.757008,-105.010116,10/22/2017 22:00,22:00,12,0,0,I25 & 15TH STREET,1,3,1,0,1,4,1,,55,0,0,0,0,0,1,2,13
,2017_13600,39.757155,-105.0099,1/19/2017 15:57,15:57,12,0,0,I25 NORTHBOUND & 15TH STREET,1,1,0,0,1,4,0,,55,0,0,0,0,0,1,3,13
,2017_13601,39.757155,-105.0099,1/30/2017 9:53,9:53,12,0,0,I25 NORTHBOUND & 15TH STREET,1,1,0,0,1,4,0,,55,0,0,0,0,0,1,2,3
,2017_13602,39.757155,-105.0099,2/15/2017 12:37,12:37,12,0,0,I25 SOUTHBOUND & 15TH STREET,1,1,1,0,1,4,0,,55,0,0,0,0,0,1,2,13
,2017_13603,39.757155,-105.0099,3/18/2017 13:18,13:18,12,0,0,I25 SOUTHBOUND & 15TH STREET,1,1,0,0,1,4,0,,,0,0,0,0,1,1,2,13
,2017_13604,39.757155,-105.0099,3/20/2017 12:15,12:15,15,0,0,I25 SOUTHBOUND & 15TH STREET,1,1,0,0,1,4,0,,55,0,0,0,0,0,1,2,13
,2017_13605,39.757155,-105.0099,4/11/2017 12:28,12:28,12,0,0,I25 & 15TH STREET,1,1,0,0,1,4,0,,65,0,0,0,0,1,1,2,13
,2017_13606,39.757155,-105.0099,9/14/2017 15:55,15:55,15,0,0,I25 NORTHBOUND & 15TH STREET,1,1,0,0,1,4,0,,55,0,0,0,0,0,1,2,13
,2017_13607,39.757155,-105.0099,10/10/2017 14:20,14:20,12,0,0,I25 & 15TH STREET,1,1,0,0,1,4,0,,55,0,0,0,0,0,1,2,13
,2017_13608,39.757155,-105.0099,10/17/2017 15:27,15:27,12,0,0,I25 & 15TH STREET,1,1,1,0,1,4,0,,55,0,0,0,0,0,1,2,13
,2017_13609,39.757155,-105.0099,11/14/2017 15:28,15:28,12,0,0,I25 & 15TH STREET,1,1,0,0,1,4,0,,55,0,0,0,0,0,1,3,13
,2017_13610,39.757392,-105.009617,7/27/2017 0:15,0:15,15,0,0,I25 NORTHBOUND ON RAMP & SPEER BOULEVARD NORTH NORTHBOUND ENTRANCE GORE,1,3,0,0,1,8,0,,55,0,0,0,0,0,1,2,13
,2017_13611,39.757392,-105.009617,11/30/2017 17:29,17:29,12,0,0,I25 NORTHBOUND RAMP ON & SPEER BOULEVARD NORTH NORTHBOUND ENTRANCE GORE,1,3,0,0,1,8,0,,55,0,0,0,0,0,1,2,1
,2017_13612,39.757796,-105.00908,3/11/2017 9:40,9:40,12,0,0,I25 SOUTHBOUND & SPEER BOULEVARD NORTH,2,1,0,1,1,4,0,,55,0,0,0,0,0,1,2,13
,2017_13613,39.757796,-105.00908,5/11/2017 9:35,9:35,12,0,0,I25 & 16TH STREET PED BRIDGE,1,1,0,0,1,4,0,,55,0,0,0,0,0,1,3,7
,2017_13614,39.757796,-105.00908,8/1/2017 12:45,12:45,15,0,0,I25 SOUTHBOUND & 16TH STREET PED BRIDGE,1,1,0,0,1,4,0,,55,0,0,0,0,0,1,2,3
,2017_13615,39.757796,-105.00908,9/1/2017 22:55,22:55,12,0,0,I25 NORTHBOUND & SPEER BOULEVARD NORTH,1,3,0,0,1,4,0,,65,0,0,0,0,0,1,2,8
,2017_13616,39.757902,-105.008932,6/26/2017 6:23,6:23,12,0,0,I25 & 16TH STREET PED BRIDGE,1,1,0,0,1,4,0,,55,0,0,0,0,0,1,2,7
,2017_13617,39.757902,-105.008932,7/31/2017 17:35,17:35,12,0,0,I25 NORTHBOUND & 20TH STREET,1,1,0,0,1,4,0,,55,0,0,0,0,0,1,2,3
,2017_13618,39.758112,-105.008635,5/10/2017 14:02,14:02,15,0,0,I25 & SPEER BOULEVARD,1,1,1,0,1,4,0,,55,0,0,0,0,0,1,2,13
,2017_13619,39.758428,-105.00819,11/11/2017 5:15,5:15,12,0,0,I25 SOUTHBOUND & 17TH STREET OFFSET NOT IN CORIS,1,3,0,0,1,4,0,,55,0,0,0,0,1,1,3,1
,2017_13620,39.760663,-105.004795,8/19/2017 22:16,22:16,12,0,0,I25 & 20TH STREET,1,3,0,0,1,4,0,,55,0,0,0,0,0,1,2,14
,2017_13621,39.758743,-105.007745,10/5/2017 20:27,20:27,12,0,0,I25 NORTHBOUND & 20TH STREET EXIT GORE,1,4,0,0,1,4,0,,55,0,0,0,0,0,1,2,3
,2017_13622,39.759067,-105.007288,5/8/2017 14:21,14:21,12,0,0,I25 & 20TH STREET NORTHBOUND EXIT GORE APPROXIMATELY,1,1,1,0,1,4,0,,55,0,0,0,0,1,1,3,13
,2017_13623,39.759067,-105.007288,5/12/2017 15:26,15:26,15,0,0,I25 & 20TH STREET NORTHBOUND EXIT GORE APPROXIMATELY,1,1,1,0,1,4,0,,55,0,0,0,0,0,1,2,13
,2017_13624,39.759067,-105.007288,12/7/2017 18:49,18:49,5,0,0,I25 NORTHBOUND & 20TH STREET EXIT GORE APPROXIMATELY,1,3,0,0,1,4,0,,55,0,0,0,0,1,1,2,14
,2017_13625,39.759182,-105.007117,6/7/2017 8:08,8:08,12,0,0,I25 & 20TH STREET,1,1,0,0,1,4,0,,55,0,0,0,0,1,1,3,3
,2017_13626,39.760743,-105.004666,7/21/2017 22:20,22:20,12,0,0,I25 NORTHBOUND & 20TH STREET,2,3,0,1,1,4,0,,55,0,0,0,0,1,1,2,13
,2017_13627,39.759782,-105.006216,5/12/2017 16:22,16:22,12,0,0,I25 & 20TH STREET,1,1,1,0,1,4,0,,55,0,0,0,0,0,1,3,13
,2017_13628,39.760082,-105.006647,9/20/2017 15:05,15:05,12,0,0,I25 SOUTHBOUND RAMP ON METER LIGHT & 20TH STREET,1,1,0,0,1,8,0,,55,0,0,0,0,0,1,2,13
,2017_13629,39.760022,-105.005829,10/11/2017 16:37,16:37,12,0,0,I25 & 20TH STREET,1,1,0,0,1,4,0,,55,0,0,0,0,0,1,4,2
,2017_13630,39.760503,-105.005054,9/9/2017 9:16,9:16,12,0,0,I25 & 20TH STREET,1,1,0,0,1,4,0,,55,0,0,0,0,0,1,3,14
,2017_13631,39.760583,-105.004924,9/23/2017 14:48,14:48,12,0,0,I25 SOUTHBOUND & 20TH STREET,2,1,0,1,1,4,0,,55,0,0,0,0,0,1,3,1
,2017_13632,39.760663,-105.004795,3/29/2017 16:29,16:29,12,0,0,I25 NORTHBOUND & 20TH STREET,1,1,0,0,1,4,0,,55,0,0,0,0,0,1,3,1
,2017_13633,39.760743,-105.004666,5/20/2017 11:40,11:40,12,0,0,I25 & 20TH STREET,1,1,0,0,1,4,0,,65,0,0,0,0,0,1,3,13
,2017_13634,39.760743,-105.004666,6/29/2017 9:04,9:04,12,0,0,I25 & 20TH STREET,1,1,0,0,1,4,1,,55,0,0,0,0,0,1,2,13
,2017_13635,39.760824,-105.004537,2/6/2017 6:30,6:30,12,0,0,I25 SOUTHBOUND & 20TH STREET,1,1,0,0,1,4,0,,65,0,0,0,0,0,1,2,14
,2017_13636,39.760824,-105.004537,4/21/2017 13:41,13:41,12,0,0,I25 NORTHBOUND & 20TH STREET,1,1,0,0,1,4,0,,65,0,0,0,0,0,1,4,1
,2017_13637,39.760824,-105.004537,7/6/2017 15:17,15:17,12,0,0,I25 & 20TH STREET,1,1,0,0,1,4,0,,55,0,0,0,0,0,1,3,13
,2017_13638,39.760824,-105.004537,9/11/2017 23:30,23:30,5,0,0,I25 & 20TH STREET,1,3,0,0,3,4,0,,,0,0,0,0,0,1,2,13
,2017_13639,39.760824,-105.004537,10/24/2017 10:00,10:00,15,0,0,I25 & 20TH AVENUE WEST,1,1,0,0,1,4,0,,50,0,0,0,0,0,1,2,13
,2017_13640,39.760824,-105.004537,12/8/2017 17:22,17:22,12,0,0,I25 & 20TH STREET,1,3,0,0,1,4,0,,60,0,0,0,0,0,1,2,13
,2017_13641,39.760904,-105.004407,2/13/2017 18:20,18:20,12,0,0,I25 SOUTHBOUND & 20TH STREET,3,5,0,0,1,4,0,,55,0,0,0,0,0,1,3,7
,2017_13642,39.760904,-105.004407,9/4/2017 20:00,20:00,12,0,0,I25 & 20TH STREET,1,3,0,0,1,4,0,,,0,0,0,0,0,1,2,13
,2017_13643,39.760904,-105.004407,10/29/2017 20:51,20:51,12,0,0,I25 & 20TH STREET,1,3,0,0,1,4,0,,55,0,0,0,0,0,1,2,13
,2017_13644,39.760904,-105.004407,2/28/2017 7:51,7:51,15,0,0,I25 NORTHBOUND OFF RAMP & 20TH STREET,1,1,0,0,1,8,0,,35,0,0,0,0,0,1,2,14
,2017_13645,39.760904,-105.004407,10/13/2017 23:03,23:03,12,0,0,I25 NORTHBOUND RAMP OFF & 20TH STREET,1,3,0,0,1,8,0,,30,0,0,0,0,0,1,2,4
,2017_13646,39.760904,-105.004407,12/9/2017 12:07,12:07,15,0,0,I25 SOUTHBOUND ON RAMP FROM & 20TH STREET,1,1,1,0,1,8,0,,55,0,0,0,0,0,1,2,13
,2017_13647,39.760997,-105.004271,1/1/2017 19:35,19:35,12,0,0,I25 NORTHBOUND  & 20TH STREET INTCH,1,3,0,0,1,4,0,,55,0,0,0,0,0,1,2,5