id,drcog_id,latitude,longitude,crashtime,time,crashtype,numbkilled,numbinjurd,drcoglocat,rdconditin,lightngcon,roadcntgrd,weatherco,location,roaddescrp,constrzone,schoolzone,splimit,bikeinv,pedinv,sctrinv,motoinv,svrty,rdsystem,ttlvehcls,hcf
,2017_13648,39.760997,-105.004271,6/21/2017 13:28,13:28,1,0,0,20TH STREET & I25 HIGHWAY NORTHBOUND RAMP ON,1,1,0,0,1,1,0,,,0,0,0,0,0,1,2,13
,2017_13649,39.760997,-105.004271,1/11/2017 8:50,8:50,12,0,0,I25 SOUTHBOUND & 20TH STREET,1,1,0,0,1,4,0,,55,0,0,0,0,0,1,2,13
,2017_13650,39.760997,-105.004271,1/13/2017 18:17,18:17,12,0,0,I25 NORTHBOUND & 20TH STREET,1,3,1,0,1,4,0,,55,0,0,0,0,0,1,2,13
,2017_13651,39.760997,-105.004271,1/13/2017 18:59,18:59,12,0,0,I25 NORTHBOUND & 20TH STREET,1,3,1,0,1,4,0,,55,0,0,0,0,0,1,2,13
,2017_13652,39.760997,-105.004271,1/19/2017 14:26,14:26,12,0,0,I25 NORTHBOUND & 20TH STREET,1,1,0,0,1,4,0,,55,0,0,0,0,0,1,3,13
,2017_13653,39.760997,-105.004271,1/23/2017 14:16,14:16,12,0,0,I25 NORTHBOUND & 20TH STREET,1,1,1,0,1,4,0,,55,0,0,0,0,1,1,2,13
,2017_13654,39.760997,-105.004271,1/25/2017 17:49,17:49,12,0,0,I25 NORTHBOUND & 20TH STREET,1,3,0,0,1,4,0,,55,0,0,0,0,0,1,2,13
,2017_13655,39.760997,-105.004271,1/30/2017 7:28,7:28,12,0,0,I25 SOUTHBOUND & 20TH STREET,1,1,0,0,1,4,0,,55,0,0,0,0,0,1,2,13
,2017_13656,39.760997,-105.004271,2/14/2017 18:02,18:02,12,0,0,I25 SOUTHBOUND & 20TH STREET,1,3,0,0,1,4,0,,65,0,0,0,0,1,1,3,13
,2017_13657,39.760997,-105.004271,3/1/2017 15:18,15:18,12,0,0,I25 & 20TH STREET,1,1,0,0,1,4,0,,35,0,0,0,0,0,1,2,8
,2017_13659,39.760997,-105.004271,3/2/2017 18:48,18:48,12,0,0,I25 SOUTHBOUND & 20TH STREET,1,3,0,0,1,4,0,,55,0,0,0,0,0,1,3,12
,2017_13660,39.760997,-105.004271,10/6/2017 16:48,16:48,12,0,0,I25 & 20TH STREET,1,2,1,0,1,4,0,,55,0,0,0,0,0,1,2,13
,2017_13661,39.760997,-105.004271,3/13/2017 8:48,8:48,12,0,0,I25 SOUTHBOUND & 20TH STREET,1,1,0,0,1,4,0,,55,0,0,0,0,0,1,2,13
,2017_13662,39.760997,-105.004271,3/14/2017 16:05,16:05,12,0,0,I25 NORTHBOUND & 20TH STREET,1,1,0,0,1,4,0,,55,0,0,0,0,0,1,2,13
,2017_13663,39.760997,-105.004271,3/23/2017 7:22,7:22,12,0,0,I25 & 20TH STREET,1,1,0,0,1,4,0,,55,0,0,0,0,0,1,2,14
,2017_13664,39.760997,-105.004271,4/5/2017 17:40,17:40,12,0,0,I25 & 20TH STREET,1,1,0,0,1,4,0,,55,0,0,0,0,0,1,2,13
,2017_13665,39.760997,-105.004271,4/13/2017 14:20,14:20,12,0,0,I25 SOUTHBOUND & 20TH STREET,1,1,1,0,1,4,0,,55,0,0,0,0,0,1,2,13
,2017_13666,39.760997,-105.004271,4/18/2017 7:19,7:19,12,0,0,I25 NORTHBOUND & 20TH STREET,1,1,0,0,1,4,0,,65,0,0,0,0,0,1,2,4
,2017_13667,39.760997,-105.004271,4/18/2017 7:28,7:28,12,0,0,I25 & 20TH STREET,1,1,0,0,1,4,0,,65,0,0,0,0,0,1,2,13
,2017_13668,39.760997,-105.004271,4/19/2017 12:54,12:54,12,0,0,I25 & 20TH STREET,1,1,0,0,1,4,0,,65,0,0,0,0,1,1,5,1
,2017_13669,39.760997,-105.004271,5/1/2017 17:22,17:22,12,0,0,I25 & 20TH STREET INTCH,1,1,0,0,1,4,0,,55,0,0,0,0,0,1,2,1
,2017_13670,39.760997,-105.004271,5/4/2017 16:14,16:14,12,0,0,I25 & 20TH STREET INTCH,1,1,1,0,1,4,0,,55,0,0,0,0,0,1,2,13
,2017_13671,39.760997,-105.004271,5/4/2017 16:14,16:14,12,0,0,I25 NORTHBOUND & 20TH STREET,1,1,1,0,1,4,0,,55,0,0,0,0,0,1,2,13
,2017_13672,39.779942,-104.966087,7/18/2017 21:34,21:34,15,0,0,I70 & BRIGHTON BOULEVARD NORTH,1,3,0,0,1,4,0,,55,0,0,0,0,0,1,2,13
,2017_13673,39.760997,-105.004271,5/5/2017 7:08,7:08,12,0,0,I25 & 20TH STREET INTCH,1,1,0,0,1,4,0,,65,0,0,0,0,0,1,3,13
,2017_13674,39.760997,-105.004271,5/7/2017 16:08,16:08,12,0,0,I25 & 20TH STREET INTCH,2,1,0,1,1,4,0,,65,0,0,0,0,0,1,2,8
,2017_13675,39.760997,-105.004271,5/12/2017 8:59,8:59,12,0,0,I25 & 20TH STREET,1,1,0,0,1,4,0,,55,0,0,0,0,0,1,2,3
,2017_13676,39.760997,-105.004271,6/2/2017 8:09,8:09,15,0,0,I25 & 20TH STREET,1,1,0,0,1,4,0,,55,0,0,0,0,0,1,2,13
,2017_13677,39.760997,-105.004271,6/8/2017 17:05,17:05,12,0,0,I25 & 20TH STREET,1,1,1,0,1,4,0,,65,0,0,0,0,0,1,3,13
,2017_13678,39.760997,-105.004271,6/23/2017 7:20,7:20,12,0,0,I25SB & 20TH STREET,2,1,0,1,1,4,0,,55,0,0,0,0,0,1,2,13
,2017_13679,39.760997,-105.004271,6/23/2017 8:36,8:36,12,0,0,I25 & 20TH STREET,2,1,0,1,1,4,0,,55,0,0,0,0,0,1,2,13
,2017_13680,39.760997,-105.004271,7/18/2017 9:35,9:35,12,0,0,I25 SOUTHBOUND & 20TH STREET,1,1,0,0,1,4,0,,55,0,0,0,0,1,1,2,13
,2017_13681,39.760997,-105.004271,7/19/2017 8:20,8:20,12,0,0,I25 SOUTHBOUND & 20TH STREET,1,1,0,0,1,4,0,,55,0,0,0,0,0,1,2,3
,2017_13682,39.760997,-105.004271,7/22/2017 16:26,16:26,12,0,0,I25 NORTHBOUND & 20TH STREET,1,1,0,0,1,4,0,,65,0,0,0,0,0,1,3,1
,2017_13683,39.760997,-105.004271,7/27/2017 20:30,20:30,12,0,0,I 25 NORTHBOUND & 20TH STREET,1,3,1,0,1,4,0,,65,0,0,0,0,1,1,2,13
,2017_13684,39.760997,-105.004271,8/3/2017 16:27,16:27,12,0,0,I25 & 20TH STREET,1,1,1,0,1,4,0,,,0,0,0,0,0,1,2,13
,2017_13685,39.760997,-105.004271,8/4/2017 7:56,7:56,12,0,0,I25 & 20TH STREET,1,1,0,0,1,4,0,,55,0,0,0,0,0,1,2,14
,2017_13687,39.760997,-105.004271,8/8/2017 15:52,15:52,12,0,0,I25 & 20TH STREET,1,1,1,0,1,4,0,,55,0,0,0,0,0,1,2,1
,2017_13688,39.760997,-105.004271,8/9/2017 17:00,17:00,12,0,0,I25 NORTHBOUND & 20TH STREET,1,1,0,0,1,4,0,,65,0,0,0,0,0,1,2,13
,2017_13689,39.760997,-105.004271,8/15/2017 8:45,8:45,12,0,0,I25 & 20TH STREET,1,1,0,0,1,4,0,,65,0,0,0,0,0,1,2,13
,2017_13690,39.760997,-105.004271,8/25/2017 7:16,7:16,12,0,0,I25 & 20TH STREET,1,1,0,0,1,4,0,,55,0,0,0,0,1,1,2,13
,2017_13691,39.760997,-105.004271,8/25/2017 15:47,15:47,12,0,0,I25 & 20TH STREET,1,1,0,0,1,4,0,,55,0,0,0,0,0,1,3,3
,2017_13692,39.760997,-105.004271,8/29/2017 6:56,6:56,12,0,0,I25 SOUTHBOUND HOV & 20TH STREET,1,1,0,0,1,4,0,,55,0,0,0,0,0,1,3,4
,2017_13693,39.760997,-105.004271,9/5/2017 18:10,18:10,5,0,0,I25 NORTHBOUND & 20TH STREET,1,1,0,0,2,4,0,,55,0,0,0,0,0,1,1,10
,2017_13694,39.760997,-105.004271,9/8/2017 18:06,18:06,12,0,0,I25 & 20TH STREET,1,1,0,0,1,4,0,,55,0,0,0,0,1,1,4,13
,2017_13695,39.760997,-105.004271,9/12/2017 20:04,20:04,12,0,0,I25 NORTHBOUND & 20TH STREET,1,3,0,0,1,4,0,,55,0,0,0,0,0,1,2,13
,2017_13696,39.760997,-105.004271,9/23/2017 13:25,13:25,12,0,0,I25 SOUTHBOUND & 20TH STREET,1,1,0,0,1,4,0,,55,0,0,0,0,0,1,2,7
,2017_13697,39.760997,-105.004271,9/27/2017 17:40,17:40,12,0,0,I25 & 20TH STREET,1,1,0,0,1,4,0,,55,0,0,0,0,0,1,2,13
,2017_13698,39.760997,-105.004271,9/28/2017 12:46,12:46,12,0,0,I25 NORTHBOUND & 20TH STREET,1,1,0,0,1,4,0,,55,0,0,0,0,0,1,3,13
,2017_13699,39.760997,-105.004271,9/28/2017 19:56,19:56,12,0,0,I25 NORTHBOUND & 20TH STREET,1,3,3,0,1,4,0,,55,0,0,0,0,0,1,3,5
,2017_13700,39.760997,-105.004271,9/29/2017 14:13,14:13,12,0,0,I25 & 20TH STREET,1,1,0,0,1,4,0,,55,0,0,0,0,0,1,3,13
,2017_13701,39.760997,-105.004271,9/29/2017 18:58,18:58,12,0,0,I25 SOUTHBOUND & 20TH STREET,1,3,1,0,1,4,0,,55,0,0,0,0,0,1,2,5
,2017_13702,39.760997,-105.004271,10/6/2017 7:10,7:10,12,0,0,I25 & 20TH STREET,1,1,0,0,1,4,0,,55,0,0,0,0,1,1,2,3
,2017_13704,39.760997,-105.004271,10/10/2017 14:17,14:17,12,0,0,I25 & 20TH STREET,1,1,1,0,1,4,0,,55,0,0,0,0,1,1,3,4
,2017_13705,39.760997,-105.004271,10/18/2017 13:39,13:39,12,0,0,I25 & 20TH STREET,1,1,0,0,1,4,0,,55,0,0,0,0,1,1,3,13
,2017_13706,39.760997,-105.004271,10/19/2017 22:20,22:20,12,0,0,I25 & 20TH STREET,1,3,0,0,1,4,1,,55,0,0,0,0,1,1,3,7
,2017_13707,39.760997,-105.004271,10/20/2017 17:09,17:09,15,0,0,I25 & 20TH STREET,1,1,0,0,1,4,0,,55,0,0,0,0,0,1,2,10
,2017_13708,39.760997,-105.004271,10/24/2017 6:15,6:15,12,0,0,I25 & 20TH STREET,1,3,0,0,1,4,0,,55,0,0,0,0,0,1,2,13
,2017_13709,39.760997,-105.004271,10/24/2017 15:20,15:20,12,0,0,I25 & 20TH STREET,1,1,0,0,1,4,0,,55,0,0,0,0,0,1,2,13
,2017_13710,39.760997,-105.004271,10/27/2017 10:48,10:48,12,0,0,I25 & 20TH STREET APPROXIMATELY,1,1,0,0,1,4,0,,55,0,0,0,0,0,1,2,14
,2017_13711,39.760997,-105.004271,10/29/2017 20:11,20:11,12,0,0,I25 & 20TH STREET,1,3,1,0,1,4,0,,55,0,0,0,0,0,1,2,1
,2017_13712,39.760997,-105.004271,10/29/2017 20:11,20:11,12,0,0,I25 & 20TH STREET,1,3,0,0,1,4,0,,55,0,0,0,0,0,1,4,14
,2017_13713,39.760997,-105.004271,11/1/2017 15:28,15:28,15,0,0,I25 & 20TH STREET,1,1,0,0,1,4,0,,55,0,0,0,0,0,1,2,13
,2017_13714,39.760997,-105.004271,11/1/2017 16:14,16:14,12,0,0,I25 & 20TH STREET,1,1,1,0,1,4,0,,55,0,0,0,0,0,1,2,13
,2017_13715,39.760997,-105.004271,11/2/2017 12:59,12:59,12,0,0,I25 & 20TH STREET,1,1,0,0,1,4,0,,65,0,0,0,0,0,1,2,13
,2017_13716,39.760997,-105.004271,11/2/2017 16:25,16:25,12,0,0,I25 & 20TH STREET,1,1,1,0,1,4,0,,,0,0,0,0,1,1,2,13
,2017_13717,39.760997,-105.004271,11/10/2017 18:37,18:37,12,0,0,I25 & 20TH STREET,1,2,0,0,1,4,0,,55,0,0,0,0,0,1,2,13
,2017_13718,39.760997,-105.004271,11/14/2017 16:11,16:11,12,0,1,I25 & 20TH STREET,1,1,1,0,1,4,0,,55,0,0,0,0,2,1,6,13
,2017_13719,39.760997,-105.004271,11/16/2017 10:23,10:23,12,0,0,I25 & 20TH STREET,1,1,0,0,1,4,0,,55,0,0,0,0,0,1,2,13
,2017_13720,39.760997,-105.004271,11/17/2017 16:10,16:10,12,0,0,I25 & 20TH STREET,1,1,0,0,1,4,0,,55,0,0,0,0,0,1,3,1
,2017_13721,39.760997,-105.004271,12/2/2017 18:25,18:25,12,0,0,I25 & 20TH STREET,1,3,0,0,1,4,0,,55,0,0,0,0,0,1,2,13
,2017_13722,39.760997,-105.004271,6/7/2017 22:17,22:17,12,0,0,20TH STREET & I25 NORTHBOUND RAMPS,2,3,1,0,1,1,0,,35,0,0,0,0,0,1,2,13
,2017_13723,39.76111,-105.004124,6/4/2017 2:35,2:35,12,0,0,I25 NORTHBOUND FLYOVER BEGIN & 20TH STREET / BLAKE,1,3,1,0,1,8,0,,35,0,0,0,0,0,1,2,13
,2017_13724,39.760997,-105.004271,12/4/2017 7:34,7:34,12,0,0,I25 & 20TH STREET,1,1,0,0,1,4,0,,55,0,0,0,0,0,1,3,12
,2017_13725,39.760997,-105.004271,12/6/2017 15:15,15:15,12,0,0,I25 & 20TH STREET,1,1,0,0,1,4,0,,55,0,0,0,0,0,1,2,13
,2017_13726,39.760997,-105.004271,12/18/2017 17:43,17:43,12,0,0,I25 & 20TH STREET,1,3,0,0,1,4,0,,55,0,0,0,0,1,1,3,13
,2017_13727,39.760997,-105.004271,12/27/2017 13:19,13:19,12,0,0,I25 & 20TH STREET,1,1,1,0,1,4,0,,55,0,0,0,0,0,1,2,13
,2017_13728,39.760997,-105.004271,12/27/2017 15:29,15:29,12,0,0,I25 & 20TH STREET,1,1,1,0,1,4,0,,55,0,0,0,0,1,1,2,13
,2017_13729,39.760997,-105.004271,4/2/2017 16:06,16:06,12,0,0,20TH STREET & I25,1,1,1,0,1,4,0,,20,0,0,0,0,1,1,3,1
,2017_13731,39.760997,-105.004271,3/9/2017 3:09,3:09,12,0,0,20TH STREET & I25 SOUTHBOUND RAMPS,1,3,0,0,1,1,0,,35,0,0,0,0,0,1,2,13
,2017_13732,39.760997,-105.004271,4/15/2017 0:29,0:29,1,0,0,20TH STREET & I25 SOUTHBOUND RAMPS,1,3,0,0,1,1,0,,25,0,0,0,1,1,1,2,5
,2017_13733,39.760997,-105.004271,5/3/2017 13:04,13:04,15,0,0,20TH STREET & I25 SOUTHBOUND RAMP OFF,1,1,1,0,1,1,0,,30,0,0,0,0,0,1,2,13
,2017_13734,39.761375,-105.005518,5/11/2017 22:55,22:55,5,0,0,20TH STREET & I25 SOUTHBOUND RAMP ON,1,3,0,0,3,1,0,,35,0,0,0,0,0,1,1,14
,2017_13735,39.760997,-105.004271,6/16/2017 11:07,11:07,12,0,0,20TH STREET EASTBOUND & I25 SOUTHBOUND RAMP ON,2,1,0,0,1,1,0,,35,0,0,0,0,0,1,2,14
,2017_13736,39.760997,-105.004271,7/8/2017 22:25,22:25,12,0,0,20TH STREET & I25 SOUTHBOUND RAMPS,1,3,0,0,1,1,0,,35,0,0,0,0,0,1,2,13
,2017_13737,39.764296,-105.001204,4/14/2017 8:25,8:25,15,0,0,I25 NORTHBOUND & 20TH STREET,1,1,1,0,1,4,0,,55,0,0,0,0,0,1,2,1
,2017_13738,39.760997,-105.004271,8/24/2017 15:00,15:00,10,0,0,20TH STREET & I25 SOUTHBOUND RAMPS,1,1,0,0,1,1,0,,30,0,0,0,0,0,1,2,13
,2017_13739,39.768124,-104.99459,5/8/2017 22:43,22:43,12,0,0,I25 & PARK AVENUE WEST,2,1,0,1,1,4,0,,65,0,0,0,0,0,1,2,14
,2017_13740,39.760997,-105.004271,8/31/2017 18:27,18:27,3,0,1,20TH STREET & I25 SOUTHBOUND RAMPS,1,1,0,0,1,1,0,,65,0,0,0,1,2,1,2,13
,2017_13741,39.760997,-105.004271,2/1/2017 23:52,23:52,5,0,0,20TH STREET & I25 NORTHBOUND,5,3,1,2,3,1,0,,45,0,0,0,0,0,1,1,13
,2017_13742,39.760997,-105.004271,2/28/2017 17:31,17:31,5,0,0,20TH STREET & I25 NORTHBOUND ON RAMP,1,1,1,0,2,4,0,,35,0,0,0,0,1,1,1,1
,2017_13743,39.760997,-105.004271,7/17/2017 13:37,13:37,12,0,0,20TH STREET & I25 NORTHBOUND RAMPS,1,1,0,0,1,1,0,,35,0,0,0,0,0,1,3,13
,2017_13744,39.760997,-105.004271,11/12/2017 2:00,2:00,12,0,0,20TH STREET & I25 APPROXIMATELY,1,3,1,0,1,1,0,,,0,0,0,0,0,1,2,14
,2017_13745,39.760997,-105.004271,12/7/2017 19:21,19:21,1,0,0,20TH STREET & I25 NORTHBOUND RAMP ON,2,3,0,2,1,1,0,,30,0,0,0,0,0,1,2,13
,2017_13746,39.760997,-105.004271,12/19/2017 11:20,11:20,3,0,0,20TH STREET & I25 NORTHBOUND OFF RAMP,1,1,0,0,1,1,0,,35,0,0,0,0,0,1,2,13
,2017_13747,39.760997,-105.004271,12/21/2017 22:30,22:30,12,0,0,20TH STREET & I25 NORTHBOUND RAMPS,8,3,0,0,1,1,0,,35,0,0,0,0,0,1,2,1
,2017_13748,39.760997,-105.004271,12/30/2017 1:33,1:33,1,0,0,20TH STREET & I25,1,3,1,0,1,1,0,,35,0,0,0,0,1,1,2,5
,2017_13749,39.76111,-105.004124,2/17/2017 18:06,18:06,12,0,0,I25 & 20TH STREET SOUTHBOUND OFF RAMP,1,3,0,0,1,4,0,,65,0,0,0,0,0,1,3,5
,2017_13750,39.76111,-105.004124,2/18/2017 15:01,15:01,12,0,0,I25 & 20TH STREET,1,1,0,0,1,4,0,,55,0,0,0,0,0,1,2,13
,2017_13751,39.76111,-105.004124,6/3/2017 16:47,16:47,12,0,0,I25 & 20TH STREET,1,1,0,0,1,4,0,,55,0,0,0,0,1,1,2,1
,2017_13752,39.76111,-105.004124,10/16/2017 21:54,21:54,12,0,0,I25 & 20TH AVENUE WEST,1,3,1,0,1,4,1,,,0,0,0,0,0,1,2,13
,2017_13753,39.768124,-104.99459,2/3/2017 1:19,1:19,5,0,0,PARK AVENUE WEST & I25 NORTHBOUND RAMP ON,3,5,1,0,2,8,0,,35,0,0,0,0,0,1,1,13
,2017_13754,39.76111,-105.004124,12/7/2017 7:54,7:54,15,0,0,I25 & 20TH STREET,1,1,0,0,1,4,0,,55,0,0,0,0,0,1,2,14
,2017_13755,39.76111,-105.004124,1/20/2017 9:29,9:29,15,0,0,I25 NORTHBOUND RAMP ON & 20TH STREET,1,1,0,0,1,8,0,,45,0,0,0,0,0,1,2,14
,2017_13756,39.76111,-105.004124,2/22/2017 0:00,0:00,5,0,0,I25 NORTHBOUND ON RAMP & 20TH STREET,1,3,1,0,3,8,0,,35,0,0,0,0,0,1,1,8
,2017_13757,39.76111,-105.004124,3/19/2017 2:18,2:18,5,0,0,I25 NORTHBOUND SLIP RAMP ON & 20TH STREET,1,3,2,0,2,8,0,,35,0,0,0,0,0,1,1,7
,2017_13758,39.76111,-105.004124,4/6/2017 3:45,3:45,5,0,1,I25 NORTHBOUND ON RAMP & 20TH STREET,1,3,0,0,2,8,0,,20,0,0,0,0,2,1,1,5
,2017_13759,39.76111,-105.004124,7/31/2017 17:58,17:58,15,0,0,I25 NORTHBOUND ON RAMP & 20TH STREET APPROXIMATELY,1,1,1,0,1,8,0,,55,0,0,0,0,0,1,2,13
,2017_13760,39.761222,-105.003978,6/28/2017 12:50,12:50,12,0,0,I25 SOUTHBOUND & 20TH STREET INTCH,1,1,0,0,1,4,0,,55,0,0,0,0,0,1,2,13
,2017_13761,39.761335,-105.003831,8/14/2017 14:45,14:45,12,0,0,I25 SOUTHBOUND & 20TH STREET,1,1,0,0,1,4,0,,55,0,0,0,0,0,1,3,13
,2017_13762,39.761335,-105.003831,10/28/2017 15:43,15:43,15,0,0,I25 & 20TH STREET,1,1,0,0,1,4,0,,55,0,0,0,0,1,1,3,13
,2017_13763,39.761448,-105.003685,1/27/2017 18:22,18:22,12,0,0,I25 NORTHBOUND & 20TH STREET WEST,1,3,0,0,1,4,0,,55,0,0,0,0,0,1,2,1
,2017_13764,39.761448,-105.003685,7/7/2017 8:44,8:44,12,0,0,I25 & 20TH STREET APPROXIMATELY,1,1,0,0,1,4,0,,55,0,0,0,0,0,1,2,3
,2017_13765,39.761448,-105.003685,8/9/2017 12:56,12:56,15,0,0,I25 NORTHBOUND & 20TH STREET,1,1,1,0,1,4,0,,65,0,0,0,0,0,1,2,13
,2017_13766,39.761448,-105.003685,9/13/2017 14:27,14:27,12,0,0,I25 & 20TH STREET,1,1,0,0,1,4,0,,55,0,0,0,0,0,1,6,2
,2017_13767,39.761448,-105.003685,6/17/2017 16:31,16:31,12,0,0,I25 SOUTHBOUND RAMP OFF & 20TH STREET,2,1,0,1,1,8,0,,55,0,0,0,0,0,1,2,8
,2017_13768,39.76158,-105.003512,7/2/2017 15:32,15:32,12,0,0,I25 & 20TH STREET,1,1,1,0,1,4,0,,55,0,0,0,0,1,1,2,1
,2017_13769,39.76158,-105.003512,10/10/2017 22:10,22:10,12,0,0,I25 & 20TH STREET,1,3,1,0,1,4,0,,55,0,0,0,0,0,1,2,3
,2017_13770,39.76158,-105.003512,5/13/2017 17:39,17:39,12,0,0,I25 SOUTHBOUND RAMP OFF & 20TH STREET,1,1,0,0,1,8,0,,35,0,0,0,0,0,1,2,13
,2017_13771,39.761677,-105.003406,5/1/2017 15:25,15:25,12,0,0,I25 SOUTHBOUND & 20TH STREET,1,1,1,0,1,4,0,,35,0,0,0,0,0,1,2,13
,2017_13772,39.761677,-105.003406,9/20/2017 13:30,13:30,15,0,0,I25 NORTHBOUND & 20TH STREET,1,1,1,0,1,4,0,,55,0,0,0,0,0,1,2,13
,2017_13773,39.761677,-105.003406,10/28/2017 19:20,19:20,12,0,0,I25 & 20TH STREET,1,3,0,0,1,4,0,,55,0,0,0,0,1,1,3,13
,2017_13774,39.761677,-105.003406,12/5/2017 14:49,14:49,15,0,0,I25 & 20TH STREET,1,1,0,0,1,4,0,,55,0,0,0,0,1,1,4,1
,2017_13775,39.762031,-105.00302,3/3/2017 21:09,21:09,15,0,0,I25 NORTHBOUND RAMP ON METER LIGHTS & 20TH STREET APPROXIMATELY,1,3,0,0,1,8,0,,55,0,0,0,0,0,1,2,14
,2017_13776,39.761829,-105.002848,11/13/2017 18:19,18:19,12,0,1,I25 NORTHBOUND RAMP ON METER LIGHT & 20TH STREET,1,3,1,0,1,8,0,,25,0,0,0,0,2,1,2,13
,2017_13777,39.762149,-105.002891,5/22/2017 6:43,6:43,12,0,0,I25 & 20TH STREET,1,1,0,0,1,4,0,,65,0,0,0,0,0,1,4,3
,2017_13778,39.762273,-105.002769,2/14/2017 5:06,5:06,9,0,0,I25 NORTHBOUND & 20TH STREET,1,3,0,0,2,4,0,,55,0,0,0,0,0,1,2,13
,2017_13779,39.762406,-105.002655,5/11/2017 12:50,12:50,12,0,0,I25 & 20TH STREET,1,1,0,0,1,4,0,,65,0,0,0,0,0,1,2,3
,2017_13780,39.762539,-105.002542,6/13/2017 10:35,10:35,12,0,0,I25 & 20TH STREET,1,1,0,0,1,4,0,,65,0,0,0,0,0,1,3,3
,2017_13781,39.762539,-105.002542,8/7/2017 8:05,8:05,12,0,0,I25 & 20TH STREET,2,1,1,1,1,4,0,,55,0,0,0,0,0,1,2,13
,2017_13782,39.762672,-105.002428,9/25/2017 8:58,8:58,12,0,0,I25 SOUTHBOUND & 20TH STREET,1,1,0,0,1,4,0,,55,0,0,0,0,0,1,2,7
,2017_13783,39.762804,-105.002314,1/14/2017 16:47,16:47,12,0,0,I25 SOUTHBOUND & 20TH STREET,1,3,0,0,1,4,0,,55,0,0,0,0,0,1,2,13
,2017_13784,39.763345,-105.001902,4/15/2017 17:44,17:44,12,0,0,I25 SOUTHBOUND & 20TH STREET,1,1,0,0,1,4,0,,65,0,0,0,0,0,1,3,13
,2017_13785,39.763345,-105.001902,5/9/2017 21:01,21:01,5,0,0,I25 & 20TH STREET NORTHBOUND ENTRANCE GORE,1,3,1,0,3,4,0,,65,0,0,0,0,0,1,2,14
,2017_13786,39.763345,-105.001902,11/8/2017 18:53,18:53,12,0,0,I25 NORTHBOUND RAMP ON & 20TH STREET NORTHBOUND ENTRANCE GORE,1,3,0,0,1,8,0,,55,0,0,0,0,0,1,2,13
,2017_13787,39.763481,-105.001802,6/20/2017 9:34,9:34,12,0,0,I25 SOUTHBOUND & 20TH STREET SOUTHBOUND EXIT GORE APPROXIMATELY,1,1,0,0,1,4,0,,55,0,0,0,0,1,1,3,14
,2017_13788,39.763481,-105.001802,10/2/2017 6:38,6:38,12,0,0,I25 SOUTHBOUND & 20TH STREET,1,2,0,0,1,4,0,,55,0,0,0,0,0,1,2,3
,2017_13789,39.763481,-105.001802,12/8/2017 19:18,19:18,12,0,0,I25 SOUTHBOUND & 20TH STREET EXIT GORE APPROXIMATELY,1,3,0,0,1,4,0,,65,0,0,0,0,0,1,3,8
,2017_13790,39.763481,-105.001802,12/10/2017 13:30,13:30,12,0,0,I25 & 20TH STREET,1,1,0,0,1,4,0,,55,0,0,0,0,1,1,2,13
,2017_13791,39.763617,-105.001703,2/17/2017 18:06,18:06,12,0,0,I25 SOUTHBOUND OFF RAMP TO & 20TH STREET,1,3,0,0,1,8,0,,65,0,0,0,0,0,1,3,5
,2017_13792,39.711155,-105.022579,12/28/2017 21:18,21:18,5,0,0,ALAMEDA AVENUE WEST & DECATUR STREET SOUTH,1,3,0,0,3,4,0,,35,0,0,0,0,0,2,1,13
,2017_13793,39.763617,-105.001703,6/9/2017 17:01,17:01,12,0,0,I25 SOUTHBOUND OFF RAMP TO & 20TH STREET,1,1,0,0,1,8,0,,5,0,0,0,0,0,1,2,3
,2017_13794,39.763753,-105.001603,10/14/2017 18:50,18:50,12,0,0,I25 SOUTHBOUND & 20TH STREET SOUTHBOUND EXIT GORE APPROXIMATELY,1,3,0,0,1,4,0,,55,0,0,0,0,0,1,3,13
,2017_13795,39.764024,-105.001404,6/17/2017 13:27,13:27,12,0,0,I25 SOUTHBOUND EXIT LANE & 20TH STREET SOUTHBOUND EXIT GORE APPROXIMATELY,1,1,0,0,1,4,0,,55,0,0,0,0,0,1,2,13
,2017_13796,39.76416,-105.001304,1/31/2017 6:45,6:45,12,0,0,I25 SOUTHBOUND & 20TH STREET,1,2,1,0,1,4,0,,65,0,0,0,0,0,1,2,13
,2017_13797,39.76416,-105.001304,4/7/2017 7:17,7:17,12,0,0,I25 & 20TH STREET,1,1,1,0,1,4,0,,55,0,0,0,0,0,1,3,13
,2017_13798,39.76416,-105.001304,7/13/2017 9:34,9:34,12,0,0,I25 & 20TH STREET SOUTHBOUND EXIT GORE,1,1,0,0,1,4,0,,55,0,0,0,0,0,1,2,14
,2017_13799,39.76416,-105.001304,8/4/2017 10:33,10:33,12,0,0,I25 SOUTHBOUND & 20TH STREET,1,1,0,0,1,4,0,,55,0,0,0,0,0,1,2,13
,2017_13800,39.76416,-105.001304,9/13/2017 13:27,13:27,15,0,0,I25 & 20TH STREET,1,1,1,0,1,4,0,,55,0,0,0,0,0,1,4,3
,2017_13801,39.76416,-105.001304,10/24/2017 6:50,6:50,12,0,0,I25 & 20TH STREET,1,1,0,0,1,4,0,,,0,0,0,0,0,1,3,13
,2017_13802,39.76416,-105.001304,11/8/2017 12:10,12:10,12,0,0,I25 SOUTHBOUND & 20TH STREET,1,1,0,0,1,4,0,,55,0,0,0,0,0,1,2,13
,2017_13803,39.76416,-105.001304,11/30/2017 9:00,9:00,15,0,0,I25 & 20TH STREET,1,1,0,0,1,4,0,,,0,0,0,0,0,1,2,13