id,drcog_id,latitude,longitude,crashtime,time,crashtype,numbkilled,numbinjurd,drcoglocat,rdconditin,lightngcon,roadcntgrd,weatherco,location,roaddescrp,constrzone,schoolzone,splimit,bikeinv,pedinv,sctrinv,motoinv,svrty,rdsystem,ttlvehcls,hcf
,2017_14111,39.786591,-104.989129,9/21/2017 15:23,15:23,15,0,0,I25 & I70,1,1,0,0,1,4,0,,55,0,0,0,0,0,1,2,3
,2017_14112,39.787151,-104.989107,6/2/2017 11:31,11:31,12,0,0,I25 & 48TH AVESB OFF RAMP GORE APPROXIMATELY,1,1,0,0,1,4,0,,55,0,0,0,0,0,1,2,14
,2017_14113,39.787424,-104.989088,6/12/2017 9:50,9:50,15,0,0,I25 & 50TH AVENUE WEST,1,1,0,0,1,4,0,,55,0,0,0,0,0,1,3,7
,2017_14114,39.787697,-104.98907,4/20/2017 10:30,10:30,15,0,0,I25 SOUTHBOUND & 52ND AVENUE WEST OFFSET NOT IN CORIS APPROXIMATELY,1,1,0,0,1,4,0,,65,0,0,0,0,0,1,2,13
,2017_14115,39.78921,-104.989003,6/15/2017 16:35,16:35,12,0,0,I25 NORTHBOUND & 51ST AVENUE EAST OFFSET REF NOT IN CORIS,1,1,1,0,1,4,0,,55,0,0,0,0,0,1,3,13
,2017_14116,39.790925,-104.988466,2/1/2017 9:40,9:40,5,0,0,I25 & 48TH AVENUE,1,1,0,0,1,4,0,,55,0,0,0,0,1,1,2,14
,2017_14247,39.779942,-104.928604,12/6/2017 14:14,14:14,5,0,0,I70 & MM 277.20,1,1,0,0,3,4,0,,55,0,0,0,0,0,1,1,7
,2017_14435,39.783721,-104.900018,7/31/2017 5:17,5:17,10,0,0,NORTHFIELD QUEBEC STREET NORTH & I270 WB SLIP RAMP ON,1,2,2,0,1,1,0,,40,0,0,0,0,0,2,2,8
,2017_14779,39.737259,-104.9058,7/21/2017 7:21,7:21,10,0,0,PONTIAC STREET NORTH & 13TH AVENUE EAST,1,1,0,0,1,1,0,,30,0,0,0,0,0,4,2,13
,2017_14830,39.696705,-104.9991345,9/13/2017 13:09,13:09,12,0,0,JASON STREET SOUTH & MISSISSIPPI AVENUE WEST,1,1,0,0,1,4,0,,15,0,0,0,0,0,4,2,7
,2017_15137,39.738672,-104.9057865,7/27/2017 17:41,17:41,3,0,0,PONTIAC STREET NORTH & 14TH AVENUE EAST,1,2,0,0,1,1,0,,35,0,0,0,0,0,4,2,13
,2017_15220,39.767625,-104.905503,2/3/2017 8:18,8:18,6,0,0,PONTIAC STREET 3600 BLOCK NORTH & 36TH AVENUE EAST,5,3,0,2,1,4,0,,25,0,0,0,0,0,4,2,13
,2017_15288,39.653025,-104.881512,12/11/2017 7:57,7:57,12,0,0,HAMPDEN AVENUE EAST & AKRON STREET SOUTH,1,1,1,7,1,1,0,,40,0,0,0,0,1,2,2,16
,2017_15494,39.778341,-104.92238,12/16/2017 0:10,0:10,15,0,0,I70 & HOLLY STREET NORTH,1,3,0,0,1,4,0,,,0,0,0,0,0,1,2,13
,2017_15522,39.711185,-105.038854,5/3/2017 10:50,10:50,5,0,0,ALAMEDA AVENUE WEST & OSCEOLA STREET SOUTH,2,1,0,1,2,4,0,,35,0,0,0,0,0,2,1,7
,2017_15688,39.711153,-105.034893,7/20/2017 14:07,14:07,1,0,0,ALAMEDA AVENUE WEST & LOWELL BOULEVARD SOUTH,1,1,0,0,1,1,0,,35,0,0,0,0,1,2,2,4
,2017_15727,39.711332,-105.053258,6/2/2017 1:28,1:28,3,0,0,ALAMEDA AVENUE WEST & SHERIDAN BOULEVARD SOUTH,1,3,0,0,1,1,0,,,0,0,0,0,0,2,3,5
,2017_15728,39.711332,-105.053258,7/13/2017 6:45,6:45,1,0,0,ALAMEDA AVENUE WEST & SHERIDAN BOULEVARD SOUTH,1,1,0,0,1,1,0,,35,0,0,0,0,1,2,2,13
,2017_15729,39.711332,-105.053258,9/30/2017 10:00,10:00,12,0,0,ALAMEDA AVENUE WEST & SHERIDAN BOULEVARD SOUTH,1,1,0,0,1,1,0,,,0,0,0,0,0,2,2,13
,2017_15730,39.711094,-105.029925,1/7/2017 16:01,16:01,5,0,0,ALAMEDA AVENUE WEST & IRVING STREET SOUTH,5,1,0,0,3,1,0,,35,0,0,0,0,1,2,1,13
,2017_15731,39.711332,-105.053258,3/14/2017 6:57,6:57,2,0,0,ALAMEDA AVENUE WEST & SHERIDAN BOULEVARD SOUTH,1,3,1,0,1,3,0,,,1,0,0,0,1,2,2,13
,2017_15732,39.711332,-105.053258,1/4/2017 12:54,12:54,10,0,0,ALAMEDA AVENUE WEST & SHERIDAN BOULEVARD SOUTH,9,1,1,2,1,1,0,,40,0,0,0,0,0,2,2,13
,2017_15733,39.711332,-105.053258,2/5/2017 20:43,20:43,12,0,0,ALAMEDA AVENUE WEST & SHERIDAN BOULEVARD SOUTH,1,3,0,0,1,1,0,,40,0,0,0,0,1,2,3,5
,2017_15734,39.711332,-105.053258,6/24/2017 11:32,11:32,12,0,0,ALAMEDA AVENUE WEST & SHERIDAN BOULEVARD SOUTH,1,1,0,0,1,1,0,,35,0,0,0,0,1,2,2,13
,2017_15735,39.711265,-105.053095,10/10/2017 9:10,9:10,5,0,0,ALAMEDA AVENUE WEST & SHERIDAN BOULEVARD SOUTH,1,1,0,0,1,4,0,,35,0,0,0,0,0,2,2,14
,2017_15736,39.711265,-105.053095,11/1/2017 19:44,19:44,12,0,0,ALAMEDA AVENUE WEST & SHERIDAN BOULEVARD SOUTH,1,3,1,0,1,3,0,,35,0,0,0,0,0,2,2,7
,2017_15737,39.711266,-105.052886,6/14/2017 9:05,9:05,3,0,0,ALAMEDA AVENUE WEST 5100 BLOCK & SHERIDAN BOULEVARD SOUTH,1,1,0,0,1,2,0,,30,0,0,0,0,0,2,2,13
,2017_15738,39.711267,-105.052139,11/22/2017 22:15,22:15,12,0,0,ALAMEDA AVENUE WEST & ZENOBIA STREET SOUTH,1,2,1,0,1,4,0,,35,0,0,0,0,0,2,2,5
,2017_15739,39.71127,-105.051018,5/14/2017 2:00,2:00,6,0,0,YATES STREET SOUTH & ALAMEDA AVENUE WEST,1,4,0,0,1,4,0,,25,0,0,0,0,0,2,3,5
,2017_15740,39.71127,-105.051018,10/26/2017 17:37,17:37,14,0,0,ALAMEDA AVENUE WEST & YATES STREET SOUTH,1,2,0,2,1,1,0,,35,0,0,0,0,0,2,2,7
,2017_15741,39.711247,-105.048593,1/31/2017 17:36,17:36,12,0,0,ALAMEDA AVENUE WEST & WEIR DRIVE SOUTH,1,3,1,0,1,1,0,,35,0,0,0,0,1,2,3,7
,2017_15742,39.711233,-105.047101,3/7/2017 11:35,11:35,15,0,0,ALAMEDA AVENUE & 4500 BLOCK WEST,1,1,1,0,1,4,0,,35,0,0,0,0,0,2,2,13
,2017_15744,39.711231,-105.046914,10/18/2017 8:39,8:39,15,0,0,ALAMEDA AVENUE WEST & WINONA COURT SOUTH,1,1,1,0,1,4,0,,35,0,0,0,0,0,2,2,3
,2017_15745,39.711224,-105.046168,8/26/2017 17:30,17:30,12,0,0,UTICA STREET SOUTH & ALAMEDA AVENUE WEST,1,1,1,0,1,3,0,,25,0,0,0,0,0,2,2,14
,2017_15746,39.711198,-105.043556,5/7/2017 13:53,13:53,12,0,0,ALAMEDA AVENUE WEST 4300 BLOCK & 4300 BLOCK,1,1,0,0,1,4,0,,35,0,0,0,0,0,2,2,4
,2017_15747,39.711195,-105.043188,2/23/2017 19:09,19:09,3,0,0,ALAMEDA AVENUE WEST & STUART STREET SOUTH,5,3,0,2,1,1,0,,30,0,0,0,0,0,2,2,13
,2017_15748,39.711195,-105.043188,7/25/2017 15:18,15:18,3,0,0,ALAMEDA AVENUE WEST & STUART STREET SOUTH,1,1,0,0,1,1,0,,35,0,0,0,0,1,2,2,1
,2017_15749,39.711195,-105.043188,9/15/2017 8:15,8:15,3,0,1,ALAMEDA AVENUE WEST & STUART STREET SOUTH,1,1,0,0,1,1,0,,35,0,0,0,0,2,2,2,13
,2017_15750,39.711193,-105.042148,10/1/2017 20:05,20:05,3,0,0,RALEIGH STREET SOUTH & ALAMEDA AVENUE WEST,1,3,1,0,1,1,0,,25,0,0,0,0,1,2,2,7
,2017_15751,39.711189,-105.040761,7/3/2017 22:18,22:18,12,0,0,ALAMEDA AVENUE WEST & QUITMAN STREET SOUTH,1,3,0,0,1,4,0,,35,0,0,0,0,1,2,3,1
,2017_15752,39.711189,-105.040761,12/8/2017 12:34,12:34,15,0,0,ALAMEDA AVENUE & 4100 BLOCK WEST,1,1,0,0,1,4,0,,35,0,0,0,0,1,2,2,5
,2017_15753,39.711187,-105.039895,3/15/2017 19:55,19:55,1,0,0,ALAMEDA AVENUE WEST & PERRY STREET SOUTH,1,3,0,0,1,1,0,,40,0,0,0,0,0,2,3,13
,2017_15754,39.711187,-105.039895,3/26/2017 16:12,16:12,3,0,0,ALAMEDA AVENUE WEST & PERRY STREET SOUTH,1,1,1,0,1,1,0,,25,0,0,0,0,1,2,3,5
,2017_15755,39.711187,-105.039895,4/16/2017 13:19,13:19,1,0,0,ALAMEDA AVENUE WEST & PERRY STREET SOUTH,1,1,0,0,1,1,0,,30,0,0,0,0,0,2,2,13
,2017_15756,39.711187,-105.039895,9/5/2017 8:20,8:20,12,0,0,ALAMEDA AVENUE WEST & PERRY STREET SOUTH,1,1,1,0,1,1,0,,35,0,0,0,0,0,2,2,13
,2017_15757,39.711187,-105.039895,9/19/2017 14:51,14:51,3,0,0,ALAMEDA AVENUE WEST & PERRY STREET SOUTH,1,1,1,0,1,1,0,,35,0,0,0,0,0,2,2,7
,2017_15758,39.711187,-105.039895,10/27/2017 17:49,17:49,3,0,0,ALAMEDA AVENUE WEST & PERRY STREET SOUTH,1,1,0,7,1,1,0,,35,0,0,0,0,0,2,2,16
,2017_15759,39.711187,-105.039548,4/24/2017 10:08,10:08,12,0,0,ALAMEDA AVENUE WEST 3900 BLOCK & PERRY STREET SOUTH,1,1,1,0,1,3,0,,35,0,0,0,0,1,2,2,3
,2017_15760,39.773936,-104.846054,12/11/2017 16:33,16:33,5,0,0,I70 & PEORIA STREET,1,1,0,0,3,4,0,,55,0,0,0,0,0,1,1,1
,2017_15761,39.711181,-105.037281,9/11/2017 7:38,7:38,12,0,0,ALAMEDA AVENUE WEST & NEWTON STREET SOUTH,1,1,0,0,1,1,0,,25,0,0,0,0,0,2,2,14
,2017_15762,39.711166,-105.036001,7/14/2017 14:00,14:00,12,0,0,ALAMEDA AVENUE WEST & MEADE STREET SOUTH,1,1,0,0,1,3,0,,30,0,0,0,0,0,2,3,13
,2017_15763,39.711166,-105.036001,10/27/2017 21:40,21:40,12,0,0,ALAMEDA AVENUE WEST & MEADE STREET SOUTH,1,4,0,0,1,1,0,,,0,0,0,0,0,2,2,13
,2017_15764,39.71116,-105.035447,6/3/2017 0:55,0:55,14,0,0,ALAMEDA AVENUE WEST & MM 12.15,1,3,0,0,6,4,0,,35,0,0,0,0,0,2,2,5
,2017_15765,39.711155,-105.035077,4/27/2017 7:38,7:38,12,0,0,ALAMEDA AVENUE 3600 BLOCK WEST & LOWELL BOULEVARD,1,1,0,0,1,4,0,,35,0,0,0,0,0,2,2,4
,2017_15766,39.711153,-105.034893,1/7/2017 16:55,16:55,12,0,0,ALAMEDA AVENUE WEST 3600 BLOCK & LOWELL BOULEVARD SOUTH,6,2,0,0,1,1,0,,35,0,0,0,0,0,2,2,4
,2017_15767,39.711153,-105.034893,4/14/2017 17:58,17:58,3,0,0,ALAMEDA AVENUE WEST & LOWELL BOULEVARD SOUTH,1,1,0,0,1,1,0,,25,0,0,0,0,0,2,2,4
,2017_15768,39.711153,-105.034893,7/19/2017 14:23,14:23,12,0,0,ALAMEDA AVENUE WEST & LOWELL BOULEVARD SOUTH,1,1,0,0,1,3,0,,35,0,0,0,0,0,2,2,1
,2017_15769,39.711153,-105.034893,8/26/2017 14:30,14:30,12,0,0,ALAMEDA AVENUE WEST & LOWELL BOULEVARD SOUTH,1,1,0,0,1,1,0,,,0,0,0,0,0,2,4,13
,2017_15770,39.711153,-105.034893,10/25/2017 16:40,16:40,12,0,0,ALAMEDA AVENUE WEST & LOWELL BOULEVARD SOUTH,1,1,0,0,1,1,0,,35,0,0,0,0,1,2,3,3
,2017_15772,39.711153,-105.034893,11/11/2017 20:58,20:58,3,0,0,ALAMEDA AVENUE WEST & LOWELL BOULEVARD SOUTH,1,3,0,0,1,1,0,,25,0,0,0,0,0,2,2,7
,2017_15773,39.711149,-105.034523,12/15/2017 14:42,14:42,15,0,0,ALAMEDA AVENUE WEST & LOWELL BOULEVARD SOUTH,1,1,0,0,1,4,0,,35,0,0,0,0,0,2,2,3
,2017_15774,39.711124,-105.03249,1/5/2017 15:30,15:30,15,0,0,MORRISON ROAD & ALAMEDA AVENUE WEST,4,1,0,2,1,1,0,,40,0,0,0,0,0,2,1,13
,2017_15775,39.711124,-105.03249,1/25/2017 16:47,16:47,3,0,0,ALAMEDA AVENUE WEST & KNOX COURT SOUTH,1,2,0,0,1,1,0,,60,0,0,0,0,0,2,3,14
,2017_15776,39.711124,-105.03249,2/20/2017 23:46,23:46,5,0,0,KNOX COURT SOUTH & ALAMEDA AVENUE WEST,1,3,1,0,2,1,0,,35,0,0,0,0,0,2,1,1
,2017_15777,39.711124,-105.03249,3/15/2017 18:37,18:37,1,0,0,ALAMEDA AVENUE WEST & KNOX COURT SOUTH,1,2,0,0,1,1,0,,35,0,0,0,0,0,2,2,1
,2017_15778,39.711124,-105.03249,3/21/2017 22:00,22:00,12,0,0,KNOX COURT SOUTH & ALAMEDA AVENUE WEST,1,3,1,0,1,1,0,,30,0,0,0,0,0,2,2,13
,2017_15779,39.711124,-105.03249,4/2/2017 18:10,18:10,12,0,0,ALAMEDA AVENUE WEST & MORRISON ROAD,1,1,0,0,1,1,0,,30,0,0,0,0,0,2,2,13
,2017_15780,39.711124,-105.03249,4/15/2017 11:06,11:06,15,0,0,ALAMEDA AVENUE WEST & MORRISON ROAD,1,1,0,0,1,1,0,,35,0,0,0,0,0,2,2,1
,2017_15781,39.711124,-105.03249,5/11/2017 18:10,18:10,12,0,0,ALAMEDA AVENUE WEST & KNOX COURT SOUTH,1,1,0,0,1,1,0,,25,0,0,0,0,1,2,2,12
,2017_15782,39.711124,-105.03249,5/15/2017 18:15,18:15,3,0,0,ALAMEDA AVENUE WEST & KNOX COURT SOUTH,1,1,0,0,1,1,0,,35,0,0,0,0,0,2,2,2
,2017_15783,39.711124,-105.03249,5/20/2017 20:30,20:30,15,0,0,ALAMEDA AVENUE WEST & KNOX COURT SOUTH,1,2,0,0,1,3,0,,35,0,0,0,0,0,2,2,1
,2017_15784,39.711124,-105.03249,5/25/2017 15:20,15:20,15,0,0,ALAMEDA AVENUE WEST & KNOX COURT SOUTH,1,1,0,0,1,4,0,,40,0,0,0,0,0,2,2,13
,2017_15785,39.711124,-105.03249,6/5/2017 11:17,11:17,3,0,1,ALAMEDA AVENUE WEST & MORRISON ROAD,1,1,0,0,1,1,0,,35,0,0,0,0,2,2,2,13
,2017_15786,39.711124,-105.03249,7/2/2017 15:05,15:05,12,0,0,ALAMEDA AVENUE WEST & MORRISON ROAD,1,1,0,0,1,1,0,,35,0,0,0,0,1,2,2,3
,2017_15787,39.711124,-105.03249,7/3/2017 19:30,19:30,3,0,3,ALAMEDA AVENUE WEST & KNOX COURT SOUTH,1,1,0,0,1,1,0,,40,0,0,0,0,2,2,2,7
,2017_15788,39.711124,-105.03249,7/8/2017 21:58,21:58,14,0,0,ALAMEDA AVENUE WEST & KNOX COURT SOUTH,1,3,1,0,6,1,0,,35,0,0,0,0,0,2,2,13
,2017_15789,39.711124,-105.03249,7/17/2017 18:02,18:02,15,0,0,ALAMEDA AVENUE WEST & KNOX COURT SOUTH,1,1,0,0,1,1,0,,30,0,0,0,0,0,2,2,13
,2017_15790,39.711124,-105.03249,8/4/2017 22:00,22:00,12,0,0,KNOX COURT 200 BLOCK SOUTH & ALAMEDA AVENUE WEST,1,3,1,0,1,4,0,,25,0,0,0,0,0,2,2,13
,2017_15791,39.711111,-105.031381,4/29/2017 13:12,13:12,12,0,0,ALAMEDA AVENUE WEST & JULIAN STREET SOUTH,2,1,0,2,1,4,0,,35,0,0,0,0,1,2,2,1
,2017_15792,39.711111,-105.031381,7/24/2017 18:30,18:30,1,0,0,ALAMEDA AVENUE WEST & JULIAN STREET SOUTH,1,1,0,0,1,1,0,,,0,0,0,0,0,2,2,13
,2017_15793,39.711111,-105.031381,12/10/2017 13:10,13:10,10,0,0,ALAMEDA AVENUE WEST & JULIAN STREET SOUTH,1,1,0,0,1,1,0,,30,0,0,0,0,0,2,2,13
,2017_15794,39.7111,-105.030457,11/19/2017 12:18,12:18,12,0,0,ALAMEDA AVENUE WEST 3300 BLOCK & IRVING STREET SOUTH,1,1,0,0,1,4,0,,35,0,0,0,0,0,2,2,13
,2017_15795,39.711094,-105.029925,1/7/2017 14:29,14:29,12,0,0,ALAMEDA AVENUE WEST & IRVING STREET SOUTH,6,1,0,0,1,1,0,,35,0,0,0,0,0,2,2,3
,2017_15796,39.711094,-105.029925,1/7/2017 15:00,15:00,12,0,0,ALAMEDA AVENUE WEST & IRVING STREET SOUTH,5,1,0,0,1,3,0,,30,0,0,0,0,0,2,2,13
,2017_15797,39.711094,-105.029925,2/23/2017 20:00,20:00,12,0,0,ALAMEDA AVENUE WEST & IRVING STREET SOUTH,5,3,0,2,1,1,0,,30,0,0,0,0,0,2,2,16
,2017_15798,39.711094,-105.029925,6/9/2017 6:45,6:45,3,0,0,ALAMEDA AVENUE WEST & IRVING STREET SOUTH,1,1,0,0,1,1,0,,35,0,0,0,0,1,2,2,7
,2017_15799,39.711094,-105.029925,6/23/2017 16:57,16:57,12,0,0,ALAMEDA AVENUE WEST & IRVING STREET SOUTH,1,1,0,0,1,1,0,,25,0,0,0,0,0,2,2,16
,2017_15800,39.711094,-105.029925,8/14/2017 13:15,13:15,1,0,0,IRVING STREET SOUTH & ALAMEDA AVENUE WEST,1,1,0,0,1,1,0,,35,0,0,0,0,0,2,2,7
,2017_15801,39.711094,-105.029925,9/17/2017 15:04,15:04,12,0,0,ALAMEDA AVENUE WEST & IRVING STREET SOUTH,2,1,0,1,1,4,0,,35,0,0,0,0,0,2,2,14
,2017_15802,39.711091,-105.029322,8/28/2017 12:12,12:12,12,0,0,ALAMEDA AVENUE 3200 BLOCK WEST & IRVING STREET SOUTH,1,1,0,7,1,4,0,,30,0,0,0,0,0,2,2,4
,2017_15803,39.71109,-105.028936,7/31/2017 18:03,18:03,12,0,0,ALAMEDA AVENUE WEST & HOOKER STREET SOUTH,1,1,0,0,1,1,0,,,0,0,0,0,0,2,2,13
,2017_15804,39.71109,-105.028936,7/31/2017 18:04,18:04,12,0,0,ALAMEDA AVENUE WEST & HOOKER STREET SOUTH,1,1,0,0,1,1,0,,35,0,0,0,0,0,2,3,4
,2017_15805,39.711085,-105.027583,5/16/2017 8:04,8:04,6,0,0,HAZEL COURT SOUTH & ALAMEDA AVENUE WEST,1,1,0,0,1,1,0,,25,0,0,0,0,0,2,2,14
,2017_15806,39.711085,-105.027583,9/21/2017 18:43,18:43,12,0,0,ALAMEDA AVENUE WEST & HAZEL COURT SOUTH,1,1,0,0,1,1,0,,35,0,0,0,0,0,2,3,14
,2017_15807,39.711081,-105.026424,4/14/2017 16:10,16:10,12,0,0,ALAMEDA AVENUE WEST & GROVE STREET SOUTH,1,1,0,0,1,1,0,,35,0,0,0,0,0,2,2,13
,2017_15808,39.711081,-105.026424,10/1/2017 10:45,10:45,12,0,0,GROVE STREET SOUTH & ALAMEDA AVENUE WEST,1,1,0,7,1,1,0,,25,0,0,0,0,0,2,2,16
,2017_15809,39.711079,-105.025651,11/13/2017 6:59,6:59,15,0,0,ALAMEDA AVENUE WEST & FEDERAL BOULEVARD SOUTH,1,1,0,0,1,4,0,,30,0,0,0,0,0,2,2,13
,2017_15810,39.711077,-105.025265,6/27/2017 15:33,15:33,12,0,0,ALAMEDA AVENUE WEST & FEDERAL BOULEVARD SOUTH,1,1,0,0,1,3,0,,35,0,0,0,0,0,2,3,3
,2017_15811,39.711077,-105.025075,3/27/2017 22:46,22:46,3,0,0,ALAMEDA AVENUE WEST & FEDERAL BOULEVARD SOUTH,2,3,0,0,1,1,0,,35,0,0,0,0,0,2,2,13
,2017_15812,39.711077,-105.025075,4/26/2017 13:50,13:50,12,0,0,ALAMEDA AVENUE WEST & FEDERAL BOULEVARD SOUTH,1,1,0,0,1,1,0,,40,0,0,0,0,0,2,2,7
,2017_15813,39.711077,-105.025075,5/2/2017 17:31,17:31,15,0,0,ALAMEDA AVENUE WEST & FEDERAL BOULEVARD SOUTH,1,1,1,0,1,1,0,,40,0,0,0,0,0,2,2,7
,2017_15814,39.711077,-105.025075,5/15/2017 13:50,13:50,12,0,0,ALAMEDA AVENUE WEST & FEDERAL BOULEVARD SOUTH,1,1,0,0,1,1,0,,40,0,0,0,0,0,2,2,2
,2017_15815,39.711077,-105.025075,5/21/2017 21:40,21:40,12,0,0,ALAMEDA AVENUE WEST & FEDERAL BOULEVARD SOUTH,2,3,0,1,1,1,0,,40,0,0,0,0,0,2,2,6
,2017_15816,39.711077,-105.025075,5/25/2017 21:45,21:45,3,0,1,ALAMEDA AVENUE WEST & FEDERAL BOULEVARD SOUTH,1,3,1,0,1,1,0,,35,0,0,0,1,2,2,2,13
,2017_15817,39.711077,-105.025075,5/28/2017 12:57,12:57,12,0,0,ALAMEDA AVENUE WEST 2900 BLOCK & FEDERAL BOULEVARD SOUTH,1,1,1,0,1,1,0,,35,0,0,0,0,0,2,2,4
,2017_15818,39.711077,-105.025075,12/6/2017 17:20,17:20,3,0,0,ALAMEDA AVENUE WEST & FEDERAL BOULEVARD SOUTH,1,2,0,0,1,1,0,,35,0,0,0,0,0,2,2,13
,2017_15819,39.711077,-105.025075,6/26/2017 11:38,11:38,12,0,0,ALAMEDA AVENUE WEST & FEDERAL BOULEVARD SOUTH,1,1,0,0,1,1,0,,35,0,0,0,0,0,2,2,13
,2017_15820,39.711077,-105.025075,7/2/2017 0:15,0:15,12,0,0,ALAMEDA AVENUE WEST & FEDERAL BOULEVARD SOUTH,1,3,0,0,1,1,0,,35,0,0,0,0,0,2,2,3
,2017_15821,39.711077,-105.025075,7/24/2017 22:57,22:57,3,0,0,ALAMEDA AVENUE WEST & FEDERAL BOULEVARD SOUTH,1,3,0,0,1,1,0,,30,0,0,0,0,0,2,3,13
,2017_15822,39.711077,-105.025075,9/5/2017 12:08,12:08,12,0,0,ALAMEDA AVENUE WEST & FEDERAL BOULEVARD SOUTH,1,1,0,0,1,1,0,,40,0,0,0,0,0,2,2,4
,2017_15823,39.653084,-104.91283,3/17/2017 20:40,20:40,15,0,0,HAMPDEN AVENUE EAST & MONACO STREET SOUTH,1,3,0,0,1,1,0,,,0,0,0,0,0,2,2,13
,2017_15825,39.711077,-105.025075,9/21/2017 17:56,17:56,12,0,0,ALAMEDA AVENUE WEST & FEDERAL BOULEVARD SOUTH,1,1,0,0,1,1,0,,35,0,0,0,0,0,2,2,5
,2017_15826,39.711077,-105.025075,9/24/2017 20:10,20:10,12,0,0,ALAMEDA AVENUE WEST & FEDERAL BOULEVARD SOUTH,2,3,0,1,1,1,0,,40,0,0,0,0,0,2,3,8
,2017_15827,39.711077,-105.025075,10/21/2017 11:03,11:03,12,0,0,ALAMEDA AVENUE WEST & FEDERAL BOULEVARD SOUTH,1,1,0,0,1,1,0,,,0,0,0,0,0,2,2,13
,2017_15828,39.711077,-105.025075,11/12/2017 21:29,21:29,12,0,0,FEDERAL BOULEVARD SOUTH & ALAMEDA AVENUE WEST,1,3,1,0,1,3,0,,35,0,0,0,0,0,2,2,16
,2017_15829,39.711077,-105.025075,11/27/2017 10:38,10:38,12,0,0,ALAMEDA AVENUE WEST & FEDERAL BOULEVARD SOUTH,1,1,1,0,1,1,0,,35,0,0,0,0,0,2,2,13
,2017_15830,39.711077,-105.025075,12/4/2017 0:12,0:12,3,0,1,ALAMEDA AVENUE WEST & FEDERAL BOULEVARD SOUTH,1,3,0,0,1,1,0,,40,0,0,0,0,2,2,2,3
,2017_15831,39.711083,-105.024117,10/31/2017 17:57,17:57,12,0,0,ALAMEDA AVENUE & 2900 BLOCK WEST,1,2,1,1,1,4,0,,35,0,0,0,0,0,2,2,3
,2017_15832,39.711084,-105.023926,12/13/2017 12:39,12:39,12,0,0,ALAMEDA AVENUE 2900 BLOCK WEST & ELIOT STREET SOUTH,1,1,0,0,1,4,0,,35,0,0,0,0,0,2,2,13
,2017_15833,39.711155,-105.022579,1/9/2017 20:49,20:49,3,0,0,ALAMEDA AVENUE WEST & DECATUR STREET SOUTH,1,3,0,0,1,1,0,,35,0,0,0,0,0,2,2,1
,2017_15834,39.711155,-105.022579,7/11/2017 18:19,18:19,3,0,0,ALAMEDA AVENUE WEST & DECATUR STREET SOUTH,1,1,0,0,1,1,0,,35,0,0,0,0,0,2,2,7
,2017_15835,39.711155,-105.022579,7/15/2017 13:55,13:55,1,0,0,ALAMEDA AVENUE WEST & DECATUR STREET SOUTH,1,1,1,0,1,1,0,,35,0,0,0,0,0,2,2,13
,2017_15836,39.711155,-105.022579,7/21/2017 22:37,22:37,12,0,0,ALAMEDA AVENUE WEST & DECATUR STREET SOUTH,1,3,0,0,1,1,0,,35,0,0,0,0,0,2,2,14
,2017_15837,39.711155,-105.022579,7/26/2017 20:35,20:35,1,0,0,ALAMEDA AVENUE WEST & DECATUR STREET SOUTH,2,3,0,1,1,1,0,,,0,0,0,0,0,2,2,13
,2017_15838,39.711155,-105.022579,9/28/2017 15:09,15:09,12,0,0,ALAMEDA AVENUE WEST & DECATUR STREET SOUTH,1,5,1,0,1,1,0,,35,0,0,0,0,0,2,2,12
,2017_15839,39.711155,-105.022579,10/5/2017 17:39,17:39,1,0,0,ALAMEDA AVENUE WEST & DECATUR STREET SOUTH,1,1,1,0,1,1,0,,35,0,0,0,0,0,2,2,4
,2017_15840,39.711152,-105.021837,2/9/2017 17:51,17:51,1,0,0,ALAMEDA AVENUE WEST & DALE COURT,1,2,1,0,1,5,0,,35,0,0,0,0,1,2,3,7
,2017_15841,39.71115,-105.021466,1/28/2017 21:00,21:00,3,0,0,ALAMEDA AVENUE WEST & DALE COURT SOUTH,1,3,0,0,1,1,0,,35,0,0,0,0,0,2,2,3
,2017_15842,39.71115,-105.021466,4/21/2017 17:38,17:38,1,0,0,ALAMEDA AVENUE WEST & DALE COURT SOUTH,1,1,1,0,1,1,0,,35,0,0,0,0,0,2,2,7
,2017_15843,39.71115,-105.021466,9/1/2017 16:57,16:57,3,0,0,DALE COURT SOUTH & ALAMEDA AVENUE WEST,1,1,0,0,1,1,0,,25,0,0,0,0,0,2,2,13
,2017_15844,39.71115,-105.021466,9/17/2017 18:44,18:44,14,0,0,DALE COURT SOUTH & ALAMEDA AVENUE WEST,1,1,0,0,1,1,0,,35,0,0,0,0,0,2,2,13
,2017_15845,39.711147,-105.020725,2/17/2017 15:19,15:19,15,0,0,ALAMEDA AVENUE WEST & CLAY STREET SOUTH,1,1,1,0,1,4,0,,35,0,0,0,0,0,2,2,7
,2017_15846,39.711147,-105.020725,5/8/2017 16:55,16:55,15,0,0,ALAMEDA AVENUE WEST & CLAY STREET SOUTH,2,1,0,1,1,4,0,,35,0,0,0,0,0,2,2,7
,2017_15847,39.711145,-105.020354,4/18/2017 18:11,18:11,1,0,0,ALAMEDA AVENUE WEST & CLAY STREET SOUTH,1,1,1,0,1,1,0,,25,0,0,0,0,1,2,2,7
,2017_15848,39.711145,-105.020354,5/14/2017 15:35,15:35,12,0,0,ALAMEDA AVENUE WEST & CLAY STREET SOUTH,1,1,0,0,1,1,0,,35,0,0,0,0,1,2,2,3
,2017_15849,39.711145,-105.020354,5/15/2017 20:31,20:31,1,0,0,ALAMEDA AVENUE WEST & CLAY STREET SOUTH SOUTH,1,3,0,0,1,1,0,,35,0,0,0,0,0,2,2,13