id,drcog_id,latitude,longitude,crashtime,time,crashtype,numbkilled,numbinjurd,drcoglocat,rdconditin,lightngcon,roadcntgrd,weatherco,location,roaddescrp,constrzone,schoolzone,splimit,bikeinv,pedinv,sctrinv,motoinv,svrty,rdsystem,ttlvehcls,hcf
,2017_15850,39.711145,-105.020354,7/10/2017 18:30,18:30,3,0,0,ALAMEDA AVENUE WEST & CLAY STREET SOUTH,1,1,0,0,1,1,0,,40,0,0,0,0,0,2,2,3
,2017_15851,39.786607,-104.900507,12/24/2017 8:59,8:59,5,0,0,QUEBEC STREET NORTH & NORTHFIELD BOULEVARD EAST,5,1,0,0,3,4,0,,40,0,0,0,0,0,2,1,14
,2017_15852,39.711145,-105.020354,7/26/2017 18:28,18:28,12,0,0,ALAMEDA AVENUE WEST & CLAY STREET SOUTH,1,1,0,0,1,4,0,,40,0,0,0,0,0,2,2,3
,2017_15853,39.711145,-105.020354,10/13/2017 17:43,17:43,14,0,0,CLAY STREET SOUTH & ALAMEDA AVENUE WEST,1,1,1,0,1,1,0,,,0,0,0,0,0,2,2,13
,2017_15854,39.711145,-105.020354,12/29/2017 12:07,12:07,5,0,1,CLAY STREET SOUTH & ALAMEDA AVENUE WEST,2,1,0,0,3,1,0,,35,0,0,0,0,2,2,1,9
,2017_15855,39.711143,-105.019798,7/28/2017 15:07,15:07,15,0,0,ALAMEDA AVENUE WEST & CLAY STREET SOUTH,1,1,1,0,1,3,0,,35,0,0,0,0,0,2,2,8
,2017_15856,39.711143,-105.019798,11/11/2017 3:29,3:29,5,0,0,ALAMEDA AVENUE WEST & CANOSA / CLAY ALLEY,1,3,0,0,3,1,0,,35,0,0,0,0,0,2,1,5
,2017_15857,39.711141,-105.019242,7/30/2017 14:01,14:01,15,0,0,ALAMEDA AVENUE WEST & CANOSA COURT SOUTH,1,1,1,0,1,4,0,,35,0,0,0,0,0,2,2,3
,2017_15858,39.711136,-105.018129,8/14/2017 14:40,14:40,12,0,0,ALAMEDA AVENUE 2500 WEST & BRYANT STREET SOUTH,1,1,0,0,1,4,0,,35,0,0,0,0,0,2,2,16
,2017_15859,39.711136,-105.018129,8/24/2017 23:29,23:29,10,0,0,ALAMEDA AVENUE WEST & BRYANT STREET SOUTH,1,3,0,0,1,1,0,,35,0,0,0,0,1,2,2,13
,2017_15860,39.711128,-105.016275,7/6/2017 11:18,11:18,12,0,0,ALAMEDA AVENUE 2400 BLOCK WEST & ZUNI STREET SOUTH,1,1,0,0,1,4,0,,35,0,0,0,0,0,2,2,13
,2017_15861,39.711126,-105.015905,12/12/2017 15:52,15:52,12,0,0,ALAMEDA AVENUE WEST & ZUNI STREET SOUTH,1,1,0,0,1,3,0,,35,0,0,0,0,0,2,2,7
,2017_15862,39.711125,-105.015705,2/24/2017 16:43,16:43,1,0,0,ALAMEDA AVENUE WEST & ZUNI STREET SOUTH,1,1,0,7,1,1,0,,35,0,0,0,0,1,2,2,3
,2017_15863,39.711128,-105.015532,5/22/2017 8:55,8:55,12,0,0,ALAMEDA AVENUE WEST 2300 BLOCK & ZUNI STREET SOUTH,1,1,0,0,1,3,0,,35,0,0,0,0,0,2,2,1
,2017_15864,39.711141,-105.014408,5/3/2017 15:41,15:41,3,0,0,ALAMEDA AVENUE WEST & YUMA STREET SOUTH,1,1,1,0,1,1,0,,35,0,0,0,0,0,2,4,7
,2017_15865,39.711141,-105.014408,6/9/2017 18:20,18:20,1,0,0,ALAMEDA AVENUE WEST & YUMA STREET SOUTH,1,1,0,0,1,1,0,,35,0,0,0,0,0,2,2,13
,2017_15866,39.711141,-105.014408,7/26/2017 9:05,9:05,12,0,0,ALAMEDA AVENUE 2200 BLOCK WEST & YUMA STREET SOUTH,1,1,0,7,1,4,0,,35,0,0,0,0,1,2,2,14
,2017_15867,39.711141,-105.014408,8/27/2017 2:25,2:25,1,0,0,ALAMEDA AVENUE WEST 2350 BLOCK & YUMA STREET SOUTH,1,3,0,0,1,2,0,,35,0,0,0,0,1,2,2,13
,2017_15868,39.711141,-105.014408,12/18/2017 16:15,16:15,12,0,0,ALAMEDA AVENUE WEST & YUMA STREET SOUTH,1,1,0,1,1,1,0,,35,0,0,0,0,0,2,3,13
,2017_15869,39.711176,-105.011598,8/5/2017 20:25,20:25,1,0,1,ALAMEDA AVENUE WEST & TEJON STREET SOUTH,1,1,0,0,1,2,0,,35,0,0,0,0,2,2,2,13
,2017_15870,39.711183,-105.011003,1/16/2017 4:12,4:12,1,0,0,ALAMEDA AVENUE WEST & TEJON STREET SOUTH,5,3,0,2,1,1,0,,35,0,0,0,0,0,2,3,13
,2017_15871,39.711183,-105.011003,6/2/2017 12:34,12:34,12,0,0,TEJON STREET 200 BLOCK SOUTH & ALAMEDA AVENUE WEST,1,1,0,0,1,3,0,,25,0,0,0,0,0,2,2,1
,2017_15872,39.711183,-105.011003,7/15/2017 23:38,23:38,8,0,0,ALAMEDA WEST & TEJON STREET SOUTH,1,3,0,0,1,1,0,,,0,0,0,0,0,2,2,13
,2017_15873,39.711183,-105.011003,8/9/2017 8:05,8:05,12,0,0,ALAMEDA AVENUE WEST 2000 BLOCK & TEJON STREET SOUTH,1,1,0,0,1,4,0,,35,0,0,0,0,1,2,2,1
,2017_15874,39.711183,-105.011003,10/23/2017 3:52,3:52,1,0,0,ALAMEDA AVENUE WEST & TEJON STREET SOUTH,1,3,0,7,1,1,0,,35,0,0,0,0,1,2,2,7
,2017_15875,39.711183,-105.011003,12/6/2017 18:09,18:09,1,0,0,ALAMEDA AVENUE WEST & TEJON STREET SOUTH,1,3,0,0,1,1,0,,30,0,0,0,0,1,2,2,7
,2017_15876,39.711183,-105.01085,9/26/2017 7:56,7:56,12,0,0,ALAMEDA AVENUE WEST 1500 BLOCK & TEJON STREET SOUTH,1,1,0,0,1,4,0,,35,0,0,0,0,0,2,3,3
,2017_15877,39.711183,-105.010478,9/22/2017 8:22,8:22,12,0,0,ALAMEDA AVENUE WEST & TEJON STREET SOUTH,1,1,3,7,1,4,0,,35,0,0,0,0,0,2,2,2
,2017_15878,39.711183,-105.009175,1/3/2017 23:15,23:15,15,0,0,ALAMEDA AVENUE & 1500 BLOCK WEST,1,3,0,0,1,4,0,,35,0,0,0,0,0,2,2,1
,2017_15879,39.711183,-105.009175,5/24/2017 10:53,10:53,12,0,0,ALAMEDA AVENUE 1500 BLOCK WEST & RARITAN STREET SOUTH,1,1,0,0,1,4,0,,35,0,0,0,0,0,2,2,1
,2017_15880,39.711183,-105.008617,1/31/2017 20:14,20:14,8,0,0,ALAMEDA AVENUE WEST & RARITAN STREET SOUTH,1,3,0,0,1,1,0,,30,0,0,0,0,0,2,2,13
,2017_15881,39.711183,-105.008617,3/20/2017 17:02,17:02,3,0,0,ALAMEDA AVENUE WEST & RARITAN STREET SOUTH,1,1,0,0,1,1,0,,25,0,0,0,0,0,2,2,7
,2017_15882,39.711183,-105.008617,6/5/2017 15:04,15:04,3,0,1,ALAMEDA AVENUE WEST & RARITAN STREET SOUTH,1,1,0,0,1,1,0,,25,0,0,0,0,2,2,2,1
,2017_15883,39.711183,-105.008617,12/15/2017 22:38,22:38,3,0,0,ALAMEDA AVENUE WEST & RARITAN STREET SOUTH,1,3,3,7,1,1,0,,25,0,0,0,0,1,2,2,16
,2017_15884,39.711184,-105.006384,8/22/2017 7:45,7:45,15,0,0,ALAMEDA AVENUE WEST & PECOS STREET,1,1,0,0,1,4,0,,,0,0,0,0,0,2,2,13
,2017_15885,39.711184,-105.006384,10/27/2017 13:40,13:40,12,0,0,ALAMEDA AVENUE WEST & PECOS STREET SOUTH,1,1,0,0,1,1,0,,,0,0,0,0,1,2,3,13
,2017_15886,39.711184,-105.004709,5/8/2017 15:40,15:40,12,0,0,ALAMEDA AVENUE WEST & PECOS STREET SOUTH,2,1,0,1,1,4,0,,35,0,0,0,0,0,2,2,3
,2017_15887,39.711184,-105.004337,3/14/2017 5:52,5:52,15,0,0,ALAMEDA AVENUE WEST & NAVAJO STREET SOUTH,1,3,0,0,1,4,0,,35,0,0,0,0,0,2,2,13
,2017_15888,39.711184,-105.004337,10/14/2017 12:56,12:56,1,0,0,ALAMEDA AVENUE WEST & NAVAJO STREET SOUTH,1,1,0,0,1,2,0,,35,0,0,0,0,0,2,2,3
,2017_15889,39.711184,-105.003965,6/8/2017 13:30,13:30,3,0,0,NAVAJO STREET SOUTH & ALAMEDA AVENUE WEST,1,1,0,0,1,1,0,,35,0,0,0,0,0,2,2,13
,2017_15890,39.711184,-105.003965,10/3/2017 7:36,7:36,12,0,0,ALAMEDA AVENUE WEST & NAVAJO STREET SOUTH,1,1,0,0,1,1,0,,35,0,0,0,0,0,2,2,13
,2017_15891,39.711168,-105.003311,5/25/2017 8:57,8:57,12,0,0,ALAMEDA AVENUE WEST & NAVAJO STREET SOUTH,1,1,0,0,1,4,0,,35,0,0,0,0,0,2,5,3
,2017_15892,39.653118,-104.90465,9/27/2017 19:15,19:15,12,0,0,HAMPDEN AVENUE EAST & POPLAR STREET SOUTH,1,3,0,0,1,4,0,,35,0,0,0,0,0,2,2,1
,2017_15893,39.711184,-105.003407,10/23/2017 13:12,13:12,15,0,0,ALAMEDA AVENUE WEST & NAVAJO STREET SOUTH,1,1,0,0,1,2,0,,30,0,0,0,0,0,2,2,13
,2017_15894,39.711184,-105.003221,1/27/2017 13:00,13:00,12,0,0,ALAMEDA AVENUE WEST & NAVAJO STREET SOUTH,1,1,0,0,1,4,0,,35,0,0,0,0,0,2,2,3
,2017_15895,39.711184,-105.001732,1/31/2017 16:25,16:25,12,0,0,ALAMEDA AVENUE WEST & LIPAN STREET SOUTH,1,1,0,0,1,4,0,,40,0,0,0,0,0,2,2,13
,2017_15896,39.711184,-105.001546,1/20/2017 15:21,15:21,3,0,0,ALAMEDA AVENUE WEST & LIPAN STREET SOUTH,1,1,0,0,1,1,0,,30,0,0,0,0,0,2,2,8
,2017_15897,39.711184,-105.001546,4/20/2017 20:27,20:27,3,0,0,ALAMEDA AVENUE WEST & LIPAN STREET SOUTH,2,3,0,0,1,1,0,,35,0,0,0,0,0,2,2,1
,2017_15898,39.711184,-105.001546,5/10/2017 16:41,16:41,12,0,0,ALAMEDA AVENUE WEST & LIPAN STREET SOUTH,2,1,0,1,1,1,0,,30,0,0,0,0,1,2,2,1
,2017_15899,39.711184,-105.001546,5/12/2017 17:00,17:00,1,0,0,LIPAN STREET SOUTH & ALAMEDA AVENUE WEST,1,1,0,0,1,1,0,,25,0,0,0,0,0,2,2,13
,2017_15900,39.711184,-105.001546,5/29/2017 16:23,16:23,3,0,0,ALAMEDA AVENUE WEST & LIPAN STREET SOUTH,1,1,0,0,1,1,0,,35,0,0,0,0,0,2,2,3
,2017_15901,39.711184,-105.001546,7/5/2017 16:45,16:45,12,0,0,ALAMEDA AVENUE WEST & LIPAN STREET SOUTH,1,1,0,0,1,3,0,,,0,0,0,0,0,2,2,13
,2017_15902,39.711184,-105.001546,8/17/2017 10:10,10:10,15,0,0,ALAMEDA AVENUE WEST & LIPAN STREET SOUTH,1,1,0,0,1,1,0,,35,0,0,0,0,0,2,2,7
,2017_15903,39.711184,-105.000802,4/4/2017 18:15,18:15,15,0,0,ALAMEDA AVENUE WEST & PLATTE RIVER DRIVE SOUTH,2,1,0,2,1,3,0,,35,0,0,0,0,0,2,3,13
,2017_15904,39.711184,-105.00062,4/8/2017 20:25,20:25,10,0,0,ALAMEDA AVENUE WEST & PLATTE RIVER DRIVE SOUTH,1,3,0,0,1,3,0,,35,0,0,0,0,0,2,2,8
,2017_15906,39.711184,-105.00062,8/31/2017 15:50,15:50,12,0,0,ALAMEDA AVENUE WEST & PLATTE RIVER DRIVE SOUTH,1,1,0,7,1,3,0,,30,0,0,0,0,0,2,2,3
,2017_15907,39.711184,-105.00062,9/6/2017 8:34,8:34,3,0,0,ALAMEDA AVENUE WEST & PLATTE RIVER DRIVE SOUTH,1,1,0,0,1,1,0,,35,0,0,0,0,0,2,3,3
,2017_15908,39.711184,-105.00062,9/29/2017 10:15,10:15,12,0,0,PLATTE RIVER DRIVE SOUTH & ALAMEDA AVENUE WEST,1,1,1,0,1,1,0,,25,0,0,0,0,0,2,2,13
,2017_15909,39.711184,-105.00062,12/4/2017 12:16,12:16,3,0,0,ALAMEDA AVENUE WEST & PLATTE RIVER DRIVE SOUTH,1,1,0,0,1,1,0,,35,0,0,0,0,0,2,2,13
,2017_15910,39.711184,-105.00062,12/18/2017 17:07,17:07,1,0,0,ALAMEDA AVENUE WEST & PLATTE RIVER DRIVE SOUTH,1,3,0,0,1,1,0,,25,0,0,0,0,0,2,2,3
,2017_15911,39.711188,-105.000273,10/5/2017 23:09,23:09,12,0,0,ALAMEDA AVENUE WEST & PLATTE RIVER DRIVE SOUTH,1,3,0,0,1,3,0,,,0,0,0,0,0,2,3,13
,2017_15912,39.71119,-105.000102,1/13/2017 7:42,7:42,15,0,0,ALAMEDA AVENUE WEST 1000 BLOCK & I25 SOUTHBOUND OFF RAMP,1,1,0,0,1,3,0,,25,0,0,0,0,0,2,2,14
,2017_15913,39.711192,-104.99993,1/9/2017 23:12,23:12,5,0,0,ALAMEDA AVENUE WEST & I25 SOUTHBOUND OFF RAMP,1,3,0,0,2,1,1,,35,0,0,0,0,0,2,1,15
,2017_15914,39.711192,-104.99993,4/1/2017 12:35,12:35,3,0,0,ALAMEDA AVENUE WEST & I25 SOUTHBOUND OFF RAMP,1,1,0,0,1,1,0,,35,0,0,0,0,0,2,2,13
,2017_15915,39.711192,-104.99993,11/19/2017 15:58,15:58,3,0,0,ALAMEDA AVENUE WEST & I25 SOUTHBOUND OFF RAMP,1,1,0,0,1,1,0,,35,0,0,0,0,0,2,2,13
,2017_15916,39.711192,-104.99993,12/16/2017 9:15,9:15,3,0,0,ALAMEDA AVENUE WEST & I25 SOUTHBOUND OFF RAMP,1,1,0,1,1,1,0,,35,0,0,0,0,0,2,2,13
,2017_15917,39.711201,-104.999073,5/8/2017 13:09,13:09,5,0,0,ALAMEDA AVENUE WEST & I25,1,1,1,0,3,1,0,,30,0,0,0,0,0,2,1,3
,2017_15918,39.711201,-104.999073,9/6/2017 15:30,15:30,3,0,0,ALAMEDA AVENUE WEST & I25,1,1,0,0,1,3,0,,35,0,0,0,0,0,2,2,13
,2017_15919,39.711206,-104.998559,3/8/2017 10:54,10:54,15,0,0,ALAMEDA AVENUE WEST & KALAMATH STREET SOUTH,1,1,1,0,1,4,1,,30,0,0,0,0,0,2,2,3
,2017_15920,39.663549,-104.866234,5/18/2017 20:55,20:55,15,0,0,HAVANA STREET SOUTH & DARTMOUTH AVENUE EAST,2,3,0,2,1,4,0,,45,0,0,0,0,0,2,2,13
,2017_15921,39.711208,-104.998391,1/4/2017 21:50,21:50,3,0,0,KALAMATH STREET SOUTH & ALAMEDA AVENUE WEST,4,3,1,2,1,1,0,,35,0,0,0,0,0,2,2,13
,2017_15922,39.711208,-104.998391,1/6/2017 7:28,7:28,3,0,0,KALAMATH STREET SOUTH & ALAMEDA AVENUE WEST,5,1,0,0,1,1,0,,35,0,0,0,0,0,2,2,3
,2017_15923,39.711208,-104.998391,2/3/2017 11:26,11:26,15,0,0,ALAMEDA AVENUE WEST & KALAMATH STREET SOUTH,2,1,1,0,1,4,0,,25,0,0,0,0,0,2,2,13
,2017_15924,39.711208,-104.998391,2/18/2017 2:32,2:32,12,0,1,KALAMATH STREET SOUTH & ALAMEDA AVENUE WEST,1,3,1,0,1,3,0,,30,0,0,0,0,2,2,2,1
,2017_15925,39.711208,-104.998391,6/10/2017 9:16,9:16,12,0,0,ALAMEDA AVENUE WEST & KALAMATH STREET SOUTH,1,1,0,0,1,1,0,,30,0,0,0,0,0,2,2,13
,2017_15926,39.711208,-104.998391,8/10/2017 10:35,10:35,3,0,0,ALAMEDA AVENUE WEST & KALAMATH STREET SOUTH,1,1,0,0,1,1,0,,35,0,0,0,0,0,2,2,13
,2017_15927,39.711208,-104.998391,9/4/2017 11:41,11:41,1,0,0,ALAMEDA AVENUE WEST & KALAMATH STREET SOUTH,1,1,0,0,1,1,0,,30,0,0,0,0,0,2,2,13
,2017_15928,39.711208,-104.998391,10/15/2017 17:40,17:40,3,0,0,ALAMEDA AVENUE WEST & KALAMATH STREET SOUTH,1,1,0,0,1,1,0,,30,0,0,0,0,0,2,2,13
,2017_15929,39.711208,-104.998391,11/22/2017 11:16,11:16,1,0,0,ALAMEDA AVENUE WEST & KALAMATH STREET SOUTH,1,1,0,0,1,1,0,,30,0,0,0,0,1,2,2,13
,2017_15930,39.711208,-104.998391,11/25/2017 17:00,17:00,3,0,0,ALAMEDA AVENUE WEST & KALAMATH STREET SOUTH,3,1,1,0,1,1,0,,35,0,0,0,0,0,2,2,5
,2017_15932,39.653091,-104.916934,4/14/2017 8:38,8:38,12,0,0,HAMPDEN AVENUE EAST & I25,1,1,0,0,1,4,0,,40,0,0,0,0,0,2,2,8
,2017_15933,39.653091,-104.916934,8/21/2017 22:18,22:18,3,0,0,HAMPDEN AVENUE EAST & I25,1,3,0,0,1,1,0,,35,0,0,0,0,0,2,3,1
,2017_15934,39.655119,-104.866696,6/8/2017 0:15,0:15,5,0,1,HAMPDEN AVENUE EAST 10200 BLOCK & GALENA STREET SOUTH,2,3,0,1,2,4,0,,45,0,0,0,0,2,2,1,7
,2017_15935,39.653091,-104.916934,11/6/2017 7:22,7:22,12,0,0,HAMPDEN AVENUE EAST & I25,1,1,0,0,1,4,0,,35,0,0,0,0,0,2,2,13
,2017_15936,39.653091,-104.916623,10/6/2017 15:15,15:15,12,0,0,HAMPDEN AVENUE EAST & I25 NORTHBOUND SLIP RAMPS,1,1,0,0,1,4,0,,40,0,0,0,0,1,2,2,13
,2017_15937,39.769263,-104.9058135,1/11/2017 12:47,12:47,15,0,0,PONTIAC STREET NORTH & 38TH AVENUE EAST,1,1,0,0,1,3,0,,25,0,0,0,0,0,4,2,13
,2017_15938,39.653089,-104.9159,10/24/2017 14:00,14:00,12,0,0,HAMPDEN AVENUE EAST & LOCUST STREET SOUTH,1,1,0,0,1,4,0,,35,0,0,0,0,0,2,2,13
,2017_15939,39.653089,-104.915539,12/8/2017 13:49,13:49,12,0,0,HAMPDEN AVENUE 6300 BLOCK EAST & LOCUST STREET SOUTH,1,1,0,0,1,4,0,,30,0,0,0,0,0,2,3,10
,2017_15940,39.653088,-104.915178,1/8/2017 20:10,20:10,1,0,0,HAMPDEN AVENUE EAST & LOCUST STREET SOUTH,1,4,0,0,1,1,0,,40,0,0,0,0,0,2,2,13
,2017_15941,39.653088,-104.915178,1/13/2017 11:15,11:15,3,0,0,HAMPDEN AVENUE EAST & LOCUST STREET SOUTH,1,5,1,0,1,1,0,,35,0,0,0,0,0,2,2,3
,2017_15942,39.653088,-104.915178,2/18/2017 13:35,13:35,3,0,0,HAMPDEN AVENUE EAST & LOCUST STREET SOUTH,1,1,1,0,1,1,0,,40,0,0,0,0,0,2,2,13
,2017_15943,39.653088,-104.915178,3/26/2017 7:39,7:39,1,0,0,HAMPDEN AVENUE EAST & LOCUST STREET SOUTH,1,1,0,0,1,1,0,,30,0,0,0,0,0,2,2,13
,2017_15944,39.653088,-104.915178,4/19/2017 19:14,19:14,3,0,0,HAMPDEN AVENUE EAST & LOCUST STREET SOUTH,1,1,0,0,1,1,0,,35,0,0,0,0,0,2,2,14
,2017_15945,39.653088,-104.915178,4/30/2017 18:00,18:00,3,0,0,HAMPDEN AVENUE EAST & LOCUST STREET SOUTH,1,2,1,0,1,1,0,,40,0,0,0,0,0,2,2,13
,2017_15946,39.653088,-104.915178,5/8/2017 21:58,21:58,12,0,0,LOCUST STREET SOUTH & HAMPDEN AVENUE EAST,2,3,1,0,1,1,0,,25,0,0,0,0,1,2,2,16
,2017_15947,39.653088,-104.915178,5/18/2017 13:15,13:15,3,0,0,LOCUST STREET SOUTH & HAMPDEN AVENUE EAST,2,1,0,2,1,1,0,,65,0,0,0,0,0,2,2,2
,2017_15948,39.653088,-104.915178,7/27/2017 19:05,19:05,3,0,0,HAMPDEN AVENUE EAST & LOCUST STREET SOUTH,1,1,0,0,1,1,0,,40,0,0,0,0,0,2,2,13
,2017_15949,39.653088,-104.915178,11/17/2017 14:59,14:59,1,0,1,LOCUST STREET SOUTH & HAMPDEN AVENUE EAST,1,1,1,0,1,1,0,,30,0,0,0,1,2,2,2,1
,2017_15950,39.653088,-104.915178,11/17/2017 19:49,19:49,15,0,0,HAMPDEN AVENUE 6400 BLOCK EAST & LOCUST STREET SOUTH,2,3,0,1,1,4,0,,35,0,0,0,0,0,2,2,1
,2017_15951,39.653087,-104.914817,6/2/2017 14:47,14:47,12,0,0,HAMPDEN AVENUE 5400 BLOCK EAST & LOCUST STREET SOUTH,2,1,1,1,1,4,0,,40,0,0,0,0,0,2,2,13
,2017_15952,39.653087,-104.914817,8/10/2017 21:55,21:55,12,0,0,HAMPDEN AVENUE 6400 BLOCK EAST & MONACO STREET SOUTH,1,3,0,0,1,4,0,,40,0,0,0,0,0,2,2,13
,2017_15953,39.653085,-104.913372,7/8/2017 16:37,16:37,12,0,0,HAMPDEN AVENUE EAST & MONACO STREET SOUTH,1,1,1,0,1,4,0,,40,0,0,0,0,0,2,2,13
,2017_15954,39.660018,-104.866322,10/30/2017 0:50,0:50,5,0,0,HAVANA STREET SOUTH & DARTMOUTH AVENUE EAST,1,3,0,0,3,1,0,,35,0,0,0,0,0,2,1,1
,2017_15955,39.653084,-104.913191,1/23/2017 9:05,9:05,12,0,0,HAMPDEN AVENUE EAST 6400 BLOCK & MONACO STREET SOUTH,1,1,0,0,1,3,0,,40,0,0,0,0,1,2,3,1
,2017_15956,39.653084,-104.913191,10/7/2017 11:00,11:00,12,0,0,HAMPDEN AVENUE 6400 BLOCK EAST & MONACO STREET SOUTH,1,1,0,0,1,4,0,,45,0,0,0,0,0,2,2,13
,2017_15957,39.653084,-104.91301,12/7/2017 7:52,7:52,12,0,0,HAMPDEN AVENUE EAST & MONACO STREET SOUTH,1,1,0,0,1,4,0,,45,0,0,0,0,0,2,2,13
,2017_15958,39.653084,-104.91283,1/17/2017 5:58,5:58,12,0,0,MONACO STREET SOUTH & HAMPDEN AVENUE EAST,5,3,0,0,1,3,0,,30,0,0,0,0,0,2,2,7
,2017_15959,39.653084,-104.91283,4/27/2017 23:50,23:50,1,0,0,HAMPDEN AVENUE EAST & MONACO STREET SOUTH,1,3,0,0,1,1,0,,40,0,0,0,0,1,2,2,12
,2017_15960,39.653084,-104.91283,6/30/2017 9:14,9:14,12,0,0,MONACO STREET 3500 BLOCK SOUTH & HAMPDEN AVENUE EAST,1,1,0,0,1,3,0,,35,0,0,0,0,0,2,2,13
,2017_15961,39.653084,-104.91283,9/3/2017 13:00,13:00,12,0,0,HAMPDEN AVENUE 6400 BLOCK EAST & MONACO STREET SOUTH,1,1,0,0,1,4,0,,40,0,0,0,0,0,2,2,13
,2017_15962,39.653077,-104.909036,1/25/2017 15:15,15:15,1,0,0,HAMPDEN AVENUE EAST & ONEIDA WAY SOUTH,1,1,0,0,1,1,0,,40,0,0,0,0,0,2,2,13
,2017_15963,39.653083,-104.912649,2/14/2017 8:11,8:11,12,0,0,HAMPDEN AVENUE EAST & MONACO STREET SOUTH,1,1,0,0,1,3,0,,40,0,0,0,0,1,2,3,1
,2017_15964,39.653083,-104.912649,6/15/2017 16:42,16:42,12,0,0,HAMPDEN AVENUE EAST 6500 BLOCK & MONACO STREET SOUTH,1,1,0,0,1,1,0,,10,0,0,0,0,0,2,2,13
,2017_15965,39.653083,-104.912468,6/30/2017 12:05,12:05,12,0,1,HAMPDEN AVENUE EAST 6600 BLOCK & MONACO STREET SOUTH,1,1,0,0,1,4,0,,40,0,0,0,0,2,2,4,13
,2017_15966,39.653083,-104.912468,9/13/2017 6:55,6:55,12,0,0,HAMPDEN AVENUE EAST 6600 BLOCK & MONACO STREET SOUTH,1,1,0,0,1,4,0,,30,0,0,0,0,0,2,2,3
,2017_15967,39.653083,-104.912288,4/18/2017 9:44,9:44,12,0,0,HAMPDEN AVENUE EAST & MONACO STREET SOUTH,1,1,0,0,1,4,0,,40,0,0,0,0,0,2,2,1
,2017_15968,39.653082,-104.912107,3/7/2017 8:06,8:06,12,0,0,HAMPDEN AVENUE EAST & MONACO STREET SOUTH,1,1,0,0,1,3,0,,,0,0,0,0,1,2,2,13
,2017_15969,39.653082,-104.912107,8/28/2017 11:14,11:14,12,0,0,HAMPDEN AVENUE EAST 6600 BLOCK & MONACO STREET SOUTH,1,1,0,0,1,2,0,,35,0,0,0,0,0,2,2,13
,2017_15970,39.653081,-104.911565,1/26/2017 15:25,15:25,15,0,1,HAMPDEN AVENUE EAST & MONACO STREET SOUTH,1,1,0,0,1,4,0,,40,0,0,0,0,2,2,2,14
,2017_15971,39.653081,-104.911565,2/9/2017 11:50,11:50,12,0,0,HAMPDEN AVENUE EAST & MONACO STREET SOUTH,1,1,0,0,1,4,0,,40,0,0,0,0,0,2,2,13
,2017_15972,39.653077,-104.909217,12/17/2017 13:26,13:26,15,0,0,HAMPDEN AVENUE EAST 6800 BLOCK & ONEIDA WAY SOUTH,1,1,0,0,1,4,0,,40,0,0,0,0,0,2,2,13
,2017_15973,39.653077,-104.909036,6/16/2017 8:15,8:15,1,0,0,HAMPDEN AVENUE EAST & ONEIDA WAY SOUTH,1,1,0,0,1,1,0,,40,0,0,0,0,0,2,2,13
,2017_15974,39.653077,-104.909036,6/29/2017 11:21,11:21,12,0,0,HAMPDEN AVENUE EAST & ONEIDA WAY SOUTH,1,1,0,0,1,3,0,,40,0,0,0,0,0,2,2,1
,2017_15975,39.653077,-104.909036,10/17/2017 16:44,16:44,15,0,0,HAMPDEN AVENUE EAST & ONEIDA WAY SOUTH,1,1,0,0,1,4,0,,40,0,0,0,0,0,2,2,13
,2017_15976,39.653084,-104.908306,4/28/2017 9:11,9:11,12,0,0,HAMPDEN AVENUE EAST & MONACO STREET,1,1,0,0,1,4,0,,30,0,0,0,0,0,2,2,13
,2017_15977,39.653091,-104.907575,9/12/2017 17:34,17:34,12,0,0,HAMPDEN AVENUE EAST & OLEANDER COURT SOUTH,1,1,0,0,1,4,0,,40,0,0,0,0,1,2,2,12
,2017_15978,39.653094,-104.90721,12/24/2017 17:46,17:46,15,0,0,HAMPDEN AVENUE EAST & OLEANDER COURT SOUTH,2,3,0,0,1,4,0,,40,0,0,0,0,0,2,2,7
,2017_15979,39.653096,-104.907027,3/6/2017 19:15,19:15,15,0,0,HAMPDEN AVENUE EAST & OLEANDER COURT SOUTH,1,3,0,0,1,4,0,,,0,0,0,0,1,2,2,13
,2017_15980,39.653103,-104.906297,8/29/2017 15:12,15:12,12,0,0,HAMPDEN AVENUE EAST 7100 BLOCK & OLEANDER COURT SOUTH,1,1,1,0,1,4,0,,40,0,0,0,0,1,2,2,3
,2017_15981,39.653105,-104.906114,7/22/2017 12:18,12:18,3,0,0,HAMPDEN AVENUE EAST 7100 BLOCK & POPLAR STREET SOUTH,1,1,0,0,1,2,0,,40,0,0,0,0,0,2,2,13
,2017_15982,39.65324,-104.905803,10/6/2017 19:25,19:25,12,0,1,HAMPDEN AVENUE 7115 EAST & POPLAR STREET SOUTH,1,3,0,0,1,2,0,,40,0,0,0,0,2,2,2,13
,2017_15983,39.653115,-104.905018,9/14/2017 16:03,16:03,15,0,0,HAMPDEN AVENUE 7100 BLOCK EAST & POPLAR STREET SOUTH,1,1,0,0,1,4,0,,40,0,0,0,0,0,2,2,13
,2017_15984,39.653118,-104.90465,3/2/2017 7:18,7:18,15,0,0,HAMPDEN AVENUE EAST & POPLAR STREET SOUTH,1,1,1,0,1,1,0,,30,0,0,0,0,0,2,2,1
,2017_15985,39.653118,-104.90465,4/21/2017 16:05,16:05,12,0,0,HAMPDEN AVENUE EAST & POPLAR STREET SOUTH,1,1,0,0,1,1,0,,40,0,0,0,0,0,2,3,7