id,drcog_id,latitude,longitude,crashtime,time,crashtype,numbkilled,numbinjurd,drcoglocat,rdconditin,lightngcon,roadcntgrd,weatherco,location,roaddescrp,constrzone,schoolzone,splimit,bikeinv,pedinv,sctrinv,motoinv,svrty,rdsystem,ttlvehcls,hcf
,2017_15986,39.653118,-104.90465,4/22/2017 15:51,15:51,12,0,0,HAMPDEN AVENUE EAST & POPLAR STREET SOUTH,1,1,0,0,1,4,0,,40,0,0,0,0,1,2,2,16
,2017_15987,39.653118,-104.90465,5/24/2017 17:30,17:30,1,0,0,HAMPDEN AVENUE EAST & POPLAR STREET SOUTH,1,1,0,0,1,1,0,,40,0,0,0,0,0,2,2,13
,2017_15988,39.653118,-104.90465,9/28/2017 7:38,7:38,1,0,0,HAMPDEN AVENUE EAST & POPLAR STREET SOUTH,2,1,0,1,1,1,0,,40,0,0,0,0,0,2,2,13
,2017_15989,39.653118,-104.90465,10/16/2017 17:13,17:13,12,0,0,HAMPDEN AVENUE EAST & POPLAR STREET SOUTH,1,1,0,0,1,4,0,,40,0,0,0,0,0,2,2,13
,2017_15990,39.653118,-104.90465,10/21/2017 19:15,19:15,12,0,0,HAMPDEN AVENUE EAST & POPLAR STREET SOUTH,1,3,1,0,1,1,0,,40,0,0,0,0,0,2,2,1
,2017_15991,39.653116,-104.904462,6/16/2017 9:34,9:34,15,0,0,HAMPDEN AVENUE EAST & POPLAR STREET SOUTH,1,1,0,0,1,3,0,,40,0,0,0,0,0,2,2,13
,2017_15993,39.653113,-104.903896,5/18/2017 14:32,14:32,3,0,0,HAMPDEN AVENUE EAST & POPLAR STREET SOUTH,2,1,0,2,1,2,0,,45,0,0,0,0,0,2,2,7
,2017_15994,39.653113,-104.903896,8/25/2017 13:05,13:05,15,0,0,HAMPDEN AVENUE EAST 7200 BLOCK & POPLAR STREET SOUTH,1,1,0,0,1,2,0,,40,0,0,0,0,0,2,2,15
,2017_15995,39.653016,-104.903682,9/24/2017 15:42,15:42,3,0,0,HAMPDEN AVENUE EAST & POPLAR STREET SOUTH APPROXIMATELY,2,1,0,1,1,2,0,,45,0,0,0,0,1,2,2,13
,2017_15996,39.653106,-104.902954,1/29/2017 10:55,10:55,12,0,0,HAMPDEN AVENUE EAST & POPLAR STREET SOUTH,1,1,0,0,1,4,0,,40,0,0,0,0,1,2,2,13
,2017_15997,39.653079,-104.89436,2/10/2017 17:30,17:30,15,0,0,HAMPDEN AVENUE EAST 8000 BLOCK & ULSTER STREET SOUTH,1,1,0,0,1,4,0,,35,0,0,0,0,0,2,2,13
,2017_15998,39.653105,-104.902765,4/12/2017 22:05,22:05,3,0,0,HAMPDEN AVENUE EAST & POPLAR STREET SOUTH,1,3,0,0,1,1,0,,35,0,0,0,0,0,2,2,3
,2017_15999,39.653102,-104.902388,5/18/2017 18:30,18:30,15,0,0,HAMPDEN AVENUE EAST & TAMARAC DRIVE SOUTH,2,1,0,2,1,4,0,,40,0,0,0,0,0,2,2,6
,2017_16000,39.6531,-104.902011,2/26/2017 18:40,18:40,1,0,0,HAMPDEN AVENUE EAST & 7500 BLOCK EAST,1,3,1,0,1,1,0,,40,0,0,0,0,1,2,2,13
,2017_16001,39.653098,-104.901822,7/24/2017 14:00,14:00,1,0,0,HAMPDEN AVENUE EAST 7500 BLOCK & TAMARAC DRIVE SOUTH,1,1,0,0,1,2,0,,40,0,0,0,0,0,2,3,13
,2017_16002,39.653122,-104.901659,6/10/2017 12:19,12:19,1,0,0,HAMPDEN AVENUE EAST & MM 0.92,1,1,0,0,1,1,0,,,0,0,0,0,1,2,2,13
,2017_16003,39.653091,-104.900691,12/8/2017 16:40,16:40,15,0,0,HAMPDEN AVENUE EAST & TAMARAC DRIVE SOUTH,1,3,0,0,1,3,0,,45,0,0,0,0,0,2,2,13
,2017_16004,39.653089,-104.900503,10/21/2017 19:09,19:09,1,0,0,HAMPDEN AVENUE EAST 7500 BLOCK & 7500 BLOCK EAST,1,3,1,0,1,1,0,,40,0,0,0,0,1,2,2,10
,2017_16005,39.767625,-104.905503,1/11/2017 13:33,13:33,6,0,0,PONTIAC STREET 3600 BLOCK NORTH & 38TH AVENUE EAST,1,1,0,0,1,4,0,,25,0,0,0,0,0,4,2,13
,2017_16006,39.653087,-104.900126,8/3/2017 5:46,5:46,1,0,1,TAMARAC DRIVE SOUTH  & HAMPDEN AVENUE EAST,1,2,1,0,1,1,0,,40,0,0,0,0,2,2,2,13
,2017_16007,39.653087,-104.900126,8/19/2017 0:40,0:40,5,0,0,HAMPDEN AVENUE EAST & TAMARAC DRIVE SOUTH,1,3,1,0,2,1,0,,,0,0,0,0,0,2,1,13
,2017_16008,39.653083,-104.89956,4/21/2017 11:35,11:35,15,0,0,HAMPDEN AVENUE EAST & TAMARAC DRIVE SOUTH,1,1,1,0,1,4,0,,30,0,0,0,0,0,2,2,14
,2017_16009,39.653083,-104.89956,6/6/2017 14:01,14:01,12,0,0,HAMPDEN AVENUE EAST 7700 BLOCK & TAMARAC DRIVE SOUTH,1,1,1,0,1,4,0,,40,0,0,0,0,0,2,3,14
,2017_16010,39.65305,-104.884342,2/26/2017 23:18,23:18,12,0,0,HAMPDEN AVENUE EAST & YOSEMITE STREET SOUTH,1,3,0,0,1,1,0,,45,0,0,0,0,1,2,2,13
,2017_16011,39.653083,-104.89956,6/16/2017 0:20,0:20,15,0,0,HAMPDEN AVENUE EAST & TAMARAC DRIVE SOUTH,1,2,1,0,1,4,0,,40,0,0,0,0,0,2,2,12
,2017_16012,39.653078,-104.898806,4/3/2017 7:31,7:31,12,0,0,HAMPDEN AVENUE 7900 BLOCK EAST & TAMARAC DRIVE SOUTH,1,1,1,0,1,3,0,,40,0,0,0,0,1,2,3,14
,2017_16014,39.653078,-104.898806,4/10/2017 7:04,7:04,12,0,0,HAMPDEN AVENUE EAST & TAMARAC DRIVE SOUTH,1,1,1,0,1,3,0,,40,0,0,0,0,0,2,2,14
,2017_16015,39.653078,-104.898806,6/9/2017 19:39,19:39,12,0,0,HAMPDEN AVENUE EAST & TAMARAC DRIVE SOUTH,1,1,1,0,1,3,0,,45,0,0,0,0,0,2,2,3
,2017_16017,39.653078,-104.898806,6/28/2017 9:34,9:34,12,0,0,HAMPDEN AVENUE EAST 7900 BLOCK & TAMARAC DRIVE SOUTH,1,1,1,0,1,4,0,,35,0,0,0,0,0,2,2,3
,2017_16018,39.653077,-104.898619,1/19/2017 17:15,17:15,15,0,0,HAMPDEN AVENUE EAST & TAMARAC DRIVE SOUTH,2,2,0,0,1,1,0,,45,0,0,0,0,1,2,2,14
,2017_16019,39.653077,-104.898619,1/27/2017 21:30,21:30,1,0,0,TAMARAC DRIVE SOUTH  & HAMPDEN AVENUE EAST,1,3,1,0,1,1,0,,40,0,0,0,0,1,2,2,13
,2017_16020,39.653077,-104.898619,3/27/2017 11:16,11:16,3,0,0,HAMPDEN AVENUE EAST & TAMARAC DRIVE SOUTH,1,1,0,0,1,1,0,,30,0,0,0,0,0,2,2,13
,2017_16021,39.653077,-104.898619,5/11/2017 17:35,17:35,15,0,0,TAMARAC DRIVE SOUTH  & HAMPDEN AVENUE EAST,1,1,1,0,1,3,0,,30,0,0,0,0,0,2,2,1
,2017_16022,39.653077,-104.898619,6/9/2017 9:24,9:24,12,0,2,HAMPDEN AVENUE EAST & TAMARAC DRIVE SOUTH,1,1,1,0,1,3,0,,35,0,0,0,0,2,2,2,13
,2017_16023,39.653077,-104.898619,6/14/2017 15:27,15:27,12,0,0,HAMPDEN AVENUE EAST 3500 BLOCK & TAMARAC DRIVE SOUTH,1,1,1,0,1,3,0,,45,0,0,0,0,0,2,2,13
,2017_16024,39.653077,-104.898619,7/6/2017 12:32,12:32,1,0,0,TAMARAC DRIVE SOUTH & HAMPDEN AVENUE EAST,1,1,0,0,1,1,0,,30,0,0,0,0,1,2,2,16
,2017_16025,39.653077,-104.898619,12/6/2017 17:35,17:35,1,0,0,TAMARAC DRIVE SOUTH & HAMPDEN AVENUE EAST,1,3,0,0,1,1,0,,35,0,0,0,0,0,2,2,14
,2017_16026,39.653077,-104.898619,8/5/2017 18:28,18:28,1,0,0,HAMPDEN AVENUE EAST & TAMARAC DRIVE SOUTH,1,1,0,0,1,1,0,,30,0,0,0,0,1,2,3,14
,2017_16027,39.653077,-104.898619,8/28/2017 11:55,11:55,12,0,0,HAMPDEN AVENUE EAST 8000 BLOCK & TAMARAC DRIVE SOUTH,1,1,0,0,1,3,0,,,0,0,0,0,0,2,2,13
,2017_16028,39.653077,-104.898619,8/30/2017 21:27,21:27,14,0,0,TAMARAC DRIVE SOUTH  & HAMPDEN AVENUE EAST,1,3,1,0,1,1,0,,35,0,0,0,0,0,2,2,13
,2017_16030,39.653077,-104.898619,9/5/2017 21:25,21:25,12,0,0,TAMARAC DRIVE SOUTH & HAMPDEN AVENUE EAST,1,3,0,0,1,1,0,,35,0,0,0,0,1,2,2,13
,2017_16031,39.653077,-104.898619,10/7/2017 20:57,20:57,3,0,0,HAMPDEN AVENUE EAST & TAMARAC DRIVE SOUTH,1,3,1,0,1,1,0,,40,0,0,0,0,0,2,2,1
,2017_16032,39.653077,-104.898619,11/7/2017 16:47,16:47,1,0,0,HAMPDEN AVENUE EAST & TAMARAC DRIVE SOUTH,2,3,0,1,1,1,0,,45,0,0,0,0,0,2,2,16
,2017_16033,39.653077,-104.898619,11/12/2017 12:06,12:06,1,0,0,HAMPDEN AVENUE EAST & TAMARAC DRIVE SOUTH,1,1,1,0,1,1,0,,40,0,0,0,0,0,2,2,13
,2017_16034,39.653077,-104.898619,11/14/2017 12:48,12:48,1,0,2,HAMPDEN AVENUE EAST & TAMARAC DRIVE SOUTH,1,1,0,0,1,1,0,,45,0,0,0,0,2,2,3,14
,2017_16035,39.653077,-104.898619,11/14/2017 12:50,12:50,12,0,0,HAMPDEN AVENUE EAST & TAMARAC STREET SOUTH,1,1,0,0,1,1,0,,35,0,0,0,0,0,2,2,3
,2017_16036,39.653077,-104.898619,11/28/2017 16:44,16:44,15,0,0,TAMARAC DRIVE 3400 BLOCK SOUTH & HAMPDEN AVENUE EAST,1,1,0,0,1,4,0,,35,0,0,0,0,0,2,2,13
,2017_16037,39.653077,-104.898619,11/30/2017 18:47,18:47,1,0,0,HAMPDEN AVENUE EAST & TAMARAC DRIVE SOUTH,1,1,0,0,1,1,0,,40,0,0,0,0,0,2,2,1
,2017_16038,39.653077,-104.898619,12/5/2017 16:30,16:30,15,0,0,TAMARAC DRIVE SOUTH  & HAMPDEN AVENUE EAST,1,1,0,0,1,1,0,,30,0,0,0,0,0,2,2,1
,2017_16040,39.653077,-104.898619,12/7/2017 7:52,7:52,1,0,1,HAMPDEN AVENUE EAST & TAMARAC DRIVE SOUTH,1,1,0,0,1,1,0,,45,0,0,0,0,2,2,2,13
,2017_16041,39.653078,-104.897879,5/8/2017 14:50,14:50,12,0,1,HAMPDEN AVENUE EAST & TAMARAC DRIVE SOUTH,2,1,1,1,1,4,0,,45,0,0,0,0,2,2,2,13
,2017_16042,39.653079,-104.89436,9/8/2017 21:23,21:23,12,0,0,HAMPDEN AVENUE EAST & ULSTER STREET SOUTH,1,3,1,0,1,4,0,,45,0,0,0,0,0,2,3,7
,2017_16043,39.65308,-104.891582,11/7/2017 8:17,8:17,15,0,0,HAMPDEN AVENUE EAST 8100 BLOCK & VERBENA STREET SOUTH,2,1,0,0,1,2,0,,35,0,0,0,0,0,2,2,13
,2017_16044,39.653081,-104.888248,2/27/2017 18:52,18:52,1,0,0,HAMPDEN AVENUE EAST & WILLOW STREET SOUTH,1,3,0,0,1,2,0,,35,0,0,0,0,0,2,2,13
,2017_16045,39.653081,-104.888063,1/20/2017 13:09,13:09,12,0,0,HAMPDEN AVENUE EAST 8500 BLOCK & WILLOW STREET SOUTH,1,1,0,0,1,1,0,,15,0,0,0,0,1,2,2,13
,2017_16046,39.653058,-104.885224,7/25/2017 11:57,11:57,12,0,1,HAMPDEN AVENUE EAST & YOSEMITE STREET SOUTH,1,1,0,0,1,4,0,,40,0,0,0,0,2,2,2,3
,2017_16047,39.653054,-104.884695,6/28/2017 13:33,13:33,15,0,0,HAMPDEN AVENUE EAST & YOSEMITE STREET SOUTH,1,1,1,0,1,3,0,,35,0,0,0,0,0,2,2,6
,2017_16048,39.653052,-104.884518,9/5/2017 11:36,11:36,15,0,0,HAMPDEN AVENUE EAST & 8900 BLOCK EAST,1,1,0,0,1,4,0,,40,0,0,0,0,0,2,3,13
,2017_16049,39.65305,-104.884342,1/16/2017 7:06,7:06,3,0,0,YOSEMITE STREET SOUTH & HAMPDEN AVENUE EAST,6,1,1,2,1,1,0,,35,0,0,0,0,0,2,4,1
,2017_16050,39.65305,-104.884342,1/18/2017 7:53,7:53,12,0,0,YOSEMITE STREET SOUTH & HAMPDEN AVENUE EAST,1,1,1,0,1,1,0,,35,0,0,0,0,0,2,3,2
,2017_16051,39.65305,-104.884342,2/6/2017 20:23,20:23,15,0,0,HAMPDEN AVENUE EAST & YOSEMITE STREET SOUTH,1,2,0,0,1,1,0,,35,0,0,0,0,0,2,2,13
,2017_16052,39.65305,-104.884342,2/21/2017 8:52,8:52,10,0,0,YOSEMITE STREET SOUTH & HAMPDEN AVENUE EAST,1,1,0,0,1,1,0,,,0,0,0,0,0,2,3,13
,2017_16053,39.65305,-104.884342,3/27/2017 20:45,20:45,12,0,0,HAMPDEN AVENUE EAST & YOSEMITE STREET SOUTH,2,4,0,0,1,1,0,,45,0,0,0,0,0,2,2,5
,2017_16054,39.65305,-104.884342,3/31/2017 23:15,23:15,15,0,0,HAMPDEN AVENUE EAST & YOSEMITE STREET SOUTH,2,3,0,1,1,1,0,,40,0,0,0,0,0,2,2,13
,2017_16055,39.653132,-104.869752,2/28/2017 16:00,16:00,15,0,0,HAMPDEN AVENUE EAST & GALENA STREET SOUTH,1,1,0,0,1,4,0,,45,0,0,0,0,0,2,2,13
,2017_16057,39.65305,-104.884342,4/18/2017 22:25,22:25,1,0,0,HAMPDEN AVENUE EAST & YOSEMITE STREET SOUTH,1,3,0,0,1,1,0,,45,0,0,0,0,0,2,2,13
,2017_16058,39.65305,-104.884342,4/21/2017 5:26,5:26,1,0,1,YOSEMITE STREET SOUTH & HAMPDEN AVENUE EAST,1,3,0,0,1,1,0,,40,0,0,0,0,2,2,2,13
,2017_16059,39.65305,-104.884342,5/16/2017 12:14,12:14,15,0,0,HAMPDEN AVENUE EAST & YOSEMITE STREET SOUTH,1,1,0,0,1,3,0,,45,0,0,0,0,0,2,2,13
,2017_16060,39.65305,-104.884342,5/19/2017 16:23,16:23,12,0,0,YOSEMITE STREET SOUTH & HAMPDEN AVENUE EAST,2,1,1,0,1,3,0,,35,0,0,0,0,0,2,2,3
,2017_16061,39.65305,-104.884342,5/29/2017 4:42,4:42,12,0,0,YOSEMITE STREET SOUTH & HAMPDEN AVENUE EAST,1,3,0,0,1,3,0,,30,0,0,0,0,0,2,2,2
,2017_16062,39.65305,-104.884342,5/31/2017 14:00,14:00,3,0,0,HAMPDEN AVENUE EAST & YOSEMITE STREET SOUTH,1,1,0,0,1,1,0,,35,0,0,0,0,1,2,2,1
,2017_16063,39.65305,-104.884342,9/2/2017 9:43,9:43,12,0,0,YOSEMITE STREET SOUTH & HAMPDEN AVENUE EAST,1,1,0,0,1,1,0,,35,0,0,0,0,0,2,2,16
,2017_16064,39.65305,-104.884342,9/13/2017 22:11,22:11,12,0,0,YOSEMITE STREET SOUTH & HAMPDEN AVENUE EAST,1,2,1,0,1,1,0,,,0,0,0,0,0,2,2,13
,2017_16065,39.65305,-104.884342,10/29/2017 12:48,12:48,12,0,0,HAMPDEN AVENUE EAST & YOSEMITE STREET SOUTH,1,1,0,0,1,1,0,,45,0,0,0,0,0,2,2,13
,2017_16067,39.65305,-104.884342,11/9/2017 6:23,6:23,1,0,0,HAMPDEN AVENUE EAST & YOSEMITE STREET SOUTH,1,3,1,0,1,1,0,,35,0,0,0,0,0,2,2,13
,2017_16068,39.653049,-104.884165,2/16/2017 14:24,14:24,12,0,0,HAMPDEN AVENUE EAST & YOSEMITE STREET SOUTH,1,1,1,0,1,3,0,,45,0,0,0,0,0,2,2,13
,2017_16069,39.653049,-104.884165,8/21/2017 22:31,22:31,1,0,0,HAMPDEN AVENUE EAST & YOSEMITE STREET SOUTH,1,3,1,0,1,2,0,,45,0,0,0,0,0,2,2,4
,2017_16070,39.653049,-104.884165,9/12/2017 11:48,11:48,10,0,0,HAMPDEN AVENUE EAST & YOSEMITE STREET SOUTH,1,1,0,0,1,2,0,,40,0,0,0,0,0,2,2,13
,2017_16071,39.653047,-104.883989,6/26/2017 13:01,13:01,12,0,1,HAMPDEN AVENUE EAST 8900 BLOCK & YOSEMITE STREET SOUTH,1,1,0,0,1,4,1,,45,0,0,0,0,2,2,2,13
,2017_16072,39.653045,-104.883813,1/12/2017 7:30,7:30,15,0,0,HAMPDEN AVENUE EAST 8900 BLOCK & YOSEMITE STREET SOUTH,1,1,0,0,1,3,0,,40,0,0,0,0,0,2,2,13
,2017_16073,39.653044,-104.883636,2/8/2017 15:30,15:30,15,0,0,HAMPDEN AVENUE EAST 8900 BLOCK & YOSEMITE STREET SOUTH,1,1,0,0,1,4,0,,45,0,0,0,0,0,2,2,13
,2017_16074,39.653031,-104.882225,3/6/2017 17:30,17:30,15,0,0,HAMPDEN AVENUE EAST 9000 BLOCK & AKRON STREET SOUTH,1,1,1,0,1,1,0,,35,0,0,0,0,0,2,2,13
,2017_16075,39.653031,-104.882225,10/4/2017 8:00,8:00,12,0,0,HAMPDEN AVENUE EAST & AKRON STREET SOUTH,1,1,0,0,1,4,0,,45,0,0,0,0,0,2,2,4
,2017_16076,39.653027,-104.881872,5/30/2017 8:46,8:46,12,0,0,HAMPDEN AVENUE EAST & MM 2,1,1,0,0,1,3,0,,45,0,0,0,0,0,2,2,13
,2017_16077,39.653025,-104.881512,1/20/2017 7:20,7:20,12,0,0,AKRON STREET SOUTH & HAMPDEN AVENUE EAST,5,1,0,0,1,1,0,,25,0,0,0,0,0,2,2,14
,2017_16078,39.653025,-104.881512,3/25/2017 0:48,0:48,5,0,0,HAMPDEN AVENUE EAST & AKRON STREET SOUTH,1,3,0,0,3,1,0,,35,0,0,0,0,0,2,1,5
,2017_16079,39.653025,-104.881512,9/28/2017 19:48,19:48,12,0,0,HAMPDEN AVENUE EAST & AKRON STREET SOUTH,1,3,0,0,1,1,0,,45,0,0,0,0,1,2,3,5
,2017_16080,39.653024,-104.880398,1/6/2017 18:31,18:31,12,0,0,HAMPDEN AVENUE EAST 9200 BLOCK & AKRON STREET SOUTH,5,3,0,0,1,4,0,,45,0,0,0,0,1,2,3,13
,2017_16081,39.653024,-104.880398,5/20/2017 20:56,20:56,15,0,0,HAMPDEN AVENUE EAST & AKRON STREET SOUTH,1,3,1,0,1,4,0,,30,0,0,0,0,0,2,2,13
,2017_16083,39.65302,-104.876499,11/19/2017 14:42,14:42,12,0,0,HAMPDEN AVENUE EAST 9600 BLOCK & DAYTON STREET SOUTH,1,1,0,0,1,3,0,,40,0,0,0,0,0,2,4,1
,2017_16085,39.65302,-104.875756,10/20/2017 21:50,21:50,12,0,0,HAMPDEN AVENUE EAST & DAYTON STREET SOUTH,1,3,0,0,1,4,0,,45,0,0,0,0,0,2,3,5
,2017_16086,39.65302,-104.87557,11/1/2017 11:45,11:45,1,0,0,HAMPDEN AVENUE EAST & DAYTON STREET SOUTH,1,1,0,0,1,1,0,,45,0,0,0,0,0,2,2,13
,2017_16087,39.65302,-104.87557,2/19/2017 12:15,12:15,12,0,0,HAMPDEN AVENUE EAST & DAYTON STREET SOUTH,1,1,0,0,1,1,0,,45,0,0,0,0,1,2,3,13
,2017_16088,39.65302,-104.87557,3/14/2017 8:24,8:24,12,0,0,HAMPDEN AVENUE 9400 BLOCK EAST & DAYTON STREET SOUTH,1,1,0,0,1,4,0,,45,0,0,0,0,1,2,3,13
,2017_16089,39.65302,-104.87557,4/5/2017 21:45,21:45,12,0,0,DAYTON STREET SOUTH & HAMPDEN AVENUE EAST,1,3,0,0,1,1,0,,45,0,0,0,0,0,2,2,13
,2017_16090,39.65302,-104.87557,4/17/2017 7:12,7:12,12,0,0,HAMPDEN AVENUE EAST & DAYTON STREET SOUTH,1,1,0,0,1,1,0,,40,0,0,0,0,1,2,3,3
,2017_16091,39.65302,-104.87557,4/18/2017 18:08,18:08,3,0,1,DAYTON STREET SOUTH & HAMPDEN AVENUE EAST,1,3,0,7,1,1,0,,30,0,0,0,0,2,2,2,1
,2017_16092,39.65302,-104.87557,4/30/2017 7:01,7:01,3,0,0,HAMPDEN AVENUE EAST & DAYTON STREET SOUTH,1,1,1,0,1,1,0,,35,0,0,0,0,1,2,2,7
,2017_16093,39.65302,-104.87557,5/20/2017 10:38,10:38,1,0,0,HAMPDEN AVENUE EAST & DAYTON STREET SOUTH,1,1,0,0,1,1,0,,45,0,0,0,0,0,2,2,13
,2017_16094,39.65302,-104.87557,6/5/2017 11:57,11:57,12,0,0,HAMPDEN AVENUE EAST 9500 BLOCK & DAYTON STREET SOUTH,1,1,1,0,1,1,0,,45,0,0,0,0,0,2,2,3
,2017_16095,39.65302,-104.87557,7/22/2017 13:52,13:52,1,0,0,HAMPDEN AVENUE EAST & DAYTON STREET SOUTH,1,1,0,0,1,3,0,,25,0,0,0,0,1,2,2,13
,2017_16096,39.65302,-104.87557,7/29/2017 12:47,12:47,1,0,0,DAYTON STREET SOUTH & HAMPDEN AVENUE EAST,1,1,0,0,1,1,0,,30,0,0,0,0,0,2,2,13
,2017_16098,39.65302,-104.87557,9/28/2017 9:34,9:34,12,0,0,HAMPDEN AVENUE EAST & DAYTON STREET SOUTH,2,1,0,0,1,4,0,,25,0,0,0,0,0,2,2,14
,2017_16099,39.65302,-104.87557,10/4/2017 8:20,8:20,12,0,0,HAMPDEN AVENUE EAST & DAYTON STREET SOUTH,1,1,0,0,1,1,0,,40,0,0,0,0,0,2,2,13
,2017_16100,39.65302,-104.87557,10/15/2017 10:30,10:30,12,0,0,HAMPDEN AVENUE EAST & DAYTON STREET SOUTH,1,1,0,0,1,1,0,,45,0,0,0,0,1,2,2,13
,2017_16102,39.65302,-104.87557,12/25/2017 20:34,20:34,12,0,0,HAMPDEN AVENUE EAST & DAYTON STREET SOUTH,1,2,0,0,1,1,0,,30,0,0,0,0,0,2,2,14
,2017_16103,39.653019,-104.875385,6/21/2017 11:35,11:35,12,0,0,HAMPDEN AVENUE EAST & DAYTON STREET SOUTH,1,1,0,0,1,4,0,,45,0,0,0,0,0,2,2,13
,2017_16104,39.653019,-104.875199,4/6/2017 7:31,7:31,15,0,0,HAMPDEN AVENUE EAST 8900 BLOCK & DAYTON STREET SOUTH,1,1,0,0,1,3,0,,40,0,0,0,0,0,2,2,3
,2017_16105,39.653018,-104.873899,5/12/2017 7:36,7:36,12,0,0,HAMPDEN AVENUE EAST & FLORENCE STREET SOUTH,1,1,0,0,1,4,0,,35,0,0,0,0,1,2,3,13
,2017_16106,39.653019,-104.873701,1/3/2017 10:20,10:20,10,0,0,HAMPDEN AVENUE EAST 9800 BLOCK & DAYTON STREET SOUTH,1,1,1,0,1,2,0,,25,0,0,0,0,1,2,2,3
,2017_16107,39.653022,-104.873477,4/11/2017 8:32,8:32,12,0,0,HAMPDEN AVENUE EAST & FLORENCE STREET SOUTH,1,1,0,0,1,2,0,,50,0,0,0,0,0,2,2,13
,2017_16108,39.653022,-104.873477,8/25/2017 15:56,15:56,12,0,0,HAMPDEN AVENUE EAST & 10000 BLOCK EAST,1,1,0,0,1,4,0,,45,0,0,0,0,0,2,3,13
,2017_16109,39.653025,-104.873252,3/23/2017 7:52,7:52,12,0,0,HAMPDEN AVENUE EAST & FLORENCE STREET SOUTH,1,1,0,1,1,4,0,,45,0,0,0,0,0,2,3,1
,2017_16110,39.653036,-104.872579,4/6/2017 7:59,7:59,12,0,0,HAMPDEN AVENUE EAST 9700 BLOCK & FLORENCE STREET SOUTH,1,1,0,0,1,4,0,,40,0,0,0,0,0,2,2,12
,2017_16111,39.653042,-104.87213,4/29/2017 16:14,16:14,3,0,0,HAMPDEN AVENUE EAST & FLORENCE STREET SOUTH,2,1,1,2,1,2,0,,25,0,0,0,0,0,2,2,3
,2017_16112,39.653042,-104.87213,5/12/2017 7:54,7:54,14,0,0,HAMPDEN AVENUE EAST & FLORENCE STREET SOUTH,1,1,0,0,1,4,0,,45,0,0,0,0,0,2,3,13
,2017_16113,39.653042,-104.87213,10/31/2017 6:55,6:55,1,0,0,HAMPDEN AVENUE EAST 9900 BLOCK & FLORENCE STREET SOUTH,1,2,0,0,1,2,0,,45,0,0,0,0,0,2,2,13
,2017_16114,39.653042,-104.87213,11/9/2017 8:20,8:20,15,0,0,HAMPDEN AVENUE EAST 10000 BLOCK & FLORENCE STREET SOUTH,1,1,0,0,1,4,0,,40,0,0,0,0,0,2,2,4
,2017_16115,39.653046,-104.871905,2/9/2017 7:49,7:49,12,0,1,HAMPDEN AVENUE EAST & FLORENCE STREET SOUTH,1,1,0,0,1,4,0,,45,0,0,0,0,2,2,2,3
,2017_16116,39.653046,-104.871905,2/9/2017 7:49,7:49,12,0,2,HAMPDEN AVENUE EAST & FLORENCE STREET SOUTH,1,1,0,0,1,4,0,,25,0,0,0,0,2,2,3,14
,2017_16117,39.653046,-104.871905,5/25/2017 7:58,7:58,12,0,0,HAMPDEN AVENUE EAST & FLORENCE STREET SOUTH,1,1,1,0,1,4,0,,45,0,0,0,0,0,2,3,3
,2017_16118,39.653049,-104.871681,2/26/2017 1:17,1:17,12,0,0,HAMPDEN AVENUE EAST & FLORENCE STREET SOUTH,1,3,0,0,1,1,0,,40,0,0,0,0,0,2,2,7
,2017_16119,39.653049,-104.871681,5/31/2017 7:39,7:39,12,0,0,HAMPDEN AVENUE EAST & FLORENCE STREET SOUTH,1,1,0,0,1,3,0,,40,0,0,0,0,0,2,2,16
,2017_16120,39.653049,-104.871681,8/17/2017 16:02,16:02,12,0,0,HAMPDEN AVENUE EAST 10000 BLOCK & FLORENCE STREET SOUTH,1,1,0,0,1,4,0,,45,0,0,0,0,0,2,3,13
,2017_16121,39.656988,-104.866396,1/24/2017 7:10,7:10,12,0,0,HAVANA STREET SOUTH 3300 BLOCK & GIRARD AVENUE EAST,1,2,0,0,1,3,0,,40,0,0,0,0,0,2,2,13
,2017_16122,39.653049,-104.871681,9/15/2017 7:30,7:30,12,0,0,HAMPDEN AVENUE EAST & FLORENCE STREET SOUTH,1,1,0,0,1,1,0,,45,0,0,0,0,0,2,3,13
,2017_16124,39.653049,-104.871681,12/23/2017 16:54,16:54,15,0,0,HAMPDEN AVENUE 9700 BLOCK EAST & FLORENCE STREET SOUTH,1,2,0,0,1,4,0,,40,0,0,0,0,0,2,2,13
,2017_16125,39.653062,-104.870782,6/15/2017 6:48,6:48,12,0,1,HAMPDEN AVENUE EAST 10000 BLOCK & FLORENCE STREET SOUTH,1,1,0,0,1,4,0,,45,0,0,0,0,2,2,4,14
,2017_16126,39.653425,-104.868661,12/18/2017 19:04,19:04,15,0,1,HAMPDEN AVENUE EAST & GALENA STREET SOUTH,1,3,0,0,1,4,0,,45,0,0,0,0,2,2,2,13
,2017_16127,39.653541,-104.868354,3/29/2017 18:56,18:56,12,0,1,HAMPDEN AVENUE EAST & GALENA STREET SOUTH,1,1,0,0,1,1,0,,45,0,0,0,0,2,2,2,13
,2017_16128,39.653541,-104.868354,4/22/2017 17:39,17:39,12,0,0,HAMPDEN AVENUE EAST & GALENA STREET SOUTH,1,1,0,0,1,1,0,,40,0,0,0,0,1,2,2,3
,2017_16129,39.653541,-104.868354,6/3/2017 1:15,1:15,1,0,0,GALENA STREET SOUTH & HAMPDEN AVENUE EAST,1,3,0,0,1,1,0,,25,0,0,0,0,0,2,2,13
,2017_16130,39.653541,-104.868354,6/15/2017 15:20,15:20,12,0,0,HAMPDEN AVENUE EAST & GALENA STREET SOUTH,1,1,0,0,1,1,0,,40,0,0,0,0,0,2,2,13
,2017_16131,39.653541,-104.868354,7/4/2017 19:26,19:26,15,0,0,HAMPDEN AVENUE EAST & GALENA STREET SOUTH,1,1,0,0,1,3,0,,30,0,0,0,0,0,2,3,13