id,drcog_id,latitude,longitude,crashtime,time,crashtype,numbkilled,numbinjurd,drcoglocat,rdconditin,lightngcon,roadcntgrd,weatherco,location,roaddescrp,constrzone,schoolzone,splimit,bikeinv,pedinv,sctrinv,motoinv,svrty,rdsystem,ttlvehcls,hcf
,2017_16132,39.653541,-104.868354,7/12/2017 12:51,12:51,12,0,0,HAMPDEN AVENUE EAST & GALENA STREET SOUTH,1,1,1,0,1,3,0,,45,0,0,0,0,1,2,2,13
,2017_16133,39.653541,-104.868354,8/12/2017 10:35,10:35,12,0,0,HAMPDEN AVENUE EAST & GALENA STREET SOUTH,1,1,0,0,1,3,0,,45,0,0,0,0,0,2,2,13
,2017_16134,39.653541,-104.868354,8/17/2017 13:55,13:55,12,0,0,HAMPDEN AVENUE EAST 10200 BLOCK & GALENA STREET SOUTH,1,1,0,0,1,3,0,,35,0,0,0,0,1,2,2,3
,2017_16135,39.656988,-104.866396,1/30/2017 12:20,12:20,3,0,0,HAVANA STREET SOUTH & GIRARD AVENUE EAST,1,1,1,0,1,1,0,,45,0,0,0,0,0,2,2,13
,2017_16136,39.656988,-104.866396,4/20/2017 10:56,10:56,12,0,0,HAVANA STREET SOUTH & GIRARD AVENUE EAST,1,1,0,0,1,3,0,,35,0,0,0,0,0,2,3,3
,2017_16137,39.656988,-104.866396,8/17/2017 12:02,12:02,12,0,0,HAVANA STREET SOUTH 3400 BLOCK & GIRARD AVENUE EAST,1,1,0,0,1,4,0,,35,0,0,0,0,1,2,2,3
,2017_16138,39.656988,-104.866396,9/17/2017 18:55,18:55,9,0,0,HAVANA STREET SOUTH & GIRARD AVENUE EAST,1,2,0,0,3,1,0,,35,0,0,0,0,1,2,1,5
,2017_16139,39.656988,-104.866396,12/13/2017 12:47,12:47,3,0,0,HAVANA STREET SOUTH & GIRARD AVENUE EAST,1,1,0,0,1,1,0,,35,0,0,0,0,0,2,2,3
,2017_16140,39.657117,-104.866393,8/17/2017 12:55,12:55,12,0,0,HAVANA STREET SOUTH 3400 BLOCK & GIRARD AVENUE EAST,1,1,0,0,1,4,0,,45,0,0,0,0,0,2,3,4
,2017_16141,39.658126,-104.866368,6/27/2017 21:50,21:50,5,0,0,HAVANA STREET SOUTH 3300 BLOCK & GIRARD AVENUE EAST,1,3,0,0,3,4,0,,25,0,0,0,0,0,2,1,13
,2017_16142,39.659892,-104.866325,8/11/2017 16:00,16:00,12,0,0,HAVANA STREET SOUTH & DARTMOUTH AVENUE EAST,1,1,0,0,1,3,0,,45,0,0,0,0,1,2,2,13
,2017_16143,39.660018,-104.866322,1/17/2017 8:35,8:35,12,0,0,HAVANA STREET SOUTH & DARTMOUTH AVENUE EAST,5,1,1,0,1,1,0,,40,0,0,0,0,0,2,2,13
,2017_16145,39.660018,-104.866322,3/13/2017 11:25,11:25,12,0,0,HAVANA STREET SOUTH & DARTMOUTH AVENUE EAST,1,1,0,0,1,3,0,,40,0,0,0,0,1,2,2,3
,2017_16146,39.660018,-104.866322,4/3/2017 8:33,8:33,12,0,0,DARTMOUTH AVENUE EAST & HAVANA STREET SOUTH,1,1,0,0,1,3,0,,40,0,0,0,0,0,2,2,13
,2017_16147,39.660018,-104.866322,8/28/2017 21:22,21:22,12,0,0,DARTMOUTH AVENUE EAST & HAVANA STREET SOUTH,1,3,1,0,1,1,0,,30,0,0,0,0,1,2,2,1
,2017_16148,39.660018,-104.866322,10/16/2017 15:18,15:18,12,0,0,DARTMOUTH AVENUE EAST & HAVANA STREET SOUTH,1,1,1,0,1,4,0,,30,0,0,0,0,0,2,2,13
,2017_16149,39.66027,-104.866315,6/23/2017 9:45,9:45,15,0,0,HAVANA STREET SOUTH & DARTMOUTH AVENUE EAST,1,1,1,0,1,4,0,,45,0,0,0,0,0,2,2,1
,2017_16150,39.660523,-104.866309,5/1/2017 11:45,11:45,12,0,0,HAVANA STREET SOUTH & DARTMOUTH AVENUE EAST,1,1,1,0,1,4,1,,45,0,0,0,0,1,2,2,3
,2017_16152,39.661153,-104.866293,8/18/2017 12:05,12:05,12,0,0,HAVANA STREET SOUTH 3000 BLOCK & CORNELL AVENUE EAST,1,1,1,0,1,4,0,,45,0,0,0,0,0,2,3,7
,2017_16153,39.661279,-104.86629,2/8/2017 17:39,17:39,1,0,0,HAVANA STREET SOUTH & CORNELL AVENUE EAST,1,2,0,1,1,1,0,,45,0,0,0,0,0,2,2,12
,2017_16154,39.661279,-104.86629,4/17/2017 17:30,17:30,1,0,0,HAVANA STREET SOUTH & CORNELL AVENUE EAST,1,1,0,0,1,1,0,,45,0,0,0,0,1,2,2,13
,2017_16155,39.661279,-104.86629,5/2/2017 15:05,15:05,12,0,0,HAVANA STREET SOUTH & CORNELL AVENUE EAST ROAD EAST,1,1,0,0,1,3,0,,45,0,0,0,0,1,2,3,13
,2017_16156,39.661279,-104.86629,9/15/2017 15:14,15:14,15,0,0,HAVANA STREET SOUTH 2800 BLOCK & DARTMOUTH AVENUE EAST,1,1,3,0,1,4,0,,40,0,0,0,0,0,2,2,13
,2017_16158,39.661405,-104.866287,1/2/2017 17:51,17:51,12,0,0,HAVANA STREET SOUTH & CORNELL AVENUE EAST,1,4,0,0,1,4,0,,40,0,0,0,0,0,2,2,13
,2017_16159,39.661405,-104.866287,11/26/2017 17:54,17:54,12,0,0,HAVANA STREET SOUTH & CORNELL AVENUE EAST,1,3,0,0,1,4,0,,40,0,0,0,0,1,2,2,14
,2017_16160,39.661784,-104.866278,4/25/2017 14:00,14:00,15,0,0,HAVANA STREET SOUTH & CORNELL AVENUE EAST,1,1,1,0,1,2,0,,45,0,0,0,0,0,2,3,13
,2017_16161,39.66254,-104.866259,7/18/2017 12:00,12:00,15,0,0,HAVANA STREET SOUTH 2900 BLOCK & CORNELL AVENUE EAST,1,1,1,0,1,4,0,,45,0,0,0,0,0,2,2,3
,2017_16162,39.662667,-104.866256,4/5/2017 14:59,14:59,15,0,1,HAVANA STREET SOUTH & YALE AVENUE EAST,1,1,1,0,1,4,0,,45,0,0,0,1,2,2,2,13
,2017_16163,39.664306,-104.866215,8/8/2017 15:35,15:35,12,0,0,HAVANA STREET SOUTH 2900 BLOCK & YALE AVENUE EAST,1,1,0,0,1,4,0,,45,0,0,0,0,0,2,2,13
,2017_16164,39.665315,-104.866191,7/26/2017 12:26,12:26,15,0,0,HAVANA STREET 2800 BLOCK SOUTH & YALE AVENUE EAST,1,1,0,7,1,4,0,,35,0,0,0,0,0,2,2,16
,2017_16165,39.665694,-104.866181,4/14/2017 12:00,12:00,15,0,0,HAVANA STREET SOUTH & YALE AVENUE EAST,1,1,1,0,1,4,0,,45,0,0,0,0,0,2,2,13
,2017_16166,39.665694,-104.866181,4/21/2017 14:08,14:08,12,0,1,HAVANA STREET SOUTH & YALE AVENUE EAST,1,1,1,0,1,4,0,,40,0,0,0,0,2,2,2,3
,2017_16167,39.665694,-104.866181,9/23/2017 11:10,11:10,12,0,0,HAVANA STREET SOUTH 2700 BLOCK & YALE AVENUE EAST,1,1,0,0,1,4,0,,45,0,0,0,0,0,2,2,7
,2017_16168,39.665946,-104.866175,1/25/2017 8:30,8:30,15,0,0,HAVANA STREET SOUTH 2700 BLOCK & YALE AVENUE EAST,1,1,0,0,1,4,1,,45,0,0,0,0,0,2,2,14
,2017_16169,39.665946,-104.866175,4/20/2017 14:55,14:55,12,0,0,HAVANA STREET 2700 BLOCK SOUTH & YALE AVENUE EAST,2,1,1,1,1,4,0,,45,0,0,0,0,1,2,2,13
,2017_16170,39.666072,-104.866172,3/3/2017 15:34,15:34,12,0,0,HAVANA STREET SOUTH 2700 BLOCK & YALE AVENUE EAST,1,1,1,0,1,3,0,,40,0,0,0,0,0,2,3,14
,2017_16171,39.66645,-104.866162,3/31/2017 13:42,13:42,15,0,0,HAVANA STREET 2600 BLOCK SOUTH & YALE AVENUE EAST,2,1,1,1,1,4,0,,35,0,0,0,0,0,2,2,13
,2017_16172,39.66645,-104.866162,5/12/2017 19:05,19:05,15,0,0,HAVANA STREET SOUTH & YALE AVENUE EAST,1,3,0,0,1,1,0,,45,0,0,0,0,0,2,2,4
,2017_16173,39.66645,-104.866162,6/3/2017 14:10,14:10,15,0,0,HAVANA STREET SOUTH & YALE AVENUE EAST,1,1,1,0,1,1,0,,45,0,0,0,1,1,2,2,13
,2017_16174,39.66645,-104.866162,7/26/2017 8:00,8:00,1,0,0,HAVANA STREET SOUTH & YALE AVENUE EAST,1,1,0,7,1,1,0,,45,0,0,0,0,0,2,2,16
,2017_16175,39.66645,-104.866162,7/27/2017 8:13,8:13,15,0,0,HAVANA STREET SOUTH 2700 BLOCK & YALE AVENUE EAST,1,1,1,0,1,4,0,,45,0,0,0,0,0,2,2,3
,2017_16176,39.66645,-104.866162,8/4/2017 13:39,13:39,10,0,0,HAVANA STREET SOUTH 2700 BLOCK & YALE AVENUE EAST,1,1,1,0,1,4,0,,45,0,0,0,0,0,2,2,13
,2017_16177,39.66645,-104.866162,8/7/2017 21:18,21:18,1,0,0,HAVANA STREET SOUTH & YALE AVENUE EAST,2,3,0,1,1,1,0,,45,0,0,0,0,0,2,2,8
,2017_16178,39.66645,-104.866162,8/18/2017 7:55,7:55,12,0,0,HAVANA STREET SOUTH 2700 BLOCK & YALE AVENUE EAST,1,1,0,0,1,3,0,,45,0,0,0,0,0,2,2,12
,2017_16179,39.66645,-104.866162,8/23/2017 8:59,8:59,1,0,0,HAVANA STREET SOUTH & YALE AVENUE EAST,1,1,0,0,1,1,0,,45,0,0,0,0,0,2,3,3
,2017_16180,39.66645,-104.866162,10/5/2017 8:37,8:37,1,0,0,HAVANA STREET SOUTH & YALE AVENUE EAST,1,1,0,0,1,1,0,,35,0,0,0,0,0,2,2,13
,2017_16181,39.66645,-104.866162,12/9/2017 10:35,10:35,3,0,0,HAVANA STREET SOUTH & YALE AVENUE EAST,1,1,1,0,1,1,0,,40,0,0,0,0,0,2,2,7
,2017_16183,39.667207,-104.866144,9/9/2017 10:45,10:45,3,0,0,HAVANA STREET SOUTH & YALE AVENUE EAST,1,1,1,0,1,2,0,,35,0,0,0,0,0,2,2,1
,2017_16184,39.668847,-104.866103,11/10/2017 15:16,15:16,12,0,0,HAVANA STREET SOUTH & PARKER ROAD SOUTH,1,1,0,0,1,4,0,,40,0,0,0,0,0,2,2,1
,2017_16185,39.668973,-104.8661,3/5/2017 17:20,17:20,12,0,0,HAVANA STREET SOUTH & PARKER ROAD SOUTH,1,1,0,0,1,3,0,,35,0,0,0,0,0,2,2,1
,2017_16186,39.669099,-104.866097,2/16/2017 8:00,8:00,12,0,0,HAVANA STREET SOUTH & PARKER ROAD EAST,1,1,0,0,1,3,0,,30,0,0,0,0,0,2,2,1
,2017_16187,39.669099,-104.866097,3/31/2017 15:10,15:10,12,0,0,HAVANA STREET SOUTH & PARKER ROAD SOUTH,2,1,1,1,1,3,0,,45,0,0,0,0,0,2,2,3
,2017_16188,39.793355,-104.903335,1/8/2017 2:15,2:15,5,0,0,QUEBEC STREET 5200 BLOCK NORTH & 53RD AVENUE EAST,1,3,0,0,3,4,0,,45,0,0,0,0,0,2,1,5
,2017_16189,39.669225,-104.866094,9/6/2017 13:55,13:55,12,0,0,HAVANA STREET SOUTH 2500 BLOCK & PARKER ROAD SOUTH,1,1,0,0,1,1,0,,45,0,0,0,0,1,2,4,7
,2017_16190,39.669351,-104.866091,2/7/2017 11:35,11:35,3,0,2,PARKER ROAD SOUTH & HAVANA STREET SOUTH,1,1,0,0,1,1,0,,45,0,0,0,0,2,2,4,13
,2017_16191,39.669351,-104.866091,3/14/2017 9:59,9:59,12,0,0,HAVANA STREET SOUTH & HIGHWAY 83A / PARKER ROAD SOUTH,1,1,0,0,1,3,0,,45,0,0,0,0,0,2,2,13
,2017_16192,39.669351,-104.866091,4/9/2017 11:51,11:51,12,0,0,HAVANA STREET SOUTH & HIGHWAY 83A / PARKER ROAD SOUTH,1,1,0,0,1,4,0,,45,0,0,0,0,1,2,2,14
,2017_16195,39.779316,-104.903391,10/12/2017 11:55,11:55,15,0,0,QUEBEC STREET NORTH & I70 WB RAMPS,1,1,1,0,1,1,0,,45,0,0,0,0,0,2,2,1
,2017_16244,39.777649,-104.903415,3/25/2017 12:00,12:00,12,0,0,NORTHFIELD QUEBEC STREET NORTH & I70,1,1,0,0,1,3,0,,35,0,0,0,0,0,2,2,13
,2017_16316,39.787002,-104.805054,1/11/2017 8:40,8:40,3,0,0,JASPER STREET NORTH & 51ST AVENUE EAST,1,1,0,7,1,3,0,,25,0,0,0,0,0,4,2,3
,2017_16405,39.650679,-105.06645,8/22/2017 7:27,7:27,6,0,0,JEFFERSON AVENUE & JEFFERSON AVENUE 8500 BLOCK EAST,1,1,0,0,1,4,0,,30,0,0,0,0,0,4,2,3
,2017_16539,39.775266,-105.0404445,7/22/2017 13:30,13:30,6,0,0,QUITMAN STREET NORTH & 43RD AVENUE WEST,1,1,0,0,1,1,0,,25,0,0,0,0,0,4,2,13
,2017_16691,39.740301,-104.98832,3/14/2017 21:10,21:10,10,0,0,COLFAX AVENUE WEST & 15TH STREET,1,3,0,0,1,1,0,,,0,0,0,0,0,2,2,13
,2017_16823,39.776619,-104.903424,8/7/2017 10:40,10:40,15,0,0,QUEBEC STREET NORTH & I70 INTCH,2,1,1,1,1,4,0,,45,0,0,0,0,0,2,2,13
,2017_16824,39.776619,-104.903424,11/22/2017 11:01,11:01,12,0,0,QUEBEC STREET NORTH & I70 EASTBOUND RAMP ON,1,1,1,0,1,4,0,,45,0,0,0,0,0,2,2,3
,2017_16825,39.776743,-104.903423,10/9/2017 10:20,10:20,12,0,0,QUEBEC STREET NORTH & I70 EASTBOUND RAMP ON,2,1,0,2,1,4,0,,35,0,0,0,0,0,2,2,13
,2017_16826,39.777045,-104.90342,3/7/2017 11:20,11:20,15,0,0,NORTHFIELD QUEBEC STREET NORTH & I70 EASTBOUND ON RAMP,1,1,2,0,1,4,0,,45,0,0,0,0,0,2,2,3
,2017_16827,39.777045,-104.90342,9/8/2017 10:03,10:03,12,0,0,QUEBEC STREET NORTH & I70 EASTBOUND RAMP ON,1,1,0,0,1,4,0,,35,0,0,0,0,0,2,2,13
,2017_16828,39.777196,-104.903419,11/16/2017 17:28,17:28,12,0,0,QUEBEC STREET & I70 EASTBOUND ON RAMP,1,3,1,0,1,3,0,,35,0,0,0,0,0,2,2,13
,2017_16830,39.777347,-104.903418,1/5/2017 6:25,6:25,12,0,0,QUEBEC STREET NORTH APPROXIMATELY & I70 EASTBOUND RAMP ON,4,3,1,2,1,1,0,,40,0,0,0,0,0,2,2,14
,2017_16831,39.777347,-104.903418,1/9/2017 7:51,7:51,15,0,0,QUEBEC STREET 4400 BLOCK NORTH & I70 EASTBOUND RAMPs,12,1,0,0,1,1,0,,35,0,0,0,0,0,2,2,7
,2017_16833,39.777347,-104.903418,1/12/2017 19:30,19:30,1,0,1,QUEBEC STREET NORTH & I70 EASTBOUND RAMP ON,2,3,2,0,1,1,0,,40,0,0,0,0,2,2,2,8
,2017_16835,39.777347,-104.903418,1/13/2017 8:25,8:25,1,0,0,QUEBEC STREET NORTH & I70 EASTBOUND RAMP ON,1,1,1,0,1,1,0,,40,0,0,0,0,0,2,2,12
,2017_16836,39.777347,-104.903418,1/14/2017 12:30,12:30,15,0,0,NORTHFIELD NORTH QUEBEC STREET & I70 EASTBOUND RAMP ON,1,1,0,0,1,1,0,,,0,0,0,0,0,2,2,13
,2017_16837,39.777347,-104.903418,1/23/2017 17:52,17:52,12,0,0,QUEBEC STREET NORTH & I70 EASTBOUND RAMP ON,1,3,1,0,1,3,0,,40,0,0,0,0,1,2,2,14
,2017_16838,39.777347,-104.903418,2/10/2017 15:00,15:00,12,0,0,QUEBEC STREET NORTH & I70 EASTBOUND RAMP ON,1,1,1,0,1,3,0,,40,0,0,0,0,0,2,2,13
,2017_16839,39.777347,-104.903418,2/10/2017 15:18,15:18,12,0,0,QUEBEC STREET NORTH & I70 EASTBOUND RAMP ON,1,1,0,0,1,1,0,,40,0,0,0,0,0,2,3,13
,2017_16840,39.777347,-104.903418,3/5/2017 14:29,14:29,15,0,0,QUEBEC STREET NORTH & I70 EASTBOUND RAMP ON,1,1,0,0,1,1,0,,35,0,0,0,0,0,2,2,14
,2017_16841,39.777347,-104.903418,3/30/2017 6:15,6:15,1,0,0,QUEBEC STREET NORTH & I70 EASTBOUND RAMP ON,1,3,1,0,1,1,0,,45,0,0,0,0,1,2,2,13
,2017_16842,39.777347,-104.903418,4/20/2017 10:50,10:50,1,0,1,QUEBEC STREET NORTH & I70 EASTBOUND RAMP ON,1,1,1,0,1,1,0,,40,0,0,0,0,2,2,2,13
,2017_16843,39.777347,-104.903418,5/27/2017 23:10,23:10,12,0,0,QUEBEC STREET NORTH & I70 EASTBOUND RAMP ON,1,3,0,0,1,4,0,,,0,0,0,0,0,2,2,13
,2017_16845,39.777347,-104.903418,6/3/2017 5:40,5:40,15,0,0,NORTHFIELD QUEBEC NORTH & I70 EASTBOUND RAMP ON,1,1,0,0,1,1,0,,40,0,0,0,0,0,2,2,13
,2017_16846,39.777347,-104.903418,6/25/2017 19:02,19:02,15,0,0,QUEBEC STREET NORTH & I70 EASTBOUND RAMP ON,1,1,2,0,1,1,0,,,0,0,0,0,1,2,4,13
,2017_16847,39.777347,-104.903418,7/30/2017 2:02,2:02,15,0,0,QUEBEC NORTH & I70 EASTBOUND RAMPS,1,3,0,0,1,1,0,,45,0,0,0,0,0,2,2,1
,2017_16848,39.777347,-104.903418,8/4/2017 14:57,14:57,12,0,0,QUEBEC STREET NORTH & I70 INTCH APPROXIMATELY,1,1,1,0,1,4,0,,40,0,0,0,0,0,2,4,13
,2017_16849,39.777347,-104.903418,8/8/2017 15:40,15:40,12,0,0,QUEBEC STREET NORTH & I70 EASTBOUND RAMP ON,2,1,1,1,1,1,0,,35,0,0,0,0,0,2,2,1
,2017_16850,39.777347,-104.903418,8/31/2017 17:21,17:21,12,0,0,QUEBEC STREET NORTH & I70 EASTBOUND RAMP ON,1,1,1,0,1,1,0,,35,0,0,0,0,0,2,2,13
,2017_16851,39.777347,-104.903418,9/18/2017 12:11,12:11,12,0,0,QUEBEC STREET NORTH & I70 EASTBOUND OFF RAMP,1,1,1,0,1,1,0,,30,0,0,0,0,0,2,2,13
,2017_16852,39.777347,-104.903418,10/1/2017 13:07,13:07,12,0,0,QUEBEC STREET 4200 BLOCK NORTH & I70 EASTBOUND ON RAMP,1,1,1,0,1,1,0,,35,0,0,0,0,0,2,2,1
,2017_16853,39.777347,-104.903418,11/5/2017 16:15,16:15,12,0,0,NORTHFIELD QUEBEC NORTH & I70 EASTBOUND RAMPS,1,2,0,0,1,1,0,,,0,0,0,0,0,2,2,13
,2017_16854,39.777347,-104.903418,11/18/2017 23:55,23:55,10,0,0,I70 EASTBOUND OFF RAMP & QUEBEC STREET NORTH,1,3,0,0,1,1,0,,55,0,0,0,0,0,2,2,13
,2017_16855,39.777347,-104.903418,11/30/2017 9:37,9:37,12,0,0,QUEBEC STREET NORTH & I70 EASTBOUND RAMPS APPROXIMATELY,1,1,0,0,1,4,0,,35,0,0,0,0,0,2,2,13
,2017_16856,39.777347,-104.903418,11/30/2017 18:05,18:05,12,0,0,QUEBEC STREET NORTH & I70 EASTBOUND OFF RAMP,1,2,0,0,1,1,0,,,0,0,0,0,0,2,3,13
,2017_16857,39.777347,-104.903418,12/5/2017 18:13,18:13,12,0,0,QUEBEC STREET NORTH & I70 EASTBOUND RAMPS,1,3,0,0,1,1,0,,40,0,0,0,0,0,2,3,3
,2017_16858,39.777498,-104.903416,4/26/2017 14:05,14:05,15,0,0,QUEBEC STREET NORTH & I70 EASTBOUND RAMPS,1,1,1,0,1,4,0,,30,0,0,0,0,0,2,2,13
,2017_16859,39.777498,-104.903416,11/28/2017 14:15,14:15,15,0,0,QUEBEC STREET NORTH & I70 EASTBOUND ON RAMP,1,1,0,0,1,4,0,,40,0,0,0,0,0,2,2,13
,2017_16860,39.777649,-104.903415,7/18/2017 19:52,19:52,12,0,0,QUEBEC STREET NORTH & I70,1,1,0,0,1,4,0,,45,0,0,0,0,0,2,2,5
,2017_16861,39.77795,-104.903412,4/8/2017 11:57,11:57,12,0,0,QUEBEC STREET NORTH & I70 EASTBOUND RAMPS,1,1,0,0,1,3,0,,45,0,0,0,0,0,2,2,13
,2017_16862,39.77795,-104.903412,11/18/2017 15:05,15:05,12,0,0,QUEBEC STREET NORTH & I70 INTCH APPROXIMATELY,1,1,0,0,1,3,0,,35,0,0,0,0,0,2,2,13
,2017_16863,39.778101,-104.903411,12/8/2017 7:45,7:45,12,0,0,QUEBEC STREET NORTH & I70 INTCH,1,1,1,0,1,1,0,,40,0,0,0,0,1,2,2,14
,2017_16865,39.778252,-104.903409,2/25/2017 15:44,15:44,12,0,0,QUEBEC STREET NORTH & I70 INTCH,1,1,0,0,1,4,0,,40,0,0,0,0,0,2,2,13
,2017_16866,39.778252,-104.903409,3/13/2017 8:06,8:06,15,0,0,QUEBEC STREET NORTH & I70,1,1,1,0,1,4,0,,30,0,0,0,0,0,2,3,13
,2017_16867,39.778252,-104.903409,3/20/2017 8:55,8:55,15,0,0,QUEBEC STREET NORTH & I70 INTCH,1,1,1,0,1,4,0,,40,0,0,0,0,0,2,2,13
,2017_16868,39.778252,-104.903409,5/13/2017 17:44,17:44,15,0,0,QUEBEC STREET NORTH & I70 EASTBOUND INTCH,1,1,0,0,1,4,0,,40,0,0,0,0,0,2,2,13
,2017_16869,39.778252,-104.903409,7/7/2017 13:00,13:00,12,0,0,QUEBEC STREET NORTH & I70,1,1,1,0,1,4,0,,35,0,0,0,0,0,2,2,3
,2017_16870,39.778252,-104.903409,11/10/2017 23:37,23:37,15,0,0,NORTHFIELD QUEBEC STREET NORTH & I70,1,4,0,0,1,4,0,,45,0,0,0,0,1,2,2,5
,2017_16871,39.778252,-104.903409,11/17/2017 14:25,14:25,12,0,0,QUEBEC STREET NORTH & I70 INTCH APPROXIMATELY,1,1,1,0,1,1,0,,35,0,0,0,0,0,2,2,13
,2017_16872,39.778252,-104.903409,12/28/2017 14:16,14:16,15,0,0,QUEBEC STREET 4400 BLOCK NORTH & I70 WB OFF RAMP,1,1,1,0,1,4,0,,40,0,0,0,0,0,2,2,13
,2017_16873,39.778403,-104.903408,11/7/2017 18:05,18:05,12,0,0,QUEBEC STREET NORTH & I70 INTCH,2,4,0,2,1,4,0,,40,0,0,0,0,0,2,2,14
,2017_16874,39.778704,-104.903405,6/13/2017 10:11,10:11,12,0,0,QUEBEC STREET NORTH & I70 WB RAMPS APPROXIMATELY,1,1,0,0,1,3,0,,35,0,0,0,0,0,2,2,13
,2017_16875,39.779157,-104.903401,12/20/2017 12:00,12:00,12,0,0,QUEBEC STREET NORTH & I70 WB RAMPS,1,1,1,0,1,4,0,,45,0,0,0,0,0,2,2,13
,2017_16876,39.779316,-104.903391,1/25/2017 13:25,13:25,15,0,0,QUEBEC STREET NORTH & I70 WB RAMP ON,1,5,0,0,1,1,0,,40,0,0,0,0,0,2,2,13
,2017_16877,39.779316,-104.903391,3/3/2017 16:05,16:05,12,0,0,QUEBEC STREET NORTH & I70 WB RAMPS,1,1,0,0,1,1,0,,45,0,0,0,0,0,2,2,13
,2017_16878,39.779316,-104.903391,3/12/2017 23:48,23:48,9,0,0,NORTHFIELD / QUEBEC STREET NORTH & I70 EASTBOUND ON RAMP,1,3,1,0,2,1,0,,45,0,0,0,0,0,2,1,10
,2017_16879,39.779316,-104.903391,4/4/2017 15:05,15:05,3,0,0,QUEBEC STREET NORTH & I70 WB RAMP OFF,1,1,1,0,1,1,0,,35,0,0,0,0,1,2,2,13
,2017_16880,39.779316,-104.903391,5/5/2017 13:03,13:03,15,0,0,QUEBEC STREET NORTH & I70 WB RAMP OFF,1,1,1,1,1,1,0,,35,0,0,0,0,0,2,2,8
,2017_16881,39.779316,-104.903391,8/11/2017 21:00,21:00,12,0,0,QUEBEC STREET NORTH & I70 WB RAMPS APPROXIMATELY,1,3,0,0,1,1,0,,45,0,0,0,0,0,2,3,3
,2017_16882,39.779316,-104.903391,12/11/2017 11:25,11:25,12,0,0,NORTHFIELD QUEBEC STREET NORTH & I70 WB RAMPS,1,1,0,0,1,1,0,,30,0,0,0,0,0,2,2,13
,2017_16883,39.779705,-104.903302,7/25/2017 9:14,9:14,15,0,0,QUEBEC STREET NORTH & I70 WB RAMP OFF,1,1,0,0,1,4,0,,35,0,0,0,0,0,2,2,13
,2017_16884,39.780238,-104.903071,12/30/2017 6:59,6:59,14,0,1,NORTHFIELD QUEBEC STREET NORTH & I70 WB OFF RAMP,1,1,0,0,1,4,0,,30,0,0,0,0,2,2,2,2
,2017_16886,39.780749,-104.902735,8/29/2017 11:10,11:10,15,0,0,QUEBEC STREET 4600 NORTH & NORTHFIELD BOULEVARD,1,1,1,0,1,4,0,,35,0,0,0,0,0,2,2,13
,2017_16887,39.78129,-104.902236,11/3/2017 18:08,18:08,15,0,0,QUEBEC STREET 4600 BLOCK NORTH & SAND CREEK DRIVE SOUTH,1,3,0,0,1,4,0,,45,0,0,0,0,0,2,2,13
,2017_16888,39.781424,-104.902112,4/24/2017 19:15,19:15,15,0,0,SAND CREEK DRIVE SOUTH & QUEBEC STREET NORTH,1,2,0,0,1,3,0,,25,0,0,0,0,0,2,2,13
,2017_16889,39.781424,-104.902112,8/26/2017 13:31,13:31,12,0,0,SAND CREEK DRIVE SOUTH & QUEBEC STREET NORTH,1,1,0,0,1,1,0,,25,0,0,0,0,0,2,2,13
,2017_16890,39.785531,-104.899639,5/29/2017 14:55,14:55,12,0,0,NORTHFIELD BOULEVARD NORTH & QUEBEC STREET NORTH,2,1,0,1,1,1,0,,35,0,0,0,0,0,2,2,13
,2017_16891,39.781946,-104.901631,5/30/2017 23:30,23:30,15,0,0,NORTHFIELD QUEBEC STREET & I270 EASTBOUND LOOP RAMP OFF,2,3,1,1,1,1,0,,35,0,0,0,0,1,2,3,14
,2017_16892,39.781946,-104.901631,6/5/2017 14:05,14:05,15,0,0,NORTHFIELD / QUEBEC STREET NORTH & I270 EASTBOUND LOOP RAMP OFF,1,1,0,0,1,1,0,,35,0,0,0,0,0,2,2,7
,2017_16893,39.781946,-104.901631,6/22/2017 8:05,8:05,1,0,0,QUEBEC STREET NORTH & I270 EASTBOUND LOOP RAMP OFF,1,1,1,0,1,1,0,,45,0,0,0,0,0,2,3,8
,2017_16895,39.781946,-104.901631,12/8/2017 7:49,7:49,15,0,0,QUEBEC STREET NORTH & SANDCREEK DRIVE SOUTH,1,1,0,0,1,4,0,,35,0,0,0,0,0,2,2,13
,2017_16896,39.782467,-104.901216,3/26/2017 9:50,9:50,12,0,0,NORTHFIELD QUEBEC STREET NORTH & SANDCREEK DRIVE SOUTH,1,1,0,0,1,1,0,,40,0,0,0,0,0,2,2,13
,2017_16897,39.782467,-104.901216,4/24/2017 17:37,17:37,15,0,0,NORTHFIELD QUEBEC STREET NORTH & SANDCREEK DRIVE SOUTH,1,1,0,0,1,1,0,,45,0,0,0,0,0,2,2,13
,2017_16898,39.782467,-104.901216,5/8/2017 13:55,13:55,12,0,0,NORTHFIELD QUEBEC STREET & SAND CREEK ROAD SLIP,1,1,0,0,1,1,0,,30,0,0,0,0,0,2,2,4
,2017_16899,39.782467,-104.901216,6/26/2017 8:45,8:45,12,0,0,NORTHFIELD QUEBEC STREET 4600 BLOCK NORTH & SANDCREEK DRIVE SOUTH,1,1,0,0,1,1,0,,35,0,0,0,0,0,2,2,13
,2017_16900,39.782467,-104.901216,8/4/2017 10:50,10:50,10,0,0,SANDCREEK DRIVE SOUTH & QUEBEC STREET NORTH,1,1,0,0,1,1,0,,30,0,0,0,0,0,2,2,13