id,drcog_id,latitude,longitude,crashtime,time,crashtype,numbkilled,numbinjurd,drcoglocat,rdconditin,lightngcon,roadcntgrd,weatherco,location,roaddescrp,constrzone,schoolzone,splimit,bikeinv,pedinv,sctrinv,motoinv,svrty,rdsystem,ttlvehcls,hcf
,2017_16901,39.782467,-104.901216,8/24/2017 8:13,8:13,15,0,0,NORTHFIELD QUEBEC STREET NORTH & SANDCREEK DRIVE SLIP RAMP SOUTH,1,1,1,0,1,1,0,,35,0,0,0,0,0,2,2,1
,2017_16902,39.782467,-104.901216,11/13/2017 9:37,9:37,12,0,0,QUEBEC 4500 BLOCK NORTH & SANDCREEK DRIVE SOUTH,1,1,0,0,1,4,0,,,0,0,0,0,0,2,3,13
,2017_16903,39.761964,-104.903451,1/14/2017 11:45,11:45,12,0,0,QUEBEC STREET NORTH & MLK BOULEVARD,1,1,0,0,1,3,0,,35,0,0,0,0,0,4,2,1
,2017_16904,39.782572,-104.901126,11/25/2017 9:28,9:28,15,0,0,NORTHFIELD QUEBEC NORTH  & I270 'H' LOOP RAMP OFF,1,1,1,0,1,4,0,,,0,0,0,0,0,2,2,13
,2017_16905,39.782686,-104.901015,8/28/2017 14:06,14:06,15,0,0,QUEBEC STREET NORTH & SANDCREEK DRIVE SOUTH,1,1,1,0,1,4,0,,35,0,0,0,0,0,2,2,13
,2017_16906,39.782912,-104.900793,8/2/2017 13:17,13:17,15,0,0,QUEBEC STREET NORTH & SANDCREEK DRIVE SOUTH,1,1,1,0,1,4,0,,35,0,0,0,0,0,2,2,13
,2017_16908,39.783139,-104.900572,4/25/2017 8:00,8:00,1,0,0,QUEBEC STREET & I270 WB,1,1,1,0,1,1,0,,40,0,0,0,0,0,2,2,13
,2017_16909,39.78348,-104.900239,6/30/2017 9:40,9:40,12,0,0,NORTHFIELD QUEBEC STREET NORTH & SANDCREEK DRIVE SOUTH,1,1,0,0,1,4,0,,40,0,0,0,0,0,2,2,13
,2017_16910,39.783593,-104.900128,5/3/2017 12:20,12:20,12,0,0,NORTHFIELD / QUEBEC STREET NORTH & I270 NORTHBOUND RAMP ON,2,1,0,1,1,1,0,,40,0,0,0,0,0,2,2,13
,2017_16911,39.783593,-104.900128,7/26/2017 16:21,16:21,12,0,0,NORTHFIELD QUEBEC STREET NORTH & SANDCREEK DRIVE SOUTH,1,1,0,0,1,4,0,,40,0,0,0,0,0,2,2,13
,2017_16912,39.785531,-104.899639,8/15/2017 14:44,14:44,15,0,0,QUEBEC STREET NORTH & NORTHFIELD BOULEVARD EAST,1,1,0,0,1,4,0,,45,0,0,0,0,0,2,2,13
,2017_16913,39.783593,-104.900128,12/20/2017 21:43,21:43,12,0,0,NORTHFIELD / QUEBEC STREET NORTH & I270 WB RAMP ON,1,3,1,0,1,1,0,,45,0,0,0,0,0,2,3,8
,2017_16914,39.783593,-104.900128,2/11/2017 22:30,22:30,12,0,0,NORTHFIELD BOULEVARD WB OFF RAMP & I270,1,3,0,0,1,8,0,,35,0,0,0,0,1,2,2,1
,2017_16915,39.783593,-104.900128,3/14/2017 21:07,21:07,12,0,0,NORTHFIELD QUEBEC STREET NORTH & I270 WB RAMP,1,3,1,0,1,8,0,,40,0,0,0,0,0,2,3,13
,2017_16916,39.783998,-104.900342,8/7/2017 0:11,0:11,5,0,0,NORTHFIELD QUEBEC STREET NORTH & I270 WB SLIP RAMP APPROXIMATELY,1,3,0,0,3,3,0,,35,0,0,0,0,0,2,1,8
,2017_16917,39.784616,-104.899562,3/18/2017 0:40,0:40,5,0,0,QUEBEC STREET NORTH NORTHBOUND SLIP RAMP & NORTHFIELD BOULEVARD EASTBOUND,1,3,0,0,2,8,0,,35,0,0,0,0,0,2,1,13
,2017_16919,39.784923,-104.899529,8/4/2017 7:25,7:25,15,0,0,QUEBEC STREET NORTH & NORTHFIELD BOULEVARD EAST,1,1,0,0,1,4,0,,40,0,0,0,0,1,2,2,7
,2017_16921,39.78538,-104.899594,3/3/2017 14:13,14:13,15,0,0,QUEBEC STREET NORTH & NORTHFIELD BOULEVARD EAST,1,1,1,0,1,1,0,,40,0,0,0,0,0,2,2,13
,2017_16922,39.78538,-104.899594,10/9/2017 14:31,14:31,15,0,0,NORTHFIELD QUEBEC STREET NORTH & NORTHFIELD BOULEVARD EAST,1,1,0,0,1,3,0,,30,0,0,0,0,0,2,2,3
,2017_16923,39.785531,-104.899639,2/20/2017 15:43,15:43,10,0,0,NORTHFIELD QUEBEC STREET NORTH & NORTHFIELD BOULEVARD EAST,1,1,0,0,1,1,0,,35,0,0,0,0,0,2,2,8
,2017_16924,39.785531,-104.899639,5/11/2017 7:10,7:10,15,0,0,QUEBEC STREET NORTH & NORTHFIELD BOULEVARD EAST,1,1,0,0,1,1,0,,,0,0,0,0,1,2,2,13
,2017_16925,39.785531,-104.899639,8/7/2017 10:16,10:16,5,0,0,NORTHFIELD BOULEVARD EAST & QUEBEC STREET NORTH,2,1,2,1,3,1,0,,45,0,0,0,0,0,2,1,13
,2017_16926,39.785531,-104.899639,11/9/2017 19:44,19:44,15,0,0,QUEBEC STREET NORTH & NORTHFIELD BOULEVARD EAST,1,3,0,0,1,1,0,,35,0,0,0,0,0,2,2,1
,2017_16927,39.785531,-104.899639,7/15/2017 15:05,15:05,3,0,0,NORTHFIELD QUEBEC STREET & NORTHFIELD BOULEVARD,1,1,0,0,1,1,0,,35,0,0,0,0,0,2,2,13
,2017_16928,39.789726,-104.903461,1/11/2017 14:39,14:39,15,0,0,QUEBEC STREET NORTH & SOUTH ENTRANCE TO TA TRUCK PLAZA,1,1,1,0,1,2,0,,40,0,0,0,0,0,2,3,9
,2017_16929,39.790286,-104.903316,12/24/2017 20:50,20:50,12,0,0,QUEBEC STREET NORTH & 53RD AVENUE EAST APPROXIMATELY,9,3,0,0,1,4,0,,45,0,0,0,0,0,2,2,13
,2017_16930,39.791417,-104.903323,11/10/2017 17:26,17:26,15,0,0,QUEBEC STREET NORTH & 53RD PLACE EAST,1,3,0,0,1,4,0,,35,0,0,0,0,0,2,2,8
,2017_16931,39.793504,-104.903381,3/23/2017 18:46,18:46,12,0,0,QUEBEC STREET NORTH & 53RD PLACE EAST,1,1,0,0,1,4,0,,35,0,0,0,0,0,2,2,13
,2017_16932,39.793504,-104.903381,5/12/2017 15:21,15:21,12,0,0,53RD PLACE EAST & QUEBEC STREET NORTH,1,1,0,0,1,1,0,,35,0,0,0,0,0,2,2,3
,2017_16933,39.793504,-104.903381,10/14/2017 16:27,16:27,12,0,0,QUEBEC STREET NORTH & 53RD PLACE EAST,1,1,0,0,1,1,0,,40,0,0,0,0,0,2,2,3
,2017_16934,39.793504,-104.903381,11/3/2017 15:45,15:45,1,0,3,53RD PLACE EAST & QUEBEC STREET NORTH,1,1,0,0,1,1,0,,40,0,0,0,0,3,2,2,1
,2017_16960,39.779316,-104.903391,11/17/2017 10:15,10:15,15,0,0,NORTHFIELD QUEBEC STREET NORTH & I70 WB RAMPS,1,1,0,0,1,1,0,,40,0,0,0,0,0,2,2,13
,2017_17434,39.740392,-104.988449,10/28/2017 3:05,3:05,5,0,0,COLFAX AVENUE & 101 WEST,1,3,0,0,3,4,0,,30,0,0,0,0,1,2,1,5
,2017_17880,39.740652,-104.9911335,7/20/2017 8:42,8:42,15,0,0,14TH STREET & COURT PLACE,1,1,0,0,1,4,0,,25,0,0,0,0,0,4,2,2
,2017_18237,39.740012,-104.970619,4/3/2017 16:40,16:40,6,0,0,COLFAX AVENUE 1400 BLOCK EAST & LAFAYETTE STREET NORTH,1,1,0,0,1,4,0,,35,0,0,0,0,0,2,2,1
,2017_18268,39.740378,-105.017114,10/15/2017 13:00,13:00,5,0,0,COLFAX AVENUE 2000 BLOCK WEST & HIGHWAY I25 SOUTHBOUND ENTRANCE,1,1,0,0,3,4,0,,,0,0,0,0,0,2,1,13
,2017_18304,39.740031,-104.996607,4/21/2017 10:45,10:45,1,0,0,COLFAX AVENUE WEST & WELTON STREET,1,1,1,0,1,1,0,,35,0,0,0,0,0,2,2,12
,2017_18329,39.740293,-105.052205,7/6/2017 13:14,13:14,15,0,0,COLFAX AVENUE & ZENOBIA STREET NORTH,1,1,0,0,1,4,0,,30,0,0,0,0,0,2,2,13
,2017_18408,39.740341,-105.052313,12/14/2017 15:39,15:39,15,0,0,COLFAX AVENUE 5100 BLOCK WEST & SHERIDAN BOULEVARD NORTH,1,1,0,0,1,1,0,,30,0,0,0,0,0,2,2,1
,2017_18409,39.740361,-105.051273,9/2/2017 11:52,11:52,10,0,1,COLFAX AVENUE WEST & XAVIER STREET NORTH 4900 BLOCK,1,1,0,0,1,5,0,,30,0,0,0,0,2,2,2,13
,2017_18410,39.740361,-105.051191,1/29/2017 6:16,6:16,3,0,0,COLFAX AVENUE WEST & YATES STREET NORTH,1,1,1,0,1,1,0,,35,0,0,0,0,0,2,2,13
,2017_18411,39.740361,-105.051191,10/19/2017 14:06,14:06,15,0,0,COLFAX AVENUE WEST & YATES STREET NORTH,1,1,0,0,1,3,0,,35,0,0,0,0,0,2,2,13
,2017_18412,39.74036,-105.05111,6/3/2017 18:00,18:00,3,0,0,XAVIER NORTH & COLFAX AVENUE WEST,1,1,0,0,1,1,0,,35,0,0,0,0,0,2,2,1
,2017_18413,39.74036,-105.05111,8/9/2017 16:15,16:15,3,0,0,COLFAX AVENUE WEST & XAVIER STREET NORTH,1,1,1,0,1,3,0,,30,0,0,0,0,1,2,2,13
,2017_18414,39.740356,-105.050218,6/13/2017 21:47,21:47,1,0,1,COLFAX AVENUE WEST & WOLFF STREET NORTH,1,3,0,0,1,2,0,,30,0,0,0,1,2,2,2,13
,2017_18415,39.740353,-105.049731,10/14/2017 17:55,17:55,3,0,0,COLFAX AVENUE WEST & WINONA COURT NORTH,1,1,0,0,1,2,0,,35,0,0,0,0,0,2,2,13
,2017_18416,39.740007,-104.991824,5/20/2017 12:05,12:05,15,0,0,COLFAX AVENUE 200 WEST & COURT PLACE,1,1,0,0,1,4,0,,25,0,0,0,0,0,2,2,5
,2017_18417,39.740336,-105.040423,12/19/2017 10:51,10:51,15,0,0,COLFAX AVENUE WEST & QUITMAN STREET NORTH,1,1,0,0,1,1,0,,25,0,0,0,0,0,2,2,13
,2017_18418,39.740353,-105.04965,11/30/2017 17:38,17:38,12,0,0,COLFAX AVENUE 4700 BLOCK WEST & WINONA STREET NORTH,1,2,1,0,1,4,0,,,0,0,0,0,1,2,2,13
,2017_18420,39.740333,-105.04418,1/21/2017 22:51,22:51,12,0,0,COLFAX AVENUE WEST & TENNYSON STREET NORTH,1,3,0,0,1,4,0,,60,0,0,0,0,0,2,3,13
,2017_18421,39.740333,-105.043992,9/22/2017 18:35,18:35,3,0,0,COLFAX AVENUE WEST & TENNYSON STREET NORTH,1,2,0,0,1,1,0,,30,0,0,0,0,0,2,2,8
,2017_18422,39.740334,-105.043804,5/25/2017 15:00,15:00,12,0,0,COLFAX AVENUE WEST & TENNYSON STREET NORTH,1,1,0,0,1,4,0,,20,0,0,0,0,0,2,2,13
,2017_18423,39.740341,-105.033284,4/20/2017 8:40,8:40,15,0,0,COLFAX AVENUE WEST & KING STREET,1,1,0,0,1,1,0,,35,0,0,0,0,0,2,2,14
,2017_18424,39.740334,-105.043804,8/11/2017 7:35,7:35,12,0,0,COLFAX AVENUE 4400 BLOCK WEST & TENNYSON STREET NORTH,1,1,0,0,1,4,0,,30,0,0,0,0,0,2,4,13
,2017_18425,39.740334,-105.042865,8/31/2017 18:24,18:24,3,0,0,COLFAX AVENUE WEST & STUART STREET NORTH,1,1,0,0,1,1,0,,25,0,0,0,0,0,2,2,13
,2017_18426,39.740334,-105.042865,9/2/2017 17:39,17:39,3,0,0,COLFAX AVENUE WEST & STUART STREET NORTH,1,1,0,0,1,1,0,,30,0,0,0,0,0,2,2,13
,2017_18427,39.740335,-105.041738,5/16/2017 16:42,16:42,15,0,0,COLFAX AVENUE WEST & RALEIGH STREET NORTH,1,1,0,0,1,1,0,,35,0,0,0,0,0,2,2,13
,2017_18428,39.740335,-105.041738,6/25/2017 17:15,17:15,3,0,0,COLFAX AVENUE WEST & RALEIGH STREET NORTH,1,1,0,0,1,1,0,,35,0,0,0,0,0,2,2,1
,2017_18429,39.740335,-105.041738,10/26/2017 12:44,12:44,12,0,0,COLFAX AVENUE WEST & RALEIGH STREET NORTH,1,1,0,0,1,3,0,,30,0,0,0,0,0,2,2,13
,2017_18430,39.740335,-105.041738,11/10/2017 14:56,14:56,1,0,1,COLFAX AVENUE WEST & RALEIGH STREET NORTH,1,1,1,0,1,1,0,,,0,0,0,1,2,2,2,13
,2017_18431,39.740335,-105.041738,11/19/2017 15:36,15:36,12,0,0,COLFAX AVENUE WEST & RALEIGH STREET NORTH,1,1,0,0,1,1,0,,35,0,0,0,0,0,2,2,7
,2017_18432,39.740337,-105.039295,5/24/2017 0:42,0:42,1,0,0,COLFAX AVENUE WEST & PERRY STREET NORTH,1,3,0,0,1,1,0,,30,0,0,0,0,0,2,2,13
,2017_18433,39.740337,-105.039295,5/26/2017 6:14,6:14,3,0,0,COLFAX AVENUE WEST & PERRY STREET NORTH,1,1,0,0,1,1,0,,30,0,0,0,0,0,2,2,13
,2017_18434,39.740337,-105.039295,7/3/2017 17:25,17:25,12,0,0,COLFAX AVENUE 3900 WEST & PERRY STREET NORTH,1,1,0,0,1,2,0,,35,0,0,0,0,0,2,2,8
,2017_18435,39.740341,-105.033284,4/30/2017 7:43,7:43,5,0,0,COLFAX AVENUE WEST & KING STREET NORTH,1,1,0,0,3,1,0,,25,0,0,0,0,0,2,1,14
,2017_18436,39.740337,-105.039107,3/25/2017 7:25,7:25,12,0,0,COLFAX AVENUE WEST & PERRY STREET NORTH,1,1,0,0,1,2,0,,35,0,0,0,0,0,2,3,13
,2017_18437,39.740337,-105.03892,11/6/2017 7:25,7:25,3,0,0,COLFAX AVENUE WEST & PERRY STREET NORTH,1,1,0,0,1,5,0,,35,0,0,0,0,0,2,2,14
,2017_18438,39.740338,-105.038544,10/4/2017 0:40,0:40,5,0,0,COLFAX AVENUE WEST & OSCEOLA / PERRY ALLEY,1,3,0,0,3,5,0,,,0,0,0,0,0,2,2,9
,2017_18439,39.740338,-105.038168,8/21/2017 15:40,15:40,3,0,0,OSCEOLA STREET NORTH & COLFAX AVENUE WEST,1,1,0,0,1,1,0,,25,0,0,0,0,1,2,2,7
,2017_18440,39.740338,-105.038168,12/13/2017 10:19,10:19,15,0,0,COLFAX AVENUE WB & OSCEOLA STREET NORTH,1,1,0,0,1,3,0,,35,0,0,0,0,0,2,2,14
,2017_18441,39.740339,-105.037041,10/17/2017 7:22,7:22,3,0,0,COLFAX AVENUE WEST & NEWTON STREET NORTH,1,1,0,0,1,3,0,,35,0,0,0,0,0,2,2,14
,2017_18442,39.740339,-105.037041,11/22/2017 17:44,17:44,6,0,0,NEWTON STREET NORTH & COLFAX AVENUE WEST,1,1,0,0,1,4,0,,25,0,0,0,0,0,2,2,13
,2017_18443,39.74034,-105.035726,11/24/2017 8:50,8:50,5,0,0,COLFAX AVENUE 3700 BLOCK WEST & MEADE STREET,1,1,0,0,3,4,0,,,0,0,0,0,0,2,2,13
,2017_18444,39.74034,-105.035539,5/31/2017 17:36,17:36,12,0,0,COLFAX AVENUE WEST & MEADE STREET NORTH,1,1,1,0,1,4,0,,30,0,0,0,0,0,2,2,13
,2017_18445,39.74034,-105.034599,9/5/2017 14:30,14:30,3,0,0,LOWELL BOULEVARD NORTH & COLFAX AVENUE WEST,1,1,0,0,1,1,0,,25,0,0,0,0,0,2,2,13
,2017_18446,39.74034,-105.034411,4/6/2017 8:20,8:20,15,0,0,COLFAX AVENUE WEST & LOWELL BOULEVARD NORTH,1,1,0,0,1,3,0,,30,0,0,0,0,0,2,2,3
,2017_18447,39.740344,-105.029902,2/4/2017 23:20,23:20,12,0,0,COLFAX AVENUE WEST & IRVING STREET NORTH,1,3,0,0,1,1,0,,35,0,0,0,0,0,2,2,13
,2017_18448,39.740341,-105.03366,5/6/2017 17:03,17:03,3,0,0,COLFAX AVENUE 3500 BLOCK WEST & KING STREET NORTH,1,1,0,0,1,3,0,,35,0,0,0,0,0,2,2,13
,2017_18449,39.740341,-105.033472,9/29/2017 15:57,15:57,12,0,0,COLFAX AVENUE WEST & KING STREET NORTH,1,1,0,0,1,4,0,,25,0,0,0,0,0,2,2,13
,2017_18450,39.740341,-105.033096,8/15/2017 11:07,11:07,12,0,0,KING STREET 1500 BLOCK NORTH & COLFAX AVENUE WEST,1,1,0,0,1,2,0,,25,0,0,0,0,0,2,2,13
,2017_18451,39.740342,-105.032533,12/5/2017 15:10,15:10,12,0,0,COLFAX AVENUE WEST & KNOX COURT NORTH,1,1,0,0,1,3,0,,30,0,0,0,0,0,2,2,2
,2017_18452,39.740342,-105.032345,7/1/2017 16:35,16:35,15,0,0,COLFAX AVENUE WEST & KNOX COURT NORTH,1,1,0,0,1,4,0,,35,0,0,0,0,0,2,2,13
,2017_18453,39.740342,-105.032345,8/10/2017 10:50,10:50,3,0,0,COLFAX AVENUE WEST & KNOX COURT NORTH,1,1,0,0,1,1,0,,35,0,0,0,0,0,2,2,13
,2017_18454,39.740342,-105.032345,12/5/2017 11:25,11:25,12,0,0,KNOX COURT 1400 NORTH & COLFAX AVENUE WEST,1,1,0,0,1,3,0,,20,0,0,0,0,0,2,3,3
,2017_18455,39.740076,-105.005215,2/14/2017 20:31,20:31,1,0,0,COLFAX AVENUE WEST & OSAGE STREET NORTH,1,3,0,0,1,1,0,,,0,0,0,0,0,2,2,13
,2017_18456,39.740342,-105.031781,7/15/2017 16:29,16:29,12,0,0,COLFAX AVENUE WEST & JULIAN STREET NORTH,1,1,0,0,1,4,0,,35,0,0,0,0,0,2,3,13
,2017_18457,39.740343,-105.031405,3/23/2017 17:27,17:27,12,0,0,COLFAX AVENUE WEST & JULIAN STREET NORTH,1,1,0,0,1,4,0,,35,0,0,0,0,0,2,4,14
,2017_18458,39.740343,-105.031217,5/5/2017 15:03,15:03,3,0,0,COLFAX AVENUE WEST & JULIAN STREET NORTH,1,1,0,0,1,1,0,,30,0,0,0,0,0,2,2,13
,2017_18459,39.740343,-105.030654,9/11/2017 15:42,15:42,5,0,0,COLFAX AVENUE WEST & IRVING STREET NORTH 3300 BLOCK,1,1,0,0,2,4,0,,30,0,0,0,0,0,2,1,14
,2017_18460,39.740343,-105.03009,2/24/2017 2:24,2:24,15,0,0,COLFAX AVENUE & IRVING STREET NORTH,5,3,0,2,1,4,0,,35,0,0,0,0,0,2,2,5
,2017_18461,39.740343,-105.03009,12/20/2017 17:10,17:10,12,0,0,COLFAX AVENUE WEST & IRVING STREET NORTH,1,3,0,0,1,3,0,,30,0,0,0,0,0,2,2,13
,2017_18462,39.740011,-104.96893,8/7/2017 16:30,16:30,6,0,0,COLFAX AVENUE EAST 1500 BLOCK & FRANKLIN STREET NORTH,2,1,0,1,1,4,0,,35,0,0,0,0,0,2,2,14
,2017_18463,39.740344,-105.029902,3/5/2017 14:50,14:50,12,0,0,COLFAX AVENUE WEST & IRVING STREET NORTH,1,1,0,0,1,1,0,,30,0,0,0,0,0,2,2,14
,2017_18464,39.740345,-105.015536,10/15/2017 3:10,3:10,5,0,0,COLFAX AVENUE WEST & I25 SOUTHBOUND RAMP OFF,1,3,0,0,4,1,0,,35,0,0,0,0,0,2,1,14
,2017_18465,39.740344,-105.029902,4/6/2017 18:45,18:45,1,0,0,IRVING STREET NORTH & COLFAX AVENUE WEST,1,1,0,0,1,1,0,,35,0,0,0,0,0,2,2,1
,2017_18466,39.740344,-105.029902,7/18/2017 23:24,23:24,12,0,0,COLFAX AVENUE WEST & IRVING STREET NORTH,1,3,0,0,1,4,0,,35,0,0,0,0,1,2,2,13
,2017_18467,39.740344,-105.029902,9/9/2017 15:27,15:27,3,0,0,IRVING STREET NORTH & COLFAX AVENUE WEST,1,1,0,0,1,1,0,,35,0,0,0,0,1,2,2,1
,2017_18468,39.740344,-105.029902,9/17/2017 16:00,16:00,5,0,0,COLFAX AVENUE WEST & IRVING STREET NORTH,1,1,0,0,3,4,0,,35,0,0,0,0,0,2,1,3
,2017_18469,39.740344,-105.029902,10/6/2017 19:30,19:30,1,0,0,COLFAX AVENUE WEST & IRVING STREET NORTH,1,3,0,0,1,1,0,,30,0,0,0,1,0,2,2,13
,2017_18470,39.740263,-105.028199,1/24/2017 19:30,19:30,12,0,0,COLFAX AVENUE WEST & MP 296,1,3,0,0,1,4,0,,35,0,0,0,0,0,2,2,12
,2017_18471,39.740263,-105.028199,10/29/2017 9:10,9:10,3,0,0,COLFAX AVENUE WEST & IRVING STREET NORTH,1,1,0,0,1,1,0,,35,0,0,0,0,0,2,2,7
,2017_18472,39.740259,-105.02725,7/15/2017 11:45,11:45,15,0,0,COLFAX AVENUE & FEDERAL BOULEVARD NORTH,1,1,1,0,1,4,0,,40,0,0,0,0,0,2,2,1
,2017_18473,39.740286,-105.026245,1/24/2017 6:45,6:45,12,0,0,COLFAX AVENUE WEST & FEDERAL BOULEVARD NORTH,1,1,0,0,1,4,0,,35,0,0,0,0,0,2,3,14
,2017_18474,39.740312,-105.025656,5/19/2017 20:25,20:25,12,0,0,COLFAX AVENUE WEST EASTBOUND RAMP OFF & FEDERAL BOULEVARD NORTH SOUTHBOUND,1,3,0,0,1,8,0,,,0,0,0,0,0,2,2,13
,2017_18475,39.740345,-105.024919,2/18/2017 9:30,9:30,12,0,0,COLFAX AVENUE WEST & FEDERAL BOULEVARD NORTH,1,1,1,0,1,4,0,,35,0,0,0,0,1,2,2,13
,2017_18476,39.740391,-105.023889,4/29/2017 22:12,22:12,12,0,0,COLFAX AVENUE WEST & FEDERAL BOULEVARD NORTH,5,3,0,2,1,4,0,,40,0,0,0,0,0,2,2,13
,2017_18477,39.740404,-105.023594,10/13/2017 9:52,9:52,6,0,0,COLFAX AVENUE WEST & ELIOT STREET NORTH / FEDERAL BOULEVARD NORTHBOUND OFF RAMP,1,1,0,0,1,1,0,,,0,0,0,0,0,2,2,13
,2017_18478,39.74041,-105.023447,10/28/2017 14:14,14:14,3,0,1,COLFAX AVENUE WEST & FEDERAL BOULEVARD NORTH,1,1,0,0,1,1,0,,35,0,0,0,0,2,2,2,4
,2017_18479,39.740428,-105.022042,1/26/2017 17:54,17:54,12,0,0,COLFAX AVENUE  SBL & 2800 BLOCK WEST,1,2,1,0,1,4,0,,40,0,0,0,0,0,2,2,13
,2017_18480,39.740433,-105.021166,1/16/2017 20:28,20:28,12,0,0,COLFAX AVENUE WEST & ELLIOTT STREET NORTH,2,3,0,0,1,1,0,,35,0,0,0,0,0,2,3,13
,2017_18481,39.740434,-105.020947,11/7/2017 7:25,7:25,15,0,0,COLFAX AVENUE WEST & I25 SOUTHBOUND RAMP ON,2,1,0,1,1,4,0,,35,0,0,0,0,1,2,2,14
,2017_18482,39.740422,-105.019283,4/29/2017 21:59,21:59,12,0,0,COLFAX AVENUE WEST & I25 SOUTHBOUND RAMP OFF APPROXIMATELY,5,3,0,2,1,4,0,,35,0,0,0,0,0,2,2,13
,2017_18483,39.740414,-105.018889,9/14/2017 11:11,11:11,12,0,0,COLFAX AVENUE WEST & I25 HIGHWAY SOUTHBOUND OFF RAMP,1,1,0,0,1,4,0,,35,0,0,0,0,0,2,2,14
,2017_18484,39.740386,-105.017508,10/1/2017 10:10,10:10,15,0,0,COLFAX AVENUE WEST & I25 SOUTHBOUND OFF RAMP,1,1,0,0,1,1,0,,40,0,0,0,0,0,2,2,7
,2017_18485,39.740382,-105.017311,2/10/2017 18:15,18:15,15,0,0,COLFAX AVENUE WEST & I25 INTRCHG APPROXIMATELY,1,4,0,0,1,4,0,,35,0,0,0,0,0,2,2,13
,2017_18486,39.740382,-105.017311,7/13/2017 18:27,18:27,12,0,0,HIGHWAY 40 / COLFAX AVENUE WEST RAMP ON & AURARIA PARKWAY OFF GORE POINT,1,1,0,0,1,8,0,,40,0,0,0,0,0,2,2,8
,2017_18487,39.740378,-105.017114,8/23/2017 16:03,16:03,12,0,0,COLFAX AVENUE WEST & I25 HIGHWAY SOUTHBOUND RAMP,1,1,1,0,1,1,0,,40,0,0,0,0,1,2,3,13
,2017_18488,39.740357,-105.016127,4/12/2017 17:39,17:39,3,0,0,COLFAX AVENUE WEST & ZUNI STREET NORTH,1,1,0,0,1,1,0,,35,0,0,0,0,0,2,2,13
,2017_18489,39.740345,-105.015536,3/20/2017 0:20,0:20,12,0,0,COLFAX AVENUE WEST & I25 SOUTHBOUND RAMP OFF,1,3,0,0,1,3,0,,55,0,0,0,0,0,2,2,5
,2017_18490,39.740304,-105.013563,10/22/2017 20:18,20:18,3,0,0,COLFAX AVENUE WEST & I25,1,3,0,0,1,1,0,,40,0,0,0,0,1,2,2,13
,2017_18491,39.740345,-105.015536,9/6/2017 11:23,11:23,1,0,0,COLFAX AVENUE WEST & I25,1,1,1,0,1,1,0,,40,0,0,0,0,1,2,4,3
,2017_18492,39.74032,-105.014352,10/4/2017 19:00,19:00,3,0,0,COLFAX AVENUE WEST & MM 296.75,1,3,0,0,1,3,0,,45,0,0,0,0,0,2,2,5
,2017_18493,39.740308,-105.013761,4/29/2017 7:45,7:45,5,0,0,COLFAX AVENUE WEST & I25 SOUTHBOUND ON RAMP,4,1,0,2,1,4,0,,40,0,0,0,0,0,2,1,13
,2017_18494,39.740304,-105.013563,1/18/2017 16:05,16:05,12,0,0,COLFAX AVENUE WEST & I25 INTERCHANGE,1,1,1,0,1,3,0,,40,0,0,0,0,0,2,5,13
,2017_18495,39.740304,-105.013563,2/13/2017 23:00,23:00,5,0,0,COLFAX AVENUE WEST COLL RAMP CRASH CUSH & AURARIA PARKWAY END WEST ENTRANCE GORE POINT,1,3,0,0,1,3,0,,40,0,0,0,0,0,2,1,5
,2017_18496,39.740304,-105.013563,3/7/2017 5:55,5:55,12,0,0,COLFAX AVENUE WEST & I25 NORTHBOUND ON RAMP,1,1,0,0,1,3,0,,35,0,0,0,0,0,2,2,14
,2017_18497,39.740218,-105.009422,6/10/2017 0:40,0:40,15,0,0,14TH STREET & COLFAX AVENUE EAST,1,3,0,0,1,1,0,,30,0,0,0,0,0,2,2,8
,2017_18498,39.740304,-105.013563,3/8/2017 18:30,18:30,12,0,1,COLFAX AVENUE WEST & I25 SOUTHBOUND,1,3,1,0,1,3,0,,45,0,0,0,0,2,2,2,1
,2017_18499,39.740304,-105.013563,3/24/2017 6:38,6:38,3,0,0,COLFAX AVENUE WEST & I25 SOUTHBOUND OFF RAMP,2,1,0,1,1,3,0,,65,0,0,0,0,0,2,2,14
,2017_18500,39.740304,-105.013563,5/21/2017 17:48,17:48,9,0,1,COLFAX AVENUE WEST & I25,1,1,0,0,1,4,0,,35,0,0,0,1,2,2,1,7
,2017_18501,39.740304,-105.013563,6/11/2017 16:50,16:50,3,0,0,COLFAX AVENUE WEST & I25 SOUTHBOUND,1,1,0,0,1,1,0,,35,0,0,0,0,0,2,2,13
,2017_18502,39.740304,-105.013563,6/20/2017 7:43,7:43,15,0,0,COLFAX AVENUE WEST & I25 INTCH,1,1,0,0,1,4,0,,35,0,0,0,0,0,2,2,13
,2017_18503,39.740304,-105.013563,8/21/2017 7:40,7:40,12,0,0,COLFAX AVENUE WEST & I25,1,1,0,0,1,4,0,,45,0,0,0,0,0,2,4,3
,2017_18504,39.740304,-105.013563,10/5/2017 18:35,18:35,12,0,0,COLFAX AVENUE WEST & I25,1,3,0,0,1,4,0,,35,0,0,0,0,0,2,2,13