id,drcog_id,latitude,longitude,crashtime,time,crashtype,numbkilled,numbinjurd,drcoglocat,rdconditin,lightngcon,roadcntgrd,weatherco,location,roaddescrp,constrzone,schoolzone,splimit,bikeinv,pedinv,sctrinv,motoinv,svrty,rdsystem,ttlvehcls,hcf
,2017_18505,39.740304,-105.013563,10/10/2017 6:36,6:36,5,0,0,COLFAX AVENUE WEST & I25 INTCH,5,2,0,0,1,4,0,,45,0,0,0,0,1,2,5,14
,2017_18506,39.740304,-105.013563,11/13/2017 15:30,15:30,15,0,0,COLFAX AVENUE WEST & AURARIA PKWYD,1,1,0,0,1,1,0,,30,0,0,0,0,1,2,2,13
,2017_18507,39.7403,-105.013366,3/5/2017 14:40,14:40,12,0,0,COLFAX AVENUE WEST & I25 NORTHBOUND,1,1,0,0,1,4,0,,35,0,0,0,0,0,2,2,13
,2017_18508,39.740296,-105.013169,5/21/2017 17:48,17:48,5,0,1,COLFAX AVENUE & I25,1,1,0,0,1,4,0,,35,0,0,0,1,2,2,1,7
,2017_18509,39.74028,-105.01238,1/5/2017 15:44,15:44,3,0,0,COLFAX AVENUE WEST & I25 NORTHBOUND RAMP OFF,4,1,0,0,1,1,0,,40,0,0,0,0,0,2,2,7
,2017_18510,39.74028,-105.01238,3/7/2017 6:56,6:56,12,0,0,COLFAX AVENUE WEST EASTBOUND & I25 NORTHBOUND RAMP ON,1,1,0,0,1,1,0,,35,0,0,0,0,0,2,2,14
,2017_18511,39.74028,-105.01238,7/3/2017 12:16,12:16,12,0,0,COLFAX AVENUE WEST & I25 NORTHBOUND RAMP OFF,1,1,1,0,1,2,0,,40,0,0,0,0,1,2,2,13
,2017_18512,39.74028,-105.01238,12/13/2017 8:23,8:23,3,0,0,COLFAX AVENUE WEST & I25 NORTHBOUND OFF RAMP,1,1,0,0,1,1,0,,45,0,0,0,0,0,2,2,14
,2017_18513,39.740275,-105.012183,8/31/2017 7:27,7:27,12,0,0,COLFAX AVENUE WEST & I25 NORTHBOUND OFF RAMP,1,1,0,0,1,3,0,,40,0,0,0,0,0,2,3,1
,2017_18514,39.740275,-105.012183,9/26/2017 15:02,15:02,15,0,0,COLFAX AVENUE WEST & I25 NORTHBOUND RAMP OFF SLIP RAMP MERGE LANE,1,1,1,0,1,3,0,,45,0,0,0,0,0,2,2,13
,2017_18515,39.740271,-105.011986,11/1/2017 8:55,8:55,6,0,0,COLFAX AVENUE EAST & 1400 BLOCK,1,1,0,0,1,4,0,,30,0,0,0,0,0,2,2,13
,2017_18516,39.740358,-105.010249,4/25/2017 9:30,9:30,12,0,0,COLFAX AVENUE WEST VIADUCT & OVER LIGHT RAIL LINE APPROXIMATELY,1,1,1,0,1,4,0,,35,0,0,0,0,0,2,3,12
,2017_18517,39.740235,-105.010211,1/19/2017 5:55,5:55,3,0,0,COLFAX AVENUE WEST & I25 SOUTHBOUND RAMP,1,3,0,0,1,1,0,,40,0,0,0,0,0,2,2,13
,2017_18518,39.740235,-105.010211,8/18/2017 16:43,16:43,3,0,0,COLFAX AVENUE WEST & I25 OFF RAMP,1,1,0,0,1,3,0,,35,0,0,0,0,1,2,2,13
,2017_18519,39.740235,-105.010211,11/7/2017 15:39,15:39,12,0,0,COLFAX AVENUE WEST & I25 NORTHBOUND RAMP,2,1,1,1,1,4,0,,40,0,0,0,0,0,2,2,13
,2017_18520,39.740235,-105.010211,8/8/2017 16:50,16:50,12,0,0,COLFAX AVENUE WEST & I25 NORTHBOUND,1,1,0,0,1,8,0,,30,0,0,0,0,1,2,2,13
,2017_18521,39.740235,-105.010211,9/13/2017 22:00,22:00,12,0,0,COLFAX AVENUE WEST ON RAMP TO I25 & I25 NORTHBOUND,1,3,0,0,1,8,0,,40,0,0,0,0,0,2,2,3
,2017_18522,39.74023,-105.010013,8/1/2017 8:36,8:36,12,0,0,COLFAX AVENUE WEST & OSAGE STREET NORTH,1,1,1,0,1,4,0,,45,0,0,0,0,0,2,2,3
,2017_18523,39.740129,-105.006533,3/29/2017 16:38,16:38,15,0,0,COLFAX AVENUE WEST & 1500 BLOCK,1,1,1,0,1,4,0,,40,0,0,0,0,0,2,2,13
,2017_18524,39.740107,-105.005968,3/16/2017 15:42,15:42,12,0,0,COLFAX AVENUE WEST & SEVENTH STREET,1,1,0,0,1,4,0,,35,0,0,0,0,0,2,2,13
,2017_18525,39.740011,-104.97118,11/9/2017 21:30,21:30,6,0,0,COLFAX AVENUE EAST & LAFAYETTE STREET NORTH,1,3,0,0,1,4,0,,,0,0,0,0,0,2,2,13
,2017_18526,39.740107,-105.005968,11/15/2017 15:32,15:32,12,0,0,COLFAX AVENUE WEST & OSAGE STREET NORTH,1,1,1,0,1,4,0,,40,0,0,0,0,0,2,3,13
,2017_18527,39.740084,-105.005404,9/6/2017 13:30,13:30,15,0,0,COLFAX AVENUE WEST & OSAGE STREET NORTH,1,1,0,0,1,2,0,,35,0,0,0,0,0,2,2,8
,2017_18528,39.740084,-105.005404,11/16/2017 18:55,18:55,12,0,0,OSAGE STREET NORTH & COLFAX AVENUE WEST,1,2,0,0,1,3,0,,,0,0,0,0,0,2,2,13
,2017_18529,39.740084,-105.005404,12/8/2017 15:07,15:07,12,0,0,COLFAX AVENUE WEST & OSAGE STREET NORTH,1,1,0,0,1,4,0,,,0,0,0,0,0,2,2,13
,2017_18530,39.740076,-105.005215,1/9/2017 8:38,8:38,1,0,0,COLFAX AVENUE WEST & OSAGE STREET NORTH,1,5,0,0,1,1,0,,35,0,0,0,0,1,2,2,14
,2017_18531,39.740076,-105.005215,1/25/2017 21:00,21:00,15,0,0,COLFAX AVENUE WEST & OSAGE STREET NORTH,1,3,0,0,1,4,0,,35,0,0,0,0,0,2,2,13
,2017_18532,39.740076,-105.005215,5/28/2017 14:42,14:42,3,0,0,COLFAX AVENUE WEST & OSAGE STREET NORTH,1,1,0,0,1,1,0,,35,0,0,0,0,0,2,3,1
,2017_18533,39.740076,-105.005215,6/7/2017 19:09,19:09,3,0,0,COLFAX AVENUE WEST & OSAGE STREET NORTH,1,1,0,0,1,1,0,,30,0,0,0,0,0,2,2,1
,2017_18534,39.740076,-105.005215,6/23/2017 9:19,9:19,3,0,0,COLFAX AVENUE WEST & OSAGE STREET NORTH,1,1,0,0,1,1,0,,35,0,0,0,0,0,2,2,14
,2017_18535,39.740076,-105.005215,6/27/2017 19:32,19:32,12,0,0,COLFAX AVENUE WEST & SEVENTH STREET,1,1,1,0,1,4,0,,35,0,0,0,0,0,2,2,13
,2017_18536,39.740076,-105.005215,7/20/2017 18:21,18:21,3,0,0,COLFAX AVENUE WEST & OSAGE STREET NORTH,1,1,0,0,1,1,0,,35,0,0,0,0,1,2,2,13
,2017_18537,39.740076,-105.005215,7/26/2017 20:11,20:11,3,0,0,SEVENTH STREET & COLFAX AVENUE WEST,2,3,0,1,1,1,0,,35,0,0,0,0,0,2,2,3
,2017_18538,39.740076,-105.005215,7/27/2017 15:31,15:31,3,0,0,COLFAX AVENUE WEST & OSAGE STREET NORTH ROAD SOUTH,1,1,0,0,1,1,0,,30,0,0,0,0,0,2,2,13
,2017_18539,39.740028,-105.002766,1/30/2017 12:22,12:22,12,0,0,COLFAX AVENUE WEST & MARIPOSA STREET,1,1,0,0,1,3,0,,35,0,0,0,0,1,2,2,14
,2017_18540,39.740028,-105.002766,2/11/2017 12:40,12:40,12,0,0,COLFAX AVENUE WEST & MARIPOSA STREET NORTH,1,1,0,0,1,1,0,,30,0,0,0,0,0,2,2,3
,2017_18541,39.740028,-105.002766,2/28/2017 12:13,12:13,15,0,0,COLFAX AVENUE WEST EASTBOUND & MARIPOSA STREET NORTH,1,1,0,0,1,1,0,,35,0,0,0,0,0,2,2,14
,2017_18542,39.740028,-105.002766,3/4/2017 20:54,20:54,1,0,0,COLFAX AVENUE WEST & MARIPOSA STREET NORTH,1,3,1,0,1,1,0,,35,0,0,0,0,0,2,2,13
,2017_18543,39.740028,-105.002766,3/30/2017 9:51,9:51,12,0,0,COLFAX AVENUE WEST EASTBOUND & MARIPOSA STREET,1,1,0,0,1,3,0,,35,0,0,0,0,0,2,2,14
,2017_18544,39.740028,-105.002766,4/12/2017 9:23,9:23,15,0,0,COLFAX AVENUE WEST & MARIPOSA STREET NORTH,1,1,0,0,1,1,0,,35,0,0,0,0,0,2,2,13
,2017_18545,39.740028,-105.002766,5/2/2017 15:33,15:33,14,0,0,COLFAX AVENUE & NINTH STREET SOUTHBOUND,1,1,0,0,1,4,0,,25,0,0,0,0,0,2,2,3
,2017_18546,39.740028,-105.002766,5/2/2017 15:33,15:33,14,0,0,NINTH STREET & COLFAX AVENUE,1,1,0,0,1,3,0,,25,0,0,0,0,0,2,2,3
,2017_18547,39.740028,-105.002766,7/13/2017 8:37,8:37,12,0,0,COLFAX AVENUE WEST & MARIPOSA STREET,1,1,0,0,1,4,0,,30,0,0,0,0,0,2,2,13
,2017_18548,39.740028,-105.002766,8/25/2017 21:16,21:16,1,0,0,COLFAX AVENUE WEST & MARIPOSA STREET NORTH,1,3,0,0,1,1,0,,35,0,0,0,0,0,2,2,13
,2017_18549,39.740028,-105.002766,10/26/2017 18:51,18:51,1,0,0,COLFAX AVENUE WEST & MARIPOSA STREET,2,3,0,0,1,1,0,,35,0,0,0,0,0,2,2,13
,2017_18550,39.740028,-105.002766,12/6/2017 10:08,10:08,15,0,0,COLFAX AVENUE WEST & MARIPOSA STREET,1,1,0,0,1,1,0,,35,0,0,0,0,0,2,2,14
,2017_18551,39.74003,-105.002578,5/9/2017 14:31,14:31,12,0,0,COLFAX AVENUE WEST & NINTH STREET,1,1,1,0,1,4,0,,30,0,0,0,0,0,2,2,13
,2017_18552,39.74003,-105.002578,6/13/2017 17:05,17:05,12,0,0,COLFAX AVENUE WEST & MARIPOSA STREET NORTH,1,1,0,0,1,4,0,,35,0,0,0,0,0,2,2,13
,2017_18553,39.74003,-105.002578,10/30/2017 8:42,8:42,15,0,0,COLFAX AVENUE WEST & MARIPOSA STREET,2,1,0,1,1,4,0,,35,0,0,0,0,0,2,2,14
,2017_18554,39.740031,-105.002389,5/19/2017 17:06,17:06,12,0,0,COLFAX AVENUE WEST & MARIPOSA STREET NORTH,1,1,1,0,1,4,0,,30,0,0,0,0,1,2,2,13
,2017_18555,39.740032,-105.0022,1/10/2017 21:25,21:25,15,0,0,COLFAX AVENUE EAST & MARIPOSA STREET NORTH ROAD SOUTH,1,3,0,0,1,4,0,,25,0,0,0,0,0,2,2,13
,2017_18556,39.740035,-105.001823,11/14/2017 13:12,13:12,12,0,0,COLFAX AVENUE 1100 BLOCK WEST & NINTH STREET,1,1,1,0,1,4,0,,30,0,0,0,0,0,2,2,13
,2017_18557,39.740036,-105.001635,7/31/2017 13:18,13:18,3,0,0,COLFAX AVENUE WEST & KALAMATH STREET NORTH,1,1,0,0,1,2,0,,30,0,0,0,1,0,2,2,13
,2017_18558,39.740038,-105.001446,2/15/2017 7:27,7:27,1,0,0,COLFAX AVENUE WEST & LIPAN STREET NORTH,1,1,0,0,1,1,0,,35,0,0,0,0,0,2,2,14
,2017_18559,39.740038,-105.001446,3/23/2017 23:22,23:22,12,0,0,COLFAX AVENUE WEST & LIPAN STREET NORTH,2,3,1,1,1,3,0,,35,0,0,0,0,0,2,2,3
,2017_18560,39.740038,-105.001446,6/16/2017 14:05,14:05,3,0,0,COLFAX AVENUE WEST & LIPAN STREET NORTH,1,1,0,0,1,1,0,,30,0,0,0,0,1,2,2,13
,2017_18561,39.740041,-105.001069,9/13/2017 13:22,13:22,5,0,0,COLFAX AVENUE WEST 1000 BLOCK & LIPAN STREET NORTH,1,1,0,0,1,4,0,,35,0,0,0,0,0,2,1,13
,2017_18562,39.740042,-105.00088,4/3/2017 19:47,19:47,3,0,0,COLFAX AVENUE WEST & KALAMATH STREET NORTH,1,1,0,0,1,2,0,,35,0,0,0,0,0,2,2,13
,2017_18563,39.740045,-105.000503,7/24/2017 12:33,12:33,12,0,0,COLFAX AVENUE 1000 BLOCK WEST & KALAMATH STREET NORTH,1,1,3,0,1,4,0,,30,0,0,0,0,0,2,2,13
,2017_18564,39.740045,-105.000503,9/8/2017 18:15,18:15,15,0,0,COLFAX AVENUE 1200 BLOCK WEST & KALAMATH STREET,1,1,0,1,1,3,0,,30,0,0,0,0,0,2,2,1
,2017_18565,39.739985,-104.963275,12/16/2017 17:24,17:24,6,0,0,COLFAX AVENUE EAST & RACE STREET NORTH,1,3,0,0,1,4,0,,,0,0,0,0,0,2,2,13
,2017_18566,39.740045,-105.000503,9/14/2017 4:25,4:25,15,0,0,COLFAX AVENUE WEST & KALAMATH STREET NORTH,1,3,0,0,1,1,0,,35,0,0,0,0,0,2,2,13
,2017_18567,39.740046,-105.000314,4/15/2017 18:25,18:25,15,0,0,COLFAX AVENUE WEST & KALAMATH STREET,1,1,0,0,1,3,0,,30,0,0,0,0,0,2,2,1
,2017_18568,39.740046,-105.000314,7/5/2017 8:30,8:30,12,0,0,COLFAX AVENUE WEST & KALAMATH STREET NORTH,1,1,0,0,1,4,0,,35,0,0,0,0,1,2,2,13
,2017_18569,39.740246,-105.000411,9/25/2017 16:12,16:12,3,0,0,COLFAX AVENUE WEST & KALAMATH STREET,2,1,0,1,1,3,0,,,0,0,0,0,0,2,2,13
,2017_18570,39.740046,-105.000314,10/24/2017 18:37,18:37,12,0,0,COLFAX AVENUE WEST & KALAMATH STREET NORTH,1,1,0,0,1,4,0,,35,0,0,0,0,0,2,2,13
,2017_18571,39.740046,-105.000314,10/28/2017 20:53,20:53,12,0,0,COLFAX AVENUE WEST & KALAMATH STREET NORTH,1,3,0,0,1,4,0,,,0,0,0,0,0,2,3,13
,2017_18572,39.740048,-105.000126,5/11/2017 13:43,13:43,12,0,0,COLFAX AVENUE WEST & KALAMATH STREET NORTH,1,2,1,0,1,4,0,,30,0,0,0,0,1,2,2,13
,2017_18573,39.740048,-104.999933,1/2/2017 17:19,17:19,1,0,0,COLFAX AVENUE WEST & KALAMATH STREET NORTH,1,3,0,0,1,1,0,,40,0,0,0,0,1,2,2,13
,2017_18574,39.740048,-104.999933,1/2/2017 17:46,17:46,15,0,0,COLFAX AVENUE WEST & KALAMATH STREET NORTH,1,3,1,0,1,1,0,,35,0,0,0,0,0,2,2,13
,2017_18575,39.740048,-104.999933,1/15/2017 16:07,16:07,3,0,0,KALAMATH STREET NORTH & COLFAX AVENUE WEST,2,1,0,0,1,1,0,,35,0,0,0,0,1,2,2,13
,2017_18576,39.740048,-104.999933,1/23/2017 7:58,7:58,12,0,0,KALAMATH STREET NORTH & COLFAX AVENUE WEST,1,1,0,0,1,1,0,,35,0,0,0,0,0,2,2,14
,2017_18577,39.740048,-104.999933,1/30/2017 7:22,7:22,12,0,0,COLFAX AVENUE EASTBOUND WEST & KALAMATH STREET,1,1,0,0,1,3,0,,35,0,0,0,0,0,2,2,14
,2017_18578,39.740048,-104.999933,2/13/2017 17:23,17:23,12,0,0,KALAMATH STREET NORTH & COLFAX AVENUE WEST,1,2,1,0,1,1,0,,30,0,0,0,0,1,2,2,13
,2017_18580,39.740048,-104.999933,3/6/2017 9:33,9:33,12,0,0,COLFAX AVENUE WEST & KALAMATH STREET NORTH,1,1,0,0,1,1,0,,25,0,0,0,0,0,2,2,14
,2017_18581,39.740048,-104.999933,4/4/2017 9:28,9:28,12,0,0,COLFAX AVENUE WEST EASTBOUND & KALAMATH STREET,2,1,0,1,1,3,0,,35,0,0,0,0,1,2,2,14
,2017_18582,39.740048,-104.999933,4/9/2017 8:37,8:37,12,0,0,COLFAX AVENUE WEST & KALAMATH STREET NORTH,1,1,0,0,1,1,0,,25,0,0,0,0,0,2,2,14
,2017_18583,39.740048,-104.999933,4/26/2017 15:59,15:59,12,0,0,COLFAX AVENUE WEST & KALAMATH STREET NORTH,1,1,0,0,1,1,0,,35,0,0,0,0,0,2,2,13
,2017_18584,39.740048,-104.999933,5/11/2017 11:54,11:54,3,0,0,COLFAX AVENUE WEST & KALAMATH STREET NORTH,1,1,1,0,1,1,0,,30,0,0,0,0,0,2,2,13
,2017_18585,39.740048,-104.999933,5/25/2017 10:21,10:21,3,0,0,KALAMATH STREET NORTH & COLFAX AVENUE WEST,1,1,0,0,1,1,0,,30,0,0,0,0,0,2,2,13
,2017_18586,39.740048,-104.999933,7/13/2017 17:55,17:55,1,0,0,COLFAX AVENUE WEST & KALAMATH STREET NORTH,1,1,0,0,1,1,0,,30,0,0,0,0,0,2,2,13
,2017_18587,39.740048,-104.999933,7/14/2017 17:39,17:39,1,0,0,KALAMATH STREET NORTH & COLFAX AVENUE WEST,1,1,1,0,1,1,0,,30,0,0,0,0,0,2,2,13
,2017_18588,39.740048,-104.999933,7/14/2017 17:40,17:40,12,0,0,KALAMATH STREET NORTH & COLFAX AVENUE WEST,1,1,1,0,1,1,0,,35,0,0,0,0,0,2,2,13
,2017_18589,39.740048,-104.999933,7/25/2017 16:23,16:23,1,0,0,KALAMATH STREET NORTH & COLFAX AVENUE WEST,2,1,0,1,1,1,0,,30,0,0,0,0,0,2,2,13
,2017_18590,39.740048,-104.999933,8/5/2017 13:04,13:04,12,0,0,COLFAX AVENUE WEST & KALAMATH STREET NORTH,1,1,0,0,1,1,0,,30,0,0,0,0,0,2,2,13
,2017_18591,39.740048,-104.999933,8/5/2017 16:59,16:59,3,0,0,COLFAX AVENUE WEST & KALAMATH STREET NORTH,1,1,0,0,1,1,0,,35,0,0,0,0,0,2,2,13
,2017_18592,39.740048,-104.999933,8/19/2017 22:50,22:50,1,0,0,KALAMATH STREET NORTH & COLFAX AVENUE WEST,1,3,0,0,1,3,0,,30,0,0,0,0,1,2,2,13
,2017_18594,39.740048,-104.999933,9/21/2017 17:35,17:35,1,0,0,COLFAX AVENUE WEST & KALAMATH STREET NORTH,1,1,0,0,1,2,0,,35,0,0,0,0,0,2,2,8
,2017_18595,39.740048,-104.999933,10/11/2017 15:39,15:39,12,0,0,COLFAX AVENUE 1000 BLOCK WEST & KALAMATH STREET NORTH,1,1,1,0,1,4,0,,30,0,0,0,0,0,2,2,13
,2017_18596,39.740048,-104.999933,10/12/2017 16:00,16:00,15,0,0,KALAMATH STREET NORTH & COLFAX AVENUE WEST,1,1,0,0,1,3,0,,30,0,0,0,0,0,2,2,14
,2017_18597,39.740048,-104.999933,10/16/2017 17:19,17:19,3,0,0,KALAMATH STREET NORTH & COLFAX AVENUE WEST,1,1,1,0,1,1,0,,30,0,0,0,0,0,2,2,7
,2017_18598,39.740048,-104.999933,10/23/2017 8:21,8:21,12,0,0,KALAMATH STREET 1600 BLOCK NORTH & COLFAX AVENUE WEST,1,1,0,0,1,4,0,,,0,0,0,0,0,2,2,13
,2017_18599,39.740048,-104.999933,10/31/2017 13:03,13:03,15,0,0,COLFAX AVENUE WEST & KALAMATH STREET NORTH APPROXIMATELY,1,1,1,0,1,4,0,,30,0,0,0,0,0,2,2,13
,2017_18600,39.740048,-104.999933,12/5/2017 15:59,15:59,1,0,0,KALAMATH STREET NORTH & COLFAX AVENUE WEST,1,1,1,0,1,1,0,,30,0,0,0,0,1,2,2,13
,2017_18601,39.740048,-104.999933,12/7/2017 19:08,19:08,1,0,0,COLFAX AVENUE WEST & KALAMATH STREET NORTH,4,3,0,2,1,1,0,,30,0,0,0,0,0,2,2,13
,2017_18602,39.740048,-104.999933,12/29/2017 20:55,20:55,1,0,0,KALAMATH STREET NORTH & COLFAX AVENUE WEST,1,1,0,0,1,1,0,,30,0,0,0,0,0,2,2,13
,2017_18603,39.740047,-104.999725,9/2/2017 23:50,23:50,12,0,0,COLFAX AVENUE WEST & KALAMATH STREET NORTH,1,3,0,0,1,4,0,,35,0,0,0,0,0,2,2,3
,2017_18604,39.740031,-104.996607,1/6/2017 19:59,19:59,5,0,0,COLFAX AVENUE WEST & GALAPAGO STREET,5,3,0,2,2,1,0,,30,0,0,0,0,0,2,1,14
,2017_18605,39.740046,-104.999518,5/27/2017 14:09,14:09,15,0,0,COLFAX AVENUE WEST & KALAMATH STREET NORTH,1,2,0,1,1,4,0,,35,0,0,0,0,0,2,2,13
,2017_18606,39.740043,-104.998894,12/16/2017 7:55,7:55,12,0,0,COLFAX AVENUE WEST & SPEER BOULEVARD NORTH,1,1,0,0,1,1,0,,25,0,0,0,0,0,2,2,13
,2017_18607,39.740244,-104.989513,11/28/2017 9:02,9:02,5,0,0,COLFAX AVENUE WEST & BANNOCK STREET NORTH,1,1,0,0,2,1,0,,25,0,0,0,0,0,2,1,2
,2017_18608,39.740042,-104.998686,3/10/2017 8:53,8:53,12,0,0,SPEER BOULEVARD 1400 BLOCK NORTH & COLFAX BOULEVARD WEST,1,1,0,0,1,1,0,,35,0,0,0,0,0,2,2,3
,2017_18609,39.740042,-104.998686,3/17/2017 16:00,16:00,15,0,0,SPEER BOULEVARD NORTH & COLFAX AVENUE WEST,1,1,0,0,1,1,0,,35,0,0,0,0,0,2,2,1
,2017_18610,39.740042,-104.998686,3/17/2017 20:10,20:10,3,0,0,COLFAX AVENUE WEST & SPEER BOULEVARD NORTH  ROAD SOUTH,1,3,0,0,1,1,0,,35,0,0,0,0,0,2,2,13
,2017_18611,39.740042,-104.998686,5/15/2017 14:59,14:59,3,0,0,COLFAX AVENUE WEST & SPEER BOULEVARD SOUTHBOUND,1,1,1,0,1,1,0,,30,0,0,0,0,0,2,2,3
,2017_18612,39.740042,-104.998686,5/23/2017 4:30,4:30,3,0,0,SPEER BOULEVARD SOUTHBOUND & COLFAX AVENUE WEST,1,2,0,0,1,1,0,,30,0,0,0,0,0,2,2,14
,2017_18613,39.740042,-104.998686,6/8/2017 21:48,21:48,3,0,0,COLFAX AVENUE WEST & SPEER BOULEVARD SOUTHBOUND,1,2,0,0,1,1,0,,35,0,0,0,0,1,2,3,13
,2017_18614,39.740042,-104.998686,6/24/2017 6:30,6:30,3,0,1,SPEER BOULEVARD SOUTHBOUND & COLFAX AVENUE WEST,1,1,0,0,1,1,0,,35,0,0,0,0,2,2,2,4
,2017_18615,39.740042,-104.998686,6/30/2017 17:25,17:25,15,0,0,900 BLOCK WEST COLFAX AVENUE & SPEER BOULEVARD NORTH,1,1,0,0,1,4,0,,35,0,0,0,0,0,2,2,13
,2017_18616,39.740042,-104.998686,7/9/2017 14:10,14:10,3,0,0,COLFAX AVENUE WEST & SPEER BOULEVARD ROAD SOUTHBOUND,1,1,0,0,1,1,0,,35,0,0,0,0,1,2,2,8
,2017_18617,39.740042,-104.998686,11/3/2017 17:04,17:04,12,0,0,SPEER BOULEVARD NORTH & COLFAX AVENUE EAST,1,1,0,0,1,3,0,,30,0,0,0,0,0,2,2,8
,2017_18618,39.740042,-104.998686,11/18/2017 0:25,0:25,3,0,1,COLFAX AVENUE WEST & SPEER BOULEVARD NORTH  ROAD SOUTH,1,3,0,0,1,1,0,,,0,0,0,0,2,2,2,14
,2017_18619,39.740042,-104.998686,12/11/2017 8:32,8:32,10,0,0,SPEER BOULEVARD SOUTHBOUND & COLFAX AVENUE WEST,1,1,0,0,1,1,0,,25,0,0,0,0,0,2,2,14
,2017_18620,39.740042,-104.998686,12/12/2017 8:23,8:23,15,0,0,COLFAX AVENUE WEST & SPEER BOULEVARD NORTH,1,1,0,0,1,1,0,,25,0,0,0,0,0,2,2,14
,2017_18621,39.740042,-104.998686,12/21/2017 6:39,6:39,12,0,0,COLFAX AVENUE WEST & SPEER BOULEVARD NORTH,10,1,0,2,1,1,0,,35,0,0,0,0,0,2,2,13
,2017_18622,39.740038,-104.997854,1/8/2017 21:45,21:45,15,0,0,SPEER BOULEVARD NORTH & COLFAX AVENUE WEST,2,3,0,0,1,1,0,,35,0,0,0,0,0,2,2,7
,2017_18623,39.740038,-104.997854,2/22/2017 8:23,8:23,10,0,0,COLFAX AVENUE WEST & SPEER BOULEVARD NORTH,1,2,0,0,1,1,0,,35,0,0,0,0,0,2,2,1
,2017_18624,39.740038,-104.997854,2/22/2017 20:20,20:20,3,0,0,COLFAX AVENUE WEST & SPEER BOULEVARD NORTH,1,3,0,0,1,1,0,,30,0,0,0,0,0,2,2,13
,2017_18625,39.740038,-104.997854,3/11/2017 7:10,7:10,3,0,0,SPEER BOULEVARD NORTHBOUND & COLFAX AVENUE WEST,2,1,0,1,1,1,0,,30,0,0,0,0,0,2,2,13
,2017_18626,39.740038,-104.997854,5/6/2017 2:50,2:50,3,0,0,COLFAX AVENUE WEST & SPEER BOULEVARD NORTH,1,3,0,0,1,1,0,,35,0,0,0,0,0,2,2,3
,2017_18627,39.740038,-104.997854,5/24/2017 18:00,18:00,12,0,0,SPEER BOULEVARD NORTHBOUND & COLFAX AVENUE WEST,1,1,1,0,1,1,0,,,0,0,0,0,0,2,2,13
,2017_18628,39.74002,-104.981291,6/3/2017 13:52,13:52,5,0,0,COLFAX AVENUE & PENNSYLVANIA STREET NORTH,1,1,0,0,1,4,0,,,0,0,0,0,0,2,2,13
,2017_18629,39.740038,-104.997854,6/24/2017 2:49,2:49,3,0,2,COLFAX AVENUE WEST & SPEER BOULEVARD NORTH,1,3,0,0,1,1,0,,30,0,0,0,0,2,2,2,5
,2017_18630,39.740038,-104.997854,7/17/2017 5:36,5:36,3,0,0,COLFAX AVENUE WEST & SPEER BOULEVARD NORTH NORTHBOUND,1,1,0,0,1,1,0,,45,0,0,0,0,1,2,2,13
,2017_18631,39.740038,-104.997854,7/30/2017 22:20,22:20,15,0,0,SPEER BOULEVARD NORTHBOUND  & COLFAX AVENUE WEST,1,3,0,0,1,3,0,,,0,0,0,0,0,2,2,3
,2017_18632,39.740038,-104.997854,8/21/2017 15:41,15:41,15,0,0,SPEER BOULEVARD NORTH & COLFAX AVENUE WEST,1,1,0,0,1,1,0,,35,0,0,0,0,0,2,2,13
,2017_18633,39.740038,-104.997854,9/20/2017 12:45,12:45,3,0,0,COLFAX AVENUE WEST & SPEER BOULEVARD NORTH,1,1,0,0,1,1,0,,35,0,0,0,0,0,2,2,13
,2017_18634,39.740038,-104.997854,12/4/2017 12:50,12:50,10,0,0,SPEER BOULEVARD NORTHBOUND  & COLFAX AVENUE WEST,1,1,0,0,1,1,0,,35,0,0,0,0,0,2,2,8
,2017_18635,39.740034,-104.997022,7/27/2017 10:45,10:45,15,0,0,COLFAX AVENUE 700 BLOCK WEST & WELTON STREET,1,1,0,0,1,3,1,,30,0,0,0,0,0,2,2,1
,2017_18636,39.740031,-104.996607,5/8/2017 9:55,9:55,15,0,0,COLFAX AVENUE WEST & WELTON STREET,1,1,0,0,1,1,0,,30,0,0,0,0,0,2,2,14
,2017_18637,39.740031,-104.996607,9/7/2017 15:05,15:05,10,0,0,COLFAX AVENUE WEST & GALAPAGO STREET NORTH,1,1,0,0,1,1,0,,30,0,0,0,0,0,2,2,14
,2017_18638,39.740149,-104.946543,10/22/2017 2:30,2:30,6,0,0,COLFAX AVENUE 3500 BLOCK EAST & MADISON STREET NORTH,1,3,0,0,1,4,0,,30,0,0,0,0,0,2,2,13
,2017_18639,39.74003,-104.996398,2/8/2017 9:15,9:15,12,0,0,COLFAX AVENUE WEST & GLENARM PLACE,2,1,3,0,1,3,0,,30,0,0,0,0,0,2,2,13
,2017_18640,39.740018,-104.981104,5/12/2017 6:31,6:31,6,0,0,COLFAX AVENUE EAST & PEARL STREET NORTH,1,1,0,0,1,4,0,,30,0,0,0,0,0,2,3,14
,2017_18641,39.74003,-104.996398,7/16/2017 18:56,18:56,10,0,0,COLFAX AVENUE WEST & 12TH STREET,1,1,0,0,1,1,0,,30,0,0,0,0,0,2,2,13