id,drcog_id,latitude,longitude,crashtime,time,crashtype,numbkilled,numbinjurd,drcoglocat,rdconditin,lightngcon,roadcntgrd,weatherco,location,roaddescrp,constrzone,schoolzone,splimit,bikeinv,pedinv,sctrinv,motoinv,svrty,rdsystem,ttlvehcls,hcf
,2017_18642,39.74003,-104.996398,8/6/2017 2:53,2:53,1,0,0,COLFAX AVENUE WEST & GLENARM PLACE,1,3,0,0,1,1,0,,30,0,0,0,0,0,2,2,13
,2017_18643,39.74003,-104.996398,8/10/2017 15:53,15:53,12,0,0,COLFAX AVENUE WEST & GLENARM PLACE,1,1,0,0,1,1,0,,35,0,0,0,0,0,2,2,13
,2017_18644,39.74003,-104.996398,8/27/2017 0:37,0:37,12,0,0,COLFAX AVENUE WEST & FOX STREET NORTH 600 BLOCK,1,3,1,0,1,3,0,,,0,0,0,0,0,2,2,13
,2017_18645,39.74003,-104.996398,9/16/2017 16:48,16:48,15,0,0,COLFAX AVENUE WEST & GLENARM PLACE,1,1,0,0,1,1,0,,30,0,0,0,0,0,2,2,13
,2017_18646,39.740301,-104.98832,12/23/2017 1:10,1:10,5,0,0,COLFAX AVENUE WEST & CHEYENNE PLACE,1,3,0,0,3,3,0,,30,0,0,0,0,0,2,1,5
,2017_18647,39.74003,-104.996398,10/6/2017 14:50,14:50,12,0,0,COLFAX AVENUE WEST & FOX STREET NORTH,1,1,0,6,1,3,0,,30,0,0,0,0,1,2,2,14
,2017_18648,39.74003,-104.996398,11/9/2017 8:09,8:09,12,0,0,COLFAX AVENUE WEST & 12TH STREET,1,1,0,0,1,3,0,,30,0,0,0,0,1,2,3,13
,2017_18649,39.773999,-104.846793,1/6/2017 7:35,7:35,5,0,0,I70 & KIPLING STREET,5,1,0,0,2,1,0,,65,0,0,0,0,0,1,1,14
,2017_18651,39.740028,-104.995983,6/29/2017 17:16,17:16,12,0,0,COLFAX AVENUE WEST & FOX STREET NORTH,1,1,0,0,1,4,0,,30,0,0,0,0,1,2,2,13
,2017_18652,39.740019,-104.994112,5/18/2017 19:09,19:09,12,0,0,COLFAX AVENUE WEST & TREMONT PLACE,4,1,1,2,1,1,0,,30,0,0,0,0,0,2,2,13
,2017_18653,39.740019,-104.994112,6/19/2017 1:55,1:55,5,0,0,TREMONT PLACE & COLFAX AVENUE WEST APPROXIMATELY,1,3,1,0,3,3,0,,30,0,0,0,0,0,2,1,14
,2017_18654,39.740019,-104.994112,12/23/2017 9:29,9:29,5,0,1,COLFAX AVENUE WEST & TREMONT PLACE,1,1,0,0,3,4,0,,30,0,0,0,0,2,2,1,14
,2017_18655,39.740007,-104.991824,1/17/2017 18:41,18:41,15,0,0,COLFAX AVENUE 300 BLOCK WEST & CHEROKEE STREET NORTH,2,3,0,0,1,4,0,,30,0,0,0,0,1,2,2,13
,2017_18656,39.740007,-104.991824,2/9/2017 14:35,14:35,6,0,0,COURT PLACE 1300 BLOCK & COLFAX AVENUE WEST,1,1,0,0,1,4,0,,30,0,0,0,0,0,2,2,1
,2017_18657,39.740007,-104.991824,7/1/2017 19:04,19:04,12,0,0,COLFAX AVENUE WEST & 14TH STREET,1,1,0,0,1,1,0,,30,0,0,0,0,0,2,2,7
,2017_18658,39.740007,-104.991824,7/6/2017 20:10,20:10,15,0,0,14TH STREET & COLFAX AVENUE WEST,1,2,0,1,1,1,0,,30,0,0,0,0,0,2,2,14
,2017_18659,39.740007,-104.991824,11/7/2017 15:20,15:20,10,0,0,14TH STREET & COLFAX AVENUE WEST,2,1,0,0,1,1,0,,25,0,0,0,0,0,2,2,8
,2017_18660,39.740007,-104.991824,12/4/2017 11:46,11:46,3,0,0,COLFAX AVENUE WEST & CHEROKEE STREET NORTH,1,1,0,0,1,1,0,,30,0,0,0,0,0,2,2,8
,2017_18661,39.740006,-104.991617,12/4/2017 9:42,9:42,12,0,0,COLFAX AVENUE 200 BLOCK WEST & CHEROKEE STREET NORTH,1,1,0,0,1,4,0,,30,0,0,0,0,0,2,2,13
,2017_18662,39.740005,-104.991409,7/17/2017 11:50,11:50,6,0,0,COLFAX AVENUE 200 BLOCK WEST & COURT PLACE,1,1,0,0,1,4,0,,,0,0,0,0,0,2,2,13
,2017_18663,39.739999,-104.990369,1/6/2017 23:51,23:51,5,0,0,COLFAX AVENUE WEST & BANNOCK STREET NORTH,5,3,0,2,3,4,0,,30,0,0,0,0,0,2,1,13
,2017_18664,39.739999,-104.990369,2/7/2017 21:30,21:30,12,0,0,COLFAX AVENUE WEST & 14TH STREET,1,3,0,0,1,1,0,,35,0,0,0,0,0,2,2,13
,2017_18665,39.739999,-104.990369,2/14/2017 16:03,16:03,12,0,0,COLFAX AVENUE WEST & BANNOCK STREET,1,1,1,0,1,1,0,,25,0,0,0,0,0,2,2,13
,2017_18666,39.739999,-104.990369,4/11/2017 15:00,15:00,12,0,0,COLFAX AVENUE 100 BLOCK WEST & BANNOCK STREET NORTH,1,1,0,0,1,3,0,,25,0,0,0,0,0,2,2,3
,2017_18667,39.739999,-104.990369,5/12/2017 11:10,11:10,12,0,0,COLFAX AVENUE WEST & 14TH STREET,1,1,0,0,1,1,0,,25,0,0,0,0,0,2,2,7
,2017_18668,39.739999,-104.990369,5/13/2017 2:51,2:51,5,0,1,COLFAX AVENUE WEST & BANNOCK STREET NORTH,1,3,0,0,2,1,0,,30,0,0,0,0,2,2,1,5
,2017_18669,39.739999,-104.990369,6/11/2017 18:40,18:40,15,0,0,BANNOCK STREET NORTH & COLFAX AVENUE EAST,1,1,0,0,1,1,0,,25,0,0,0,0,0,2,2,13
,2017_18670,39.739999,-104.990369,8/7/2017 13:30,13:30,12,0,0,COLFAX AVENUE & BANNOCK STREET NORTH,2,1,0,1,1,4,0,,30,0,0,0,0,0,2,2,13
,2017_18671,39.739999,-104.990369,10/30/2017 17:34,17:34,10,0,0,COLFAX AVENUE WEST & BANNOCK STREET,1,2,0,0,1,1,0,,30,0,0,0,0,0,2,2,13
,2017_18672,39.739999,-104.990369,11/8/2017 17:46,17:46,10,0,0,COLFAX AVENUE WEST & 14TH STREET / BANNOCK STREET NORTH,1,1,1,0,1,1,0,,30,0,0,0,0,0,2,2,7
,2017_18673,39.740361,-105.051191,6/2/2017 16:50,16:50,15,0,0,COLFAX AVENUE WEST & YATES STREET NORTH,1,1,0,0,1,4,0,,35,0,0,0,0,0,2,2,13
,2017_18674,39.739999,-104.990369,12/12/2017 14:54,14:54,10,0,0,14TH STREET / BANNOCK STREET & COLFAX AVENUE WEST,1,1,0,0,1,1,0,,25,0,0,0,0,0,2,2,7
,2017_18675,39.739999,-104.990369,12/18/2017 20:47,20:47,12,0,0,COLFAX AVENUE WEST & BANNOCK STREET NORTH,1,3,0,0,1,1,0,,35,0,0,0,0,0,2,2,5
,2017_18677,39.739998,-104.990186,11/9/2017 10:37,10:37,12,0,0,COLFAX AVENUE & BANNOCK STREET NORTH,1,1,0,0,1,4,0,,30,0,0,0,0,0,2,2,13
,2017_18678,39.740011,-104.989963,10/21/2017 2:14,2:14,5,0,0,COLFAX AVENUE WEST & BANNOCK STREET NORTH,1,3,0,0,3,1,0,,,0,0,0,0,0,2,1,1
,2017_18679,39.740005,-104.987167,8/4/2017 10:08,10:08,10,0,0,COLFAX AVENUE & BROADWAY NORTH,1,1,0,0,1,1,0,,30,0,0,0,0,0,2,2,8
,2017_18680,39.740005,-104.987167,8/13/2017 0:08,0:08,1,0,0,COLFAX AVENUE EAST & BROADWAY STREET NORTH,1,3,0,0,1,1,0,,30,0,0,0,0,0,2,2,1
,2017_18681,39.740005,-104.987167,9/19/2017 17:15,17:15,12,0,0,COLFAX AVENUE EAST & BROADWAY STREET NORTH,1,2,0,0,1,4,0,,,0,0,0,0,0,2,2,13
,2017_18682,39.740005,-104.987167,10/4/2017 0:09,0:09,3,0,0,COLFAX AVENUE EAST & BROADWAY STREET NORTH,1,3,0,0,1,1,0,,40,0,0,0,0,0,2,2,13
,2017_18683,39.740049,-104.986167,1/25/2017 15:10,15:10,3,0,0,COLFAX AVENUE EAST & LINCOLN STREET NORTH,1,1,0,0,1,1,0,,60,0,0,0,0,0,2,2,13
,2017_18684,39.740034,-104.982978,4/20/2017 20:44,20:44,15,0,0,COLFAX AVENUE 300 BLOCK EAST & LOGAN STREET NORTH,2,3,0,0,1,4,0,,30,0,0,0,0,0,2,2,14
,2017_18685,39.740049,-104.986167,5/20/2017 12:21,12:21,12,0,0,COLFAX AVENUE EAST & LINCOLN STREET NORTH,1,1,0,0,1,1,0,,35,0,0,0,0,0,2,2,14
,2017_18686,39.740049,-104.986167,5/25/2017 10:10,10:10,1,0,0,COLFAX AVENUE EAST & LINCOLN STREET NORTH,1,1,0,0,1,1,0,,30,0,0,0,0,0,2,2,3
,2017_18687,39.739981,-104.962522,12/20/2017 17:25,17:25,6,0,0,COLFAX AVENUE EAST & VINE STREET NORTH,1,3,0,0,1,4,0,,30,0,0,0,0,0,2,3,8
,2017_18688,39.740009,-104.968553,11/15/2017 9:16,9:16,3,0,0,COLFAX AVENUE EAST & FRANKLIN STREET NORTH,1,1,0,0,1,1,0,,30,0,0,0,0,0,2,2,13
,2017_18689,39.740049,-104.986167,5/30/2017 9:01,9:01,15,0,0,LINCOLN STREET NORTH & COLFAX AVENUE EAST,1,1,0,0,1,4,0,,30,0,0,0,0,0,2,2,13
,2017_18690,39.740049,-104.986167,6/10/2017 15:05,15:05,1,0,0,COLFAX AVENUE EAST & LINCOLN STREET NORTH,1,1,0,0,1,1,0,,35,0,0,0,0,0,2,2,13
,2017_18691,39.740049,-104.986167,8/8/2017 18:53,18:53,15,0,0,LINCOLN STREET 1500 BLOCK NORTH & COLFAX AVENUE EAST APPROXIMATELY,1,2,0,0,1,1,0,,35,0,0,0,0,0,2,2,14
,2017_18692,39.740049,-104.986167,10/17/2017 16:04,16:04,12,0,0,LINCOLN STREET NORTH & COLFAX AVENUE EAST,1,1,0,0,1,1,0,,30,0,0,0,0,1,2,2,8
,2017_18693,39.740049,-104.986167,10/28/2017 6:35,6:35,3,0,0,COLFAX AVENUE EAST & LINCOLN STREET NORTH,1,5,0,0,1,1,0,,20,0,0,0,0,1,2,2,13
,2017_18694,39.740049,-104.986167,12/17/2017 17:05,17:05,1,0,0,COLFAX AVENUE EAST & LINCOLN STREET NORTH,1,2,0,0,1,1,0,,35,0,0,0,0,1,2,2,14
,2017_18695,39.74034,-105.034599,1/11/2017 15:03,15:03,3,0,0,LOWELL BOULEVARD NORTH & COLFAX AVENUE WEST,1,1,1,0,1,1,0,,25,0,0,0,0,0,2,2,13
,2017_18696,39.74006,-104.985978,9/26/2017 17:03,17:03,12,0,0,COLFAX AVENUE 100 BLOCK EAST & LINCOLN STREET NORTH,1,1,1,0,1,4,0,,45,0,0,0,0,1,2,2,14
,2017_18697,39.74006,-104.985978,10/2/2017 7:02,7:02,12,0,0,COLFAX AVENUE EAST & LINCOLN STREET NORTH,2,2,1,1,1,3,0,,30,0,0,0,0,0,2,2,13
,2017_18698,39.740054,-104.985228,2/3/2017 13:20,13:20,15,0,0,COLFAX AVENUE & 100 BLOCK EAST,1,1,0,0,1,4,0,,30,0,0,0,0,0,2,2,13
,2017_18699,39.740054,-104.985228,4/5/2017 8:05,8:05,12,0,0,COLFAX AVENUE EAST & COLFAX AVENUE 100 BLOCK EAST,1,1,1,0,1,3,0,,30,0,0,0,0,0,2,2,13
,2017_18700,39.740054,-104.985228,4/26/2017 13:40,13:40,6,0,0,COLFAX AVENUE EAST & COLFAX AVENUE 200 BLOCK EAST,1,1,0,0,1,4,0,,30,0,0,0,0,0,2,2,1
,2017_18701,39.74005,-104.984853,5/22/2017 13:47,13:47,1,0,0,COLFAX AVENUE EAST & SHERMAN STREET SOUTH,1,1,1,0,1,1,0,,30,0,0,0,0,0,2,2,1
,2017_18702,39.74005,-104.984853,8/12/2017 18:32,18:32,3,0,0,COLFAX AVENUE EAST & SHERMAN STREET NORTH,1,1,0,0,1,1,0,,35,0,0,0,0,0,2,2,14
,2017_18703,39.74005,-104.984853,10/24/2017 16:07,16:07,1,0,0,COLFAX AVENUE EAST & SHERMAN STREET NORTH,1,1,0,0,1,1,0,,30,0,0,0,0,1,2,2,1
,2017_18704,39.74005,-104.984853,10/30/2017 11:35,11:35,1,0,0,COLFAX AVENUE EAST & SHERMAN STREET NORTH,1,1,0,0,1,1,0,,30,0,0,0,0,0,2,2,13
,2017_18705,39.74005,-104.984853,11/5/2017 15:43,15:43,10,0,0,COLFAX AVENUE EAST & SHERMAN STREET NORTH,1,1,1,0,1,1,0,,35,0,0,0,0,1,2,2,14
,2017_18706,39.739974,-104.961014,11/29/2017 18:06,18:06,12,0,0,COLFAX AVENUE EAST & GAYLORD STREET NORTH,1,3,1,0,1,4,0,,,0,0,0,0,0,2,2,13
,2017_18707,39.74005,-104.984853,12/4/2017 7:50,7:50,1,0,0,COLFAX AVENUE EAST & SHERMAN STREET NORTH,1,1,0,0,1,1,0,,30,0,0,0,0,0,2,2,13
,2017_18708,39.740084,-104.905979,9/20/2017 18:50,18:50,6,0,0,COLFAX AVENUE EAST & PONTIAC STREET NORTH,1,1,0,0,1,4,0,,35,0,0,0,0,0,2,2,13
,2017_18709,39.740046,-104.984291,6/28/2017 14:06,14:06,15,0,0,COLFAX AVENUE EAST & GRANT STREET NORTH,1,1,3,0,1,4,0,,35,0,0,0,0,0,2,2,1
,2017_18710,39.740041,-104.983728,3/4/2017 14:50,14:50,1,0,0,COLFAX AVENUE EAST & GRANT STREET NORTH,1,1,0,0,1,1,0,,30,0,0,0,0,0,2,2,7
,2017_18711,39.740163,-104.950683,10/23/2017 17:29,17:29,12,0,0,COLFAX AVENUE EAST & SAINT PAUL STREET NORTH ROAD SOUTH,1,1,0,0,1,3,0,,,0,0,0,0,0,2,3,13
,2017_18712,39.740041,-104.983728,3/12/2017 22:09,22:09,15,0,0,GRANT STREET NORTH & COLFAX AVENUE EAST,1,3,0,0,1,1,0,,30,0,0,0,0,0,2,2,12
,2017_18713,39.740041,-104.983728,3/27/2017 8:10,8:10,3,0,0,GRANT STREET NORTH & COLFAX AVENUE EAST,1,1,0,0,1,1,0,,30,0,0,0,0,0,2,2,13
,2017_18714,39.740041,-104.983728,3/31/2017 17:51,17:51,15,0,0,LOGAN STREET NORTH & COLFAX AVENUE EAST APPROXIMATELY,2,1,0,1,1,3,0,,30,0,0,0,0,0,2,2,13
,2017_18715,39.740041,-104.983728,7/27/2017 16:05,16:05,12,0,0,COLFAX AVENUE EAST & GRANT STREET NORTH,1,1,0,0,1,3,0,,30,0,0,0,0,1,2,3,8
,2017_18716,39.740041,-104.983728,8/12/2017 10:25,10:25,15,0,0,COLFAX AVENUE EAST & GRANT STREET NORTH,1,1,0,0,1,1,0,,30,0,0,0,0,0,2,2,13
,2017_18717,39.740041,-104.983728,9/22/2017 15:55,15:55,12,0,0,GRANT STREET 1500 BLOCK NORTH & COLFAX AVENUE EAST,1,1,0,0,1,4,0,,30,0,0,0,0,1,2,2,13
,2017_18718,39.740041,-104.983728,10/7/2017 22:35,22:35,15,0,0,COLFAX AVENUE EAST & GRANT STREET NORTH,1,3,0,0,1,1,0,,30,0,0,0,0,0,2,2,14
,2017_18719,39.740041,-104.983728,10/13/2017 16:56,16:56,12,0,0,COLFAX AVENUE EAST & GRANT STREET NORTH,1,1,0,0,1,3,0,,30,0,0,0,0,0,2,2,14
,2017_18720,39.740007,-104.973426,1/5/2017 3:46,3:46,5,0,0,COLFAX AVENUE EAST & DOWNING STREET NORTH,4,3,0,2,2,3,0,,60,0,0,0,0,0,2,1,13
,2017_18721,39.740041,-104.983728,10/19/2017 9:45,9:45,15,0,0,COLFAX AVENUE EAST & GRANT STREET NORTH,1,1,0,0,1,1,0,,30,0,0,0,0,0,2,3,13
,2017_18722,39.740039,-104.983541,5/3/2017 10:20,10:20,15,0,0,COLFAX AVENUE EAST & GRANT STREET NORTH,2,1,0,1,1,3,0,,35,0,0,0,0,0,2,2,13
,2017_18723,39.740033,-104.982791,7/4/2017 12:50,12:50,12,0,0,YOUNGFIELD STREET & HIGHWAY 40,1,1,1,0,1,3,0,,25,0,0,0,0,0,2,2,13
,2017_18724,39.740031,-104.982603,3/9/2017 16:50,16:50,15,0,0,COLFAX AVENUE 400 BLOCK EAST & LOGAN STREET NORTH,1,1,0,0,1,4,0,,35,0,0,0,0,0,2,2,13
,2017_18725,39.740028,-104.982228,6/12/2017 0:20,0:20,3,0,0,LOGAN STREET NORTH & COLFAX AVENUE EAST,1,3,0,0,1,1,0,,,0,0,0,0,0,2,2,13
,2017_18726,39.740028,-104.982228,6/27/2017 16:25,16:25,3,0,0,COLFAX AVENUE EAST & LOGAN STREET NORTH,1,1,0,0,1,1,0,,35,0,0,0,0,0,2,2,3
,2017_18727,39.740028,-104.982228,8/25/2017 7:25,7:25,6,0,0,COLFAX AVENUE 400 BLOCK EAST & LOGAN STREET NORTH,1,1,0,0,1,4,1,,35,0,0,0,0,0,2,2,13
,2017_18728,39.740028,-104.982228,12/16/2017 21:16,21:16,14,0,0,COLFAX AVENUE & LOGAN STREET NORTH,1,3,0,0,1,4,0,,30,0,0,0,0,1,2,2,2
,2017_18729,39.740023,-104.981666,2/12/2017 1:50,1:50,6,0,0,COLFAX AVENUE EAST 400 BLOCK & LOGAN STREET NORTH,1,3,0,0,1,4,0,,30,0,0,0,0,0,2,4,14
,2017_18730,39.740018,-104.981104,1/12/2017 17:30,17:30,10,0,0,COLFAX AVENUE & PENNSYLVANIA STREET NORTH,4,3,0,4,1,3,0,,40,0,0,0,0,0,2,2,1
,2017_18731,39.740018,-104.981104,2/26/2017 9:15,9:15,12,0,0,COLFAX AVENUE EAST & PENNSYLVANIA STREET NORTH,1,1,0,0,1,1,0,,30,0,0,0,0,0,2,2,14
,2017_18732,39.740018,-104.981104,3/2/2017 12:40,12:40,15,0,0,COLFAX AVENUE 500 BLOCK EAST & PENNSYLVANIA STREET NORTH,1,1,0,0,1,4,0,,30,0,0,0,0,0,2,2,13
,2017_18733,39.740018,-104.981104,6/17/2017 23:00,23:00,12,0,0,COLFAX AVENUE EAST & PENNSYLVANIA STREET NORTH,1,3,0,0,1,1,0,,30,0,0,0,0,0,2,2,5
,2017_18734,39.740018,-104.981104,12/10/2017 0:30,0:30,12,0,0,COLFAX AVENUE EAST & PENNSYLVANIA STREET NORTH,1,3,0,0,1,4,0,,30,0,0,0,0,0,2,2,13
,2017_18735,39.740017,-104.980916,10/6/2017 11:35,11:35,15,0,0,COLFAX AVENUE & PENNSYLVANIA STREET,1,1,0,0,1,4,0,,30,0,0,0,0,0,2,2,13
,2017_18736,39.740015,-104.980729,12/2/2017 12:30,12:30,15,0,0,COLFAX AVENUE 500 BLOCK EAST & PEARL STREET NORTH,1,1,0,0,1,4,0,,30,0,0,0,0,0,2,2,2
,2017_18737,39.740014,-104.980541,9/11/2017 12:54,12:54,15,0,0,COLFAX AVENUE 500 BLOCK EAST & PENNSYLVANIA STREET NORTH,1,1,0,0,1,4,0,,30,0,0,0,0,0,2,2,13
,2017_18738,39.740012,-104.980354,4/21/2017 11:08,11:08,6,0,0,COLFAX AVENUE EAST & WASHINGTON STREET NORTH,1,1,1,0,1,4,0,,35,0,0,0,0,0,2,2,7
,2017_18739,39.740012,-104.980354,5/4/2017 12:12,12:12,6,0,0,COLFAX AVENUE EAST & PENNSYLVANIA STREET,1,1,0,0,1,5,0,,30,0,0,0,0,0,2,2,13
,2017_18740,39.740007,-104.979792,10/25/2017 9:15,9:15,15,0,0,COLFAX AVENUE EAST & PEARL STREET NORTH,1,1,0,0,1,4,0,,30,0,0,0,0,0,2,2,2
,2017_18741,39.739998,-104.978667,6/28/2017 11:33,11:33,3,0,0,COLFAX AVENUE EAST & WASHINGTON STREET NORTH,1,1,0,0,1,1,0,,30,0,0,0,0,1,2,2,8
,2017_18742,39.74,-104.977544,1/15/2017 21:00,21:00,6,0,0,CLARKSON STREET 1400 BLOCK NORTH & COLFAX AVENUE EAST,2,2,0,2,1,4,0,,30,0,0,0,0,0,2,2,13
,2017_18743,39.74,-104.977544,3/25/2017 2:32,2:32,12,0,0,COLFAX AVENUE EAST & CLARKSON STREET NORTH,1,3,0,0,1,1,0,,30,0,0,0,0,0,2,2,5
,2017_18744,39.74,-104.977544,8/10/2017 14:30,14:30,3,0,0,CLARKSON STREET ROAD SOUTH & COLFAX AVENUE,1,1,0,0,1,3,0,,10,0,0,0,0,0,2,2,13
,2017_18745,39.74,-104.977544,8/22/2017 22:30,22:30,6,0,0,COLFAX AVENUE EAST & CLARKSON STREET NORTH 1400 BLOCK,1,3,0,0,1,4,0,,30,0,0,0,0,0,2,2,13
,2017_18746,39.74,-104.977544,10/20/2017 19:20,19:20,1,0,0,COLFAX AVENUE EAST & CLARKSON STREET NORTH,1,3,0,0,1,3,0,,30,0,0,0,0,0,2,2,5
,2017_18747,39.740002,-104.976421,7/8/2017 22:00,22:00,12,0,0,COLFAX AVENUE & EMERSON STREET NORTH ROAD SOUTH,1,3,0,0,1,3,0,,65,0,0,0,0,0,2,2,13
,2017_18748,39.740002,-104.976421,9/13/2017 9:30,9:30,12,0,0,EMERSON STREET ROAD SOUTH & COLFAX AVENUE EAST,1,1,0,0,1,4,0,,25,0,0,0,0,0,2,2,14
,2017_18749,39.740002,-104.976421,9/15/2017 18:00,18:00,3,0,0,COLFAX AVENUE EAST & EMERSON STREET NORTH ROAD SOUTH,1,1,0,0,1,2,0,,25,0,0,0,0,0,2,2,7
,2017_18750,39.740002,-104.976421,11/15/2017 19:55,19:55,6,0,0,EMERSON STREET 1500 BLOCK NORTH & COLFAX AVENUE EAST,1,3,0,0,1,4,0,,25,0,0,0,0,0,2,2,7
,2017_18751,39.740002,-104.976421,11/28/2017 13:47,13:47,12,0,0,COLFAX AVENUE EAST & EMERSON STREET NORTH,1,1,0,0,1,1,0,,35,0,0,0,0,0,2,2,13
,2017_18752,39.740003,-104.976047,4/18/2017 14:27,14:27,12,0,0,COLFAX AVENUE & EMERSON STREET NORTH,1,1,0,0,1,4,0,,30,0,0,0,0,0,2,3,3
,2017_18753,39.740003,-104.976047,10/5/2017 10:47,10:47,12,0,0,COLFAX AVENUE EAST & EMERSON STREET NORTH ROAD NORTH,1,1,0,0,1,4,0,,30,0,0,0,0,0,2,2,13
,2017_18754,39.740003,-104.976047,10/26/2017 20:30,20:30,15,0,0,COLFAX AVENUE EAST & EMERSON STREET NORTH,2,3,0,2,1,4,0,,30,0,0,0,0,0,2,2,8
,2017_18755,39.740004,-104.975298,2/28/2017 10:41,10:41,12,0,0,COLFAX AVENUE 1000 BLOCK EAST & OGDEN STREET NORTH,1,1,0,0,1,4,0,,35,0,0,0,0,0,2,2,7
,2017_18756,39.740004,-104.975298,9/26/2017 15:20,15:20,6,0,0,COLFAX AVENUE 900 BLOCK EAST & OGDEN STREET NORTH,1,1,0,0,1,4,0,,35,0,0,0,0,0,2,2,4
,2017_18757,39.740004,-104.975298,10/9/2017 16:48,16:48,12,0,0,COLFAX AVENUE EAST & OGDEN STREET NORTH,2,1,0,2,1,4,0,,,0,0,0,0,0,2,2,13
,2017_18758,39.740006,-104.973988,1/7/2017 21:00,21:00,15,0,0,OGDEN STREET NORTH & COLFAX AVENUE EAST,4,3,0,0,1,2,0,,25,0,0,0,0,0,2,2,1
,2017_18759,39.740006,-104.973988,3/31/2017 22:00,22:00,12,0,0,COLFAX AVENUE EAST & CORONA STREET NORTH,2,3,0,1,1,1,0,,,0,0,0,0,0,2,2,3
,2017_18760,39.740006,-104.973988,4/24/2017 9:30,9:30,15,0,0,DOWNING STREET NORTH ROAD SOUTH & COLFAX AVENUE EAST,1,1,0,0,1,1,0,,30,0,0,0,0,0,2,2,13
,2017_18761,39.740007,-104.973426,1/18/2017 17:45,17:45,12,0,0,COLFAX AVENUE EAST & DOWNING STREET NORTH,1,3,0,0,1,1,0,,25,0,0,0,0,0,2,2,13
,2017_18762,39.740007,-104.973426,1/22/2017 11:15,11:15,3,0,0,COLFAX AVENUE & MARION STREET ROAD SOUTH,1,1,0,0,1,2,0,,30,0,0,0,0,0,2,3,7
,2017_18763,39.740007,-104.973426,2/17/2017 4:30,4:30,10,0,0,DOWNING STREET NORTH & COLFAX AVENUE EAST,1,3,0,0,1,1,0,,25,0,0,0,0,0,2,2,13
,2017_18764,39.740007,-104.973426,3/7/2017 8:30,8:30,10,0,0,COLFAX AVENUE EAST & DOWNING STREET NORTH,1,1,0,0,1,1,0,,25,0,0,0,0,0,2,2,8
,2017_18765,39.740007,-104.973426,3/15/2017 11:14,11:14,10,0,0,COLFAX AVENUE EAST & DOWNING STREET NORTH,1,1,1,0,1,1,0,,30,0,0,0,0,0,2,2,14
,2017_18766,39.740007,-104.973426,3/24/2017 18:10,18:10,15,0,0,COLFAX AVENUE EAST & DOWNING STREET NORTH,1,2,0,0,1,1,0,,25,0,0,0,0,0,2,2,13
,2017_18767,39.740007,-104.973426,4/29/2017 10:25,10:25,15,0,0,COLFAX AVENUE EAST & DOWNING STREET NORTH,2,1,0,2,1,1,0,,25,0,0,0,0,0,2,2,8
,2017_18768,39.740007,-104.973426,5/22/2017 12:22,12:22,15,0,0,COLFAX AVENUE EAST & DOWNING STREET NORTH,1,1,0,0,1,1,0,,30,0,0,0,0,0,2,2,8
,2017_18769,39.740007,-104.973426,6/15/2017 9:12,9:12,12,0,0,COLFAX AVENUE 1100 BLOCK EAST & DOWNING STREET NORTH,1,1,0,0,1,4,0,,30,0,0,0,0,0,2,2,14
,2017_18770,39.740007,-104.973426,6/24/2017 11:56,11:56,10,0,0,DOWNING STREET NORTH ROAD NORTH & COLFAX AVENUE EAST,1,1,0,0,1,1,0,,30,0,0,0,0,0,2,2,8
,2017_18771,39.740007,-104.973426,6/29/2017 7:48,7:48,15,0,0,DOWNING STREET NORTH & COLFAX AVENUE EAST,1,1,0,0,1,1,0,,30,0,0,0,0,0,2,2,13
,2017_18772,39.740007,-104.973426,7/21/2017 20:35,20:35,10,0,0,COLFAX AVENUE EAST & DOWNING STREET NORTH,1,3,0,0,1,1,0,,30,0,0,0,0,0,2,2,8
,2017_18773,39.740007,-104.973426,8/12/2017 17:30,17:30,3,0,0,COLFAX AVENUE EAST & DOWNING STREET NORTH,1,1,0,0,1,1,0,,35,0,0,0,0,0,2,2,13
,2017_18775,39.740007,-104.973426,9/2/2017 5:26,5:26,12,0,0,COLFAX AVENUE EAST & DOWNING STREET NORTH,1,2,0,0,1,1,0,,25,0,0,0,0,0,2,2,13
,2017_18776,39.740007,-104.973426,12/14/2017 16:07,16:07,15,0,0,COLFAX AVENUE EAST & DOWNING STREET NORTH,1,2,0,0,1,1,0,,35,0,0,0,0,0,2,2,13
,2017_18777,39.740008,-104.973052,6/12/2017 1:47,1:47,6,0,0,DOWNING STREET 1400 BLOCK NORTH & COLFAX AVENUE EAST,1,3,0,0,1,3,0,,,0,0,0,0,0,2,3,13
,2017_18778,39.740008,-104.973052,10/5/2017 13:45,13:45,10,0,0,COLFAX AVENUE EAST & DOWNING STREET NORTH,1,1,0,0,1,1,0,,25,0,0,0,0,0,2,2,13
,2017_18779,39.740008,-104.972865,6/22/2017 17:20,17:20,3,0,0,COLFAX AVENUE EAST & DOWNING / MARION STREET NORTH ALLEY ROAD NORTH,1,1,0,0,1,5,0,,30,0,0,0,0,0,2,2,3