id,drcog_id,latitude,longitude,crashtime,time,crashtype,numbkilled,numbinjurd,drcoglocat,rdconditin,lightngcon,roadcntgrd,weatherco,location,roaddescrp,constrzone,schoolzone,splimit,bikeinv,pedinv,sctrinv,motoinv,svrty,rdsystem,ttlvehcls,hcf
,2017_18780,39.740009,-104.972303,5/4/2017 21:48,21:48,12,0,0,COLFAX AVENUE EAST & MARION STREET NORTH ROAD NORTH,1,3,0,0,1,1,0,,30,0,0,0,0,1,2,2,3
,2017_18782,39.740009,-104.972303,7/10/2017 14:13,14:13,12,0,0,COLFAX AVENUE EAST & MARION STREET NORTH,1,1,0,0,1,3,0,,,0,0,0,0,0,2,2,13
,2017_18783,39.740009,-104.972303,9/21/2017 16:11,16:11,12,0,0,COLFAX AVENUE EAST & MARION STREET NORTH,1,1,0,0,1,3,0,,30,0,0,0,0,0,2,2,8
,2017_18784,39.740009,-104.972116,7/27/2017 15:55,15:55,12,0,0,COLFAX AVENUE EAST & MARION STREET NORTH,1,1,0,0,1,3,0,,30,0,0,0,0,0,2,2,1
,2017_18785,39.74001,-104.971929,5/23/2017 20:45,20:45,1,0,0,COLFAX AVENUE EAST & MARION STREET NORTH ROAD SOUTH,1,3,0,0,1,1,0,,30,0,0,0,0,0,2,2,14
,2017_18786,39.74001,-104.971929,6/12/2017 10:30,10:30,12,0,0,COLFAX AVENUE & 1200 BLOCK EAST,1,1,0,0,1,3,0,,30,0,0,0,0,0,2,2,13
,2017_18787,39.74001,-104.971742,11/3/2017 21:52,21:52,15,0,0,COLFAX AVENUE 1300 BLOCK EAST & MARION STREET NORTH,1,3,1,0,1,4,0,,35,0,0,0,0,0,2,2,13
,2017_18788,39.74001,-104.971554,10/14/2017 13:22,13:22,6,0,0,COLFAX AVENUE EAST & LAFAYETTE STREET NORTH,1,1,0,0,1,4,0,,30,0,0,0,0,0,2,2,13
,2017_18789,39.740011,-104.970993,6/5/2017 16:31,16:31,12,0,1,COLFAX AVENUE EAST & LAFAYETTE STREET NORTH,1,1,0,0,1,1,0,,30,0,0,0,0,2,2,2,8
,2017_18790,39.740011,-104.970993,6/15/2017 15:25,15:25,6,0,0,COLFAX AVENUE 1400 BLOCK EAST & LAFAYETTE STREET NORTH,1,1,0,0,1,4,0,,35,0,0,0,0,0,2,2,13
,2017_18791,39.740011,-104.970993,10/31/2017 14:00,14:00,12,0,0,COLFAX AVENUE EAST & LAFAYETTE STREET NORTH,1,1,0,0,1,1,0,,30,0,0,0,0,1,2,3,4
,2017_18792,39.740012,-104.970806,4/7/2017 22:10,22:10,12,0,0,COLFAX AVENUE EAST & LAFAYETTE STREET NORTH ROAD SOUTH,1,3,0,0,1,4,0,,35,0,0,0,0,0,2,2,3
,2017_18793,39.740012,-104.970431,10/13/2017 11:54,11:54,6,0,0,COLFAX AVENUE EAST & LAFAYETTE STREET NORTH ROAD SOUTH,1,1,0,0,1,4,0,,30,0,0,0,0,0,2,2,13
,2017_18794,39.740013,-104.969683,1/20/2017 19:00,19:00,14,0,0,COLFAX AVENUE 1300 BLOCK EAST & HUMBOLDT STREET NORTH,1,3,0,0,1,3,0,,30,0,0,0,0,0,2,2,5
,2017_18795,39.740013,-104.969683,4/9/2017 13:34,13:34,15,0,0,COLFAX AVENUE & HUMBOLDT STREET NORTH,1,1,1,0,1,4,0,,35,0,0,0,0,0,2,3,7
,2017_18796,39.740013,-104.969683,6/10/2017 22:40,22:40,15,0,0,COLFAX AVENUE 1500 BLOCK EAST & HUMBOLDT STREET NORTH,1,3,0,0,1,4,0,,30,0,0,0,0,0,2,2,7
,2017_18797,39.740013,-104.969683,7/14/2017 14:48,14:48,5,0,4,COLFAX AVENUE EAST & HUMBOLDT STREET NORTH,1,1,0,0,1,1,0,,,0,0,0,0,2,2,2,13
,2017_18798,39.740013,-104.969683,9/5/2017 14:30,14:30,15,0,0,COLFAX AVENUE EAST & HUMBOLDT STREET,1,1,0,0,1,1,1,,35,0,0,0,0,0,2,2,13
,2017_18799,39.740013,-104.969683,10/6/2017 19:18,19:18,3,0,0,COLFAX AVENUE EAST & HUMBOLDT STREET NORTH,1,4,0,0,1,1,0,,30,0,0,0,0,0,2,2,8
,2017_18800,39.740013,-104.969496,2/19/2017 2:00,2:00,12,0,0,COLFAX AVENUE & HUMBOLDT STREET NORTH,1,3,0,0,1,4,0,,,0,0,0,0,1,2,2,13
,2017_18801,39.740013,-104.969496,2/27/2017 5:00,5:00,6,0,0,COLFAX AVENUE & HUMBOLDT STREET NORTH,1,3,0,0,1,4,0,,,0,0,0,0,0,2,2,14
,2017_18802,39.740013,-104.969496,12/11/2017 8:48,8:48,6,0,0,COLFAX AVENUE EAST & HUMBOLDT STREET NORTH,1,1,0,0,1,4,0,,30,0,0,0,0,0,2,2,13
,2017_18803,39.740013,-104.969307,3/21/2017 22:47,22:47,6,0,0,COLFAX AVENUE 1500 BLOCK EAST & HUMBOLDT STREET NORTH,1,3,0,0,1,4,0,,30,0,0,0,0,0,2,6,14
,2017_18805,39.740011,-104.96893,6/27/2017 17:51,17:51,12,0,0,COLFAX AVENUE EAST & FRANKLIN STREET NORTH,1,1,0,0,1,3,0,,30,0,0,0,0,1,2,2,13
,2017_18806,39.740011,-104.96893,9/23/2017 20:03,20:03,15,0,0,COLFAX AVENUE 1500 BLOCK EAST & FRANKLIN STREET NORTH,2,3,0,1,1,4,0,,30,0,0,0,0,0,2,2,1
,2017_18807,39.740011,-104.96893,10/17/2017 20:15,20:15,6,0,0,COLFAX AVENUE EAST & FRANKLIN STREET NORTH,1,3,0,0,1,4,0,,35,0,0,0,0,0,2,2,14
,2017_18808,39.74001,-104.968741,4/2/2017 2:45,2:45,12,0,0,COLFAX AVENUE EAST & FRANKLIN STREET,1,3,0,0,1,4,0,,30,0,0,0,0,0,2,2,13
,2017_18809,39.74001,-104.968741,5/30/2017 23:14,23:14,6,0,0,COLFAX AVENUE 1500 BLOCK EAST & FRANKLIN STREET NORTH,1,3,0,0,1,4,0,,30,0,0,0,0,0,2,2,14
,2017_18810,39.74001,-104.968741,6/8/2017 14:43,14:43,15,0,0,COLFAX AVENUE EAST & FRANKLIN STREET NORTH,1,1,0,0,1,3,0,,30,0,0,0,0,0,2,2,8
,2017_18811,39.740009,-104.968553,2/23/2017 15:47,15:47,6,0,0,COLFAX AVENUE EAST & FRANKLIN STREET NORTH APPROXIMATELY,2,1,0,2,1,4,0,,30,0,0,0,0,0,2,2,14
,2017_18812,39.739998,-104.966103,12/1/2017 22:42,22:42,12,0,0,COLFAX AVENUE EAST & WILLIAMS STREET,1,3,0,0,1,3,0,,30,0,0,0,0,0,2,2,13
,2017_18813,39.740009,-104.968553,3/30/2017 5:50,5:50,15,0,0,COLFAX AVENUE EAST & FRANKLIN STREET NORTH,1,3,0,0,1,3,0,,30,0,0,0,0,0,2,2,1
,2017_18814,39.740009,-104.968553,5/11/2017 13:45,13:45,15,0,0,COLFAX AVENUE EAST & FRANKLIN STREET NORTH,1,1,0,0,1,4,0,,35,0,0,0,0,1,2,2,14
,2017_18815,39.740009,-104.968553,7/14/2017 12:25,12:25,12,0,2,COLFAX AVENUE EAST & PARK AVENUE WEST,1,1,0,0,1,3,0,,30,0,0,0,0,2,2,3,8
,2017_18816,39.740009,-104.968553,7/16/2017 14:20,14:20,1,0,0,COLFAX AVENUE EAST & FRANKLIN STREET NORTH,1,1,0,0,1,1,0,,30,0,0,0,0,0,2,2,12
,2017_18818,39.740009,-104.968553,12/20/2017 18:48,18:48,12,0,0,FRANKLIN STREET NORTH & COLFAX AVENUE EAST,1,3,0,0,1,3,0,,25,0,0,0,0,0,2,2,8
,2017_18819,39.740008,-104.968365,5/22/2017 14:18,14:18,12,0,0,COLFAX AVENUE EAST & FRANKLIN STREET NORTH,1,1,0,0,1,4,0,,35,0,0,0,0,0,2,2,13
,2017_18820,39.740008,-104.968365,6/20/2017 15:30,15:30,12,0,0,COLFAX AVENUE EAST & FRANKLIN STREET NORTH,1,1,0,0,1,4,0,,,0,0,0,0,0,2,2,13
,2017_18821,39.740006,-104.967799,7/14/2017 12:06,12:06,6,0,0,COLFAX AVENUE EAST & FRANKLIN STREET NORTH,1,1,0,0,1,4,0,,,0,0,0,0,0,2,2,13
,2017_18822,39.739906,-104.967713,5/17/2017 11:10,11:10,1,0,0,COLFAX AVENUE & MM 299.19,1,1,0,0,1,2,0,,30,0,0,0,0,0,2,2,13
,2017_18823,39.740004,-104.967422,3/6/2017 19:15,19:15,12,0,0,COLFAX AVENUE 1600 BLOCK EAST & GILPIN STREET NORTH,1,3,0,0,1,4,0,,35,0,0,0,0,1,2,2,6
,2017_18824,39.740003,-104.967234,1/27/2017 17:39,17:39,3,0,0,COLFAX AVENUE EAST & GILPIN STREET NORTH,1,1,0,0,1,1,0,,25,0,0,0,0,1,2,2,1
,2017_18825,39.740003,-104.967234,6/17/2017 19:57,19:57,12,0,0,COLFAX AVENUE EAST & GILPIN STREET NORTH,1,3,0,0,1,4,0,,25,0,0,0,0,0,2,2,13
,2017_18826,39.740003,-104.967234,6/29/2017 15:12,15:12,3,0,0,GILPIN STREET NORTH & COLFAX AVENUE EAST,1,1,0,0,1,1,0,,30,0,0,0,0,0,2,2,13
,2017_18827,39.740003,-104.967234,8/14/2017 7:00,7:00,12,0,0,COLFAX AVENUE 1700 BLOCK EAST & GILPIN STREET,1,1,1,0,1,4,0,,35,0,0,0,0,0,2,2,3
,2017_18828,39.740003,-104.967234,9/11/2017 6:34,6:34,6,0,0,COLFAX STREET EAST & GILPIN STREET NORTH 1400 BLOCK,1,3,0,0,1,4,0,,5,0,0,0,0,0,2,2,14
,2017_18829,39.740003,-104.967234,10/24/2017 8:19,8:19,12,0,0,COLFAX AVENUE EAST & GILPIN STREET NORTH,1,1,0,0,1,1,0,,30,0,0,0,0,1,2,2,3
,2017_18830,39.740003,-104.967234,11/21/2017 17:58,17:58,3,0,0,COLFAX AVENUE EAST & GILPIN STREET NORTH,1,2,0,0,1,1,0,,25,0,0,0,0,0,2,3,13
,2017_18831,39.740003,-104.967234,11/27/2017 17:40,17:40,3,0,0,COLFAX AVENUE EAST & GILPIN STREET NORTH,1,3,0,0,1,1,0,,30,0,0,0,0,0,2,2,13
,2017_18832,39.740001,-104.966857,10/27/2017 21:51,21:51,15,0,0,COLFAX AVENUE EAST & 1700 BLOCK EAST,1,3,0,0,1,3,0,,30,0,0,0,0,0,2,3,5
,2017_18833,39.74,-104.966668,10/14/2017 12:57,12:57,15,0,0,COLFAX AVENUE EAST & WILLIAMS STREET NORTH,1,1,0,0,1,3,0,,35,0,0,0,0,0,2,3,8
,2017_18834,39.74,-104.96648,7/7/2017 14:32,14:32,12,0,0,COLFAX AVENUE EAST & FILLMORE STREET NORTH ROAD NORTH,1,1,0,0,1,1,0,,,0,0,0,0,1,2,4,13
,2017_18835,39.739998,-104.966103,6/30/2017 18:24,18:24,12,0,0,COLFAX AVENUE 1800 BLOCK EAST & WILLIAMS STREET NORTH,1,1,0,0,1,1,0,,30,0,0,0,0,0,2,3,13
,2017_18836,39.739998,-104.966103,9/20/2017 10:15,10:15,15,0,0,COLFAX AVENUE EAST & WILLIAMS STREET NORTH,1,1,0,0,1,4,0,,35,0,0,0,0,0,2,2,13
,2017_18837,39.739998,-104.966103,10/10/2017 9:04,9:04,6,0,0,COLFAX AVENUE 1816 EAST & WILLIAMS STREET NORTH,1,1,0,0,1,4,0,,30,0,0,0,0,0,2,2,13
,2017_18838,39.739997,-104.965914,9/21/2017 20:10,20:10,6,0,0,COLFAX AVENUE 1800 BLOCK EAST & WILLIAMS STREET NORTH,1,3,0,0,1,4,0,,30,0,0,0,0,0,2,2,5
,2017_18839,39.739997,-104.965914,11/3/2017 23:55,23:55,6,0,0,COLFAX AVENUE & WILLIAMS STREET NORTH,1,3,0,0,1,4,0,,,0,0,0,0,0,2,2,13
,2017_18840,39.739995,-104.965538,11/1/2017 18:27,18:27,6,0,0,COLFAX AVENUE & HIGH / WILLIAMS STREET ALLEY ROAD NORTH,1,3,0,1,3,5,0,,30,0,0,0,0,0,2,2,13
,2017_18841,39.739992,-104.964783,1/27/2017 18:23,18:23,3,0,0,COLFAX AVENUE EAST & HIGH STREET NORTH,1,3,0,0,1,1,0,,30,0,0,0,0,0,2,2,14
,2017_18842,39.739992,-104.964783,5/4/2017 15:25,15:25,12,0,0,COLFAX AVENUE EAST & HIGH STREET NORTH,1,1,0,0,1,4,0,,35,0,0,0,0,0,2,2,13
,2017_18843,39.739992,-104.964783,9/19/2017 13:55,13:55,12,0,0,COLFAX AVENUE EAST & HIGH STREET NORTH,1,1,0,0,1,1,0,,30,0,0,0,0,0,2,2,13
,2017_18844,39.739991,-104.964595,11/28/2017 11:45,11:45,12,0,0,COLFAX AVENUE EAST & 1900 BLOCK,1,1,0,0,1,3,0,,30,0,0,0,0,1,2,3,13
,2017_18845,39.739989,-104.964218,11/19/2017 11:25,11:25,6,0,0,COLFAX AVENUE EAST & 1916 COLFAX AVENUE EAST,1,1,0,0,1,4,0,,30,0,0,0,0,0,2,2,14
,2017_18846,39.739986,-104.963653,4/21/2017 20:15,20:15,3,0,0,COLFAX AVENUE EAST & RACE STREET NORTH,1,4,0,0,1,2,0,,30,0,0,0,0,0,2,2,13
,2017_18847,39.739986,-104.963653,9/24/2017 23:37,23:37,6,0,0,COLFAX AVENUE EAST & RACE STREET NORTH,2,3,0,1,1,4,0,,30,0,0,0,0,0,2,2,13
,2017_18848,39.739986,-104.963464,1/1/2017 8:02,8:02,6,0,0,COLFAX AVENUE 1900 BLOCK EAST & RACE STREET NORTH,1,1,0,0,1,4,0,,31,0,0,0,0,0,2,2,2
,2017_18849,39.739986,-104.963464,5/6/2017 11:35,11:35,12,0,0,COLFAX AVENUE EAST & RACE STREET NORTH,1,1,0,0,1,1,0,,30,0,0,0,0,0,2,3,13
,2017_18850,39.739986,-104.963464,5/8/2017 3:05,3:05,6,0,0,COLFAX AVENUE 1900 BLOCK EAST & RACE STREET NORTH,1,3,0,0,1,4,0,,30,0,0,0,0,0,2,2,13
,2017_18851,39.739986,-104.963464,7/15/2017 20:00,20:00,3,0,0,COLFAX AVENUE EAST & RACE STREET NORTH,1,3,3,0,1,1,0,,35,0,0,0,0,0,2,2,13
,2017_18852,39.739986,-104.963464,7/20/2017 18:00,18:00,6,0,0,COLFAX AVENUE EAST & RACE STREET NORTH,1,1,0,0,1,1,0,,35,0,0,0,0,0,2,2,13
,2017_18853,39.739986,-104.963464,12/25/2017 13:35,13:35,3,0,0,COLFAX AVENUE EAST & RACE STREET NORTH,2,1,0,0,1,1,0,,30,0,0,0,0,0,2,2,13
,2017_18854,39.739985,-104.963275,6/17/2017 7:40,7:40,12,0,0,COLFAX AVENUE EAST & RACE STREET NORTH,1,1,0,0,1,4,0,,30,0,0,0,0,0,2,2,2
,2017_18855,39.74018,-104.956141,8/3/2017 11:18,11:18,6,0,0,COLFAX AVENUE EAST & ELIZABETH STREET NORTH,1,1,1,0,3,4,0,,30,0,0,0,0,0,2,2,13
,2017_18856,39.739985,-104.963275,10/26/2017 17:10,17:10,15,0,0,COLFAX AVENUE EAST & RACE STREET NORTH,2,3,0,2,1,3,0,,30,0,0,0,0,0,2,2,8
,2017_18857,39.739985,-104.963275,12/10/2017 16:05,16:05,6,0,0,COLFAX AVENUE EAST & RACE STREET NORTH,1,3,0,0,1,4,0,,45,0,0,0,0,0,2,2,14
,2017_18858,39.739984,-104.963087,7/26/2017 21:30,21:30,12,0,0,COLFAX AVENUE 2000 BLOCK EAST & RACE STREET NORTH,2,3,0,1,1,4,0,,30,0,0,0,0,0,2,3,14
,2017_18859,39.739983,-104.962899,4/18/2017 15:26,15:26,6,0,0,COLFAX AVENUE 1900 BLOCK EAST & RACE STREET NORTH,1,1,0,0,1,4,0,,35,0,0,0,0,0,2,2,3
,2017_18860,39.739983,-104.962899,5/12/2017 15:40,15:40,3,0,0,COLFAX AVENUE EAST & RACE STREET / VINE STREET ALLEY,1,1,0,0,1,5,0,,60,0,0,0,0,0,2,2,8
,2017_18861,39.739981,-104.962522,7/13/2017 12:59,12:59,12,0,0,COLFAX AVENUE & VINE STREET,1,1,0,0,1,3,0,,30,0,0,0,0,0,2,2,13
,2017_18862,39.73998,-104.962333,4/1/2017 20:20,20:20,3,0,0,COLFAX AVENUE EAST & VINE STREET NORTH,1,3,0,0,1,1,0,,30,0,0,0,0,0,2,3,7
,2017_18863,39.73998,-104.962333,5/3/2017 11:00,11:00,12,0,0,COLFAX AVENUE EAST & VINE STN,2,1,0,1,1,1,0,,30,0,0,0,0,0,2,2,3
,2017_18864,39.73998,-104.962333,6/12/2017 17:28,17:28,3,0,0,VINE STREET NORTH & COLFAX AVENUE EAST,1,1,0,0,1,1,0,,25,0,0,0,0,0,2,3,13
,2017_18865,39.73998,-104.962333,8/10/2017 17:55,17:55,3,0,1,COLFAX AVENUE EAST & VINE STREET NORTH,1,1,0,0,1,1,0,,30,0,0,0,0,2,2,2,8
,2017_18866,39.73998,-104.962333,10/6/2017 15:50,15:50,12,0,0,COLFAX AVENUE EAST & VINE STREET NORTH,1,5,0,0,1,4,0,,,0,0,0,0,0,2,3,13
,2017_18867,39.73998,-104.962333,12/1/2017 13:00,13:00,12,0,0,COLFAX AVENUE 2000 BLOCK EAST & NORTH RACE STREET,1,1,0,0,1,4,0,,30,0,0,0,0,0,2,2,13
,2017_18868,39.739978,-104.961768,4/17/2017 16:10,16:10,12,0,1,COLFAX AVENUE & VINE STREET NORTH,1,1,0,0,1,4,0,,35,0,0,0,0,2,2,3,12
,2017_18869,39.739975,-104.961202,4/12/2017 17:30,17:30,12,0,0,COLFAX AVENUE 2100 BLOCK EAST & EAST GAYLORD AVENUE,1,1,1,0,1,4,0,,30,0,0,0,0,0,2,2,3
,2017_18870,39.740113,-104.958751,7/31/2017 12:21,12:21,12,0,0,JOSEPHINE STREET NORTH & COLFAX AVENUE EAST,1,1,0,0,1,3,0,,25,0,0,0,0,0,2,2,7
,2017_18871,39.740113,-104.958751,9/5/2017 16:49,16:49,12,0,0,COLFAX AVENUE EAST & JOSEPHINE STREET NORTH,1,1,0,0,1,3,0,,30,0,0,0,0,0,2,2,3
,2017_18872,39.740113,-104.958751,9/7/2017 16:22,16:22,3,0,0,COLFAX AVENUE EAST & JOSEPHINE STREET NORTH,1,1,0,0,1,1,0,,30,0,0,0,0,1,2,2,13
,2017_18873,39.74014,-104.958569,9/22/2017 12:35,12:35,15,0,0,COLFAX AVENUE EAST & JOSEPHINE STREET NORTH,1,1,0,0,1,4,0,,30,0,0,0,0,0,2,2,13
,2017_18874,39.740157,-104.958386,10/12/2017 15:59,15:59,3,0,0,COLFAX AVENUE EAST & JOSEPHINE STREET NORTH,1,1,0,0,1,1,0,,30,0,0,0,0,1,2,2,1
,2017_18875,39.740182,-104.95802,6/15/2017 16:35,16:35,1,0,0,JOSEPHINE STREET NORTH & COLFAX AVENUE EAST,1,1,0,0,1,5,0,,,0,0,0,0,0,2,3,13
,2017_18876,39.740185,-104.957646,8/1/2017 15:05,15:05,6,0,0,COLFAX AVENUE 2500 BLOCK EAST & COLUMBINE STREET NORTH,1,1,0,0,1,4,0,,35,0,0,0,0,1,2,3,5
,2017_18877,39.740185,-104.957457,1/7/2017 19:40,19:40,1,0,0,COLFAX AVENUE EAST & COLUMBINE STREET NORTH,1,2,0,0,1,1,0,,30,0,0,0,0,0,2,2,14
,2017_18878,39.740185,-104.957457,2/21/2017 13:00,13:00,6,0,0,COLFAX AVENUE & COLUMBINE STREET,1,1,0,0,1,4,0,,30,0,0,0,0,0,2,2,13
,2017_18879,39.740185,-104.957457,5/30/2017 12:21,12:21,15,0,0,COLFAX AVENUE EAST & COLUMBINE STREET NORTH,1,1,0,0,1,1,0,,35,0,0,0,0,0,2,2,13
,2017_18880,39.74018,-104.956141,11/30/2017 7:44,7:44,6,0,0,COLFAX AVENUE EAST & 2600 BLOCK EAST,1,1,0,0,1,4,0,,30,0,0,0,0,0,2,2,13
,2017_18881,39.740185,-104.957457,8/28/2017 15:08,15:08,3,0,0,COLFAX AVENUE EAST & COLUMBINE STREET NORTH,1,1,0,0,1,1,0,,35,0,0,0,0,1,2,3,1
,2017_18882,39.740183,-104.956893,2/2/2017 19:54,19:54,15,0,0,COLFAX AVENUE EAST & ESPLANADE PARKWAY NORTH,1,3,0,0,1,4,0,,,0,0,0,0,0,2,2,14
,2017_18883,39.740183,-104.956893,6/10/2017 18:20,18:20,12,0,0,COLFAX AVENUE EAST & ESPLANADE PARKWAY NORTH,1,1,0,0,1,1,0,,35,0,0,0,0,0,2,2,5
,2017_18884,39.740181,-104.956328,3/2/2017 18:25,18:25,15,0,0,COLFAX AVENUE EAST & ELIZABETH STREET NORTH,1,3,0,0,1,4,0,,30,0,0,0,0,0,2,2,14
,2017_18885,39.740181,-104.956328,3/7/2017 6:55,6:55,3,0,0,COLFAX AVENUE EAST & ELIZABETH STREET NORTH,1,1,0,0,1,3,0,,30,0,0,0,0,0,2,2,13
,2017_18886,39.740181,-104.956328,5/24/2017 8:45,8:45,1,0,0,COLFAX AVENUE EAST & ELIZABETH STREET NORTH,1,1,0,0,1,1,0,,30,0,0,0,0,0,2,2,13
,2017_18887,39.740181,-104.956328,10/4/2017 14:50,14:50,3,0,0,ELIZABETH STREET NORTH & COLFAX AVENUE EAST,1,1,0,0,1,3,0,,30,0,0,0,0,0,2,2,8
,2017_18888,39.740181,-104.956328,10/9/2017 18:53,18:53,12,0,0,COLFAX AVENUE EAST & ELIZABETH STREET NORTH,2,3,0,0,1,3,0,,30,0,0,0,0,0,2,3,3
,2017_18889,39.740181,-104.956328,11/15/2017 23:55,23:55,6,0,0,COLFAX AVENUE EAST & ESPLANADE PARKWAY,1,3,0,0,1,4,0,,35,0,0,0,0,0,2,2,2
,2017_18890,39.740181,-104.956328,12/20/2017 9:04,9:04,12,0,0,ELIZABETH STREET NORTH & COLFAX AVENUE EAST APPROXIMATELY,1,1,0,0,1,1,0,,25,0,0,0,0,0,2,2,13
,2017_18891,39.740181,-104.956328,12/30/2017 19:40,19:40,12,0,0,COLFAX AVENUE EAST & ELIZABETH STREET NORTH,1,3,0,0,1,1,0,,30,0,0,0,0,0,2,2,3
,2017_18892,39.74018,-104.956141,4/26/2017 7:35,7:35,12,0,0,COLFAX AVENUE EAST & ESPLANDE PARKWAY NORTH,1,1,0,0,1,3,0,,35,0,0,0,0,1,2,2,8
,2017_18894,39.740177,-104.955011,3/31/2017 15:40,15:40,3,0,0,CLAYTON STREET NORTH  & COLFAX AVENUE EAST,2,1,0,1,1,1,0,,30,0,0,0,0,0,2,2,13
,2017_18895,39.740177,-104.955011,5/10/2017 19:26,19:26,14,0,0,COLFAX AVENUE EAST & CLAYTON STREET NORTH,2,3,0,1,1,4,0,,30,0,0,0,0,0,2,2,14
,2017_18896,39.740168,-104.952188,12/28/2017 10:57,10:57,6,0,0,COLFAX AVENUE 3000 BLOCK EAST & MILWAUKEE STREET,1,1,0,0,1,4,0,,35,0,0,0,0,0,2,2,13
,2017_18897,39.740176,-104.954823,1/25/2017 15:00,15:00,6,0,0,COLFAX AVENUE 2800 BLOCK EAST & DETROIT STREET,1,1,0,0,1,4,0,,30,0,0,0,0,0,2,2,14
,2017_18898,39.740147,-104.945978,11/20/2017 9:09,9:09,6,0,0,COLFAX AVENUE EAST & 3500 BLOCK,1,1,0,0,1,3,0,,35,0,0,0,0,0,2,2,13
,2017_18899,39.740176,-104.954823,5/4/2017 13:40,13:40,1,0,0,COLFAX AVENUE EAST & DETROIT STREET NORTH ROAD NORTH,1,1,0,0,1,1,0,,25,0,0,0,0,0,2,2,13
,2017_18900,39.740174,-104.954259,11/29/2017 16:10,16:10,6,0,0,COLFAX AVENUE & MM 299.9,1,1,0,0,1,4,0,,35,0,0,0,0,0,2,2,13
,2017_18901,39.740174,-104.95407,11/20/2017 10:20,10:20,15,0,0,COLFAX AVENUE EAST & DETROIT STREET NORTH ROAD NORTH,1,1,0,0,1,4,0,,30,0,0,0,0,0,2,3,7
,2017_18902,39.740172,-104.953506,10/16/2017 15:03,15:03,12,0,0,COLFAX AVENUE EAST & FILLMORE STREET NORTH ROAD NORTH,1,1,0,0,1,4,0,,35,0,0,0,0,1,2,3,13
,2017_18903,39.740172,-104.953506,11/10/2017 14:10,14:10,14,0,0,COLFAX AVENUE EAST & FILLMORE STREET NORTH,1,1,0,0,6,1,0,,35,0,0,0,0,0,2,3,13
,2017_18904,39.740172,-104.953506,11/30/2017 8:20,8:20,12,0,0,COLFAX AVENUE 2900 BLOCK EAST & FILLMORE STREET NORTH,1,1,0,0,1,4,0,,30,0,0,0,0,0,2,2,14
,2017_18905,39.740171,-104.953317,2/13/2017 8:00,8:00,12,0,0,COLFAX AVENUE & 2900 WEST,1,1,0,0,1,4,0,,40,0,0,0,0,0,2,4,13
,2017_18907,39.740171,-104.953317,3/23/2017 23:59,23:59,15,0,0,COLFAX AVENUE & COLFAX AVENUE 2900 BLOCK EAST,2,3,0,1,1,4,0,,30,0,0,0,0,0,2,2,13
,2017_18908,39.740171,-104.95313,10/25/2017 15:45,15:45,15,0,0,COLFAX AVENUE EAST & FILLMORE STREET NORTH ROAD NORTH,1,1,0,0,1,4,0,,30,0,0,0,0,0,2,3,3
,2017_18910,39.740169,-104.952753,10/26/2017 16:18,16:18,15,0,0,COLFAX AVENUE EAST & FILLMORE STREET NORTH ROAD SOUTH,2,2,0,2,1,4,0,,30,0,0,0,0,1,2,2,8
,2017_18911,39.740165,-104.951436,7/14/2017 9:22,9:22,15,0,0,COLFAX AVENUE & MILWAUKEE STREET NORTH ROAD SOUTH,1,1,0,0,1,4,0,,30,0,0,0,0,0,2,3,8
,2017_18912,39.740163,-104.950683,3/23/2017 15:45,15:45,12,0,0,COLFAX AVENUE EAST & STREET PAUL STREET NORTH,1,1,0,0,1,4,0,,35,0,0,0,0,0,2,2,13
,2017_18913,39.740162,-104.950495,11/23/2017 8:55,8:55,15,0,0,COLFAX AVENUE WB & 3100 BLOCK EAST,1,1,0,0,1,4,0,,30,0,0,0,0,0,2,2,7
,2017_18914,39.740161,-104.950307,10/6/2017 9:35,9:35,3,0,0,COLFAX AVENUE EAST & STEELE STREET NORTH 1400 BLOCK,1,1,0,0,1,2,0,,25,0,0,0,0,0,2,2,14
,2017_18915,39.740161,-104.950119,4/6/2017 7:36,7:36,12,0,0,COLFAX AVENUE EAST & STEELE STREET NORTH,1,1,0,0,1,4,0,,35,0,0,0,0,0,2,2,13
,2017_18916,39.740161,-104.950119,6/5/2017 15:00,15:00,12,0,0,COLFAX AVENUE EAST & STEELE STREET NORTH,1,1,0,0,1,1,0,,35,0,0,0,0,0,2,3,1
,2017_18917,39.740161,-104.950119,10/3/2017 11:54,11:54,12,0,0,COLFAX AVENUE EAST & STEELE STREET,1,1,0,0,1,1,0,,35,0,0,0,0,0,2,2,13
,2017_18918,39.740161,-104.950119,11/15/2017 15:35,15:35,14,0,0,STEELE STREET NORTH & COLFAX AVENUE EAST,1,1,0,0,1,1,0,,30,0,0,0,0,0,2,2,13
,2017_18919,39.74016,-104.94993,10/11/2017 22:28,22:28,12,0,0,COLFAX AVENUE EAST 3200 BLOCK & STEELE STREET NORTH,1,3,0,0,1,4,0,,30,0,0,0,0,0,2,2,14
,2017_18920,39.740159,-104.949554,4/29/2017 10:50,10:50,12,0,0,COLFAX AVENUE EAST & COLFAX AVENUE 3200 BLOCK EAST,2,1,0,2,1,4,0,,30,0,0,0,0,1,2,2,13