id,drcog_id,latitude,longitude,crashtime,time,crashtype,numbkilled,numbinjurd,drcoglocat,rdconditin,lightngcon,roadcntgrd,weatherco,location,roaddescrp,constrzone,schoolzone,splimit,bikeinv,pedinv,sctrinv,motoinv,svrty,rdsystem,ttlvehcls,hcf
,2017_18921,39.740159,-104.949554,8/6/2017 9:57,9:57,12,0,0,COLFAX AVENUE EAST & STEELE STREET NORTH,1,1,0,0,1,2,0,,35,0,0,0,0,0,2,2,13
,2017_18922,39.740158,-104.949366,7/12/2017 9:57,9:57,3,0,0,COLFAX AVENUE EAST & STEELE STREET NORTH ROAD SOUTH,1,1,0,0,1,1,0,,30,0,0,0,0,1,2,2,7
,2017_18923,39.740157,-104.948801,3/30/2017 21:04,21:04,12,0,0,COLFAX AVENUE EAST & ADAMS STREET NORTH,1,3,0,0,1,4,0,,30,0,0,0,0,0,2,2,13
,2017_18924,39.740157,-104.948801,10/6/2017 17:18,17:18,12,0,0,COLFAX AVENUE EAST & ADAMS STREET NORTH ROAD NORTH,2,1,1,0,1,4,0,,35,0,0,0,0,0,2,2,1
,2017_18925,39.740157,-104.948801,12/30/2017 0:11,0:11,6,0,0,COLFAX AVENUE EAST & ADAMS STREET NORTH,1,3,0,0,1,4,0,,30,0,0,0,0,0,2,2,13
,2017_18926,39.740156,-104.948613,9/28/2017 21:34,21:34,6,0,0,COLFAX AVENUE EAST & ADAMS STREET NORTH,1,3,0,0,1,4,0,,30,0,0,0,0,0,2,2,13
,2017_18927,39.740156,-104.948613,10/15/2017 6:30,6:30,5,0,0,COLFAX AVENUE & 3317 EAST COLFAX AVENUE,1,2,0,0,3,4,0,,30,0,0,0,0,0,2,1,13
,2017_18928,39.740156,-104.948613,11/8/2017 14:46,14:46,6,0,0,COLFAX AVENUE EAST & ADAMS STREET NORTH,1,1,0,0,1,4,0,,35,0,0,0,0,0,2,2,13
,2017_18929,39.740153,-104.947672,4/13/2017 13:33,13:33,12,0,0,COLFAX AVENUE EAST & COOK STREET NORTH ROAD NORTH,1,1,0,0,1,4,0,,30,0,0,0,0,0,2,2,14
,2017_18930,39.740153,-104.947672,6/26/2017 13:31,13:31,12,0,0,COOK STREET NORTH & COLFAX AVENUE EAST,1,1,0,0,1,3,0,,25,0,0,0,0,0,2,2,7
,2017_18931,39.740153,-104.947672,7/26/2017 17:05,17:05,3,0,0,COOK STREET NORTH ROAD NORTH & COLFAX AVENUE,1,1,0,0,1,1,0,,30,0,0,0,0,0,2,2,8
,2017_18932,39.740153,-104.947672,8/14/2017 20:10,20:10,6,0,0,COLFAX AVENUE EAST & COOK STREET NORTH,1,1,0,0,1,4,0,,30,0,0,0,0,0,2,2,13
,2017_18933,39.740151,-104.947108,7/26/2017 18:36,18:36,12,0,0,COLFAX AVENUE & 3400 BLOCK EAST,1,1,0,0,1,4,0,,35,0,0,0,0,0,2,3,1
,2017_18934,39.740151,-104.947108,7/27/2017 17:50,17:50,12,0,0,COLFAX AVENUE & 3400 BLOCK EAST,1,1,0,0,1,4,0,,35,0,0,0,0,0,2,3,13
,2017_18935,39.740145,-104.945226,2/11/2017 12:27,12:27,3,0,0,COLFAX AVENUE EAST & MONROE STREET NORTH,1,1,0,0,1,1,0,,30,0,0,0,0,0,2,2,13
,2017_18936,39.740145,-104.945226,3/30/2017 12:44,12:44,3,0,0,MONROE STREET NORTH  & COLFAX AVENUE EAST,1,1,0,0,1,1,0,,25,0,0,0,0,0,2,2,13
,2017_18938,39.740145,-104.945226,4/15/2017 21:42,21:42,3,0,1,COLFAX AVENUE EAST & MONROE STREET NORTH,1,3,0,0,1,1,0,,30,0,0,0,1,2,2,2,13
,2017_18939,39.740145,-104.945226,11/19/2017 16:46,16:46,5,0,0,COLFAX AVENUE EAST & MONROE STREET,1,2,0,0,3,3,0,,,0,0,0,0,0,2,2,13
,2017_18940,39.740145,-104.945226,11/26/2017 16:51,16:51,6,0,0,COLFAX AVENUE EAST & MONROE STREET NORTH,1,2,0,0,1,4,0,,,0,0,0,0,0,2,2,13
,2017_18941,39.740145,-104.945226,12/20/2017 12:10,12:10,12,0,0,COLFAX AVENUE EAST & MONROE STREET NORTH,1,1,0,0,1,1,0,,30,0,0,0,0,0,2,2,1
,2017_18942,39.740144,-104.945037,7/11/2017 20:13,20:13,12,0,0,COLFAX AVENUE 3600 BLOCK EAST & MONROE STREET NORTH,1,3,0,0,1,4,0,,35,0,0,0,0,0,2,2,3
,2017_18943,39.740142,-104.944473,8/6/2017 20:18,20:18,12,0,0,COLFAX AVENUE 3600 BLOCK EAST & GARFIELD STREET NORTH,1,3,0,0,1,4,0,,35,0,0,0,0,1,2,4,5
,2017_18944,39.740141,-104.944097,3/11/2017 13:40,13:40,12,0,0,COLFAX AVENUE EAST & GARFIELD STREET NORTH ROAD NORTH,1,1,0,0,1,3,0,,30,0,0,0,0,0,2,2,14
,2017_18945,39.740141,-104.944097,3/28/2017 15:53,15:53,1,0,0,COLFAX AVENUE EAST & GARFIELD STREET NORTH,2,1,0,1,1,1,0,,35,0,0,0,0,0,2,2,3
,2017_18946,39.740141,-104.944097,6/11/2017 23:02,23:02,1,0,0,COLFAX AVENUE & GARFIELD STREET,1,3,0,0,1,1,0,,35,0,0,0,0,0,2,2,13
,2017_18947,39.740141,-104.944097,7/19/2017 14:28,14:28,12,0,0,COLFAX AVENUE EAST & GARFIELD STREET NORTH,1,1,0,0,1,1,0,,35,0,0,0,0,0,2,2,14
,2017_18948,39.740141,-104.944097,9/30/2017 14:35,14:35,12,0,0,COLFAX AVENUE EAST & GARFIELD STREET NORTH,1,1,0,0,1,1,0,,35,0,0,0,0,0,2,2,1
,2017_18949,39.740137,-104.942967,9/15/2017 9:27,9:27,14,0,0,JACKSON STREET NORTH & COLFAX AVENUE EAST,1,1,0,0,1,1,0,,30,0,0,0,0,0,2,2,14
,2017_18950,39.740134,-104.942027,8/28/2017 17:56,17:56,12,0,0,COLFAX AVENUE EAST & HARRISON STREET NORTH,1,1,0,0,1,3,0,,,0,0,0,0,0,2,2,13
,2017_18951,39.740062,-104.94057,7/19/2017 15:35,15:35,12,0,0,COLFAX AVENUE & 4000 EAST,1,1,0,0,1,4,0,,25,0,0,0,0,0,2,2,2
,2017_18952,39.740062,-104.94057,12/14/2017 1:38,1:38,12,0,0,COLFAX AVENUE EAST & COLORADO BOULEVARD NORTH,2,3,0,2,1,3,0,,35,0,0,0,0,0,2,2,13
,2017_18953,39.740085,-104.899778,6/21/2017 14:15,14:15,6,0,0,COLFAX AVENUE EAST & ROSEMARY STREET NORTH,1,1,0,0,1,4,0,,35,0,0,0,0,0,2,2,13
,2017_18954,39.740062,-104.94057,12/19/2017 10:17,10:17,1,0,1,COLFAX AVENUE EAST & COLORADO BOULEVARD NORTH,1,1,0,0,1,1,0,,30,0,0,0,0,2,2,2,3
,2017_18955,39.740061,-104.940003,1/21/2017 23:00,23:00,15,0,0,COLORADO BOULEVARD 1500 BLOCK NORTH & COLFAX AVENUE EAST,1,3,0,0,1,4,0,,35,0,0,0,0,0,2,2,3
,2017_18956,39.740061,-104.939247,6/13/2017 10:25,10:25,15,0,0,COLFAX AVENUE & COLORADO BOULEVARD NORTH,1,1,1,0,1,4,0,,,0,0,0,0,0,2,2,13
,2017_18957,39.740061,-104.93887,5/5/2017 18:55,18:55,10,0,0,COLFAX AVENUE EAST & ALBION STREET NORTH ROAD NORTH,1,1,0,0,1,1,0,,35,0,0,0,0,0,2,2,7
,2017_18958,39.740061,-104.93887,7/31/2017 17:47,17:47,3,0,0,COLFAX AVENUE EAST & ALBION STREET NORTH,1,1,0,0,1,1,0,,25,0,0,0,0,0,2,2,14
,2017_18959,39.740061,-104.93887,11/26/2017 15:49,15:49,12,0,0,COLFAX AVENUE EAST & ALBION STREET NORTH,1,1,0,0,1,4,0,,30,0,0,0,0,0,2,2,3
,2017_18960,39.74006,-104.938681,3/30/2017 8:11,8:11,15,0,0,COLFAX AVENUE EAST & ALBION STREET NORTH,1,1,0,0,1,3,0,,35,0,0,0,0,0,2,2,13
,2017_18961,39.74006,-104.938492,11/27/2017 8:10,8:10,12,0,0,COLFAX AVENUE EAST & ASH STREET NORTH,1,1,0,0,1,4,0,,35,0,0,0,0,0,2,2,3
,2017_18962,39.74006,-104.938303,1/17/2017 17:45,17:45,12,0,0,COLFAX AVENUE EAST & ASH STREET NORTH,1,3,0,0,1,4,0,,35,0,0,0,0,0,2,2,3
,2017_18963,39.74006,-104.937359,8/1/2017 16:40,16:40,12,0,0,COLFAX AVENUE EAST & BELLAIRE STREET NORTH,1,1,0,0,1,4,0,,25,0,0,0,0,0,2,2,13
,2017_18964,39.74006,-104.937359,9/2/2017 22:58,22:58,3,0,0,COLFAX AVENUE EAST & BELLAIRE STREET NORTH,1,3,0,0,1,3,0,,25,0,0,0,0,0,2,2,13
,2017_18966,39.740058,-104.93547,9/11/2017 14:22,14:22,12,0,0,CLERMONT STREET NORTH & COLFAX AVENUE EAST,1,1,0,0,1,1,0,,25,0,0,0,0,0,2,2,13
,2017_18967,39.740057,-104.933958,6/26/2017 11:36,11:36,12,0,0,COLFAX AVENUE EAST & CHERRY STREET NORTH,1,1,0,0,1,1,0,,35,0,0,0,0,0,2,2,13
,2017_18968,39.740057,-104.93377,2/8/2017 21:57,21:57,10,0,0,COLFAX AVENUE EAST & CHERRY STREET NORTH,1,3,0,0,1,1,0,,35,0,0,0,0,0,2,2,8
,2017_18969,39.740057,-104.93377,9/17/2017 20:30,20:30,15,0,0,COLFAX AVENUE EAST & CHERRY STREET NORTH,1,3,0,0,1,3,0,,30,0,0,0,0,0,2,2,13
,2017_18970,39.740057,-104.93377,12/5/2017 7:59,7:59,15,0,0,COLFAX AVENUE EAST & CHERRY STREET NORTH,1,1,0,0,1,1,0,,25,0,0,0,0,0,2,2,13
,2017_18971,39.740057,-104.933581,4/25/2017 10:30,10:30,15,0,0,COLFAX AVENUE EAST & CHERRY STREET NORTH ROAD NORTH,1,1,0,0,1,4,0,,35,0,0,0,0,0,2,2,7
,2017_18972,39.740057,-104.932637,4/4/2017 19:01,19:01,1,0,0,COLFAX AVENUE EAST & DEXTER STREET NORTH,4,2,0,2,1,1,0,,35,0,0,0,0,0,2,2,13
,2017_18973,39.740076,-104.929842,9/24/2017 10:40,10:40,5,0,0,COLFAX AVENUE EAST & ELM STREET NORTH,2,1,0,1,3,7,0,,10,0,0,0,0,0,2,1,13
,2017_18974,39.740076,-104.929278,6/9/2017 18:15,18:15,15,0,0,COLFAX AVENUE EAST & 5000 BLOCK EAST,1,1,0,0,1,4,0,,35,0,0,0,0,0,2,2,13
,2017_18975,39.740077,-104.928715,8/19/2017 19:42,19:42,6,0,0,COLFAX AVENUE EAST & FAIRFAX STREET NORTH,1,3,0,0,1,1,0,,30,0,0,0,0,0,2,2,13
,2017_18976,39.740077,-104.928715,11/25/2017 14:45,14:45,6,0,0,FAIRFAX STREET NORTH & COLFAX AVENUE EAST,1,1,0,0,1,1,0,,,0,0,0,0,0,2,2,13
,2017_18977,39.740077,-104.928339,4/24/2017 12:57,12:57,15,0,0,COLFAX AVENUE EAST & FAIRFAX STREET NORTH ROAD SOUTH,1,1,0,0,1,4,0,,30,0,0,0,0,0,2,2,13
,2017_18978,39.740077,-104.927963,3/22/2017 4:50,4:50,6,0,1,COLFAX AVENUE EAST & FAIRFAX STREET NORTH,1,3,0,0,1,4,0,,35,0,0,0,0,2,2,2,2
,2017_18979,39.740077,-104.927775,8/22/2017 10:17,10:17,12,0,0,COLFAX AVENUE EAST & FILBERT COURT NORTH,1,1,0,0,1,5,0,,30,0,0,0,0,1,2,2,13
,2017_18980,39.740077,-104.926836,5/23/2017 17:00,17:00,12,0,0,COLFAX AVENUE EAST & FOREST STREET NORTH,1,1,0,0,1,3,0,,35,0,0,0,0,0,2,3,3
,2017_18981,39.740077,-104.926836,11/7/2017 12:58,12:58,3,0,0,FOREST STREET NORTH & COLFAX AVENUE EAST,1,1,0,0,1,1,0,,25,0,0,0,0,0,2,2,6
,2017_18982,39.740078,-104.925708,3/1/2017 17:21,17:21,3,0,0,COLFAX AVENUE EAST & GLENCOE STREET NORTH,1,1,0,0,1,1,0,,35,0,0,0,0,1,2,2,13
,2017_18983,39.740078,-104.925708,6/1/2017 10:57,10:57,6,0,0,5300 BLOCK EAST COLFAXT STREET & GLENCOE STREET NORTH,1,1,0,0,1,1,0,,35,0,0,0,0,1,2,2,13
,2017_18984,39.740078,-104.925708,11/2/2017 7:44,7:44,15,0,0,GLENCOE STREET 1500 BLOCK NORTH & COLFAX AVENUE EAST,1,1,0,0,1,4,0,,25,0,0,0,0,0,2,2,14
,2017_18985,39.740079,-104.923453,2/20/2017 17:04,17:04,3,0,0,COLFAX AVENUE EAST & HUDSON STREET NORTH,1,1,0,0,1,1,0,,25,0,0,0,0,0,2,2,13
,2017_18986,39.740079,-104.923453,11/27/2017 16:00,16:00,15,0,0,COLFAX AVENUE EAST & HUDSON STREET NORTH,1,1,0,0,1,1,0,,35,0,0,0,0,0,2,3,13
,2017_18987,39.740079,-104.922326,9/16/2017 1:20,1:20,6,0,0,COLFAX AVENUE EAST & HOLLY STREET NORTH,1,3,0,0,1,4,0,,,0,0,0,0,0,2,2,5
,2017_18988,39.740079,-104.921387,7/20/2017 7:59,7:59,15,0,0,COLFAX AVENUE 5600 BLOCK EAST & IVANHOE STREET NORTH,1,1,0,0,1,4,0,,30,0,0,0,0,0,2,2,14
,2017_18989,39.74008,-104.920823,3/17/2017 10:58,10:58,12,0,1,COLFAX AVENUE EAST & IVY STREET NORTH,1,1,0,0,1,3,0,,,0,0,0,0,2,2,2,13
,2017_18990,39.74008,-104.920635,10/16/2017 15:54,15:54,12,0,0,COLFAX AVENUE EAST & IVY STREET NORTH,1,1,0,0,1,1,0,,35,0,0,0,0,0,2,2,13
,2017_18991,39.74008,-104.920447,3/25/2017 3:25,3:25,6,0,0,COLFAX AVENUE EAST & IVY STREET NORTH,1,3,0,0,1,4,0,,30,0,0,0,0,0,2,2,5
,2017_18992,39.74008,-104.919132,7/4/2017 7:37,7:37,6,0,1,COLFAX AVENUE EAST & JERSEY STREET NORTH,1,1,0,0,3,4,0,,35,0,0,0,0,2,2,2,10
,2017_18993,39.74008,-104.918756,8/1/2017 14:08,14:08,3,0,0,COLFAX AVENUE EAST & JASMINE STREET NORTH,1,1,0,0,1,1,0,,35,0,0,0,0,0,2,2,13
,2017_18994,39.740081,-104.916689,9/15/2017 17:20,17:20,12,0,0,COLFAX AVENUE EAST & COLFAX AVENUE 6100 EAST,1,1,0,0,1,3,0,,35,0,0,0,0,1,2,2,13
,2017_18995,39.740083,-104.910488,9/1/2017 15:05,15:05,3,0,0,NIAGARA STREET NORTH & COLFAX AVENUE EAST,1,1,0,0,1,1,0,,,0,0,0,0,0,2,2,13
,2017_18996,39.740081,-104.916313,3/23/2017 15:09,15:09,12,0,0,COLFAX AVENUE EAST & KRAMERIA STREET,1,1,1,0,1,1,0,,35,0,0,0,0,0,2,2,13
,2017_18997,39.740081,-104.916313,4/12/2017 18:29,18:29,3,0,0,COLFAX AVENUE EAST & KRAMERIA STREET NORTH,1,1,1,0,1,1,0,,35,0,0,0,0,0,2,2,3
,2017_18998,39.740081,-104.916313,8/19/2017 17:25,17:25,12,0,0,COLFAX AVENUE EAST & KRAMERIA STREET NORTH,1,1,0,0,1,1,0,,35,0,0,0,0,0,2,3,1
,2017_18999,39.740081,-104.916313,9/8/2017 23:15,23:15,5,0,0,COLFAX AVENUE EAST & KRAMERIA STREET NORTH,1,3,0,0,2,4,0,,,0,0,0,0,0,2,1,5
,2017_19000,39.740081,-104.915562,6/15/2017 9:37,9:37,5,0,3,COLFAX AVENUE 6200 BLOCK EAST & KRAMERIA STREET NORTH,1,1,0,0,3,4,0,,35,0,0,0,0,2,2,1,13
,2017_19001,39.740082,-104.914998,11/3/2017 11:25,11:25,15,0,0,COLFAX AVENUE EAST & LEYDEN STREET NORTH,1,1,0,0,1,4,0,,35,0,0,0,0,0,2,2,7
,2017_19002,39.740082,-104.913871,7/20/2017 17:15,17:15,3,0,0,COLFAX AVENUE EAST & LOCUST STREET NORTH,1,1,0,0,1,1,0,,35,0,0,0,0,0,2,2,1
,2017_19003,39.740082,-104.913871,9/5/2017 13:54,13:54,12,0,0,LOCUST STREET NORTH & COLFAX AVENUE EAST,1,1,1,0,1,1,0,,25,0,0,0,0,0,2,2,13
,2017_19004,39.740082,-104.913871,9/14/2017 8:13,8:13,12,0,0,COLFAX AVENUE EAST & LOCUST STREET NORTH,1,1,0,0,1,1,0,,35,0,0,0,0,0,2,2,13
,2017_19005,39.740082,-104.913683,6/4/2017 14:30,14:30,15,0,0,COLFAX AVENUE 6400 BLOCK NORTH & LOCUST STREET NORTH,1,1,0,0,1,2,0,,30,0,0,0,0,0,2,2,13
,2017_19006,39.740082,-104.912931,1/3/2017 11:15,11:15,12,0,0,COLFAX AVENUE 6400 BLOCK EAST & MONACO PARKWAY SOUTHBOUND,1,1,0,0,1,4,0,,35,0,0,0,0,0,2,2,3
,2017_19007,39.740082,-104.912743,3/4/2017 11:58,11:58,12,0,0,MONACO STREET NORTH & COLFAX AVENUE EAST,1,1,0,0,1,3,0,,30,0,0,0,0,0,2,2,13
,2017_19009,39.740082,-104.912743,6/5/2017 8:35,8:35,3,0,0,MONACO STREET NORTH & COLFAX AVENUE EAST,1,1,0,0,1,1,0,,30,0,0,0,0,0,2,2,13
,2017_19010,39.740085,-104.901093,8/3/2017 16:00,16:00,12,0,0,COLFAX AVENUE EAST & ROSLYN STREET NORTH,1,1,0,0,1,1,0,,35,0,0,0,0,1,2,2,1
,2017_19011,39.740082,-104.912743,8/11/2017 9:41,9:41,3,0,0,MONACO STREET NORTH & COLFAX AVENUE EAST,1,1,0,0,1,1,0,,35,0,0,0,0,0,2,2,7
,2017_19013,39.740082,-104.912743,8/25/2017 6:13,6:13,3,0,1,COLFAX AVENUE EAST & MONACO PARKWAY NORTH,1,1,0,0,1,1,0,,35,0,0,0,0,2,2,2,1
,2017_19014,39.740082,-104.912743,8/28/2017 10:23,10:23,12,0,0,MONACO PARKWAY SOUTHBOUND 1500 BLOCK NORTH & COLFAX AVENUE EAST,1,1,0,0,1,4,0,,30,0,0,0,0,0,2,2,13
,2017_19015,39.740082,-104.912743,9/28/2017 6:20,6:20,3,0,0,COLFAX AVENUE EAST & MONACO STREET NORTH,2,2,0,1,1,3,0,,30,0,0,0,0,0,2,2,7
,2017_19016,39.740082,-104.912743,10/20/2017 9:50,9:50,12,0,0,COLFAX AVENUE EAST & MONACO STREET NORTH,1,1,0,0,1,3,0,,30,0,0,0,0,0,2,2,3
,2017_19017,39.740082,-104.912743,11/4/2017 17:20,17:20,10,0,0,COLFAX AVENUE & MONACO PARKWAY,1,1,0,0,1,1,0,,35,0,0,0,0,0,2,2,3
,2017_19018,39.740082,-104.912367,1/8/2017 1:21,1:21,12,0,0,COLFAX AVENUE EAST & MONACO STREET NORTH,2,3,0,0,1,1,0,,35,0,0,0,0,0,2,2,14
,2017_19019,39.740082,-104.912367,1/24/2017 9:18,9:18,3,0,0,COLFAX AVENUE EAST & MONACO STREET NORTH,1,1,1,4,1,1,0,,30,0,0,0,0,0,2,2,13
,2017_19020,39.740082,-104.912367,1/25/2017 9:40,9:40,3,0,0,COLFAX AVENUE EAST & MONACO STREET NORTH,1,1,0,0,1,1,0,,35,0,0,0,0,1,2,2,13
,2017_19021,39.740082,-104.912367,2/22/2017 9:15,9:15,3,0,0,COLFAX AVENUE EAST & MONACO PARKWAY NORTHBOUND,1,1,0,0,1,1,0,,30,0,0,0,0,1,2,2,7
,2017_19022,39.740082,-104.912367,5/7/2017 2:10,2:10,12,0,0,COLFAX AVENUE EAST & MONACO STREET NORTH,1,3,0,0,1,1,0,,35,0,0,0,0,0,2,2,5
,2017_19023,39.740082,-104.912367,5/13/2017 14:55,14:55,12,0,0,COLFAX AVENUE EAST & MONACO STREET NORTH,1,1,0,0,1,1,0,,30,0,0,0,0,1,2,2,14
,2017_19024,39.740082,-104.912367,5/15/2017 6:00,6:00,3,0,0,MONACO PARKWAY NORTHBOUND & COLFAX AVENUE EAST,1,1,0,0,1,1,0,,35,0,0,0,0,0,2,2,13
,2017_19025,39.740082,-104.912367,6/5/2017 9:06,9:06,3,0,0,COLFAX AVENUE EAST & MONACO STREET NORTH,1,1,0,0,1,1,0,,35,0,0,0,0,0,2,2,7
,2017_19026,39.740082,-104.912367,6/9/2017 6:21,6:21,12,0,0,COLFAX AVENUE EAST & MONACO STREET NORTH,1,1,0,0,1,1,0,,35,0,0,0,0,1,2,2,7
,2017_19027,39.740082,-104.912367,6/16/2017 10:44,10:44,3,0,0,COLFAX AVENUE EAST & MONACO STREET NORTH,1,1,0,0,1,1,0,,35,0,0,0,0,0,2,2,8
,2017_19028,39.740082,-104.912367,7/14/2017 6:50,6:50,3,0,0,COLFAX AVENUE EAST & MONACO STREET ROAD NORTH,1,1,0,0,1,1,0,,30,0,0,0,0,1,2,2,13
,2017_19029,39.740082,-104.912367,8/5/2017 21:45,21:45,12,0,0,COLFAX AVENUE EAST & MONACO STREET NORTH,1,3,0,0,1,1,0,,35,0,0,0,0,0,2,3,7
,2017_19030,39.740082,-104.912367,8/14/2017 10:57,10:57,3,0,0,COLFAX AVENUE EAST & MONACO STREET NORTH,1,1,0,0,1,1,0,,35,0,0,0,0,0,2,2,13
,2017_19031,39.740082,-104.912367,10/21/2017 3:00,3:00,12,0,0,COLFAX AVENUE EAST & MONACO STREET NORTH,1,3,0,0,1,1,0,,,0,0,0,0,0,2,2,13
,2017_19032,39.740082,-104.912367,10/24/2017 15:00,15:00,3,0,0,COLFAX AVENUE EAST & MONACO STREET NORTH,1,1,0,0,1,1,0,,35,0,0,0,0,0,2,2,8
,2017_19033,39.740082,-104.912367,12/8/2017 12:32,12:32,3,0,1,COLFAX AVENUE EAST & MONACO STREET NORTH,1,1,0,0,1,1,0,,35,0,0,0,0,2,2,2,13
,2017_19034,39.740083,-104.911428,12/4/2017 18:33,18:33,12,0,0,COLFAX AVENUE EAST & MAGNOLIA STREET NORTH,1,3,0,0,1,4,0,,35,0,0,0,0,0,2,2,12
,2017_19035,39.740083,-104.910488,10/17/2017 7:33,7:33,12,0,0,COLFAX AVENUE 6700 BLOCK EAST & NIAGARA STREET NORTH,1,1,0,0,1,4,0,,30,0,0,0,0,1,2,5,3
,2017_19036,39.740083,-104.910488,10/19/2017 16:30,16:30,12,0,0,COLFAX AVENUE EAST & NIAGARA STREET NORTH,1,1,0,0,1,4,0,,30,0,0,0,0,0,2,2,13
,2017_19037,39.740083,-104.910301,6/12/2017 9:29,9:29,12,0,0,COLFAX AVENUE EAST & NIAGARA STREET NORTH,1,1,0,0,1,4,0,,35,0,0,0,0,0,2,2,14
,2017_19038,39.740083,-104.909361,10/6/2017 10:35,10:35,3,0,0,NEWPORT STREET NORTH & COLFAX AVENUE EAST,1,1,0,0,1,1,0,,25,0,0,0,0,0,2,2,13
,2017_19039,39.740083,-104.909361,11/11/2017 9:03,9:03,6,0,1,COLFAX AVENUE EAST 6800 & NEWPORT STREET NORTH,1,1,0,0,1,4,0,,35,0,0,0,0,2,2,2,13
,2017_19040,39.740083,-104.909173,4/17/2017 18:07,18:07,12,0,0,COLFAX AVENUE EAST & NEWPORT STREET NORTH,1,1,0,0,1,4,0,,35,0,0,0,0,1,2,2,14
,2017_19042,39.740083,-104.908233,8/28/2017 16:14,16:14,15,0,0,COLFAX AVENUE EAST & ONEIDA STREET NORTH,1,1,0,0,1,1,0,,30,0,0,0,0,0,2,2,13
,2017_19043,39.740083,-104.908233,12/4/2017 12:54,12:54,12,0,0,COLFAX AVENUE EAST & ONEIDA STREET NORTH,1,1,0,0,1,1,0,,35,0,0,0,0,1,2,2,13
,2017_19044,39.740084,-104.904099,6/25/2017 7:51,7:51,12,0,0,COLFAX AVENUE EAST & QUEBEC STREET NORTH,1,1,0,0,1,3,0,,35,0,0,0,0,0,2,3,3
,2017_19045,39.740084,-104.903912,7/17/2017 17:22,17:22,15,0,0,COLFAX AVENUE EAST & QUEBEC STREET NORTH,1,1,0,0,1,4,0,,35,0,0,0,0,0,2,2,3
,2017_19046,39.740084,-104.903724,8/23/2017 14:20,14:20,6,0,0,COLFAX AVENUE EAST & QUEBEC STREET NORTH,1,1,0,0,1,4,0,,35,0,0,0,0,0,2,2,14
,2017_19047,39.740084,-104.903536,2/25/2017 1:59,1:59,3,0,0,COLFAX AVENUE EAST & QUEBEC STREET NORTH,1,3,0,0,1,1,0,,,0,0,0,0,0,2,2,13
,2017_19048,39.740084,-104.903536,3/8/2017 6:45,6:45,12,0,0,COLFAX AVENUE EAST & QUEBEC STREET NORTH,1,1,0,0,1,3,0,,35,0,0,0,0,1,2,2,7
,2017_19049,39.740084,-104.903536,3/19/2017 8:15,8:15,3,0,0,QUEBEC STREET NORTH & COLFAX AVENUE EAST,1,1,0,0,1,1,0,,30,0,0,0,0,0,2,2,7
,2017_19050,39.740084,-104.903536,4/28/2017 12:43,12:43,3,0,0,COLFAX AVENUE EAST & QUEBEC STREET NORTH,1,1,0,0,1,2,0,,35,0,0,0,0,0,2,2,13
,2017_19051,39.740084,-104.903536,8/14/2017 15:43,15:43,3,0,0,COLFAX AVENUE EAST & QUEBEC STREET NORTH,1,1,0,0,1,1,0,,35,0,0,0,0,0,2,2,13
,2017_19052,39.740084,-104.903536,8/17/2017 3:50,3:50,3,0,1,COLFAX AVENUE EAST & QUEBEC STREET NORTH,1,3,0,0,1,1,0,,35,0,0,0,0,2,2,2,14
,2017_19053,39.740084,-104.903536,9/15/2017 12:20,12:20,15,0,0,COLFAX AVENUE EAST & QUEBEC STREET NORTH,1,1,0,0,1,3,0,,35,0,0,0,0,0,2,2,13
,2017_19054,39.740084,-104.903536,9/20/2017 5:19,5:19,3,0,0,COLFAX AVENUE EAST & QUEBEC STREET NORTH,1,3,0,0,1,1,0,,35,0,0,0,0,0,2,2,3
,2017_19055,39.740084,-104.903536,10/24/2017 15:36,15:36,12,0,0,COLFAX AVENUE EAST & QUEBEC STREET NORTH,1,1,0,0,1,1,0,,35,0,0,0,0,0,2,2,13
,2017_19056,39.740084,-104.903536,10/27/2017 10:28,10:28,12,0,0,QUEBEC STREET 1400 BLOCK NORTH & COLFAX AVENUE EAST,1,1,0,0,1,3,0,,30,0,0,0,0,0,2,2,13
,2017_19057,39.740084,-104.903536,11/7/2017 10:05,10:05,8,0,0,COLFAX AVENUE EAST & QUEBEC STREET,1,1,0,0,1,1,0,,35,0,0,0,0,1,2,2,5
,2017_19058,39.740085,-104.90222,2/7/2017 6:55,6:55,3,0,0,COLFAX AVENUE EAST & QUINCE STREET NORTH,1,2,0,0,1,1,0,,25,0,0,0,0,1,2,2,13
,2017_19060,39.740085,-104.898651,3/14/2017 15:16,15:16,1,0,0,COLFAX AVENUE EAST & SYRACUSE STREET NORTH,1,1,0,0,1,1,0,,35,0,0,0,0,0,2,2,3
,2017_19061,39.740085,-104.90222,4/10/2017 15:01,15:01,12,0,0,COLFAX AVENUE EAST & QUINCE STREET NORTH,1,1,0,0,1,4,0,,35,0,0,0,0,0,2,3,3
,2017_19062,39.740085,-104.90222,7/14/2017 11:34,11:34,12,0,0,COLFAX AVENUE EAST & QUINCE STREET NORTH,1,1,0,0,1,1,0,,35,0,0,0,0,1,2,2,3