id,drcog_id,latitude,longitude,crashtime,time,crashtype,numbkilled,numbinjurd,drcoglocat,rdconditin,lightngcon,roadcntgrd,weatherco,location,roaddescrp,constrzone,schoolzone,splimit,bikeinv,pedinv,sctrinv,motoinv,svrty,rdsystem,ttlvehcls,hcf
,2017_19063,39.740085,-104.90222,8/24/2017 8:40,8:40,1,0,0,COLFAX AVENUE EAST & QUINCE STREET NORTH,1,1,0,0,1,1,0,,35,0,0,0,0,1,2,2,13
,2017_19064,39.740085,-104.90222,9/4/2017 5:54,5:54,12,0,0,COLFAX AVENUE EAST & QUINCE STREET,1,3,0,0,1,1,0,,35,0,0,0,0,0,2,2,1
,2017_19065,39.740085,-104.90222,12/14/2017 17:05,17:05,15,0,0,COLFAX AVENUE EAST & QUINCE STREET NORTH,1,3,0,0,1,4,0,,35,0,0,0,0,0,2,2,1
,2017_19066,39.740085,-104.901657,5/18/2017 16:50,16:50,6,0,0,COLFAX AVENUE EAST & ROSLYN STREET NORTH ROAD SOUTH,2,1,0,1,3,4,0,,30,0,0,0,0,0,2,3,7
,2017_19067,39.740007,-104.979792,11/1/2017 0:44,0:44,3,0,0,PEARL STREET NORTH & COLFAX AVENUE EAST,1,3,1,0,1,1,0,,,0,0,0,0,0,2,2,13
,2017_19068,39.740085,-104.901093,3/14/2017 15:11,15:11,12,0,0,COLFAX AVENUE EAST & ROSLYN STREET,1,1,0,0,1,1,0,,35,0,0,0,0,1,2,2,13
,2017_19069,39.740085,-104.900717,8/22/2017 8:32,8:32,12,0,0,COLFAX AVENUE 7400 BLOCK EAST & ROSLYN STREET NORTH,1,1,0,0,1,4,0,,35,0,0,0,0,1,2,2,13
,2017_19070,39.740085,-104.900154,8/2/2017 17:30,17:30,12,0,0,COLFAX AVENUE 7500 BLOCK EAST & ROSEMARY STREET NORTH,1,1,0,0,1,4,0,,35,0,0,0,0,1,2,4,3
,2017_19071,39.740085,-104.899966,6/5/2017 11:42,11:42,12,0,0,COLFAX AVENUE 7500 BLOCK EAST & ROSEMARY STREET NORTH,1,1,0,0,1,4,0,,35,0,0,0,0,1,2,2,13
,2017_19072,39.740085,-104.898651,7/16/2017 16:10,16:10,15,0,0,COLFAX AVENUE EAST & SYRACUSE STREET NORTH,1,1,0,0,1,1,0,,35,0,0,0,0,0,2,2,3
,2017_19074,39.740085,-104.898651,9/15/2017 16:10,16:10,3,0,0,COLFAX AVENUE EAST & SYRACUSE STREET NORTH,1,1,0,0,1,1,0,,20,0,0,0,0,1,2,2,13
,2017_19075,39.740085,-104.898651,9/27/2017 15:53,15:53,5,0,0,COLFAX AVENUE EAST & SYRACUSE STREET NORTH,1,1,0,0,3,1,0,,25,0,0,0,0,0,2,3,14
,2017_19076,39.740085,-104.897523,10/5/2017 10:06,10:06,3,0,0,SPRUCE STREET NORTH & COLFAX AVENUE EAST,1,1,0,0,1,1,0,,25,0,0,0,0,1,2,2,13
,2017_19077,39.740086,-104.895268,2/14/2017 16:43,16:43,3,0,0,COLFAX AVENUE EAST & TAMARAC STREET NORTH,1,1,0,0,1,1,0,,25,0,0,0,0,0,2,2,3
,2017_19078,39.740086,-104.895268,9/9/2017 4:30,4:30,6,0,0,COLFAX AVENUE EAST & TAMARAC STREET NORTH,1,3,0,0,1,4,0,,20,0,0,0,0,0,2,4,1
,2017_19079,39.740086,-104.893953,4/5/2017 13:49,13:49,12,0,0,ULSTER STREET & COLFAX AVENUE EAST,1,1,0,0,1,2,0,,5,0,0,0,0,0,2,2,3
,2017_19080,39.740002,-104.976421,1/28/2017 1:14,1:14,1,0,0,COLFAX AVENUE & 800 BLOCK EAST,1,3,0,0,1,2,0,,,0,0,0,0,0,2,2,13
,2017_19081,39.740086,-104.893953,8/23/2017 8:39,8:39,15,0,0,ULSTER STREET NORTH & COLFAX AVENUE EAST,1,1,0,0,1,3,0,,25,0,0,0,0,0,2,2,13
,2017_19082,39.740086,-104.893953,10/30/2017 15:44,15:44,3,0,0,COLFAX AVENUE EAST & ULSTER STREET NORTH,1,1,0,0,1,1,0,,30,0,0,0,0,1,2,3,1
,2017_19083,39.740086,-104.893201,2/25/2017 14:40,14:40,12,0,0,COLFAX AVENUE & 8100 BLOCK EAST,1,1,0,0,1,4,0,,30,0,0,0,0,0,2,2,13
,2017_19084,39.740086,-104.893201,3/16/2017 7:30,7:30,12,0,0,COLFAX AVENUE & UINTA STREET NORTH,1,2,0,0,1,4,0,,35,0,0,0,0,0,2,2,14
,2017_19085,39.740086,-104.892825,7/22/2017 23:00,23:00,3,0,0,COLFAX AVENUE EAST & UINTA STREET NORTH,1,3,0,0,1,1,0,,25,0,0,0,0,0,2,2,13
,2017_19086,39.740086,-104.892825,8/24/2017 13:15,13:15,15,0,0,COLFAX AVENUE 8100 BLOCK EAST & UINTA STREET NORTH,1,1,0,0,1,4,0,,35,0,0,0,0,0,2,2,7
,2017_19087,39.740086,-104.89057,9/7/2017 7:40,7:40,12,0,0,COLFAX AVENUE EAST & VERBENA STREET,1,1,0,0,1,4,0,,35,0,0,0,0,0,2,2,7
,2017_19088,39.740086,-104.89057,12/4/2017 20:54,20:54,3,0,0,COLFAX AVENUE EAST & VERBENA STREET NORTH,1,3,0,0,1,1,0,,25,0,0,0,0,0,2,2,3
,2017_19089,39.740086,-104.889443,2/28/2017 18:03,18:03,3,0,0,COLFAX AVENUE EAST & WABASH STREET NORTH,4,4,0,2,1,1,0,,35,0,0,0,0,0,2,2,13
,2017_19090,39.740086,-104.889443,3/30/2017 13:56,13:56,1,0,0,COLFAX AVENUE EAST & WABASH STREET NORTH,1,1,0,0,1,1,0,,,0,0,0,0,0,2,2,13
,2017_19091,39.740086,-104.889443,4/1/2017 7:17,7:17,3,0,0,COLFAX AVENUE EAST & WABASH STREET NORTH,2,1,0,0,1,1,0,,25,0,0,0,0,0,2,2,2
,2017_19092,39.740086,-104.889443,9/15/2017 23:41,23:41,15,0,0,COLFAX AVENUE EAST & WABASH STREET NORTH,2,3,0,0,1,1,0,,35,0,0,0,0,0,2,2,7
,2017_19093,39.740086,-104.889256,10/14/2017 14:20,14:20,12,0,0,COLFAX AVENUE 8500 BLOCK EAST & WABASH STREET NORTH,1,1,0,0,1,4,0,,35,0,0,0,0,0,2,2,13
,2017_19156,39.740009,-104.968553,3/29/2017 15:00,15:00,15,0,0,PARK AVENUE WEST / FRANKLIN & COLFAX AVENUE EAST,1,1,0,0,1,1,0,,,0,0,0,0,0,2,2,13
,2017_19168,39.651102,-104.8848435,1/18/2017 16:06,16:06,1,0,0,JEFFERSON AVENUE EAST & YOSEMITE STREET SOUTH,1,1,0,0,1,1,0,,30,0,0,0,0,1,4,2,13
,2017_19272,39.740174,-104.954259,2/25/2017 20:19,20:19,6,0,0,COLFAX AVENUE EAST & DETROIT STREET NORTH,1,3,0,0,1,4,0,,30,0,0,0,0,0,2,2,14
,2017_19296,39.740158,-104.949366,12/9/2017 6:23,6:23,6,0,0,COLFAX AVENUE EAST & STEELE STREET NORTH,1,1,0,0,1,4,0,,30,0,0,0,0,0,2,2,13
,2017_19366,39.73172738,-104.9193956,8/14/2017 23:40,23:40,5,0,0,JERSEY STREET 1000 BLOCK NORTH & 11TH AVENUE EAST,1,4,0,0,1,4,0,,25,0,0,0,0,0,4,1,14
,2017_19409,39.740084,-104.903536,9/7/2017 8:16,8:16,12,0,0,QUEBEC STREET 1500 BLOCK NORTH & COLFAX AVENUE EAST,1,1,0,0,1,4,0,,25,0,0,0,0,0,2,2,14
,2017_19573,39.68215462,-104.9760718,8/12/2017 15:48,15:48,12,0,0,JEWELL AVENUE & 3200 BLOCK WEST,2,1,0,1,1,4,0,,30,0,0,0,0,0,4,2,13
,2017_20322,39.748941,-104.9995305,3/18/2017 21:26,21:26,15,0,0,15TH STREET & MARKET STREET,1,3,0,0,1,1,0,,25,0,0,0,0,0,4,2,8
,2017_20517,39.678552,-104.9828715,11/22/2017 15:48,15:48,6,0,0,LOGAN STREET 2100 BLOCK SOUTH & EVANS AVENUE EAST,1,1,0,0,1,4,0,,,0,0,0,0,0,4,2,13
,2017_20615,39.783526,-105.043893,10/5/2017 11:51,11:51,5,0,0,I70 & TENNYSON STREET NORTH,1,1,1,0,2,4,0,,55,0,0,0,0,0,1,1,13
,2017_20655,39.784195,-105.025519,1/13/2017 14:43,14:43,5,0,0,I70 & FEDERAL BOULEVARD NORTH,1,1,0,0,1,4,1,,,0,0,0,0,0,1,2,13
,2017_20717,39.783267,-105.008238,5/23/2017 7:50,7:50,12,0,0,I70 & PECOS STREET NORTH,1,1,1,0,1,4,0,,55,0,0,0,0,0,1,3,13
,2017_20723,39.783566,-105.05323,2/8/2017 12:38,12:38,12,0,0,I70 EASTBOUND & SHERIDAN BOULEVARD,1,1,1,0,1,4,0,,65,0,0,0,0,1,1,2,14
,2017_20724,39.783566,-105.05323,3/13/2017 2:15,2:15,5,0,0,I70 & SHERIDAN BOULEVARD NORTH,1,3,0,0,2,4,0,,55,0,0,0,0,0,1,1,14
,2017_20725,39.783566,-105.05323,3/25/2017 19:44,19:44,15,0,0,I70 & SHERIDAN BOULEVARD NORTH,1,2,0,0,1,4,0,,55,0,0,0,0,1,1,2,13
,2017_20726,39.783566,-105.05323,4/15/2017 7:30,7:30,15,0,0,I70 & SHERIDAN BOULEVARD NORTH,1,1,0,0,1,4,0,,,0,0,0,0,0,1,3,13
,2017_20727,39.783566,-105.05323,9/20/2017 13:26,13:26,12,0,0,I70 & SHERIDAN BOULEVARD,1,1,0,0,1,4,0,,65,0,0,0,0,1,1,2,14
,2017_20728,39.783566,-105.05323,11/9/2017 22:49,22:49,12,0,0,I70 & SHERIDAN BOULEVARD NORTH,5,4,0,4,1,4,0,,55,0,0,0,0,0,1,2,13
,2017_20729,39.783566,-105.05323,12/7/2017 16:16,16:16,12,0,0,I70 WB OFF RAMP & SHERIDAN BOULEVARD NORTH,1,2,0,0,1,8,0,,25,0,0,0,0,0,1,2,7
,2017_20730,39.783566,-105.05323,12/19/2017 9:40,9:40,12,0,0,I70 WB OFF RAMP & SHERIDAN BOULEVARD NORTH,1,1,0,0,1,8,0,,15,0,0,0,0,0,1,2,13
,2017_20731,39.783618,-105.053062,10/8/2017 3:17,3:17,12,0,0,I70 & SHERIDAN BOULEVARD NORTH,1,3,0,0,1,4,0,,55,0,0,0,0,0,1,2,14
,2017_20732,39.783669,-105.052895,1/8/2017 4:05,4:05,5,0,0,I70 & SHERIDAN BOULEVARD NORTH,5,3,1,0,2,4,0,,55,0,0,0,0,0,1,1,1
,2017_20734,39.784107,-105.051937,1/2/2017 8:16,8:16,12,0,0,I70 & SHERIDAN BOULEVARD,1,1,0,0,1,4,0,,55,0,0,0,0,0,1,3,14
,2017_20735,39.784107,-105.051937,11/2/2017 3:35,3:35,14,0,0,I70 & SHERIDAN BOULEVARD NORTH,1,3,0,0,1,4,0,,55,0,0,0,0,0,1,2,13
,2017_20736,39.784107,-105.051937,8/2/2017 15:00,15:00,15,0,0,I70 WB OFF RAMP & SHERIDAN BOULEVARD NORTH,1,1,1,0,1,8,0,,45,0,0,0,0,0,1,2,13
,2017_20737,39.784716,-105.050595,3/8/2017 17:49,17:49,5,0,0,I70 & SHERIDAN BOULEVARD NORTH,1,1,1,0,1,4,0,,55,0,0,0,0,1,1,2,13
,2017_20738,39.784716,-105.050595,8/12/2017 1:30,1:30,5,0,0,I70 & SHERIDAN BOULEVARD NORTH,1,4,1,0,2,4,0,,65,0,0,0,0,0,1,2,14
,2017_20739,39.78498,-105.04936,11/24/2017 14:00,14:00,12,0,1,I70 & SHERIDAN BOULEVARD NORTH APPROXIMATELY,1,1,0,0,1,4,0,,,0,0,0,1,2,1,2,13
,2017_20740,39.784392,-105.046414,9/29/2017 16:20,16:20,12,0,0,I70 & VRAIN STREET,1,1,0,0,1,4,0,,55,0,0,0,0,0,1,2,3
,2017_20741,39.783687,-105.04473,8/22/2017 14:20,14:20,12,0,0,I70 & SHERIDAN BOULEVARD NORTH,1,1,0,0,1,4,0,,55,0,0,0,0,0,1,2,1
,2017_20742,39.783526,-105.043893,1/2/2017 7:43,7:43,12,0,1,I70 & TENNYSON STREET NORTH,1,1,0,0,1,4,0,,55,0,0,0,0,2,1,2,14
,2017_20743,39.783526,-105.043893,7/20/2017 9:40,9:40,9,0,0,I70 & TENNYSON STREET NORTH,1,1,0,0,1,4,0,,55,0,0,0,0,0,1,2,13
,2017_20744,39.783526,-105.043893,7/31/2017 12:29,12:29,15,0,0,I70 & TENNYSON STREET NORTH,1,1,0,0,1,4,0,,55,0,0,0,0,0,1,2,7
,2017_20745,39.783526,-105.043893,9/18/2017 13:07,13:07,5,0,0,I70 & TENNYSON STREET NORTH,1,1,0,0,3,4,0,,55,0,0,0,0,0,1,1,14
,2017_20746,39.783526,-105.043893,9/19/2017 15:49,15:49,15,0,0,I70 & TENNYSON STREET NORTH,1,1,0,0,1,4,0,,55,0,0,0,0,0,1,2,13
,2017_20747,39.783526,-105.043893,10/5/2017 19:57,19:57,12,0,0,I70 & TENNYSON STREET NORTH,1,3,1,0,1,4,0,,55,0,0,0,0,0,1,2,7
,2017_20748,39.783474,-105.04226,6/2/2017 13:47,13:47,12,0,0,I70 & 4200 BLOCK,1,1,0,0,1,4,0,,65,0,0,0,0,0,1,2,13
,2017_20749,39.783474,-105.04226,6/6/2017 16:45,16:45,12,0,0,I70 & 4200 BLOCK,1,1,1,0,1,4,0,,65,0,0,0,0,0,1,2,3
,2017_20750,39.783473,-105.040525,9/11/2017 19:26,19:26,12,0,0,I70 & I70 4100 BLOCK WEST,1,1,1,0,1,4,0,,65,0,0,0,0,0,1,2,10
,2017_20751,39.783396,-105.035388,12/18/2017 2:37,2:37,5,0,0,I70 & FEDERAL BOULEVARD NORTH,1,4,1,0,2,4,0,,55,0,0,0,0,0,1,1,14
,2017_20752,39.783357,-105.034655,1/19/2017 8:40,8:40,12,0,0,I70 & LOWELL BOULEVARD,1,1,0,0,1,4,0,,55,0,0,0,0,0,1,2,14
,2017_20753,39.783357,-105.034655,7/1/2017 15:36,15:36,15,0,0,I70 & LOWELL BOULEVARD NORTH,1,1,1,0,1,4,0,,65,0,0,0,0,0,1,2,13
,2017_20754,39.783357,-105.034655,10/7/2017 17:31,17:31,12,0,0,I70 & LOWELL BOULEVARD NORTH,1,2,0,0,1,4,0,,55,0,0,0,0,0,1,2,14
,2017_20755,39.783357,-105.034655,12/8/2017 14:01,14:01,15,0,0,I70 & LOWELL BOULEVARD NORTH,1,1,0,0,1,4,0,,55,0,0,0,0,0,1,2,14
,2017_20756,39.783357,-105.034655,4/15/2017 16:36,16:36,3,0,0,LOWELL BOULEVARD NORTH & I70 WB RAMP OFF,1,1,0,0,1,1,0,,10,0,0,0,0,0,1,2,13
,2017_20757,39.783357,-105.034655,5/12/2017 17:09,17:09,3,0,0,LOWELL BOULEVARD NORTH & I70 WB RAMP OFF,1,1,1,0,1,1,0,,35,0,0,0,0,0,1,3,13
,2017_20758,39.783347,-105.034472,2/22/2017 14:51,14:51,9,0,1,I70 & LOWELL BOULEVARD NORTH,7,1,1,0,2,4,0,,55,0,0,0,1,2,1,1,7
,2017_20759,39.783347,-105.034472,2/10/2017 9:13,9:13,12,0,0,I70 WB SLIP RAMP OFF & LOWELL BOULEVARD NORTHBOUND,1,1,0,0,1,8,0,,35,0,0,0,0,0,1,2,14
,2017_20760,39.783347,-105.034472,4/20/2017 19:00,19:00,12,0,0,I70 WB RAMP OFF & LOWELL BOULEVARD NORTH,2,2,1,1,1,8,0,,35,0,0,0,0,0,1,2,2
,2017_20761,39.783317,-105.033922,8/28/2017 9:00,9:00,15,0,0,I70 & LOWELL BOULEVARD NORTH,1,1,1,0,1,4,0,,55,0,0,0,0,0,1,2,5
,2017_20762,39.784204,-105.024348,9/27/2017 10:35,10:35,15,0,0,I70 & FEDERAL BOULEVARD NORTH,1,1,0,0,1,4,0,,55,0,0,0,0,0,1,2,10
,2017_20763,39.783517,-105.031326,8/30/2017 7:49,7:49,12,0,0,I70 & LOWELL BOULEVARD NORTH,1,1,0,0,1,4,0,,55,0,0,0,0,1,1,2,7
,2017_20764,39.783541,-105.031168,10/25/2017 8:14,8:14,12,0,0,I70 & NORTH FEDERAL BOULEVARD,1,1,0,0,1,4,0,,55,0,0,0,0,1,1,2,1
,2017_20765,39.783565,-105.03101,5/21/2017 23:25,23:25,5,0,0,I70 & LOWELL BOULEVARD NORTH,2,3,0,1,3,4,0,,55,0,0,0,0,0,1,1,5
,2017_20766,39.783979,-105.027211,6/7/2017 15:14,15:14,5,0,0,I70 EASTBOUND RAMP OFF GORE AREA & FEDERAL BOULEVARD NORTH,1,1,1,0,2,8,0,,45,0,0,0,0,0,1,1,7
,2017_20767,39.784019,-105.028008,7/13/2017 18:57,18:57,12,0,0,I70 & FEDERAL BOULEVARD NORTH,1,1,0,0,1,4,0,,55,0,0,0,0,0,1,2,8
,2017_20768,39.784162,-105.026393,11/16/2017 15:31,15:31,12,0,0,I70 EASTBOUND RAMP OFF & FEDERAL BOULEVARD NORTH,1,1,1,0,1,8,0,,30,0,0,0,0,0,1,2,13
,2017_20769,39.784162,-105.026393,5/28/2017 23:04,23:04,5,0,0,I70 WB RAMP ON & FEDERAL BOULEVARD NORTH,1,3,0,0,3,8,0,,,0,0,0,0,0,1,1,14
,2017_20770,39.784178,-105.025956,7/11/2017 23:00,23:00,12,0,0,I70 & FEDERAL BOULEVARD NORTH,1,3,0,0,1,4,0,,55,0,0,0,0,0,1,2,14
,2017_20771,39.784178,-105.025956,6/15/2017 10:10,10:10,12,0,0,I70 EASTBOUND RAMP OFF & MM 272,1,1,1,0,1,8,0,,45,0,0,0,0,0,1,2,13
,2017_20772,39.784178,-105.025956,10/11/2017 6:48,6:48,12,0,0,I70 EASTBOUND OFF RAMP & FEDERAL BOULEVARD NORTH,1,1,0,0,1,8,0,,35,0,0,0,0,0,1,2,14
,2017_20773,39.784178,-105.025956,5/22/2017 6:27,6:27,12,0,0,I70 EASTBOUND OFF RAMP & FEDERAL BOULEVARD NORTH,1,1,0,0,1,8,0,,55,0,0,0,0,0,1,2,13
,2017_20774,39.784195,-105.025519,1/3/2017 16:28,16:28,15,0,0,I70 HIGHWAY EASTBOUND & FEDERAL BOULEVARD NORTH,1,2,1,0,1,4,0,,55,0,0,0,0,1,1,2,13
,2017_20775,39.784195,-105.025519,2/7/2017 6:57,6:57,15,0,0,I70 & FEDERAL BOULEVARD NORTH INTERCHANGE,1,1,0,0,1,4,0,,65,0,0,0,0,0,1,2,13
,2017_20776,39.784195,-105.025519,2/11/2017 11:50,11:50,12,0,0,I70 & FEDERAL BOULEVARD NORTH APPROXIMATELY,1,1,1,0,1,4,0,,65,0,0,0,0,1,1,2,13
,2017_20777,39.784195,-105.025519,2/15/2017 8:39,8:39,12,0,0,I70 & FEDERAL BOULEVARD NORTH,1,1,0,0,1,4,0,,55,0,0,0,0,0,1,3,3
,2017_20778,39.784195,-105.025519,2/16/2017 8:15,8:15,12,0,0,I70 & FEDERAL BOULEVARD NORTH,1,1,2,0,1,4,0,,55,0,0,0,0,0,1,3,13
,2017_20779,39.784195,-105.025519,7/20/2017 7:47,7:47,12,0,0,I70 & FEDERAL BOULEVARD NORTH,1,1,0,0,1,4,0,,55,0,0,0,0,0,1,2,14
,2017_20780,39.784195,-105.025519,8/25/2017 7:15,7:15,12,0,0,I70 & FEDERAL BOULEVARD NORTH,1,1,0,0,1,4,0,,55,0,0,0,0,0,1,2,13
,2017_20781,39.784195,-105.025519,9/29/2017 7:04,7:04,5,0,0,I70 & FEDERAL BOULEVARD NORTH,1,1,0,0,2,4,0,,65,0,0,0,0,1,1,1,14
,2017_20782,39.784195,-105.025519,10/30/2017 13:14,13:14,15,0,0,I70 & FEDERAL BOULEVARD NORTH,2,1,0,0,1,4,0,,55,0,0,0,0,0,1,2,7
,2017_20783,39.779441,-104.979019,5/15/2017 7:45,7:45,3,0,0,I70 EASTBOUND OFF RAMP & WASHINGTON STREET NORTH,1,1,0,0,1,3,0,,,0,0,0,0,1,1,2,13
,2017_20784,39.784195,-105.025519,11/11/2017 18:26,18:26,12,0,0,I70 & FEDERAL BOULEVARD NORTH,1,3,0,0,1,4,0,,55,0,0,0,0,0,1,5,12
,2017_20785,39.784195,-105.025519,11/27/2017 7:52,7:52,12,0,0,I70 & FEDERAL BOULEVARD NORTH,1,1,0,0,1,4,0,,55,0,0,0,0,0,1,2,13
,2017_20786,39.784211,-105.025084,6/12/2017 0:07,0:07,12,0,0,I70 & FEDERAL BOULEVARD NORTH,1,3,0,0,1,4,0,,65,0,0,0,0,0,1,2,14
,2017_20787,39.784211,-105.025084,8/20/2017 17:45,17:45,15,0,0,HIGHWAY I70 & FEDERAL BOULEVARD NORTH,1,1,0,0,1,4,0,,55,0,0,0,0,0,1,2,13
,2017_20788,39.784211,-105.025084,11/30/2017 7:46,7:46,12,0,0,I70 & FEDERAL BOULEVARD NORTH,1,1,0,0,1,4,0,,55,0,0,0,0,1,1,2,14
,2017_20789,39.784211,-105.025084,11/28/2017 14:15,14:15,12,0,0,I70 WB OFF RAMP & FEDERAL BOULEVARD NORTH,1,1,1,0,1,8,0,,35,0,0,0,0,0,1,2,3
,2017_20790,39.784204,-105.024348,4/28/2017 6:45,6:45,12,0,0,I70 & FEDERAL BOULEVARD NORTH,1,1,0,0,1,4,0,,55,0,0,0,0,0,1,2,14
,2017_20791,39.783766,-105.021193,5/24/2017 8:11,8:11,12,0,0,I70 & FEDERAL BOULEVARD NORTH EASTBOUND RAMP ON GORE,1,1,0,0,1,4,0,,55,0,0,0,0,0,1,4,14
,2017_20792,39.783571,-105.015888,8/24/2017 11:05,11:05,12,0,0,I70 & ZUNI STREET NORTH,1,1,0,0,1,4,0,,55,0,0,0,0,0,1,2,13
,2017_20793,39.783571,-105.015721,1/11/2017 18:30,18:30,9,0,0,I70 & FEDERAL BOULEVARD NORTH,1,3,1,0,2,4,0,,55,0,0,0,0,0,1,2,1
,2017_20795,39.783571,-105.015721,6/27/2017 17:10,17:10,5,0,0,I70 & FEDERAL BOULEVARD NORTH,1,1,0,0,2,4,0,,55,0,0,0,0,0,1,1,1
,2017_20796,39.783498,-105.012241,10/7/2017 17:16,17:16,12,0,0,I70 & PECOS STREET NORTH,1,1,0,0,1,4,0,,55,0,0,0,0,0,1,2,13
,2017_20797,39.783472,-105.010967,5/8/2017 7:36,7:36,12,0,0,I70 & PECOS STREET NORTH,1,1,1,0,1,4,0,,65,0,0,0,0,0,1,2,8
,2017_20798,39.783472,-105.010967,7/7/2017 11:44,11:44,15,0,2,I70 & PECOS STREET NORTH,1,1,1,0,1,4,0,,55,0,0,0,0,2,1,2,1
,2017_20799,39.783472,-105.010967,11/18/2017 9:30,9:30,15,0,0,I70 & PECOS STREET NORTH,1,1,0,0,1,4,0,,55,0,0,0,0,0,1,2,13
,2017_20800,39.783443,-105.010422,8/1/2017 8:19,8:19,12,0,0,I70 & PECOS STREET NORTH EASTBOUND EXIT GORE APPROXIMATELY,1,1,0,0,1,4,0,,65,0,0,0,0,0,1,3,14
,2017_20801,39.779441,-104.979019,7/29/2017 2:05,2:05,3,0,0,I70 EASTBOUND & WASHINGTON STREET NORTH,1,3,0,0,1,1,0,,35,0,0,0,0,0,1,2,13
,2017_20802,39.783299,-105.008602,6/23/2017 8:58,8:58,15,0,0,I70 EASTBOUND EXIT & PECOS STREET NORTH,1,1,0,0,1,4,0,,55,0,0,0,0,0,1,3,1
,2017_20803,39.783251,-105.008056,1/30/2017 14:34,14:34,12,0,0,I70 & PECOS STREET NORTH,1,1,0,0,1,4,0,,55,0,0,0,0,0,1,2,13
,2017_20804,39.783149,-105.006371,6/14/2017 13:30,13:30,9,0,0,PECOS STREET NORTH & I70 HIGHWAY EASTBOUND RAMP,1,1,0,0,1,1,0,,20,0,0,0,0,0,1,1,14
,2017_20805,39.78317,-105.007146,5/31/2017 16:54,16:54,12,0,0,I70 & PECOS STREET NORTH,1,1,0,0,1,4,0,,65,0,0,0,0,0,1,3,3
,2017_20806,39.78317,-105.007146,6/26/2017 23:22,23:22,15,0,0,I70 & PECOS STREET NORTH,1,4,0,0,1,4,0,,55,0,0,0,0,0,1,2,13
,2017_20807,39.78317,-105.007146,7/25/2017 8:05,8:05,3,0,0,I70 WB RAMPS & 48TH AVENUE /PECOS STREET,1,1,0,0,1,6,0,,30,0,0,0,0,0,1,2,14
,2017_20808,39.783135,-105.006749,2/10/2017 8:12,8:12,12,0,0,I70 & PECOS STREET NORTH,1,1,0,0,1,4,0,,65,0,0,0,0,0,1,2,3
,2017_20809,39.783135,-105.006749,2/16/2017 8:12,8:12,12,0,0,I70 & PECOS STREET NORTH,1,1,1,0,1,4,0,,55,0,0,0,0,1,1,3,13
,2017_20810,39.783135,-105.006749,8/5/2017 12:41,12:41,15,0,0,I70 & PECOS STREET NORTH,1,1,0,0,1,4,0,,55,0,0,0,0,0,1,2,13
,2017_20811,39.783135,-105.006749,9/11/2017 8:25,8:25,15,0,0,I70 & FEDERAL BOULEVARD NORTH,1,1,1,0,1,4,0,,55,0,0,0,0,0,1,2,13
,2017_20812,39.783141,-105.006578,12/22/2017 22:53,22:53,10,0,0,I70 & PECOS STREET NORTH,1,3,0,0,1,4,0,,,0,0,0,0,0,1,2,13
,2017_20813,39.783141,-105.006578,7/26/2017 13:10,13:10,3,0,0,I70 WB OFF RAMP ROUNDA & PECOS NORTHBOUND 4700 BLOCK,1,1,0,0,1,6,0,,35,0,0,0,0,0,1,2,14
,2017_20814,39.783149,-105.006371,1/6/2017 6:58,6:58,15,0,0,I70 & PECOS STREET NORTH,5,1,0,0,1,4,0,,55,0,0,0,0,0,1,2,1
,2017_20815,39.783149,-105.006371,2/1/2017 12:50,12:50,15,0,0,I70 & PECOS STREET NORTH,1,1,0,0,1,4,0,,55,0,0,0,0,0,1,2,1
,2017_20816,39.783149,-105.006371,9/19/2017 6:28,6:28,12,0,0,I70 & PECOS STREET NORTH,1,2,0,0,1,4,0,,55,0,0,0,0,0,1,2,1
,2017_20817,39.783149,-105.006371,3/17/2017 18:47,18:47,12,0,0,I70 & PECOS STREET,1,1,0,0,1,4,0,,55,0,0,0,0,0,1,3,1
,2017_20818,39.783149,-105.006371,4/5/2017 7:35,7:35,12,0,0,I70 & PECOS STREET NORTH,1,1,1,0,1,4,0,,65,0,0,0,0,0,1,3,1
,2017_20819,39.783149,-105.006371,6/14/2017 6:38,6:38,12,0,1,I70 & PECOS STREET NORTH APPROXIMATELY,1,1,0,0,1,4,0,,55,0,0,0,0,2,1,4,13
,2017_20820,39.783149,-105.006371,6/30/2017 14:05,14:05,15,0,0,I70 & PECOS STREET NORTH,1,1,0,0,1,4,0,,55,0,0,0,0,0,1,2,3
,2017_20821,39.783149,-105.006371,7/18/2017 9:07,9:07,15,0,0,PECOS NORTH & I70 RAMPS WB,1,1,0,0,1,6,0,,35,0,0,0,0,0,1,2,14
,2017_20822,39.783149,-105.006371,8/1/2017 6:45,6:45,12,0,0,I70 & PECOS STREET NORTH,1,1,1,0,1,4,0,,55,0,0,0,0,0,1,4,7
,2017_20823,39.783149,-105.006371,8/15/2017 22:19,22:19,5,0,0,I70 & PECOS STREET NORTH,1,3,1,0,3,4,0,,55,0,0,0,0,0,1,1,13
,2017_20824,39.783149,-105.006371,8/16/2017 6:35,6:35,12,0,0,I70 & PECOS STREET NORTH,1,1,0,0,1,4,0,,65,0,0,0,0,0,1,2,13
,2017_20825,39.783149,-105.006371,8/22/2017 6:55,6:55,12,0,0,I70 & PECOS STREET EXIT 273,1,1,0,0,1,4,0,,55,0,0,0,0,0,1,3,13
,2017_20826,39.783149,-105.006371,8/22/2017 8:54,8:54,12,0,0,I70 & PECOS STREET NORTH,1,1,0,0,1,4,0,,55,0,0,0,0,0,1,2,13