id,drcog_id,latitude,longitude,crashtime,time,crashtype,numbkilled,numbinjurd,drcoglocat,rdconditin,lightngcon,roadcntgrd,weatherco,location,roaddescrp,constrzone,schoolzone,splimit,bikeinv,pedinv,sctrinv,motoinv,svrty,rdsystem,ttlvehcls,hcf
,2017_20827,39.783149,-105.006371,9/5/2017 11:37,11:37,15,0,1,I70 & PECOS STREET NORTH,1,1,0,0,1,4,0,,55,0,0,0,0,2,1,2,1
,2017_20828,39.783149,-105.006371,10/13/2017 17:36,17:36,12,0,0,I70 & PECOS STREET NORTH,1,1,1,0,1,4,0,,55,0,0,0,0,0,1,2,13
,2017_20829,39.783149,-105.006371,11/10/2017 17:35,17:35,12,0,0,I70 & PECOS STREET NORTH INTCH,1,3,1,0,1,4,0,,55,0,0,0,0,0,1,2,3
,2017_20830,39.783149,-105.006371,11/29/2017 14:29,14:29,12,0,0,I70 & PECOS STREET NORTH INTCH,1,1,0,0,1,4,0,,55,0,0,0,0,0,1,2,13
,2017_20831,39.783257,-105.005194,1/8/2017 1:01,1:01,5,0,0,I70 & PECOS STREET NORTH,3,3,0,0,2,4,0,,55,0,0,0,0,0,1,1,5
,2017_20832,39.783149,-105.006371,12/19/2017 16:04,16:04,15,0,0,I70 & PECOS STREET NORTH,1,1,1,0,1,4,0,,55,0,0,0,0,0,1,2,13
,2017_20833,39.783149,-105.006371,5/10/2017 7:04,7:04,15,0,0,PECOS STREET 4800 BLOCK NORTH & 48TH AVENUE WEST,1,1,0,0,1,4,0,,30,0,0,0,0,0,1,2,14
,2017_20834,39.783149,-105.006371,1/8/2017 15:25,15:25,3,0,0,PECOS STREET NORTH  & I70 WB,9,1,0,0,1,6,0,,60,0,0,0,0,0,1,2,9
,2017_20835,39.783149,-105.006371,1/12/2017 17:57,17:57,15,0,0,PECOS STREET NORTH & 48TH AVENUE WEST,4,3,0,2,1,6,0,,20,0,0,0,0,0,1,2,8
,2017_20836,39.783149,-105.006371,1/17/2017 16:17,16:17,12,0,0,48TH AVE/I70 WB ON RAMP & PECOS STREET NORTH,1,1,0,0,1,6,0,,20,0,0,0,0,0,1,2,13
,2017_20837,39.783149,-105.006371,1/24/2017 8:12,8:12,3,0,0,I70 WB OFF RAMP & PECOS STREET NORTH,1,1,0,0,1,6,0,,35,0,0,0,0,0,1,2,14
,2017_20838,39.783149,-105.006371,2/3/2017 8:03,8:03,3,0,0,I70 RAMP OFF & PECOS,1,1,0,0,1,6,0,,35,0,0,0,0,0,1,2,14
,2017_20839,39.783149,-105.006371,2/7/2017 12:56,12:56,3,0,0,I70 WB RAMP & PECOS STREET NORTH,1,1,1,0,1,6,0,,20,0,0,0,0,0,1,2,13
,2017_20840,39.783149,-105.006371,2/15/2017 15:29,15:29,12,0,0,PECOS STREET & 4800 BLOCK NORTH,1,1,1,0,1,6,0,,30,0,0,0,0,0,4,2,13
,2017_20841,39.783149,-105.006371,2/23/2017 20:30,20:30,5,0,0,48TH AVENUE & PECOS STREET NORTH APPROXIMATELY,2,3,0,2,2,6,0,,25,0,0,0,0,0,1,2,1
,2017_20842,39.783149,-105.006371,2/24/2017 7:59,7:59,3,0,0,I70 OFF RAMP & PECOS STREET,5,1,0,2,1,6,0,,35,0,0,0,0,0,1,2,14
,2017_20843,39.783149,-105.006371,3/15/2017 7:12,7:12,3,0,0,PECOS STREET & I70 WB OFF RAMP,1,1,0,0,1,6,0,,35,0,0,0,0,0,1,2,14
,2017_20844,39.783149,-105.006371,3/21/2017 12:28,12:28,12,0,0,PECOS STREET NORTH & 48TH AVENUE WEST,1,1,0,0,1,6,0,,20,0,0,0,0,1,1,2,13
,2017_20845,39.783149,-105.006371,3/31/2017 19:38,19:38,3,0,0,PECOS STREET NORTH & I70 EASTBOUND,2,3,0,1,1,6,0,,15,0,0,0,0,0,1,2,13
,2017_20846,39.783149,-105.006371,4/8/2017 14:50,14:50,3,0,0,I70 NORTH ROUNDABOUT & PECOS STREET NORTH,1,1,0,0,1,6,0,,20,0,0,0,0,0,1,2,1
,2017_20847,39.783149,-105.006371,4/19/2017 5:22,5:22,8,0,0,I70 ROUNDABOUT & PECOS STREET NORTH NEW CONFIG,1,3,0,0,6,6,0,,20,0,0,0,0,1,1,2,5
,2017_20848,39.783149,-105.006371,4/24/2017 9:16,9:16,3,0,0,I70 NORTH ROUNDABOUT & PECOS STREET NORTH,1,1,0,0,1,6,0,,35,0,0,0,0,0,1,2,14
,2017_20849,39.783149,-105.006371,5/5/2017 17:20,17:20,12,0,0,PECOS STREET NORTH ROUNDABOUT & I70 WB RAMPS,1,1,0,0,1,6,0,,,0,0,0,0,0,1,2,13
,2017_20850,39.783149,-105.006371,5/11/2017 18:46,18:46,15,0,0,48TH AVENUE WEST & PECOS STREET NORTH,1,1,0,0,1,6,0,,25,0,0,0,0,0,1,2,14
,2017_20851,39.783149,-105.006371,5/18/2017 21:30,21:30,3,0,0,PECOS STREET NORTH ROUNDABOUT & I70 WB RAMP OFF,2,3,0,2,1,6,0,,,0,0,0,0,0,1,2,13
,2017_20852,39.783149,-105.006371,5/23/2017 18:06,18:06,15,0,0,PECOS STREET NORTH EASTBOUND ROUNDABOUT & 48TH AVENUE WEST,1,1,1,0,1,6,0,,20,0,0,0,0,0,1,2,13
,2017_20853,39.783149,-105.006371,6/16/2017 0:32,0:32,15,0,0,PECOS STREET NORTH ROUNDABOUT & I70 WB RAMP OFF,1,3,0,0,1,6,0,,25,0,0,0,0,0,1,2,8
,2017_20854,39.783149,-105.006371,6/23/2017 8:30,8:30,15,0,0,PECOS STREET ROUNDABOUT & I70 WB RAMPS,2,1,0,0,1,6,0,,25,0,0,0,0,0,1,2,8
,2017_20855,39.783149,-105.006371,7/23/2017 13:44,13:44,3,0,0,48TH AVENUE WEST & PECOS STREET NORTH,1,1,0,0,1,6,0,,25,0,0,0,0,0,1,2,13
,2017_20856,39.783149,-105.006371,7/26/2017 9:25,9:25,12,0,0,48TH AVENUE WEST & PECOS STREET NORTH,1,1,0,0,1,6,0,,30,0,0,0,0,0,1,2,3
,2017_20857,39.783149,-105.006371,7/26/2017 9:30,9:30,3,0,0,48TH AVENUE WEST & PECOS STREET NORTH,1,1,0,0,1,6,0,,30,0,0,0,0,0,1,2,3
,2017_20858,39.783149,-105.006371,8/2/2017 16:01,16:01,3,0,0,I70 WB OFF RAMP ROUNDABOUT & PECOS STREET NORTH,1,1,0,0,1,6,0,,15,0,0,0,0,0,1,2,13
,2017_20859,39.783149,-105.006371,8/10/2017 16:38,16:38,3,0,0,PECOS STREET NORTH ROUNDABOUT / 48TH AVENUE & I70 WB RAMP OFF,2,1,0,0,1,1,0,,25,0,0,0,0,0,1,2,13
,2017_20860,39.783149,-105.006371,8/12/2017 15:50,15:50,3,0,0,PECOS STREET NORTH & I70 WB,2,1,0,1,1,6,0,,25,0,0,0,0,1,1,2,13
,2017_20861,39.783149,-105.006371,8/18/2017 6:45,6:45,3,0,0,I70 & PECOS STREET NORTH,1,1,0,0,1,6,0,,25,0,0,0,0,0,1,2,13
,2017_20862,39.783149,-105.006371,8/19/2017 11:25,11:25,3,0,0,I70 & PECOS STREET NORTH,1,1,0,0,1,6,0,,10,0,0,0,0,0,1,2,13
,2017_20863,39.783149,-105.006371,8/22/2017 12:24,12:24,15,0,0,48TH AVENUE WEST & PECOS STREET,1,1,0,0,1,6,0,,35,0,0,0,0,0,1,2,13
,2017_20864,39.783149,-105.006371,9/1/2017 6:55,6:55,3,0,1,I70 WB OFF RAMP & PECOS STREET NORTH,1,1,0,0,1,6,1,,55,0,0,0,0,2,1,2,13
,2017_20865,39.783149,-105.006371,9/29/2017 9:16,9:16,15,0,0,PECOS STREET NORTH & 48TH AVENUE WEST,1,1,0,0,1,6,0,,30,0,0,0,0,0,1,2,16
,2017_20867,39.783149,-105.006371,9/30/2017 18:43,18:43,3,0,0,PECOS STREET NORTH & 48TH AVENUE WEST,1,3,0,0,1,6,0,,25,0,0,0,0,0,1,2,13
,2017_20868,39.783149,-105.006371,10/13/2017 8:40,8:40,15,0,0,PECOS STREET 4700 BLOCK NORTH & 48TH AVENUE WEST,1,1,0,0,1,6,0,,25,0,0,0,0,0,1,2,13
,2017_20869,39.779988,-104.965058,6/17/2017 19:28,19:28,5,0,0,46TH AVENUE I70 FRONTAGE ROAD & BRIGHTON BOULEVARD NORTH,1,1,0,0,2,4,0,,35,0,0,0,0,1,4,1,5
,2017_20870,39.783149,-105.006371,11/2/2017 13:23,13:23,3,0,1,PECOS STREET NORTH ROUNDABOUT / 48TH AVENUE & I70 WB RAMP OFF,1,1,0,0,1,6,0,,25,0,0,0,0,2,1,2,13
,2017_20871,39.783149,-105.006371,11/17/2017 18:00,18:00,3,0,0,48TH AVENUE WEST & PECOS STREET NORTH,2,3,0,1,1,6,0,,25,0,0,0,0,0,1,2,13
,2017_20872,39.783149,-105.006371,11/18/2017 14:37,14:37,3,0,0,PECOS STREET NORTH ROUNDABOUT & 48TH AVENUE WEST,1,1,0,0,1,6,0,,25,0,0,0,0,0,1,2,13
,2017_20873,39.780012,-104.960177,7/25/2017 18:14,18:14,5,0,1,I70 & YORK STREET NORTH,1,1,0,0,3,4,0,,65,0,0,0,0,2,1,1,1
,2017_20874,39.783149,-105.006371,12/2/2017 22:13,22:13,3,0,0,PECOS STREET NORTH & 48TH AVENUE WEST,1,3,0,0,1,6,0,,35,0,0,0,0,0,1,2,13
,2017_20875,39.783149,-105.006371,12/4/2017 16:32,16:32,12,0,0,PECOS STREET NORTH ROUNDABOUT & 48TH AVENUE WEST,1,1,0,0,1,6,0,,25,0,0,0,0,0,1,2,13
,2017_20876,39.783149,-105.006371,1/12/2017 15:15,15:15,3,0,0,PECOS STREET NORTH  & I70 EASTBOUND,2,1,0,2,1,6,0,,20,0,0,0,0,0,1,2,14
,2017_20877,39.783149,-105.006371,2/26/2017 20:46,20:46,5,0,0,PECOS STREET NORTH & I70 EASTBOUND,1,3,1,0,3,6,0,,25,0,0,0,0,0,1,1,1
,2017_20878,39.783149,-105.006371,3/30/2017 7:50,7:50,12,0,0,PECOS STREET NORTH & I70 EASTBOUND ON RAMP,1,1,0,0,1,6,0,,35,0,0,0,0,0,1,2,13
,2017_20879,39.783149,-105.006371,4/12/2017 7:25,7:25,12,0,0,PECOS STREET NORTH WB ROUNDABOUT & I70 EASTBOUND RAMPS,1,2,0,0,1,6,0,,25,0,0,0,0,0,1,2,13
,2017_20880,39.783149,-105.006371,4/21/2017 21:11,21:11,15,0,0,48TH AVENUE WEST & PECOS STREET NORTH,1,3,0,0,1,6,0,,35,0,0,0,0,0,1,2,5
,2017_20881,39.783149,-105.006371,5/4/2017 6:51,6:51,12,0,0,PECOS STREET 4700 BLOCK NORTH & 47TH AVENUE WEST,1,1,0,0,1,6,0,,25,0,0,0,0,0,1,2,13
,2017_20882,39.783149,-105.006371,7/1/2017 14:32,14:32,3,0,0,PECOS STREET NORTH ROUNDABOUT & I70,1,1,0,0,1,6,0,,20,0,0,0,0,0,1,2,7
,2017_20883,39.783149,-105.006371,7/17/2017 12:54,12:54,3,0,0,48TH AVENUE WEST & PECOS STREET NORTH,1,1,1,0,1,6,0,,20,0,0,0,0,0,1,2,13
,2017_20884,39.783157,-105.006163,12/8/2017 9:53,9:53,12,0,0,I70 & PECOS STREET NORTH,1,1,0,0,1,4,0,,55,0,0,0,0,0,1,4,14
,2017_20885,39.783157,-105.006163,6/23/2017 15:36,15:36,15,0,0,I70 WB RAMP OFF & PECOS STREET NORTH ROUNDABOUT,1,1,0,0,1,8,0,,25,0,0,0,0,0,1,2,13
,2017_20886,39.783157,-105.006163,10/23/2017 14:05,14:05,5,0,1,I70 WB RAMP OFF & PECOS STREET NORTH ROUNDABOUT,1,1,1,0,2,8,0,,35,0,0,0,0,2,1,1,10
,2017_20888,39.783164,-105.005955,3/30/2017 7:41,7:41,12,0,0,I70 & PECOS STREET NORTH,1,1,0,0,1,4,1,,65,0,0,0,0,0,1,2,7
,2017_20889,39.783164,-105.005955,11/9/2017 20:09,20:09,5,0,0,I70 & PECOS STREET NORTH,1,3,0,0,1,4,0,,55,0,0,0,0,1,1,2,14
,2017_20890,39.783164,-105.005955,8/24/2017 11:25,11:25,15,0,0,I70 WB OFF RAMP TO & PECOS STREET NORTH,1,1,1,0,1,8,0,,45,0,0,0,0,0,1,2,13
,2017_20891,39.783164,-105.005955,8/30/2017 9:15,9:15,12,0,0,I70 WB OFF RAMP & 48TH AVENUE WEST,1,1,1,0,1,8,0,,45,0,0,0,0,0,1,2,13
,2017_20892,39.783183,-105.005759,4/14/2017 7:34,7:34,12,0,0,I70 & PECOS STREET NORTH INTCH,1,1,0,0,1,4,0,,65,0,0,0,0,1,1,3,3
,2017_20893,39.783183,-105.005759,6/2/2017 11:13,11:13,15,0,0,I70 EASTBOUND OFF RAMP & 4700 BLOCK PECOS NORTHBOUND R,1,1,0,0,1,8,0,,35,0,0,0,0,0,1,2,14
,2017_20894,39.781132,-104.99389,7/5/2017 16:39,16:39,15,0,0,I70 NORTHBOUND ON RAMP TO & I25,1,1,1,0,1,8,0,,,0,0,0,0,0,1,2,13
,2017_20895,39.783183,-105.005759,8/22/2017 11:10,11:10,3,0,0,I70 EASTBOUND OFF RAMP & PECOS STREET NORTH,1,1,1,0,1,6,0,,20,0,0,0,0,0,1,2,13
,2017_20896,39.783208,-105.005571,5/16/2017 9:55,9:55,15,0,0,I70 & PECOS STREET NORTH,1,1,0,0,1,4,1,,65,0,0,0,0,0,1,2,14
,2017_20897,39.783233,-105.005382,9/15/2017 18:48,18:48,12,0,0,I70 & PECOS STREET NORTH,1,2,0,0,1,4,0,,55,0,0,0,0,1,1,3,13
,2017_20898,39.783307,-105.004817,4/3/2017 21:08,21:08,15,0,1,I70 & PECOS STREET NORTH APPROXIMATELY,1,3,0,0,1,4,0,,55,0,0,0,0,2,1,2,13
,2017_20899,39.783332,-105.004629,6/6/2017 7:30,7:30,15,0,0,I70 & PECOS STREET NORTH,1,1,0,0,1,4,0,,55,0,0,0,0,0,1,2,14
,2017_20900,39.783332,-105.004629,10/23/2017 15:41,15:41,12,0,0,I70 & PECOS STREET NORTH,1,1,0,0,1,4,0,,55,0,0,0,0,0,1,2,13
,2017_20901,39.783332,-105.004629,11/2/2017 16:57,16:57,12,0,0,I70 & PECOS STREET NORTH,1,1,0,0,1,4,0,,,0,0,0,0,0,1,2,13
,2017_20902,39.783382,-105.004252,7/7/2017 6:13,6:13,15,0,0,I70 & PECOS STREET NORTH,1,1,1,0,1,4,0,,55,0,0,0,0,0,1,2,7
,2017_20903,39.783474,-105.003498,7/10/2017 8:42,8:42,15,0,0,I70 & PECOS STREET NORTH,1,1,0,0,1,4,0,,55,0,0,0,0,0,1,2,1
,2017_20904,39.783487,-105.002938,11/10/2017 10:22,10:22,12,0,0,I70 & PECOS STREET,1,1,0,0,1,4,0,,55,0,0,0,0,0,1,2,14
,2017_20905,39.783392,-105.002015,12/22/2017 16:48,16:48,12,0,0,I70 & PECOS STREET NORTH,1,2,0,0,1,4,0,,55,0,0,0,0,1,1,2,12
,2017_20906,39.783301,-105.001638,3/3/2017 18:55,18:55,12,0,0,I70 EASTBOUND & PECOS STREET NORTH,1,3,0,0,1,4,0,,55,0,0,0,0,0,1,2,1
,2017_20907,39.782237,-104.99781,5/17/2017 6:23,6:23,12,0,0,I70 & PECOS STREET NORTH,1,1,0,0,1,4,0,,65,0,0,0,0,0,1,2,7
,2017_20908,39.783301,-105.001638,3/16/2017 6:52,6:52,12,0,0,I70 & PECOS STREET NORTH,1,2,0,0,1,4,0,,55,0,0,0,0,0,1,3,13
,2017_20909,39.783301,-105.001638,6/22/2017 8:49,8:49,12,0,0,I70 & PECOS STREET NORTH,1,1,0,0,1,4,0,,55,0,0,0,0,0,1,2,13
,2017_20910,39.783301,-105.001638,9/21/2017 6:00,6:00,15,0,0,I70 & PECOS STREET,1,1,0,0,1,4,0,,55,0,0,0,0,0,1,2,13
,2017_20911,39.783173,-105.001126,7/27/2017 7:12,7:12,12,0,0,I70 & PECOS STREET NORTH WB EXIT GORE,1,1,0,0,1,4,1,,55,0,0,0,0,0,1,2,14
,2017_20912,39.783088,-105.000825,12/8/2017 8:25,8:25,12,0,0,I70 & PECOS STREET NORTH,1,1,0,0,1,4,0,,55,0,0,0,0,0,1,2,13
,2017_20913,39.783729,-105.002271,5/20/2017 11:50,11:50,15,0,0,I70 WB OFF RAMP & PECOS STREET WB EXIT GORE,1,1,1,0,1,8,0,,65,0,0,0,0,0,1,3,8
,2017_20914,39.78262,-104.999166,11/21/2017 12:12,12:12,12,0,0,I70 & PECOS STREET WB EXIT GORE POINT,1,1,0,0,1,4,0,,55,0,0,0,0,0,1,2,14
,2017_20915,39.7824,-104.998548,11/8/2017 17:23,17:23,12,0,0,I70 EASTBOUND EXIT GORE RAMP OFF & I25 NORTHBOUND / SOUTHBOUND RAMP SPLIT,1,3,0,0,1,8,0,,,0,0,0,0,0,1,2,13
,2017_20916,39.781132,-104.99389,8/30/2017 13:43,13:43,12,0,1,I70 EASTBOUND OFF RAMP TO & I25,1,1,1,0,1,8,0,,55,0,0,0,0,2,1,2,3
,2017_20917,39.782535,-104.998865,11/11/2017 17:28,17:28,12,0,0,I70 EASTBOUND EXIT GORE RAMP OFF & I25 NORTHBOUND / SOUTHBOUND RAMP SPLIT,1,3,0,0,1,8,0,,45,0,0,0,0,0,1,4,13
,2017_20918,39.782266,-104.997969,5/12/2017 11:31,11:31,12,0,0,,1,1,0,0,1,4,0,,55,0,0,0,0,0,1,2,13
,2017_20919,39.778546,-104.923728,7/23/2017 7:23,7:23,5,0,0,I70 & HUDSON STREET NORTH,1,1,1,0,2,4,0,,65,0,0,0,0,1,1,1,2
,2017_20920,39.782322,-104.998111,11/6/2017 8:33,8:33,12,0,0,I70 & MM 273.5,1,1,0,0,1,4,0,,65,0,0,0,0,0,1,3,14
,2017_20921,39.782289,-104.998271,5/26/2017 13:40,13:40,12,0,0,I70 EASTBOUND RAMP OFF GORE & I25 NORTHBOUND / SOUTHBOUND RAMPS ON APPROXIMATELY,1,1,0,0,1,8,0,,55,0,0,0,0,0,1,3,1
,2017_20923,39.782152,-104.997508,8/11/2017 14:03,14:03,15,0,0,I70 & PECOS STREET NORTH,1,1,0,0,1,4,0,,55,0,0,0,0,0,1,2,13
,2017_20924,39.781897,-104.996604,10/7/2017 14:22,14:22,12,0,0,I70 EXIT LANE & I25,1,1,0,0,1,4,0,,55,0,0,0,0,1,1,2,7
,2017_20925,39.781592,-104.996037,5/31/2017 7:15,7:15,12,0,0,I70 EASTBOUND MERGE LANE OFF & I25 HIGHWAY SOUTHBOUND,1,1,0,0,1,4,0,,55,0,0,0,0,0,1,2,7
,2017_20927,39.78126,-104.994342,3/22/2017 8:41,8:41,12,0,0,I70 EASTBOUND RAMP OFF & I25 SOUTHBOUND INTRCHG,1,1,1,0,1,8,0,,65,0,0,0,0,0,1,3,3
,2017_20928,39.78126,-104.994342,7/1/2017 18:50,18:50,5,0,0,I70 EASTBOUND OFF RAMP & I25 NB/SB RAMP SPLIT,1,1,0,0,3,8,0,,55,0,0,0,0,1,1,1,13
,2017_20929,39.781217,-104.994192,6/12/2017 8:03,8:03,15,0,0,I70 EASTBOUND OFF RAMP & I25,1,1,1,0,1,8,1,,65,0,0,0,0,0,1,2,1
,2017_20930,39.781175,-104.994041,12/1/2017 18:15,18:15,12,0,0,I70 & I25 EASTBOUND OFF RAMP,1,3,1,0,1,4,0,,55,0,0,0,0,0,1,3,13
,2017_20931,39.781175,-104.994041,12/13/2017 9:08,9:08,12,0,0,I70 & I25,1,1,0,0,1,4,0,,55,0,0,0,0,0,1,2,14
,2017_20932,39.781175,-104.994041,12/21/2017 19:50,19:50,9,0,0,I70 & I25 SOUTHBOUND ON RAMP,5,3,0,0,3,4,0,,55,0,0,0,0,0,1,1,14
,2017_20933,39.781132,-104.99389,9/29/2017 19:01,19:01,12,0,3,I70 EASTBOUND OFF RAMP & I25 SOUTHBOUND,1,3,1,0,1,8,0,,55,0,0,0,0,2,1,2,4
,2017_20934,39.781132,-104.99389,6/23/2017 11:10,11:10,12,0,0,I70 WB RAMP ON & MM 273.7 APPROXIMATELY,1,1,0,0,1,8,0,,45,0,0,0,0,0,1,2,13
,2017_20935,39.781132,-104.99389,9/29/2017 0:00,0:00,12,0,0,I70 EASTBOUND OFF LOOP RAMP TO & I25 NORTHBOUND,1,3,0,0,1,8,0,,55,0,0,0,0,0,1,3,13
,2017_20936,39.781277,-104.99344,12/12/2017 12:37,12:37,12,0,0,I70 & I25 SOUTHBOUND OFF RAMP,1,1,1,0,1,4,0,,55,0,0,0,0,0,1,2,1
,2017_20937,39.777018,-104.881632,4/4/2017 0:42,0:42,5,0,0,I70 EASTBOUND & CENTRAL PARK BOULEVARD NORTH,2,2,1,1,3,4,0,,55,0,0,0,0,0,1,1,13
,2017_20938,39.781047,-104.993589,2/21/2017 15:19,15:19,15,0,0,I70 EASTBOUND RAMP OFF & I25 SOUTHBOUND RAMP ON,1,1,1,0,1,8,0,,45,0,0,0,0,0,1,2,13
,2017_20939,39.781047,-104.993589,10/7/2017 16:45,16:45,12,0,0,I70 EASTBOUND RAMP OFF & I25,1,1,0,0,1,8,0,,,0,0,0,0,0,1,3,13
,2017_20940,39.781004,-104.993438,5/23/2017 12:20,12:20,15,0,0,I70 & I25,1,1,0,0,1,4,0,,55,0,0,0,0,0,1,2,13
,2017_20941,39.781004,-104.993438,6/6/2017 7:03,7:03,12,0,0,I70 & I25,1,1,1,0,1,4,0,,65,0,0,0,0,0,1,3,13
,2017_20942,39.781004,-104.993438,7/5/2017 9:50,9:50,12,0,0,I70 & I25,1,1,0,0,1,4,0,,55,0,0,0,0,0,1,3,13
,2017_20943,39.781004,-104.993438,8/8/2017 11:35,11:35,5,0,0,I70 & I25 HIGHWAY SOUTHBOUND,1,1,0,0,3,4,0,,55,0,0,0,0,0,1,1,1
,2017_20944,39.780834,-104.992835,3/3/2017 18:54,18:54,12,0,0,I70 & I25 SOUTHBOUND,1,3,0,0,1,4,0,,55,0,0,0,0,0,1,2,13
,2017_20945,39.780749,-104.992534,12/7/2017 19:06,19:06,5,0,1,I70 & I25,1,4,0,0,2,4,0,,55,0,0,0,0,2,1,1,3
,2017_20946,39.780631,-104.99208,10/14/2017 15:44,15:44,12,0,0,I70 EASTBOUND RAMP OFF & I25 SOUTHBOUND RAMP CONNECTION APPROXIMATELY,1,1,0,0,1,8,0,,45,0,0,0,0,1,1,2,12
,2017_20947,39.780631,-104.99208,2/8/2017 17:52,17:52,12,0,0,I70 WB RAMP CONNECT & END RAMP I FROM NORTHBOUND I25,1,3,1,0,1,8,0,,65,0,0,0,0,1,1,3,13
,2017_20949,39.780553,-104.991777,11/9/2017 13:25,13:25,12,0,0,I70 EASTBOUND SPLIT RAMP & I25,1,1,0,0,1,8,0,,55,0,0,0,0,0,1,3,1
,2017_20950,39.780397,-104.991172,8/26/2017 11:40,11:40,12,0,0,I70 & I25,1,1,0,0,1,4,0,,65,0,0,0,0,0,1,2,13
,2017_20951,39.780397,-104.991172,8/26/2017 12:30,12:30,12,0,0,I70 & I25,1,1,0,0,1,4,0,,65,0,0,0,0,0,1,2,13
,2017_20952,39.780358,-104.991021,3/3/2017 18:54,18:54,12,0,0,I70 & I25 NORTHBOUND,1,3,0,0,1,4,0,,55,0,0,0,0,0,1,2,13
,2017_20953,39.780358,-104.991021,12/2/2017 18:06,18:06,12,0,0,I70 & I25,1,3,0,0,1,4,0,,45,0,0,0,0,0,1,3,13
,2017_20954,39.780358,-104.991021,12/2/2017 18:05,18:05,12,0,0,I70 SOUTHBOUND OFF RAMP & I25,1,4,0,0,1,8,0,,45,0,0,0,0,0,1,3,2
,2017_20955,39.780257,-104.990486,7/29/2017 3:10,3:10,5,0,0,I70 & I25 SOUTHBOUND,2,3,0,1,3,4,0,,55,0,0,0,0,0,1,1,5
,2017_20956,39.780257,-104.990486,8/3/2017 17:20,17:20,12,0,0,I70 & I25 SOUTHBOUND,2,1,0,0,1,4,0,,55,0,0,0,0,0,1,2,13
,2017_20957,39.780257,-104.990486,8/4/2017 11:12,11:12,12,0,0,I70 & I25 SOUTHBOUND,1,1,0,0,1,4,0,,65,0,0,0,0,0,1,2,14
,2017_20958,39.780257,-104.990486,4/11/2017 12:30,12:30,12,0,0,I70 EASTBOUND RAMP OFF & I25 SOUTHBOUND,1,1,1,0,1,8,0,,45,0,0,0,0,0,1,2,13
,2017_20959,39.780257,-104.990486,10/20/2017 18:59,18:59,12,0,0,I70 EASTBOUND OFF RAMP TO & I25 SOUTHBOUND,1,3,1,0,1,8,0,,55,0,0,0,0,0,1,2,13
,2017_20960,39.780012,-104.959789,10/13/2017 23:03,23:03,12,0,0,I70 & YORK STREET NORTH,1,3,0,0,1,4,0,,,0,0,0,0,0,1,2,13
,2017_20961,39.780257,-104.990486,1/15/2017 8:08,8:08,5,0,0,I70 WB RAMP OFF & I25 SOUTHBOUND,8,1,0,0,2,8,0,,55,0,0,0,0,0,1,2,7
,2017_20962,39.780257,-104.990486,1/31/2017 11:00,11:00,15,0,0,I70 WB RAMP OFF & I25 SOUTHBOUND BEGIN RAMP 'E' CONNECT,1,1,0,0,1,8,0,,55,0,0,0,0,0,1,2,13
,2017_20963,39.780009,-104.964448,7/16/2017 4:30,4:30,5,0,0,I70 BEGIN VIADUCT ON 46TH AVENUE & BRIGHTON BOULEVARD,1,3,1,0,2,4,0,,30,0,0,0,0,0,4,1,1
,2017_20964,39.780257,-104.990486,3/11/2017 7:15,7:15,5,0,0,I70 WB RAMP OFF & I25 INTERCHANGE,2,1,1,1,1,8,0,,45,0,0,0,0,0,1,2,14
,2017_20965,39.780257,-104.990486,2/12/2017 4:19,4:19,9,0,0,I70 EASTBOUND RAMP ON & I25 SOUTHBOUND RAMP END / I70 RAMP SPLIT,2,3,1,0,3,8,0,,45,0,0,0,0,0,1,1,13
,2017_20966,39.780223,-104.990305,12/16/2017 18:02,18:02,12,0,0,I70 & I25,1,3,0,0,1,4,0,,65,0,0,0,0,0,1,2,13
,2017_20967,39.78019,-104.990124,4/21/2017 13:40,13:40,12,0,0,I70 & I25 SOUTHBOUND,1,1,1,0,1,4,0,,65,0,0,0,0,0,1,2,1
,2017_20968,39.78019,-104.990124,5/22/2017 10:44,10:44,12,0,0,I70 & I25,1,1,1,0,1,4,0,,65,0,0,0,0,0,1,2,13
,2017_20969,39.78019,-104.990124,12/9/2017 16:39,16:39,12,0,0,I70 & I25,1,2,0,0,1,4,0,,55,0,0,0,0,0,1,3,13
,2017_20970,39.78019,-104.990124,8/25/2017 12:35,12:35,12,0,0,I70 EASTBOUND OFF RAMP & I25,1,1,1,0,1,8,0,,55,0,0,0,0,0,1,2,3
,2017_20971,39.78019,-104.990124,9/14/2017 15:26,15:26,12,0,0,I70 EASTBOUND OFF RAMP & I25,1,1,1,0,1,8,0,,35,0,0,0,0,1,1,2,8
,2017_20972,39.780157,-104.989943,6/24/2017 12:45,12:45,12,0,0,I70 EASTBOUND RAMP OFF & I25 SOUTHBOUND RAMP CONNECTION APPROXIMATELY,1,1,1,0,1,8,0,,45,0,0,0,0,1,1,2,12
,2017_20973,39.780157,-104.989943,2/28/2017 6:43,6:43,12,0,0,I70 EASTBOUND ON RAMP & I25,1,1,1,0,1,8,0,,55,0,0,0,0,0,1,2,13
,2017_20974,39.780157,-104.989943,8/10/2017 16:34,16:34,15,0,0,I25 SOUTHBOUND OFF RAMP & I70 EASTBOUND,1,1,1,0,1,8,0,,45,0,0,0,0,0,1,2,7