id,drcog_id,latitude,longitude,crashtime,time,crashtype,numbkilled,numbinjurd,drcoglocat,rdconditin,lightngcon,roadcntgrd,weatherco,location,roaddescrp,constrzone,schoolzone,splimit,bikeinv,pedinv,sctrinv,motoinv,svrty,rdsystem,ttlvehcls,hcf
,2017_20976,39.780124,-104.989762,3/4/2017 15:22,15:22,12,0,0,I70 & I25 SOUTHBOUND OFF RAMP,1,1,1,0,1,4,0,,65,0,0,0,0,0,1,4,13
,2017_20977,39.780124,-104.989762,8/7/2017 12:24,12:24,12,0,0,I70 & I25,1,1,0,0,1,4,0,,55,0,0,0,0,0,1,3,13
,2017_20978,39.780124,-104.989762,12/15/2017 18:49,18:49,12,0,0,I70 & I25,1,3,0,0,1,4,0,,55,0,0,0,0,1,1,2,13
,2017_20979,39.780124,-104.989762,9/1/2017 8:03,8:03,12,0,0,I70 EASTBOUND OFF RAMP & I25 SOUTHBOUND,1,1,0,0,1,8,0,,55,0,0,0,0,0,1,2,13
,2017_20980,39.780124,-104.989762,2/25/2017 2:20,2:20,5,0,0,I70 NORTHBOUND RAMP OFF & I25,1,3,0,0,2,8,0,,45,0,0,0,0,1,1,1,13
,2017_20981,39.780124,-104.989762,2/24/2017 1:15,1:15,5,0,1,I70 WB / EASTBOUND RAMPS ON & I25 SOUTHBOUND RAMP SPLIT END,1,3,1,0,2,8,0,,30,0,0,0,0,2,1,1,5
,2017_20982,39.780124,-104.989762,5/8/2017 16:06,16:06,12,0,0,I70 WB RAMP OFF & I25 SOUTHBOUND RAMP CONNECTION APPROXIMATELY,2,1,0,2,1,8,0,,35,0,0,0,0,0,1,2,7
,2017_20983,39.780124,-104.989762,7/11/2017 12:44,12:44,12,0,0,I70 WB RAMP OFF & I25 SOUTHBOUND RAMP ON APPROXIMATELY,1,1,0,0,1,8,0,,45,0,0,0,0,0,1,2,13
,2017_20984,39.780124,-104.989762,9/1/2017 17:34,17:34,12,0,0,I70 EASTBOUND OFF RAMP & I25 SOUTHBOUND,1,1,1,0,1,8,0,,55,0,0,0,0,0,1,2,1
,2017_20985,39.780091,-104.989581,11/3/2017 16:45,16:45,12,0,0,I70 EASTBOUND OFF RAMP & I25 HIGHWAY SOUTHBOUND,1,1,0,0,1,8,0,,45,0,0,0,0,0,1,2,13
,2017_20986,39.780012,-104.959789,12/20/2017 17:46,17:46,12,0,0,I70 & YORK STREET NORTH,1,3,1,0,1,4,0,,,0,0,0,0,0,1,2,13
,2017_20987,39.780091,-104.989581,6/30/2017 14:51,14:51,12,0,0,I70 WB RAMP OFF & I25 SOUTHBOUND RAMP BEGIN APPROXIMATELY,1,1,1,0,1,8,0,,55,0,0,0,0,0,1,2,3
,2017_20988,39.779441,-104.979019,3/20/2017 8:44,8:44,15,0,0,I70 & WASHINGTON STREET NORTH,1,1,0,0,1,4,0,,55,0,0,0,0,0,1,2,13
,2017_20989,39.780058,-104.9894,1/9/2017 6:30,6:30,12,0,0,I70 & I25 NORTHBOUND INTCH,2,1,0,0,1,4,0,,55,0,0,0,0,0,1,2,13
,2017_20990,39.780058,-104.9894,3/6/2017 8:04,8:04,12,0,0,I70 & I25 SOUTHBOUND,1,1,0,0,1,4,0,,65,0,0,0,0,0,1,2,13
,2017_20991,39.779937,-104.988665,8/27/2017 1:53,1:53,5,0,0,I70 EASTBOUND ON RAMP FROM & I25 NORTHBOUND,1,3,0,0,3,8,0,,55,0,0,0,0,0,1,1,5
,2017_20992,39.780058,-104.9894,3/23/2017 9:46,9:46,12,0,0,I70 & I25,1,1,0,0,1,4,0,,55,0,0,0,0,0,1,2,12
,2017_20993,39.780058,-104.9894,3/31/2017 13:05,13:05,12,0,0,I70 & i25,2,1,1,1,1,4,0,,55,0,0,0,0,0,1,3,3
,2017_20994,39.780058,-104.9894,3/31/2017 14:31,14:31,12,0,0,I70 & I25 NORTHBOUND,2,1,0,1,1,4,0,,55,0,0,0,0,0,1,2,13
,2017_20995,39.780058,-104.9894,4/27/2017 9:43,9:43,12,0,0,I70 & I25 INTCH,1,1,0,0,1,4,0,,65,0,0,0,0,0,1,2,13
,2017_20996,39.780058,-104.9894,6/5/2017 14:18,14:18,12,0,0,I70 & I25,1,1,0,0,1,4,0,,55,0,0,0,0,1,1,2,10
,2017_20997,39.780058,-104.9894,6/5/2017 18:32,18:32,9,0,0,I70 & I25,1,1,0,0,1,4,1,,55,0,0,0,0,1,1,1,4
,2017_20998,39.780058,-104.9894,6/7/2017 9:19,9:19,12,0,0,I70 & I25,1,1,0,0,1,4,0,,55,0,0,0,0,0,1,2,14
,2017_20999,39.780058,-104.9894,6/9/2017 7:17,7:17,15,0,0,I70 & I25,1,1,3,0,1,4,0,,65,0,0,0,0,0,1,2,12
,2017_21000,39.780058,-104.9894,6/9/2017 12:15,12:15,12,0,1,I70 & I25,1,1,0,0,1,4,0,,55,0,0,0,0,2,1,2,1
,2017_21001,39.780058,-104.9894,7/15/2017 12:55,12:55,15,0,0,I70 & I25,1,1,3,0,1,4,0,,45,0,0,0,0,0,1,2,13
,2017_21002,39.780058,-104.9894,7/18/2017 10:31,10:31,12,0,0,I70 & I25 SNB,1,1,0,0,1,4,0,,55,0,0,0,0,0,1,3,14
,2017_21003,39.780058,-104.9894,8/9/2017 0:14,0:14,5,0,0,I25 HIGHWAY NORTHBOUND INTERCHANGE & I70 EASTBOUND INTCH,1,3,0,0,2,4,0,,55,0,0,0,0,1,1,1,13
,2017_21004,39.780058,-104.9894,8/22/2017 6:24,6:24,12,0,0,I70 & I25,1,1,0,0,1,4,0,,55,0,0,0,0,1,1,2,13
,2017_21005,39.780058,-104.9894,8/22/2017 9:07,9:07,15,0,0,I70 & I25,1,1,0,0,1,4,0,,55,0,0,0,0,0,1,2,13
,2017_21006,39.780058,-104.9894,8/31/2017 10:44,10:44,12,0,0,I70 & I25,1,1,0,0,1,4,0,,55,0,0,0,0,0,1,5,1
,2017_21007,39.780058,-104.9894,9/13/2017 8:32,8:32,12,0,0,I70 & I25,1,1,0,0,1,4,0,,55,0,0,0,0,0,1,3,13
,2017_21008,39.780058,-104.9894,10/20/2017 13:26,13:26,12,0,0,I70 & I25,1,1,0,0,1,4,0,,45,0,0,0,0,0,1,2,3
,2017_21009,39.780058,-104.9894,8/22/2017 6:30,6:30,15,0,0,I70 WB OFF RAMP & I25 SOUTHBOUND RAMP MERGE,1,1,0,0,1,8,0,,55,0,0,0,0,0,1,2,2
,2017_21010,39.780058,-104.9894,12/1/2017 18:54,18:54,12,0,0,I70 EASTBOUND OFF RAMP & I25 SOUTHBOUND RAMP MERGE,1,3,1,0,1,8,0,,65,0,0,0,0,0,1,2,13
,2017_21011,39.780058,-104.9894,3/15/2017 17:22,17:22,12,0,0,I70 HIGHWAY WB RAMP & I25 SOUTHBOUND,1,1,0,0,1,8,1,,55,0,0,0,0,0,1,2,14
,2017_21012,39.780024,-104.989219,10/3/2017 19:40,19:40,15,0,0,I70 & I25,1,3,0,0,1,4,0,,65,0,0,0,0,0,1,2,13
,2017_21013,39.780024,-104.989219,11/3/2017 17:49,17:49,12,0,0,I70 & I25,1,2,0,0,1,4,0,,45,0,0,0,0,1,1,2,13
,2017_21014,39.780024,-104.989219,11/18/2017 16:07,16:07,15,0,0,I70 & I25,1,1,0,0,1,4,0,,65,0,0,0,0,0,1,2,3
,2017_21015,39.780024,-104.989219,10/19/2017 9:15,9:15,12,0,0,I70 WB OFF RAMP & WASHINGTON STREET NORTH,1,1,1,0,1,8,0,,45,0,0,0,0,0,1,2,13
,2017_21017,39.780024,-104.989219,4/24/2017 2:17,2:17,5,0,0,I70 EASTBOUND RAMP OFF & I25 NORTHBOUND RAMP CONNECTION,1,3,0,0,2,8,0,,45,0,0,0,0,0,1,1,5
,2017_21018,39.779991,-104.989038,12/15/2017 18:28,18:28,12,0,0,I70 & I25,1,3,1,0,1,4,0,,55,0,0,0,0,1,1,3,12
,2017_21019,39.779937,-104.988665,7/27/2017 22:04,22:04,15,0,0,I25 NORTHBOUND RAMP SPLIT END & I70,1,3,0,0,1,8,0,,55,0,0,0,0,0,1,2,13
,2017_21020,39.779937,-104.988665,9/14/2017 11:51,11:51,12,0,0,I70 EASTBOUND OFF RAMP & WASHINGTON STREET NORTH,1,1,0,0,1,8,0,,45,0,0,0,0,0,1,2,13
,2017_21021,39.779937,-104.988665,8/22/2017 8:35,8:35,12,0,0,I70 EASTBOUND ON RAMP FROM & I25 NORTHBOUND,1,1,1,0,1,8,0,,55,0,0,0,0,0,1,2,1
,2017_21022,39.779937,-104.988665,11/5/2017 1:27,1:27,12,0,1,I70 NORTHBOUND OFF RAMP FROM & I25,1,3,1,0,1,8,0,,45,0,0,0,0,2,1,2,5
,2017_21023,39.779937,-104.988665,3/20/2017 21:05,21:05,15,0,0,I70 WB OFF RAMP & I25 SOUTHBOUND,1,3,0,0,1,8,0,,55,0,0,0,0,0,1,2,13
,2017_21024,39.779937,-104.988665,5/31/2017 11:05,11:05,15,0,0,I70 HIGHWAY WB RAMP SPLIT & I25 SOUTHBOUND RAMP ON,1,1,1,0,1,8,0,,55,0,0,0,0,0,1,2,8
,2017_21026,39.779937,-104.988665,8/31/2017 14:55,14:55,12,0,0,I70 WB OFF RAMP SPLIT & I25 SOUTHBOUND ON RAMP,1,1,1,0,1,8,0,,45,0,0,0,0,0,1,2,13
,2017_21027,39.779937,-104.988665,9/28/2017 6:20,6:20,12,0,0,I70 WB OFF RAMP & I25 SOUTHBOUND ON RAMP,2,3,0,1,1,8,0,,,0,0,0,0,0,1,3,13
,2017_21028,39.779937,-104.988665,12/20/2017 17:16,17:16,12,0,0,I70 WB OFF RAMP & I25 SOUTHBOUND ON RAMP,1,1,1,0,1,8,0,,45,0,0,0,0,0,1,2,13
,2017_21029,39.778212,-104.988941,7/2/2017 4:50,4:50,5,0,0,I70 WB / EASTBOUND RAMP SPLIT BEGIN & I25 RAMP SPLIT END,1,2,0,0,2,8,0,,45,0,0,0,0,0,1,1,13
,2017_21030,39.779914,-104.988476,5/9/2017 8:35,8:35,15,0,0,I70 & WASHINGTON STREET NORTH,1,1,0,0,1,4,0,,35,0,0,0,0,0,1,2,7
,2017_21031,39.779914,-104.988476,1/14/2017 2:12,2:12,5,0,0,I70 RAMP ON FROM & I25,1,3,0,0,2,8,0,,45,0,0,0,0,0,1,1,13
,2017_21032,39.779914,-104.988476,1/8/2017 1:46,1:46,5,0,1,I70 EASTBOUND RAMP OFF & I25 NORTHBOUND BEGIN RAMP C,5,3,0,0,3,8,0,,35,0,0,0,0,2,1,1,5
,2017_21033,39.779824,-104.98774,1/5/2017 23:35,23:35,5,0,0,I70 HIGHWAY EASTBOUND RAMP ON & I25 NORTHBOUND RAMP SPLIT,11,3,1,0,2,8,0,,55,0,0,0,0,0,1,1,13
,2017_21034,39.779824,-104.98774,1/13/2017 9:56,9:56,15,0,0,I70 HIGHWAY EASTBOUND RAMP ON & I25 NORTHBOUND RAMP OFF SPLIT,1,1,0,0,1,8,0,,55,0,0,0,0,0,1,2,14
,2017_21035,39.779824,-104.98774,1/20/2017 4:43,4:43,5,0,1,I70 HIGHWAY EASTBOUND RAMP ON & I25 NORTHBOUND RAMP OFF SPLIT,1,3,1,0,2,8,0,,45,0,0,0,0,2,1,1,1
,2017_21036,39.779824,-104.98774,2/3/2017 11:26,11:26,12,0,0,I70 & I25 NORTHBOUND,1,1,1,0,1,8,0,,45,0,0,0,0,0,1,2,13
,2017_21037,39.779439,-104.987891,6/29/2017 11:48,11:48,12,0,0,I70 EASTBOUND RAMPS & I25 INTCH,1,1,0,0,1,8,1,,55,0,0,0,0,0,1,2,14
,2017_21039,39.779824,-104.98774,7/1/2017 4:42,4:42,5,0,1,I70 EASTBOUND RAMP ON & I25 NORTHBOUND RAMP OFF END,1,3,0,0,2,8,0,,55,0,0,0,0,2,1,1,2
,2017_21040,39.779824,-104.98774,8/21/2017 7:40,7:40,12,0,1,I70 EASTBOUND RAMP ON & I25 NORTHBOUND RAMP END,1,1,1,0,1,8,0,,55,0,0,0,0,2,1,3,7
,2017_21041,39.779824,-104.98774,10/2/2017 23:36,23:36,5,0,0,I70 EASTBOUND RAMP ON & I25 NORTHBOUND RAMP OFF,2,3,1,1,1,8,1,,45,0,0,0,0,0,1,2,7
,2017_21042,39.779812,-104.987523,12/24/2017 10:47,10:47,5,0,1,I70 WB OFF RAMP & I25,6,1,1,0,2,8,0,,65,0,0,0,0,2,1,1,3
,2017_21043,39.779584,-104.986671,10/9/2017 14:50,14:50,5,0,1,I70 EASTBOUND RAMP ON & I25 NORTHBOUND RAMP SPLIT,2,1,0,2,3,8,0,,55,0,0,0,0,2,1,1,3
,2017_21044,39.779772,-104.98675,5/24/2017 6:06,6:06,12,0,0,I70 EASTBOUND RAMP CONNECTION & I25 INTCH,1,1,0,0,1,8,0,,55,0,0,0,0,0,1,2,13
,2017_21045,39.779772,-104.98675,5/24/2017 6:08,6:08,12,0,0,I70 EASTBOUND RAMP CONNECTION & I25 INTCH,1,1,0,0,1,8,0,,55,0,0,0,0,0,1,3,7
,2017_21046,39.77975,-104.985987,2/14/2017 16:57,16:57,12,0,0,I70 EASTBOUND ON RAMP FROM & I25,1,2,1,0,1,8,0,,65,0,0,0,0,0,1,2,1
,2017_21047,39.77975,-104.985987,3/22/2017 23:31,23:31,5,0,1,I70 EASTBOUND ENTRANCE RAMP GORE POINT FROM & I25,1,3,1,0,2,8,0,,55,0,0,0,0,2,1,1,9
,2017_21048,39.77975,-104.985987,5/5/2017 7:53,7:53,12,0,0,I70 RAMP ON & I25 C RAMP OFF END,1,1,0,0,1,8,0,,65,0,0,0,0,0,1,3,14
,2017_21049,39.77975,-104.985987,12/14/2017 18:09,18:09,12,0,0,I70 EASTBOUND ON RAMP & I25 NORTHBOUND OFF RAMP,1,3,0,0,1,8,0,,55,0,0,0,0,0,1,3,3
,2017_21050,39.77975,-104.985987,12/24/2017 10:15,10:15,5,0,0,I70 EASTBOUND ON RAMP & I25,6,1,0,0,3,8,0,,55,0,0,0,0,0,1,1,7
,2017_21051,39.779747,-104.985797,1/19/2017 6:38,6:38,12,0,0,I70 & LINCOLN STREET NORTH OFFSET REF,1,2,1,0,1,4,0,,65,0,0,0,0,0,1,2,13
,2017_21052,39.779485,-104.97958,10/23/2017 15:57,15:57,12,0,0,I70 & WASHINGTON STREET NORTH,1,1,0,0,1,4,0,,55,0,0,0,0,0,1,2,13
,2017_21053,39.779747,-104.985797,7/18/2017 7:38,7:38,12,0,0,I70 EASTBOUND FROM & I25 NORTHBOUND RAMP END,1,1,0,0,1,4,0,,55,0,0,0,0,0,1,2,14
,2017_21054,39.779747,-104.985797,7/31/2017 6:49,6:49,15,0,0,I70 & LINCOLN STREET NORTH,1,1,0,0,1,4,0,,65,0,0,0,0,0,1,2,13
,2017_21055,39.779747,-104.985797,10/25/2017 9:10,9:10,12,0,0,I70 & I25,1,1,0,0,1,4,1,,65,0,0,0,0,1,1,2,14
,2017_21056,39.779733,-104.984661,10/18/2017 7:20,7:20,12,0,0,I70 & I25,1,1,0,0,1,4,0,,55,0,0,0,0,0,1,2,13
,2017_21057,39.779708,-104.982766,9/20/2017 9:44,9:44,15,0,0,I70 & WASHINGTON STREET OFF RAMP,1,1,0,0,1,8,0,,55,0,0,0,0,1,1,2,14
,2017_21058,39.779703,-104.982387,1/5/2017 11:30,11:30,15,0,0,I70 & LOGAN STREET NORTH OFFSET REF,4,1,0,2,1,4,0,,55,0,0,0,0,0,1,2,13
,2017_21059,39.779703,-104.982387,1/2/2017 11:17,11:17,5,0,0,I70 & LOGAN STREET NORTH OFFSET REF,5,1,1,0,3,8,0,,55,0,0,0,0,0,1,1,14
,2017_21060,39.779703,-104.982387,12/13/2017 17:46,17:46,12,0,0,I70 EASTBOUND ON RAMP & WASHINGTON STREET NORTH,1,3,1,0,1,8,0,,55,0,0,0,0,0,1,3,13
,2017_21061,39.779693,-104.982199,4/5/2017 7:06,7:06,15,0,0,I70 & WASHINGTON STREET OFF RAMP,1,1,0,0,1,4,0,,45,0,0,0,0,0,1,2,14
,2017_21062,39.779693,-104.982199,2/20/2017 15:24,15:24,12,0,0,I70 EASTBOUND RAMP OFF & WASHINGTON STREET NORTH,1,1,1,0,1,8,0,,30,0,0,0,0,0,1,2,13
,2017_21063,39.779693,-104.982199,4/25/2017 10:34,10:34,12,0,0,I70 EASTBOUND OFF RAMP & WASHINGTON STREET NORTH,1,1,0,0,1,8,0,,45,0,0,0,0,0,1,2,14
,2017_21064,39.779693,-104.982199,5/25/2017 14:45,14:45,15,0,0,I70 EASTBOUND OFF RAMP & WASHINGTON STREET NORTH,1,1,0,0,1,8,0,,55,0,0,0,0,0,1,2,13
,2017_21065,39.779574,-104.980703,2/8/2017 7:00,7:00,15,0,0,I70 EASTBOUND & WASHINGTON STREET,1,1,0,0,1,4,0,,55,0,0,0,0,0,1,2,14
,2017_21066,39.779574,-104.980703,8/19/2017 20:45,20:45,15,0,0,I70 EASTBOUND OFF RAMP & WASHINGTON STREET NORTH,1,3,0,0,1,8,0,,45,0,0,0,0,0,1,2,13
,2017_21067,39.77953,-104.980141,7/29/2017 5:10,5:10,15,0,1,I70 EASTBOUND COLLECTOR ON RAMP & WASHINGTON STREET NORTH,2,3,0,1,1,8,0,,55,0,0,0,0,2,1,2,14
,2017_21068,39.77947,-104.979393,9/10/2017 6:03,6:03,5,0,1,I70 & WASHINGTON STREET NORTH,1,2,0,0,2,4,0,,55,0,0,0,0,2,1,1,10
,2017_21069,39.77947,-104.979393,10/8/2017 2:21,2:21,15,0,1,I70 & WASHINGTON STREET NORTH,1,3,0,0,1,4,0,,55,0,0,0,0,2,1,2,5
,2017_21070,39.779455,-104.979206,3/22/2017 9:32,9:32,12,0,0,I70 EASTBOUND OFF RAMP & WASHINGTON STREET,1,1,0,0,1,8,0,,45,0,0,0,0,0,1,2,14
,2017_21071,39.775509,-104.864356,3/25/2017 7:26,7:26,5,0,0,I70 EASTBOUND LOOP RAMP OFF & HAVANA STREET NORTH,1,1,1,0,2,8,0,,25,0,0,0,0,1,1,1,1
,2017_21072,39.779455,-104.979206,7/13/2017 7:44,7:44,12,0,0,I70 EASTBOUND RAMP OFF & WASHINGTON STREET NORTH,1,1,1,0,1,8,0,,25,0,0,0,0,0,1,2,13
,2017_21073,39.779455,-104.979206,5/2/2017 13:07,13:07,12,0,0,I70 WB SLIP RAMP ON & WASHINGTON STREET NORTH,1,1,1,0,1,8,0,,65,0,0,0,0,0,1,2,13
,2017_21074,39.779455,-104.979206,5/23/2017 12:56,12:56,15,0,0,I70 WB RAMP ON & WASHINGTON STREET NORTH,1,1,0,0,1,8,0,,45,0,0,0,0,0,1,2,14
,2017_21075,39.779455,-104.979206,4/28/2017 13:14,13:14,15,0,0,I70 WB OFF RAMP TO SOUTHBOUND & I25,1,1,1,0,1,8,0,,,0,0,0,0,0,1,2,13
,2017_21076,39.779441,-104.979019,1/6/2017 8:16,8:16,15,0,0,I70 & WASHINGTON STREET NORTH,5,1,0,0,1,4,0,,55,0,0,0,0,0,1,2,14
,2017_21077,39.779441,-104.979019,1/6/2017 9:17,9:17,12,0,0,I70 & WASHINGTON STREET NORTH,2,1,0,0,1,4,0,,65,0,0,0,0,0,1,2,3
,2017_21078,39.779441,-104.979019,2/21/2017 17:15,17:15,12,0,0,I70 & WASHINGTON STREET NORTH,1,1,1,0,1,4,0,,55,0,0,0,0,0,1,2,13
,2017_21079,39.779441,-104.979019,3/15/2017 9:24,9:24,12,0,0,I70 & WASHINGTON STREET NORTH,1,1,0,0,1,4,0,,55,0,0,0,0,0,1,2,7
,2017_21080,39.779441,-104.979019,4/3/2017 15:40,15:40,12,0,0,I70 & WASHINGTON STREET,1,1,0,0,1,4,0,,55,0,0,0,0,0,1,2,1
,2017_21081,39.779441,-104.979019,4/5/2017 15:17,15:17,12,0,0,I70 & WASHINGTON STREET,1,1,0,0,1,4,0,,55,0,0,0,0,0,1,2,13
,2017_21082,39.779441,-104.979019,4/21/2017 19:42,19:42,12,0,0,I70 & WASHINGTON STREET NORTH APPROXIMATELY,2,3,0,1,1,4,0,,65,0,0,0,0,0,1,4,13
,2017_21083,39.779441,-104.979019,4/25/2017 11:23,11:23,15,0,0,I70 & WASHINGTON STREET NORTH,1,1,0,0,1,4,0,,65,0,0,0,0,0,1,2,13
,2017_21084,39.779441,-104.979019,4/26/2017 8:51,8:51,15,0,0,I70 & WASHINGTON STREET NORTH,1,1,0,0,1,4,0,,55,0,0,0,0,0,1,2,1
,2017_21085,39.779441,-104.979019,5/4/2017 6:55,6:55,12,0,0,I70 & WASHINGTON STREET NORTH,1,1,0,0,1,4,0,,55,0,0,0,0,0,1,2,13
,2017_21086,39.779441,-104.979019,5/10/2017 9:48,9:48,15,0,0,I70 & WASHINGTON STREET NORTH APPROXIMATELY,1,1,1,0,1,4,0,,65,0,0,0,0,0,1,2,14
,2017_21087,39.779441,-104.979019,5/25/2017 7:40,7:40,12,0,0,I70 & WASHINGTON STREET NORTH,1,1,0,0,1,4,0,,65,0,0,0,0,0,1,2,13
,2017_21088,39.779441,-104.979019,7/28/2017 14:02,14:02,5,0,0,I70 & WASHINGTON STREET NORTH,1,1,0,0,2,4,0,,65,0,0,0,0,1,1,1,5
,2017_21089,39.779441,-104.979019,8/15/2017 6:23,6:23,12,0,1,I70 & WASHINGTON STREET NORTH,1,1,0,0,1,4,0,,45,0,0,0,1,2,1,2,13
,2017_21090,39.779441,-104.979019,9/14/2017 16:08,16:08,12,0,0,I70 & WASHINGTON STREET,1,1,0,0,1,4,0,,55,0,0,0,0,0,1,3,13
,2017_21091,39.779441,-104.979019,12/6/2017 17:47,17:47,12,0,0,I70 & WASHINGTON STREET NORTH,1,3,0,0,1,4,0,,55,0,0,0,0,0,1,2,13
,2017_21092,39.779441,-104.979019,7/14/2017 8:35,8:35,3,0,0,WASHINGTON STREET NORTH & I70 OFF RAMP EASTBOUND,1,1,0,0,1,3,0,,30,0,0,0,0,0,1,2,1
,2017_21093,39.779441,-104.979019,8/9/2017 17:30,17:30,15,0,0,WASHINGTON STREET NORTH & I70 INTCH,1,1,0,0,1,4,0,,45,0,0,0,0,0,1,2,13
,2017_21094,39.779441,-104.979019,8/21/2017 8:43,8:43,12,0,0,I70 EASTBOUND OFF SLIP RAMP & WASHINGTON STREET NORTH,1,1,0,0,1,8,0,,5,0,0,0,0,0,1,2,13
,2017_21095,39.779441,-104.979019,12/11/2017 11:38,11:38,12,0,0,I70 EASTBOUND OFF RAMP & WASHINGTON STREET NORTH,1,1,0,0,1,8,0,,35,0,0,0,0,0,1,2,14
,2017_21096,39.779441,-104.979019,7/6/2017 9:54,9:54,12,0,0,I70 WB SLIP RAMP OFF & WASHINGTON STREET NORTH,1,1,1,0,1,8,0,,25,0,0,0,0,0,1,2,1
,2017_21097,39.779441,-104.979019,12/21/2017 6:12,6:12,12,0,0,I70 WB OFF RAMP & WASHINGTON STREET NORTH,5,2,1,2,1,8,0,,35,0,0,0,0,0,1,2,13
,2017_21098,39.779441,-104.979019,12/7/2017 8:27,8:27,12,0,0,I70 EASTBOUND FLYOVER & WASHINGTON STREET NORTH,1,1,0,0,1,8,0,,55,0,0,0,0,0,1,3,14
,2017_21099,39.779441,-104.979019,1/11/2017 17:15,17:15,12,0,0,WASHINGTON STREET NORTH & I70,1,2,1,0,1,3,0,,35,0,0,0,0,0,1,2,3
,2017_21100,39.779441,-104.979019,6/25/2017 11:30,11:30,1,0,0,WASHINGTON STREET NORTH & I70 WB RAMPS,1,1,0,0,1,1,0,,30,0,0,0,0,0,1,2,7
,2017_21101,39.779441,-104.979019,9/29/2017 9:33,9:33,12,0,0,WASHINGTON STREET NORTHBOUND & I70 WB SLIP RAMP OFF,1,1,0,0,1,3,0,,25,0,0,0,0,0,1,2,14
,2017_21102,39.779441,-104.979019,9/30/2017 22:02,22:02,1,0,3,WASHINGTON STREET NORTH & I70 WB RAMPS,1,3,0,0,1,1,0,,35,0,0,0,0,2,1,2,5
,2017_21103,39.779441,-104.979019,11/1/2017 14:18,14:18,10,0,0,I70 WB RAMPS & WASHINGTON STREET NORTH,1,1,0,0,1,1,0,,30,0,0,0,0,0,1,2,3
,2017_21104,39.779441,-104.979019,11/9/2017 12:04,12:04,15,0,0,WASHINGTON STREET & I70 WB RAMP OFF,1,1,0,0,1,3,0,,35,0,0,0,0,0,1,2,14
,2017_21105,39.779441,-104.979019,11/21/2017 10:21,10:21,15,0,0,WASHINGTON STREET 4600 BLOCK NORTH & I70 WB ON RAMP,1,1,0,0,1,1,0,,35,0,0,0,0,0,1,2,13
,2017_21106,39.779441,-104.979019,4/1/2017 3:13,3:13,12,0,0,WASHINGTON STREET NORTH & I70 EASTBOUND OFF RAMP,2,3,0,1,1,1,0,,35,0,0,0,0,0,1,2,13
,2017_21107,39.779441,-104.979019,4/15/2017 1:21,1:21,5,0,0,I70 EASTBOUND OFF RAMP & WASHINGTON STREET NORTH,1,3,1,0,2,1,0,,40,0,0,0,0,0,1,1,5
,2017_21108,39.778364,-104.92257,6/1/2017 9:35,9:35,9,0,0,I70 & MM 227.5,1,1,1,0,1,4,0,,65,0,0,0,0,0,1,1,7
,2017_21109,39.779441,-104.979019,5/6/2017 9:17,9:17,3,0,0,WASHINGTON STREET & I70 EASTBOUND RAMP OFF,1,1,0,0,1,1,0,,35,0,0,0,0,0,1,2,13
,2017_21110,39.779441,-104.979019,6/1/2017 12:20,12:20,10,0,0,I70 & WASHINGTON STREET NORTH,1,1,0,0,1,1,0,,65,0,0,0,0,0,1,2,13
,2017_21111,39.779441,-104.979019,7/4/2017 14:32,14:32,3,0,0,WASHINGTON STREET NORTH & I70 EASTBOUND RAMPS,1,1,1,0,1,1,0,,35,0,0,0,0,0,1,2,8
,2017_21112,39.779441,-104.979019,7/31/2017 9:38,9:38,15,0,0,WASHINGTON STREET NORTH & I70 EASTBOUND RAMPS,1,1,0,0,1,1,0,,30,0,0,0,0,0,1,2,13
,2017_21113,39.779441,-104.979019,8/18/2017 9:51,9:51,15,0,0,WASHINGTON STREET 4500 BLOCK NORTH & I70 EASTBOUND ON RAMP,1,1,0,0,1,3,0,,35,0,0,0,0,0,1,2,7
,2017_21114,39.779441,-104.979019,10/24/2017 6:53,6:53,1,0,0,WASHINGTON STREET & I70 EASTBOUND RAMPS,1,2,0,0,1,1,0,,35,0,0,0,0,0,1,2,14
,2017_21115,39.779441,-104.979019,11/21/2017 11:58,11:58,15,0,0,I70 & WASHINGTON STREET NORTH,1,1,1,0,1,1,0,,35,0,0,0,0,0,1,2,13
,2017_21116,39.779441,-104.979019,12/4/2017 6:30,6:30,3,0,0,I70 EASTBOUND OFF RAMP & WASHINGTON STREET NORTH,1,1,0,0,1,3,0,,35,0,0,0,0,0,1,2,14
,2017_21117,39.779441,-104.979019,12/7/2017 5:44,5:44,15,0,0,WASHINGTON STREET NORTH & I70 EASTBOUND OFF RAMP,1,3,0,0,1,1,0,,35,0,0,0,0,0,1,2,1
,2017_21118,39.779425,-104.978817,6/2/2017 17:32,17:32,12,0,0,I70 & WASHINGTON STREET NORTH,1,1,2,0,1,4,0,,35,0,0,0,0,0,1,2,3
,2017_21119,39.779425,-104.978817,2/13/2017 7:42,7:42,12,0,0,I70 WB OFF RAMP & WASHINGTON STREET,1,1,0,0,1,8,1,,,0,0,0,0,0,1,2,13
,2017_21120,39.779425,-104.978817,11/15/2017 17:20,17:20,12,0,0,I70 WB OFF RAMP & WASHINGTON STREET NORTH,1,3,0,0,1,8,0,,55,0,0,0,0,0,1,2,7
,2017_21121,39.779426,-104.978653,5/19/2017 16:30,16:30,12,0,0,I70 & WASHINGTON STREET NORTH,1,1,1,0,1,4,0,,65,0,0,0,0,0,1,2,13
,2017_21122,39.779942,-104.966087,1/4/2017 15:42,15:42,12,0,0,I70 & BRIGHTON BOULEVARD,4,1,0,2,1,4,0,,55,0,0,0,0,0,1,2,13