id,drcog_id,latitude,longitude,crashtime,time,crashtype,numbkilled,numbinjurd,drcoglocat,rdconditin,lightngcon,roadcntgrd,weatherco,location,roaddescrp,constrzone,schoolzone,splimit,bikeinv,pedinv,sctrinv,motoinv,svrty,rdsystem,ttlvehcls,hcf
,2017_21123,39.779446,-104.977198,11/9/2017 18:45,18:45,12,0,0,I70 & WASHINGTON STREET NORTH,1,3,0,0,1,4,0,,55,0,0,0,0,0,1,6,1
,2017_21124,39.77952,-104.975552,1/29/2017 15:23,15:23,9,0,0,I70 & EXIT GORE POINT TO WASHINGTON STREET NORTH,1,1,0,0,1,4,0,,55,0,0,0,0,0,1,2,14
,2017_21125,39.77952,-104.975552,1/14/2017 17:20,17:20,1,0,0,47TH AVENUE EAST  & NATIONAL WESTERN DRIVE,1,3,1,0,1,1,0,,25,0,0,0,0,0,4,2,13
,2017_21126,39.77952,-104.975552,1/14/2017 19:05,19:05,1,0,0,47TH AVENUE EAST  & NATIONAL WESTERN DRIVE,1,3,1,0,1,1,0,,35,0,0,0,0,0,4,2,7
,2017_21127,39.779538,-104.97514,7/12/2017 23:30,23:30,5,0,0,I70 & WASHINGTON STREET NORTH,1,3,0,0,3,4,0,,55,0,0,0,0,0,1,2,3
,2017_21128,39.779899,-104.973861,10/16/2017 9:41,9:41,12,0,0,I70 & I25 WB EXIT GORE POINT,1,1,1,0,1,4,0,,55,0,0,0,0,0,1,3,14
,2017_21129,39.779575,-104.974317,5/16/2017 8:52,8:52,12,0,0,I70 EASTBOUND ON RAMP & WASHINGTON STREET NORTH,1,1,1,0,1,8,1,,45,0,0,0,0,0,1,2,13
,2017_21130,39.779584,-104.974112,10/11/2017 15:40,15:40,12,0,0,I70 EASTBOUND ON RAMP MERGE LANE & WASHINGTON STREET,1,1,1,0,1,4,0,,55,0,0,0,0,0,1,2,13
,2017_21131,39.779593,-104.973906,3/9/2017 15:43,15:43,15,0,0,I70 & WASHINGTON STREET NORTH EASTBOUND ENTRANCE GORE POINT,1,1,0,0,1,4,0,,65,0,0,0,0,0,1,2,14
,2017_21132,39.77963,-104.973082,10/25/2017 9:53,9:53,15,0,0,I70 OFF RAMP BEGIN TO & WASHINGTON STREET,1,1,0,0,1,8,1,,35,0,0,0,0,1,1,2,14
,2017_21133,39.77963,-104.973082,10/25/2017 6:30,6:30,15,0,0,I70 WB OFF RAMP TO & I25 SOUTHBOUND,1,2,0,0,1,8,0,,55,0,0,0,0,0,1,2,14
,2017_21134,39.779639,-104.972877,2/1/2017 19:50,19:50,15,0,0,I70 & WASHINGTON STREET NORTH WB EXIT GORE POINT,5,3,0,0,1,4,0,,55,0,0,0,0,0,1,3,1
,2017_21135,39.779666,-104.972259,11/3/2017 16:04,16:04,12,0,0,I70 & WASHINGTON STREET WB EXIT GORE,1,1,0,0,1,4,0,,55,0,0,0,0,0,1,2,1
,2017_21136,39.779758,-104.970202,2/23/2017 19:42,19:42,15,0,0,I70 & BRIGHTON BOULEVARD RAMP OFF,2,3,0,2,1,4,0,,55,0,0,0,0,0,1,2,14
,2017_21137,39.779758,-104.970202,11/16/2017 8:30,8:30,15,0,0,I70 & BRIGHTON BOULEVARD EXIT,1,1,0,0,1,4,0,,55,0,0,0,0,0,1,2,13
,2017_21138,39.779758,-104.970202,11/29/2017 7:55,7:55,15,0,0,I70 & BRIGHTON BOULEVARD EASTBOUND EXT GORE,1,1,0,0,1,4,0,,65,0,0,0,0,0,1,2,13
,2017_21139,39.779804,-104.969173,10/4/2017 6:34,6:34,15,0,0,I70 & BRIGHTON BOULEVARD NORTH WB ON,1,1,0,1,1,4,0,,,0,0,0,0,0,1,2,13
,2017_21140,39.779804,-104.969173,6/30/2017 17:11,17:11,15,0,0,I70 WB RAMP ON & BRIGHTON BOULEVARD APPROXIMATELY,1,1,0,0,1,4,0,,55,0,0,0,0,0,1,2,3
,2017_21141,39.779859,-104.967938,1/26/2017 15:54,15:54,15,0,0,I70 & BRIGHTON BOULEVARD NORTH,1,1,0,0,1,4,0,,55,0,0,0,0,0,1,2,13
,2017_21142,39.779859,-104.967938,9/27/2017 15:24,15:24,12,0,0,I70 & BRIGHTON BOULEVARD NORTH,1,1,0,0,1,4,0,,55,0,0,0,0,0,1,3,13
,2017_21143,39.779905,-104.96691,12/8/2017 19:49,19:49,12,0,0,I70 & BRIGHTON BOULEVARD NORTH,1,3,0,0,1,4,0,,65,0,0,0,0,0,1,2,13
,2017_21144,39.779923,-104.966498,2/21/2017 14:29,14:29,8,0,0,I70 & BRIGHTON BOULEVARD,1,1,0,0,1,4,0,,55,0,0,0,0,0,1,2,14
,2017_21145,39.779923,-104.966498,3/9/2017 11:11,11:11,15,0,0,I70 & BRIGHTON BOULEVARD NORTH,1,1,0,6,1,4,0,,55,0,0,0,0,0,1,3,13
,2017_21146,39.779933,-104.966293,12/19/2017 7:20,7:20,12,0,0,I70 & BRIGHTON BOULEVARD,1,1,0,0,1,4,0,,55,0,0,0,0,0,1,2,13
,2017_21147,39.779933,-104.966293,8/9/2017 14:00,14:00,12,0,0,I70 EASTBOUND OFF RAMP TO & BRIGHTON BOULEVARD NORTH,1,1,1,0,1,8,0,,30,0,0,0,0,0,1,2,13
,2017_21148,39.779942,-104.966087,1/7/2017 8:50,8:50,15,0,0,I70 & BRIGHTON BOULEVARD,5,1,0,0,1,4,0,,65,0,0,0,0,0,1,2,7
,2017_21149,39.779942,-104.966087,1/9/2017 10:19,10:19,5,0,0,I70 & BRIGHTON BOULEVARD,1,1,0,0,1,4,0,,55,0,0,0,0,0,1,2,14
,2017_21150,39.779942,-104.966087,1/10/2017 22:45,22:45,15,0,0,I70 & BRIGHTON BOULEVARD,1,3,0,0,1,4,0,,55,0,0,0,0,0,1,2,13
,2017_21151,39.779942,-104.966087,2/15/2017 8:49,8:49,12,0,0,I70 & BRIGHTON BOULEVARD NORTH,1,1,0,0,1,4,0,,55,0,0,0,0,0,1,2,13
,2017_21152,39.779942,-104.966087,3/9/2017 17:57,17:57,12,0,0,I70 & BRIGHTON BOULEVARD NORTH,1,2,0,0,1,4,0,,55,0,0,0,0,0,1,3,13
,2017_21153,39.779942,-104.966087,3/27/2017 6:19,6:19,12,0,0,I70 & BRIGHTON BOULEVARD NORTH,1,4,0,0,1,4,0,,65,0,0,0,0,0,1,2,1
,2017_21154,39.779942,-104.966087,4/3/2017 5:54,5:54,12,0,0,I70 & BRIGHTON BOULEVARD NORTH,1,2,0,0,1,4,0,,55,0,0,0,0,0,1,3,3
,2017_21155,39.779942,-104.966087,4/14/2017 23:30,23:30,5,0,0,I70 & BRIGHTON BOULEVARD NORTH,1,3,0,0,3,4,0,,,0,0,0,0,0,1,2,13
,2017_21156,39.779942,-104.966087,4/19/2017 9:58,9:58,12,0,0,I70 & BRIGHTON BOULEVARD NORTH,1,1,0,0,1,4,0,,65,0,0,0,0,1,1,2,3
,2017_21157,39.779942,-104.966087,4/24/2017 17:40,17:40,12,0,0,I70 & BRIGHTON BOULEVARD NORTH,1,1,1,0,1,4,0,,65,0,0,0,0,0,1,3,8
,2017_21158,39.779942,-104.966087,4/28/2017 9:55,9:55,15,0,0,I70 & BRIGHTON BOULEVARD INTCH,1,1,0,0,1,4,0,,65,0,0,0,0,0,1,2,1
,2017_21159,39.779942,-104.966087,5/10/2017 18:40,18:40,12,0,0,I70 & BRIGHTON BOULEVARD,2,1,0,1,1,4,0,,55,0,0,0,0,1,1,2,3
,2017_21160,39.779942,-104.966087,5/16/2017 6:08,6:08,12,0,0,I70 & MM 275.25,1,1,0,0,1,4,0,,55,0,0,0,0,0,1,3,14
,2017_21161,39.779942,-104.966087,6/5/2017 0:01,0:01,12,0,0,I70 & BRIGHTON BOULEVARD NORTH,1,3,0,0,1,4,0,,55,0,0,0,0,0,1,2,13
,2017_21163,39.779942,-104.966087,7/14/2017 19:06,19:06,15,0,0,I70 & BRIGHTON BOULEVARD,1,1,0,0,1,4,0,,55,0,0,0,0,0,1,2,1
,2017_21164,39.779942,-104.966087,7/19/2017 22:20,22:20,15,0,0,I70 & BRIGHTON BOULEVARD NORTH,1,3,0,0,1,4,0,,55,0,0,0,0,1,1,2,13
,2017_21165,39.779942,-104.966087,7/20/2017 7:07,7:07,12,0,0,I70 & BRIGHTON BOULEVARD,1,1,0,0,1,4,0,,55,0,0,0,0,1,1,4,12
,2017_21166,39.780013,-104.959206,7/4/2017 19:27,19:27,15,0,0,I70 & BRIGHTON BOULEVARD NORTH,1,1,0,0,1,4,0,,65,0,0,0,0,0,1,2,3
,2017_21167,39.779942,-104.966087,8/26/2017 23:29,23:29,15,0,0,I70 & MM 275,1,3,0,0,1,4,0,,55,0,0,0,0,0,1,2,13
,2017_21169,39.779942,-104.966087,9/1/2017 9:56,9:56,15,0,1,I70 & BRIGHTON BOULEVARD NORTH,1,1,0,0,1,4,1,,65,0,0,0,0,2,1,2,13
,2017_21170,39.779942,-104.966087,10/3/2017 8:09,8:09,12,0,0,I70 & BRIGHTON BOULEVARD NORTH,1,1,0,0,1,4,0,,,0,0,0,0,0,1,2,13
,2017_21171,39.779942,-104.966087,10/13/2017 18:41,18:41,15,0,0,I70 MERGE LANE END & BRIGHTON BOULEVARD,1,3,0,0,1,4,0,,55,0,0,0,0,0,1,2,12
,2017_21172,39.779942,-104.966087,10/14/2017 23:39,23:39,15,0,0,I70 & BRIGHTON BOULEVARD,1,3,0,0,1,4,0,,55,0,0,0,0,0,1,2,13
,2017_21173,39.779942,-104.966087,11/23/2017 18:35,18:35,15,0,0,I70 & BRIGHTON BOULEVARD NORTH,1,3,0,0,1,4,0,,55,0,0,0,0,0,1,2,13
,2017_21174,39.779942,-104.966087,12/6/2017 18:36,18:36,12,0,0,I70 & BRIGHTON BOULEVARD,1,3,0,0,1,4,0,,55,0,0,0,0,1,1,2,13
,2017_21175,39.779942,-104.966087,1/11/2017 13:22,13:22,12,0,0,I70 EASTBOUND SLIP RAMP ON MERGE POINT & BRIGHTON BOULEVARD,1,1,0,0,1,8,0,,35,0,0,0,0,0,1,2,3
,2017_21176,39.779942,-104.966087,10/29/2017 1:11,1:11,12,0,0,46TH AVENUE EAST & BRIGHTON BOULEVARD NORTH,1,3,0,0,1,1,0,,35,0,0,0,0,0,4,2,13
,2017_21177,39.779951,-104.965881,12/11/2017 10:35,10:35,15,0,0,I70 & BRIGHTON BOULEVARD NORTH,1,1,0,0,1,4,0,,55,0,0,0,0,0,1,2,3
,2017_21178,39.779951,-104.965881,9/20/2017 9:23,9:23,12,0,0,46TH AVENUE I70 FRONTAGE ROAD & BRIGHTON BOULEVARD NORTH,1,1,0,0,1,3,0,,30,0,0,0,0,0,4,2,16
,2017_21179,39.77996,-104.965675,11/7/2017 4:35,4:35,15,0,0,I70 & BRIGHTON BOULEVARD NORTH,2,3,0,1,1,4,0,,55,0,0,0,0,1,1,2,13
,2017_21180,39.78001,-104.964254,7/6/2017 11:07,11:07,15,0,0,I70 & BRIGHTON BOULEVARD,1,1,0,0,1,4,0,,50,0,0,0,0,0,1,2,7
,2017_21181,39.78001,-104.964254,12/15/2017 12:41,12:41,15,0,0,I70 & BRIGHTON BOULEVARD NORTH,1,1,0,0,1,4,0,,55,0,0,0,0,0,1,2,13
,2017_21182,39.78001,-104.964059,1/15/2017 4:04,4:04,15,0,0,I70 & RACE STREET NORTH,1,3,0,0,1,4,0,,55,0,0,0,0,0,1,2,8
,2017_21183,39.78001,-104.964059,7/14/2017 11:11,11:11,5,0,0,I70 & BRIGHTON BOULEVARD EASTBOUND ENTRANCE RAMP GORE,1,1,0,0,3,4,1,,65,0,0,0,0,1,1,1,13
,2017_21184,39.78001,-104.963866,5/10/2017 17:51,17:51,12,0,0,I70 & WASHINGTON STREET NORTH,1,1,0,0,1,4,0,,65,0,0,0,0,0,1,2,12
,2017_21185,39.780011,-104.961924,12/8/2017 10:55,10:55,15,0,0,I70 & YORK STREET,1,1,0,0,1,4,0,,,0,0,0,0,0,1,2,13
,2017_21186,39.780012,-104.961148,7/30/2017 6:00,6:00,15,0,0,I70 & MM 275.5,1,1,0,0,1,4,0,,65,0,0,0,0,1,1,2,1
,2017_21187,39.780012,-104.961148,9/5/2017 9:32,9:32,12,0,0,I70 & BRIGHTON BOULEVARD NORTH,1,1,0,0,1,4,0,,55,0,0,0,0,0,1,2,8
,2017_21188,39.780012,-104.960953,11/21/2017 14:30,14:30,12,0,0,I70 & YORK STREET NORTH,1,1,0,0,1,4,0,,55,0,0,0,0,0,1,3,7
,2017_21189,39.780012,-104.960177,10/11/2017 6:54,6:54,12,0,0,I70 & YORK STREET EXIT GORE APPROXIMATELY,1,1,0,0,1,4,0,,55,0,0,0,0,0,1,2,13
,2017_21190,39.780012,-104.959983,2/7/2017 10:13,10:13,15,0,0,I70 & YORK STREET NORTH,1,1,0,0,1,4,0,,55,0,0,0,0,0,1,2,13
,2017_21191,39.780012,-104.959983,11/13/2017 6:00,6:00,15,0,0,I70 & YORK STREET NORTH,1,4,0,0,1,4,0,,,0,0,0,0,0,1,3,13
,2017_21192,39.780012,-104.959789,1/4/2017 11:30,11:30,15,0,0,I70 & YORK STREET NORTH,4,1,0,2,1,4,0,,55,0,0,0,0,0,1,2,2
,2017_21193,39.780012,-104.959789,1/7/2017 5:09,5:09,12,0,0,I70 & YORK STREET NORTH,2,1,0,0,1,4,0,,55,0,0,0,0,1,1,3,13
,2017_21195,39.780012,-104.959789,2/16/2017 6:50,6:50,12,0,0,I70 & YORK STREET,1,1,0,0,1,4,0,,55,0,0,0,0,0,1,2,13
,2017_21196,39.780012,-104.959789,3/10/2017 10:20,10:20,12,0,0,I70 & YORK STREET NORTH,1,1,0,0,1,4,0,,55,0,0,0,0,0,1,2,13
,2017_21197,39.780012,-104.959789,3/16/2017 16:28,16:28,12,0,0,I70 & YORK STREET NORTH EXIT,1,1,0,0,1,4,0,,55,0,0,0,0,0,1,2,3
,2017_21198,39.780012,-104.959789,5/20/2017 10:42,10:42,15,0,0,I70 & YORK STREET NORTH,1,1,0,0,1,4,0,,55,0,0,0,0,0,1,2,13
,2017_21199,39.780012,-104.959789,6/14/2017 11:30,11:30,12,0,0,I70 & YORK STREET NORTH,11,1,0,0,1,4,0,,65,0,0,0,0,1,1,3,13
,2017_21200,39.780012,-104.959789,8/1/2017 16:43,16:43,12,0,0,I70 & YORK STREET NORTH,1,1,1,0,1,4,0,,55,0,0,0,0,0,1,2,13
,2017_21201,39.780012,-104.959789,9/29/2017 21:15,21:15,15,0,0,I70 & YORK STREET NORTH,1,3,0,0,1,4,0,,55,0,0,0,0,0,1,2,1
,2017_21202,39.780012,-104.959789,10/1/2017 22:52,22:52,5,0,2,I70 EASTBOUND & YORK STREET NORTH,2,3,0,1,3,4,0,,55,0,0,0,0,2,1,1,13
,2017_21203,39.780012,-104.959789,10/9/2017 1:54,1:54,5,0,0,I70 & YORK STREET,2,3,0,1,3,4,0,,65,0,0,0,0,0,1,1,13
,2017_21205,39.780012,-104.959789,12/6/2017 18:35,18:35,12,0,0,I70 & YORK STREET NORTH,1,3,0,0,1,4,0,,55,0,0,0,0,0,1,2,12
,2017_21206,39.780012,-104.959789,12/8/2017 15:34,15:34,12,0,2,I70 & YORK STREET NORTH,1,2,0,0,1,4,0,,65,0,0,0,0,2,1,2,7
,2017_21207,39.780012,-104.959789,5/18/2017 13:50,13:50,10,0,0,JOSEPHINE STREET NORTH & 46TH AVENUE EAST,2,1,0,2,1,1,0,,30,0,0,0,0,0,4,2,8
,2017_21208,39.780012,-104.959789,7/22/2017 12:35,12:35,3,0,0,46TH AVENUE EAST & YORK STREET NORTH,1,1,0,0,1,1,0,,35,0,0,0,0,0,4,2,8
,2017_21209,39.780012,-104.959789,8/18/2017 17:25,17:25,3,0,2,46TH AVENUE EAST & YORK STREET NORTH,1,1,0,7,1,1,0,,30,0,0,0,0,2,4,2,1
,2017_21210,39.780012,-104.959789,8/23/2017 12:14,12:14,1,0,0,46TH AVENUE EAST & YORK STREET NORTH,1,1,0,0,1,1,0,,30,0,0,0,0,0,4,2,16
,2017_21211,39.780012,-104.959789,10/12/2017 13:18,13:18,10,0,0,46TH AVENUE EAST & YORK STREET NORTH,1,1,0,0,1,1,0,,30,0,0,0,0,0,4,2,8
,2017_21212,39.780012,-104.959789,12/3/2017 8:14,8:14,3,0,0,YORK STREET NORTH & 46TH AVENUE EAST,1,1,0,0,1,1,0,,30,0,0,0,0,1,4,2,8
,2017_21213,39.780012,-104.959789,12/17/2017 18:00,18:00,1,0,0,46TH AVENUE EAST & YORK STREET NORTH,1,1,0,0,1,1,0,,35,0,0,0,0,1,4,2,13
,2017_21214,39.780012,-104.959789,6/16/2017 7:06,7:06,15,0,0,YORK STREET NORTH & STEAVENSON PLACE / WB RAMP ON,1,1,0,0,1,1,0,,30,0,0,0,0,0,1,2,8
,2017_21215,39.780012,-104.959789,11/18/2017 2:19,2:19,3,0,0,YORK STREET & STEAVENSON PLACE,1,3,0,0,1,1,0,,,0,0,0,0,0,1,2,13
,2017_21216,39.780013,-104.959012,6/7/2017 6:36,6:36,12,0,0,I70 & JOSEPHINE STREET NORTH,1,1,0,0,1,4,0,,55,0,0,0,0,0,1,2,7
,2017_21217,39.780013,-104.959012,10/2/2017 19:10,19:10,15,0,0,I70 & JOSEPHINE STREET NORTH,2,4,0,1,1,4,0,,50,0,0,0,0,0,1,2,13
,2017_21218,39.780013,-104.959012,5/24/2017 7:56,7:56,1,0,0,46TH AVENUE EAST VIADUCT & JOSEPHINE STREET NORTH,1,1,0,0,1,1,0,,35,0,0,0,0,1,4,2,13
,2017_21219,39.780013,-104.959012,7/12/2017 9:57,9:57,15,0,0,JOSEPHINE STREET NORTH & 46TH AVENUE EAST,1,1,0,0,1,3,0,,30,0,0,0,0,0,4,2,7
,2017_21220,39.780013,-104.959012,10/7/2017 21:44,21:44,12,0,0,JOSEPHINE STREET 4500 BLOCK NORTH & 46TH AVENUE EAST,1,3,0,0,1,1,0,,,0,0,0,0,0,4,2,13
,2017_21221,39.780013,-104.959012,10/12/2017 11:38,11:38,10,0,0,JOSEPHINE STREET NORTH & 46TH AVENUE EAST,1,1,0,0,1,1,0,,30,0,0,0,0,0,4,2,13
,2017_21222,39.780013,-104.959012,10/23/2017 12:15,12:15,10,0,0,JOSEPHINE STREET NORTH & 46TH AVENUE EAST,1,1,0,0,1,1,0,,30,0,0,0,0,0,4,2,8
,2017_21223,39.780013,-104.959012,11/7/2017 16:53,16:53,10,0,0,JOSEPHINE STREET NORTH & 46TH AVENUE EAST,2,3,0,0,1,1,0,,30,0,0,0,0,0,4,2,8
,2017_21224,39.780013,-104.959012,11/11/2017 19:55,19:55,3,0,0,JOSEPHINE STREET NORTH & 46TH AVENUE EAST,1,3,0,0,1,1,0,,,0,0,0,0,0,4,2,13
,2017_21225,39.780015,-104.956294,8/22/2017 17:43,17:43,12,0,0,I70 & BRIGHTON BOULEVARD NORTH,1,1,0,0,1,4,0,,55,0,0,0,0,0,1,2,13
,2017_21226,39.780015,-104.95513,6/15/2017 13:12,13:12,15,0,0,I70 & STEELE STREET / VASQUEZ BOULEVARD NORTH APPROXIMATELY,1,1,0,0,1,4,0,,55,0,0,0,1,1,1,2,7
,2017_21227,39.780015,-104.954935,11/13/2017 19:27,19:27,12,0,0,I70 & YORK STREET NORTH,1,3,0,0,1,4,0,,55,0,0,0,0,0,1,2,1
,2017_21228,39.780016,-104.954159,9/23/2017 2:00,2:00,12,0,0,I70 & CLAYTON STREET NORTH,1,3,0,0,1,4,0,,55,0,0,0,0,0,1,2,5
,2017_21229,39.780016,-104.954159,6/16/2017 8:02,8:02,3,0,0,46TH AVENUE EAST VIADUCT & CLAYTON STREET NORTH,1,1,0,0,1,1,0,,35,0,0,0,0,1,4,2,14
,2017_21230,39.780016,-104.954159,8/17/2017 16:26,16:26,3,0,0,46TH AVENUE EAST VIADUCT & CLAYTON STREET,1,1,0,0,1,1,0,,30,0,0,0,0,0,4,2,8
,2017_21231,39.780016,-104.954159,12/7/2017 17:17,17:17,1,0,0,46TH AVENUE EAST UNDER I70 VIADUCT & CLAYTON STREET NORTH,1,2,0,0,1,1,0,,25,0,0,0,0,1,4,2,13
,2017_21232,39.780016,-104.953383,1/30/2017 13:53,13:53,15,0,0,I70 & VASQUEZ BOULEVARD,1,1,0,0,1,4,0,,65,0,0,0,0,0,1,2,13
,2017_21233,39.780016,-104.953383,6/3/2017 12:38,12:38,15,0,0,I70 & VASQUEZ BOULEVARD,1,1,0,0,1,4,0,,55,0,0,0,0,0,1,2,13
,2017_21234,39.780016,-104.953383,7/19/2017 10:03,10:03,5,0,0,I70 & VASQUEZ BOULEVARD NORTH,1,1,0,0,2,4,0,,55,0,0,0,0,0,1,1,3
,2017_21235,39.780016,-104.953383,9/12/2017 7:07,7:07,12,0,0,I70 & VASQUEZ BOULEVARD NORTH,1,1,0,0,1,4,0,,55,0,0,0,0,0,1,2,1
,2017_21236,39.780016,-104.953383,9/25/2017 9:49,9:49,12,0,0,I70 & VASQUEZ BOULEVARD NORTH,1,1,3,0,1,4,0,,55,0,0,0,0,0,1,3,4
,2017_21237,39.780016,-104.952994,10/19/2017 14:27,14:27,12,0,0,I70 & VASQUEZ BOULEVARD NORTH,1,1,0,0,1,4,0,,55,0,0,0,0,0,1,3,13
,2017_21238,39.780016,-104.952802,3/16/2017 8:20,8:20,12,0,2,I70 WB & VASQUEZ STREET,1,1,0,0,1,4,0,,55,0,0,0,0,2,1,4,13
,2017_21239,39.780015,-104.952612,3/16/2017 8:46,8:46,12,0,0,I70 & VASQUEZ BOULEVARD NORTH,1,1,0,0,1,4,0,,55,0,0,0,0,0,1,2,13
,2017_21240,39.780015,-104.952612,6/14/2017 6:40,6:40,12,0,0,I70 ON RAMP FROM & STEEL STREET,1,1,0,0,1,8,0,,55,0,0,0,0,0,1,2,13
,2017_21241,39.780206,-104.968984,6/16/2017 6:57,6:57,5,0,0,I70 WB RAMP ON & STEELE STREET / VASQUEZ BOULEVARD,1,1,0,0,2,8,0,,55,0,0,0,0,0,1,1,14
,2017_21242,39.780003,-104.950521,12/2/2017 13:50,13:50,15,0,0,I70 EASTBOUND OFF RAMP  & STEELE STREET NORTH,1,1,0,0,1,8,0,,35,0,0,0,0,0,1,2,8
,2017_21243,39.779999,-104.949951,1/13/2017 9:42,9:42,12,0,0,I70 & STEELE STREET NORTH,1,1,0,0,1,4,0,,55,0,0,0,0,0,1,3,13
,2017_21244,39.779999,-104.949951,1/30/2017 9:07,9:07,15,0,0,I70 & STEELE STREET NORTH,1,1,0,0,1,4,0,,55,0,0,0,0,0,1,2,13
,2017_21245,39.779955,-104.942347,6/23/2017 18:20,18:20,12,0,0,I70 & COLORADO BOULEVARD NORTH,1,1,0,0,1,4,0,,55,0,0,0,0,0,1,2,8
,2017_21246,39.779999,-104.949951,3/17/2017 17:49,17:49,12,0,0,I70 & STEELE STREET NORTH APPROXIMATELY,1,1,0,0,1,4,0,,55,0,0,0,0,1,1,2,1
,2017_21247,39.779999,-104.949951,4/13/2017 19:21,19:21,12,0,0,I70 & STEELE STREET NORTH APPROXIMATELY,1,1,0,0,1,4,0,,55,0,0,0,0,1,1,2,13
,2017_21248,39.779999,-104.949951,5/5/2017 10:37,10:37,5,0,0,I70 & STEELE STREET NORTH,1,1,0,0,2,4,0,,65,0,0,0,0,0,1,2,8
,2017_21249,39.779952,-104.941967,10/25/2017 7:30,7:30,12,0,0,I70 & MM 276.5,1,1,0,0,1,4,0,,55,0,0,0,0,0,1,2,7
,2017_21250,39.779999,-104.949951,6/8/2017 10:17,10:17,12,0,0,I70 & STEELE STREET / VASQUEZ BOULEVARD NORTH APPROXIMATELY,1,1,0,0,1,4,0,,65,0,0,0,0,0,1,2,13
,2017_21251,39.779999,-104.949951,7/11/2017 15:56,15:56,15,0,0,I70 & VASQUEZ BOULEVARD NORTH,1,1,0,0,1,4,0,,55,0,0,0,0,0,1,2,13
,2017_21252,39.779999,-104.949951,7/20/2017 7:20,7:20,12,0,0,I70 & STEELE STREET NORTH,1,1,0,0,1,4,0,,55,0,0,0,0,0,1,3,13
,2017_21253,39.779999,-104.949951,7/25/2017 8:10,8:10,12,0,0,I70 & STEELE STREET,1,1,0,0,1,4,0,,55,0,0,0,0,0,1,2,13
,2017_21254,39.779999,-104.949951,8/1/2017 18:16,18:16,12,0,0,I70 & VASQUEZ BOULEVARD NORTH,1,2,1,0,1,4,0,,55,0,0,0,0,0,1,2,12
,2017_21255,39.779999,-104.949951,9/16/2017 10:56,10:56,12,0,0,I70 & STEELE STREET NORTH,1,1,0,0,1,4,0,,55,0,0,0,0,1,1,2,13
,2017_21256,39.779999,-104.949951,10/2/2017 6:05,6:05,12,0,0,I70 & STEELE STREET NORTH,2,2,0,0,1,4,0,,55,0,0,0,0,0,1,2,13
,2017_21257,39.779999,-104.949951,10/7/2017 15:55,15:55,12,0,0,I70 & STEELE STREET / VASQUEZ BOULEVARD,1,1,0,0,1,4,0,,55,0,0,0,0,0,1,2,14
,2017_21258,39.779999,-104.949951,10/11/2017 12:19,12:19,12,0,0,I70 & STEELE STREET / VASQUEZ BOULEVARD NORTH APPROXIMATELY,1,1,0,0,1,4,0,,55,0,0,0,0,1,1,3,14
,2017_21259,39.779999,-104.949951,11/13/2017 10:16,10:16,12,0,0,I70 & EXIT 276A,1,1,0,0,1,4,0,,55,0,0,0,0,0,1,2,13
,2017_21260,39.779999,-104.949951,11/21/2017 11:29,11:29,5,0,0,I70 & STEELE STREET NORTH,1,1,0,0,2,4,0,,55,0,0,0,0,0,1,1,13
,2017_21261,39.779999,-104.949951,11/21/2017 16:05,16:05,12,0,0,I70 & STEELE STREET NORTH,1,1,0,0,1,4,0,,55,0,0,0,0,1,1,3,2
,2017_21262,39.779999,-104.949951,11/22/2017 6:52,6:52,12,0,0,I70 & STEELE STREET NORTH,1,1,0,0,1,4,0,,55,0,0,0,0,1,1,3,13
,2017_21263,39.779999,-104.949951,12/4/2017 6:20,6:20,5,0,0,I70 & VASQUEZ BOULEVARD,1,3,0,6,1,4,0,,55,0,0,0,0,0,1,1,13
,2017_21264,39.779998,-104.949761,2/24/2017 21:10,21:10,9,0,0,I70 & STEELE STREET NORTH,1,3,0,0,3,4,0,,55,0,0,0,0,1,1,2,14
,2017_21265,39.779998,-104.949761,12/5/2017 6:24,6:24,12,0,0,46TH AVENUE EAST & STEELE STREET NORTH,1,3,0,0,1,3,0,,25,0,0,0,0,0,4,2,3
,2017_21266,39.779997,-104.949571,7/14/2017 9:35,9:35,15,0,0,I70 & STEELE STREET NORTH EASTBOUND ON RAMP,1,1,0,0,1,4,0,,55,0,0,0,0,0,1,2,13
,2017_21267,39.779993,-104.94881,11/20/2017 17:15,17:15,12,0,0,I70 & STEELE STREET NORTH,1,3,0,0,1,4,0,,55,0,0,0,0,0,1,2,1
,2017_21268,39.779989,-104.94824,10/25/2017 17:03,17:03,15,0,0,I70 & STEELE / VASQUEZ BOULEVARD,1,1,0,0,1,4,0,,55,0,0,0,0,0,1,3,8
,2017_21269,39.779988,-104.94805,9/1/2017 10:39,10:39,12,0,0,I70 & STEELE STREET NORTH,1,1,1,0,1,4,0,,55,0,0,0,0,0,1,2,13
,2017_21271,39.779983,-104.947099,11/20/2017 15:41,15:41,12,0,0,46TH AVENUE EAST VIADUCT & MADISON STREET NORTH,1,1,0,0,1,4,0,,30,0,0,0,0,0,1,2,14
,2017_21272,39.77998,-104.94672,9/30/2017 14:59,14:59,12,0,1,I70 WB ON RAMP & VASQUEZ BOULEVARD NORTH,1,1,1,0,1,8,0,,55,0,0,0,0,2,1,3,3