id,drcog_id,latitude,longitude,crashtime,time,crashtype,numbkilled,numbinjurd,drcoglocat,rdconditin,lightngcon,roadcntgrd,weatherco,location,roaddescrp,constrzone,schoolzone,splimit,bikeinv,pedinv,sctrinv,motoinv,svrty,rdsystem,ttlvehcls,hcf
,2017_21273,39.779961,-104.943488,6/25/2017 17:00,17:00,12,0,0,I70 & COLORADO BOULEVARD NORTH,1,1,0,0,1,4,0,,55,0,0,0,0,0,1,2,3
,2017_21274,39.779959,-104.943108,8/22/2017 9:19,9:19,15,0,0,I70 & JACKSON STREET,1,1,0,0,1,4,0,,55,0,0,0,0,0,1,2,1
,2017_21275,39.779958,-104.942918,4/12/2017 7:27,7:27,12,0,0,I70 & 3800 BLOCK,1,1,0,0,1,4,0,,65,0,0,0,0,0,1,2,3
,2017_21276,39.779956,-104.942538,4/3/2017 16:31,16:31,12,0,0,I70 & COLORADO BOULEVARD NORTH,1,1,0,0,1,4,0,,55,0,0,0,0,0,1,2,13
,2017_21277,39.779956,-104.942538,12/9/2017 17:25,17:25,12,0,2,I70 & COLORADO BOULEVARD NORTH,1,3,0,0,1,4,0,,55,0,0,0,0,2,1,3,7
,2017_21278,39.779955,-104.942347,12/24/2017 7:13,7:13,12,0,0,I70 & COLORADO BOULEVARD NORTH,6,1,0,0,1,4,0,,55,0,0,0,0,0,1,3,13
,2017_21279,39.779953,-104.942158,4/24/2017 15:41,15:41,12,0,0,I70 & COLORADO BOULEVARD NORTH,1,1,0,0,1,4,0,,55,0,0,0,0,0,1,2,13
,2017_21280,39.779953,-104.942158,6/29/2017 9:21,9:21,12,0,0,I70 & COLORADO BOULEVARD NORTH,1,1,1,0,1,4,0,,55,0,0,0,0,0,1,3,13
,2017_21281,39.779949,-104.941397,5/25/2017 17:00,17:00,12,0,0,I70 & COLORADO BOULEVARD,1,1,0,0,1,4,0,,65,0,0,0,1,0,1,2,13
,2017_21282,39.779949,-104.941397,6/26/2017 15:14,15:14,12,0,0,I70 & COLORADO BOULEVARD NORTH,1,1,0,0,1,4,0,,55,0,0,0,0,0,1,2,13
,2017_21283,39.779947,-104.941017,4/19/2017 19:00,19:00,5,0,0,I70 & COLORADO BOULEVARD NORTH,1,3,0,0,2,4,0,,,0,0,0,0,0,1,1,3
,2017_21284,39.779947,-104.941017,6/21/2017 15:42,15:42,15,0,0,I70 & COLORADO BOULEVARD NORTH,1,1,0,0,1,4,0,,,0,0,0,0,0,1,2,13
,2017_21285,39.777771,-104.890159,4/18/2017 20:19,20:19,5,0,0,I70 & MM 279,1,3,1,0,1,4,0,,,0,0,0,1,0,1,2,13
,2017_21286,39.779947,-104.941017,10/7/2017 0:40,0:40,12,0,0,I70 & COLORADO BOULEVARD NORTH,1,4,0,0,1,4,0,,65,0,0,0,0,0,1,2,13
,2017_21287,39.779947,-104.941017,10/13/2017 7:06,7:06,15,0,0,I70 & COLORADO BOULEVARD,1,1,0,0,1,4,0,,55,0,0,0,0,0,1,2,1
,2017_21288,39.779944,-104.940603,1/11/2017 19:26,19:26,15,0,0,I70 & COLORADO BOULEVARD NORTH,1,3,0,0,1,4,0,,55,0,0,0,0,0,1,2,13
,2017_21289,39.779944,-104.940603,1/16/2017 6:50,6:50,15,0,0,I70 & COLORADO BOULEVARD n,4,1,0,2,1,4,0,,55,0,0,0,0,0,1,2,1
,2017_21290,39.779944,-104.940603,2/11/2017 14:52,14:52,9,0,0,I70 & COLORADO BOULEVARD NORTH APPROXIMATELY,1,1,1,0,1,4,0,,55,0,0,0,0,0,1,1,12
,2017_21291,39.779944,-104.940603,3/3/2017 12:20,12:20,12,0,0,I70 & COLORADO BOULEVARD NORTH,1,1,0,0,1,4,0,,65,0,0,0,0,0,1,2,13
,2017_21292,39.779944,-104.940603,3/25/2017 13:06,13:06,12,0,0,I70 & COLORADO BOULEVARD NORTH,1,1,0,0,1,4,0,,65,0,0,0,0,0,1,2,4
,2017_21293,39.779944,-104.940603,3/25/2017 14:37,14:37,12,0,0,I70 & COLORADO BOULEVARD NORTH,1,1,0,0,1,4,0,,55,0,0,0,0,0,1,2,13
,2017_21294,39.779944,-104.940603,4/4/2017 9:08,9:08,12,0,0,I70 & COLORADO BOULEVARD NORTH,2,1,0,2,1,4,0,,55,0,0,0,0,1,1,2,1
,2017_21295,39.779944,-104.940603,4/6/2017 16:12,16:12,12,0,0,I70 & COLORADO BOULEVARD NORTH,1,1,0,0,1,4,0,,65,0,0,0,0,0,1,3,13
,2017_21296,39.779944,-104.940603,4/17/2017 14:27,14:27,12,0,0,I70 & COLORADO BOULEVARD NORTH,1,1,0,0,1,4,0,,55,0,0,0,0,1,1,3,13
,2017_21297,39.779944,-104.940603,4/26/2017 10:30,10:30,12,0,0,I70 & COLORADO BOULEVARD NORTH,1,1,0,0,1,4,0,,55,0,0,0,0,0,1,2,13
,2017_21298,39.779944,-104.940603,5/31/2017 8:06,8:06,15,0,0,I70 & COLORADO BOULEVARD NORTH,1,1,0,0,1,4,0,,55,0,0,0,0,0,1,2,13
,2017_21299,39.779944,-104.940603,6/23/2017 14:01,14:01,15,0,0,I70 & COLORADO BOULEVARD NORTH APPROXIMATELY,1,1,0,0,1,4,0,,55,0,0,0,0,0,1,2,13
,2017_21300,39.779944,-104.940603,6/29/2017 18:12,18:12,12,0,0,I70 & COLORADO BOULEVARD NORTH,1,1,0,0,1,4,0,,55,0,0,0,0,0,1,2,3
,2017_21301,39.779944,-104.940603,7/6/2017 12:49,12:49,5,0,0,I70 & COLORADO BOULEVARD NORTH,1,1,0,0,1,4,0,,55,0,0,0,0,0,1,4,13
,2017_21302,39.775573,-104.865095,5/26/2017 15:20,15:20,15,0,0,I70 & HAVANA STREET NORTH,1,1,0,0,1,4,0,,55,0,0,0,0,0,1,2,13
,2017_21303,39.779944,-104.940603,7/14/2017 15:54,15:54,12,0,0,I70 & COLORADO BOULEVARD NORTH,1,1,0,0,1,4,0,,55,0,0,0,0,0,1,3,1
,2017_21304,39.779944,-104.940603,7/15/2017 11:33,11:33,12,0,0,I70 & COLORADO BOULEVARD NORTH,1,1,0,0,1,4,0,,55,0,0,0,0,1,1,2,13
,2017_21305,39.779944,-104.940603,7/20/2017 14:10,14:10,12,0,0,I70 & COLORADO BOULEVARD NORTH,1,1,0,0,1,4,0,,55,0,0,0,0,0,1,2,3
,2017_21306,39.779944,-104.940603,7/24/2017 13:53,13:53,12,0,0,I70 & COLORADO BOULEVARD n,1,1,0,0,1,4,0,,55,0,0,0,0,0,1,2,13
,2017_21307,39.779944,-104.940603,8/5/2017 14:20,14:20,12,0,0,I70 & COLORADO BOULEVARD NORTH,1,1,0,0,1,4,0,,55,0,0,0,0,0,1,2,1
,2017_21308,39.779944,-104.940603,8/15/2017 21:32,21:32,15,0,0,I70 WB & COLORADO BOULEVARD NORTH,2,3,0,1,1,4,0,,65,0,0,0,0,0,1,2,13
,2017_21309,39.779944,-104.940603,8/23/2017 15:36,15:36,12,0,0,I70 & COLORADO BOULEVARD NORTH,1,1,0,0,1,4,0,,55,0,0,0,0,1,1,3,3
,2017_21310,39.779944,-104.940603,8/24/2017 13:30,13:30,15,0,0,I70 & COLORADO BOULEVARD WEST,1,1,0,0,1,4,0,,55,0,0,0,0,0,1,2,13
,2017_21311,39.779944,-104.940603,9/2/2017 21:55,21:55,12,0,2,I70 & COLORADO BOULEVARD NORTH,1,3,0,0,1,4,0,,55,0,0,0,0,2,1,2,7
,2017_21312,39.779944,-104.940603,9/7/2017 10:03,10:03,15,0,0,I70 & COLORADO BOULEVARD NORTH,1,1,0,0,1,4,0,,55,0,0,0,0,0,1,2,1
,2017_21313,39.778289,-104.912566,1/15/2017 3:00,3:00,5,0,0,I70 & MONACO STREET NORTH,1,4,0,0,1,4,0,,,0,0,0,0,0,1,2,13
,2017_21314,39.779944,-104.940603,9/14/2017 17:44,17:44,12,0,0,I70 & COLORADO BOULEVARD NORTH,1,1,0,0,1,4,0,,65,0,0,0,0,0,1,2,2
,2017_21315,39.779944,-104.940603,9/18/2017 10:34,10:34,12,0,0,I70 & COLORADO BOULEVARD NORTH,1,1,0,0,1,4,0,,55,0,0,0,0,0,1,2,13
,2017_21316,39.779944,-104.940603,9/20/2017 19:50,19:50,12,0,0,I70 & COLORADO BOULEVARD NORTH,1,4,0,0,1,4,0,,55,0,0,0,0,0,1,2,1
,2017_21317,39.779944,-104.940603,9/21/2017 8:31,8:31,12,0,0,I70 & COLORADO BOULEVARD NORTH,1,1,0,0,1,4,0,,55,0,0,0,0,0,1,2,13
,2017_21318,39.779944,-104.940603,10/7/2017 12:27,12:27,12,0,0,I70 & COLORADO BOULEVARD NORTH,1,1,0,0,1,4,0,,55,0,0,0,0,0,1,2,13
,2017_21319,39.779944,-104.940603,10/10/2017 10:10,10:10,12,0,0,I70 & COLORADO BOULEVARD NORTH,1,1,0,0,1,4,0,,55,0,0,0,0,0,1,4,12
,2017_21320,39.779944,-104.940603,10/13/2017 15:45,15:45,12,0,0,I70 & COLORADO BOULEVARD NORTH,1,1,0,0,1,4,0,,55,0,0,0,0,0,1,2,13
,2017_21321,39.779944,-104.940603,10/20/2017 18:31,18:31,12,0,0,I70 & COLORADO BOULEVARD NORTH,1,4,0,0,1,4,0,,55,0,0,0,0,1,1,3,14
,2017_21322,39.779944,-104.940603,11/8/2017 18:07,18:07,12,0,0,I70 & COLORADO BOULEVARD NORTH,1,3,0,0,1,4,0,,55,0,0,0,0,0,1,2,3
,2017_21323,39.779944,-104.940603,12/6/2017 17:31,17:31,15,0,0,I70 & COLORADO BOULEVARD NORTH APPROXIMATELY,1,3,1,0,1,4,0,,55,0,0,0,0,0,1,2,13
,2017_21324,39.779944,-104.940603,12/11/2017 14:46,14:46,15,0,0,I70 & COLORADO BOULEVARD NORTH,1,1,1,0,1,4,0,,55,0,0,0,0,0,1,2,3
,2017_21325,39.779944,-104.940603,12/22/2017 15:25,15:25,12,0,0,I70 & COLORADO BOULEVARD NORTH,1,1,0,0,1,4,0,,65,0,0,0,0,0,1,2,8
,2017_21326,39.779944,-104.940603,9/22/2017 15:53,15:53,15,0,0,I70 EASTBOUND RAMP ON & COLORADO BOULEVARD NORTHBOUND EXIT GORE,1,1,0,0,1,8,0,,25,0,0,0,0,0,1,2,13
,2017_21327,39.779944,-104.940603,11/24/2017 17:24,17:24,12,0,0,I70 WB OFF RAMP & COLORADO BOULEVARD NORTH,1,3,1,0,1,8,0,,,0,0,0,0,0,1,2,3
,2017_21328,39.779946,-104.94044,3/22/2017 15:24,15:24,12,0,0,I70 & COLORADO BOULEVARD,1,1,0,0,1,4,0,,55,0,0,0,0,0,1,2,13
,2017_21329,39.779946,-104.94044,5/30/2017 17:27,17:27,12,0,0,I70 & COLORADO BOULEVARD NORTH,1,1,0,0,1,4,0,,65,0,0,0,0,1,1,3,14
,2017_21330,39.779946,-104.94044,6/15/2017 4:43,4:43,12,0,0,I70 & MM 277,1,3,0,0,1,4,0,,55,0,0,0,0,0,1,2,13
,2017_21331,39.779946,-104.94044,7/15/2017 11:28,11:28,15,0,0,I70 & COLORADO BOULEVARD NORTH,1,1,0,0,1,4,0,,,0,0,0,0,0,1,2,13
,2017_21332,39.779946,-104.94044,8/7/2017 10:55,10:55,12,0,0,I70 & COLORADO BOULEVARD NORTH,2,1,1,1,1,4,0,,55,0,0,0,0,0,1,2,13
,2017_21333,39.779946,-104.94044,8/11/2017 9:48,9:48,15,0,0,I70 EASTBOUND MERGE LANE & COLORADO BOULEVARD EASTBOUND RAMP,1,1,0,0,1,4,0,,65,0,0,0,0,0,1,3,13
,2017_21334,39.779949,-104.94024,7/3/2017 16:44,16:44,15,0,0,I70 WB RAMP OFF & COLORADO BOULEVARD NORTH,1,1,0,0,1,4,0,,35,0,0,0,0,0,1,2,13
,2017_21335,39.779949,-104.94024,6/22/2017 7:44,7:44,15,0,0,I70 WB LOOP ENTRANCE GORE POINT & COLORADO BOULEVARD NORTH,1,1,0,0,1,8,0,,50,0,0,0,0,0,1,2,13
,2017_21336,39.779951,-104.940041,6/2/2017 12:37,12:37,15,0,0,I70 & COLORADO BOULEVARD NORTH,1,1,0,0,1,8,0,,55,0,0,0,0,0,1,2,13
,2017_21337,39.779954,-104.939842,6/12/2017 16:57,16:57,12,0,0,I70 & COLORADO BOULEVARD NORTH,1,1,0,0,1,4,0,,55,0,0,0,0,0,1,2,13
,2017_21338,39.779954,-104.939842,10/24/2017 10:03,10:03,15,0,0,I70 WB RAMP OFF & COLORADO BOULEVARD NORTHBOUND / SOUTHBOUND RAMP SPLIT,1,1,0,0,1,8,0,,55,0,0,0,0,0,1,2,7
,2017_21339,39.779954,-104.939842,11/10/2017 10:20,10:20,12,0,0,I70 WB OFF RAMP SPLIT & COLORADO BOULEVARD NORTH,1,1,0,0,1,8,0,,55,0,0,0,0,1,1,2,13
,2017_21340,39.779959,-104.939443,11/10/2017 19:30,19:30,5,0,0,I70 & COLORADO BOULEVARD,1,3,0,0,2,4,0,,55,0,0,0,0,1,1,2,13
,2017_21341,39.779972,-104.93885,2/8/2017 15:29,15:29,15,0,0,I70 & COLORADO BOULEVARD NORTH,1,1,0,0,1,4,0,,65,0,0,0,0,0,1,2,14
,2017_21342,39.77998,-104.938654,6/5/2017 10:58,10:58,12,0,0,I70 & COLORADO BOULEVARD NORTH,1,1,1,0,1,4,0,,65,0,0,0,0,0,1,2,13
,2017_21343,39.780045,-104.937093,6/2/2017 12:37,12:37,15,0,0,I70 WB & 46TH AVENUE EASTBOUND ON RAMP,1,1,0,0,1,4,0,,55,0,0,0,0,0,1,2,13
,2017_21344,39.749571,-104.9882535,8/25/2017 23:30,23:30,15,0,0,20TH STREET & STOUT STREET,1,3,0,0,1,1,0,,,0,0,0,0,0,4,2,13
,2017_21345,39.780053,-104.936898,2/10/2017 18:15,18:15,12,0,0,I70 WB & I70 WB ON RAMP FROM 46TH STREET EAST,1,3,0,0,1,8,0,,,0,0,0,0,0,1,4,13
,2017_21346,39.780062,-104.936703,12/13/2017 16:29,16:29,15,0,0,I70 & COLORADO BOULEVARD,1,1,1,0,1,4,0,,55,0,0,0,0,0,1,2,8
,2017_21347,39.780081,-104.935735,1/23/2017 9:30,9:30,12,0,0,I70 & COLORADO BOULEVARD NORTH,1,1,1,0,1,4,0,,65,0,0,0,0,0,1,2,3
,2017_21348,39.780081,-104.935735,8/24/2017 13:32,13:32,5,0,0,I70 & COLORADO BOULEVARD,14,1,0,0,1,4,0,,55,0,0,0,0,0,1,2,14
,2017_21349,39.780081,-104.935735,8/30/2017 16:01,16:01,15,0,0,I70 & COLORADO BOULEVARD NORTH,1,1,0,0,1,4,0,,,0,0,0,0,0,1,2,13
,2017_21350,39.780081,-104.935735,9/8/2017 6:05,6:05,15,0,0,I70 & COLORADO BOULEVARD NORTH,1,3,0,0,1,4,0,,55,0,0,0,0,0,1,2,12
,2017_21351,39.780081,-104.935735,9/12/2017 15:20,15:20,12,0,0,I70 & COLORADO BOULEVARD NORTH,1,1,0,0,1,4,0,,65,0,0,0,0,0,1,2,1
,2017_21352,39.780085,-104.933811,6/26/2017 10:00,10:00,12,0,0,I70 & COLORADO BOULEVARD NORTH,1,1,0,0,1,4,0,,65,0,0,0,0,0,1,2,14
,2017_21353,39.780087,-104.933043,11/4/2017 1:40,1:40,15,0,0,I70 & DAHLIA STREET NORTH,1,3,0,0,1,4,0,,55,0,0,0,0,0,1,2,13
,2017_21354,39.780073,-104.932626,6/12/2017 17:22,17:22,12,0,0,I70 & DAHLIA STREET NORTH,1,1,0,0,1,4,0,,65,0,0,0,0,0,1,2,8
,2017_21355,39.780047,-104.931991,7/17/2017 16:13,16:13,12,0,0,I70 & HOLLY STREET NORTH,1,1,0,0,1,4,0,,55,0,0,0,0,0,1,2,12
,2017_21356,39.780032,-104.931784,4/3/2017 21:42,21:42,12,0,0,I70 & DAHLIA STREET NORTH,1,3,0,0,1,4,0,,55,0,0,0,0,0,1,2,13
,2017_21357,39.780032,-104.931784,4/3/2017 21:50,21:50,15,0,0,I70 & DAHLIA STREET NORTH,1,4,0,0,1,4,0,,55,0,0,0,0,0,1,2,13
,2017_21358,39.780032,-104.931784,5/3/2017 23:10,23:10,15,0,0,I70 & DAHLIA STREET,1,3,0,0,1,4,0,,65,0,0,0,0,0,1,2,13
,2017_21359,39.780032,-104.931784,5/16/2017 8:29,8:29,12,0,0,I70 & DAHLIA STREET NORTH,1,1,0,0,1,4,0,,65,0,0,0,0,0,1,2,13
,2017_21360,39.780032,-104.931784,6/8/2017 10:20,10:20,12,0,0,I70 & DAHLIA STREET NORTH,1,1,0,0,1,4,0,,55,0,0,0,0,1,1,2,7
,2017_21361,39.780032,-104.931784,6/20/2017 9:52,9:52,15,0,0,I70 & DAHLIA STREET NORTH,1,1,0,0,1,4,0,,,0,0,0,0,0,1,2,13
,2017_21362,39.780032,-104.931784,6/29/2017 8:38,8:38,15,0,0,I70 & DAHLIA STREET NORTH,1,1,0,0,1,4,0,,55,0,0,0,0,0,1,2,13
,2017_21363,39.780032,-104.931784,7/22/2017 12:39,12:39,12,0,0,I70 & DAHLIA STREET NORTH,1,5,0,0,1,4,0,,55,0,0,0,0,0,1,2,3
,2017_21364,39.780032,-104.931784,7/24/2017 7:50,7:50,12,0,0,I70 & COLORADO BOULEVARD,1,1,0,0,1,4,0,,55,0,0,0,0,0,1,2,13
,2017_21365,39.780032,-104.931784,8/1/2017 7:04,7:04,12,0,0,I70 & DAHLIA STREET NORTH,1,1,0,0,1,4,0,,55,0,0,0,0,0,1,2,3
,2017_21366,39.780032,-104.931784,8/3/2017 14:43,14:43,12,0,0,I70 & DAHLIA STREET NORTH,1,1,1,0,1,4,0,,55,0,0,0,0,0,1,2,13
,2017_21367,39.780032,-104.931784,8/5/2017 12:30,12:30,12,0,0,I70 & DAHLIA STREET,1,1,0,0,1,4,0,,55,0,0,0,0,0,1,2,13
,2017_21368,39.780032,-104.931784,8/15/2017 3:32,3:32,5,0,0,I70 & DAHLIA STREET NORTH,1,3,0,0,3,4,0,,,0,0,0,0,0,1,1,13
,2017_21369,39.780032,-104.931784,8/16/2017 8:27,8:27,12,0,0,I70 & DAHLIA STREET NORTH,1,1,0,0,1,4,0,,65,0,0,0,0,0,1,2,13
,2017_21370,39.780032,-104.931784,9/6/2017 9:31,9:31,12,0,0,I70 & DAHLIA STREET NORTH,1,1,0,0,1,4,0,,55,0,0,0,0,0,1,3,13
,2017_21371,39.780032,-104.931784,9/18/2017 16:18,16:18,12,0,0,I70 & DAHLIA STREET NORTH,1,1,1,0,1,4,0,,55,0,0,0,0,0,1,2,2
,2017_21372,39.780032,-104.931784,9/20/2017 13:46,13:46,12,0,0,I70 & DAHLIA STREET,1,1,0,0,1,4,0,,55,0,0,0,0,0,1,2,13
,2017_21373,39.780032,-104.931784,10/1/2017 3:40,3:40,5,0,0,I70 & DAHLIA STREET NORTH,1,3,0,0,3,4,0,,,0,0,0,0,0,1,1,5
,2017_21374,39.778294,-104.905276,12/16/2017 19:40,19:40,12,0,0,I70 & QUEBEC STREET NORTH,1,3,0,0,1,4,0,,65,0,0,0,0,0,1,2,14
,2017_21375,39.780032,-104.931784,10/2/2017 5:56,5:56,12,0,0,I70 & DAHLIA STREET NORTH,2,2,0,0,1,4,0,,55,0,0,0,0,0,1,2,13
,2017_21376,39.780032,-104.931784,10/4/2017 17:22,17:22,12,0,0,I70 & DAHLIA STREET NORTH,1,1,0,0,1,4,0,,,0,0,0,0,1,1,2,13
,2017_21377,39.780032,-104.931784,11/24/2017 16:00,16:00,15,0,0,I70 & DAHLIA STREET NORTH,1,1,0,0,1,4,0,,55,0,0,0,0,0,1,2,1
,2017_21378,39.780032,-104.931784,12/11/2017 17:49,17:49,15,0,0,I70 & DAHLIA STREET NORTH,1,3,0,0,1,4,0,,,0,0,0,0,0,1,2,13
,2017_21379,39.780032,-104.931784,12/12/2017 9:58,9:58,15,0,0,I70 & DAHLIA STREET NORTH,1,1,0,0,1,4,0,,,0,0,0,0,0,1,2,13
,2017_21380,39.780009,-104.931582,6/10/2017 13:23,13:23,15,0,0,I70 & DAHLIA STREET NORTH,1,1,0,0,1,4,0,,55,0,0,0,0,0,1,2,1
,2017_21381,39.779962,-104.931179,3/24/2017 1:10,1:10,5,0,0,I70 & MONACO STREET NORTH,2,4,0,2,3,4,0,,55,0,0,0,0,0,1,1,13
,2017_21382,39.779935,-104.930979,4/23/2017 21:10,21:10,15,0,0,I70 & DAHLIA STREET NORTH,1,3,0,0,1,4,0,,65,0,0,0,0,0,1,2,2
,2017_21383,39.779935,-104.930979,5/24/2017 19:30,19:30,12,0,0,I70 & DAHLIA STREET,1,1,0,0,1,4,0,,55,0,0,0,0,0,1,2,13
,2017_21384,39.779935,-104.930979,11/30/2017 18:20,18:20,12,0,0,I70 & HOLLY STREET NORTH,1,3,0,0,1,4,0,,55,0,0,0,0,0,1,2,1
,2017_21385,39.779862,-104.930598,10/18/2017 16:46,16:46,12,0,0,I70 & DAHLIA STREET NORTH,1,1,0,0,1,4,0,,55,0,0,0,0,0,1,2,4
,2017_21386,39.779241,-104.927354,2/20/2017 15:13,15:13,12,0,0,I70 & FOREST STREET NORTH,1,1,1,0,1,4,0,,55,0,0,0,0,0,1,2,2
,2017_21387,39.779241,-104.927354,3/18/2017 13:43,13:43,12,0,0,I70 & FOREST STREET NORTH,1,1,0,0,1,4,0,,55,0,0,0,0,0,1,3,3
,2017_21388,39.779204,-104.927163,6/2/2017 14:11,14:11,12,0,0,I70 & FOREST STREET NORTH,2,1,0,1,1,4,0,,,0,0,0,0,0,1,3,13
,2017_21389,39.779168,-104.926972,1/6/2017 13:54,13:54,12,0,0,I70 & FOREST STREET,2,1,0,0,1,4,0,,55,0,0,0,0,0,1,2,13
,2017_21390,39.779168,-104.926972,3/21/2017 17:38,17:38,12,0,0,I70 & FOREST STREET NORTH,1,1,0,0,1,4,0,,65,0,0,0,0,0,1,2,3
,2017_21391,39.779168,-104.926972,4/5/2017 13:28,13:28,12,0,0,I70 & FOREST STREET NORTH,1,1,0,0,1,4,0,,55,0,0,0,0,0,1,2,14
,2017_21392,39.779168,-104.926972,4/10/2017 15:24,15:24,12,0,0,I70 & FOREST STREET NORTH,1,1,0,0,1,4,0,,65,0,0,0,0,0,1,2,13
,2017_21393,39.779168,-104.926972,4/19/2017 15:24,15:24,12,0,1,I70 & FOREST STREET NORTH OFFSET REF,1,1,1,0,1,4,0,,55,0,0,0,0,2,1,3,13
,2017_21394,39.779168,-104.926972,7/10/2017 15:02,15:02,12,0,0,I70 & FOREST STREET NORTH OFFSET REF,1,1,0,1,1,4,0,,55,0,0,0,0,0,1,2,13
,2017_21395,39.779168,-104.926972,7/14/2017 11:05,11:05,12,0,0,I70 & DAHLIA STREET NORTH,1,1,0,0,1,4,0,,65,0,0,0,0,0,1,2,7
,2017_21396,39.778948,-104.925827,1/20/2017 20:25,20:25,5,0,0,I70 & GLENCOE STREET NORTH OFFSET REF,1,3,0,0,3,4,0,,65,0,0,0,0,0,1,1,2
,2017_21397,39.778948,-104.925827,5/20/2017 13:55,13:55,12,0,0,I70 & GLENCOE STREET NORTH,1,1,0,0,1,4,0,,55,0,0,0,0,0,1,2,13
,2017_21398,39.778729,-104.924682,6/19/2017 15:33,15:33,12,0,0,I70 & GRAPE STREET NORTH OFFSET REF,1,1,1,0,1,4,0,,65,0,0,0,0,1,1,2,5
,2017_21399,39.778729,-104.924682,7/17/2017 15:34,15:34,12,0,0,I70 & GRAPE STREET NORTH,1,1,0,0,1,4,0,,65,0,0,0,0,0,1,2,3
,2017_21400,39.778364,-104.92257,6/16/2017 1:02,1:02,5,0,0,I70 & MM 277,1,3,0,0,1,4,0,,55,0,0,0,0,1,1,2,5
,2017_21401,39.778364,-104.92257,7/6/2017 19:50,19:50,12,0,0,I70 & MM 277.5,1,1,0,0,1,4,0,,55,0,0,0,0,0,1,2,13
,2017_21402,39.778283,-104.920585,12/29/2017 17:20,17:20,12,0,0,I70 & HOLLY STREET NORTH,1,3,0,0,1,4,0,,55,0,0,0,0,0,1,2,1
,2017_21403,39.778341,-104.92238,1/11/2017 18:05,18:05,12,0,0,I70 & HOLLY STREET NORTH,1,3,1,0,1,4,0,,55,0,0,0,0,0,1,4,13
,2017_21404,39.778341,-104.92238,2/3/2017 15:08,15:08,12,0,0,I70 & HOLLY STREET NORTH,1,1,0,0,1,4,0,,55,0,0,0,0,1,1,2,4
,2017_21405,39.778295,-104.903454,6/23/2017 13:12,13:12,5,0,0,I70 & QUEBEC STREET,1,1,0,0,1,4,0,,55,0,0,0,0,0,1,2,13
,2017_21406,39.778341,-104.92238,3/3/2017 12:50,12:50,12,0,0,I70 & HOLLY STREET NORTH,1,1,0,0,1,4,0,,65,0,0,0,0,0,1,3,13
,2017_21407,39.778341,-104.92238,3/9/2017 8:00,8:00,12,0,0,I70 & HOLLY STREET NORTH,1,1,0,0,1,4,0,,65,0,0,0,0,0,1,2,13
,2017_21408,39.778341,-104.92238,4/4/2017 8:53,8:53,12,0,0,I70 & HOLLY STREET NORTH,2,1,0,2,1,4,0,,55,0,0,0,0,1,1,2,1
,2017_21409,39.778341,-104.92238,4/17/2017 17:14,17:14,12,0,0,I70 & HOLLY STREET NORTH,1,1,0,0,1,4,0,,65,0,0,0,0,0,1,2,2
,2017_21410,39.778341,-104.92238,4/21/2017 15:49,15:49,12,0,0,I70 WB & HOLLY STREET NORTH,1,1,1,0,1,4,0,,55,0,0,0,0,0,1,2,12
,2017_21411,39.778341,-104.92238,4/24/2017 8:47,8:47,12,0,0,I70 & HOLLY STREET NORTH,1,1,0,0,1,4,0,,65,0,0,0,0,0,1,4,1
,2017_21412,39.778341,-104.92238,5/10/2017 7:41,7:41,12,0,0,I70 & HOLLY STREET NORTH,1,1,0,0,1,4,0,,65,0,0,0,0,0,1,3,13
,2017_21413,39.778341,-104.92238,5/16/2017 7:20,7:20,15,0,0,I70 & HOLLY STREET NORTH,1,1,0,0,1,4,0,,65,0,0,0,0,0,1,2,13
,2017_21414,39.778341,-104.92238,6/25/2017 18:46,18:46,12,0,0,I70 & HOLLY STREET NORTH,1,1,0,0,1,4,0,,55,0,0,0,0,0,1,2,3
,2017_21415,39.778341,-104.92238,7/7/2017 11:53,11:53,12,0,0,I70 & HOLLY STREET NORTH,1,1,3,0,1,4,0,,50,0,0,0,0,1,1,2,7
,2017_21416,39.778341,-104.92238,7/14/2017 1:06,1:06,12,0,0,I70 & HOLLY STREET,1,1,0,0,1,4,0,,55,0,0,0,0,0,1,2,13
,2017_21417,39.778341,-104.92238,7/14/2017 13:55,13:55,12,0,0,I70 & HOLLY STREET,1,1,0,0,1,4,0,,65,0,0,0,0,0,1,2,13
,2017_21418,39.778341,-104.92238,8/22/2017 9:34,9:34,12,0,0,I70 & NORTH HOLLY STREET,1,1,0,0,1,4,0,,55,0,0,0,0,1,1,3,13
,2017_21419,39.778341,-104.92238,9/13/2017 16:52,16:52,12,0,0,I70 & HOLLY STREET NORTH,1,1,0,0,1,4,0,,65,0,0,0,0,0,1,2,3
,2017_21420,39.778341,-104.92238,9/14/2017 21:10,21:10,15,0,0,I70 & HOLLY STREET NORTH,1,3,0,0,1,4,0,,,0,0,0,0,0,1,2,13
,2017_21421,39.778341,-104.92238,10/5/2017 21:00,21:00,12,0,0,I70 & HOLLY STREET NORTH,1,3,0,0,1,4,0,,55,0,0,0,0,0,1,2,1
,2017_21422,39.778341,-104.92238,10/16/2017 16:34,16:34,12,0,1,I70 & HOLLY STREET NORTH,1,1,0,0,1,4,0,,55,0,0,0,0,2,1,2,3