id,drcog_id,latitude,longitude,crashtime,time,crashtype,numbkilled,numbinjurd,drcoglocat,rdconditin,lightngcon,roadcntgrd,weatherco,location,roaddescrp,constrzone,schoolzone,splimit,bikeinv,pedinv,sctrinv,motoinv,svrty,rdsystem,ttlvehcls,hcf
,2017_21423,39.778341,-104.92238,10/31/2017 7:00,7:00,12,0,0,I70 & HOLLY STREET NORTH,1,2,0,0,1,4,0,,,0,0,0,0,0,1,3,13
,2017_21424,39.778341,-104.92238,11/20/2017 15:10,15:10,12,0,0,I70 & HOLLY STREET NORTH,1,1,0,0,1,4,0,,55,0,0,0,0,1,1,3,13
,2017_21425,39.778329,-104.922204,10/7/2017 22:35,22:35,12,0,0,I70 & HOLLY STREET NORTH APPROXIMATELY,1,3,0,0,1,4,0,,55,0,0,0,0,0,1,2,5
,2017_21426,39.778316,-104.922027,4/30/2017 16:02,16:02,15,0,0,I70 & YORK STREET NORTH,1,1,1,0,1,4,0,,55,0,0,0,0,1,1,2,13
,2017_21427,39.778292,-104.921674,5/31/2017 15:28,15:28,12,0,0,I70 & HOLLY STREET NORTH,1,1,0,0,1,4,0,,55,0,0,0,0,0,1,2,13
,2017_21428,39.778292,-104.921674,8/2/2017 16:45,16:45,12,0,1,I70 & NORTHFIELD QUEBEC NORTH,1,1,0,0,1,4,0,,55,0,0,0,0,2,1,3,3
,2017_21429,39.778282,-104.921314,10/20/2017 8:36,8:36,12,0,0,I70 & BRIGHTON BOULEVARD NORTH,1,1,0,0,1,4,0,,55,0,0,0,0,0,1,2,14
,2017_21430,39.778283,-104.92095,6/8/2017 13:55,13:55,12,0,0,I70 & HOLLY STREET NORTH,1,1,1,0,1,4,0,,55,0,0,0,0,0,1,2,3
,2017_21431,39.778283,-104.920403,6/25/2017 18:30,18:30,12,0,0,I70 & IVY STREET NORTH OFFSET REF,1,1,0,0,1,4,0,,55,0,0,0,0,0,1,3,13
,2017_21432,39.778283,-104.920038,3/9/2017 13:42,13:42,12,0,0,I70 & IVY STREET NORTH,1,1,0,0,1,4,0,,35,0,0,0,0,0,1,2,3
,2017_21433,39.778283,-104.920038,4/5/2017 14:32,14:32,12,0,0,I70 & IVY STREET NORTH,1,1,0,0,1,4,0,,55,0,0,0,0,0,1,2,13
,2017_21434,39.778283,-104.920038,4/10/2017 8:50,8:50,12,0,0,I70 & NORTH IVY STREET,1,1,0,0,1,4,0,,55,0,0,0,0,0,1,2,3
,2017_21435,39.778283,-104.920038,5/18/2017 10:30,10:30,12,0,0,I70 & IVY STREET NORTH OFFSET REF,2,1,0,1,1,4,0,,55,0,0,0,0,0,1,2,1
,2017_21436,39.778283,-104.920038,10/31/2017 7:15,7:15,12,0,0,I70 & IVY STREET NORTH,1,1,0,0,1,4,0,,55,0,0,0,0,0,1,2,13
,2017_21437,39.778283,-104.920038,12/11/2017 6:35,6:35,12,0,0,I70 & IVY STREET NORTH,1,2,0,0,1,4,0,,55,0,0,0,0,0,1,2,13
,2017_21438,39.778283,-104.919856,8/4/2017 17:45,17:45,12,0,0,I70 & HOLLY STREET NORTH,1,1,1,0,1,4,0,,65,0,0,0,0,0,1,2,3
,2017_21439,39.778285,-104.917487,12/14/2017 6:50,6:50,12,0,0,I70 & KEARNEY STREET NORTH,5,1,0,0,1,4,0,,65,0,0,0,0,1,1,3,13
,2017_21440,39.778286,-104.916029,11/30/2017 9:05,9:05,12,0,0,I70 & MONACO STREET NORTH,1,1,0,0,1,4,0,,55,0,0,0,0,0,1,2,13
,2017_21441,39.778287,-104.915664,4/10/2017 7:15,7:15,15,0,0,I70 & LEYDEN STREET NORTH,1,1,0,0,1,4,0,,65,0,0,0,0,0,1,3,7
,2017_21442,39.778287,-104.915664,5/4/2017 15:38,15:38,12,0,0,I70 & LEYDEN STREET NOFFSET REF,1,1,0,0,1,4,0,,65,0,0,0,0,0,1,3,13
,2017_21443,39.778287,-104.9153,1/24/2017 7:02,7:02,12,0,1,I70 & MM 277.9,1,1,0,0,1,4,0,,55,0,0,0,0,2,1,4,13
,2017_21444,39.778289,-104.912566,1/4/2017 8:55,8:55,12,0,0,I70 & MONACO STREET NORTH,2,1,0,2,1,4,0,,55,0,0,0,0,0,1,2,3
,2017_21445,39.778289,-104.912566,1/5/2017 17:01,17:01,15,0,0,I70 & MONACO STREET NORTH,10,2,1,0,1,4,0,,55,0,0,0,0,0,1,2,13
,2017_21446,39.778289,-104.912566,1/27/2017 15:58,15:58,15,0,0,I70 & MONACO STREET,1,1,0,0,1,4,0,,65,0,0,0,0,0,1,2,13
,2017_21447,39.778289,-104.912566,3/28/2017 15:55,15:55,12,0,0,I70 & MONACO STREET NORTH,2,1,0,1,1,4,0,,55,0,0,0,0,0,1,2,13
,2017_21448,39.778289,-104.912566,4/19/2017 16:16,16:16,12,0,0,I70 & MONICO STREET NORTH,1,1,0,0,1,4,0,,55,0,0,0,0,1,1,3,13
,2017_21449,39.778289,-104.912566,5/1/2017 7:40,7:40,12,0,0,I70 & MONACO STREET NORTH,1,1,0,0,1,4,0,,55,0,0,0,0,0,1,3,13
,2017_21451,39.778289,-104.912566,5/25/2017 9:50,9:50,12,0,0,I70 & MONACO STREET NORTH,1,1,0,0,1,4,0,,65,0,0,0,0,0,1,2,13
,2017_21452,39.778289,-104.912566,5/31/2017 12:53,12:53,12,0,4,I70 & QUEBEC,1,1,0,0,1,4,0,,65,0,0,0,0,2,1,2,3
,2017_21453,39.778289,-104.912566,6/12/2017 14:53,14:53,12,0,0,I70 & MONACO STREET NORTH,1,1,0,0,1,4,0,,55,0,0,0,0,0,1,2,13
,2017_21454,39.778289,-104.912566,6/15/2017 5:51,5:51,12,0,0,I70 & MONACO STREET NORTH,1,1,0,0,1,4,0,,65,0,0,0,0,1,1,3,13
,2017_21455,39.778289,-104.912566,7/6/2017 17:34,17:34,12,0,0,I70 & MONACO STREET NORTH,1,1,3,0,1,4,0,,55,0,0,0,0,1,1,3,4
,2017_21456,39.778289,-104.912566,7/12/2017 7:30,7:30,12,0,0,I70 & MONACO STREET NORTH,1,1,0,0,1,4,0,,55,0,0,0,0,0,1,4,12
,2017_21457,39.778289,-104.912566,9/15/2017 16:39,16:39,12,0,0,I70 & MONACO PARKWAY NORTH,1,1,0,0,1,4,0,,55,0,0,0,0,1,1,2,13
,2017_21458,39.778289,-104.912566,9/18/2017 7:13,7:13,12,0,0,I70 & MONACO STREET NORTH,1,1,0,0,1,4,0,,55,0,0,0,0,1,1,2,13
,2017_21459,39.778289,-104.912566,10/5/2017 13:35,13:35,12,0,0,I70 & MONACO STREET NORTH,1,1,1,0,1,4,0,,55,0,0,0,0,0,1,4,3
,2017_21460,39.778289,-104.912566,10/18/2017 6:54,6:54,15,0,0,I70 & MONACO STREET NORTH,1,2,0,0,1,4,0,,55,0,0,0,0,0,1,2,13
,2017_21461,39.778289,-104.912566,11/15/2017 15:31,15:31,12,0,0,I70 & MONACO STREET NORTH,1,1,0,0,1,4,0,,55,0,0,0,0,0,1,2,13
,2017_21462,39.778289,-104.912566,11/24/2017 16:40,16:40,15,0,1,I70 & MONACO STREET NORTH,1,3,0,0,1,4,0,,55,0,0,0,0,2,1,2,1
,2017_21463,39.778289,-104.912566,12/4/2017 17:28,17:28,15,0,0,I70 & MONACO STREET NORTH,1,3,0,0,1,4,0,,,0,0,0,0,0,1,2,13
,2017_21464,39.778289,-104.912566,12/12/2017 22:29,22:29,15,0,0,I70 & MONACO STREET NORTH,1,3,0,0,1,4,0,,55,0,0,0,0,0,1,2,14
,2017_21465,39.778291,-104.910197,3/23/2017 20:00,20:00,15,0,0,I70 WB MERGE LANE & QUEBEC STREET NORTH,2,3,0,1,1,4,0,,65,0,0,0,0,0,1,2,13
,2017_21466,39.778293,-104.906917,3/17/2017 23:45,23:45,9,0,1,I70 EASTBOUND OFF RAMP TO & NORTHFIELD QUEBEC NORTH,1,3,0,0,1,8,0,,65,0,0,0,1,2,1,1,1
,2017_21467,39.778291,-104.909832,7/13/2017 12:52,12:52,15,0,0,I70 WB OFF RAMP & MONACO / DAHLIA EXIT,1,1,0,0,1,4,0,,55,0,0,0,0,0,1,2,13
,2017_21468,39.778291,-104.90965,2/9/2017 18:26,18:26,12,0,0,I70 & MONACO PARKWAY RAMP OFF,1,1,0,0,1,4,0,,65,0,0,0,0,0,1,2,13
,2017_21470,39.778291,-104.909286,2/9/2017 18:45,18:45,12,0,0,I70 & MONACO PARKWAY RAMP OFF,1,4,0,0,1,4,0,,65,0,0,0,0,1,1,5,13
,2017_21471,39.778291,-104.909104,4/3/2017 15:20,15:20,12,0,0,I70 HIGHWAY EASTBOUND ON RAMP & ONEIDA STREET NORTH,1,1,1,0,1,8,0,,35,0,0,0,0,0,1,3,3
,2017_21472,39.778292,-104.908921,8/29/2017 18:14,18:14,15,0,0,I70 & NORTHFIELD QUEBEC STREET NORTH,1,1,0,0,1,4,0,,55,0,0,0,0,0,1,2,14
,2017_21473,39.778292,-104.908192,7/14/2017 6:52,6:52,12,0,0,I70 & ONEIDA STREET,1,1,0,0,1,4,0,,55,0,0,0,0,1,1,3,1
,2017_21475,39.778292,-104.908192,8/25/2017 12:28,12:28,12,0,0,I70 & ONEIDA STREET NORTH,1,1,0,0,1,4,0,,55,0,0,0,0,1,1,3,13
,2017_21476,39.778292,-104.90801,12/15/2017 19:25,19:25,12,0,0,I70 & QUEBEC STREET NORTH,1,3,3,0,1,4,0,,55,0,0,0,0,0,1,2,13
,2017_21477,39.773999,-104.846793,7/17/2017 13:55,13:55,5,0,1,PEORIA STREET NORTH & I70 WB RAMP OFF,1,1,0,0,3,1,0,,40,0,0,0,0,2,1,1,10
,2017_21478,39.778293,-104.907099,1/2/2017 7:50,7:50,12,0,0,I70 & QUEBEC STREET NORTH,1,1,0,0,1,4,0,,55,0,0,0,0,0,1,2,13
,2017_21479,39.778293,-104.906917,8/11/2017 14:59,14:59,12,0,0,I70 & NORTHFIELD QUEBEC NORTH,1,1,0,0,1,4,0,,55,0,0,0,0,0,1,4,7
,2017_21480,39.778293,-104.906917,7/31/2017 14:57,14:57,15,0,0,I70 WB RAMP ON MERGE POINT & QUEBEC STREET NORTH,1,1,1,0,1,8,0,,55,0,0,0,0,0,1,2,13
,2017_21481,39.778294,-104.905276,5/9/2017 22:14,22:14,15,0,0,I70 & QUEBEC STREET NORTH,1,3,0,0,1,4,0,,65,0,0,0,0,0,1,2,14
,2017_21482,39.778294,-104.905094,2/9/2017 12:47,12:47,15,0,0,I70 & QUEBEC STREET NORTH APPROXIMATELY,1,1,0,0,1,4,0,,65,0,0,0,0,0,1,2,13
,2017_21483,39.778294,-104.905094,5/10/2017 13:58,13:58,12,0,0,I70 & QUEBEC STREET NORTH,2,1,0,1,1,4,0,,55,0,0,0,0,0,1,2,13
,2017_21484,39.778295,-104.904548,3/24/2017 6:18,6:18,15,0,0,I70 EASTBOUND OFF RAMP & QUEBEC STREET NORTH,2,2,1,1,1,8,0,,,0,0,0,0,0,1,2,1
,2017_21485,39.778295,-104.904548,12/23/2017 17:25,17:25,15,0,0,I70 WB ON RAMP MERGE POINT & QUEBEC STREET NORTH,1,3,1,0,1,8,0,,40,0,0,0,0,0,1,2,8
,2017_21486,39.778295,-104.904365,3/24/2017 15:21,15:21,12,0,0,I70 WB & NORTHFIELD QUEBEC NORTH,1,1,0,0,1,4,0,,55,0,0,0,0,0,1,2,13
,2017_21487,39.778295,-104.904365,9/6/2017 15:57,15:57,12,0,0,I70 & QUEBEC STREET,1,1,0,0,1,4,0,,55,0,0,0,0,0,1,3,1
,2017_21488,39.778295,-104.904365,2/11/2017 12:32,12:32,12,0,0,I70 EASTBOUND OFF RAMP & QUEBEC STREET NORTH,1,1,0,0,1,8,0,,,0,0,0,0,0,1,2,13
,2017_21489,39.778295,-104.904183,2/3/2017 15:28,15:28,12,0,0,I70 & QUEBEC STREET,1,1,0,0,1,4,0,,55,0,0,0,0,0,1,2,13
,2017_21490,39.773983,-104.846608,9/27/2017 23:30,23:30,15,0,0,I70 & PEORIA STREET APPROXIMATELY,2,3,0,2,1,4,0,,,0,0,0,0,0,1,2,13
,2017_21491,39.778295,-104.904183,6/21/2017 9:55,9:55,12,0,0,I70 & QUEBEC STREET NORTH,1,1,0,0,1,4,0,,55,0,0,0,0,0,1,3,3
,2017_21492,39.778295,-104.904183,10/25/2017 13:46,13:46,15,0,0,I70 & QUEBEC STREET,1,1,0,0,1,4,0,,55,0,0,0,0,0,1,2,13
,2017_21493,39.778295,-104.903454,6/2/2017 13:33,13:33,12,0,0,I70 & QUEBEC STREET NORTH,1,1,0,0,1,4,0,,,0,0,0,0,0,1,2,13
,2017_21494,39.778295,-104.903454,2/23/2017 7:50,7:50,12,0,0,I70 & QUEBEC STREET NORTH APPROXIMATELY,1,1,0,0,1,4,0,,55,0,0,0,0,0,1,2,13
,2017_21495,39.778295,-104.904183,12/15/2017 11:59,11:59,15,0,0,I70 & QUEBEC STREET,1,1,0,0,1,4,0,,55,0,0,0,0,0,1,3,1
,2017_21496,39.778295,-104.903818,9/15/2017 16:05,16:05,15,0,0,I70 & QUEBEC STREET NORTH,1,1,0,0,1,4,0,,55,0,0,0,0,0,1,2,1
,2017_21497,39.775883,-104.862519,4/30/2017 4:08,4:08,5,0,0,I70 WB RAMP OFF & HAVANA STREET NORTH,1,3,0,0,3,8,0,,35,0,0,0,0,0,1,1,1
,2017_21498,39.778295,-104.903818,12/23/2017 11:32,11:32,12,0,0,I70 WB ON RAMP & QUEBEC STREET NORTH,1,1,0,0,1,8,0,,35,0,0,0,0,0,1,2,13
,2017_21499,39.778295,-104.903636,5/18/2017 16:45,16:45,12,0,0,I70 & QUEBEC STREET NORTH,2,1,0,2,1,4,0,,55,0,0,0,0,0,1,3,7
,2017_21500,39.778295,-104.903636,6/23/2017 16:30,16:30,12,0,0,I70 & QUEBEC STREET NORTH,1,1,0,0,1,4,0,,55,0,0,0,0,1,1,4,3
,2017_21501,39.778295,-104.903636,12/4/2017 17:44,17:44,12,0,0,I70 & QUEBEC STREET NORTH,1,3,0,0,1,4,0,,55,0,0,0,0,0,1,2,12
,2017_21502,39.778295,-104.903636,1/9/2017 17:09,17:09,15,0,0,I70 WB SLIP RAMP ON & QUEBEC STREET,1,3,1,0,1,8,0,,35,0,0,0,0,0,1,2,13
,2017_21503,39.778295,-104.903454,1/25/2017 15:43,15:43,12,0,0,I70 & QUEBEC STREET,1,1,0,0,1,4,0,,55,0,0,0,0,1,1,3,1
,2017_21504,39.778295,-104.903454,1/27/2017 7:57,7:57,12,0,0,I70 & QUEBEC STREET NORTH,1,1,1,0,1,4,0,,,0,0,0,0,1,1,3,13
,2017_21505,39.778295,-104.903454,1/30/2017 8:05,8:05,12,0,0,I70 & QUEBEC STREET NORTH,1,1,0,0,1,4,0,,55,0,0,0,0,0,1,2,13
,2017_21506,39.778295,-104.903454,2/9/2017 7:43,7:43,15,0,0,I70 & QUEBEC STREET NORTH APPROXIMATELY,1,1,0,0,1,4,0,,55,0,0,0,0,0,1,2,13
,2017_21507,39.778295,-104.903454,2/13/2017 6:42,6:42,12,0,0,I70 & QUEBEC STREET NORTH,1,2,1,0,1,4,0,,55,0,0,0,0,0,1,2,3
,2017_21508,39.778295,-104.903454,3/8/2017 16:59,16:59,15,0,0,I70 & QUEBEC STREET NORTH,1,2,1,0,1,4,0,,55,0,0,0,0,0,1,2,13
,2017_21509,39.778295,-104.903454,3/23/2017 8:52,8:52,12,0,0,I70 & NORTHFIELD QUEBEC NORTH,1,1,0,0,1,4,0,,55,0,0,0,0,0,1,2,3
,2017_21510,39.778295,-104.903454,3/23/2017 8:52,8:52,12,0,0,I70 WB & NORTHFIELD QUEBEC NORTH,1,1,0,0,1,4,0,,55,0,0,0,0,0,1,2,3
,2017_21512,39.778295,-104.903454,3/24/2017 15:21,15:21,12,0,0,I70 & NORTHFIELD QUEBEC NORTH,1,1,0,0,1,4,0,,55,0,0,0,0,0,1,2,13
,2017_21513,39.778295,-104.903454,4/3/2017 17:42,17:42,15,0,0,I70 & QUEBEC STREET,1,1,0,0,1,4,0,,55,0,0,0,0,0,1,2,13
,2017_21514,39.778295,-104.903454,4/6/2017 10:52,10:52,12,0,0,I70 & QUEBEC STREET NORTH,1,1,0,0,1,4,1,,65,0,0,0,0,1,1,5,13
,2017_21515,39.778295,-104.903454,4/7/2017 8:42,8:42,12,0,2,I70 & QUEBEC STREET NORTH,1,1,0,0,1,4,0,,55,0,0,0,0,2,1,2,1
,2017_21516,39.778295,-104.903454,4/13/2017 10:26,10:26,12,0,0,I70 & QUEBEC STREET NORTH,1,1,0,0,1,4,0,,65,0,0,0,0,0,1,2,13
,2017_21517,39.778295,-104.903454,4/24/2017 9:07,9:07,12,0,0,I70 & QUEBEC STREET NORTH,1,1,0,0,1,4,0,,65,0,0,0,0,1,1,3,3
,2017_21518,39.778295,-104.903454,5/13/2017 14:27,14:27,15,0,0,I70 & QUEBEC,1,1,0,0,1,4,0,,55,0,0,0,0,0,1,4,13
,2017_21519,39.778295,-104.903454,5/31/2017 10:20,10:20,12,0,2,I70 & QUEBEC STREET NORTH,1,5,0,0,1,4,0,,55,0,0,0,0,2,1,2,13
,2017_21520,39.778295,-104.903454,6/2/2017 10:47,10:47,15,0,0,I70 & QUEBEC STREET NORTH APPROXIMATELY,1,1,0,0,1,4,0,,,0,0,0,0,0,1,2,13
,2017_21521,39.778295,-104.903454,6/7/2017 19:00,19:00,12,0,0,I70 & QUEBEC STREET NORTH,1,1,0,0,1,4,0,,11,0,0,0,0,0,1,2,12
,2017_21522,39.778295,-104.903454,6/15/2017 6:19,6:19,15,0,0,I70 & QUEBEC STREET NORTH APPROXIMATELY,1,1,0,0,1,4,0,,55,0,0,0,0,0,1,2,13
,2017_21523,39.778425,-104.903567,6/22/2017 9:08,9:08,12,0,0,I70 & QUEBEC STREET NORTH,1,1,0,0,1,4,0,,55,0,0,0,0,0,1,2,1
,2017_21524,39.778295,-104.903454,7/12/2017 17:29,17:29,12,0,0,I70 & QUEBEC STREET,1,1,1,0,1,4,0,,65,0,0,0,0,0,1,3,13
,2017_21525,39.778295,-104.903454,7/18/2017 19:27,19:27,15,0,1,I70 & CENTRAL PARK BOULEVARD NORTH,1,1,0,0,1,4,0,,,0,0,0,1,2,1,2,13
,2017_21526,39.778295,-104.903454,7/20/2017 9:26,9:26,12,0,1,I70 & NORTHFIELD QUEBEC NORTH,1,1,0,0,1,4,0,,55,0,0,0,0,2,1,3,12
,2017_21528,39.778295,-104.903454,7/26/2017 7:02,7:02,12,0,0,I70 & QUEBEC STREET NORTH,1,1,0,0,1,4,0,,55,0,0,0,0,0,1,2,13
,2017_21529,39.778295,-104.903454,7/26/2017 13:40,13:40,12,0,0,I70 & QUEBEC STREET,1,1,0,0,1,4,0,,55,0,0,0,0,0,1,2,13
,2017_21530,39.778295,-104.903454,8/1/2017 18:04,18:04,12,0,0,I70 & NORTHFIELD QUEBEC NORTH,10,1,0,0,1,4,0,,55,0,0,0,0,0,1,3,12
,2017_21531,39.777139,-104.882953,2/20/2017 12:53,12:53,9,0,0,I70 & CENTRAL PARK BOULEVARD NORTH,1,1,0,0,1,4,0,,55,0,0,0,0,0,1,2,13
,2017_21532,39.778295,-104.903454,8/4/2017 14:04,14:04,12,0,0,I70 & NORTHFIELD QUEBEC NORTH,1,1,0,0,1,4,0,,55,0,0,0,0,0,1,2,3
,2017_21533,39.778295,-104.903454,8/8/2017 6:37,6:37,15,0,0,I70 & NORTHFIELD QUEBEC NORTH,1,1,0,0,1,4,0,,55,0,0,0,0,0,1,2,2
,2017_21534,39.778295,-104.903454,8/11/2017 13:41,13:41,12,0,0,I70 & QUEBEC STREET,1,1,0,0,1,4,0,,65,0,0,0,0,0,1,4,3
,2017_21535,39.778295,-104.903454,8/23/2017 9:17,9:17,15,0,0,I70 & NORTHFIELD QUEBEC NORTH,1,1,0,0,1,4,0,,55,0,0,0,0,0,1,2,7
,2017_21536,39.778295,-104.903454,8/26/2017 23:45,23:45,12,0,0,I70 & NORTHFIELD QUEBEC NORTH,1,3,0,0,1,4,0,,65,0,0,0,0,0,1,3,13
,2017_21537,39.778295,-104.903454,8/28/2017 9:04,9:04,15,0,0,I70 & QUEBEC STREET NORTH,1,1,0,0,1,4,0,,55,0,0,0,0,0,1,2,13
,2017_21538,39.778295,-104.903454,8/28/2017 16:07,16:07,12,0,0,I70 & NORTHFIELD QUEBEC NORTH,1,1,1,0,1,4,0,,,0,0,0,0,0,1,2,13
,2017_21539,39.778295,-104.903454,9/1/2017 5:30,5:30,15,0,0,I70 & NORTHFIELD QUEBEC NORTH,1,1,0,0,1,4,0,,55,0,0,0,0,0,1,2,1
,2017_21540,39.778295,-104.903454,9/19/2017 8:45,8:45,12,0,0,I70 & QUEBEC STREET NORTH,1,1,0,0,1,4,0,,55,0,0,0,0,0,1,3,3
,2017_21541,39.778295,-104.903454,9/27/2017 16:07,16:07,12,0,0,I70 & QUEBEC STREET NORTH,1,1,0,0,1,4,0,,55,0,0,0,0,0,1,2,1
,2017_21542,39.778295,-104.903454,10/4/2017 18:36,18:36,12,0,0,I70 & QUEBEC STREET NORTH,1,2,0,0,1,4,0,,55,0,0,0,0,0,1,2,13
,2017_21543,39.778295,-104.903454,10/7/2017 13:14,13:14,12,0,0,I70 & NORTHFIELD QUEBEC STREET NORTH,1,1,0,0,1,4,0,,55,0,0,0,0,1,1,2,13
,2017_21544,39.778295,-104.903454,11/1/2017 18:20,18:20,12,0,0,I70 & QUEBEC STREET NORTH,1,3,1,0,1,4,0,,55,0,0,0,0,0,1,3,13
,2017_21545,39.778295,-104.903454,11/10/2017 18:48,18:48,12,0,0,I70 & QUEBEC STREET NORTH APPROXIMATELY,1,3,1,0,1,4,0,,55,0,0,0,0,0,1,3,13
,2017_21546,39.778295,-104.903454,11/13/2017 15:03,15:03,12,0,0,I70 & QUEBEC STREET NORTH APPROXIMATELY,1,1,1,0,1,4,0,,55,0,0,0,0,0,1,3,4
,2017_21547,39.778295,-104.903454,11/22/2017 5:55,5:55,12,0,0,I70 & NORTHFIELD QUEBEC NORTH,1,3,0,0,1,4,0,,,0,0,0,0,0,1,3,13
,2017_21548,39.778296,-104.902543,6/23/2017 15:58,15:58,15,0,0,I70 EASTBOUND RAMP MERGE LANE & QUEBEC STREET,1,1,0,0,1,4,0,,55,0,0,0,0,0,1,2,1
,2017_21549,39.778295,-104.903454,12/1/2017 15:03,15:03,12,0,0,I70 & QUEBEC STREET NORTH,1,1,0,0,1,4,0,,55,0,0,0,0,0,1,2,3
,2017_21550,39.778295,-104.903454,12/5/2017 8:34,8:34,12,0,0,I70 & QUEBEC STREET NORTH,1,1,0,0,1,4,0,,55,0,0,0,0,0,1,2,13
,2017_21551,39.778295,-104.903454,12/11/2017 17:37,17:37,12,0,0,I70 & QUEBEC STREET,1,3,0,0,1,4,0,,55,0,0,0,0,0,1,2,1
,2017_21552,39.778295,-104.903454,12/13/2017 14:47,14:47,12,0,0,I70 & QUEBEC STREET NORTH,1,1,0,0,1,4,0,,55,0,0,0,0,0,1,2,13
,2017_21553,39.778295,-104.903454,12/18/2017 4:56,4:56,15,0,0,I70 & NORTHFIELD QUEBEC NORTH,1,3,0,0,1,4,0,,55,0,0,0,0,0,1,2,13
,2017_21554,39.778295,-104.903454,12/18/2017 11:40,11:40,12,0,0,I70 & QUEBEC STREET NORTH,1,1,0,0,1,4,0,,55,0,0,0,0,1,1,2,12
,2017_21555,39.778295,-104.903454,12/20/2017 7:35,7:35,12,0,0,NORTHFIELD QUEBEC STREET NORTH & I70 HIGHWAY WB,1,1,0,0,1,4,0,,30,0,0,0,0,0,1,2,1
,2017_21556,39.778295,-104.903272,2/24/2017 18:45,18:45,12,0,0,I70 & QUEBEC STREET NORTH,1,3,0,0,1,4,0,,55,0,0,0,0,0,1,2,13
,2017_21557,39.778295,-104.903272,4/29/2017 3:05,3:05,5,0,0,I70 & QUEBEC,2,3,1,2,3,4,0,,,0,0,0,0,0,1,1,13
,2017_21558,39.778295,-104.903272,11/16/2017 17:44,17:44,12,0,0,I70 & NORTHFIELD / QUEBEC STREET,1,3,1,0,1,4,0,,55,0,0,0,0,0,1,2,13
,2017_21559,39.778295,-104.903272,11/27/2017 16:26,16:26,15,0,0,I70 & QUEBEC STREET NORTH,1,2,0,0,1,4,0,,65,0,0,0,0,0,1,2,2
,2017_21560,39.778295,-104.903272,11/28/2017 8:35,8:35,5,0,0,I70 EASTBOUND SLIP RAMP ON & HIGHWAY 35 / QUEBEC STREET NORTH,1,1,1,0,3,8,0,,45,0,0,0,0,1,1,2,7
,2017_21561,39.778295,-104.903272,9/13/2017 10:14,10:14,12,0,0,I70 WB OFF RAMP TO & NORTHFIELD QUEBEC NORTH,1,1,1,0,1,8,0,,25,0,0,0,0,0,1,2,13
,2017_21562,39.778295,-104.903089,10/25/2017 12:00,12:00,12,0,0,I70 & NORTHFIELD QUEBEC NORTH,1,1,0,0,1,4,0,,55,0,0,0,0,1,1,2,7
,2017_21563,39.778296,-104.902725,9/11/2017 8:45,8:45,12,0,0,I70 & NORTHFIELD QUEBEC NORTH,1,1,0,0,1,4,0,,55,0,0,0,0,0,1,3,13
,2017_21564,39.778296,-104.902725,10/18/2017 17:09,17:09,15,0,0,I70 & QUEBEC STREET NORTH,1,1,0,0,1,4,0,,55,0,0,0,0,1,1,2,3
,2017_21565,39.778296,-104.902543,7/9/2017 13:58,13:58,5,0,0,I70 EASTBOUND RAMP ON & QUEBEC STREET NORTHBOUND RAMP ON SLIP MERGE,1,1,0,0,2,4,0,,15,0,0,0,0,0,1,1,14
,2017_21566,39.778296,-104.902361,8/22/2017 6:20,6:20,15,0,0,I70 EASTBOUND ON RAMP MERGE POINT & QUEBEC NORTH,1,1,0,0,1,8,0,,55,0,0,0,0,0,1,2,7
,2017_21567,39.778298,-104.898898,2/19/2017 0:29,0:29,15,0,0,I70 & QUEBEC STREET NORTH APPROXIMATELY,1,4,0,0,1,4,0,,65,0,0,0,0,0,1,2,1
,2017_21568,39.778296,-104.901813,1/20/2017 19:44,19:44,12,0,1,I70 & QUEBEC STREET NORTH,1,3,0,0,1,4,0,,55,0,0,0,0,2,1,3,1
,2017_21569,39.778296,-104.901632,11/29/2017 17:32,17:32,15,0,0,I70 & QUEBEC STREET NORTH,1,3,0,0,1,4,0,,55,0,0,0,0,0,1,2,13
,2017_21570,39.778296,-104.901632,6/25/2017 15:45,15:45,15,0,0,I70 EASTBOUND ON RAMP & QUEBEC STREET,1,1,1,0,1,8,0,,55,0,0,0,0,0,1,2,13
,2017_21571,39.778297,-104.900902,4/5/2017 16:11,16:11,12,0,0,I70 & QUEBEC STREET NORTH,1,1,0,0,1,4,0,,55,0,0,0,0,0,1,2,2
,2017_21572,39.778297,-104.90072,1/5/2017 18:15,18:15,5,0,0,I70 WB  & QUEBEC STREET RAMP OFF GORE POINT,6,5,0,4,3,4,0,,55,0,0,0,0,0,1,2,13
,2017_21573,39.778297,-104.90072,2/14/2017 9:27,9:27,15,0,0,I70 WB & I70 WB OFF RAMP TO QUEBEC NORTH GORE POINT,1,1,0,0,1,4,0,,55,0,0,0,0,0,1,2,3
,2017_21574,39.778297,-104.900538,9/19/2017 7:02,7:02,12,0,0,I70 & NORTHFIELD QUEBEC NORTH I700 EASTBOUND ENTRANCE GORE POINT,1,1,0,0,1,4,0,,55,0,0,0,0,0,1,3,13
,2017_21575,39.778297,-104.900538,8/28/2017 5:51,5:51,12,0,0,I70 EASTBOUND ON RAMP MERGE POINT FROM & QUEBEC STREET NORTH,1,1,0,0,1,8,0,,40,0,0,0,0,1,1,2,1
,2017_21576,39.778297,-104.899991,4/7/2017 16:02,16:02,12,0,0,I70 & NORTHFIELD QUEBEC NORTH,1,1,0,0,1,4,0,,,0,0,0,0,0,1,2,13