id,drcog_id,latitude,longitude,crashtime,time,crashtype,numbkilled,numbinjurd,drcoglocat,rdconditin,lightngcon,roadcntgrd,weatherco,location,roaddescrp,constrzone,schoolzone,splimit,bikeinv,pedinv,sctrinv,motoinv,svrty,rdsystem,ttlvehcls,hcf
,2017_21577,39.778298,-104.899809,2/16/2017 1:14,1:14,12,0,0,I70 & QUEBEC STREET NORTH,1,3,0,0,1,4,0,,55,0,0,0,0,0,1,2,1
,2017_21578,39.778298,-104.899809,5/31/2017 22:50,22:50,12,0,0,I70 & CENTRAL PARK BOULEVARD EASTBOUND RAMP MERGE,1,3,0,0,1,4,0,,55,0,0,0,0,0,1,2,13
,2017_21579,39.777139,-104.882953,8/24/2017 7:27,7:27,12,0,0,CENTRAL PARK BL & I70 WB RAMPS,1,1,0,0,1,4,0,,30,0,0,0,0,0,1,2,14
,2017_21580,39.778298,-104.899809,11/22/2017 20:00,20:00,15,0,0,I70 & NORTHFIELD QUEBEC NORTH,1,3,0,0,1,4,0,,55,0,0,0,0,0,1,2,1
,2017_21581,39.778299,-104.898009,6/26/2017 17:10,17:10,15,0,0,I70 & I270,1,1,0,0,1,4,0,,55,0,0,0,0,0,1,2,3
,2017_21582,39.778275,-104.896817,2/20/2017 7:24,7:24,12,0,0,I70 & I270 EASTBOUND FLYOVER,1,1,0,0,1,4,0,,55,0,0,0,0,0,1,2,13
,2017_21583,39.778275,-104.896817,3/2/2017 23:18,23:18,15,0,0,I70 & I270,1,3,0,0,1,4,0,,55,0,0,0,0,0,1,3,13
,2017_21584,39.778275,-104.896817,7/27/2017 15:26,15:26,12,0,0,I70 & I270 HIGHWAY EASTBOUND APPROXIMATELY,1,1,1,0,1,4,0,,55,0,0,0,0,0,1,2,13
,2017_21585,39.778275,-104.896817,8/22/2017 6:05,6:05,15,0,0,I70 & I270,1,2,0,0,1,4,0,,55,0,0,0,0,0,1,2,13
,2017_21586,39.778275,-104.896817,9/18/2017 18:34,18:34,12,0,0,I70 & I270,1,2,0,0,1,4,0,,55,0,0,0,0,0,1,2,3
,2017_21587,39.778259,-104.896485,2/13/2017 7:17,7:17,12,0,0,I70 & I270 SEB FLYOVER APPROXIMATELY,1,1,0,0,1,4,0,,55,0,0,0,0,0,1,2,1
,2017_21588,39.778226,-104.89582,1/17/2017 14:35,14:35,15,0,0,I70  & I270 WB,1,1,0,0,1,4,0,,55,0,0,0,0,0,1,2,7
,2017_21589,39.778164,-104.894877,9/14/2017 1:15,1:15,12,0,0,I70 & CENTRAL PARK BOULEVARD NORTH EASTBOUND EXIT,1,3,0,0,1,4,0,,55,0,0,0,0,0,1,2,5
,2017_21590,39.778146,-104.894662,10/14/2017 16:26,16:26,12,0,0,I70 & CENTRAL PARK AVENUE EXIT GORE,1,1,0,0,1,4,0,,55,0,0,0,0,0,1,2,12
,2017_21591,39.777139,-104.882953,8/16/2017 8:30,8:30,12,0,0,I70 & I270 WB,1,1,0,0,1,4,0,,65,0,0,0,0,0,1,2,13
,2017_21592,39.778128,-104.894448,7/10/2017 16:18,16:18,12,0,0,I70 & QUEBEC STREET NORTH,1,1,0,0,1,4,0,,55,0,0,0,0,0,1,2,13
,2017_21593,39.778128,-104.894448,8/13/2017 15:50,15:50,12,0,0,I70 & QUEBEC STREET NORTH,2,1,0,1,1,4,0,,65,0,0,0,0,0,1,2,1
,2017_21595,39.778128,-104.894448,9/11/2017 18:36,18:36,12,0,0,I70 EASTBOUND OFF RAMP & CENTRAL PARK BOULEVARD NORTH,1,2,0,0,1,8,0,,45,0,0,0,0,0,1,2,13
,2017_21596,39.778021,-104.893162,10/5/2017 8:00,8:00,12,0,0,I70 & CENTRAL PARK BOULEVARD,1,1,0,0,1,4,0,,55,0,0,0,0,0,1,2,3
,2017_21597,39.778021,-104.893162,10/6/2017 14:20,14:20,12,0,0,I70 & QUEBEC STREET,1,1,0,0,1,4,0,,65,0,0,0,0,0,1,6,1
,2017_21598,39.778021,-104.893162,12/8/2017 18:30,18:30,12,0,0,I70 & CENTRAL PARK BOULEVARD,1,3,1,0,1,4,0,,55,0,0,0,0,1,1,3,13
,2017_21599,39.777905,-104.892815,12/16/2017 15:53,15:53,5,0,0,I70 & CENTRAL PARK BOULEVARD EASTBOUND EXIT GORE,1,1,0,0,3,4,0,,55,0,0,0,0,0,1,1,1
,2017_21600,39.777914,-104.891874,6/17/2017 18:10,18:10,12,0,0,I70 & I270,1,1,0,0,1,4,0,,65,0,0,0,0,0,1,3,5
,2017_21601,39.777843,-104.891017,6/27/2017 7:55,7:55,12,0,0,HIGHWAY 40 & I70 EASTBOUND ON RAMP,1,1,1,0,1,8,0,,,0,0,0,0,0,1,2,13
,2017_21602,39.777807,-104.890588,2/15/2017 9:40,9:40,15,0,0,I70 WB ON RAMP & CENTRAL PARK BOULEVARD,1,1,0,0,1,4,0,,65,0,0,0,0,0,1,2,1
,2017_21603,39.777771,-104.890159,4/18/2017 20:13,20:13,5,0,0,I70 & MM 279,1,5,1,0,1,4,0,,,0,0,0,0,0,1,2,13
,2017_21604,39.777664,-104.888872,10/26/2017 23:00,23:00,12,0,0,I70 & CENTRAL PARK BOULEVARD NORTH,1,3,0,0,1,4,0,,65,0,0,0,0,1,1,2,5
,2017_21605,39.777611,-104.888229,6/14/2017 15:08,15:08,12,0,0,I70 & CENTRAL PARK BOULEVARD NORTH,1,1,0,0,1,4,0,,55,0,0,0,0,0,1,2,13
,2017_21606,39.777575,-104.8878,7/10/2017 10:57,10:57,12,0,0,I70 & CENTRAL PARK BOULEVARD NORTH,1,1,0,0,1,4,0,,55,0,0,0,0,0,1,2,13
,2017_21607,39.773538,-104.841432,4/27/2017 21:38,21:38,5,0,0,I70 WB RAMP ON & I225 INTCH,1,3,0,0,2,8,0,,65,0,0,0,0,1,1,1,14
,2017_21608,39.777575,-104.8878,9/1/2017 2:50,2:50,12,0,0,I70 & CENTRAL PARK BOULEVARD NORTH,1,3,1,0,1,4,0,,55,0,0,0,0,0,1,2,13
,2017_21609,39.777575,-104.8878,9/22/2017 8:43,8:43,12,0,0,I70 & CENTRAL PARK BOULEVARD NORTH,1,1,0,0,1,4,0,,55,0,0,0,0,0,1,2,13
,2017_21610,39.777575,-104.8878,10/5/2017 6:38,6:38,12,0,0,I70 & CENTRAL PARK BOULEVARD NORTH,1,1,0,0,1,4,0,,55,0,0,0,0,0,1,3,13
,2017_21611,39.777575,-104.8878,10/21/2017 6:06,6:06,12,0,0,I70 & CENTRAL PARK BOULEVARD NORTH,1,2,0,0,1,4,0,,,0,0,0,0,0,1,2,13
,2017_21612,39.777484,-104.886711,5/30/2017 10:03,10:03,12,0,0,I70 & CENTRAL PARK BOULEVARD,1,1,0,0,1,4,0,,55,0,0,0,0,1,1,2,3
,2017_21613,39.777468,-104.886537,10/5/2017 7:45,7:45,12,0,0,I70 & I270,1,1,0,0,1,4,0,,55,0,0,0,0,0,1,2,13
,2017_21614,39.777416,-104.885971,8/3/2017 12:58,12:58,5,0,0,I70 & CENTRAL PARK BOULEVARD,1,1,1,0,2,4,0,,55,0,0,0,0,0,1,1,2
,2017_21615,39.777416,-104.885971,7/15/2017 19:15,19:15,12,0,0,I70 EASTBOUND OFF RAMP & I270,1,1,0,0,1,8,0,,45,0,0,0,0,0,1,3,13
,2017_21616,39.777312,-104.884839,4/6/2017 14:47,14:47,12,0,0,I70 & CENTRAL PARK BOULEVARD NORTH,1,1,0,0,1,4,0,,65,0,0,0,0,0,1,3,13
,2017_21617,39.777295,-104.884651,5/7/2017 11:40,11:40,12,0,0,I70 & CENTRAL PARK BOULEVARD,1,1,0,0,1,4,0,,65,0,0,0,0,0,1,2,13
,2017_21618,39.777295,-104.884651,6/26/2017 14:38,14:38,12,0,0,I70 & CENTRAL PARK BOULEVARD NORTH,1,1,0,0,1,4,0,,55,0,0,0,0,0,1,2,13
,2017_21621,39.777295,-104.884651,10/14/2017 7:14,7:14,5,0,0,I70 EASTBOUND RAMP OFF & CENTRAL PARK BOULEVARD,1,1,0,0,3,8,0,,55,0,0,0,0,0,1,1,14
,2017_21622,39.777278,-104.884462,9/8/2017 16:07,16:07,12,0,0,I70 & CENTRAL PARK BOULEVARD,1,1,0,0,1,4,0,,65,0,0,0,0,0,1,2,13
,2017_21623,39.777174,-104.88333,12/1/2017 15:44,15:44,12,0,0,I70 & CENTRAL PARK BOULEVARD NORTH,1,2,1,0,1,4,0,,55,0,0,0,0,0,1,2,7
,2017_21624,39.777174,-104.88333,10/17/2017 9:02,9:02,12,0,0,I70 EASTBOUND OFF RAMP & CENTRAL PARK BOULEVARD NORTH,1,1,0,0,1,8,0,,35,0,0,0,0,0,1,2,13
,2017_21625,39.777174,-104.88333,12/7/2017 6:59,6:59,12,0,0,I70 EASTBOUND OFF RAMP & CENTRAL PARK BOULEVARD NORTH,1,1,0,0,1,8,0,,40,0,0,0,0,0,1,2,13
,2017_21626,39.777174,-104.88333,12/14/2017 14:22,14:22,12,0,0,I70 WB OFF RAMP & CENTRAL PARK BOULEVARD NORTH,1,1,1,0,1,8,0,,25,0,0,0,0,0,1,2,13
,2017_21627,39.777157,-104.883141,8/3/2017 13:23,13:23,15,0,0,I70 HIGHWAY WB RAMP ON MERGE LANE & CENTRAL PARK BOULEVARD APPROXIMATELY,1,1,0,0,1,4,0,,55,0,0,0,0,0,1,2,13
,2017_21628,39.777157,-104.883141,12/6/2017 22:50,22:50,5,0,0,I70 WB & I270 WB DIR CONNECT ENTRANCE GORE,1,3,0,0,3,4,0,,55,0,0,0,0,0,1,1,13
,2017_21629,39.777157,-104.883141,1/10/2017 11:55,11:55,12,0,0,I70 & CENTRAL PARK BOULEVARD OFF RAMP,1,1,0,0,1,8,0,,25,0,0,0,0,0,1,2,7
,2017_21630,39.777157,-104.883141,1/30/2017 8:45,8:45,12,0,0,I70 RAMP OFF & CENTRAL PARK BOULEVARD NORTH,1,1,0,0,1,8,0,,35,0,0,0,0,0,1,2,1
,2017_21631,39.68226,-105.026202,8/31/2017 7:40,7:40,10,0,1,JEWELL AVENUE WEST & GROVE STREET SOUTH,1,1,0,0,1,4,0,,30,0,0,0,1,2,4,2,1
,2017_21632,39.777157,-104.883141,9/1/2017 7:16,7:16,12,0,0,I70 EASTBOUND RAMP OFF & CENTRAL PARK BOULEVARD NORTH,1,2,0,0,1,8,0,,55,0,0,0,0,1,1,3,1
,2017_21633,39.777157,-104.883141,11/10/2017 20:55,20:55,12,0,0,I70 EASTBOUND OFF RAMP & CENTRAL PARK BOULEVARD NORTH,1,3,0,0,1,8,0,,,0,0,0,0,0,1,2,13
,2017_21634,39.777139,-104.882953,1/24/2017 14:01,14:01,15,0,0,I70 & CENTRAL PARK BOULEVARD,1,1,0,0,1,4,0,,65,0,0,0,0,0,1,2,14
,2017_21635,39.777139,-104.882953,2/14/2017 8:52,8:52,15,0,0,I70 & CENTRAL PARK BOULEVARD NORTH,1,1,0,0,1,4,0,,65,0,0,0,0,0,1,2,1
,2017_21636,39.777139,-104.882953,2/19/2017 5:58,5:58,15,0,0,I70 & CENTRAL PARK BOULEVARD NORTH,1,2,0,0,1,4,0,,55,0,0,0,0,0,1,2,13
,2017_21637,39.777139,-104.882953,3/7/2017 8:13,8:13,12,0,0,I70 & CENTRAL PARK BOULEVARD NORTH,1,1,0,0,1,4,0,,55,0,0,0,0,0,1,3,13
,2017_21638,39.777139,-104.882953,3/13/2017 14:35,14:35,15,0,0,I70 & CENTRAL PARK BOULEVARD,1,1,0,0,1,4,0,,35,0,0,0,0,0,1,2,13
,2017_21639,39.777139,-104.882953,3/13/2017 16:17,16:17,12,0,0,I70 & CENTRAL PARK,1,1,0,0,1,4,0,,55,0,0,0,0,0,1,2,13
,2017_21640,39.777139,-104.882953,3/17/2017 16:22,16:22,12,0,0,I70 & I270 EASTBOUND,1,1,0,0,1,4,0,,55,0,0,0,0,1,1,2,10
,2017_21641,39.777139,-104.882953,3/23/2017 7:27,7:27,12,0,0,I70 & CENTRAL PARK BOULEVARD NORTH,1,1,0,0,1,4,0,,55,0,0,0,0,0,1,2,13
,2017_21643,39.777139,-104.882953,4/10/2017 16:51,16:51,12,0,0,I70 & CENTRAL PARK,1,1,0,0,1,4,0,,65,0,0,0,0,0,1,3,13
,2017_21644,39.777139,-104.882953,4/28/2017 21:07,21:07,12,0,0,I70 & CENTRAL PARK BOULEVARD,9,3,0,2,1,4,0,,65,0,0,0,0,0,1,3,1
,2017_21646,39.777139,-104.882953,5/12/2017 15:43,15:43,12,0,0,I70 & CENTRAL PARK BOULEVARD APPROXIMATELY,1,1,0,0,1,4,0,,55,0,0,0,0,1,1,2,13
,2017_21647,39.777139,-104.882953,5/22/2017 18:20,18:20,15,0,0,I70 & CENTRAL PARK BOULEVARD,2,1,0,1,1,4,0,,55,0,0,0,0,0,1,2,3
,2017_21648,39.777139,-104.882953,5/26/2017 16:07,16:07,12,0,0,I70 & CENTRAL PARK BOULEVARD,1,1,0,0,1,4,0,,55,0,0,0,0,0,1,2,7
,2017_21649,39.777139,-104.882953,6/2/2017 19:06,19:06,12,0,0,I70 & CENTRAL PARK BOULEVARD NORTH,2,1,0,1,1,4,0,,55,0,0,0,0,0,1,2,13
,2017_21650,39.777139,-104.882953,6/12/2017 9:34,9:34,12,0,0,I70 & I270 EASTBOUND,1,1,0,0,1,4,0,,55,0,0,0,0,0,1,3,13
,2017_21651,39.777139,-104.882953,7/21/2017 22:27,22:27,12,0,0,I70 & CENTRAL PARK BOULEVARD NORTH,2,4,0,1,1,4,0,,,0,0,0,0,0,1,2,13
,2017_21652,39.777139,-104.882953,7/21/2017 22:27,22:27,12,0,0,I70 & CENTRAL PARK BOULEVARD NORTH,2,4,0,1,1,4,0,,55,0,0,0,0,0,1,2,1
,2017_21653,39.777139,-104.882953,8/18/2017 16:30,16:30,12,0,0,I70 & CENTRAL PARK BOULEVARD NORTH,1,1,1,0,1,4,0,,45,0,0,0,0,0,1,2,13
,2017_21654,39.777139,-104.882953,8/24/2017 6:37,6:37,15,0,0,I70 & CENTRAL PARK BOULEVARD NORTH,1,1,0,0,1,4,0,,55,0,0,0,0,0,1,2,13
,2017_21655,39.776303,-104.873599,5/31/2017 1:37,1:37,5,0,1,I70 & CENTRAL PARK BOULEVARD,1,3,0,0,1,4,0,,55,0,0,0,0,2,1,2,5
,2017_21656,39.777139,-104.882953,8/25/2017 8:01,8:01,12,0,0,I70 & CENTRAL PARK BOULEVARD NORTH,1,1,0,0,1,4,0,,55,0,0,0,0,1,1,3,13
,2017_21657,39.777139,-104.882953,8/31/2017 13:36,13:36,12,0,3,I70 & CENTRAL PARK BOULEVARD NORTH,1,1,1,0,1,4,0,,55,0,0,0,0,2,1,4,3
,2017_21658,39.777139,-104.882953,8/31/2017 13:40,13:40,12,0,0,I70 & CENTRAL PARK BOULEVARD NORTH,1,1,0,0,1,4,0,,55,0,0,0,0,0,1,2,7
,2017_21659,39.776758,-104.878803,8/3/2017 17:24,17:24,12,0,0,I70 & I270 EASTBOUND,1,1,1,0,1,4,0,,55,0,0,0,0,0,1,2,3
,2017_21660,39.777139,-104.882953,9/6/2017 13:31,13:31,15,0,0,I70 & CENTRAL PARK BOULEVARD NORTH,1,1,1,0,1,4,0,,55,0,0,0,0,0,1,2,7
,2017_21661,39.777139,-104.882953,9/11/2017 8:35,8:35,15,0,0,I70 & CENTRAL PARK BOULEVARD,1,1,0,0,1,4,0,,55,0,0,0,0,0,1,2,13
,2017_21663,39.777139,-104.882953,9/11/2017 18:04,18:04,12,0,0,I70 & CENTRAL PARK BOULEVARD NORTH,1,1,1,0,1,4,0,,55,0,0,0,0,0,1,4,3
,2017_21664,39.777139,-104.882953,9/26/2017 16:36,16:36,12,0,0,I70 & CENTRAL PARK BOULEVARD NORTH,1,1,0,0,1,4,0,,55,0,0,0,0,0,1,2,12
,2017_21665,39.777139,-104.882953,10/17/2017 13:51,13:51,15,0,0,I70 & CENTRAL PARK BOULEVARD,1,1,0,0,1,4,0,,60,0,0,0,0,0,1,2,1
,2017_21666,39.777139,-104.882953,10/31/2017 14:39,14:39,12,0,0,I70 & CENTRAL PARK BOULEVARD,1,1,0,0,1,4,0,,55,0,0,0,0,0,1,2,13
,2017_21667,39.777139,-104.882953,11/6/2017 18:44,18:44,15,0,0,I70 & CENTRAL PARK BOULEVARD NORTH,8,3,0,0,1,4,0,,55,0,0,0,0,0,1,2,14
,2017_21668,39.777139,-104.882953,11/9/2017 6:20,6:20,15,0,0,I70 & CENTRAL PARK BOULEVARD,1,1,0,0,1,4,0,,55,0,0,0,0,0,1,2,13
,2017_21669,39.777139,-104.882953,11/10/2017 15:19,15:19,15,0,0,I70 & CENTRAL PARK BOULEVARD,1,1,0,0,1,4,0,,55,0,0,0,0,0,1,2,13
,2017_21670,39.777139,-104.882953,11/14/2017 15:39,15:39,12,0,0,I70 & CENTRAL PARK BOULEVARD NORTH,1,1,0,0,1,4,0,,55,0,0,0,0,0,1,2,13
,2017_21671,39.777139,-104.882953,11/16/2017 16:31,16:31,12,0,0,I70 & CENTRAL PARK BOULEVARD NORTH,1,3,0,0,1,4,0,,55,0,0,0,0,0,1,3,13
,2017_21672,39.682242,-105.0274935,3/7/2017 7:40,7:40,3,0,0,JEWELL AVENUE WEST & HAZEL COURT SOUTH,1,1,0,0,1,2,0,,25,0,0,0,0,0,4,2,13
,2017_21674,39.777139,-104.882953,12/22/2017 7:24,7:24,15,0,0,I70 & CENTRAL PARK BOULEVARD NORTH,1,1,0,0,1,4,0,,55,0,0,0,0,0,1,3,13
,2017_21675,39.777139,-104.882953,9/11/2017 15:03,15:03,12,0,0,I70 EASTBOUND OFF RAMP & CENTRAL PARK BOULEVARD NORTH,1,1,0,0,1,8,0,,25,0,0,0,0,0,1,2,13
,2017_21676,39.777139,-104.882953,2/21/2017 18:54,18:54,1,0,0,CENTRAL PARK BOULEVARD & I70 HIGHWAY WB,1,3,0,0,1,1,0,,35,0,0,0,0,0,1,2,13
,2017_21677,39.777139,-104.882953,3/2/2017 7:18,7:18,15,0,0,NORTHFIELD QUEBEC STREET NORTH & I70 EASTBOUND ON RAMP,1,1,1,0,1,1,0,,35,0,0,0,0,0,1,2,13
,2017_21678,39.777139,-104.882953,6/14/2017 11:34,11:34,12,0,0,CENTRAL PARK BOULEVARD & I70 WB RAMPS,1,1,0,0,1,1,1,,35,0,0,0,0,0,1,4,13
,2017_21679,39.777139,-104.882953,12/13/2017 17:24,17:24,12,0,0,CENTRAL PARK BOULEVARD & I70 WB RMAPS,1,3,1,0,1,3,0,,40,0,0,0,0,0,1,2,7
,2017_21680,39.777139,-104.882953,5/17/2017 15:40,15:40,15,0,0,CENTRAL PARK BOULEVARD SOUTHBOUND & I70 EASTBOUND ON RAMP,1,1,0,0,1,1,0,,35,0,0,0,0,0,1,2,13
,2017_21681,39.777139,-104.882953,7/1/2017 18:11,18:11,15,0,0,CENTRAL PARK BOULEVARD NORTH & I70 HIGHWAY EASTBOUND RAMPS,1,1,0,0,1,1,0,,35,0,0,0,0,0,1,2,13
,2017_21682,39.777122,-104.882764,4/10/2017 8:28,8:28,12,0,0,I70 & CENTRAL PARK BOULEVARD NORTH,1,1,0,0,1,4,0,,65,0,0,0,0,0,1,3,14
,2017_21683,39.777122,-104.882764,4/7/2017 11:04,11:04,12,0,0,I70 WB OFF RAMP & CENTRAL PARK BOULEVARD NORTH,1,1,0,0,1,8,0,,35,0,0,0,0,0,1,2,1
,2017_21684,39.777122,-104.882764,7/12/2017 14:00,14:00,12,0,0,I70 WB OFF RAMP & CENTRAL PARK BOULEVARD,1,1,1,0,1,8,0,,55,0,0,0,0,1,1,2,13
,2017_21685,39.777122,-104.882764,8/27/2017 13:30,13:30,12,0,0,I70 WB RAMP OFF & CENTRAL PARK BOULEVARD,1,1,0,0,1,8,0,,35,0,0,0,0,0,1,2,3
,2017_21686,39.777105,-104.882575,12/19/2017 18:21,18:21,15,0,0,I70 & CENTRAL PARK BOULEVARD NORTH,1,3,0,0,1,4,0,,65,0,0,0,0,0,1,2,13
,2017_21687,39.777105,-104.882575,12/19/2017 18:21,18:21,12,0,0,I70 & CENTRAL PARK BOULEVARD NORTH,1,3,0,0,1,4,0,,65,0,0,0,0,0,1,3,1
,2017_21688,39.777105,-104.882575,4/28/2017 15:48,15:48,12,0,0,I70 WB OFF RAMP TO & CENTRAL PARK BOULEVARD NORTH,1,1,1,0,1,8,0,,55,0,0,0,0,0,1,2,3
,2017_21689,39.777087,-104.882387,11/3/2017 18:49,18:49,12,0,0,I70 & CENTRAL PARK BOULEVARD NORTH,1,3,0,0,1,4,0,,55,0,0,0,0,0,1,2,12
,2017_21690,39.77707,-104.882198,8/24/2017 16:34,16:34,15,0,0,I70 & CENTRAL PARK BOULEVARD NORTH,1,1,0,0,1,4,0,,65,0,0,0,0,0,1,2,13
,2017_21691,39.777001,-104.881444,3/31/2017 13:37,13:37,12,0,0,I70 WB & I270 WB ON RAMP,2,1,1,1,1,4,0,,55,0,0,0,0,0,1,3,3
,2017_21692,39.777001,-104.881444,8/11/2017 23:05,23:05,15,0,0,I70 & CENTRAL PARK BOULEVARD,1,3,1,0,1,4,0,,55,0,0,0,0,0,1,2,13
,2017_21693,39.777001,-104.881444,8/29/2017 10:15,10:15,15,0,0,I70 WB DIRECT CONNECT TO & I270,1,1,0,0,1,4,0,,65,0,0,0,0,0,1,2,1
,2017_21694,39.777001,-104.881444,9/29/2017 16:39,16:39,12,0,0,I70 & I270 WB ON RAMP,1,1,0,0,1,4,0,,55,0,0,0,0,0,1,2,13
,2017_21695,39.776983,-104.881255,2/18/2017 13:30,13:30,12,0,0,I70 & I270 WB DIRECT CONNECT ENTRANCE,1,1,0,0,1,4,0,,55,0,0,0,0,0,1,2,7
,2017_21696,39.776983,-104.881255,9/10/2017 4:40,4:40,12,0,0,I70 & CENTRAL PARK BOULEVARD NORTH,1,3,0,0,1,4,0,,55,0,0,0,0,0,1,2,13
,2017_21697,39.776879,-104.880123,9/8/2017 7:37,7:37,12,0,0,I70 EASTBOUND & CENTRAL PARK BOULEVARD NORTH,1,1,0,0,1,4,0,,55,0,0,0,0,0,1,2,13
,2017_21698,39.776626,-104.879635,5/18/2017 4:07,4:07,5,0,0,I70 & CENTRAL PARK BOULEVARD,2,3,1,1,3,4,0,,55,0,0,0,0,0,1,1,13
,2017_21699,39.776775,-104.878991,6/8/2017 16:15,16:15,12,0,0,I70 & CENTRAL PARK BOULEVARD,1,1,0,0,1,4,0,,55,0,0,0,0,0,1,3,3
,2017_21700,39.776758,-104.878803,6/7/2017 17:43,17:43,12,0,0,I70 & GARRISON STREET,1,1,0,0,1,4,0,,65,0,0,0,0,0,1,2,13
,2017_21701,39.776723,-104.878425,3/21/2017 8:25,8:25,12,0,0,I70 MERGE LANE & I270 EASTBOUND COLLECTOR,1,1,0,0,1,4,0,,45,0,0,0,0,0,1,3,13
,2017_21702,39.776706,-104.878237,1/13/2017 13:53,13:53,12,0,0,I70 & CENTRAL PARK BOULEVARD NORTH,1,1,0,0,1,4,0,,55,0,0,0,0,0,1,4,13
,2017_21703,39.776706,-104.878237,1/17/2017 7:25,7:25,15,0,0,I70 & CENTRAL PARK BOULEVARD NORTH,1,1,0,0,1,4,0,,55,0,0,0,0,0,1,3,13
,2017_21705,39.776706,-104.878237,1/28/2017 17:59,17:59,12,0,0,I70 & CENTRAL PARK BOULEVARD NORTH,1,3,0,0,1,4,0,,35,0,0,0,0,0,1,2,13
,2017_21706,39.776706,-104.878237,5/23/2017 18:40,18:40,12,0,0,I70 & CENTRAL PARK BOULEVARD,1,4,0,0,1,4,0,,55,0,0,0,0,0,1,2,7
,2017_21707,39.776706,-104.878237,7/14/2017 6:24,6:24,12,0,0,I70 & CENTRAL PARK BOULEVARD NORTH,1,1,0,0,1,4,0,,55,0,0,0,0,1,1,2,13
,2017_21708,39.776706,-104.878237,8/15/2017 10:35,10:35,12,0,0,I70 & CENTRAL PARK BOULEVARD NORTH,1,1,0,0,1,4,0,,65,0,0,0,0,1,1,4,13
,2017_21709,39.776706,-104.878237,11/4/2017 19:08,19:08,15,0,0,I70 & CENTRAL PARK BOULEVARD NORTH,1,3,0,0,1,4,0,,60,0,0,0,0,0,1,2,5
,2017_21710,39.776557,-104.876557,6/26/2017 7:30,7:30,12,0,0,I70 & CENTRAL PARK BOULEVARD EASTBOUND OFF GORE,1,1,0,0,1,4,0,,55,0,0,0,0,0,1,2,13
,2017_21711,39.775573,-104.865095,6/29/2017 18:50,18:50,12,0,0,I70 & HAVANA STREET NORTH,1,5,0,0,1,4,0,,65,0,0,0,0,1,1,2,13
,2017_21712,39.776541,-104.876372,6/20/2017 16:05,16:05,12,0,2,I70 & CENTRAL PARK BOULEVARD EASTBOUND OFF GORE,1,1,0,0,1,4,0,,55,0,0,0,0,2,1,2,13
,2017_21713,39.776541,-104.876372,9/12/2017 18:30,18:30,12,0,0,I70 EASTBOUND ON RAMP & CENTRAL PARK BOULEVARD NORTH,1,2,0,0,1,8,0,,45,0,0,0,0,0,1,2,13
,2017_21714,39.776478,-104.875632,3/30/2017 17:05,17:05,12,0,0,I70 EASTBOUND & HAVANA STREET,1,1,0,0,1,4,0,,65,0,0,0,0,0,1,2,13
,2017_21715,39.776478,-104.875632,4/23/2017 18:28,18:28,15,0,0,I70 & MM 280,1,1,0,0,1,4,0,,65,0,0,0,0,0,1,2,13
,2017_21716,39.776478,-104.875632,10/30/2017 23:12,23:12,12,0,0,I70 & CENTRAL PARK BOULEVARD,1,3,0,0,1,4,0,,55,0,0,0,0,0,1,2,5
,2017_21717,39.776462,-104.875447,1/21/2017 22:48,22:48,12,0,0,I70 & MM 280,1,4,1,0,1,4,0,,55,0,0,0,0,0,1,2,13
,2017_21718,39.776398,-104.874708,10/9/2017 16:35,16:35,12,0,0,I70 & QUEBEC STREET NORTH,2,1,0,2,1,4,0,,65,0,0,0,0,0,1,2,7
,2017_21719,39.776367,-104.874338,1/6/2017 14:02,14:02,12,0,0,I70 & HAVANA STREET NORTH,2,1,0,0,1,4,0,,55,0,0,0,0,0,1,4,13
,2017_21720,39.776367,-104.874338,2/2/2017 22:09,22:09,12,0,0,I70 & HAVANA STREET NORTH,1,4,0,0,1,4,0,,55,0,0,0,0,0,1,2,13
,2017_21721,39.776367,-104.874338,2/23/2017 10:57,10:57,12,0,0,I70 & HAVANA STREET NORTH,2,1,0,2,1,4,0,,55,0,0,0,0,0,1,2,3
,2017_21722,39.776367,-104.874338,4/11/2017 17:39,17:39,12,0,0,I70 & HAVANA STREET,1,1,0,0,1,4,0,,55,0,0,0,0,0,1,3,6
,2017_21723,39.776367,-104.874338,7/15/2017 17:50,17:50,15,0,1,I70 & HAVANA STREET NORTH,1,1,0,0,1,4,0,,55,0,0,0,0,2,1,3,13
,2017_21724,39.776367,-104.874338,8/22/2017 10:20,10:20,15,0,0,I70 & HAVANA STREET NORTH,1,1,0,0,1,4,0,,75,0,0,0,0,0,1,2,13
,2017_21725,39.776367,-104.874338,8/30/2017 18:33,18:33,12,0,0,I70 & HAVANA STREET NORTH,1,1,0,0,1,4,0,,65,0,0,0,0,1,1,3,13
,2017_21726,39.776367,-104.874338,9/9/2017 19:30,19:30,15,0,0,I70 & HAVANA STREET NORTH,1,3,0,0,1,4,0,,55,0,0,0,0,1,1,3,14
,2017_21727,39.776367,-104.874338,9/29/2017 11:23,11:23,15,0,0,I70 & HAVANA STREET NORTH,1,1,0,0,1,4,0,,,0,0,0,0,0,1,2,13
,2017_21728,39.776367,-104.874338,10/13/2017 15:54,15:54,12,0,0,I70 & HAVANA STREET NORTH,1,1,0,0,1,4,0,,55,0,0,0,0,1,1,3,5
,2017_21729,39.776351,-104.874154,5/16/2017 15:57,15:57,15,0,0,I70 & CENTRAL PARK BOULEVARD,2,1,0,1,1,4,0,,65,0,0,0,0,0,1,2,14