id,drcog_id,latitude,longitude,crashtime,time,crashtype,numbkilled,numbinjurd,drcoglocat,rdconditin,lightngcon,roadcntgrd,weatherco,location,roaddescrp,constrzone,schoolzone,splimit,bikeinv,pedinv,sctrinv,motoinv,svrty,rdsystem,ttlvehcls,hcf
,2017_21730,39.776351,-104.874154,10/20/2017 6:33,6:33,12,0,0,I70 & HAVANA STREET NORTH,1,2,0,0,1,4,0,,55,0,0,0,0,0,1,4,13
,2017_21731,39.776682,-104.874156,5/7/2017 6:20,6:20,5,0,0,I70 WB RAMP OFF & CENTRAL PARK BOULEVARD,1,1,0,0,3,8,0,,65,0,0,0,0,0,1,1,14
,2017_21732,39.776303,-104.873599,1/6/2017 13:00,13:00,12,0,0,I70 & CENTRAL PARK BOULEVARD NORTH,6,1,0,0,1,4,0,,65,0,0,0,0,0,1,2,13
,2017_21733,39.776303,-104.873599,6/29/2017 16:38,16:38,15,0,0,I70 & CENTRAL PARK BOULEVARD,1,1,0,0,1,4,0,,55,0,0,0,0,0,1,2,13
,2017_21734,39.776303,-104.873599,6/29/2017 17:45,17:45,12,0,0,I70 & CENTRAL PARK BOULEVARD,1,1,0,0,1,4,0,,55,0,0,0,0,0,1,3,13
,2017_21735,39.776303,-104.873599,8/10/2017 17:20,17:20,12,0,0,I70 & CENTRAL PARK BOULEVARD NORTH,1,1,0,0,1,4,0,,55,0,0,0,0,0,1,2,13
,2017_21736,39.77624,-104.872859,12/4/2017 6:02,6:02,12,0,0,I70 & CENTRAL PARK BOULEVARD WB OFF GORE,1,3,0,0,1,4,0,,55,0,0,0,0,0,1,2,13
,2017_21737,39.776129,-104.871565,11/30/2017 16:39,16:39,15,0,0,I70 & HAVANA STREET NORTH,1,3,1,0,1,4,0,,55,0,0,0,0,0,1,2,13
,2017_21738,39.776049,-104.870641,1/19/2017 8:22,8:22,12,0,0,I70 & HAVANA STREET NORTH,1,1,1,0,1,4,0,,55,0,0,0,0,0,1,2,13
,2017_21739,39.776049,-104.870641,4/28/2017 7:01,7:01,12,0,0,I70 & HAVANA STREET NORTH,1,1,0,0,1,4,0,,65,0,0,0,0,0,1,2,13
,2017_21740,39.77597,-104.869716,4/12/2017 13:40,13:40,12,0,0,I70 & HAVANA STREET NORTH,1,1,0,0,1,4,0,,55,0,0,0,0,0,1,2,13
,2017_21741,39.77597,-104.869716,5/15/2017 8:35,8:35,12,0,0,I70 & HAVANA STREET NORTH,1,1,0,0,1,4,0,,65,0,0,0,0,0,1,2,13
,2017_21744,39.77597,-104.869716,7/13/2017 15:05,15:05,15,0,0,I70 & HAVANA STREET NORTH,1,1,0,0,1,4,0,,55,0,0,0,0,0,1,2,13
,2017_21745,39.77597,-104.869716,7/18/2017 8:00,8:00,12,0,0,I70 & HAVANA STREET NORTH,1,1,1,0,1,4,0,,55,0,0,0,0,1,1,6,13
,2017_21746,39.77597,-104.869716,8/3/2017 11:38,11:38,15,0,0,I70 & HAVANA STREET NORTH,1,1,0,0,1,4,0,,55,0,0,0,0,0,1,2,1
,2017_21747,39.77597,-104.869716,8/12/2017 17:41,17:41,15,0,0,I70 & HAVANA STREET NORTH,1,1,0,1,1,4,0,,,0,0,0,0,0,1,2,13
,2017_21748,39.77597,-104.869716,8/17/2017 17:42,17:42,12,0,0,I70 & HAVANA STREET NORTH,1,1,0,0,1,4,0,,65,0,0,0,0,0,1,2,13
,2017_21749,39.77597,-104.869716,8/25/2017 7:18,7:18,12,0,0,I70 & HAVANA STREET NORTH,1,1,0,0,1,4,0,,65,0,0,0,0,0,1,2,13
,2017_21750,39.77597,-104.869716,11/14/2017 18:31,18:31,12,0,0,I70 & HAVANA STREET NORTH,1,3,1,0,1,4,0,,55,0,0,0,0,0,1,2,13
,2017_21751,39.775906,-104.868977,6/8/2017 7:42,7:42,15,0,0,I70 & CARR STREET,1,1,0,0,1,4,0,,65,0,0,0,0,0,1,2,13
,2017_21752,39.775875,-104.868607,4/24/2017 16:42,16:42,12,0,0,I70 & HAVANA STREET NORTH,1,1,0,0,1,4,0,,55,0,0,0,0,0,1,2,3
,2017_21753,39.775843,-104.868238,5/28/2017 16:36,16:36,12,0,0,I70 & HAVANA STREET NORTH,1,1,0,0,1,4,0,,55,0,0,0,0,0,1,3,13
,2017_21754,39.775811,-104.867868,9/26/2017 17:18,17:18,12,0,0,I70 & HAVANA STREET NORTH,1,1,0,0,1,4,0,,55,0,0,0,0,0,1,2,13
,2017_21755,39.775716,-104.866758,12/7/2017 15:22,15:22,12,0,0,I70 & HAVANA STREET NORTH,1,1,1,0,1,4,0,,55,0,0,0,0,0,1,2,12
,2017_21756,39.7757,-104.866574,6/6/2017 18:20,18:20,15,0,0,I70 & CENTRAL PARK BOULEVARD NORTH,1,1,0,0,1,4,0,,65,0,0,0,0,0,1,3,3
,2017_21757,39.7757,-104.866574,11/27/2017 17:35,17:35,12,0,0,I70 & HAVANA STREET NORTH,1,3,0,0,1,4,0,,55,0,0,0,0,0,1,2,13
,2017_21758,39.775684,-104.866389,4/23/2017 12:23,12:23,15,0,0,I70 EASTBOUND & HAVANA STREET NORTH,1,1,0,0,1,4,0,,55,0,0,0,0,0,1,2,13
,2017_21759,39.775573,-104.865095,2/9/2017 18:10,18:10,12,0,0,I70 & HAVANA STREET NORTH,1,3,0,0,1,4,0,,55,0,0,0,0,0,1,2,13
,2017_21760,39.775668,-104.866204,5/4/2017 8:25,8:25,12,0,0,I70 & HAVANA STREET NORTH,1,1,0,0,1,4,0,,55,0,0,0,0,1,1,3,1
,2017_21761,39.775637,-104.865834,8/31/2017 13:00,13:00,12,0,0,I70 10400 BLOCK & HAVANA STREET,1,1,1,0,1,4,0,,65,0,0,0,0,0,1,2,2
,2017_21762,39.775605,-104.865465,12/31/2017 17:29,17:29,15,0,0,I70 & HAVANA STREET NORTH,1,2,0,0,1,4,0,,,0,0,0,0,0,1,2,13
,2017_21763,39.775589,-104.86528,3/26/2017 3:00,3:00,15,0,0,I70 & PEORIA STREET NORTH,1,1,0,0,1,4,0,,,0,0,0,0,0,1,2,13
,2017_21764,39.775573,-104.865095,1/3/2017 18:25,18:25,12,0,0,I70 & HAVANA STREET,1,3,1,0,1,4,0,,55,0,0,0,0,0,1,2,14
,2017_21765,39.775573,-104.865095,8/25/2017 14:37,14:37,12,0,0,I70 & HAVANA STREET NORTH,1,1,0,0,1,4,0,,,0,0,0,0,0,1,2,13
,2017_21766,39.775573,-104.865095,1/11/2017 6:57,6:57,12,0,0,I70 & HAVANA STREET NORTH,1,1,0,0,1,4,0,,5,0,0,0,0,1,1,4,4
,2017_21767,39.775573,-104.865095,1/19/2017 12:20,12:20,15,0,0,I70 & HAVANA STREET NORTH,1,1,1,0,1,4,0,,55,0,0,0,0,0,1,2,13
,2017_21768,39.775573,-104.865095,1/23/2017 18:37,18:37,12,0,0,I70 & HAVANA STREET NORTH,1,3,0,0,1,4,0,,40,0,0,0,0,0,1,2,13
,2017_21769,39.775573,-104.865095,1/27/2017 16:38,16:38,12,0,0,I70 & HAVANA STREET NORTH,1,1,0,0,1,4,0,,55,0,0,0,0,0,1,2,13
,2017_21770,39.775573,-104.865095,2/8/2017 14:20,14:20,12,0,0,I70 & HAVANA STREET NORTH APPROXIMATELY,1,1,1,0,1,4,0,,55,0,0,0,0,1,1,3,12
,2017_21772,39.775573,-104.865095,2/10/2017 7:43,7:43,15,0,0,I70 EASTBOUND & HAVANA STREET NORTH,1,1,0,0,1,4,0,,65,0,0,0,0,0,1,2,13
,2017_21773,39.775573,-104.865095,2/10/2017 17:36,17:36,12,0,0,I70 & HAVANA STREET NORTH APPROXIMATELY,1,3,0,0,1,4,0,,65,0,0,0,0,1,1,3,5
,2017_21774,39.775573,-104.865095,2/14/2017 7:40,7:40,12,0,0,I70 & HAVANA STREET NORTH,1,1,0,0,1,4,0,,55,0,0,0,0,0,1,2,7
,2017_21775,39.775573,-104.865095,2/18/2017 17:23,17:23,12,0,0,I70 & HAVANA STREET NORTH,1,2,1,0,1,4,0,,65,0,0,0,0,1,1,2,13
,2017_21776,39.775573,-104.865095,2/27/2017 18:22,18:22,12,0,0,I70 & HAVANA STREET,1,1,0,0,1,4,0,,55,0,0,0,0,1,1,2,13
,2017_21777,39.775573,-104.865095,3/14/2017 17:00,17:00,15,0,0,I70 & HAVANA STREET NORTH,1,1,1,0,1,4,0,,55,0,0,0,0,0,1,2,8
,2017_21778,39.775573,-104.865095,3/27/2017 7:54,7:54,12,0,0,I70 & HAVANA STREET NORTH,1,1,0,0,1,4,0,,55,0,0,0,0,0,1,2,1
,2017_21779,39.775573,-104.865095,3/28/2017 1:38,1:38,15,0,1,I70 & HAVANA STREET NORTH,2,3,2,0,1,4,0,,65,0,0,0,0,2,1,2,2
,2017_21780,39.775573,-104.865095,3/30/2017 13:42,13:42,12,0,0,I70 & HAVANA STREET NORTH,1,1,0,0,1,4,0,,55,0,0,0,0,0,1,3,3
,2017_21781,39.775573,-104.865095,3/31/2017 18:15,18:15,12,0,0,I70 & HAVANA STREET NORTH,2,1,0,1,1,4,0,,65,0,0,0,0,0,1,2,3
,2017_21782,39.775573,-104.865095,4/14/2017 19:16,19:16,15,0,0,I70 & HAVANA STREET NORTH,1,1,0,0,1,4,0,,55,0,0,0,0,0,1,3,13
,2017_21783,39.775573,-104.865095,4/25/2017 17:15,17:15,12,0,0,HAVANA STREET NORTH & I70 INTCH APPROXIMATELY,1,1,0,0,1,4,0,,40,0,0,0,0,0,1,2,14
,2017_21784,39.775573,-104.865095,5/3/2017 14:53,14:53,12,0,0,I70 & HAVANA STREET NORTH,1,1,0,0,1,4,0,,55,0,0,0,0,0,1,2,13
,2017_21785,39.775573,-104.865095,5/10/2017 6:13,6:13,12,0,0,I70 & HAVANA STREET NORTH,1,1,0,0,1,4,0,,65,0,0,0,0,0,1,2,1
,2017_21786,39.775573,-104.865095,5/12/2017 9:05,9:05,15,0,0,I70 & HAVANA STREET NORTH,1,1,1,0,1,4,0,,55,0,0,0,0,1,1,2,1
,2017_21787,39.775573,-104.865095,6/9/2017 15:26,15:26,12,0,0,I70 & HAVANA STREET NORTH,1,1,1,0,1,4,0,,55,0,0,0,0,0,1,2,13
,2017_21788,39.775573,-104.865095,6/12/2017 15:39,15:39,12,0,0,I70 & HAVANA STREET NORTH,1,1,0,0,1,4,0,,55,0,0,0,0,1,1,2,13
,2017_21789,39.775573,-104.865095,6/14/2017 11:16,11:16,12,0,0,I70 & HAVANA STREET NORTH,1,1,1,0,1,4,0,,65,0,0,0,0,1,1,3,3
,2017_21790,39.775573,-104.865095,6/21/2017 15:33,15:33,12,0,0,I70 & HAVANA STREET NORTH APPROXIMATELY,1,1,1,0,1,4,0,,55,0,0,0,0,0,1,3,3
,2017_21791,39.775573,-104.865095,6/26/2017 6:30,6:30,12,0,0,I70 & HAVANA STREET NORTH,1,1,0,0,1,4,0,,55,0,0,0,0,0,1,3,13
,2017_21792,39.775573,-104.865095,7/18/2017 8:45,8:45,12,0,0,I70 & HAVANA STREET NORTH,1,1,1,0,1,4,0,,55,0,0,0,0,0,1,2,8
,2017_21793,39.775573,-104.865095,7/18/2017 10:05,10:05,12,0,0,I70 & HAVANA STREET NORTH,1,1,0,0,1,4,0,,65,0,0,0,0,1,1,2,3
,2017_21794,39.775573,-104.865095,7/22/2017 14:12,14:12,12,0,0,I70 & HAVANA STREET NORTH,1,1,0,0,1,4,0,,65,0,0,0,0,0,1,3,3
,2017_21795,39.775573,-104.865095,7/23/2017 19:31,19:31,12,0,0,I70 & HAVANA STREET NORTH,1,1,0,0,1,4,0,,55,0,0,0,0,0,1,2,3
,2017_21796,39.775573,-104.865095,7/25/2017 9:34,9:34,15,0,0,I70 & HAVANA STREET NORTH,1,1,0,0,1,4,0,,55,0,0,0,0,0,1,2,1
,2017_21797,39.775573,-104.865095,7/27/2017 6:49,6:49,12,0,0,I70 & HAVANA STREET NORTH,1,1,0,0,1,4,0,,55,0,0,0,0,0,1,2,13
,2017_21798,39.775573,-104.865095,8/4/2017 15:51,15:51,12,0,0,I70 & HAVANA STREET NORTH,1,1,1,0,1,4,0,,55,0,0,0,0,1,1,3,12
,2017_21799,39.775573,-104.865095,8/7/2017 13:47,13:47,15,0,0,I70 & HAVANA STREET NORTH,2,1,1,1,1,4,0,,55,0,0,0,0,0,1,2,12
,2017_21800,39.775573,-104.865095,9/25/2017 12:17,12:17,12,0,0,HAVANA STREET NORTH & I70 E/B RAMPS,1,1,0,0,1,1,0,,30,0,0,0,0,0,1,2,13
,2017_21801,39.775573,-104.865095,8/8/2017 13:46,13:46,12,0,1,I70 & HAVANA STREET NORTH,1,1,0,0,1,4,0,,55,0,0,0,0,2,1,4,13
,2017_21802,39.775573,-104.865095,8/8/2017 17:15,17:15,15,0,0,I70 & HAVANA STREET NORTH,1,1,0,0,1,4,0,,55,0,0,0,0,0,1,2,13
,2017_21803,39.775573,-104.865095,8/23/2017 6:12,6:12,15,0,0,I70 & HAVANA STREET NORTH,1,1,0,0,1,4,0,,55,0,0,0,0,0,1,3,1
,2017_21804,39.775573,-104.865095,8/25/2017 12:11,12:11,15,0,0,I70 & HAVANA STREET NORTH,1,1,0,0,1,4,0,,55,0,0,0,0,0,1,2,14
,2017_21805,39.775573,-104.865095,9/13/2017 6:57,6:57,12,0,0,I70 & HAVANA STREET NORTH,1,1,0,0,1,4,0,,55,0,0,0,0,0,1,2,2
,2017_21806,39.775573,-104.865095,9/18/2017 19:26,19:26,12,0,0,I70 & HAVANA STREET,1,3,0,1,1,4,0,,55,0,0,0,0,1,1,3,1
,2017_21807,39.775573,-104.865095,9/29/2017 17:50,17:50,12,0,0,I70 & HAVANA STREET NORTH,1,1,0,0,1,4,0,,55,0,0,0,0,1,1,2,13
,2017_21808,39.775557,-104.86491,10/29/2017 2:45,2:45,12,0,1,I70 WB OFF SLIP RAMP & HAVANA STREET NORTH,1,3,0,0,1,4,0,,,0,0,0,0,2,1,2,13
,2017_21809,39.775573,-104.865095,10/12/2017 6:17,6:17,12,0,0,I70 & HAVANA STREET NORTH,1,1,0,0,1,4,0,,65,0,0,0,0,0,1,2,15
,2017_21810,39.775573,-104.865095,10/14/2017 14:40,14:40,12,0,0,I70 & HAVANA STREET NORTH,1,1,0,0,1,4,0,,13,0,0,0,0,1,1,2,1
,2017_21811,39.775573,-104.865095,6/10/2017 16:00,16:00,1,0,0,HAVANA STREET 4000 BLOCK NORTH & I70 EASTBOUND OFF RAMP,1,1,0,0,1,1,0,,,0,0,0,0,0,1,2,13
,2017_21812,39.775573,-104.865095,10/24/2017 8:33,8:33,12,0,0,I70 & HAVANA STREET NORTH APPROXIMATELY,1,1,0,0,1,4,0,,35,0,0,0,0,1,1,3,14
,2017_21813,39.775573,-104.865095,11/7/2017 15:25,15:25,12,0,0,I70 & HAVANA STREET NORTH,4,2,0,2,1,4,0,,55,0,0,0,0,0,1,2,13
,2017_21814,39.775573,-104.865095,8/24/2017 14:04,14:04,12,0,0,HAVANA STREET NORTH & I70 EASTBOUND LOOP RAMP OFF,1,1,0,0,1,1,0,,5,0,0,0,0,0,1,2,13
,2017_21815,39.775573,-104.865095,9/26/2017 17:09,17:09,12,0,0,HAVANA STREET NORTH & I70 EASTBOUND RAMPS,1,2,0,0,1,1,0,,40,0,0,0,0,0,1,2,13
,2017_21816,39.775573,-104.865095,11/8/2017 7:58,7:58,12,0,0,I70 & HAVANA STREET NORTH,1,1,0,0,1,4,0,,55,0,0,0,0,0,1,3,13
,2017_21817,39.775573,-104.865095,11/26/2017 11:26,11:26,15,0,0,I70 & HAVANA STREET NORTH,1,1,0,0,1,4,0,,55,0,0,0,0,0,1,2,13
,2017_21818,39.775573,-104.865095,11/27/2017 11:48,11:48,12,0,0,I70 & HAVANA STREET NORTH,1,1,0,0,1,4,0,,55,0,0,0,0,0,1,3,13
,2017_21819,39.775573,-104.865095,11/27/2017 13:30,13:30,12,0,0,I70 & HAVANA STREET NORTH,1,1,0,0,1,4,0,,,0,0,0,0,0,1,2,13
,2017_21820,39.775573,-104.865095,12/6/2017 16:16,16:16,12,0,0,I70 & HAVANA STREET NORTH,1,2,1,0,1,4,0,,55,0,0,0,0,0,1,3,13
,2017_21821,39.775573,-104.865095,12/20/2017 14:25,14:25,12,0,0,I70 & HAVANA STREET,1,1,0,0,1,4,0,,55,0,0,0,0,0,1,3,1
,2017_21822,39.775573,-104.865095,9/15/2017 7:40,7:40,15,0,0,I70 EASTBOUND OFF RAMP & HAVANA STREET NORTH,1,1,0,0,1,4,0,,40,0,0,0,0,0,1,2,1
,2017_21824,39.775573,-104.865095,12/12/2017 12:45,12:45,15,0,0,HAVANA STREET NORTH & I70 WB ON RAMP,1,1,1,0,1,4,0,,30,0,0,0,0,0,1,2,13
,2017_21825,39.775573,-104.865095,9/16/2017 22:24,22:24,5,0,0,HAVANA STREET NORTH & I70 HIGHWAY WB RAMPS,1,3,0,0,3,1,0,,40,0,0,0,0,0,1,1,6
,2017_21826,39.775573,-104.865095,11/16/2017 16:46,16:46,12,0,0,HAVANA STREET NORTH & I70 WB RAMP OFF,1,2,0,0,1,3,0,,35,0,0,0,0,0,1,2,13
,2017_21827,39.775573,-104.865095,2/25/2017 17:03,17:03,3,0,0,I70 EASTBOUND RAMP ON & HAVANA STREET NORTH,1,1,0,0,1,1,0,,35,0,0,0,0,1,1,2,1
,2017_21828,39.775573,-104.865095,6/29/2017 1:21,1:21,12,0,0,HAVANA STREET NORTH & I70 EASTBOUND RAMP OFF,1,3,1,0,1,1,0,,40,0,0,0,0,0,1,2,13
,2017_21829,39.775573,-104.865095,8/7/2017 17:30,17:30,3,0,0,HAVANA STREET NORTH & I70 EASTBOUND LOOP RAMP,2,2,0,0,1,1,0,,35,0,0,0,0,0,1,2,13
,2017_21830,39.775573,-104.865095,11/27/2017 17:26,17:26,12,0,0,HAVANA STREET NORTH & I70,1,3,0,0,1,1,0,,40,0,0,0,0,0,1,3,3
,2017_21831,39.776095,-104.871711,5/26/2017 21:22,21:22,12,0,0,I70 & HAVANA STREET NORTH,1,1,0,0,1,4,0,,65,0,0,0,0,0,1,3,1
,2017_21832,39.775557,-104.86491,5/30/2017 17:05,17:05,12,0,0,I70 & HAVANA STREET NORTH,1,1,0,0,1,4,0,,55,0,0,0,0,0,1,2,13
,2017_21833,39.775557,-104.86491,7/22/2017 8:30,8:30,12,0,0,I70 & HAVANA STREET NORTH,1,1,0,0,1,4,0,,55,0,0,0,0,0,1,2,13
,2017_21834,39.775557,-104.86491,10/11/2017 8:55,8:55,12,0,0,I70 & HAVANA STREET NORTH,1,1,1,0,1,4,0,,55,0,0,0,0,0,1,2,12
,2017_21835,39.775557,-104.86491,7/13/2017 17:12,17:12,12,0,0,I70 HIGHWAY WB OFF RAMP & HAVANA STREET NORTH,1,1,0,0,1,8,0,,,0,0,0,0,0,1,2,13
,2017_21836,39.775541,-104.864725,7/14/2017 6:10,6:10,12,0,1,I70 & HAVANA STREET NORTH,1,1,0,0,1,4,0,,55,0,0,0,0,2,1,3,13
,2017_21837,39.775541,-104.864725,7/15/2017 18:41,18:41,12,0,0,I70 & HAVANA STREET NORTH,1,1,0,0,1,4,0,,55,0,0,0,0,0,1,2,13
,2017_21838,39.775541,-104.864725,10/6/2017 13:35,13:35,12,0,0,I70 & HAVANA STREET NORTH,1,1,0,0,1,4,0,,50,0,0,0,0,1,1,2,3
,2017_21839,39.775541,-104.864725,10/19/2017 15:50,15:50,12,0,0,I70 & HAVANA STREET NORTH,1,1,0,0,1,4,0,,55,0,0,0,0,0,1,2,13
,2017_21840,39.775541,-104.864725,12/19/2017 11:26,11:26,12,0,0,I70 & HAVANA STREET NORTH,1,1,0,0,1,4,0,,55,0,0,0,0,0,1,2,14
,2017_21841,39.775525,-104.86454,6/2/2017 14:47,14:47,12,0,0,I70 & HAVANA STREET NORTH,1,1,0,0,1,4,0,,,0,0,0,0,0,1,2,13
,2017_21842,39.775525,-104.86454,11/15/2017 14:47,14:47,12,0,0,I70 EASTBOUND OFF LOOP RAMP & HAVANA STREET NORTH,1,1,1,0,1,8,0,,65,0,0,0,0,0,1,2,13
,2017_21843,39.775525,-104.86454,9/12/2017 17:08,17:08,1,0,0,HAVANA STREET NORTH & I70 EASTBOUND ON RAMP,1,1,0,0,1,1,0,,35,0,0,0,0,0,1,2,13
,2017_21844,39.775525,-104.86454,10/17/2017 17:07,17:07,1,0,0,HAVANA STREET NORTH & I70 EASTBOUND ON RAMP,1,1,0,0,1,1,0,,40,0,0,0,0,0,1,2,13
,2017_21845,39.775509,-104.864356,4/27/2017 18:31,18:31,12,0,0,I70 & HAVANA STREET NORTH,1,2,1,0,1,4,0,,65,0,0,0,0,1,1,3,12
,2017_21846,39.775509,-104.864356,10/27/2017 18:10,18:10,5,0,0,I70 & HAVANA STREET NORTH,1,3,0,0,1,4,0,,55,0,0,0,0,0,1,3,13
,2017_21847,39.775509,-104.864356,12/11/2017 7:25,7:25,12,0,0,I70 & HAVANA STREET NORTH,1,1,0,0,1,4,0,,55,0,0,0,0,0,1,3,13
,2017_21848,39.775509,-104.864356,3/16/2017 1:35,1:35,5,0,0,I70 EASTBOUND LOOP RAMP OFF & HAVANA STREET NORTH EXIT APPROXIMATELY,1,3,1,0,2,8,0,,65,0,0,0,0,0,1,1,7
,2017_21849,39.775509,-104.864356,4/11/2017 2:04,2:04,5,0,1,I70 EASTBOUND OFF LOOP RAMP GORE TO & HAVANA STREET NORTH,1,3,2,0,2,8,0,,55,0,0,0,0,2,1,1,7
,2017_21850,39.775478,-104.863985,2/8/2017 15:05,15:05,15,0,0,I70 WB & HAVANA STREET,1,1,0,0,1,4,0,,55,0,0,0,0,0,1,2,13
,2017_21851,39.775478,-104.863985,7/15/2017 9:55,9:55,12,0,0,I70 & HAVANA STREET NORTH,1,1,0,0,1,4,0,,55,0,0,0,0,0,1,2,13
,2017_21852,39.775478,-104.863985,12/26/2017 8:00,8:00,12,0,0,I70 & HAVANNA STREET NORTH,1,1,0,0,1,4,0,,55,0,0,0,0,0,1,2,13
,2017_21853,39.77543,-104.863431,2/27/2017 15:20,15:20,12,0,0,I70 & HAVANA STREET NORTH,1,1,0,0,1,4,0,,55,0,0,0,0,0,1,2,3
,2017_21854,39.77543,-104.863431,5/26/2017 19:40,19:40,12,0,0,I70 & HAVANA STREET NORTH,1,1,0,0,1,4,0,,55,0,0,0,0,0,1,2,1
,2017_21855,39.775414,-104.863246,1/26/2017 14:14,14:14,12,0,0,I70 WB ON RAMP & HAVANA STREET NORTH,1,1,1,0,1,8,0,,55,0,0,0,0,0,1,2,5
,2017_21856,39.775366,-104.862691,3/16/2017 16:17,16:17,15,0,0,I70 & HAVANA STREET NORTH,1,1,1,0,1,4,0,,55,0,0,0,0,0,1,2,13
,2017_21857,39.775366,-104.862691,8/12/2017 17:17,17:17,12,0,0,I70 & HAVANA STREET NORTH,1,1,0,0,1,4,0,,55,0,0,0,0,0,1,2,13
,2017_21858,39.775255,-104.861398,3/3/2017 19:09,19:09,12,0,0,I70 & HAVANA STREET NORTH,1,3,0,0,1,4,0,,65,0,0,0,0,0,1,2,13
,2017_21859,39.775255,-104.861398,12/15/2017 19:53,19:53,12,0,0,I70 & HAVANA STREET NORTH,1,3,0,0,1,4,0,,,0,0,0,0,1,1,2,13
,2017_21860,39.775239,-104.861213,11/27/2017 7:14,7:14,15,0,0,I70 & HAVANA STREET NORTH,1,2,0,0,1,4,0,,55,0,0,0,0,0,1,2,13
,2017_21861,39.775239,-104.861213,12/15/2017 11:16,11:16,15,0,0,I70 WB OFF RAMP & HAVANA STREET,1,1,0,0,1,8,0,,55,0,0,0,0,0,1,2,13
,2017_21862,39.775176,-104.860473,6/14/2017 15:00,15:00,12,0,0,I70 & HAVANA STREET NORTH APPROXIMATELY,1,1,1,0,1,4,0,,55,0,0,0,0,1,1,2,13
,2017_21863,39.775176,-104.860473,9/29/2017 10:00,10:00,15,0,0,I70 & HAVANA STREET NORTH,1,1,0,0,1,4,0,,55,0,0,0,0,0,1,2,13
,2017_21864,39.775176,-104.860473,10/19/2017 6:45,6:45,12,0,0,I70 & HAVANA STREET NORTH,1,1,0,0,1,4,0,,55,0,0,0,0,0,1,2,13
,2017_21865,39.775176,-104.860473,10/27/2017 10:11,10:11,5,0,0,I70 & HAVANA STREET NORTH,1,1,0,0,1,4,0,,55,0,0,0,0,0,1,2,13
,2017_21866,39.775176,-104.860473,11/14/2017 7:01,7:01,12,0,1,I70 & HAVANA STREET NORTH,1,1,0,0,1,4,1,,55,0,0,0,0,2,1,2,13
,2017_21867,39.775128,-104.859918,8/9/2017 6:43,6:43,12,0,0,I70 & HAVANA STREET EASTBOUND ENTRANCE GORE POINT,1,1,0,0,1,4,0,,55,0,0,0,0,0,1,2,13
,2017_21868,39.775049,-104.858994,5/22/2017 16:00,16:00,12,0,0,I70 & MM 281,2,2,0,1,1,4,0,,55,0,0,0,0,0,1,2,13
,2017_21869,39.774937,-104.8577,11/4/2017 19:40,19:40,12,0,0,I70 & HAVANA STREET NORTH WB OFF RAMP,1,3,0,0,1,4,0,,65,0,0,0,0,0,1,2,13
,2017_21870,39.77489,-104.857146,2/5/2017 7:30,7:30,12,0,0,I70 & MM 281,1,1,0,0,1,4,0,,55,0,0,0,0,0,1,2,5
,2017_21872,39.77489,-104.857146,4/9/2017 1:22,1:22,15,0,0,I70 & MM 281,1,4,0,0,1,4,0,,65,0,0,0,0,0,1,2,13
,2017_21873,39.774794,-104.856036,6/9/2017 15:16,15:16,5,0,0,I70 & PEORIA STREET NORTH,1,1,0,0,3,4,0,,55,0,0,0,0,0,1,1,14
,2017_21874,39.774779,-104.855851,11/28/2017 21:10,21:10,5,0,0,I70 & HAVANA STREET NORTH,1,3,0,0,2,4,0,,55,0,0,0,0,1,1,1,1
,2017_21875,39.774779,-104.855851,12/8/2017 8:26,8:26,15,0,0,I70 & MM 280,1,1,0,0,1,4,0,,65,0,0,0,0,0,1,2,13
,2017_21877,39.774461,-104.852154,11/22/2017 5:52,5:52,12,0,0,I70 & PEORIA STREET,1,4,0,0,1,4,0,,55,0,0,0,0,0,1,2,13
,2017_21878,39.774461,-104.852154,4/24/2017 15:31,15:31,12,0,0,I70 WB ON RAMP GORE POINT FROM & PEORIA STREET NORTH,1,1,0,0,1,8,0,,25,0,0,0,0,0,1,2,13
,2017_21879,39.774461,-104.852154,9/8/2017 11:42,11:42,12,0,0,I70 WB ON RAMP GORE POINT FROM & PEORIA STREET NORTH,1,1,0,0,1,8,0,,65,0,0,0,0,0,1,2,3
,2017_21880,39.774461,-104.852154,11/2/2017 16:22,16:22,12,0,0,I70 WB ENTRANCE GORE POINT & PEORIA STREET NORTH,1,1,1,0,1,8,0,,40,0,0,0,0,0,1,2,13
,2017_21881,39.774445,-104.851969,2/13/2017 2:04,2:04,12,0,1,I70 EASTBOUND & I70 EASTBOUND EXIT GORE POINT TO PEORIA STREET NORTH,1,5,1,0,1,4,0,,55,0,0,0,0,2,1,2,5
,2017_21882,39.774429,-104.851784,1/31/2017 17:02,17:02,15,0,1,I70 WB ON RAMP METER & PEORIA STREET NORTH,1,2,0,0,1,8,0,,,0,0,0,0,2,1,2,3
,2017_21883,39.774692,-104.850715,12/5/2017 13:49,13:49,15,0,0,I70 WB RAMP ON METER LIGHT & PEORIA STREET,1,1,0,0,1,8,0,,65,0,0,0,0,0,1,2,13