id,drcog_id,latitude,longitude,crashtime,time,crashtype,numbkilled,numbinjurd,drcoglocat,rdconditin,lightngcon,roadcntgrd,weatherco,location,roaddescrp,constrzone,schoolzone,splimit,bikeinv,pedinv,sctrinv,motoinv,svrty,rdsystem,ttlvehcls,hcf
,2017_21884,39.774397,-104.851415,1/10/2017 10:23,10:23,12,0,0,I70 & PEORIA STREET NORTH,1,1,0,0,1,4,0,,55,0,0,0,0,0,1,2,13
,2017_21885,39.774397,-104.851415,3/28/2017 13:00,13:00,12,0,0,I70 & PEORIA STREET NORTH,1,1,0,0,1,4,0,,55,0,0,0,0,0,1,2,13
,2017_21886,39.774397,-104.851415,9/19/2017 6:30,6:30,12,0,0,I70 & PEORIA STREET NORTH,1,1,0,0,1,4,0,,55,0,0,0,0,0,1,2,7
,2017_21887,39.774397,-104.851415,11/2/2017 13:44,13:44,15,0,0,I70 & PEORIA STREET NORTH,1,1,1,0,1,4,0,,55,0,0,0,0,0,1,2,13
,2017_21889,39.774397,-104.851415,12/15/2017 18:30,18:30,12,0,0,I70 & PEORIA STREET NORTH,1,1,1,0,1,4,0,,65,0,0,0,0,0,1,2,13
,2017_21890,39.774095,-104.847902,11/7/2017 4:50,4:50,12,0,0,I70 & MM 281,2,3,0,1,1,4,0,,55,0,0,0,0,1,1,2,7
,2017_21891,39.774397,-104.851415,4/19/2017 7:57,7:57,12,0,0,I70 EASTBOUND RAMP OFF & PEORIA STREET NORTH APPROXIMATELY,1,1,0,0,1,8,0,,30,0,0,0,0,0,1,3,13
,2017_21892,39.774397,-104.851415,11/24/2017 6:12,6:12,9,0,0,I70 & PEORIA STREET NORTH,1,3,1,0,1,8,0,,55,0,0,0,0,1,1,1,7
,2017_21893,39.774302,-104.850306,4/3/2017 8:40,8:40,12,0,0,I70 & PEORIA STREET NORTH,1,1,0,0,1,4,0,,55,0,0,0,0,0,1,2,13
,2017_21894,39.774302,-104.850306,12/18/2017 19:20,19:20,12,0,0,I70 & HAVANA STREET,1,3,0,0,1,4,0,,55,0,0,0,0,1,1,2,13
,2017_21895,39.774302,-104.850306,10/21/2017 15:15,15:15,12,0,0,I70 WB ON RAMP & PEORIA STREET NORTH,1,1,0,0,1,8,0,,35,0,0,0,0,1,1,2,13
,2017_21896,39.774174,-104.848826,10/6/2017 15:10,15:10,12,0,0,I70 WB RAMP ON & PEORIA STREET NORTH,1,1,1,0,1,8,0,,55,0,0,0,0,0,1,2,12
,2017_21897,39.774158,-104.848642,8/24/2017 15:10,15:10,12,0,0,I70 & PEORIA STREET NORTH,1,1,0,0,1,4,0,,65,0,0,0,0,0,1,2,13
,2017_21898,39.774158,-104.848642,4/12/2017 17:20,17:20,5,0,1,I70 EASTBOUND OFF RAMP & NORTH PEORIA STREET,1,1,0,0,3,8,0,,35,0,0,0,0,2,1,1,13
,2017_21899,39.774142,-104.848457,8/8/2017 6:40,6:40,12,0,0,I70 & PEORIA STREET,1,1,1,0,1,4,0,,70,0,0,0,0,0,1,2,1
,2017_21900,39.774142,-104.848457,11/18/2017 6:40,6:40,12,0,0,I70 WB ON RAMP & PEORIA STREET NORTH,1,1,0,0,1,8,0,,55,0,0,0,0,0,1,2,13
,2017_21901,39.774127,-104.848272,3/29/2017 14:26,14:26,12,0,0,I70 WB ON RAMP MERGE & PEORIA STREET,1,1,0,0,1,8,0,,45,0,0,0,0,0,1,2,13
,2017_21902,39.774127,-104.848272,9/8/2017 12:48,12:48,6,0,1,I70 WB ON RAMP & PEORIA STREET NORTH,1,1,0,0,1,8,0,,40,0,0,0,0,2,1,2,13
,2017_21903,39.774111,-104.848087,11/6/2017 17:40,17:40,12,0,0,I70 & PEORIA STREET NORTH,1,2,0,0,1,4,0,,55,0,0,0,0,0,1,2,3
,2017_21904,39.774095,-104.847902,1/8/2017 23:38,23:38,12,0,0,I70 & MM 282,2,3,2,0,1,4,0,,65,0,0,0,0,0,1,2,5
,2017_21905,39.774079,-104.847717,5/14/2017 11:43,11:43,12,0,0,I70 EASTBOUND RAMP OFF & PEORIA STREET NORTH,1,1,0,0,1,8,0,,35,0,0,0,0,0,1,2,13
,2017_21906,39.774063,-104.847533,1/26/2017 17:53,17:53,12,0,0,I70 & PEORIA STREET NORTH,1,3,0,0,1,4,0,,55,0,0,0,0,0,1,2,13
,2017_21907,39.774063,-104.847533,5/9/2017 6:55,6:55,12,0,0,I70 & PEORIA STREET NORTH,1,1,0,0,1,4,0,,45,0,0,0,0,0,1,2,1
,2017_21908,39.774063,-104.847533,9/27/2017 1:45,1:45,12,0,0,I70 & PEORIA STREET NORTH,1,3,0,0,1,4,0,,55,0,0,0,0,0,1,2,3
,2017_21909,39.774063,-104.847533,8/14/2017 10:08,10:08,12,0,0,I70 EASTBOUND OFF SPLIT RAMP TO & PEORIA STREET NORTH,1,1,0,0,1,8,0,,25,0,0,0,0,0,1,2,13
,2017_21910,39.774063,-104.847533,8/23/2017 8:50,8:50,12,0,0,I70 EASTBOUND OFF SPLIT RAMP & PEORIA STREET NORTH,1,1,0,0,1,8,0,,35,0,0,0,0,0,1,2,3
,2017_21911,39.774047,-104.847348,9/7/2017 18:04,18:04,12,0,0,I70 & PEORIA STREET NORTH,1,1,0,0,1,4,0,,55,0,0,0,0,0,1,2,13
,2017_21912,39.682233,-105.029793,3/8/2017 17:28,17:28,1,0,0,JEWELL AVENUE WEST & IRVING STREET SOUTH,1,2,0,0,1,1,0,,30,0,0,0,0,0,4,2,13
,2017_21913,39.774047,-104.847348,12/28/2017 10:15,10:15,12,0,0,I70 EASTBOUND OFF RAMP SPLIT & PEORIA STREET NORTH,1,1,0,0,1,8,0,,40,0,0,0,0,0,1,2,7
,2017_21914,39.774031,-104.847163,11/1/2017 18:47,18:47,15,0,0,I70 & PEORIA STREET NORTH,1,3,1,0,1,4,0,,55,0,0,0,0,0,1,2,13
,2017_21915,39.774031,-104.847163,7/2/2017 19:22,19:22,12,0,0,I70 EASTBOUND RAMP OFF & PEORIA STREET NORTH,1,1,0,0,1,8,0,,35,0,0,0,0,0,1,2,13
,2017_21916,39.774031,-104.847163,11/12/2017 17:30,17:30,12,0,0,I70 EASTBOUND OFF RAMP & PEORIA STREET NORTH,1,3,0,0,1,8,0,,55,0,0,0,0,0,1,2,14
,2017_21917,39.774015,-104.846978,1/3/2017 10:42,10:42,15,0,0,I70 & PEORIA STREET NORTH WB RAMP ON GORE POINT,1,1,0,0,1,4,0,,55,0,0,0,0,1,1,2,1
,2017_21918,39.774015,-104.846978,6/13/2017 8:07,8:07,12,0,0,I70 & PEORIA STREET NORTH APPROXIMATELY,1,1,0,0,1,4,0,,55,0,0,0,0,0,1,2,13
,2017_21919,39.774015,-104.846978,6/23/2017 11:06,11:06,15,0,0,I70 WB RAMP ON MERGE LANE & PEORIA STREET NORTH WB EXIT GORE,1,1,0,0,1,4,0,,35,0,0,0,0,0,1,2,7
,2017_21920,39.774015,-104.846978,1/7/2017 14:17,14:17,12,0,0,I70 EASTBOUND SLIP RAMP OFF TO & PEORIA STREET NORTH,2,1,0,0,1,8,0,,35,0,0,0,0,1,1,2,13
,2017_21921,39.774015,-104.846978,2/19/2017 2:30,2:30,15,0,0,I70 EASTBOUND OFF RAMP & PEORIA STREET NORTH,1,3,0,0,1,8,0,,,0,0,0,0,0,1,2,13
,2017_21922,39.774015,-104.846978,6/1/2017 6:52,6:52,12,0,0,I70 EASTBOUND RAMP OFF & PEORIA STREET NORTH,1,1,0,0,1,8,0,,25,0,0,0,0,0,1,2,13
,2017_21923,39.774015,-104.846978,7/7/2017 13:04,13:04,12,0,0,I70 EASTBOUND SLIP RAMP OFF & PEORIA STREET NORTH,1,1,0,0,1,8,0,,35,0,0,0,0,0,1,2,13
,2017_21924,39.774015,-104.846978,7/12/2017 7:17,7:17,12,0,0,I70 EASTBOUND SLIP RAMP OFF & PEORIA STREET NORTH APPROXIMATELY,1,1,0,0,1,8,0,,30,0,0,0,0,0,1,2,13
,2017_21925,39.774015,-104.846978,10/3/2017 14:10,14:10,12,0,0,I70 EASTBOUND OFF RAMP & PEORIA STREET NORTH,1,1,0,0,1,8,0,,35,0,0,0,0,0,1,2,13
,2017_21926,39.774015,-104.846978,10/24/2017 7:46,7:46,12,0,0,I70 SLIP RAMP OFF & PEORIA STREET NORTH,1,1,0,0,1,8,0,,35,0,0,0,0,1,1,2,13
,2017_21927,39.774015,-104.846978,10/25/2017 13:05,13:05,12,0,0,I70 EASTBOUND RAMP OFF & PEORIA STREET NORTH,1,1,0,0,1,8,0,,35,0,0,0,0,0,1,2,1
,2017_21929,39.774015,-104.846978,10/28/2017 18:43,18:43,12,0,0,I70 EASTBOUND OFF RAMP & PEORIA STREET NORTH,1,3,1,0,1,8,0,,15,0,0,0,0,0,1,2,7
,2017_21930,39.774015,-104.846978,11/20/2017 6:29,6:29,12,0,0,I70 EASTBOUND OFF SLIP RAMP & PEORIA STREET NORTH,1,2,0,0,1,8,0,,35,0,0,0,0,0,1,2,13
,2017_21932,39.774015,-104.846978,12/24/2017 10:21,10:21,12,0,0,I70 EASTBOUND OFF RAMP & PEORIA STREET NORTH,5,1,0,0,1,8,0,,35,0,0,0,0,0,1,2,13
,2017_21933,39.774015,-104.846978,6/21/2017 6:37,6:37,15,0,0,PEORIA STREET NORTH & I70 WB RAMPS,1,1,0,0,1,1,0,,30,0,0,0,0,0,1,2,13
,2017_21934,39.774015,-104.846978,3/8/2017 15:35,15:35,12,0,0,I70 EASTBOUND OFF RAMP & PEORIA STREET NORTH,1,1,0,0,1,1,0,,25,0,0,0,0,0,1,2,2
,2017_21935,39.774015,-104.846978,11/19/2017 21:34,21:34,15,0,0,PEORIA STREET NORTH & I70 EASTBOUND RAMPS,1,3,0,0,1,1,0,,40,0,0,0,0,0,1,2,13
,2017_21936,39.774015,-104.846978,12/12/2017 15:35,15:35,3,0,0,I70 EASTBOUND RAMP OFF & PEORIA STREET NORTH,1,1,0,0,1,3,0,,,0,0,0,0,0,1,2,13
,2017_21937,39.773999,-104.846793,1/18/2017 18:17,18:17,15,0,0,I70 & PEORIA STREET NORTH,1,3,0,0,1,4,0,,55,0,0,0,0,0,1,2,13
,2017_21938,39.773999,-104.846793,1/20/2017 9:10,9:10,12,0,0,PEORIA STREET NORTH & I70,1,1,0,0,1,4,0,,40,0,0,0,0,0,1,2,3
,2017_21939,39.773999,-104.846793,1/23/2017 9:20,9:20,12,0,0,I70 RAMP & PEORIA STREET NORTH,1,1,0,0,1,4,0,,35,0,0,0,0,0,1,2,3
,2017_21940,39.773999,-104.846793,2/14/2017 12:15,12:15,5,0,0,I70 WB & PEORIA STREET NORTH,1,1,0,0,1,4,0,,,0,0,0,0,0,1,2,13
,2017_21941,39.773999,-104.846793,2/16/2017 5:40,5:40,15,0,0,I70 & PEORIA STREET NORTH,1,4,0,0,1,4,0,,55,0,0,0,0,0,1,3,13
,2017_21942,39.773999,-104.846793,2/20/2017 11:00,11:00,12,0,0,I70 & PEORIA STREET NORTH,1,1,0,0,1,4,0,,40,0,0,0,0,0,1,2,13
,2017_21943,39.773999,-104.846793,2/23/2017 12:32,12:32,12,0,0,I70 & PEORIA STREET NORTH,2,1,0,2,1,4,0,,25,0,0,0,0,0,1,2,13
,2017_21944,39.773999,-104.846793,3/8/2017 8:51,8:51,12,0,0,I70 & PEORIA STREET NORTH,1,1,0,0,1,4,0,,55,0,0,0,0,1,1,2,5
,2017_21945,39.773999,-104.846793,3/14/2017 7:17,7:17,12,0,0,I70 & PECOS STREET NORTH,1,1,0,0,1,4,0,,65,0,0,0,0,0,1,2,14
,2017_21946,39.773999,-104.846793,9/9/2017 19:20,19:20,12,0,0,PEORIA STREET NORTH & I70 WB RAMP ON,1,1,0,0,1,4,0,,40,0,0,0,0,0,1,2,3
,2017_21947,39.773999,-104.846793,4/17/2017 15:49,15:49,12,0,0,I70 & PEORIA STREET NORTH,1,1,0,0,1,4,0,,55,0,0,0,0,0,1,3,13
,2017_21948,39.773999,-104.846793,5/14/2017 22:30,22:30,15,0,0,I70 EASTBOUND SLIP RAMP OFF MERGE LANE & PEORIA STREET NORTH,1,1,1,0,1,4,0,,35,0,0,0,0,0,1,2,13
,2017_21950,39.773999,-104.846793,5/25/2017 14:00,14:00,15,0,0,I70 & PEORIA STREET NORTH,1,1,1,0,1,4,0,,55,0,0,0,0,0,1,2,1
,2017_21951,39.773999,-104.846793,5/26/2017 6:39,6:39,12,0,0,I70 & PEORIA STREET NORTH,1,1,0,0,1,4,0,,65,0,0,0,0,0,1,2,13
,2017_21952,39.773999,-104.846793,5/30/2017 11:00,11:00,12,0,0,I70 & PEORIA STREET NORTH,1,1,0,0,1,4,0,,55,0,0,0,0,0,1,2,2
,2017_21953,39.773999,-104.846793,6/1/2017 16:35,16:35,12,0,0,I70 & PEORIA STREET NORTH,1,1,0,0,1,4,0,,65,0,0,0,0,0,1,2,14
,2017_21954,39.773999,-104.846793,6/2/2017 23:43,23:43,12,0,1,I70 & PEORIA STREET NORTH,1,3,1,0,1,4,0,,55,0,0,0,0,2,1,2,13
,2017_21955,39.773999,-104.846793,6/7/2017 12:20,12:20,12,0,0,I70 & PEORIA STREET NORTH,1,1,0,0,1,4,0,,65,0,0,0,0,0,1,2,1
,2017_21956,39.773999,-104.846793,6/23/2017 19:00,19:00,15,0,0,I70 & PEORIA EXIT 284,1,2,0,0,1,4,0,,75,0,0,0,0,0,1,2,14
,2017_21957,39.773999,-104.846793,7/21/2017 8:40,8:40,15,0,0,I70 & PEORIA STREET NORTH,1,1,0,0,1,4,0,,65,0,0,0,0,0,1,2,7
,2017_21958,39.773999,-104.846793,7/24/2017 6:21,6:21,12,0,0,I 70 & PEORIA STREET NORTH,1,1,0,0,1,4,0,,65,0,0,0,0,0,1,2,13
,2017_21959,39.773999,-104.846793,8/11/2017 6:31,6:31,12,0,0,I70 & PEORIA STREET NORTH,1,1,0,0,1,4,0,,55,0,0,0,0,1,1,5,3
,2017_21960,39.773999,-104.846793,2/16/2017 13:15,13:15,3,0,0,PEORIA STREET NORTH & I70 WB RAMPS,1,1,0,1,1,1,0,,45,0,0,0,0,0,1,2,13
,2017_21961,39.773999,-104.846793,8/14/2017 5:45,5:45,12,0,0,I70 & PEORIA STREET NORTH,1,3,1,0,1,4,0,,55,0,0,0,0,0,1,4,7
,2017_21962,39.773999,-104.846793,9/7/2017 8:11,8:11,12,0,0,I70 & PEORIA STREET NORTH,1,1,0,0,1,4,0,,55,0,0,0,0,0,1,2,12
,2017_21963,39.773999,-104.846793,9/8/2017 23:15,23:15,15,0,0,I70 & PEORIA STREET NORTH,1,3,0,0,1,4,0,,55,0,0,0,0,0,1,2,1
,2017_21964,39.773999,-104.846793,10/15/2017 23:52,23:52,12,0,0,I70 & PEORIA STREET NORTH,1,3,0,0,1,4,1,,65,0,0,0,0,0,1,2,5
,2017_21965,39.773999,-104.846793,11/8/2017 11:31,11:31,12,0,0,I70 & PEORIA STREET NORTH,1,1,1,0,1,4,0,,25,0,0,0,0,0,1,2,14
,2017_21966,39.773999,-104.846793,12/6/2017 7:38,7:38,12,0,0,I70 & PEORIA STREET NORTH,1,1,0,0,1,4,0,,55,0,0,0,0,0,1,3,14
,2017_21967,39.773999,-104.846793,12/6/2017 9:40,9:40,15,0,0,I70 & PEORIA STREET NORTH,1,1,0,0,1,4,0,,55,0,0,0,0,0,1,2,13
,2017_21968,39.773999,-104.846793,12/15/2017 18:47,18:47,12,0,0,I70 & PEORIA STREET NORTH,1,3,0,0,1,4,0,,55,0,0,0,0,0,1,2,13
,2017_21970,39.773999,-104.846793,12/19/2017 19:02,19:02,15,0,0,I70 & PEORIA STREET NORTH,1,3,0,0,1,4,0,,55,0,0,0,0,0,1,2,13
,2017_21971,39.773999,-104.846793,12/22/2017 13:59,13:59,15,0,0,I70 & PEORIA STREET NORTH,1,1,1,0,1,4,0,,,0,0,0,0,0,1,3,13
,2017_21972,39.773999,-104.846793,3/27/2017 13:45,13:45,12,0,0,PEORIA STREET 4300 BLOCK NORTH & I70 EASTBOUND RAMPS,1,1,0,0,1,3,0,,35,0,0,0,0,0,1,2,13
,2017_21973,39.773999,-104.846793,4/3/2017 11:46,11:46,12,0,0,PEORIA STREET NORTH & I70 EASTBOUND RAMPS,1,1,0,0,1,4,0,,30,0,0,0,0,0,1,2,1
,2017_21974,39.773999,-104.846793,3/18/2017 13:00,13:00,12,0,0,I70 EASTBOUND EXIT RAMP & PEORIA STREET NORTH,1,1,0,0,1,8,0,,40,0,0,0,0,0,1,2,13
,2017_21975,39.773999,-104.846793,3/6/2017 12:18,12:18,12,0,0,PEORIA STREET NORTH & I70 WB RAMPS,1,1,0,0,1,1,0,,25,0,0,0,0,0,1,2,13
,2017_21976,39.773999,-104.846793,6/3/2017 9:45,9:45,10,0,0,PEORIA STREET NORTH & I70,1,1,0,0,1,1,0,,,0,0,0,0,0,1,2,13
,2017_21977,39.773999,-104.846793,9/6/2017 15:00,15:00,10,0,0,PEORIA STREET NORTH & I70 WB RAMPS,1,1,0,0,1,1,0,,65,0,0,0,0,0,1,2,1
,2017_21978,39.773999,-104.846793,10/26/2017 15:13,15:13,12,0,0,PEORIA STREET NORTH & I70 WB RAMPS,2,1,1,2,1,3,0,,40,0,0,0,0,0,1,2,7
,2017_21979,39.773999,-104.846793,11/10/2017 6:50,6:50,15,0,0,PEORIA STREET NORTH & I70 WB OFF RAMP,1,1,0,0,1,1,0,,40,0,0,0,0,0,1,3,13
,2017_21980,39.773999,-104.846793,11/20/2017 12:57,12:57,15,0,0,PEORIA STREET NORTH & I70 WB ON RAMP,1,1,0,0,1,1,0,,35,0,0,0,0,0,1,2,13
,2017_21981,39.773999,-104.846793,11/20/2017 15:15,15:15,15,0,0,I70 WB OFF RAMP & PEORIA STREET NORTH,1,1,1,0,1,1,0,,35,0,0,0,0,0,1,2,13
,2017_21982,39.783357,-105.034655,9/7/2017 17:15,17:15,12,0,0,I70 & LOWELL BOULEVARD,1,1,0,0,1,4,0,,55,0,0,0,0,0,1,2,13
,2017_21983,39.773999,-104.846793,12/18/2017 5:46,5:46,15,0,0,I70 WB RAMP OFF & PEORIA STREET NORTH,1,3,0,0,1,1,0,,30,0,0,0,0,0,1,2,13
,2017_21984,39.773999,-104.846793,2/9/2017 5:50,5:50,12,0,0,PEORIA STREET NORTH & I70 EASTBOUND RAMPS,1,3,0,0,1,1,0,,40,0,0,0,0,0,1,2,1
,2017_21986,39.773999,-104.846793,3/11/2017 2:01,2:01,15,0,0,PEORIA STREET NORTH & I70 EASTBOUND OFF RAMP,1,3,0,0,1,1,0,,35,0,0,0,0,1,1,2,8
,2017_21987,39.773999,-104.846793,3/13/2017 13:05,13:05,15,0,0,PEORIA STREET NORTH & I70 EASTBOUND RAMP OFF,1,1,0,0,1,1,0,,40,0,0,0,0,0,1,2,13
,2017_21989,39.773999,-104.846793,3/21/2017 16:37,16:37,12,0,1,PEORIA STREET NORTH & I70 EASTBOUND,1,1,0,1,1,3,0,,40,0,0,0,0,2,1,3,13
,2017_21990,39.773999,-104.846793,4/1/2017 9:25,9:25,15,0,0,PEORIA STREET NORTH & I70,2,1,1,1,1,1,0,,40,0,0,0,0,1,1,2,7
,2017_21991,39.773999,-104.846793,4/18/2017 15:33,15:33,12,0,0,PEORIA STREET NORTH & I70 EASTBOUND RAMP ON,1,1,0,0,1,3,0,,35,0,0,0,0,0,1,2,13
,2017_21992,39.773999,-104.846793,5/7/2017 14:18,14:18,12,0,0,PEORIA STREET NORTH & I70 EASTBOUND RAMPS APPROXIMATELY,1,1,3,0,1,1,0,,30,0,0,0,0,0,1,2,12
,2017_21993,39.773999,-104.846793,5/18/2017 16:47,16:47,12,0,0,PEORIA STREET NORTH & I70 EASTBOUND RAMPS APPROXIMATELY,2,1,0,2,1,1,0,,35,0,0,0,0,0,1,2,13
,2017_21994,39.773999,-104.846793,6/12/2017 10:53,10:53,12,0,0,I70 EASTBOUND OFF RAMP & PEORIA STREET NORTH,1,1,0,0,1,1,0,,35,0,0,0,0,0,1,2,3
,2017_21995,39.773999,-104.846793,7/8/2017 23:55,23:55,15,0,0,PEORIA STREET & I70 EASTBOUND RAMPS,1,3,0,0,1,1,0,,,0,0,0,0,0,1,2,13
,2017_21996,39.773999,-104.846793,7/17/2017 17:23,17:23,12,0,0,PEORIA STREET NORTH & I70 EASTBOUND RAMP OFF,1,1,0,0,1,3,0,,40,0,0,0,0,0,1,2,7
,2017_21997,39.773999,-104.846793,8/28/2017 12:01,12:01,10,0,0,PEORIA STREET NORTH & I70 E/B OFF RAMP,1,1,0,0,1,1,0,,35,0,0,0,0,0,1,2,8
,2017_21998,39.773999,-104.846793,9/2/2017 12:20,12:20,12,0,0,PEORIA STREET NORTH & I70 EASTBOUND RAMPS APPROXIMATELY,1,1,0,0,1,3,0,,40,0,0,0,0,0,1,2,13
,2017_21999,39.773999,-104.846793,11/22/2017 11:00,11:00,12,0,0,PEORIA STREET NORTH & I70 EASTBOUND OFF RAMP,1,1,0,0,1,1,0,,,0,0,0,0,0,1,3,13
,2017_22000,39.773983,-104.846608,1/14/2017 10:07,10:07,12,0,0,I70 WB RAMP OFF & PEORIA STREET NORTH,1,1,0,0,1,8,0,,30,0,0,0,0,0,1,2,13
,2017_22001,39.773967,-104.846424,1/16/2017 1:00,1:00,5,0,0,I70 & HAVANA STREET NORTH,4,3,1,2,3,4,0,,55,0,0,0,0,0,1,1,1
,2017_22002,39.773952,-104.846239,1/19/2017 15:06,15:06,12,0,0,I70 & PEORIA STREET NORTH,1,1,0,0,1,4,0,,55,0,0,0,0,0,1,2,7
,2017_22003,39.773936,-104.846054,6/21/2017 9:01,9:01,12,0,0,I70 WB RAMP OFF & PEORIA STREET NORTH APPROXIMATELY,1,1,0,0,1,8,0,,55,0,0,0,0,0,1,2,13
,2017_22004,39.77392,-104.845869,10/15/2017 3:25,3:25,12,0,0,I70 & PEORIA STREET NORTH,1,2,3,0,1,4,0,,55,0,0,0,0,0,1,2,13
,2017_22005,39.773904,-104.845684,7/18/2017 19:09,19:09,15,0,0,I70 EASTBOUND ON RAMP & PEORIA STREET NORTH,1,1,0,0,1,8,0,,40,0,0,0,0,0,1,2,13
,2017_22006,39.773888,-104.845499,7/3/2017 15:37,15:37,12,0,0,I70 & PEORIA STREET NORTH,1,1,0,0,1,4,0,,55,0,0,0,0,0,1,3,1
,2017_22007,39.773856,-104.84513,8/20/2017 14:55,14:55,12,0,0,I70 & PEORIA STREET NORTH,1,1,1,0,1,4,0,,55,0,0,0,0,0,1,2,13
,2017_22008,39.77384,-104.844945,2/3/2017 19:42,19:42,15,0,0,I70 & PEORIA STREET,1,3,0,0,1,4,0,,65,0,0,0,0,0,1,2,5
,2017_22009,39.773761,-104.84402,5/15/2017 17:40,17:40,12,0,0,I225 & I70,1,1,0,0,1,4,0,,55,0,0,0,0,0,1,2,3
,2017_22010,39.773904,-104.845684,3/21/2017 8:12,8:12,12,0,0,I70 EASTBOUND ON RAMP & KIPLING STREET,1,1,0,0,1,8,0,,65,0,0,0,0,0,1,2,13
,2017_22011,39.773697,-104.843281,4/3/2017 8:30,8:30,12,0,0,I70 & PEORIA STREET NORTH,1,1,1,0,1,4,0,,55,0,0,0,0,0,1,4,13
,2017_22012,39.773681,-104.843096,10/15/2017 20:58,20:58,12,0,0,I70 & PEORIA STREET NORTH,1,3,0,0,1,4,1,,55,0,0,0,0,0,1,3,3
,2017_22013,39.773649,-104.842726,5/4/2017 7:40,7:40,15,0,0,I70 & I225 WB FLYOVER OFF GORE,1,1,0,0,1,4,0,,65,0,0,0,0,0,1,2,13
,2017_22015,39.773649,-104.842726,11/6/2017 16:55,16:55,12,0,0,I70 EASTBOUND RAMP ON GORE & PEORIA STREET NORTH,1,2,1,0,1,8,0,,40,0,0,0,0,0,1,2,13
,2017_22016,39.773617,-104.842357,3/3/2017 7:34,7:34,12,0,0,I70 & PEORIA STREET NORTH,1,1,0,0,1,4,0,,65,0,0,0,0,1,1,2,13
,2017_22017,39.773617,-104.842357,6/20/2017 9:41,9:41,12,0,0,I70 & I225 NORTHBOUND FLYOVER END APPROXIMATELY,1,1,1,0,1,4,0,,55,0,0,0,0,0,1,2,13
,2017_22018,39.773617,-104.842357,8/14/2017 10:44,10:44,12,0,0,I70 & PEORIA STREET NORTH,1,1,0,0,1,4,0,,25,0,0,0,0,0,1,2,13
,2017_22019,39.773617,-104.842357,8/18/2017 18:35,18:35,12,0,0,I70 EASTBOUND ON RAMP FROM & PEORIA STREET NORTH,2,1,1,0,1,8,0,,45,0,0,0,0,0,1,2,3
,2017_22020,39.773554,-104.841617,4/22/2017 18:15,18:15,12,0,0,I70 WB RAMP ON & I225 NORTHBOUND FLYOVER END APPROXIMATELY,1,1,0,0,1,8,0,,55,0,0,0,0,0,1,2,13
,2017_22021,39.773554,-104.841617,8/30/2017 7:08,7:08,12,0,0,I225 NORTHBOUND OFF RAMP TO & I70 MERGE LANE,1,1,1,0,1,8,0,,55,0,0,0,0,0,1,2,8
,2017_22022,39.773554,-104.841617,11/12/2017 17:22,17:22,5,0,0,I70 & PEORIA STREET NORTH,1,3,0,0,3,8,0,,55,0,0,0,0,0,1,3,1
,2017_22023,39.773506,-104.841063,11/4/2017 18:38,18:38,12,0,0,I70 WB RAMP ON & I225 NORTHBOUND RAMP OFF END,1,3,1,0,1,8,0,,55,0,0,0,0,0,1,2,13
,2017_22024,39.773474,-104.840693,5/12/2017 15:17,15:17,12,0,0,I70 & PEORIA STREET NORTH,1,1,0,0,1,4,0,,55,0,0,0,0,0,1,2,13
,2017_22025,39.77341,-104.839954,6/23/2017 9:50,9:50,12,0,0,I70 & PEORIA STREET NORTH,1,1,0,0,1,8,0,,55,0,0,0,0,0,1,2,14
,2017_22026,39.773358,-104.83938,6/14/2017 14:33,14:33,15,0,0,I70 WB RAMP ON GORE AREA & I225 HIGHWAY NORTHBOUND,1,1,0,0,1,4,0,,55,0,0,0,0,0,1,2,14
,2017_22027,39.773299,-104.838659,5/19/2017 21:24,21:24,12,0,0,I70 & MILE MARKER 282,1,3,0,0,1,4,0,,45,0,0,0,0,0,1,2,13
,2017_22028,39.773299,-104.838659,5/5/2017 11:40,11:40,12,0,0,I70 FLYOVER ON & MM 282 APPROXIMATELY,1,1,1,0,1,8,0,,55,0,0,0,0,0,1,3,12
,2017_22029,39.773219,-104.837735,3/9/2017 10:29,10:29,12,0,0,I70 & I225 INTRCHG,1,1,1,0,1,8,0,,55,0,0,0,0,0,1,2,13
,2017_22030,39.773219,-104.837735,3/16/2017 5:50,5:50,12,0,0,I70 & I225 INTRCHG,1,4,0,0,1,8,0,,55,0,0,0,0,0,1,4,1
,2017_22031,39.773203,-104.83755,4/22/2017 17:43,17:43,12,0,0,I70 & PEORIA STREET NORTH,1,1,0,0,1,4,1,,45,0,0,0,0,1,1,2,13
,2017_22032,39.773203,-104.83755,2/8/2017 8:18,8:18,12,0,0,I70 WB & PEORIA STREET NORTH,1,1,1,0,1,8,0,,65,0,0,0,0,0,1,2,13
,2017_22033,39.77306,-104.835887,1/20/2017 16:02,16:02,12,0,0,I70 & I225,1,1,0,0,1,4,0,,55,0,0,0,0,0,1,2,3
,2017_22034,39.773044,-104.835702,8/9/2017 17:38,17:38,12,0,0,I70 & PEORIA STREET NORTH,1,1,0,0,1,4,0,,55,0,0,0,0,0,1,2,3
,2017_22035,39.773028,-104.835517,11/22/2017 6:15,6:15,12,0,0,I70 WB OFF RAMP & PEORIA STREET,1,3,0,0,1,8,0,,55,0,0,0,0,0,1,2,13