id,drcog_id,latitude,longitude,crashtime,time,crashtype,numbkilled,numbinjurd,drcoglocat,rdconditin,lightngcon,roadcntgrd,weatherco,location,roaddescrp,constrzone,schoolzone,splimit,bikeinv,pedinv,sctrinv,motoinv,svrty,rdsystem,ttlvehcls,hcf
,2017_22036,39.773028,-104.835517,10/11/2017 6:10,6:10,12,0,0,I70 WB RAMP ON & WB K RAMP TO PEORIA,1,2,1,0,1,8,0,,55,0,0,0,0,0,1,3,13
,2017_22037,39.772917,-104.834223,5/21/2017 7:19,7:19,5,0,0,I70 & I225 RAMP ON GORE,1,1,0,0,3,4,0,,65,0,0,0,0,0,1,1,13
,2017_22038,39.772885,-104.833853,7/22/2017 15:22,15:22,12,0,0,I70 & I225 NORTHBOUND,1,5,1,0,1,4,0,,55,0,0,0,0,0,1,2,13
,2017_22039,39.772853,-104.833483,8/10/2017 4:49,4:49,5,0,0,I70 & I225,1,3,0,0,3,4,0,,55,0,0,0,0,0,1,1,2
,2017_22040,39.772853,-104.833483,9/6/2017 8:02,8:02,12,0,0,I70 & I225 SOUTHBOUND,1,1,0,0,1,4,0,,65,0,0,0,0,0,1,2,13
,2017_22041,39.772853,-104.833483,8/28/2017 8:16,8:16,15,0,0,I70 EASTBOUND OFF RAMP GORE POINT & I225,1,1,0,0,1,8,0,,55,0,0,0,0,0,1,2,1
,2017_22043,39.772837,-104.833298,1/16/2017 9:15,9:15,15,0,0,I70  & I225 SOUTHBOUND RAMP ENTRANCE,4,1,0,2,1,4,0,,55,0,0,0,0,0,1,3,1
,2017_22044,39.77255,-104.829971,1/6/2017 3:45,3:45,15,0,0,I70 WB RAMP FLYOVER & I225,5,3,0,2,1,8,0,,55,0,0,0,0,0,1,2,8
,2017_22046,39.77255,-104.829971,3/22/2017 6:49,6:49,15,0,0,I70 WB RAMP ON & I225 NORTHBOUND FLYOVER APPROXIMATELY,1,1,1,0,1,8,0,,65,0,0,0,0,0,1,2,14
,2017_22047,39.77255,-104.829971,4/22/2017 18:15,18:15,12,0,0,I225 NORTHBOUND & I70 WB,1,1,0,0,1,8,0,,55,0,0,0,0,0,1,2,13
,2017_22048,39.77255,-104.829971,7/22/2017 15:22,15:22,12,0,0,I225 & I70 WB,1,1,0,0,1,8,0,,55,0,0,0,0,0,1,2,13
,2017_22049,39.77255,-104.829971,9/12/2017 16:45,16:45,15,0,0,I70 WB ON RAMP FROM NORTHBOUND FLYOVER & I225 NORTHBOUND RAMP TO I70,1,1,0,0,1,8,0,,55,0,0,0,0,0,1,2,13
,2017_22050,39.77251,-104.829605,5/31/2017 7:02,7:02,5,0,0,I70 FLYOVER & I225 NORTHBOUND RAMPS ON / OFF APPROXIMATELY,1,1,0,0,1,4,0,,65,0,0,0,0,0,1,3,14
,2017_22051,39.772482,-104.829424,5/9/2017 13:22,13:22,12,0,0,I70 & I225 INTCH,1,1,0,0,1,4,0,,65,0,0,0,0,0,1,2,13
,2017_22052,39.772482,-104.829424,8/26/2017 2:27,2:27,5,0,0,I70 WB RAMP ON & I225 INTCH APPROXIMATELY,1,3,1,0,3,8,0,,65,0,0,0,0,0,1,1,5
,2017_22053,39.772482,-104.829424,2/19/2017 0:25,0:25,12,0,0,I70 WB FLYOVER & I225 NORTHBOUND OFF RAMP APPROXIMATELY,1,3,0,0,1,8,0,,45,0,0,0,0,0,1,3,1
,2017_22063,39.780011,-104.961536,1/2/2017 2:55,2:55,5,0,0,I70 & YORK STREET,1,3,0,0,3,4,0,,,0,0,0,0,1,1,1,5
,2017_22064,39.77238,-104.828321,11/8/2017 17:55,17:55,12,0,0,I70 & PEORIA STREET NORTH,1,2,0,0,1,4,0,,55,0,0,0,0,1,1,2,13
,2017_22158,39.752397,-104.996745,1/26/2017 16:34,16:34,3,0,0,18TH STREET & BLAKE STREET,1,1,0,7,1,1,0,,30,0,0,0,0,1,4,2,1
,2017_22184,39.780397,-104.991172,1/2/2017 10:04,10:04,15,0,0,I70 & I25,1,1,0,0,1,4,0,,55,0,0,0,0,0,1,2,3
,2017_22240,39.780058,-104.9894,12/6/2017 10:37,10:37,5,0,0,I70 & I25,1,1,0,0,3,4,0,,65,0,0,0,0,0,1,1,14
,2017_22374,39.779428,-104.978299,2/1/2017 22:51,22:51,5,0,0,I70 WB RAMP & WASHINGTON STREET NORTH,5,3,1,2,2,8,0,,30,0,0,0,0,0,1,1,13
,2017_22609,39.682287,-105.0110235,1/23/2017 18:01,18:01,3,0,0,JEWELL AVENUE WEST & TEJON STREET SOUTH,1,3,0,7,1,1,0,,30,0,0,0,0,0,4,2,7
,2017_22747,39.778292,-104.908557,8/23/2017 14:24,14:24,12,0,0,I70 & COLORADO BOULEVARD NORTH,1,1,0,0,1,4,0,,,0,0,0,0,0,1,2,13
,2017_22761,39.778295,-104.903818,7/12/2017 21:00,21:00,12,0,0,I70 & QUEBEC STREET NORTH,1,3,0,0,1,4,0,,55,0,0,0,0,0,1,2,1
,2017_22862,39.778297,-104.900538,7/17/2017 9:38,9:38,12,0,0,I70 & CENTRAL PARK BOULEVARD,1,1,0,0,1,4,0,,55,0,0,0,0,0,1,2,3
,2017_23089,39.775573,-104.865095,4/20/2017 8:40,8:40,5,0,0,HAVANA STREET NORTH & I70,1,1,0,0,1,4,0,,40,0,0,0,0,0,1,1,13
,2017_23194,39.774397,-104.851415,5/7/2017 10:59,10:59,9,0,1,I70 & PEORIA STREET NORTH EXIT GORE APPROXIMATELY,1,1,1,0,1,4,0,,55,0,0,0,0,2,1,1,14
,2017_23252,39.773999,-104.846793,10/11/2017 16:52,16:52,12,0,0,PEORIA STREET NORTH & I70,1,1,0,0,1,4,0,,35,0,0,0,0,0,1,2,13
,2017_23291,39.682287,-105.052104,1/19/2017 23:35,23:35,5,0,0,JEWELL AVENUE WEST & ZENOBIA STREET SOUTH,1,3,0,0,2,4,0,,60,0,0,0,0,1,4,1,10
,2017_23546,39.7764,-104.95827,6/2/2017 18:37,18:37,10,0,0,JOSEPHINE STREET NORTH & 43RD AVENUE EAST,1,1,0,0,1,1,0,,30,0,0,0,0,0,4,2,8
,2017_23779,39.70385,-104.914592,2/21/2017 9:33,9:33,12,0,0,EXPOSITION AVENUE EAST & LEETSDALE DRIVE,1,1,0,0,1,1,0,,35,0,0,0,0,1,2,2,13
,2017_23823,39.698805,-104.904121,3/12/2017 19:51,19:51,15,0,0,LEETSDALE DRIVE & QUEBEC STREET SOUTH,1,3,0,0,1,4,0,,35,0,0,0,0,0,2,2,13
,2017_23828,39.702954,-104.912867,9/20/2017 6:57,6:57,15,0,0,LEETSDALE DRIVE & MONACO STREET SOUTH,1,1,0,0,1,1,0,,,0,0,0,0,0,2,2,13
,2017_23866,39.700261,-104.908227,12/31/2017 0:09,0:09,12,0,0,LEETSDALE DRIVE & ONEIDA STREET SOUTH,1,3,0,0,1,2,0,,35,0,0,0,0,0,2,2,7
,2017_23890,39.749049,-104.9923935,3/1/2017 17:21,17:21,15,0,0,18TH STREET & CURTIS STREET,1,2,0,0,1,1,1,,,0,0,0,0,1,4,2,13
,2017_23954,39.751056,-104.995026,2/28/2017 22:00,22:00,15,0,0,18TH STREET & LARIMER STREET,1,3,0,0,1,1,0,,25,0,0,0,0,0,4,2,13
,2017_23993,39.690999,-104.99228,9/24/2017 0:41,0:41,5,0,0,SANTA FE DRIVE SOUTH & ARKANSAS WEST 1395 BLOCK,2,3,0,1,1,4,0,,45,0,0,0,0,0,2,1,5
,2017_24061,39.69629,-104.897364,3/24/2017 18:00,18:00,12,0,0,HIGHWAY 83 & MISSISSIPPI AVENUE,1,1,0,0,1,1,0,,,0,0,0,0,0,2,2,13
,2017_24097,39.671156,-104.866294,4/23/2017 12:56,12:56,15,0,0,PARKER ROAD SOUTH & HAVANA STREET SOUTH,1,1,0,0,1,1,0,,45,0,0,0,0,0,2,2,7
,2017_24098,39.671381,-104.86657,11/3/2017 18:55,18:55,12,0,0,PARKER ROAD SOUTH & HAVANA STREET SOUTH,1,3,1,0,1,1,0,,45,0,0,0,0,0,2,4,3
,2017_24099,39.671719,-104.866984,5/6/2017 15:14,15:14,12,0,1,PARKER ROAD SOUTH & HAVANA STREET SOUTH,2,1,0,1,1,3,0,,45,0,0,0,0,2,2,2,7
,2017_24102,39.670932,-104.866018,5/26/2017 12:20,12:20,12,0,0,PARKER ROAD SOUTH & HAVANA STREET SOUTH,1,1,0,0,1,3,0,,40,0,0,0,0,0,2,2,1
,2017_24103,39.672505,-104.867951,4/19/2017 16:35,16:35,12,0,0,PARKER ROAD SOUTH & HARVARD AVENUE EAST,1,1,0,0,1,3,0,,35,0,0,0,0,1,2,2,13
,2017_24104,39.672505,-104.867951,5/11/2017 8:00,8:00,10,0,0,HARVARD AVENUE EAST & PARKER ROAD SOUTH,1,1,0,0,1,1,0,,25,0,0,0,0,0,2,2,13
,2017_24105,39.672505,-104.867951,6/14/2017 12:11,12:11,3,0,0,HARVARD AVENUE EAST ROAD SOUTHWEST & PARKER ROAD SOUTH,1,1,0,0,1,1,0,,45,0,0,0,0,1,2,2,1
,2017_24106,39.672505,-104.867951,11/2/2017 6:44,6:44,14,0,0,HARVARD AVENUE EAST & PARKER ROAD SOUTH,1,2,0,0,1,3,0,,35,0,0,0,0,0,2,2,13
,2017_24107,39.673067,-104.868641,8/17/2017 7:36,7:36,12,0,0,PARKER ROAD SOUTH & ILIFF AVENUE EAST,1,1,0,0,1,1,0,,35,0,0,0,0,0,2,2,3
,2017_24108,39.673967,-104.869746,6/2/2017 14:45,14:45,12,0,0,PARKER ROAD 2300 BLOCK SOUTH & ILIFF AVENUE EAST,2,1,1,1,1,4,0,,35,0,0,0,0,0,2,3,13
,2017_24109,39.674239,-104.870081,5/5/2017 7:54,7:54,12,0,0,PARKER ROAD & HARVARD AVENUE EAST APPROXIMATELY,1,1,0,0,1,3,0,,40,0,0,0,0,0,2,2,1
,2017_24110,39.698488,-104.90328,6/28/2017 17:40,17:40,15,0,0,PARKER ROAD SOUTH & QUEBEC STREET SOUTH,1,1,0,0,1,4,0,,45,0,0,0,0,0,2,2,13
,2017_24111,39.674529,-104.870436,1/26/2017 18:05,18:05,12,0,0,PARKER ROAD 2300 BLOCK SOUTH & ILIFF AVENUE EAST,1,3,0,0,1,3,0,,45,0,0,0,0,1,2,3,6
,2017_24112,39.674529,-104.870436,12/1/2017 13:15,13:15,1,0,1,PARKER ROAD SOUTH & ILIFF AVENUE EAST,1,1,0,0,1,4,0,,45,0,0,0,0,2,2,2,1
,2017_24113,39.671943,-104.867261,7/6/2017 17:51,17:51,3,0,0,PARKER ROAD SOUTH & HAVANA STREET SOUTH,1,1,0,0,1,2,0,,,0,0,0,0,0,2,2,7
,2017_24114,39.67476,-104.870723,3/28/2017 16:48,16:48,1,0,0,ILIFF AVENUE EAST & PARKER ROAD SOUTH,2,1,0,1,1,3,0,,35,0,0,0,0,0,2,2,13
,2017_24115,39.67476,-104.870723,4/4/2017 1:56,1:56,5,0,0,ILIFF AVENUE EAST & HIGHWAY 83A / PARKER ROAD SOUTH,2,3,0,1,3,1,0,,40,0,0,0,0,0,2,1,13
,2017_24116,39.67476,-104.870723,6/10/2017 3:03,3:03,15,0,0,PARKER ROAD SOUTH & ILIFF AVENUE EAST,1,3,0,0,1,1,0,,35,0,0,0,0,0,2,2,7
,2017_24117,39.67476,-104.870723,8/25/2017 15:10,15:10,12,0,0,ILIFF AVENUE EAST & PARKER ROAD SOUTH,1,1,0,0,1,1,0,,45,0,0,0,0,0,2,2,13
,2017_24118,39.67476,-104.870723,1/22/2017 21:58,21:58,12,0,0,ILIFF AVENUE EAST & PARKER ROAD SOUTH,1,3,0,0,1,3,0,,45,0,0,0,0,0,2,2,13
,2017_24119,39.67476,-104.870723,11/27/2017 8:27,8:27,12,0,0,PARKER ROAD SOUTH & ILIFF AVENUE EAST,1,1,0,0,1,3,0,,35,0,0,0,0,0,2,2,13
,2017_24120,39.67476,-104.870723,12/3/2017 14:05,14:05,15,0,0,PARKER ROAD SOUTH & ILIFF AVENUE EAST,1,1,0,0,1,1,0,,35,0,0,0,0,0,2,2,1
,2017_24122,39.67476,-104.870723,12/30/2017 10:31,10:31,12,0,0,ILIFF AVENUE EAST & PARKER ROAD SOUTH,1,1,1,0,1,3,0,,30,0,0,0,0,0,2,2,13
,2017_24130,39.67476,-104.870723,9/26/2017 23:10,23:10,12,0,0,HIGHWAY 83 & ILIFF AVENUE EAST,1,3,0,0,1,1,0,,45,0,0,0,0,1,2,2,14
,2017_24155,39.698614,-104.903606,9/23/2017 13:15,13:15,12,0,0,LEETSDALE DRIVE & QUEBEC STREET SOUTH,1,1,0,0,1,3,0,,,0,0,0,0,0,2,2,13
,2017_24156,39.69629,-104.897364,10/16/2017 13:02,13:02,14,0,0,MISSISSIPPI AVENUE EAST & PARKER ROAD SOUTH,1,1,0,0,1,3,0,,35,0,0,0,0,0,2,2,14
,2017_24157,39.696412,-104.897693,6/16/2017 8:28,8:28,3,0,0,PARKER ROAD SOUTH & MISSISSIPPI AVENUE EAST,1,1,0,0,1,2,0,,45,0,0,0,0,0,2,2,13
,2017_24158,39.696412,-104.897693,8/15/2017 15:46,15:46,15,0,0,PARKER ROAD 1000 BLOCK SOUTH & MISSISSIPPI AVENUE EAST,1,1,1,0,1,4,0,,10,0,0,0,0,0,2,2,13
,2017_24159,39.696897,-104.899009,7/27/2017 8:00,8:00,12,0,0,PARKER ROAD SOUTH & MISSISSIPPI AVENUE EAST,1,1,0,0,1,4,0,,45,0,0,0,0,0,2,2,13
,2017_24160,39.697079,-104.899503,12/14/2017 6:48,6:48,12,0,0,PARKER ROAD 1000 BLOCK SOUTH & QUEBEC STREET SOUTH,2,1,0,0,1,4,0,,30,0,0,0,0,0,2,3,13
,2017_24162,39.69714,-104.899668,5/26/2017 13:23,13:23,1,0,0,PARKER ROAD SOUTH & ROSEMARY WAY,1,1,0,0,1,1,0,,40,0,0,0,0,0,2,2,13
,2017_24163,39.697746,-104.901313,2/15/2017 21:23,21:23,1,0,0,PARKER ROAD SOUTH & QUEBEC STREET SOUTH,1,3,0,0,1,2,0,,40,0,0,0,0,0,2,3,7
,2017_24165,39.697868,-104.901643,3/8/2017 8:42,8:42,12,0,0,LEETSDALE DRIVE 6700 BLOCK & NIAGARA STREET SOUTH,1,1,0,0,1,4,0,,40,0,0,0,0,0,2,2,13
,2017_24167,39.697989,-104.901972,4/1/2017 14:40,14:40,15,0,0,PARKER ROAD SOUTH & MISSISSIPPI AVENUE EAST,1,1,1,1,1,3,0,,40,0,0,0,0,0,2,2,7
,2017_24168,39.697989,-104.901972,9/6/2017 8:27,8:27,12,0,0,PARKER ROAD SOUTH & QUEBEC STREET SOUTH,1,1,1,0,1,4,0,,35,0,0,0,0,0,2,2,13
,2017_24169,39.69805,-104.902136,2/7/2017 6:54,6:54,12,0,0,PARKER ROAD SOUTH & QUINCE STREET SOUTH,1,2,0,0,1,4,0,,30,0,0,0,0,0,2,2,14
,2017_24170,39.69805,-104.902136,2/20/2017 17:12,17:12,3,0,0,PARKER ROAD SOUTH & QUEBEC STREET SOUTH,1,2,1,0,1,2,0,,35,0,0,0,0,0,2,2,13
,2017_24171,39.69805,-104.902136,4/24/2017 7:25,7:25,3,0,1,QUINCE AVENUE SOUTH & PARKER ROAD SOUTH,1,1,0,0,1,1,0,,25,0,0,0,0,2,2,2,14
,2017_24172,39.69805,-104.902136,5/10/2017 15:46,15:46,10,0,0,PARKER ROAD SOUTH & ROSEMARY WAY SOUTH,2,1,0,1,1,4,0,,35,0,0,0,0,0,2,2,1
,2017_24173,39.698234,-104.902628,7/1/2017 9:21,9:21,3,0,0,PARKER ROAD SOUTH & QUEBEC STREET SOUTH,1,1,1,0,1,2,0,,35,0,0,0,0,0,2,2,13
,2017_24174,39.698298,-104.902791,4/25/2017 7:27,7:27,1,0,0,PARKER ROAD 1000 BLOCK SOUTH & QUINCE STREET SOUTH,1,1,0,0,1,2,0,,40,0,0,0,0,0,2,2,13
,2017_24175,39.698298,-104.902791,9/8/2017 14:25,14:25,1,0,0,PARKER ROAD 1000 BLOCK SOUTH & QUEBEC STREET SOUTH,1,1,1,0,1,1,0,,25,0,0,0,0,0,2,2,13
,2017_24176,39.698361,-104.902954,10/5/2017 8:49,8:49,3,0,0,PARKER ROAD & 1000 BLOCK SOUTH,1,1,0,0,1,2,0,,40,0,0,0,0,0,2,3,14
,2017_24177,39.698424,-104.903117,4/17/2017 7:11,7:11,15,0,0,PARKER ROAD 1000 BLOCK SOUTH & QUEBEC STREET SOUTH,1,1,0,0,1,4,0,,40,0,0,0,0,0,2,2,7
,2017_24178,39.698424,-104.903117,12/16/2017 19:00,19:00,12,0,0,HIGHWAY 83A / LEETSDALE DRIVE & QUEBEC STREET SOUTH,1,3,0,0,1,1,0,,30,0,0,0,0,0,2,2,14
,2017_24179,39.698488,-104.90328,5/24/2017 16:14,16:14,1,0,0,LEETSDALE DRIVE & QUEBEC STREET SOUTH,1,1,0,0,1,2,0,,30,0,0,0,0,0,2,3,3
,2017_24180,39.698488,-104.90328,8/13/2017 9:50,9:50,12,0,0,PARKER ROAD SOUTH & MM 74.9,1,1,0,0,1,4,0,,40,0,0,0,0,0,2,2,7
,2017_24181,39.698488,-104.90328,12/5/2017 8:20,8:20,12,0,0,LEETSDALE DRIVE & QUEBEC STREET SOUTH,1,1,3,0,1,4,0,,30,0,0,0,0,0,2,3,3
,2017_24182,39.698551,-104.903443,5/8/2017 8:20,8:20,15,0,0,LEETSDALE DRIVE & QUEBEC STREET SOUTH,1,1,1,0,1,4,0,,35,0,0,0,0,0,2,2,13
,2017_24183,39.698551,-104.903443,11/26/2017 22:16,22:16,3,0,0,LEETSDALE DRIVE & SOUTH QUEBEC STREET,1,1,1,0,1,1,0,,30,0,0,0,0,0,2,2,2
,2017_24184,39.698614,-104.903606,2/19/2017 12:28,12:28,12,0,0,QUEBEC STREET 900 BLOCK SOUTH & LEETSDALE DRIVE EAST,1,1,1,1,1,4,0,,35,0,0,0,0,0,2,2,3
,2017_24185,39.698614,-104.903606,2/22/2017 7:45,7:45,12,0,0,HIGHWAY 83A / LEETSDALE DRIVE & QUEBEC STREET SOUTH,1,1,0,0,1,3,0,,35,0,0,0,0,0,2,2,13
,2017_24186,39.698614,-104.903606,4/19/2017 20:35,20:35,1,0,0,LEETSDALE DRIVE & QUEBEC STREET SOUTH,1,4,0,0,1,1,0,,15,0,0,0,0,0,2,2,14
,2017_24188,39.698614,-104.903606,4/25/2017 7:07,7:07,3,0,0,PARKER ROAD 1000 BLOCK SOUTH & QUEBEC STREET SOUTH,1,1,0,0,1,2,0,,35,0,0,0,0,1,2,2,13
,2017_24189,39.698614,-104.903606,4/30/2017 3:24,3:24,5,0,0,LEETSDALE DRIVE & QUEBEC STREET SOUTH,1,2,0,0,2,1,0,,40,0,0,0,0,0,2,2,5
,2017_24190,39.698614,-104.903606,4/30/2017 15:26,15:26,3,0,0,LEETSDALE DRIVE & QUEBEC STREET SOUTH,1,1,1,0,1,1,0,,40,0,0,0,0,0,2,2,13
,2017_24191,39.698614,-104.903606,5/8/2017 9:58,9:58,15,0,0,QUEBEC STREET SOUTH & LEETSDALE DRIVE,1,1,0,0,1,1,0,,35,0,0,0,0,0,2,2,13
,2017_24192,39.698614,-104.903606,5/9/2017 11:33,11:33,12,0,0,LEETSDALE DRIVE & QUEBEC STREET SOUTH APPROXIMATELY,1,1,1,0,1,1,0,,35,0,0,0,0,0,2,4,13
,2017_24193,39.698614,-104.903606,5/13/2017 8:03,8:03,12,0,0,PARKER ROAD SOUTH & QUEBEC STREET SOUTH,1,1,0,0,1,1,0,,35,0,0,0,0,0,2,2,13
,2017_24194,39.698614,-104.903606,5/20/2017 10:20,10:20,12,0,0,LEETSDALE DRIVE & QUEBEC STREET SOUTH,1,1,1,0,1,3,0,,60,0,0,0,0,1,2,2,13
,2017_24195,39.698614,-104.903606,5/25/2017 18:27,18:27,12,0,0,QUEBEC STREET 7300 SOUTH & LEETSDALE DRIVE,1,1,1,0,1,3,0,,30,0,0,0,0,0,2,3,13
,2017_24196,39.698614,-104.903606,6/1/2017 17:15,17:15,12,0,0,QUEBEC STREET SOUTH & LEETSDALE DRIVE,1,1,1,0,1,1,0,,35,0,0,0,0,0,2,2,13
,2017_24197,39.698614,-104.903606,7/3/2017 10:11,10:11,12,0,0,LEETSDALE DRIVE & QUEBEC STREET SOUTH,1,1,1,0,1,3,0,,35,0,0,0,0,0,2,2,13
,2017_24198,39.698614,-104.903606,8/3/2017 17:39,17:39,12,0,0,LEETSDALE DRIVE & QUEBEC STREET SOUTH,1,1,0,0,1,3,0,,35,0,0,0,0,0,2,3,13
,2017_24199,39.698614,-104.903606,8/15/2017 8:01,8:01,12,0,0,LEETSDALE DRIVE & QUEBEC STREET SOUTH,1,1,0,0,1,3,0,,35,0,0,0,0,0,2,2,13
,2017_24200,39.698614,-104.903606,8/21/2017 13:00,13:00,12,0,0,LEETSDALE DRIVE & QUEBEC STREET SOUTH,1,1,0,0,1,3,0,,30,0,0,0,0,0,2,2,13
,2017_24201,39.698614,-104.903606,9/1/2017 11:15,11:15,15,0,0,LEETSDALE DRIVE & QUEBEC STREET SOUTH,1,1,0,0,1,4,0,,35,0,0,0,0,0,2,2,1
,2017_24202,39.698614,-104.903606,9/22/2017 7:23,7:23,12,0,0,PARKER ROAD SOUTH & QUEBEC STREET SOUTH,1,1,0,0,1,1,0,,35,0,0,0,0,0,2,2,13
,2017_24203,39.698614,-104.903606,9/24/2017 19:33,19:33,12,0,1,LEETSDALE DRIVE & QUEBEC STREET SOUTH,2,4,0,1,1,4,0,,35,0,0,0,0,2,2,2,5
,2017_24204,39.698614,-104.903606,10/23/2017 20:25,20:25,12,0,0,LEETSDALE DRIVE & QUEBEC STREET SOUTH,1,4,0,0,1,3,0,,35,0,0,0,0,0,2,2,13
,2017_24205,39.698614,-104.903606,11/6/2017 13:58,13:58,15,0,0,LEETSDALE DRIVE & QUEBEC STREET SOUTH,1,1,1,0,1,4,0,,35,0,0,0,0,0,2,2,13
,2017_24206,39.698614,-104.903606,11/8/2017 8:37,8:37,15,0,0,LEETSDALE DRIVE & QUEBEC STREET SOUTH,1,1,0,0,1,4,0,,35,0,0,0,0,0,2,3,7
,2017_24207,39.698614,-104.903606,11/9/2017 8:15,8:15,15,0,0,LEESDALE DRIVE 7300 BLOCK & QUEBEC STREET SOUTH,1,1,0,0,1,4,0,,,0,0,0,0,0,2,2,13
,2017_24208,39.698614,-104.903606,11/30/2017 14:57,14:57,15,0,0,LEETSDALE DRIVE & QUEBEC STREET SOUTH,1,1,0,0,1,1,0,,35,0,0,0,0,0,2,2,13
,2017_24209,39.698614,-104.903606,12/25/2017 1:02,1:02,12,0,0,QUEBEC STREET SOUTH & LEETSDALE DRIVE,1,3,1,0,1,3,0,,30,0,0,0,0,1,2,2,5
,2017_24210,39.698678,-104.903771,6/1/2017 6:14,6:14,12,0,0,PARKER ROAD SOUTH & QUEBEC STREET SOUTH,1,1,0,0,1,3,0,,40,0,0,0,0,0,2,2,3
,2017_24211,39.698678,-104.903771,8/27/2017 5:10,5:10,12,0,0,LEETSDALE DRIVE & QUEBEC STREET SOUTH,1,1,1,0,1,3,0,,25,0,0,0,0,0,2,2,13
,2017_24212,39.698678,-104.903771,9/28/2017 7:52,7:52,12,0,0,HIGHWAY 83A / LEETSDALE DRIVE & QUEBEC STREET SOUTH,2,1,0,1,1,4,0,,35,0,0,0,0,0,2,2,13
,2017_24213,39.698742,-104.903946,12/20/2017 19:51,19:51,12,0,0,LEETSDALE DRIVE & QUEBEC STREET SOUTH,1,3,0,0,1,4,0,,35,0,0,0,0,0,2,2,3
,2017_24214,39.698805,-104.904121,7/2/2017 21:10,21:10,15,0,0,LEETSDALE DRIVE & QUEBEC STREET SOUTH,1,3,0,0,1,4,0,,40,0,0,0,0,0,2,2,13
,2017_24215,39.698869,-104.904295,8/4/2017 1:50,1:50,15,0,1,LEETSDALE DRIVE & QUEBEC STREET SOUTH,1,3,0,0,1,4,0,,,0,0,0,0,2,2,2,13
,2017_24216,39.698933,-104.90447,4/29/2017 13:56,13:56,15,0,0,QUEBEC STREET SOUTH & LEETSDALE DRIVE,2,1,0,2,1,4,0,,,0,0,0,0,0,2,2,13
,2017_24217,39.700386,-104.908596,12/22/2017 17:00,17:00,12,0,0,LEETSDALE DRIVE & ONEIDA STREET SOUTH,1,3,0,0,1,4,0,,35,0,0,0,0,0,2,2,14
,2017_24218,39.699949,-104.907304,9/17/2017 12:03,12:03,15,0,0,LEETSDALE DRIVE 7000 BLOCK & ONEIDA STREET SOUTH,1,1,0,0,1,4,0,,35,0,0,0,0,1,2,2,13
,2017_24219,39.698997,-104.904645,10/19/2017 10:23,10:23,8,0,0,PARKER ROAD SOUTH & QUEBEC STREET SOUTH,1,1,1,0,1,2,0,,40,0,0,0,0,1,2,3,13
,2017_24220,39.699061,-104.904819,2/25/2017 23:38,23:38,12,0,0,LEETSDALE DRIVE s & MONACO STREET SOUTH,1,3,0,0,1,3,0,,35,0,0,0,0,0,2,2,1
,2017_24221,39.699125,-104.904994,7/28/2017 13:30,13:30,12,0,0,LEETSDALE DRIVE & QUEBEC STREET SOUTH,1,1,0,0,1,4,0,,30,0,0,0,0,0,2,2,3
,2017_24222,39.699189,-104.905168,6/1/2017 16:48,16:48,12,0,0,HIGHWAY 83A / LEETSDALE DRIVE & QUEBEC STREET SOUTH,1,1,0,0,1,4,0,,30,0,0,0,0,1,2,2,7
,2017_24223,39.699252,-104.905343,9/11/2017 16:33,16:33,15,0,0,PARKER ROAD SOUTH & QUEBEC STREET SOUTH,1,1,0,0,1,4,0,,40,0,0,0,0,0,2,2,1
,2017_24224,39.69938,-104.905692,1/18/2017 13:49,13:49,12,0,0,PARKER ROAD 7300 BLOCK SOUTH & QUEBEC STREET SOUTH,1,1,1,0,1,4,0,,35,0,0,0,0,1,2,3,10
,2017_24225,39.701082,-104.910423,8/10/2017 16:39,16:39,3,0,0,LEETSDALE DRIVE & NIAGARA STREET SOUTH,1,1,0,0,1,1,0,,25,0,0,0,0,0,2,2,7
,2017_24226,39.699636,-104.906391,7/12/2017 14:50,14:50,12,0,0,LEETSDALE DRIVE & ONEIDA STREET SOUTH,1,1,0,0,1,4,0,,35,0,0,0,0,1,2,4,13
,2017_24227,39.699762,-104.90675,8/23/2017 12:07,12:07,12,0,1,LEETSDALE DRIVE & 7000 BLOCK,1,1,0,0,1,4,0,,35,0,0,0,0,2,2,2,13
,2017_24228,39.699824,-104.906935,6/20/2017 17:35,17:35,10,0,0,LEETSDALE DRIVE & ONEIDA STREET SOUTH,1,1,0,0,1,2,0,,5,0,0,0,0,0,2,2,13
,2017_24229,39.699887,-104.90712,2/17/2017 14:50,14:50,12,0,0,LEETSDALE DRIVE 7000 BLOCK & ONEIDA STREET SOUTH,1,1,0,0,1,4,0,,35,0,0,0,0,0,2,2,13
,2017_24230,39.699887,-104.90712,7/17/2017 18:19,18:19,1,0,0,LEETSDALE DRIVE 6900 BLOCK & ONEIDA STREET SOUTH,1,1,0,0,1,2,0,,35,0,0,0,0,0,2,2,13
,2017_24231,39.699949,-104.907304,1/15/2017 13:56,13:56,3,0,0,LEETSDALE DRIVE 6800 BLOCK & ONEIDA STREET SOUTH,2,1,0,2,1,2,0,,65,0,0,0,0,0,2,2,6
,2017_24233,39.700012,-104.907489,5/26/2017 8:39,8:39,12,0,0,LEETSDALE DRIVE 6800 BLOCK & ONEIDA STREET SOUTH,1,1,0,0,1,4,0,,40,0,0,0,0,1,2,2,13
,2017_24234,39.700012,-104.907489,10/31/2017 7:25,7:25,15,0,0,PARKER ROAD 1000 BLOCK SOUTH & ONEIDA STREET SOUTH,1,1,0,0,1,4,0,,30,0,0,0,0,0,2,2,13
,2017_24235,39.700136,-104.907858,8/24/2017 15:06,15:06,12,0,0,LEETSDALE DRIVE 6800 BLOCK & ONEIDA STREET SOUTH,1,1,0,0,1,4,0,,35,0,0,0,0,1,2,2,13