id,drcog_id,latitude,longitude,crashtime,time,crashtype,numbkilled,numbinjurd,drcoglocat,rdconditin,lightngcon,roadcntgrd,weatherco,location,roaddescrp,constrzone,schoolzone,splimit,bikeinv,pedinv,sctrinv,motoinv,svrty,rdsystem,ttlvehcls,hcf
,2017_24236,39.700199,-104.908042,7/5/2017 11:35,11:35,15,0,0,LEETSDALE DRIVE & QUEBEC STREET SOUTH,1,1,0,0,1,4,0,,40,0,0,0,0,0,2,2,13
,2017_24237,39.700261,-104.908227,1/30/2017 7:58,7:58,12,0,0,LEETSDALE DRIVE & ONEIDA STREET SOUTH,1,1,0,0,1,1,0,,30,0,0,0,0,0,2,2,13
,2017_24238,39.700261,-104.908227,3/9/2017 17:12,17:12,15,0,0,ONEIDA STREET & LEETSDALE DRIVE,1,1,0,0,1,3,0,,,0,0,0,0,0,2,2,13
,2017_24239,39.700261,-104.908227,5/9/2017 16:12,16:12,12,0,0,LEETSDALE DRIVE & ONEIDA STREET SOUTH,1,1,0,0,1,1,0,,40,0,0,0,0,0,2,4,3
,2017_24241,39.700261,-104.908227,6/9/2017 10:54,10:54,12,0,0,LEETSDALE DRIVE & ONEIDA STREET SOUTH,1,1,0,0,1,3,0,,35,0,0,0,0,0,2,2,13
,2017_24242,39.700261,-104.908227,8/4/2017 16:27,16:27,12,0,0,LEETSDALE DRIVE 6900 BLOCK & ONEIDA STREET SOUTH,1,1,0,0,1,4,0,,35,0,0,0,0,0,2,3,13
,2017_24243,39.700386,-104.908596,4/25/2017 7:07,7:07,12,0,0,PARKER ROAD 1060 BLOCK SOUTH & QUEBEC STREET,1,1,0,0,1,4,0,,35,0,0,0,0,0,2,2,13
,2017_24244,39.700386,-104.908596,6/27/2017 18:37,18:37,12,0,0,LEETSDALE DRIVE & ONEIDA STREET SOUTH,1,1,0,0,1,4,0,,40,0,0,0,0,0,2,2,4
,2017_24245,39.700448,-104.908781,2/24/2017 14:37,14:37,12,0,0,LEETSDALE DRIVE 6900 BLOCK EAST & ONEIDA STREET SOUTH,1,1,0,0,1,4,0,,35,0,0,0,0,0,2,2,13
,2017_24246,39.700511,-104.908966,10/17/2017 9:17,9:17,12,0,0,LEETSDALE DRIVE 7000 BLOCK & ONEIDA STREET SOUTH,1,1,0,0,1,4,0,,35,0,0,0,0,0,2,2,3
,2017_24247,39.700636,-104.909335,2/20/2017 17:42,17:42,12,0,0,LEETSDALE DRIVE 700 BLOCK & ONEIDA STREET SOUTH,1,2,0,0,1,4,0,,25,0,0,0,0,1,2,3,3
,2017_24248,39.700698,-104.909519,7/12/2017 14:02,14:02,15,0,0,LEETSDALE DRIVE & MM 75.10,1,1,0,0,1,2,0,,35,0,0,0,0,0,2,2,13
,2017_24249,39.700991,-104.910243,2/28/2017 0:33,0:33,5,0,0,LEETSDALE DRIVE 6700 BLOCK EAST & NIAGARA STREET SOUTH,1,3,0,0,3,4,0,,35,0,0,0,0,1,2,1,1
,2017_24250,39.701082,-104.910423,3/27/2017 5:50,5:50,3,0,0,LEETSDALE DRIVE 6600 BLOCK & NIAGARA STREET SOUTH,1,3,0,0,1,2,0,,40,0,0,0,0,0,2,2,13
,2017_24251,39.701082,-104.910423,9/11/2017 8:55,8:55,12,0,0,LEETSDALE DRIVE 6800 BLOCK & ONEIDA STREET SOUTH,1,1,0,0,1,4,0,,,0,0,0,0,0,2,2,13
,2017_24252,39.701166,-104.910554,12/14/2017 17:06,17:06,12,0,0,LEETSDALE DRIVE & NIAGARA STREET SOUTH,1,3,0,0,1,4,0,,35,0,0,0,0,1,2,2,1
,2017_24253,39.701357,-104.910826,9/15/2017 17:24,17:24,12,0,0,LEETSDALE DRIVE & NIAGARA STREET SOUTH,1,1,0,0,1,4,0,,40,0,0,0,0,0,2,2,13
,2017_24254,39.701666,-104.911203,8/30/2017 9:09,9:09,1,0,0,LEETSDALE DRIVE & 6600 BLOCK,1,1,0,0,1,2,0,,35,0,0,0,0,0,2,2,13
,2017_24255,39.702079,-104.911706,6/22/2017 17:50,17:50,3,0,0,LEETSDALE DRIVE & MONACO STREET SOUTH,1,1,0,0,1,2,0,,5,0,0,0,0,0,2,2,13
,2017_24256,39.702492,-104.912209,4/10/2017 17:55,17:55,3,0,0,LEETSDALE DRIVE & MONACO STREET SOUTH,1,1,0,0,1,2,0,,30,0,0,0,0,0,2,2,13
,2017_24257,39.702492,-104.912209,4/10/2017 17:55,17:55,3,0,0,MONACO STREET SOUTH & LEETSDALE DRIVE,1,1,0,0,1,2,0,,30,0,0,0,0,0,2,2,13
,2017_24259,39.702492,-104.912209,10/7/2017 11:15,11:15,12,0,0,LEETSDALE DRIVE & MONACO STREET SOUTH,1,1,0,0,1,4,0,,35,0,0,0,0,0,2,2,13
,2017_24260,39.702582,-104.91232,9/27/2017 17:06,17:06,12,0,0,LEETSDALE DRIVE & MONACO STREET SOUTH,1,1,0,0,1,4,0,,35,0,0,0,0,0,2,2,13
,2017_24261,39.702686,-104.912473,8/10/2017 20:08,20:08,12,0,0,LEETSDALE DRIVE 6600 BLOCK & MONACO STREET SOUTH,1,3,0,0,1,4,0,,35,0,0,0,0,0,2,3,13
,2017_24262,39.702686,-104.912473,12/1/2017 23:26,23:26,14,0,0,LEETSDALE DRIVE & MONACO STREET SOUTH,1,3,0,0,1,4,0,,30,0,0,0,0,0,2,2,2
,2017_24263,39.70278,-104.91261,1/31/2017 10:40,10:40,12,0,0,LEETSDALE DRIVE 6400 BLOCK & MONACO STREET SOUTH,1,1,1,0,1,4,0,,35,0,0,0,0,0,2,3,13
,2017_24264,39.70278,-104.91261,4/3/2017 8:56,8:56,15,0,0,LEETSDALE DRIVE 6500 BLOCK & MONACO STREET SOUTH,1,1,0,0,1,3,0,,35,0,0,0,0,0,2,2,13
,2017_24265,39.702738,-104.912598,7/15/2017 14:46,14:46,3,0,0,LEETSDALE DRIVE & MONACO STREET SOUTH,1,1,0,0,1,2,0,,35,0,0,0,0,0,2,2,7
,2017_24266,39.70278,-104.91261,8/19/2017 10:11,10:11,12,0,0,LEETSDALE DRIVE 6400 BLOCK & MONACO STREET SOUTH,1,1,0,0,1,4,0,,30,0,0,0,0,1,2,2,13
,2017_24267,39.70278,-104.91261,8/19/2017 15:09,15:09,3,0,0,LEETSDALE DRIVE & MONACO STREET SOUTH,1,1,0,0,1,3,0,,25,0,0,0,0,0,2,2,8
,2017_24268,39.70278,-104.91261,9/30/2017 18:12,18:12,3,0,0,LEETSDALE DRIVE & MONACO STREET SOUTH 6600 BLOCK,1,2,0,0,1,2,0,,40,0,0,0,0,0,2,2,13
,2017_24269,39.702954,-104.912867,1/3/2017 16:54,16:54,15,0,0,MONACO STREET 700 BLOCK SOUTH & LEETSDALE DRIVE EAST,1,2,0,0,1,3,0,,35,0,0,0,0,0,2,2,7
,2017_24270,39.702954,-104.912867,1/6/2017 8:06,8:06,12,0,0,MONACO STREET SOUTH & LEETSDALE DRIVE EAST,6,1,0,0,1,3,0,,35,0,0,0,0,1,2,2,12
,2017_24271,39.702954,-104.912867,1/20/2017 14:41,14:41,3,0,0,LEETSDALE DRIVE 6600 BLOCK & MONACO STREET SOUTH,1,1,0,0,1,2,0,,85,0,0,0,0,0,2,2,14
,2017_24272,39.702954,-104.912867,2/14/2017 8:47,8:47,12,0,0,MONACO STREET SOUTH & LEETSDALE DRIVE,1,1,1,0,1,3,0,,35,0,0,0,0,0,2,3,13
,2017_24273,39.702954,-104.912867,3/3/2017 20:40,20:40,12,0,0,LEETSDALE DRIVE & MONACO STREET SOUTH,1,3,1,0,1,1,0,,35,0,0,0,0,0,2,2,2
,2017_24274,39.702954,-104.912867,3/22/2017 10:35,10:35,12,0,0,LEETSDALE DRIVE & MONACO STREET SOUTH,1,1,1,0,1,3,0,,35,0,0,0,0,0,2,2,13
,2017_24275,39.702954,-104.912867,3/22/2017 11:15,11:15,12,0,0,LEETSDALE DRIVE & MONACO STREET SOUTH,1,1,1,0,1,3,0,,35,0,0,0,0,0,2,2,13
,2017_24276,39.702954,-104.912867,4/14/2017 13:16,13:16,12,0,0,LEETSDALE DRIVE & MONACO STREET SOUTH,1,1,1,0,1,1,0,,35,0,0,0,0,0,2,2,13
,2017_24277,39.702954,-104.912867,4/20/2017 18:42,18:42,5,0,0,LEETSDALE DRIVE 6500 BLOCK & MONACO STREET SOUTH,2,1,1,1,2,1,0,,40,0,0,0,0,0,2,1,14
,2017_24278,39.702954,-104.912867,4/29/2017 11:55,11:55,12,0,0,LEETSDALE DRIVE & MONACO STS,2,1,0,2,1,1,0,,35,0,0,0,0,0,2,2,13
,2017_24279,39.702954,-104.912867,6/9/2017 9:02,9:02,12,0,0,LEETSDALE DRIVE & MONACO STREET SOUTH,1,1,1,0,1,3,0,,35,0,0,0,0,0,2,2,13
,2017_24280,39.702954,-104.912867,6/13/2017 16:13,16:13,12,0,0,LEETSDALE DRIVE EAST & MONACO STREET SOUTH,1,1,1,0,1,4,0,,35,0,0,0,0,0,2,3,3
,2017_24281,39.702954,-104.912867,7/1/2017 18:13,18:13,12,0,0,LEETSDALE DRIVE & MONACO STREET SOUTH,1,1,0,0,1,1,0,,30,0,0,0,0,0,2,2,14
,2017_24282,39.702954,-104.912867,7/29/2017 12:45,12:45,15,0,0,LEETSDALE DRIVE 6500 BLOCK & MONACO STREET SOUTH,1,1,0,1,1,3,0,,35,0,0,0,0,0,2,2,13
,2017_24283,39.702954,-104.912867,8/21/2017 12:55,12:55,12,0,0,LEETSDALE DRIVE & MONACO STREET SOUTH,1,1,0,0,1,1,0,,30,0,0,0,0,0,2,3,13
,2017_24284,39.702954,-104.912867,9/3/2017 10:55,10:55,3,0,0,LEETSDALE DRIVE & MONACO SOUTH PARKWAY,1,1,0,0,1,2,0,,35,0,0,0,0,0,2,2,13
,2017_24285,39.702954,-104.912867,9/11/2017 14:40,14:40,12,0,0,LEETSDALE DRIVE 6500 BLOCK & MONACO STREET SOUTH,1,1,0,0,1,3,0,,30,0,0,0,0,1,2,2,4
,2017_24286,39.702954,-104.912867,10/1/2017 21:07,21:07,15,0,0,LEETSDALE DRIVE & MONACO STREET SOUTH,2,3,0,1,1,3,0,,30,0,0,0,0,0,2,2,13
,2017_24287,39.702954,-104.912867,11/6/2017 10:06,10:06,15,0,0,MONACO STREET SOUTH & LEETSDALE DRIVE,1,1,1,0,1,1,0,,35,0,0,0,0,0,2,2,9
,2017_24288,39.702954,-104.912867,11/8/2017 6:09,6:09,3,0,0,LEETSDALE DRIVE & MONACO STREET SOUTH,1,1,1,0,1,1,0,,35,0,0,0,0,0,2,2,13
,2017_24289,39.702954,-104.912867,11/11/2017 8:32,8:32,12,0,0,LEETSDALE DRIVE & MONACO STREET SOUTH,1,1,1,0,1,1,0,,35,0,0,0,0,0,2,2,13
,2017_24290,39.70385,-104.914592,11/27/2017 14:37,14:37,3,0,0,EXPOSITION AVENUE EAST & LEETSDALE DRIVE,1,1,0,0,1,1,0,,35,0,0,0,0,0,2,2,3
,2017_24291,39.703045,-104.913041,3/8/2017 21:08,21:08,12,0,0,LEETSDALE DRIVE & LEETSDALE DRIVE 4400 BLOCK,1,1,0,0,1,4,0,,35,0,0,0,0,1,2,4,13
,2017_24292,39.703045,-104.913041,10/9/2017 7:45,7:45,12,0,0,LEETSDALE DRIVE 6500 BLOCK & MONACO STREET SOUTH,4,1,0,2,1,4,0,,30,0,0,0,0,0,2,2,13
,2017_24293,39.703286,-104.913507,5/14/2017 14:25,14:25,12,0,0,LEETSDALE DRIVE 6600 BLOCK & MONACO STREET SOUTH,1,1,0,0,1,4,0,,30,0,0,0,0,1,2,2,1
,2017_24294,39.703286,-104.913507,6/23/2017 16:25,16:25,12,0,0,LEETSDALE DRIVE & MONACO STREET SOUTH,1,1,0,0,1,3,0,,35,0,0,0,0,0,2,2,13
,2017_24295,39.703448,-104.913817,10/29/2017 19:55,19:55,8,0,0,LEETSDALE DRIVE & MONACO PARKWAY,1,4,0,0,1,2,0,,,0,0,0,0,0,2,2,13
,2017_24296,39.703609,-104.914127,1/6/2017 11:30,11:30,12,0,0,LEETSDALE DRIVE & LOCUST STREET SOUTH,4,1,1,0,1,1,0,,45,0,0,0,0,0,2,3,13
,2017_24297,39.703609,-104.914127,6/5/2017 17:09,17:09,12,0,0,LEETSDALE DRIVE 6400 BLOCK & LOCUST STREET SOUTH,1,1,0,0,1,4,0,,35,0,0,0,0,0,2,2,13
,2017_24298,39.703689,-104.914282,3/5/2017 16:55,16:55,3,0,0,LEETSDALE DRIVE 6600 BLOCK & MONACO STREET SOUTH,1,1,0,0,1,2,0,,35,0,0,0,0,1,2,2,13
,2017_24299,39.70385,-104.914592,1/20/2017 12:50,12:50,12,0,0,LEETSDALE 6300 BLOCK & EXPOISTION SOUTH,1,1,0,0,1,4,0,,35,0,0,0,0,1,2,2,3
,2017_24300,39.70385,-104.914592,5/9/2017 17:21,17:21,12,0,0,EXPOSITION AVENUE EAST & LEETSDALE DRIVE,1,1,0,0,1,1,0,,35,0,0,0,0,0,2,2,13
,2017_24301,39.70385,-104.914592,8/2/2017 9:15,9:15,12,0,0,EXPOSITION AVENUE 6400 BLOCK EAST & LEETSDALE DRIVE,1,1,0,0,1,4,0,,30,0,0,0,0,0,2,2,13
,2017_24302,39.70385,-104.914592,8/6/2017 18:13,18:13,12,0,0,LEETSDALE DRIVE & EXPOSITION AVENUE EAST,2,1,0,1,1,1,0,,35,0,0,0,0,0,2,3,13
,2017_24303,39.703931,-104.914747,11/21/2017 16:40,16:40,12,0,0,LEETSDALE DRIVE & EXPOSITION AVENUE EAST,1,1,0,0,1,4,0,,35,0,0,0,0,0,2,3,12
,2017_24304,39.705461,-104.917694,3/16/2017 15:56,15:56,10,0,0,LEETSDALE DRIVE & 6100 BLOCK,1,1,0,0,1,4,0,,,0,0,0,0,0,2,2,7
,2017_24305,39.705703,-104.91816,4/11/2017 8:21,8:21,3,0,1,LEETSDALE DRIVE & HOLLY STREET SOUTH,1,1,0,0,1,2,0,,35,0,0,0,0,2,2,2,13
,2017_24306,39.706106,-104.918935,11/29/2017 8:15,8:15,15,0,0,LEETSDALE DRIVE 5800 BLOCK EAST & JERSEY STREET SOUTH,1,1,0,0,1,4,0,,30,0,0,0,0,0,2,2,13
,2017_24307,39.706501,-104.919698,10/4/2017 7:19,7:19,12,0,0,LEETSDALE DRIVE & JERSEY STREET SOUTH,1,1,0,0,1,4,0,,35,0,0,0,0,0,2,2,3
,2017_24308,39.70655,-104.919792,4/20/2017 12:27,12:27,3,0,0,LEETSDALE DRIVE & JERSEY STREET SOUTH,1,1,0,0,1,1,0,,35,0,0,0,0,0,2,2,13
,2017_24309,39.70655,-104.919792,5/22/2017 17:03,17:03,12,0,0,LEETSDALE DRIVE & JERSEY STREET SOUTH,1,1,0,0,1,4,0,,35,0,0,0,0,0,2,2,13
,2017_24310,39.70655,-104.919792,8/11/2017 5:44,5:44,12,0,0,LEETSDALE DRIVE 5800 BLOCK & JERSEY STREET SOUTH,1,3,0,0,1,3,0,,35,0,0,0,0,1,2,2,13
,2017_24311,39.70655,-104.919792,9/6/2017 17:39,17:39,1,0,0,LEETSDALE DRIVE & JERSEY STREET SOUTH,1,1,0,0,1,1,0,,35,0,0,0,0,0,2,2,13
,2017_24312,39.70655,-104.919792,11/14/2017 8:08,8:08,12,0,0,LEETSDALE DRIVE & EXPOSITION AVENUE EAST,1,1,0,0,1,4,0,,35,0,0,0,0,0,2,2,13
,2017_24313,39.706598,-104.919887,3/19/2017 12:35,12:35,15,0,0,LEETSDALE DRIVE & JERSEY STREET SOUTH,1,1,0,0,1,4,0,,35,0,0,0,0,0,2,2,13
,2017_24314,39.706646,-104.919982,3/4/2017 20:23,20:23,12,0,1,LEETSDALE DRIVE 7100 BLOCK & QUEBEC STREET SOUTH,1,3,0,0,1,4,0,,40,0,0,0,0,2,2,2,13
,2017_24316,39.706646,-104.919982,8/31/2017 6:54,6:54,3,0,0,LEETSDALE DRIVE & JERSEY STREET,1,2,0,0,1,2,0,,35,0,0,0,0,0,2,2,13
,2017_24317,39.706742,-104.920172,4/6/2017 18:11,18:11,12,0,0,LEETSDALE DRIVE & JERSEY STREET SOUTH,1,2,0,0,1,4,0,,35,0,0,0,0,0,2,2,13
,2017_24318,39.706768,-104.920443,12/30/2017 17:50,17:50,12,0,0,LEETSDALE DRIVE & MM 76,1,3,0,0,1,2,0,,35,0,0,0,0,0,2,2,13
,2017_24319,39.706858,-104.92042,12/30/2017 17:55,17:55,12,0,0,LEETSDALE DRIVE & MM 76 APPROXIMATELY,1,3,0,0,1,2,0,,35,0,0,0,0,0,2,2,13
,2017_24320,39.70724,-104.921741,12/4/2017 16:40,16:40,1,0,0,LEETSDALE DRIVE & 560 HOLLY STREET SOUTH,1,2,0,0,1,2,0,,35,0,0,0,0,0,2,2,13
,2017_24321,39.707284,-104.921966,5/30/2017 10:15,10:15,12,0,0,LEETSDALE DRIVE & HOLLY STREET SOUTH,1,1,0,0,1,3,0,,35,0,0,0,0,0,2,3,3
,2017_24322,39.707328,-104.922192,1/12/2017 16:07,16:07,15,0,0,LEETSDALE DRIVE & HOLLY STREET SOUTH,2,1,1,2,1,3,0,,35,0,0,0,0,0,2,2,13
,2017_24323,39.707328,-104.922192,1/30/2017 8:14,8:14,1,0,0,LEETSDALE DRIVE EAST & HOLLY STREET SOUTH,1,1,0,0,1,1,0,,35,0,0,0,0,0,2,2,7
,2017_24324,39.707328,-104.922192,3/1/2017 15:20,15:20,1,0,0,LEETSDALE DRIVE & HOLLY STREET SOUTH,1,1,1,0,1,1,0,,35,0,0,0,0,0,2,2,13
,2017_24325,39.707328,-104.922192,6/2/2017 10:12,10:12,1,0,0,LEETSDALE DRIVE & HOLLY STREET SOUTH,1,1,0,0,1,1,0,,35,0,0,0,0,0,2,2,1
,2017_24326,39.707328,-104.922192,6/30/2017 16:08,16:08,15,0,0,LEETSDALE DRIVE & HOLLY STREET SOUTH,1,1,0,0,1,1,0,,40,0,0,0,0,0,2,2,14
,2017_24327,39.707328,-104.922192,7/12/2017 22:08,22:08,12,0,0,HIGHWAY 83A / LEETSDALE DRIVE & HOLLY STREET SOUTH,1,2,0,0,1,3,0,,30,0,0,0,0,0,2,2,3
,2017_24328,39.707328,-104.922192,11/2/2017 7:48,7:48,1,0,0,HOLLY STREET SOUTH & LEETSDALE DRIVE,1,1,0,0,1,1,0,,30,0,0,0,0,0,2,2,13
,2017_24329,39.707328,-104.922192,12/11/2017 16:26,16:26,12,0,0,HOLLY STREET SOUTH & LEETSDALE DRIVE,1,2,0,0,1,1,0,,30,0,0,0,0,0,2,2,14
,2017_24330,39.707328,-104.922192,12/18/2017 12:06,12:06,12,0,0,LEETSDALE DRIVE & HOLLY STREET SOUTH,1,1,1,0,1,3,0,,35,0,0,0,0,1,2,2,13
,2017_24331,39.70742,-104.92266,3/28/2017 16:58,16:58,12,0,0,LEETSDALE DRIVE 5600 BLOCK & HOLLY STREET SOUTH,2,1,1,1,1,4,0,,30,0,0,0,0,0,2,2,13
,2017_24332,39.70742,-104.92266,4/3/2017 14:54,14:54,12,0,0,LEETSDALE DRIVE & HOLLY STREET SOUTH,1,1,0,0,1,2,0,,25,0,0,0,0,0,2,2,13
,2017_24333,39.707476,-104.923007,1/25/2017 12:00,12:00,12,0,0,LEETSDALE DRIVE 5700 BLOCK & HOLLY STREET SOUTH,1,1,0,0,1,4,0,,35,0,0,0,0,1,2,2,13
,2017_24334,39.707534,-104.923367,8/23/2017 7:45,7:45,12,0,0,LEETSDALE DRIVE 5700 BLOCK & HOLLY STREET SOUTH,1,1,0,0,1,4,0,,35,0,0,0,0,0,2,2,7
,2017_24335,39.707534,-104.923367,10/21/2017 21:10,21:10,12,0,0,HUDSON STREET SOUTH & LEETSDALE DRIVE,1,3,0,0,1,1,0,,40,0,0,0,0,0,2,3,3
,2017_24336,39.707564,-104.923547,6/29/2017 12:10,12:10,12,0,0,LEETSDALE DRIVE 5400 BLOCK & HUDSON STREET SOUTH,1,1,0,0,1,4,0,,35,0,0,0,0,1,2,2,13
,2017_24337,39.707564,-104.923547,11/18/2017 19:22,19:22,5,0,1,LEETSDALE DRIVE 5400 BLOCK & HUDSON STREET SOUTH,1,3,0,0,3,4,0,,35,0,0,0,0,2,2,1,7
,2017_24338,39.707651,-104.924088,9/20/2017 13:04,13:04,15,0,0,LEETSDALE DRIVE & HOLLY STREET SOUTH,1,1,0,0,1,4,0,,35,0,0,0,0,0,2,2,13
,2017_24339,39.70768,-104.924268,6/12/2017 15:43,15:43,12,0,0,LEETSDALE DRIVE 5400 BLOCK EAST & HUDSON SOUTH,1,1,1,0,1,4,0,,35,0,0,0,0,0,2,3,12
,2017_24340,39.707739,-104.925438,4/29/2017 7:20,7:20,1,0,0,LEETSDALE DRIVE & FOREST STREET SOUTH,2,1,0,2,1,2,0,,60,0,0,0,0,1,2,2,13
,2017_24342,39.707862,-104.925355,5/5/2017 11:05,11:05,15,0,0,LEETSDALE DRIVE & FOREST STREET SOUTH,1,1,0,0,1,4,0,,35,0,0,0,0,1,2,2,13
,2017_24343,39.707999,-104.926091,9/15/2017 23:09,23:09,12,0,0,LEETSDALE DRIVE 5100 BLOCK & FOREST STREET SOUTH,1,3,0,0,1,4,0,,30,0,0,0,1,0,2,4,10
,2017_24344,39.708136,-104.926827,11/28/2017 18:06,18:06,15,0,0,LEETSDALE DRIVE & FOREST STREET SOUTH,1,3,0,0,1,4,0,,40,0,0,0,0,0,2,2,7
,2017_24345,39.70817,-104.92701,2/24/2017 18:36,18:36,1,0,0,LEETSDALE DRIVE & FOREST STREET SOUTH,1,3,0,0,1,1,0,,30,0,0,0,0,0,2,2,7
,2017_24346,39.70817,-104.92701,4/3/2017 13:09,13:09,14,0,0,LEETSDALE DRIVE EAST & FOREST STREET SOUTH,1,1,1,0,1,1,0,,35,0,0,0,0,0,2,2,3
,2017_24347,39.70817,-104.92701,4/25/2017 12:34,12:34,3,0,0,LEETSDALE DRIVE & FOREST STREET SOUTH,1,1,0,0,1,2,0,,30,0,0,0,0,0,2,2,7
,2017_24348,39.70817,-104.92701,5/22/2017 8:06,8:06,12,0,1,FOREST STREET SOUTH & LEETSDALE DRIVE,1,1,0,0,1,3,0,,35,0,0,0,0,2,2,2,13
,2017_24349,39.70817,-104.92701,6/11/2017 12:08,12:08,3,0,0,LEETSDALE DRIVE & FOREST STREET SOUTH,1,1,0,0,1,1,0,,30,0,0,0,0,0,2,2,14
,2017_24350,39.70817,-104.92701,7/18/2017 14:41,14:41,12,0,0,LEETSDALE DRIVE 5200 BLOCK EAST & FOREST STREET SOUTH,1,1,1,0,1,3,0,,40,0,0,0,0,0,2,2,13
,2017_24351,39.70817,-104.92701,7/23/2017 12:46,12:46,1,0,0,LEETSDALE DRIVE & FOREST STREET SOUTH,1,1,0,0,1,1,0,,35,0,0,0,0,0,2,2,13
,2017_24352,39.708238,-104.927379,1/28/2017 2:19,2:19,12,0,0,LEETSDALE DRIVE & FOREST STREET SOUTH,1,3,1,0,1,4,0,,40,0,0,0,0,0,2,2,3
,2017_24353,39.708238,-104.927379,4/20/2017 20:10,20:10,12,0,0,LEETSDALE DRIVE & FOREST STREET SOUTH,2,3,0,0,1,4,0,,35,0,0,0,0,0,2,2,13
,2017_24354,39.708375,-104.928114,5/16/2017 13:00,13:00,15,0,0,LEETSDALE DRIVE 5300 BLOCK & FOREST STREET SOUTH,1,1,1,0,1,4,0,,35,0,0,0,0,0,2,2,13
,2017_24355,39.708409,-104.928299,12/12/2017 9:19,9:19,12,0,0,LEETSDALE DRIVE 5300 BLOCK & FOREST STREET SOUTH,1,1,0,0,1,4,0,,35,0,0,0,0,0,2,2,3
,2017_24356,39.709165,-104.931536,6/15/2017 12:12,12:12,9,0,0,LEETSDALE DRIVE & DAHLIA STREET SOUTH,1,1,1,0,1,3,0,,35,0,0,0,0,1,2,1,6
,2017_24362,39.709165,-104.931536,7/21/2017 23:05,23:05,12,0,0,LEETSDALE DRIVE & DAHLIA STREET SOUTH,2,3,0,1,1,1,0,,35,0,0,0,0,0,2,2,7
,2017_24374,39.7112,-104.936323,1/17/2017 9:20,9:20,15,0,0,ALAMEDA AVENUE EAST & LEETSDALE DRIVE,4,1,1,0,1,1,0,,35,0,0,0,0,0,2,2,13
,2017_24376,39.7112,-104.936323,1/17/2017 16:49,16:49,15,0,0,ALAMEDA AVENUE 4400 WEST & LEETSDALE DRIVE,5,2,1,0,1,2,0,,35,0,0,0,0,0,2,2,14
,2017_24377,39.7112,-104.936323,3/13/2017 2:21,2:21,10,0,0,LEETSDALE DRIVE & ALAMEDA AVENUE EAST,1,3,0,0,1,1,0,,30,0,0,0,0,0,2,2,13
,2017_24379,39.7112,-104.936323,4/27/2017 11:50,11:50,15,0,0,ALAMEDA AVENUE EASTBOUND SLIP OFF & LEETSDALE DRIVE SEB,1,1,1,0,1,3,0,,35,0,0,0,0,0,2,2,13
,2017_24380,39.7112,-104.936323,9/1/2017 13:29,13:29,12,0,0,LEETSDALE DRIVE & ALAMEDA AVENUE EAST,1,1,0,0,1,1,0,,35,0,0,0,0,0,2,2,14
,2017_24381,39.7112,-104.936323,10/9/2017 14:00,14:00,3,0,0,ALAMEDA AVENUE EAST & LEETSDALE DRIVE,4,1,1,2,1,1,0,,35,0,0,0,0,0,2,2,13
,2017_24382,39.7112,-104.936323,10/9/2017 14:55,14:55,3,0,1,ALAMEDA AVENUE EAST & LEETSDALE DRIVE,2,1,1,2,1,1,0,,35,0,0,0,0,2,2,5,1
,2017_24383,39.7112,-104.936323,11/11/2017 0:00,0:00,12,0,0,LEETSDALE DRIVE & ALAMEDA AVENUE EAST,1,3,0,0,1,1,0,,30,0,0,0,0,0,2,2,13
,2017_24384,39.7112,-104.936323,12/8/2017 23:02,23:02,15,0,0,ALAMEDA AVENUE EAST & LEETSDALE DRIVE,1,3,0,0,1,3,0,,30,0,0,0,0,0,2,2,13
,2017_24386,39.71129,-104.936428,5/29/2017 22:35,22:35,12,0,0,ALAMEDA AVENUE EAST & LEETSDALE DRIVE,1,3,0,0,1,3,0,,30,0,0,0,0,0,2,2,3
,2017_24387,39.71129,-104.936428,10/23/2017 15:20,15:20,15,0,0,ALAMEDA AVENUE EAST & LEETSDALE DRIVE,1,1,0,0,1,1,0,,30,0,0,0,0,1,2,4,5
,2017_24388,39.711558,-104.936742,7/17/2017 23:20,23:20,15,0,0,LEETSDALE DRIVE & ALAMEDA AVENUE,1,3,0,0,1,4,0,,,0,0,0,0,0,2,2,13
,2017_24389,39.714088,-104.939624,6/28/2017 18:25,18:25,12,0,0,LEETSDALE DRIVE & SHANGRI LA DRIVE EAST,1,1,0,0,1,1,0,,35,0,0,0,0,0,2,2,13
,2017_24390,39.714088,-104.939624,8/7/2017 18:15,18:15,12,0,0,LEETSDALE DRIVE & SHANGRI LA DRIVE EAST,2,2,0,1,1,4,0,,35,0,0,0,0,1,2,3,13
,2017_24391,39.714712,-104.940368,5/28/2017 17:59,17:59,10,0,0,LEETSDALE DRIVE & BAYAUD AVENUE WEST OFFSET REF,1,1,0,0,1,4,0,,30,0,0,0,0,0,2,2,13
,2017_24392,39.714869,-104.940485,1/13/2017 8:05,8:05,15,0,0,LEETSDALE DRIVE & BAYAUD AVENUE EAST,1,1,0,0,1,1,0,,30,0,0,0,0,0,2,2,13
,2017_24393,39.714869,-104.940485,8/8/2017 10:59,10:59,15,0,0,LEETSDALE DRIVE & BAYAUD AVENUE EAST,1,1,0,0,1,1,0,,30,0,0,0,0,0,2,2,8
,2017_24394,39.714869,-104.940485,10/13/2017 7:00,7:00,15,0,0,LEETSDALE DRIVE 4000 BLOCK & COLORADO BOULEVARD SOUTH,1,1,0,0,1,3,0,,30,0,0,0,0,0,2,2,1
,2017_24395,39.714869,-104.940485,11/30/2017 13:10,13:10,15,0,0,LEETSDALE DRIVE 100 BLOCK & BAYAUD AVENUE EAST,1,1,0,0,1,3,0,,30,0,0,0,0,0,2,2,7