id,drcog_id,latitude,longitude,crashtime,time,crashtype,numbkilled,numbinjurd,drcoglocat,rdconditin,lightngcon,roadcntgrd,weatherco,location,roaddescrp,constrzone,schoolzone,splimit,bikeinv,pedinv,sctrinv,motoinv,svrty,rdsystem,ttlvehcls,hcf
,2017_24396,39.714999,-104.940582,1/25/2017 10:50,10:50,15,0,0,LEETSDALE DRIVE & COLORADO BOULEVARD SOUTH,1,1,1,0,1,3,0,,35,0,0,0,0,0,2,2,13
,2017_24397,39.714999,-104.940582,2/15/2017 6:36,6:36,12,0,0,LEETSDALE DRIVE / HIGHWAY 83 & COLORADO BOULEVARD SOUTH,1,2,0,0,1,3,0,,30,0,0,0,0,0,2,2,13
,2017_24398,39.714999,-104.940582,3/24/2017 11:50,11:50,12,0,1,LEETSDALE DRIVE & COLORADO BOULEVARD SOUTH,1,1,1,0,1,3,0,,60,0,0,0,0,2,2,2,13
,2017_24399,39.714999,-104.940582,7/12/2017 12:03,12:03,12,0,0,LEETSDALE DRIVE & COLORADO BOULEVARD SOUTH APPROXIMATELY,1,1,0,0,1,3,0,,30,0,0,0,0,1,2,2,13
,2017_24400,39.714999,-104.940582,12/22/2017 14:03,14:03,12,0,0,LEETSDALE DRIVE & COLORADO BOULEVARD SOUTH,1,1,1,0,1,1,0,,,0,0,0,0,1,2,2,13
,2017_24401,39.715124,-104.940627,5/31/2017 11:49,11:49,12,0,0,LEETSDALE DRIVE 100 BLOCK & COLORADO BOULEVARD SOUTH,1,1,0,0,1,1,0,,25,0,0,0,0,0,2,2,3
,2017_24402,39.715124,-104.940627,7/1/2017 15:27,15:27,15,0,0,LEETSDALE ROAD & COLORADO BOULEVARD SOUTH,1,1,0,0,1,4,0,,35,0,0,0,0,0,2,2,13
,2017_24403,39.715124,-104.940627,8/23/2017 14:44,14:44,15,0,0,LEETSDALE DRIVE & COLORADO BOULEVARD SOUTH,1,1,0,0,1,4,0,,35,0,0,0,0,0,2,2,13
,2017_24404,39.715124,-104.940627,10/5/2017 17:00,17:00,12,0,0,LEETSDALE DRIVE & COLORADO BOULEVARD SOUTH,1,1,1,0,1,3,0,,30,0,0,0,0,1,2,2,13
,2017_24405,39.715124,-104.940627,10/11/2017 12:30,12:30,12,0,0,LEETSDALE DRIVE & BAYAUD AVENUE EAST,1,1,1,0,1,3,0,,30,0,0,0,0,0,2,2,13
,2017_24407,39.715124,-104.940627,11/15/2017 13:39,13:39,12,0,0,LEETSDALE DRIVE & COLORADO BOULEVARD SOUTH,1,1,0,0,1,3,0,,30,0,0,0,0,0,2,2,8
,2017_24471,39.701663,-104.993659,9/18/2017 21:55,21:55,15,0,0,SANTA FE DRIVE SOUTH NORTHBOUND OFF RAMP & I25,1,3,0,0,1,8,0,,,0,0,0,0,0,2,2,13
,2017_25016,39.737983,-105.025273,9/25/2017 19:31,19:31,12,0,0,14TH AVENUE WEST & FEDERAL BOULEVARD NORTH,2,3,0,1,1,1,0,,,0,0,0,0,0,2,2,13
,2017_25068,39.732914,-105.025176,7/13/2017 15:50,15:50,3,0,0,FEDERAL BOULEVARD NORTH & 10TH AVENUE WEST,1,1,0,0,1,1,0,,,0,0,0,0,0,2,2,13
,2017_25079,39.671793,-104.994883,3/25/2017 22:45,22:45,15,0,0,SANTA FE DRIVE 2400 BLOCK SOUTH & HARVARD AVENUE EAST,1,3,0,0,1,4,0,,45,0,0,0,0,0,2,2,13
,2017_25093,39.671229,-104.995023,12/18/2017 14:30,14:30,12,0,0,SANTA FE DRIVE SOUTH & EVANS AVENUE WEST,1,1,0,0,1,3,0,,35,0,0,0,0,0,2,2,13
,2017_25100,39.668325,-104.99578,1/19/2017 15:40,15:40,12,0,0,SANTA FE DRIVE SOUTH & 2700 BLOCK SOUTH,1,1,0,0,1,4,0,,55,0,0,0,0,0,2,2,13
,2017_25101,39.668325,-104.99578,1/18/2017 16:35,16:35,12,0,0,SANTA FE DRIVE SOUTH & YALE AVENUE,1,1,0,0,1,1,0,,55,0,0,0,0,0,2,2,13
,2017_25102,39.668325,-104.99578,9/15/2017 13:36,13:36,12,0,1,SANTA FE DRIVE SOUTH & YALE,1,1,0,0,1,4,0,,35,0,0,0,0,2,2,3,13
,2017_25103,39.668464,-104.995744,8/17/2017 15:22,15:22,12,0,0,SANTA FE DRIVE SOUTH & 2700 BLOCK SOUTH,2,1,1,1,1,3,0,,55,0,0,0,0,0,2,2,13
,2017_25104,39.6704,-104.99524,6/27/2017 17:01,17:01,12,0,0,SANTA FE DRIVE SOUTH & HARVARD AVENUE WEST,1,1,0,0,1,4,0,,55,0,0,0,0,0,2,2,3
,2017_25105,39.671091,-104.995059,11/7/2017 17:55,17:55,12,0,0,SANTA FE DRIVE SOUTH & HARVARD AVENUE WEST,2,4,0,2,1,4,0,,55,0,0,0,0,0,2,2,13
,2017_25106,39.674839,-104.994178,7/6/2017 18:38,18:38,12,0,0,SANTA FE DRIVE SOUTH & EVANS AVENUE WEST,1,1,0,0,1,4,0,,55,0,0,0,0,0,2,2,1
,2017_25107,39.67716,-104.993641,7/24/2017 23:06,23:06,15,0,0,SANTA FE DRIVE SOUTH & EVANS AVENUE WEST,1,3,0,0,1,4,0,,45,0,0,0,0,0,2,2,13
,2017_25108,39.67745,-104.993574,9/24/2017 12:10,12:10,15,0,0,SANTA FE DRIVE SOUTH ON RAMP & EVANS AVENUE WEST,2,1,1,1,1,3,0,,20,0,0,0,0,1,2,2,13
,2017_25109,39.67774,-104.993507,5/25/2017 6:42,6:42,12,0,0,SANTA FE DRIVE SOUTH & EVANS AVENUE WEST,1,1,1,0,1,1,0,,30,0,0,0,0,0,2,2,13
,2017_25110,39.678171,-104.993401,1/20/2017 16:09,16:09,12,0,0,SANTA FE DRIVE RAMP SOUTH & EVANS AVENUE WEST,1,1,1,0,1,8,0,,30,0,0,0,0,1,2,2,14
,2017_25111,39.678309,-104.99336,8/17/2017 5:43,5:43,15,0,0,SANTA FE DRIVE SOUTH & EVANS AVENUE WEST,1,1,1,0,1,4,0,,35,0,0,0,0,0,2,2,8
,2017_25112,39.678309,-104.99336,6/13/2017 14:12,14:12,5,0,0,SANTA FE DRIVE SOUTH & EVANS AVENUE WEST,1,1,0,0,1,4,0,,55,0,0,0,0,0,2,2,13
,2017_25113,39.678447,-104.993319,1/10/2017 21:00,21:00,3,0,0,SANTA FE DRIVE SOUTH & EVANS AVENUE WEST,1,3,2,0,1,1,0,,35,0,0,0,0,0,2,2,13
,2017_25114,39.678447,-104.993319,1/22/2017 16:15,16:15,12,0,0,SANTA FE DRIVE 2100 BLOCK SOUTH & EVANS AVENUE EAST,1,1,1,0,1,1,0,,30,0,0,0,0,0,2,2,6
,2017_25115,39.678447,-104.993319,3/1/2017 16:39,16:39,15,0,0,EVANS AVENUE WEST & SANTA FE DRIVE SOUTH,1,1,1,0,1,4,0,,40,0,0,0,0,0,2,2,3
,2017_25116,39.678447,-104.993319,3/24/2017 1:06,1:06,9,0,0,SANTA FE DRIVE 2400 SOUTH & EVANS AVENUE WEST,1,1,0,0,1,4,0,,55,0,0,0,0,0,2,2,13
,2017_25117,39.678447,-104.993319,4/23/2017 23:16,23:16,15,0,0,SANTA FE DRIVE SOUTH & EVANS AVENUE WEST,1,3,0,0,1,1,0,,,0,0,0,0,0,2,2,13
,2017_25118,39.678447,-104.993319,5/5/2017 17:37,17:37,12,0,0,EVANS AVENUE 400 BLOCK EAST & SANTA FE DRIVE SOUTH,1,1,0,0,1,4,0,,35,0,0,0,0,1,2,2,16
,2017_25119,39.678447,-104.993319,6/25/2017 2:40,2:40,3,0,0,SANTA FE DRIVE SOUTH & EVANS AVENUE WEST,1,3,0,0,1,1,0,,30,0,0,0,0,0,2,2,13
,2017_25120,39.678447,-104.993319,7/5/2017 7:05,7:05,1,0,0,EVANS AVENUE WEST & SANTA FE DRIVE SOUTH NORTHBOUND RAMP ON,1,1,1,0,1,1,0,,35,0,0,0,0,1,2,3,14
,2017_25121,39.678447,-104.993319,7/11/2017 10:00,10:00,12,0,0,SANTA FE DRIVE SOUTH & EVANS AVENUE WEST,1,1,0,0,1,1,0,,,0,0,0,0,0,2,2,13
,2017_25122,39.678447,-104.993319,8/18/2017 10:12,10:12,15,0,0,SANTA FE DRIVE SOUTH & EVANS AVENUE WEST,1,1,1,0,1,4,0,,35,0,0,0,0,1,2,2,1
,2017_25123,39.678447,-104.993319,10/8/2017 15:00,15:00,12,0,0,SANTA FE DRIVE SOUTH & EVANS AVENUE WEST,1,1,0,0,1,1,0,,,0,0,0,0,0,2,2,13
,2017_25124,39.678447,-104.993319,10/15/2017 8:40,8:40,12,0,0,EVANS AVENUE WEST & SANTA FE DRIVE SOUTH,1,1,0,0,1,1,0,,30,0,0,0,0,0,2,2,13
,2017_25125,39.678447,-104.993319,12/13/2017 7:34,7:34,3,0,0,SANTA FE DRIVE SOUTH & EVANS AVENUE WEST,1,1,1,0,1,1,0,,,0,0,0,0,0,2,2,13
,2017_25126,39.678447,-104.993319,5/11/2017 8:37,8:37,12,0,0,EVANS AVENUE WEST & SANTA FE DRIVE SOUTH NORTHBOUND RAMPS,1,1,0,0,1,1,0,,35,0,0,0,0,0,2,3,2
,2017_25127,39.681279,-104.992394,4/29/2017 1:07,1:07,12,0,0,EVANS AVENUE WEST & SANTA FE DRIVE SOUTH,4,3,1,2,1,4,0,,30,0,0,0,0,1,2,2,4
,2017_25128,39.682087,-104.992176,1/25/2017 7:56,7:56,12,0,0,SANTA FE DRIVE 1900 BLOCK SOUTH & EVANS AVENUE WEST,1,1,0,0,1,4,0,,55,0,0,0,0,0,2,3,1
,2017_25129,39.682087,-104.992176,10/20/2017 7:45,7:45,12,0,0,SANTA FE DE SOUTH & EVANS AVENUE,1,1,0,0,1,4,0,,55,0,0,0,0,0,2,3,13
,2017_25130,39.683535,-104.991998,7/21/2017 19:45,19:45,5,0,1,SANTA FE DRIVE SOUTH & JEWELL AVENUE WEST,1,1,0,0,3,4,0,,55,0,0,0,0,2,2,1,3
,2017_25131,39.684669,-104.991981,2/23/2017 7:07,7:07,15,0,0,SANTA FE DRIVE SOUTH & CHEROKEE STREET SOUTH,2,1,0,2,1,4,0,,65,0,0,0,0,0,2,2,14
,2017_25132,39.686936,-104.991949,9/1/2017 5:27,5:27,15,0,0,SANTA FE DRIVE SOUTH & IOWA AVENUE WEST,1,1,0,0,1,4,0,,45,0,0,0,0,0,2,2,13
,2017_25133,39.687062,-104.991947,6/13/2017 17:54,17:54,12,0,0,SANTA FE DRIVE SOUTH & IOWA AVENUE EAST,1,1,0,0,1,4,0,,40,0,0,0,0,0,2,3,13
,2017_25134,39.687188,-104.991945,10/13/2017 15:40,15:40,12,0,0,SANTA FE DRIVE SOUTH & IOWA AVENUE WEST,1,1,0,0,1,4,0,,55,0,0,0,0,0,2,2,12
,2017_25135,39.687188,-104.991945,11/10/2017 4:44,4:44,12,0,0,SANTA FE DRIVE 1600 BLOCK SOUTH & IOWA AVENUE WEST,1,3,0,0,1,4,0,,45,0,0,0,0,0,2,2,13
,2017_25136,39.687313,-104.991943,1/19/2017 19:43,19:43,12,0,0,SANTA FE DRIVE SOUTH & IOWA AVENUE WEST,1,3,0,0,1,4,0,,45,0,0,0,0,0,2,3,13
,2017_25137,39.687313,-104.991943,5/31/2017 7:55,7:55,15,0,0,SANTA FE DRIVE SOUTH & IOWA AVENUE WEST,1,1,0,0,1,4,0,,55,0,0,0,0,0,2,2,13
,2017_25138,39.687313,-104.991943,6/7/2017 16:35,16:35,12,0,0,SANTA FE DRIVE SOUTH & IOWA AVENUE WEST,1,1,0,0,1,4,0,,45,0,0,0,0,0,2,2,13
,2017_25139,39.687313,-104.991943,9/21/2017 8:55,8:55,15,0,0,SANTA FE DRIVE 1600 BLOCK SOUTH & IOWA AVENUE WEST,1,1,0,0,1,4,0,,45,0,0,0,0,0,2,2,13
,2017_25140,39.687439,-104.991942,1/2/2017 13:40,13:40,12,0,0,SANTA FE DRIVE SOUTH & IOWA AVENUE WEST,1,1,0,0,1,1,0,,55,0,0,0,0,0,2,2,13
,2017_25141,39.687439,-104.991942,2/17/2017 15:15,15:15,1,0,1,SANTA FE DRIVE SOUTH & IOWA AVENUE WEST,1,1,0,0,1,1,0,,55,0,0,0,0,2,2,2,1
,2017_25142,39.687439,-104.991942,3/2/2017 10:05,10:05,12,0,0,SANTA FE DRIVE 1500 BLOCK SOUTH & IOWA AVENUE WEST,1,1,0,0,1,3,0,,30,0,0,0,0,0,2,2,13
,2017_25143,39.687439,-104.991942,3/23/2017 14:00,14:00,3,0,0,SANTA FE DRIVE SOUTH & IOWA AVENUE WEST,1,1,0,0,1,1,0,,45,0,0,0,0,0,2,3,13
,2017_25145,39.687439,-104.991942,4/15/2017 5:51,5:51,15,0,0,SANTA FE DRIVE SOUTH & IOWA AVENUE WEST,1,1,0,0,1,1,0,,45,0,0,0,0,0,2,2,13
,2017_25146,39.687439,-104.991942,5/18/2017 9:53,9:53,12,0,0,SANTA FE DRIVE SOUTH & IOWA AVENUE WEST,2,1,0,2,1,3,0,,45,0,0,0,0,0,2,2,13
,2017_25147,39.687439,-104.991942,6/13/2017 19:58,19:58,1,0,0,SANTA FE DRIVE SOUTH & IOWA AVENUE WEST,1,1,0,0,1,1,0,,45,0,0,0,0,1,2,2,1
,2017_25148,39.687439,-104.991942,7/16/2017 21:09,21:09,12,0,0,SANTA FE DRIVE SOUTH & IOWA AVENUE WEST,1,3,0,0,1,1,0,,45,0,0,0,0,0,2,3,3
,2017_25149,39.687439,-104.991942,11/9/2017 11:50,11:50,12,0,1,SANTA FE DRIVE 1600 BLOCK SOUTH & IOWA AVENUE WEST,1,1,0,0,1,4,0,,35,0,0,0,0,2,2,2,3
,2017_25151,39.687439,-104.991942,11/19/2017 12:45,12:45,3,0,0,SANTA FE DRIVE SOUTH & IOWA AVENUE WEST,1,1,0,0,1,1,0,,35,0,0,0,0,0,2,2,13
,2017_25152,39.687439,-104.991942,11/29/2017 10:55,10:55,1,0,0,SANTA FE DRIVE SOUTH & IOWA AVENUE WEST,1,1,0,0,1,1,0,,55,0,0,0,0,0,2,2,13
,2017_25153,39.687439,-104.991942,12/21/2017 7:12,7:12,3,0,0,SANTA FE DRIVE SOUTH & IOWA AVENUE WEST,5,1,0,2,1,1,0,,35,0,0,0,0,0,2,2,13
,2017_25154,39.687565,-104.99194,12/21/2017 19:45,19:45,15,0,0,SANTA FE DRIVE SOUTH & IOWA AVENUE WEST,5,3,0,0,1,4,0,,,0,0,0,0,0,2,3,13
,2017_25155,39.687691,-104.991938,6/29/2017 16:27,16:27,15,0,0,SANTA FE DRIVE SOUTH & IOWA AVENUE WEST,1,1,0,0,1,4,1,,35,0,0,0,0,0,2,2,14
,2017_25156,39.687817,-104.991936,10/18/2017 14:48,14:48,15,0,0,SANTA FE DRIVE SOUTH & IOWA AVENUE WEST,1,1,0,0,1,4,0,,45,0,0,0,0,0,2,2,13
,2017_25157,39.687943,-104.991934,7/20/2017 7:51,7:51,12,0,0,SANTA FE DRIVE SOUTH & IOWA AVENUE WEST,1,1,0,0,1,4,0,,65,0,0,0,0,0,2,2,13
,2017_25158,39.688321,-104.991929,8/5/2017 16:26,16:26,15,0,0,SANTA FE DRIVE 1500 BLOCK SOUTH & FLORIDA AVENUE WEST,1,1,0,0,1,4,0,,45,0,0,0,0,0,2,2,13
,2017_25159,39.688926,-104.991947,12/13/2017 7:38,7:38,15,0,0,SANTA FE DRIVE SOUTH & FLORIDA AVENUE WEST,1,1,0,0,1,3,0,,,0,0,0,0,0,2,3,13
,2017_25160,39.689197,-104.992003,5/27/2017 12:50,12:50,15,0,0,SANTA FE DRIVE SOUTH & FLORIDA AVENUE WEST,2,1,0,1,1,4,0,,45,0,0,0,0,0,2,2,13
,2017_25161,39.689197,-104.992003,9/12/2017 15:03,15:03,15,0,0,SANTA FE DRIVE 1500 BLOCK SOUTH & FLORIDA AVENUE WEST,1,1,0,0,1,4,0,,40,0,0,0,0,0,2,2,13
,2017_25162,39.689339,-104.992036,6/3/2017 13:55,13:55,12,0,0,SANTA FE DRIVE SOUTH & FLORIDA AVENUE WEST,1,1,0,0,1,3,0,,45,0,0,0,0,0,2,2,1
,2017_25163,39.689481,-104.99207,1/26/2017 21:48,21:48,12,0,0,SANTA FE DRIVE SOUTH & FLORIDA AVENUE WEST,1,3,0,0,1,1,0,,45,0,0,0,0,0,2,2,13
,2017_25164,39.689481,-104.99207,2/7/2017 11:35,11:35,12,0,0,PLATTE RIVER DRIVE S1400 BLOCK & FLORIDA AVENUE WEST,1,1,0,0,1,3,0,,30,0,0,0,0,0,2,2,13
,2017_25165,39.689481,-104.99207,3/11/2017 4:20,4:20,3,0,0,FLORIDA AVENUE WEST & SANTA FE DRIVE SOUTH,1,3,0,0,1,1,0,,45,0,0,0,0,0,2,2,13
,2017_25166,39.689481,-104.99207,6/30/2017 1:13,1:13,14,0,0,SANTA FE DRIVE SOUTH & FLORIDA AVENUE WEST,2,3,0,1,1,1,0,,35,0,0,0,0,1,2,2,5
,2017_25167,39.689481,-104.99207,7/2/2017 13:23,13:23,8,0,0,SANTA FE DRIVE SOUTH & FLORIDA AVENUE WEST,1,1,0,0,6,1,0,,45,0,0,0,0,0,2,2,13
,2017_25168,39.689481,-104.99207,7/28/2017 13:32,13:32,1,0,1,SANTA FE DRIVE SOUTH & FLORIDA AVENUE WEST,1,1,0,0,1,1,0,,45,0,0,0,0,2,2,3,7
,2017_25169,39.689481,-104.99207,8/26/2017 5:41,5:41,3,0,1,FLORIDA AVENUE WEST & SANTA FE DRIVE SOUTH,1,3,0,0,1,1,0,,45,0,0,0,0,2,2,2,13
,2017_25170,39.732914,-105.025176,8/26/2017 21:33,21:33,3,0,0,FEDERAL BOULEVARD NORTH & 10TH AVENUE WEST,1,3,0,0,1,3,0,,,0,0,0,0,1,2,2,13
,2017_25171,39.689481,-104.99207,8/28/2017 8:22,8:22,15,0,0,SANTA FE DRIVE 1400 BLOCK SOUTH & FLORIDA AVENUE WEST,1,1,0,0,1,3,0,,45,0,0,0,0,0,2,2,14
,2017_25172,39.689481,-104.99207,9/20/2017 16:17,16:17,12,0,0,SANTA FE DRIVE SOUTH & FLORIDA AVENUE WEST,1,1,0,0,1,4,0,,45,0,0,0,0,1,2,2,8
,2017_25173,39.689481,-104.99207,9/24/2017 19:48,19:48,3,0,0,SANTA FE DRIVE SOUTH & FLORIDA AVENUE WEST,2,3,0,1,1,1,0,,45,0,0,0,0,0,2,2,7
,2017_25174,39.689481,-104.99207,10/13/2017 5:07,5:07,5,0,1,SANTA FE DRIVE SOUTH & FLORIDA AVENUE WEST,1,3,0,0,3,1,0,,45,0,0,0,0,2,2,1,14
,2017_25175,39.689624,-104.992103,1/3/2017 9:49,9:49,12,0,0,SANTA FE DRIVE 1400 BLOCK SOUTH & FLORIDA AVENUE WEST,1,1,0,0,1,3,0,,45,0,0,0,0,0,2,3,3
,2017_25176,39.689624,-104.992103,2/12/2017 9:49,9:49,12,0,0,SANTA FE DRIVE SOUTH & FLORIDA AVENUE WEST,1,1,0,0,1,4,0,,45,0,0,0,0,0,2,2,13
,2017_25177,39.689624,-104.992103,6/14/2017 11:23,11:23,12,0,0,SANTA FE DRIVE SOUTH & FLORIDA AVENUE WEST,1,1,0,0,1,3,0,,45,0,0,0,0,1,2,2,3
,2017_25178,39.689624,-104.992103,8/17/2017 1:27,1:27,15,0,0,SANTA FE DRIVE 1300 BLOCK SOUTH & FLORIDA AVENUE WEST,1,3,0,0,1,4,0,,35,0,0,0,0,0,2,2,13
,2017_25179,39.689927,-104.992163,5/18/2017 15:35,15:35,5,0,0,SANTA FE DRIVE SOUTH & FLORIDA AVENUE WEST,2,1,0,2,1,4,0,,,0,0,0,0,0,2,2,13
,2017_25180,39.690641,-104.992241,4/13/2017 5:50,5:50,15,0,0,SANTA FE DRIVE SOUTH & ARKANSAS AVENUE WEST,1,2,0,0,1,4,0,,45,0,0,0,0,0,2,2,13
,2017_25181,39.690641,-104.992241,5/17/2017 15:30,15:30,12,0,0,SANTA FE DRIVE 1395 SOUTH & ARKANSAS AVENUE WEST,1,1,0,0,1,2,0,,45,0,0,0,0,0,2,2,13
,2017_25182,39.69082,-104.992261,12/23/2017 10:08,10:08,15,0,0,SANTA FE DRIVE SOUTH & ARKANSAS AVENUE EAST,1,1,0,0,1,4,0,,45,0,0,0,0,0,2,2,13
,2017_25184,39.693467,-104.992488,7/17/2017 6:10,6:10,15,0,0,PLATTE RIVER DRIVE SOUTH & SANTA FE DRIVE SOUTH,1,1,0,0,1,1,0,,45,0,0,0,0,0,2,2,16
,2017_25185,39.690999,-104.99228,12/8/2017 6:25,6:25,15,0,0,SANTA FE DRIVE SOUTH & ARKANSAS AVENUE WEST,1,3,0,0,1,4,0,,45,0,0,0,0,0,2,2,2
,2017_25186,39.691892,-104.992378,10/27/2017 7:59,7:59,5,0,0,SANTA FE DRIVE 1300 BLOCK SOUTH & LOUISIANA AVENUE EAST,1,1,0,0,3,4,0,,30,0,0,0,0,0,2,1,2
,2017_25187,39.692071,-104.992398,9/13/2017 22:09,22:09,14,0,0,SANTA FE DRIVE & 1400 BLOCK SOUTH APPROXIMATELY,1,3,0,0,1,4,0,,40,0,0,0,0,0,2,2,14
,2017_25188,39.692097,-104.992349,5/25/2017 17:46,17:46,3,0,0,SANTA FE DRIVE SOUTH & LOUISIANA AVENUE WEST,1,1,0,0,1,2,0,,45,0,0,0,0,0,2,2,13
,2017_25189,39.692725,-104.992466,8/6/2017 13:12,13:12,15,0,0,SANTA FE DRIVE SOUTH & FLORIDA AVENUE WEST,1,1,0,0,1,1,0,,,0,0,0,0,0,2,2,13
,2017_25190,39.692821,-104.99247,2/27/2017 8:06,8:06,15,0,0,SANTA FE DRIVE SOUTH & 1300 BLOCK SOUTH,1,1,0,0,1,4,0,,35,0,0,0,0,0,2,2,13
,2017_25191,39.693108,-104.992484,7/5/2017 7:15,7:15,15,0,0,SANTA FE DRIVE SOUTH & LOUISIANA AVENUE WEST,1,1,0,0,1,4,0,,40,0,0,0,0,0,2,2,13
,2017_25192,39.693108,-104.992484,12/11/2017 17:02,17:02,6,0,0,SANTA FE DRIVE SOUTH & LOUISIANA AVENUE,1,1,0,0,1,3,0,,45,0,0,0,0,0,2,2,13
,2017_25193,39.693204,-104.992488,12/20/2017 10:56,10:56,15,0,0,SANTA FE DRIVE SOUTH & LOUISIANA AVENUE,1,1,0,0,1,4,0,,45,0,0,0,0,0,2,2,3
,2017_25194,39.693318,-104.994258,1/3/2017 8:45,8:45,15,0,0,PLATTE RIVER DRIVE 1300 BLOCK SOUTH & FLORIDA AVENUE WEST,1,1,0,0,1,4,0,,35,0,0,0,0,0,2,2,1
,2017_25195,39.693317,-104.99249,5/27/2017 14:17,14:17,15,0,0,SANTA FE DRIVE SOUTH & LOUISIANA AVENUE WEST,2,1,0,1,1,4,0,,35,0,0,0,0,0,2,2,13
,2017_25196,39.693317,-104.99249,7/4/2017 21:39,21:39,5,0,1,SANTA FE DRIVE SOUTH & MM 209.70,1,3,0,0,2,4,0,,45,0,0,0,0,2,2,1,7
,2017_25197,39.693317,-104.99249,9/19/2017 11:30,11:30,6,0,0,SANTA FE DRIVE SOUTH 1200 BLOCK & LOUISIANA AVENUE WEST,1,1,1,0,1,4,0,,40,0,0,0,0,0,2,2,1
,2017_25198,39.693317,-104.99249,10/6/2017 16:43,16:43,10,0,0,SANTA FE DRIVE SOUTH & FLORIDA AVENUE WEST,1,1,0,0,1,2,0,,40,0,0,0,0,0,2,2,13
,2017_25199,39.694069,-104.992478,3/1/2017 22:35,22:35,3,0,0,SANTA FE DRIVE 1395 SOUTH & FLORIDA AVENUE WEST,1,3,0,0,1,2,0,,45,0,0,0,0,1,2,2,7
,2017_25200,39.694671,-104.992468,9/29/2017 13:40,13:40,15,0,1,SANTA FE DRIVE 1200 BLOCK SOUTH & ARIZONA AVENUE WEST,1,1,0,0,1,4,0,,35,0,0,0,0,2,2,2,8
,2017_25201,39.695116,-104.992428,9/27/2017 16:56,16:56,12,0,0,SANTA FE DRIVE 1100 BLOCK SOUTH & ARIZONA AVENUE WEST,2,1,0,1,1,4,0,,35,0,0,0,0,0,2,2,3
,2017_25202,39.695517,-104.992358,8/6/2017 18:40,18:40,5,0,0,SANTA FE DRIVE SOUTH & PLATTE RIVER DRIVE,2,1,0,1,3,4,0,,40,0,0,0,1,1,2,1,14
,2017_25203,39.695759,-104.992255,2/20/2017 16:45,16:45,15,0,0,SANTA FE DRIVE SOUTH & FLORIDA AVENUE WEST APPROXIMATELY,1,3,0,0,1,4,0,,45,0,0,0,0,1,2,2,13
,2017_25204,39.696,-104.992153,12/28/2017 16:56,16:56,15,0,0,PLATTE RIVER DRIVE & MISSISSIPPI AVENUE WEST,1,2,0,0,1,4,0,,45,0,0,0,0,0,2,2,1
,2017_25205,39.696242,-104.99205,7/26/2017 11:53,11:53,15,0,0,SANTA FE DRIVE SOUTH & MISSISSIPPI AVENUE WEST,1,1,0,0,1,4,0,,55,0,0,0,0,0,2,2,13
,2017_25206,39.696242,-104.99205,10/15/2017 14:46,14:46,5,0,1,SANTA FE DRIVE SOUTH & MISSISSIPPI AVENUE EAST,1,1,0,0,2,4,0,,45,0,0,0,1,2,2,1,13
,2017_25207,39.696362,-104.991999,8/31/2017 14:05,14:05,12,0,0,SANTA FE DRIVE SOUTH & SANTA FE DRIVE 1100 BLOCK SOUTH,1,1,0,0,1,3,0,,35,0,0,0,0,0,2,2,1
,2017_25208,39.696483,-104.991947,6/30/2017 5:20,5:20,12,0,0,PLATTE RIVER DRIVE & MISSISSIPPI AVENUE WEST,1,1,1,0,1,4,0,,45,0,0,0,0,1,2,3,8
,2017_25209,39.696679,-104.991877,1/4/2017 7:35,7:35,1,0,1,SANTA FE DRIVE SOUTH & MISSISSIPPI AVENUE WEST,1,2,0,0,1,1,0,,35,0,0,0,0,2,2,2,13
,2017_25210,39.696679,-104.991877,1/8/2017 4:30,4:30,12,0,0,SANTA FE DRIVE SOUTH & MISSISSIPI AVENUE WEST,1,3,0,0,1,1,0,,35,0,0,0,0,0,2,2,13
,2017_25211,39.696679,-104.991877,1/21/2017 21:40,21:40,12,0,0,SANTA FE DRIVE SOUTH & MISSISSIPPI AVENUE WEST,1,3,0,0,1,1,0,,,0,0,0,0,0,2,2,14
,2017_25212,39.696679,-104.991877,3/14/2017 12:05,12:05,15,0,0,SANTA FE DRIVE 1000 BLOCK SOUTH & MISSISSIPPI AVENUE WEST,1,1,0,0,1,3,0,,35,0,0,0,0,0,2,2,13
,2017_25213,39.696679,-104.991877,4/4/2017 21:10,21:10,3,0,0,PLATTE RIVER DRIVE SOUTH & MISSISSIPPI AVENUE WEST,2,3,0,2,1,1,0,,35,0,0,0,0,0,2,2,3
,2017_25214,39.696679,-104.991877,4/5/2017 3:10,3:10,15,0,1,SANTA FE DRIVE SOUTH & MISSISSIPPI AVENUE WEST,2,3,0,0,1,1,0,,35,0,0,0,0,2,2,3,13
,2017_25215,39.696679,-104.991877,4/9/2017 15:30,15:30,12,0,0,SANTA FE DRIVE SOUTH SOUTHBOUND & MISSISSIPPI AVENUE WEST,1,1,0,0,1,4,0,,55,0,0,0,0,0,2,2,13
,2017_25216,39.696679,-104.991877,4/9/2017 17:40,17:40,3,0,0,MISSISSIPPI AVENUE WEST & HIGHWAY 85B / PLATTE RIVER DRIVE SOUTH,4,1,0,0,1,1,0,,35,0,0,0,0,0,2,2,8
,2017_25217,39.696679,-104.991877,4/26/2017 10:33,10:33,3,0,0,MISSISSIPPI AVENUE WEST & HIGHWAY 85B / PLATTE RIVER DRIVE SOUTH,1,1,0,0,1,1,0,,35,0,0,0,0,0,2,2,1
,2017_25218,39.696679,-104.991877,4/27/2017 20:20,20:20,10,0,0,SANTA FE DRIVE SOUTH & MISSISSIPPI AVENUE WEST,1,3,3,0,1,1,0,,45,0,0,0,0,0,2,2,13
,2017_25219,39.696679,-104.991877,6/15/2017 13:05,13:05,10,0,0,PLATTE RIVER DRIVE SOUTH & MISSISSIPPI AVENUE WEST,1,1,0,0,1,1,0,,35,0,0,0,0,0,2,3,8