id,drcog_id,latitude,longitude,crashtime,time,crashtype,numbkilled,numbinjurd,drcoglocat,rdconditin,lightngcon,roadcntgrd,weatherco,location,roaddescrp,constrzone,schoolzone,splimit,bikeinv,pedinv,sctrinv,motoinv,svrty,rdsystem,ttlvehcls,hcf
,2017_25220,39.696679,-104.991877,6/26/2017 5:40,5:40,12,0,0,MISSISSIPPI AVENUE 900 BLOCK WEST & PLATTE RIVER DRIVE SOUTH,1,1,0,0,1,4,0,,30,0,0,0,0,0,2,2,14
,2017_25221,39.696679,-104.991877,6/27/2017 17:05,17:05,5,0,0,MISSISSIPPI AVENUE WEST & PLATTE RIVER DRIVE SOUTH,1,1,0,0,1,1,0,,45,0,0,0,0,0,2,1,13
,2017_25223,39.696679,-104.991877,6/29/2017 1:19,1:19,3,0,0,SANTA FE DRIVE SOUTH & MISSISSIPPI AVENUE WEST,1,3,0,0,1,3,0,,25,0,0,0,0,0,2,2,13
,2017_25224,39.696679,-104.991877,7/15/2017 21:02,21:02,1,0,0,SANTA FE DRIVE SOUTH & MISSISSIPPI AVENUE WEST,1,3,0,0,1,1,0,,,0,0,0,0,0,2,2,13
,2017_25225,39.696679,-104.991877,7/17/2017 0:30,0:30,3,0,0,PLATTE RIVER DRIVE SOUTH & MISSISSIPPI AVENUE WEST,1,3,0,0,1,1,0,,45,0,0,0,0,1,2,2,13
,2017_25226,39.696679,-104.991877,7/31/2017 14:31,14:31,1,0,0,MISSISSIPPI AVENUE WEST & SANTA FE DRIVE SOUTH,1,1,1,0,1,1,0,,30,0,0,0,0,0,2,2,13
,2017_25227,39.696679,-104.991877,8/7/2017 6:00,6:00,15,0,0,MISSISSIPPI AVENUE & SANTA FE DRIVE SOUTH,2,1,0,1,1,4,0,,,0,0,0,0,0,2,2,13
,2017_25228,39.696679,-104.991877,8/9/2017 15:01,15:01,15,0,0,SANTA FE DRIVE SOUTH & MISSISSIPPI AVENUE WEST,1,1,0,0,1,3,0,,35,0,0,0,0,0,2,2,1
,2017_25229,39.696679,-104.991877,8/9/2017 23:45,23:45,15,0,0,MISSISSIPPI AVENUE WEST & PLATTE RIVER DRIVE SOUTH,1,3,0,0,1,1,0,,35,0,0,0,0,0,2,2,7
,2017_25230,39.696679,-104.991877,8/20/2017 7:00,7:00,3,0,0,MISSISSIPPI AVENUE WEST & PLATTE RIVER DRIVE SOUTH,1,1,0,0,1,1,0,,45,0,0,0,0,0,2,2,13
,2017_25231,39.696679,-104.991877,8/29/2017 6:13,6:13,12,0,0,SANTA FE DRIVE 1100 BLOCK SOUTH & MISSISSIPPI AVENUE WEST,1,1,0,0,1,3,0,,45,0,0,0,0,0,2,2,13
,2017_25232,39.696679,-104.991877,8/29/2017 19:33,19:33,3,0,0,MISSISSIPPI AVENUE WEST & PLATTE RIVER DRIVE SOUTH,1,3,0,0,1,1,0,,15,0,0,0,0,0,2,2,13
,2017_25233,39.696679,-104.991877,9/10/2017 9:20,9:20,3,0,0,PLATTE RIVER DRIVE SOUTH & MISSISSIPPI AVENUE WEST,1,1,0,0,1,1,0,,35,0,0,0,0,0,2,2,13
,2017_25234,39.696679,-104.991877,9/13/2017 15:50,15:50,12,0,0,PLATTE RIVER DRIVE SOUTH & MISSISSIPPI AVENUE WEST,1,1,0,0,1,4,0,,35,0,0,0,0,0,2,2,3
,2017_25235,39.696679,-104.991877,9/21/2017 16:58,16:58,12,0,0,PLATTE RIVER DRIVE SOUTH & MISSISSIPPI AVENUE WEST,1,1,0,0,1,1,0,,30,0,0,0,0,0,2,2,5
,2017_25236,39.696679,-104.991877,10/5/2017 20:20,20:20,15,0,1,SANTA FE DRIVE SOUTH & MISSISSIPPI AVENUE WEST,1,3,0,0,1,3,0,,40,0,0,0,0,2,2,2,8
,2017_25237,39.696679,-104.991877,10/11/2017 15:09,15:09,1,0,0,MISSISSIPPI AVENUE WEST & PLATTE RIVER DRIVE SOUTH,1,1,0,0,1,1,0,,30,0,0,0,0,0,2,2,8
,2017_25238,39.696679,-104.991877,10/21/2017 12:00,12:00,15,0,0,PLATTE RIVER DRIVE SOUTH & MISSISSIPPI AVENUE WEST,1,1,0,0,1,1,0,,45,0,0,0,0,0,2,2,5
,2017_25239,39.696679,-104.991877,11/11/2017 9:06,9:06,12,0,0,PLATTE RIVER DRIVE SOUTH & MISSISSIPPI AVENUE WEST,1,1,0,0,1,3,0,,45,0,0,0,0,0,2,2,13
,2017_25240,39.696679,-104.991877,11/24/2017 11:45,11:45,9,0,0,PLATTE RIVER DRIVE SOUTH & MISSISSIPPI AVENUE WEST,1,1,0,6,3,3,0,,40,0,0,0,0,1,2,1,14
,2017_25241,39.696679,-104.991877,11/25/2017 17:15,17:15,15,0,0,SANTA FE DRIVE SOUTH & MISSISSIPPI AVENUE WEST,1,3,0,0,1,3,0,,35,0,0,0,0,0,2,2,13
,2017_25242,39.696679,-104.991877,11/26/2017 19:50,19:50,3,0,0,PLATTE RIVER DRIVE SOUTH & MISSISSIPPI AVENUE WEST,1,3,0,0,1,1,0,,55,0,0,0,0,1,2,2,7
,2017_25243,39.696679,-104.991877,12/11/2017 16:20,16:20,12,0,0,SANTA FE DRIVE SOUTH & MISSISSIPPI AVENUE WEST,1,1,0,0,1,1,0,,40,0,0,0,0,0,2,2,3
,2017_25244,39.696679,-104.991877,12/25/2017 9:30,9:30,3,0,0,PLATTE RIVER DRIVE SOUTH & MISSISSIPPI AVENUE WEST,1,1,0,0,1,1,0,,45,0,0,0,0,0,2,2,7
,2017_25245,39.696763,-104.991852,2/22/2017 22:10,22:10,15,0,0,SANTA FE DRIVE 1000 BLOCK SOUTH & MISSISSIPPI AVENUE WEST,1,3,0,7,1,4,0,,35,0,0,0,0,0,2,2,13
,2017_25246,39.696763,-104.991852,5/16/2017 7:56,7:56,15,0,0,SANTA FE DRIVE SOUTH & MISSISSIPPI AVENUE WEST,1,1,0,0,1,4,0,,,0,0,0,0,0,2,2,14
,2017_25247,39.701112,-104.993351,6/15/2017 17:20,17:20,5,0,0,SANTA FE DRIVE SOUTH & MISSISSIPPI AVENUE WEST,1,1,0,0,2,4,0,,35,0,0,0,0,0,2,1,2
,2017_25248,39.696847,-104.991827,1/30/2017 22:03,22:03,15,0,0,SANTA FE DRIVE SOUTH & MISSISSIPPI AVENUE WEST,1,3,0,0,1,4,1,,35,0,0,0,0,0,2,2,13
,2017_25250,39.696847,-104.991827,6/27/2017 11:23,11:23,15,0,0,SANTA FE DRIVE 1000 BLOCK SOUTH & MISSISSIPPI AVENUE WEST,1,1,0,0,1,4,0,,35,0,0,0,0,0,2,2,14
,2017_25251,39.696847,-104.991827,9/19/2017 10:06,10:06,15,0,0,SANTA FE DRIVE 1000 BLOCK SOUTH & MISSISSIPPI AVENUE WEST,1,1,0,0,1,4,0,,25,0,0,0,0,0,2,2,14
,2017_25253,39.697494,-104.991759,6/23/2017 10:49,10:49,12,0,0,SANTA FE DRIVE 900 BLOCK SOUTH & MISSISSIPPI AVENUE EAST,1,1,0,0,1,4,0,,30,0,0,0,0,0,2,2,2
,2017_25254,39.69847,-104.991796,2/13/2017 7:39,7:39,12,0,1,PLATTE RIVER DRIVE SOUTH & TENNESSEE AVENUE WEST,1,1,1,0,1,3,0,,45,0,0,0,0,2,2,5,1
,2017_25255,39.698766,-104.991856,4/5/2017 9:01,9:01,15,0,0,SANTA FE DRIVE 1000 BLOCK SOUTH & MISSISSIPPI AVENUE WEST,1,1,0,0,1,4,0,,40,0,0,0,0,0,2,2,13
,2017_25256,39.69991,-104.992333,2/15/2017 15:05,15:05,12,0,0,SANTA FE DRIVE 1660 BLOCK SOUTH & CHEROKEE STREET SOUTH,1,1,0,0,1,4,0,,40,0,0,0,0,0,2,3,13
,2017_25257,39.70097,-104.993107,12/5/2017 17:05,17:05,12,0,0,PLATTE RIVER DRIVE WEST & TENNESSEE AVENUE WEST,1,2,0,0,1,4,0,,45,0,0,0,0,0,2,3,3
,2017_25258,39.701201,-104.993291,10/12/2017 14:15,14:15,15,0,0,SANTA FE DRIVE SOUTH MERGE LANES TO & I25 NORTHBOUND RAMP,1,1,0,0,1,4,0,,35,0,0,0,0,0,2,2,3
,2017_25259,39.701663,-104.993659,10/19/2017 15:51,15:51,12,0,0,SANTA FE DRIVE SOUTH & I25 HIGHWAY NORTHBOUND ON RAMP,1,1,0,0,1,4,0,,35,0,0,0,0,0,2,2,3
,2017_25260,39.702652,-104.994415,10/31/2017 23:10,23:10,5,0,0,SANTA FE DRIVE SOUTH & I25 NORTHBOUND RAMP ON GORE APPROXIMATELY,1,3,0,0,3,4,0,,45,0,0,0,0,1,2,1,12
,2017_25261,39.701893,-104.993843,1/1/2017 20:10,20:10,12,0,0,SANTA FE DRIVE SOUTH  & I25 NORTHBOUND & SOUTHBOUND RAMPS EXIT GORE,1,4,1,0,1,4,0,,45,0,0,0,0,0,2,2,13
,2017_25262,39.702816,-104.994579,1/13/2017 7:57,7:57,5,0,0,SANTA FE DRIVE 500 BLOCK SOUTH & MISSISSIPPI AVENUE WEST,1,1,1,0,2,4,0,,15,0,0,0,0,0,2,1,5
,2017_25263,39.702816,-104.994579,3/31/2017 7:24,7:24,15,0,0,SANTA FE DRIVE SOUTH & I25 INTRCHG,1,1,0,0,1,4,1,,55,0,0,0,0,0,2,2,1
,2017_25265,39.70325,-104.994924,1/17/2017 12:54,12:54,12,0,0,PLATTE RIVER DRIVE SOUTH & TENNESSEE AVENUE WEST,1,1,0,0,1,4,0,,40,0,0,0,0,0,2,2,3
,2017_25266,39.703732,-104.995194,8/13/2017 2:03,2:03,15,0,0,SANTA FE DRIVE SOUTH & I25 SOUTHBOUND,1,4,1,0,1,4,0,,,0,0,0,0,0,2,3,13
,2017_25267,39.705073,-104.996142,12/26/2017 19:31,19:31,5,0,0,SANTA FE DRIVE I25 NORTHBOUND ON SOUTH & MISSISSIPPI AVENUE EAST,1,3,0,0,3,8,0,,45,0,0,0,0,1,2,1,5
,2017_25268,39.705945,-104.996711,6/16/2017 7:54,7:54,15,0,0,KALAMATH STREET SOUTH NEW CONFIG & I25 NORTHBOUND INTCH APPROXIMATELY,1,1,0,0,1,4,0,,40,0,0,0,0,0,2,2,13
,2017_25269,39.706228,-104.996737,3/5/2017 5:00,5:00,5,0,0,SANTA FE DRIVE SOUTH & MISSISSIPPI AVENUE WEST,1,3,0,0,2,4,0,,65,0,0,0,0,0,2,1,13
,2017_25270,39.706228,-104.996737,4/20/2017 17:53,17:53,12,0,0,SANTA FE DRIVE SOUTH & I25 INTRCHG,2,1,0,1,1,3,0,,35,0,0,0,0,1,2,3,13
,2017_25271,39.706366,-104.996695,6/3/2017 10:25,10:25,12,0,0,I25 NORTHBOUND ON RAMP & SANTA FE DRIVE INTERCHANGE,1,1,0,0,1,8,0,,55,0,0,0,0,1,2,2,13
,2017_25272,39.70589,-104.996799,2/17/2017 20:00,20:00,12,0,0,SANTA FE DRIVE SOUTH NEW CONFIG & I25,1,3,0,0,1,3,1,,30,0,0,0,0,0,2,2,5
,2017_25273,39.706901,-104.996487,3/9/2017 17:44,17:44,15,0,0,I25 & KALAMATH STREET SOUTH,1,2,1,0,1,1,0,,30,0,0,0,0,0,2,2,8
,2017_25274,39.70589,-104.996799,6/26/2017 12:51,12:51,12,0,0,SANTA FE DRIVE SOUTH NEW CONFIG & I25,1,1,0,0,1,1,0,,35,0,0,0,0,0,2,2,14
,2017_25275,39.706901,-104.996487,7/21/2017 10:55,10:55,12,0,0,SANTA FE DRIVE SOUTH & I25,1,1,0,0,1,3,0,,30,0,0,0,0,1,2,2,13
,2017_25276,39.706901,-104.996487,8/30/2017 8:39,8:39,12,0,0,SANTA FE DRIVE SOUTH & I25,1,1,0,0,1,1,0,,35,0,0,0,0,0,2,3,13
,2017_25277,39.706901,-104.996487,11/1/2017 17:51,17:51,15,0,0,SANTA FE DRIVE SOUTH MERGE LANE & I25 NORTHBOUND / SOUTHBOUND EXIT GORE,1,1,0,0,1,4,0,,,0,0,0,0,0,2,2,13
,2017_25279,39.70649,-104.996766,11/2/2017 18:45,18:45,12,0,0,SANTA FE DRIVE SOUTH NEW CONFIG & I25 INTCH APPROXIMATELY,1,3,0,0,1,1,0,,65,0,0,0,0,1,2,3,13
,2017_25280,39.706901,-104.996487,11/17/2017 13:40,13:40,15,0,0,SANTA FE DRIVE SOUTH & I25,1,1,0,0,1,1,0,,30,0,0,0,0,0,2,2,1
,2017_25281,39.707166,-104.996384,11/13/2017 15:23,15:23,15,0,0,SANTA FE DRIVE SOUTH & WEST ALAMEDA AVENUE,1,1,0,0,1,4,0,,35,0,0,0,0,0,2,2,13
,2017_25282,39.707803,-104.996282,7/6/2017 8:48,8:48,12,0,0,SANTA FE DRIVE SOUTH & ALAMEDA AVENUE WEST APPROXIMATELY,1,1,0,0,1,4,0,,35,0,0,0,0,0,2,2,16
,2017_25284,39.708493,-104.996204,1/22/2017 0:22,0:22,15,0,0,SANTA FE DRIVE SOUTH & I25 SOUTHBOUND ON RAMP,1,3,0,0,1,1,0,,30,0,0,0,0,0,2,2,8
,2017_25285,39.706574,-104.996737,5/12/2017 13:11,13:11,3,0,0,SANTA FE DRIVE SOUTH NEW CONFIG & I25 NORTHBOUND RAMP OFF APPROXIMATELY,1,1,1,0,1,1,0,,30,0,0,0,0,0,2,2,13
,2017_25286,39.708817,-104.996168,10/13/2017 12:02,12:02,15,0,0,SANTA FE DRIVE SOUTH & I25 NORTHBOUND COLLECTOR K,1,1,0,0,1,1,0,,35,0,0,0,0,0,2,2,13
,2017_25287,39.708817,-104.996168,12/20/2017 13:13,13:13,15,0,0,KALAMATH STREET SOUTH & 500 BLOCK SOUTH,1,1,0,0,1,3,0,,35,0,0,0,0,0,2,2,13
,2017_25391,39.685957,-105.02503,2/16/2017 5:59,5:59,10,0,0,FEDERAL BOULEVARD SOUTH & MEXICO AVENUE WEST,1,3,1,0,1,3,0,,,0,0,0,0,0,2,2,13
,2017_25623,39.67476,-104.870723,11/28/2017 4:18,4:18,10,0,0,PARKER ROAD SOUTH & ILIFF AVENUE EAST,1,3,0,0,1,1,0,,35,0,0,0,0,0,2,2,1
,2017_25648,39.693123,-105.043743,1/17/2017 8:40,8:40,3,0,0,LOUISIANA AVENUE WEST & TENNYSON STREET SOUTH,5,1,1,0,1,1,0,,30,0,0,0,0,0,4,2,7
,2017_25721,39.738122,-105.025276,5/11/2017 14:38,14:38,15,0,0,FEDERAL BOULEVARD & HOWARD PLACE,1,1,1,0,1,2,0,,65,0,0,0,0,0,2,2,13
,2017_25722,39.700406,-105.025085,9/10/2017 20:31,20:31,15,0,0,KENTUCKY AVENUE WEST & FEDERAL BOULEVARD SOUTH,1,3,0,0,1,3,0,,,0,0,0,0,0,2,2,13
,2017_25723,39.738122,-105.025276,10/15/2017 12:53,12:53,15,0,0,FEDERAL BOULEVARD NORTH & 14TH AVENUE WEST,1,1,1,0,1,4,0,,35,0,0,0,0,0,2,2,13
,2017_25724,39.737797,-105.025283,12/22/2017 18:39,18:39,5,0,0,FEDERAL BOULEVARD NORTH & 14TH AVENUE WEST,1,4,0,0,2,4,0,,40,0,0,0,0,1,2,1,10
,2017_25725,39.738122,-105.025276,11/28/2017 16:15,16:15,15,0,0,FEDERAL BOULEVARD 1400 BLOCK NORTH & 14TH AVENUE WEST,1,1,1,0,1,4,0,,35,0,0,0,0,0,2,2,13
,2017_25726,39.737983,-105.025273,4/11/2017 12:50,12:50,12,0,0,FEDERAL BOULEVARD 1400 BLOCK NORTH & 14TH AVENUE WEST,1,1,1,0,1,4,0,,45,0,0,0,0,0,2,3,7
,2017_25727,39.737983,-105.025273,4/13/2017 15:50,15:50,1,0,0,HOWARD PLACE WEST & FEDERAL BOULEVARD NORTH,1,1,0,0,1,1,0,,35,0,0,0,0,0,2,2,13
,2017_25728,39.698742,-104.903946,11/7/2017 18:22,18:22,3,0,0,LEETSDALE DRIVE & QUEBEC STREET SOUTH,1,3,1,2,1,2,0,,35,0,0,0,0,0,2,2,13
,2017_25729,39.737983,-105.025273,5/2/2017 7:02,7:02,15,0,0,FEDERAL BOULEVARD NORTH & HOWARD PLACE WEST,1,1,0,0,1,3,0,,35,0,0,0,0,0,2,2,13
,2017_25730,39.737983,-105.025273,5/3/2017 9:11,9:11,15,0,0,FEDERAL BOULEVARD NORTH & 14TH AVENUE WEST,2,1,0,1,1,1,0,,35,0,0,0,0,0,2,2,14
,2017_25731,39.737983,-105.025273,6/6/2017 21:36,21:36,15,0,0,FEDERAL BOULEVARD NORTH & 14TH AVENUE WEST / HOWARD PLACE WEST,1,3,1,0,1,1,0,,35,0,0,0,0,1,2,2,14
,2017_25732,39.737983,-105.025273,6/16/2017 10:48,10:48,1,0,1,FEDERAL BOULEVARD NORTH & 14TH AVENUE WEST,1,1,1,0,1,1,0,,35,0,0,0,0,2,2,2,7
,2017_25733,39.737983,-105.025273,7/21/2017 18:15,18:15,15,0,0,FEDERAL BOULEVARD NORTH & 14TH AVENUE WEST,1,1,0,0,1,4,0,,35,0,0,0,0,0,2,2,13
,2017_25734,39.737983,-105.025273,8/30/2017 10:59,10:59,1,0,0,14TH AVENUE WEST & FEDERAL BOULEVARD NORTH,1,1,0,0,1,1,0,,35,0,0,0,0,0,2,2,13
,2017_25735,39.737983,-105.025273,9/24/2017 7:55,7:55,1,0,0,FEDERAL BOULEVARD NORTH & 14TH AVENUE WEST,1,1,1,0,1,1,0,,35,0,0,0,0,0,2,2,1
,2017_25736,39.737983,-105.025273,10/10/2017 15:25,15:25,1,0,0,FEDERAL BOULEVARD NORTH & HOWARD PLACE WEST,1,1,1,0,1,1,0,,35,0,0,0,0,1,2,2,13
,2017_25737,39.737983,-105.025273,10/14/2017 20:00,20:00,12,0,0,FEDERAL BOULEVARD NORTH & 14TH AVENUE WEST,1,3,0,0,1,1,0,,,0,0,0,0,0,2,3,13
,2017_25738,39.737983,-105.025273,11/4/2017 2:12,2:12,12,0,2,FEDERAL BOULEVARD NORTH & HOWARD PLACE WEST,1,3,0,0,1,1,0,,35,0,0,0,0,2,2,2,5
,2017_25739,39.737983,-105.025273,11/10/2017 8:56,8:56,15,0,0,FEDERAL BOULEVARD NORTH & HOWARD PLACE WEST,1,1,0,0,1,1,0,,35,0,0,0,0,0,2,2,14
,2017_25740,39.737983,-105.025273,11/10/2017 12:04,12:04,1,0,0,FEDERAL BOULEVARD NORTH & 14TH AVENUE WEST / HOWARD PLACE WEST,1,1,1,0,1,1,0,,35,0,0,0,0,0,2,2,13
,2017_25741,39.737983,-105.025273,12/8/2017 16:49,16:49,1,0,0,FEDERAL BOULEVARD NORTH & 14TH AVENUE WEST,1,1,0,0,1,1,0,,35,0,0,0,0,1,2,2,13
,2017_25742,39.737983,-105.025273,12/17/2017 12:20,12:20,12,0,0,FEDERAL BOULEVARD 1300 BLOCK NORTH & HOWARD PLACE WEST,1,1,0,0,1,3,0,,35,0,0,0,0,0,2,2,13
,2017_25743,39.737797,-105.025283,10/15/2017 14:20,14:20,15,0,0,FEDERAL BOULEVARD 1300 BLOCK NORTH & HOWARLD PLACE,1,1,1,0,1,4,0,,5,0,0,0,0,0,2,2,7
,2017_25744,39.737432,-105.025303,7/21/2017 22:48,22:48,12,0,0,FEDERAL BOULEVARD 1300 BLOCK NORTH & 14TH AVENUE WEST,2,3,0,1,1,4,0,,35,0,0,0,1,1,2,2,13
,2017_25745,39.735778,-105.025313,8/15/2017 17:48,17:48,12,0,0,FEDERAL BOULEVARD 1200 NORTH & HOLDEN PLACE WEST,1,1,1,0,1,4,0,,35,0,0,0,0,1,2,3,13
,2017_25746,39.735778,-105.025313,10/29/2017 17:38,17:38,9,0,0,HOLDEN PLACE WEST & NORTH FEDERAL BOULEVARD,1,1,0,0,1,4,0,,,0,0,0,1,1,2,1,13
,2017_25747,39.735634,-105.025303,4/29/2017 11:37,11:37,3,0,0,HOLDEN PLACE WEST & FEDERAL BOULEVARD NORTH,4,1,0,2,1,1,0,,35,0,0,0,0,0,2,2,13
,2017_25748,39.698634,-105.025078,6/3/2017 6:00,6:00,5,0,0,FEDERAL BOULEVARD SOUTH & TENNESSEE AVENUE WEST,1,3,0,0,3,1,0,,,0,0,0,0,0,2,1,13
,2017_25749,39.735634,-105.025303,11/29/2017 17:58,17:58,12,0,0,HOLDEN PLACE WEST & FEDERAL BOULEVARD NORTH,1,3,0,0,1,4,0,,35,0,0,0,0,1,2,4,3
,2017_25750,39.735059,-105.025262,9/29/2017 12:28,12:28,15,0,0,FEDERAL BOULEVARD NORTH & 12TH AVENUE WEST,1,1,1,0,1,4,0,,35,0,0,0,0,0,2,2,13
,2017_25751,39.734758,-105.025171,3/22/2017 15:30,15:30,3,0,0,12TH AVENUE WEST & FEDERAL BOULEVARD NORTH,1,1,1,0,1,1,0,,25,0,0,0,0,0,2,2,13
,2017_25752,39.734758,-105.025171,9/22/2017 7:45,7:45,12,0,0,12TH AVENUE WEST & FEDERAL BOULEVARD NORTH,1,1,0,0,1,4,0,,,0,0,0,0,0,2,2,13
,2017_25753,39.733777,-105.025174,5/28/2017 19:48,19:48,3,0,0,FEDERAL BOULEVARD NORTH & 11TH AVENUE WEST,1,3,0,0,1,1,0,,35,0,0,0,0,0,2,2,13
,2017_25754,39.733777,-105.025174,11/3/2017 18:35,18:35,14,0,0,FEDERAL BOULEVARD NORTH & 11TH AVENUE WEST,1,3,0,0,1,4,0,,40,0,0,0,0,0,2,2,13
,2017_25755,39.733489,-105.025175,8/22/2017 17:00,17:00,12,0,0,FEDERAL BOULEVARD NORTH & 10TH AVENUE WEST,1,3,0,0,1,4,0,,35,0,0,0,0,0,2,2,13
,2017_25756,39.733345,-105.025175,3/17/2017 13:51,13:51,15,0,0,FEDERAL BOULEVARD & 800 BLOCK NORTH,1,1,1,0,1,4,0,,35,0,0,0,0,0,2,2,13
,2017_25757,39.733058,-105.025176,8/1/2017 10:28,10:28,12,0,0,FEDERAL BOULEVARD NORTH & 10TH AVENUE WEST,1,1,0,0,1,2,0,,35,0,0,0,0,0,2,2,13
,2017_25758,39.733058,-105.025176,8/8/2017 9:20,9:20,12,0,0,FEDERAL BOULEVARD 1000 BLOCK NORTH & 10TH AVENUE WEST,1,1,0,0,1,2,0,,35,0,0,0,0,0,2,2,13
,2017_25759,39.733058,-105.025176,11/3/2017 18:44,18:44,12,0,0,10TH AVENUE WEST & FEDERAL BOULEVARD NORTH,1,2,0,0,1,4,0,,,0,0,0,0,0,2,2,13
,2017_25760,39.732914,-105.025176,2/16/2017 16:46,16:46,12,0,0,10TH AVENUE WEST & FEDERAL BOULEVARD NORTH,1,1,0,0,1,1,0,,45,0,0,0,0,0,2,2,14
,2017_25761,39.732914,-105.025176,4/14/2017 8:52,8:52,12,0,0,10TH AVENUE WEST & FEDERAL BOULEVARD NORTH,1,1,0,0,1,3,0,,60,0,0,0,0,0,2,2,13
,2017_25762,39.732626,-105.025177,9/27/2017 8:50,8:50,15,0,0,FEDERAL BOULEVARD & 10TH AVENUE,2,1,0,0,1,4,0,,,0,0,0,0,0,2,3,13
,2017_25763,39.731188,-105.025182,4/8/2017 13:12,13:12,3,0,0,NINTH AVENUE WEST & FEDERAL BOULEVARD NORTH,1,1,0,0,1,1,0,,60,0,0,0,0,0,2,2,7
,2017_25764,39.731188,-105.025182,4/20/2017 17:04,17:04,10,0,0,NINTH AVENUE WEST & FEDERAL BOULEVARD NORTH,2,1,1,2,1,1,0,,25,0,0,0,0,0,2,2,13
,2017_25765,39.730163,-105.025167,11/10/2017 14:54,14:54,12,0,0,FEDERAL BOULEVARD NORTH & EIGHTH AVENUE WEST,1,1,0,0,1,4,0,,35,0,0,0,0,0,2,3,13
,2017_25766,39.660488,-105.025192,12/2/2017 16:21,16:21,1,0,0,FEDERAL BOULEVARD SOUTH & DARTMOUTH AVENUE WEST,1,2,1,0,1,1,0,,,0,0,0,0,0,2,2,13
,2017_25767,39.729577,-105.025158,5/6/2017 19:16,19:16,3,0,0,FEDERAL BOULEVARD NORTH & EIGHTH AVENUE WEST APPROXIMATELY,1,1,0,0,1,2,0,,,0,0,0,0,0,2,2,14
,2017_25768,39.729431,-105.025156,3/4/2017 8:38,8:38,12,0,0,FEDERAL BOULEVARD NORTH & EIGHTH AVENUE WEST,1,1,1,0,1,3,0,,35,0,0,0,0,0,2,2,5
,2017_25769,39.729431,-105.025156,5/25/2017 13:35,13:35,3,0,0,FEDERAL BOULEVARD NORTH & EIGHTH AVENUE WEST,1,1,0,0,1,2,0,,30,0,0,0,0,0,2,2,7
,2017_25770,39.729284,-105.025154,1/7/2017 0:16,0:16,5,0,0,FEDERAL BOULEVARD NORTH & EIGHTH AVENUE WEST,5,3,0,0,3,3,0,,35,0,0,0,0,0,2,1,13
,2017_25771,39.729284,-105.025154,3/31/2017 17:42,17:42,12,0,0,FEDERAL BOULEVARD NORTH & EIGHTH AVENUE WEST,2,1,1,1,1,1,0,,,0,0,0,0,0,2,2,13
,2017_25772,39.729284,-105.025154,5/18/2017 13:30,13:30,15,0,0,FEDERAL BOULEVARD NORTH & EIGHTH AVENUE WEST APPROXIMATELY,2,1,0,1,1,1,0,,30,0,0,0,0,0,2,2,13
,2017_25773,39.729284,-105.025154,8/3/2017 11:42,11:42,3,0,0,EIGHTH AVENUE WEST & FEDERAL BOULEVARD NORTH,1,1,1,0,1,1,0,,25,0,0,0,0,1,2,2,9
,2017_25774,39.729284,-105.025154,8/23/2017 8:05,8:05,1,0,0,FEDERAL BOULEVARD NORTH & EIGHTH AVENUE WEST,1,1,1,0,1,3,0,,35,0,0,0,0,0,2,2,13
,2017_25775,39.729284,-105.025154,8/30/2017 16:55,16:55,1,0,0,FEDERAL BOULEVARD NORTH & EIGHTH AVENUE WEST,1,1,0,0,1,1,0,,35,0,0,0,0,0,2,3,7
,2017_25776,39.729284,-105.025154,11/16/2017 16:55,16:55,15,0,0,EIGHTH AVENUE 2900 BLOCK WEST & FEDERAL BOULEVARD NORTH,1,2,1,0,1,4,0,,35,0,0,0,0,0,2,2,13
,2017_25777,39.729284,-105.025154,11/22/2017 17:23,17:23,12,0,0,EIGHTH AVENUE WEST & FEDERAL BOULEVARD NORTH,1,4,0,0,1,1,0,,25,0,0,0,1,0,2,2,13
,2017_25778,39.729284,-105.025154,12/12/2017 10:45,10:45,15,0,0,FEDERAL BOULEVARD NORTH & EIGHTH AVENUE WEST,1,5,0,0,1,3,0,,35,0,0,0,0,0,2,2,13
,2017_25779,39.729284,-105.025154,12/15/2017 14:20,14:20,3,0,0,FEDERAL BOULEVARD NORTH & EIGHTH AVENUE WEST,1,1,1,0,1,1,0,,35,0,0,0,0,0,2,2,13
,2017_25780,39.729137,-105.025151,3/26/2017 16:20,16:20,1,0,0,FEDERAL BOULEVARD 700 BLOCK NORTH & EIGHTH AVENUE WEST,1,1,0,0,1,4,0,,35,0,0,0,0,0,2,3,1
,2017_25781,39.728405,-105.02514,4/12/2017 18:49,18:49,3,0,0,FEDERAL BOULEVARD & SEVENTH AVENUE WEST,1,1,0,0,1,2,0,,35,0,0,0,0,0,2,2,13
,2017_25782,39.728405,-105.02514,9/21/2017 12:30,12:30,12,0,0,FEDERAL BOULEVARD NORTH & SERVERN PLACE WEST,1,1,0,0,1,4,0,,35,0,0,0,0,0,2,2,13
,2017_25783,39.728405,-105.02514,9/21/2017 12:30,12:30,12,0,0,FEDERAL BOULEVARD NORTH & SERVERN PLACE WEST,1,1,0,0,1,4,0,,35,0,0,0,0,0,2,2,13
,2017_25784,39.727965,-105.025134,9/21/2017 16:32,16:32,12,0,0,FEDERAL BOULEVARD NORTH & SIXTH AVENUE FWY WEST,1,1,0,0,1,4,0,,35,0,0,0,0,0,2,2,13
,2017_25785,39.727514,-105.025127,2/27/2017 15:15,15:15,15,0,0,FEDERAL BOULEVARD NORTH & SEVENTH AVENUE WEST,1,1,0,0,1,1,0,,35,0,0,0,0,0,2,2,7
,2017_25786,39.727514,-105.025127,5/2/2017 12:51,12:51,12,0,0,SECOND AVENUE WEST ROAD EAST & FEDERAL BOULEVARD NORTH,1,1,1,0,1,2,0,,25,0,0,0,0,0,2,2,13