id,drcog_id,latitude,longitude,crashtime,time,crashtype,numbkilled,numbinjurd,drcoglocat,rdconditin,lightngcon,roadcntgrd,weatherco,location,roaddescrp,constrzone,schoolzone,splimit,bikeinv,pedinv,sctrinv,motoinv,svrty,rdsystem,ttlvehcls,hcf
,2017_25788,39.727514,-105.025127,6/4/2017 21:45,21:45,15,0,0,FEDERAL BOULEVARD NORTH & SEVENTH AVENUE WEST,1,3,0,0,1,4,0,,35,0,0,0,0,0,2,2,14
,2017_25789,39.727514,-105.025127,11/15/2017 17:17,17:17,12,0,0,FEDERAL BOULEVARD 600 BLOCK NORTH & SEVENTH AVENUE WEST,1,1,1,0,1,4,0,,35,0,0,0,0,0,2,3,13
,2017_25790,39.727403,-105.025127,7/20/2017 10:15,10:15,15,0,0,FEDERAL BOULEVARD 600 BLOCK NORTH & SEVENTH AVENUE WEST,1,1,0,0,1,4,0,,35,0,0,0,0,0,2,2,8
,2017_25791,39.727403,-105.025127,11/2/2017 17:16,17:16,12,0,0,FEDERAL BOULEVARD 600 BLOCK NORTH & SEVENTH AVENUE WEST,1,1,1,0,1,4,0,,35,0,0,0,0,1,2,4,13
,2017_25792,39.725357,-105.025125,2/11/2017 18:02,18:02,10,0,0,FEDERAL BOULEVARD NORTH & SIXTH AVENUE WB RAMPS,1,2,0,0,1,1,0,,10,0,0,0,0,0,2,2,8
,2017_25793,39.725357,-105.025125,2/26/2017 11:07,11:07,3,0,0,FEDERAL BOULEVARD NORTH & SIXTH AVENUE WB RAMP OFF,1,1,1,0,1,1,0,,35,0,0,0,0,1,2,2,13
,2017_25794,39.725357,-105.025125,3/7/2017 17:12,17:12,1,0,0,FEDERAL BOULEVARD NORTH & SIXTH AVENUE WB OFF RAMP,1,2,1,0,1,1,0,,35,0,0,0,0,0,2,2,13
,2017_25795,39.725357,-105.025125,4/18/2017 10:14,10:14,3,0,0,FEDERAL BOULEVARD NORTH & SIXTH AVENUE WB OFF RAMP,1,1,0,0,1,1,0,,35,0,0,0,0,1,2,2,13
,2017_25796,39.725357,-105.025125,5/8/2017 10:34,10:34,3,0,0,FEDERAL BOULEVARD NORTH & SIXTH AVENUE WB RAMPS,1,1,0,0,1,1,0,,30,0,0,0,0,0,2,2,13
,2017_25797,39.725357,-105.025125,5/10/2017 20:43,20:43,12,0,0,FEDERAL BOULEVARD NORTH & SIXTH AVENUE WB RAMPS,2,3,0,1,1,3,0,,35,0,0,0,0,0,2,2,13
,2017_25798,39.725357,-105.025125,5/16/2017 9:52,9:52,15,0,0,FEDERAL BOULEVARD NORTH & SIXTH AVENUE WEST EASTBOUND OFF RAMP,1,1,0,0,1,4,0,,35,0,0,0,0,0,2,2,13
,2017_25799,39.725357,-105.025125,6/28/2017 10:53,10:53,3,0,0,FEDERAL BOULEVARD NORTH & SIXTH AVENUE WB RAMP OFF,1,1,0,0,1,1,0,,35,0,0,0,0,1,2,2,1
,2017_25800,39.725357,-105.025125,7/26/2017 15:00,15:00,3,0,0,FEDERAL BOULEVARD NORTH & SIXTH AVENUE WB RAMPS,1,1,0,0,1,1,0,,55,0,0,0,0,0,2,2,13
,2017_25801,39.725357,-105.025125,7/27/2017 16:29,16:29,15,0,0,FEDERAL BOULEVARD 600 BLOCK NORTH & SIXTH AVENUE FWY WEST,1,1,0,0,1,4,0,,35,0,0,0,0,0,2,2,14
,2017_25802,39.725357,-105.025125,8/9/2017 12:07,12:07,15,0,0,FEDERAL BOULEVARD NORTH & SIXTH AVENUE WB RAMPS,1,1,0,0,1,1,0,,35,0,0,0,0,0,2,2,14
,2017_25803,39.725357,-105.025125,8/30/2017 14:16,14:16,12,0,0,FEDERAL BOULEVARD NORTH & SIXTH AVENUE WB OFF RAMP,1,1,0,0,1,1,0,,35,0,0,0,0,0,2,2,3
,2017_25804,39.725357,-105.025125,9/15/2017 1:20,1:20,15,0,0,FEDERAL BOULEVARD NORTH & SIXTH AVENUE WB OFF RAMP,1,3,0,0,1,3,0,,,0,0,0,0,0,2,2,13
,2017_25805,39.725357,-105.025125,10/3/2017 16:00,16:00,15,0,0,FEDERAL BOULEVARD NORTH & SIXTH AVENUE WEST RAMP,1,1,0,0,1,1,0,,35,0,0,0,0,0,2,3,1
,2017_25806,39.725357,-105.025125,10/14/2017 7:25,7:25,3,0,0,FEDERAL BOULEVARD NORTH & SIXTH AVENUE WB RAMPS,1,1,0,0,1,1,0,,35,0,0,0,0,0,2,2,4
,2017_25807,39.725357,-105.025125,10/24/2017 6:18,6:18,1,0,0,FEDERAL BOULEVARD NORTH & SIXTH AVENUE WB RAMPS,1,3,0,0,1,1,0,,25,0,0,0,0,0,2,2,14
,2017_25808,39.725357,-105.025125,10/27/2017 16:04,16:04,15,0,0,FEDERAL BOULEVARD NORTH & SIXTH AVENUE WB RAMPS,1,1,0,0,1,1,0,,35,0,0,0,0,0,2,2,13
,2017_25809,39.725357,-105.025125,11/4/2017 2:10,2:10,12,0,0,FEDERAL BOULEVARD NORTH & SIXTH AVENUE WEST WB RAMPS,1,3,0,0,1,1,0,,35,0,0,0,0,0,2,2,5
,2017_25810,39.725357,-105.025125,11/16/2017 2:30,2:30,5,0,0,FEDERAL BOULEVARD NORTH & SIXTH AVENUE WEST WB RAMPS,1,3,0,0,1,1,0,,,0,0,0,0,0,2,2,13
,2017_25811,39.725357,-105.025125,11/16/2017 16:35,16:35,15,0,1,SIXTH AVENUE WB RAMP & FEDERAL BOULEVARD NORTH,1,1,0,0,1,1,0,,25,0,0,0,1,2,2,2,8
,2017_25812,39.725357,-105.025125,11/22/2017 22:36,22:36,15,0,0,FEDERAL BOULEVARD NORTH & SIXTH AVENUE WB RAMPS,1,3,0,0,1,1,0,,35,0,0,0,0,0,2,2,13
,2017_25813,39.724996,-105.025125,5/22/2017 17:40,17:40,12,0,0,FEDERAL BOULEVARD NORTH & SIXTH AVENUE WEST,2,1,0,1,1,4,0,,35,0,0,0,0,0,2,2,7
,2017_25814,39.724876,-105.025125,1/13/2017 15:08,15:08,1,0,0,FEDERAL BOULEVARD NORTH & SIXTH AVENUE WEST,1,1,0,0,1,1,0,,35,0,0,0,0,0,2,2,7
,2017_25815,39.724876,-105.025125,1/18/2017 15:00,15:00,12,0,0,SIXTH AVENUE WEST & FEDERAL BOULEVARD NORTH,1,1,0,0,1,1,0,,55,0,0,0,0,0,2,4,13
,2017_25816,39.724876,-105.025125,1/18/2017 19:19,19:19,12,0,0,SIXTH AVENUE WEST & FEDERAL BOULEVARD NORTH,1,3,0,0,1,4,0,,55,0,0,0,0,0,2,2,3
,2017_25817,39.724876,-105.025125,1/26/2017 19:25,19:25,10,0,0,FEDERAL BOULEVARD NORTH & SIXTH AVENUE WEST,1,3,0,0,1,1,0,,30,0,0,0,0,0,2,2,7
,2017_25818,39.724876,-105.025125,3/23/2017 17:44,17:44,3,0,0,FEDERAL BOULEVARD NORTH & SIXTH AVENUE WEST,1,1,0,0,1,1,0,,35,0,0,0,0,0,2,2,13
,2017_25819,39.724876,-105.025125,3/29/2017 16:40,16:40,12,0,0,FEDERAL BOULEVARD 500 BLOCK NORTH & SIXTH AVENUE WEST,1,1,0,0,1,4,0,,35,0,0,0,0,0,2,2,3
,2017_25820,39.724876,-105.025125,4/14/2017 6:15,6:15,3,0,0,FEDERAL BOULEVARD NORTH & SIXTH AVENUE WEST,1,1,0,0,1,1,0,,25,0,0,0,0,0,2,2,13
,2017_25821,39.724876,-105.025125,4/15/2017 6:45,6:45,12,0,0,FEDERAL BOULEVARD NORTH & SIXTH AVENUE WEST,1,1,0,0,1,1,0,,35,0,0,0,0,0,2,2,5
,2017_25822,39.724876,-105.025125,6/13/2017 17:25,17:25,12,0,0,FEDERAL BOULEVARD 600 BLOCK NORTH & SIXTH AVENUE WEST,1,1,0,0,1,4,0,,35,0,0,0,0,0,2,2,13
,2017_25823,39.724876,-105.025125,6/22/2017 8:36,8:36,3,0,0,FEDERAL BOULEVARD NORTH & SIXTH AVENUE WEST,1,1,0,0,1,1,0,,35,0,0,0,0,0,2,2,13
,2017_25824,39.724876,-105.025125,8/17/2017 13:19,13:19,15,0,0,FEDERAL BOULEVARD NORTH & SIXTH AVENUE WEST,1,1,1,0,1,1,0,,35,0,0,0,0,0,2,2,13
,2017_25825,39.724876,-105.025125,8/28/2017 20:59,20:59,3,0,0,FEDERAL BOULEVARD NORTH & SIXTH AVENUE WEST,1,1,0,0,1,1,0,,35,0,0,0,0,0,2,2,13
,2017_25826,39.724876,-105.025125,9/2/2017 20:50,20:50,15,0,0,FEDERAL BOULEVARD NORTH & SIXTH AVENUE WEST,1,3,0,0,1,4,0,,35,0,0,0,0,0,2,2,13
,2017_25827,39.724876,-105.025125,9/20/2017 20:37,20:37,1,0,0,FEDERAL BOULEVARD NORTH & SIXTH AVENUE WEST,1,3,0,0,1,1,0,,35,0,0,0,0,0,2,2,1
,2017_25828,39.724876,-105.025125,10/5/2017 17:39,17:39,12,0,0,FEDERAL BOULEVARD NORTH & SIXTH AVENUE WEST APPROXIMATELY,1,1,0,0,1,3,0,,35,0,0,0,0,0,2,2,3
,2017_25829,39.724756,-105.025125,3/18/2017 17:52,17:52,12,0,0,FEDERAL BOULEVARD NORTH & SIXTH AVENUE WEST,1,1,0,0,1,3,0,,35,0,0,0,0,0,2,2,3
,2017_25830,39.70655,-104.919792,9/28/2017 7:47,7:47,15,0,0,LEETSDALE DRIVE & JERSEY STREET SOUTH 5900 BLOCK,2,1,0,1,1,4,0,,,0,0,0,0,0,2,3,13
,2017_25831,39.724756,-105.025125,9/16/2017 0:57,0:57,12,0,0,SIXTH AVENUE WEST EASTBOUND OFF RAMP & FEDERAL BOULEVARD NORTH,1,3,1,0,1,1,0,,15,0,0,0,0,0,2,2,3
,2017_25832,39.724619,-105.025126,3/19/2017 21:57,21:57,3,0,0,FIFTH AVENUE WEST & FEDERAL BOULEVARD NORTH,1,3,0,0,1,1,0,,35,0,0,0,0,0,2,2,3
,2017_25833,39.724619,-105.025126,3/29/2017 15:54,15:54,12,0,0,FEDERAL BOULEVARD NORTH & FIFTH AVENUE WEST,1,1,0,0,1,2,0,,35,0,0,0,0,0,2,2,1
,2017_25834,39.71334,-105.025151,8/7/2017 18:19,18:19,12,0,0,FEDERAL BOULEVARD NORTH & CEDAR AVENUE WEST,2,1,1,1,1,1,0,,35,0,0,0,0,0,2,2,13
,2017_25835,39.724619,-105.025126,5/18/2017 13:02,13:02,15,0,0,FEDERAL BOULEVARD NORTH & FIFTH AVENUE WEST ROAD WAPPROX,2,1,0,1,1,4,0,,35,0,0,0,0,0,2,2,13
,2017_25836,39.724619,-105.025126,5/26/2017 21:10,21:10,1,0,0,FEDERAL BOULEVARD NORTH & FIFTH AVENUE WEST,1,3,0,0,1,4,0,,35,0,0,0,0,0,2,2,8
,2017_25837,39.724619,-105.025126,6/2/2017 15:51,15:51,15,0,0,FEDERAL BOULEVARD NORTH & FIFTH AVENUE WEST ROAD WEST,1,1,0,0,1,1,0,,,0,0,0,0,0,2,2,13
,2017_25838,39.717509,-105.02514,9/2/2017 1:19,1:19,12,0,0,FEDERAL BOULEVARD NORTH & IRVINGTON PLACE WEST,1,3,0,0,1,1,0,,,0,0,0,1,1,2,2,13
,2017_25839,39.724619,-105.025126,6/14/2017 15:15,15:15,1,0,0,FEDERAL BOULEVARD NORTH & FIFTH AVENUE WEST ROAD WEST,1,1,0,0,1,1,0,,35,0,0,0,0,0,2,3,1
,2017_25840,39.724619,-105.025126,9/22/2017 2:18,2:18,1,0,0,FEDERAL BOULEVARD NORTH & FIFTH AVENUE WEST,1,3,0,0,1,1,0,,40,0,0,0,0,0,2,2,13
,2017_25841,39.724619,-105.025126,11/6/2017 17:20,17:20,12,0,0,FIFTH AVENUE WEST & FEDERAL BOULEVARD NORTH,1,3,0,0,1,1,0,,35,0,0,0,0,1,2,2,7
,2017_25842,39.724234,-105.025139,12/4/2017 9:15,9:15,12,0,0,FEDERAL BOULEVARD NORTH & FIFTH AVENUE WEST,1,1,0,0,1,4,0,,35,0,0,0,0,1,2,2,13
,2017_25843,39.723848,-105.025151,4/13/2017 17:38,17:38,12,0,0,FEDERAL BOULEVARD NORTH & FIFTH AVENUE WEST,1,1,0,0,1,3,0,,35,0,0,0,0,0,2,2,12
,2017_25844,39.723848,-105.025151,6/9/2017 15:39,15:39,12,0,0,FEDERAL BOULEVARD & 500 BLOCK NORTH,1,1,0,0,1,4,0,,35,0,0,0,0,0,2,2,13
,2017_25845,39.723848,-105.025151,6/20/2017 7:12,7:12,12,0,0,FEDERAL BOULEVARD & FIFTH AVENUE WEST ROAD EAST,1,1,0,0,1,3,0,,35,0,0,0,0,0,2,2,13
,2017_25846,39.723656,-105.025158,1/23/2017 10:13,10:13,12,0,0,FEDERAL BOULEVARD NORTH & FIFTH AVENUE WEST,1,1,0,0,1,1,0,,35,0,0,0,0,0,2,2,13
,2017_25847,39.723656,-105.025158,1/25/2017 10:05,10:05,3,0,0,FIFTH AVENUE WEST & FEDERAL BOULEVARD NORTH,1,1,0,0,1,1,0,,35,0,0,0,0,0,2,2,7
,2017_25848,39.723656,-105.025158,3/28/2017 10:08,10:08,1,0,0,FIFTH AVENUE  & FEDERAL BOULEVARD,1,1,0,0,1,1,0,,35,0,0,0,0,0,2,2,13
,2017_25849,39.723656,-105.025158,7/24/2017 16:25,16:25,12,0,0,FEDERAL BOULEVARD NORTH & FIFTH AVENUE WEST,1,1,0,0,1,1,0,,40,0,0,0,0,0,2,2,3
,2017_25850,39.723656,-105.025158,7/25/2017 18:10,18:10,12,0,0,FEDERAL BOULEVARD NORTH & FIFTH AVENUE WEST,1,1,0,0,1,1,0,,35,0,0,0,0,0,2,2,12
,2017_25852,39.723656,-105.025158,7/29/2017 19:29,19:29,12,0,0,FIFTH AVENUE WEST & FEDERAL BOULEVARD NORTH,1,2,0,0,1,1,0,,35,0,0,0,0,0,2,2,12
,2017_25853,39.723656,-105.025158,7/30/2017 12:58,12:58,12,0,0,FEDERAL BOULEVARD 400 NORTH & FIFTH AVENUE,1,1,0,0,1,1,0,,35,0,0,0,0,1,2,2,13
,2017_25854,39.723656,-105.025158,8/3/2017 17:59,17:59,12,0,0,FEDERAL BOULEVARD NORTH & FIFTH AVENUE WEST,1,1,0,0,1,1,0,,35,0,0,0,0,0,2,2,1
,2017_25855,39.723656,-105.025158,9/9/2017 15:15,15:15,12,0,0,FEDERAL BOULEVARD NORTH & FIFTH AVENUE WEST,1,1,0,0,1,3,0,,35,0,0,0,0,0,2,3,3
,2017_25856,39.723656,-105.025158,12/1/2017 19:26,19:26,15,0,0,FEDERAL BOULEVARD NORTH  & FIFTH AVENUE WEST,1,1,0,0,1,1,0,,40,0,0,0,0,0,2,2,5
,2017_25857,39.723078,-105.025176,10/29/2017 15:27,15:27,12,0,0,SHORT PLACE WEST & FEDERAL BOULEVARD NORTH,1,1,0,0,1,4,0,,40,0,0,0,0,0,2,2,5
,2017_25858,39.722885,-105.025182,7/23/2017 11:15,11:15,15,0,0,FEDERAL BOULEVARD 400 BLOCK NORTH & SHORT PLACE WEST,1,1,0,0,1,4,0,,40,0,0,0,0,0,2,3,1
,2017_25859,39.722499,-105.025195,1/30/2017 16:10,16:10,12,0,0,FEDERAL BOULEVARD & 412 NORTH,1,1,0,0,1,4,0,,35,0,0,0,0,0,2,3,13
,2017_25860,39.721361,-105.025199,11/10/2017 20:26,20:26,3,0,1,FEDERAL BOULEVARD NORTH & THIRD AVENUE WEST,1,3,0,0,1,1,0,,25,0,0,0,0,2,2,2,14
,2017_25861,39.721213,-105.025196,6/27/2017 18:44,18:44,12,0,0,FEDERAL BOULEVARD 3000 BLOCK NORTH & SECOND AVENUE WEST,1,1,1,0,1,4,0,,35,0,0,0,0,0,2,2,13
,2017_25862,39.721213,-105.025196,8/4/2017 6:30,6:30,12,0,0,FEDERAL BOULEVARD 300 BLOCK NORTH & FOURTH AVENUE WEST,1,1,0,0,1,4,0,,35,0,0,0,0,0,2,3,2
,2017_25863,39.720472,-105.025185,8/26/2017 23:40,23:40,12,0,0,FEDERAL BOULEVARD SOUTH & FEDERAL BOULEVARD 200 BLOCK SOUTH,1,3,0,0,1,3,0,,35,0,0,0,0,0,2,2,13
,2017_25864,39.720324,-105.025183,1/4/2017 16:35,16:35,12,0,0,FEDERAL BOULEVARD NORTH & SECOND AVENUE WEST,4,3,0,2,1,1,0,,40,0,0,0,0,0,2,3,13
,2017_25865,39.720324,-105.025183,3/28/2017 15:23,15:23,15,0,0,FEDERAL BOULEVARD 600 BLOCK NORTH & SEVENTH AVENUE WEST,2,1,0,1,1,4,0,,35,0,0,0,0,0,2,2,13
,2017_25866,39.720324,-105.025183,9/21/2017 7:35,7:35,12,0,0,FEDERAL BOULEVARD 200 BLOCK NORTH & THIRD AVENUE WEST,1,2,0,0,1,4,0,,35,0,0,0,0,0,2,2,3
,2017_25867,39.719731,-105.025174,2/11/2017 14:21,14:21,1,0,0,FEDERAL BOULEVARD NORTH & SECOND AVENUE WEST,1,1,0,0,1,1,0,,35,0,0,0,0,0,2,2,8
,2017_25868,39.719731,-105.025174,6/12/2017 15:32,15:32,12,0,0,FEDERAL BOULEVARD NORTH & SECOND AVENUE WEST,1,1,0,0,1,1,0,,40,0,0,0,0,0,2,2,3
,2017_25869,39.719731,-105.025174,11/16/2017 9:00,9:00,15,0,0,FEDERAL BOULEVARD 100 BLOCK NORTH & SECOND AVENUE WEST,1,1,0,0,1,4,0,,35,0,0,0,0,0,2,2,3
,2017_25870,39.719287,-105.025167,12/15/2017 23:05,23:05,6,0,0,PARK PLACE WEST & FEDERAL BOULEVARD NORTH,1,3,0,0,1,4,0,,25,0,0,0,0,0,2,2,5
,2017_25871,39.718398,-105.025153,5/23/2017 9:34,9:34,12,0,0,FIRST AVENUE 3000 BLOCK WEST  & FEDERAL BOULEVARD NORTH,1,1,0,0,1,4,0,,30,0,0,0,0,0,2,2,13
,2017_25872,39.718398,-105.025153,6/24/2017 14:37,14:37,5,0,0,FEDERAL BOULEVARD NORTH & FIRST AVENUE WEST ROAD EAST,1,1,0,0,4,4,0,,40,0,0,0,0,0,2,2,13
,2017_25873,39.718398,-105.025153,10/24/2017 15:25,15:25,12,0,0,FEDERAL BOULEVARD NORTH & FIRST AVENUE WEST,1,1,0,0,1,3,0,,35,0,0,0,0,0,2,2,1
,2017_25874,39.718102,-105.025149,3/16/2017 18:26,18:26,1,0,0,FEDERAL BOULEVARD SOUTH & FIRST AVENUE WEST,1,1,1,0,1,1,0,,40,0,0,0,0,0,2,2,13
,2017_25875,39.718102,-105.025149,5/21/2017 18:31,18:31,1,0,0,FEDERAL BOULEVARD NORTH & FIRST AVENUE WEST,1,1,0,0,1,1,0,,40,0,0,0,0,0,2,2,13
,2017_25876,39.718102,-105.025149,7/11/2017 16:30,16:30,9,0,0,FEDERAL BOULEVARD NORTH & FIRST AVENUE WEST,1,1,0,0,1,1,0,,35,0,0,0,0,0,2,1,13
,2017_25877,39.718102,-105.025149,11/27/2017 15:57,15:57,12,0,0,FIRST AVENUE WEST  & FEDERAL BOULEVARD NORTH,1,1,0,0,1,2,0,,25,0,0,0,0,0,2,2,13
,2017_25878,39.718102,-105.025149,12/10/2017 21:15,21:15,1,0,0,FEDERAL BOULEVARD NORTH & FIRST AVENUE WEST,1,3,0,0,1,1,0,,,0,0,0,0,0,2,2,13
,2017_25879,39.717806,-105.025144,12/9/2017 22:31,22:31,3,0,2,FEDERAL BOULEVARD NORTH & IRVINGTON PLACE WEST,1,3,1,0,1,3,0,,35,0,0,0,0,2,2,5,1
,2017_25880,39.71662,-105.025127,3/13/2017 17:29,17:29,1,0,0,FEDERAL BOULEVARD SOUTH & ELLSWORTH AVENUE WEST,1,1,1,0,1,1,0,,35,0,0,0,0,0,2,2,8
,2017_25881,39.71662,-105.025127,8/30/2017 14:05,14:05,15,0,0,ELLSWORTH AVENUE WEST & FEDERAL BOULEVARD NORTH,1,1,0,0,1,1,0,,30,0,0,0,0,0,2,2,14
,2017_25882,39.71662,-105.025127,9/30/2017 15:50,15:50,12,0,0,FEDERAL BOULEVARD SOUTH & ELLSWORTH AVENUE WEST,1,1,0,0,1,4,0,,40,0,0,0,0,0,2,2,13
,2017_25883,39.714831,-105.02514,3/31/2017 11:28,11:28,5,0,0,FEDERAL BOULEVARD SOUTH & BAYAUD AVENUE WEST,1,1,0,0,3,4,0,,,0,0,0,0,0,2,2,13
,2017_25884,39.714831,-105.02514,9/23/2017 11:56,11:56,3,0,0,FEDERAL BOULEVARD SOUTH & BAYAUD AVENUE WEST,1,1,1,0,1,1,0,,25,0,0,0,0,0,2,2,8
,2017_25885,39.714831,-105.02514,11/2/2017 16:50,16:50,1,0,0,FEDERAL BOULEVARD SOUTH & BAYAUD AVENUE WEST,1,1,1,0,1,1,0,,35,0,0,0,0,1,2,3,7
,2017_25886,39.714831,-105.02514,12/30/2017 21:37,21:37,5,0,0,BAYAUD AVENUE WEST & FEDERAL BOULEVARD SOUTH,1,3,0,0,3,4,0,,25,0,0,0,0,0,2,1,13
,2017_25887,39.714533,-105.025142,5/12/2017 16:38,16:38,12,0,0,FEDERAL BOULEVARD SOUTH & BAYAUD AVENUE WEST,1,1,0,0,1,3,0,,40,0,0,0,1,0,2,2,13
,2017_25888,39.71334,-105.025151,7/18/2017 17:55,17:55,12,0,0,FEDERAL BOULEVARD SOUTH & CEDAR AVENUE WEST,1,1,1,0,1,4,0,,40,0,0,0,0,0,2,2,4
,2017_25889,39.71334,-105.025151,8/25/2017 15:20,15:20,12,0,0,FEDERAL BOULEVARD 200 BLOCK SOUTH & CEDAR AVENUE WEST,1,1,1,0,1,1,0,,40,0,0,0,0,0,2,2,5
,2017_25890,39.71334,-105.025151,11/17/2017 0:00,0:00,12,0,0,FEDERAL BOULEVARD SOUTH & CEDAR AVENUE WEST,2,3,0,1,1,3,0,,35,0,0,0,0,0,2,2,7
,2017_25891,39.713042,-105.025153,12/31/2017 11:38,11:38,15,0,0,FEDERAL BOULEVARD SOUTH & CEDAR AVENUE WEST,1,1,1,0,1,4,0,,35,0,0,0,0,0,2,2,8
,2017_25892,39.7117,-105.025114,12/8/2017 2:41,2:41,5,0,4,FEDERAL BOULEVARD 300 BLOCK SOUTH & ALAMEDA AVENUE WEST,1,3,0,0,3,4,0,,45,0,0,0,0,2,2,1,5
,2017_25893,39.711402,-105.025104,4/29/2017 17:00,17:00,12,0,0,FEDERAL BOULEVARD SOUTH & ALAMEDA AVENUE WEST,10,1,0,2,1,1,0,,35,0,0,0,0,0,2,2,3
,2017_25894,39.711253,-105.025099,7/28/2017 7:06,7:06,12,0,0,FEDERAL BOULEVARD SOUTH & ALAMEDA AVENUE WEST,1,1,1,0,1,3,0,,40,0,0,0,0,0,2,2,1
,2017_25895,39.711253,-105.025099,11/29/2017 10:41,10:41,12,0,0,FEDERAL BOULEVARD 200 BLOCK SOUTH & ALAMEDA AVENUE WEST,1,1,0,0,1,2,0,,35,0,0,0,0,0,2,2,13
,2017_25896,39.750372,-104.9941305,1/12/2017 11:18,11:18,3,0,0,18TH STREET & LAWRENCE STREET,1,1,0,7,1,1,0,,35,0,0,0,0,1,4,2,7
,2017_25898,39.711104,-105.025094,1/1/2017 11:25,11:25,12,0,0,FEDERAL BOULEVARD SOUTH & ALAMEDA AVENUE WEST,1,1,0,0,1,1,0,,35,0,0,0,0,0,2,2,13
,2017_25899,39.711104,-105.025094,1/17/2017 18:00,18:00,5,0,0,FEDERAL BOULEVARD SOUTH & ALAMEDA AVENUE WEST,1,3,1,0,2,4,0,,,0,0,0,0,1,2,3,13
,2017_25900,39.711104,-105.025094,1/19/2017 10:15,10:15,15,0,0,ALAMEDA AVENUE WEST & FEDERAL STREET SOUTH,1,1,0,0,1,3,0,,60,0,0,0,0,0,2,2,13
,2017_25901,39.711104,-105.025094,2/22/2017 15:23,15:23,12,0,0,FEDERAL BOULEVARD SOUTH & ALAMEDA AVENUE WEST,1,1,0,0,1,1,0,,40,0,0,0,0,0,2,2,3
,2017_25903,39.711104,-105.025094,3/2/2017 16:59,16:59,12,0,0,FEDERAL BOULEVARD SOUTH & ALAMEDA AVENUE WEST,1,1,1,0,1,3,0,,40,0,0,0,0,0,2,2,1
,2017_25904,39.711104,-105.025094,4/25/2017 7:42,7:42,12,0,0,FEDERAL BOULEVARD 200 BLOCK SOUTH & ALAMEDA AVENUE WEST,1,1,0,0,1,4,0,,40,0,0,0,0,0,2,2,13
,2017_25905,39.711104,-105.025094,5/15/2017 19:07,19:07,12,0,0,FEDERAL BOULEVARD SOUTH & ALAMEDA AVENUE WEST,1,2,0,0,1,1,0,,40,0,0,0,0,0,2,2,3
,2017_25906,39.711104,-105.025094,5/19/2017 7:25,7:25,12,0,0,FEDERAL BOULEVARD SOUTH & ALAMEDA AVENUE WEST,1,1,0,0,1,1,0,,35,0,0,0,0,0,2,3,13
,2017_25907,39.711104,-105.025094,9/21/2017 12:29,12:29,12,0,0,FEDERAL BOULEVARD SOUTH & ALAMEDA AVENUE WEST,1,1,1,0,1,3,0,,40,0,0,0,0,0,2,2,3
,2017_25908,39.711104,-105.025094,9/23/2017 22:00,22:00,12,0,0,FEDERAL BOULEVARD SOUTH & ALAMEDA AVENUE WEST,2,3,0,1,1,3,0,,35,0,0,0,0,0,2,2,12
,2017_25909,39.711104,-105.025094,10/17/2017 6:45,6:45,12,0,0,FEFERAL BOULEVARD SOUTH & ALAMEDA AVENUE WEST,1,1,0,0,1,4,0,,35,0,0,0,0,0,2,2,1
,2017_25910,39.7112,-104.936323,3/23/2017 22:18,22:18,5,0,0,ALAMEDA AVENUE EAST & LEETSDALE DRIVE EAST,2,3,0,1,3,1,0,,35,0,0,0,0,0,2,1,5
,2017_25911,39.711104,-105.025094,11/15/2017 21:21,21:21,15,0,0,ALAMEDA AVENUE WEST & SANTA FE DRIVE SOUTH,1,3,0,0,1,3,0,,30,0,0,0,0,0,2,2,14
,2017_25912,39.711104,-105.025094,11/28/2017 16:09,16:09,12,0,0,FEDERAL BOULEVARD SOUTH & ALAMEDA AVENUE WEST,1,5,1,0,1,3,0,,,0,0,0,0,0,2,2,13
,2017_25913,39.710955,-105.025089,3/25/2017 17:04,17:04,12,0,0,FEDERAL BOULEVARD s & ALAMEDA AVENUE WEST,1,1,0,0,1,4,0,,35,0,0,0,0,0,2,2,13
,2017_25914,39.710955,-105.025089,4/15/2017 20:35,20:35,15,0,0,FEDERAL BOULEVARD SOUTH & ALAMEDA AVENUE WEST,1,3,1,0,1,3,0,,35,0,0,0,0,0,2,2,13
,2017_25915,39.710955,-105.025089,4/18/2017 6:55,6:55,12,0,0,FEDERAL BOULEVARD SOUTH & ALAMEDA AVENUE WEST,1,1,0,0,1,1,0,,30,0,0,0,0,1,2,2,1
,2017_25916,39.710955,-105.025089,8/18/2017 10:32,10:32,12,0,0,FEDERAL BOULEVARD SOUTH & 300 BLOCK,1,1,1,0,1,3,0,,35,0,0,0,0,1,2,2,13
,2017_25917,39.710955,-105.025089,9/10/2017 15:55,15:55,12,0,0,FEDERAL BOULEVARD SOUTH & ALAMEDA AVENUE WEST,1,1,0,0,1,2,0,,45,0,0,0,0,0,2,2,5
,2017_25918,39.710955,-105.025089,10/21/2017 11:03,11:03,12,0,0,FEDERAL BOULEVARD SOUTH & ALAMEDA AVENUE WEST,1,1,0,0,1,1,0,,35,0,0,0,0,0,2,2,13
,2017_25919,39.710806,-105.025084,1/25/2017 19:11,19:11,12,0,0,FEDERAL BOULEVARD & 300 BLOCK SOUTH,1,3,1,0,1,4,0,,40,0,0,0,0,0,2,2,12
,2017_25920,39.709933,-105.025078,2/12/2017 1:19,1:19,5,0,0,FEDERAL BOULEVARD & DAKOTA AVENUE WEST,1,3,1,0,1,4,0,,35,0,0,0,0,0,2,1,12
,2017_25921,39.709789,-105.025078,1/7/2017 1:42,1:42,5,0,0,FEDERAL BOULEVARD SOUTH & DAKOTA AVENUE WEST,4,3,0,0,4,4,0,,35,0,0,0,0,0,2,1,5