id,drcog_id,latitude,longitude,crashtime,time,crashtype,numbkilled,numbinjurd,drcoglocat,rdconditin,lightngcon,roadcntgrd,weatherco,location,roaddescrp,constrzone,schoolzone,splimit,bikeinv,pedinv,sctrinv,motoinv,svrty,rdsystem,ttlvehcls,hcf
,2017_25922,39.709356,-105.025079,7/20/2017 13:11,13:11,15,0,0,FEDERAL BOULEVARD SOUTH & DAKOTA AVENUE WEST,1,1,1,0,1,4,0,,35,0,0,0,0,0,2,2,7
,2017_25923,39.751731,-104.9958765,6/1/2017 8:20,8:20,5,0,0,18TH STREET & MARKET,1,1,0,0,3,4,0,,,0,0,0,0,0,4,1,13
,2017_25924,39.7112,-104.936323,10/10/2017 6:20,6:20,3,0,0,LEETSDALE DRIVE & ALAMEDA AVENUE EAST,1,3,1,0,1,1,0,,30,0,0,0,0,0,2,2,13
,2017_25925,39.705748,-105.025086,6/11/2017 21:10,21:10,3,0,0,CENTER AVENUE WEST & FEDERAL BOULEVARD SOUTH,1,3,0,0,1,1,0,,,0,0,0,0,0,2,2,13
,2017_25926,39.709356,-105.025079,7/26/2017 18:34,18:34,1,0,0,FEDERAL BOULEVARD SOUTH & DAKOTA AVENUE WEST ROAD EAST,1,1,1,0,1,2,0,,35,0,0,0,0,0,2,2,7
,2017_25927,39.709212,-105.025079,1/17/2017 8:49,8:49,10,0,0,FEDERAL BOULEVARD & 400 BLOCK SOUTH,2,1,0,0,1,3,0,,35,0,0,0,0,0,2,2,13
,2017_25928,39.709212,-105.025079,6/16/2017 6:50,6:50,12,0,0,FEDERAL BOULEVARD SOUTH & DAKOTA AVENUE WEST ROAD EAST,1,2,0,0,1,4,0,,40,0,0,0,0,1,2,3,12
,2017_25930,39.709212,-105.025079,7/17/2017 14:32,14:32,12,0,0,FEDERAL BOULEVARD SOUTH & DAKOTA AVENUE WEST,1,4,1,0,1,4,0,,40,0,0,0,0,0,2,3,3
,2017_25931,39.709212,-105.025079,7/29/2017 15:40,15:40,1,0,0,FEDERAL BOULEVARD SOUTH & DAKOTA AVENUE WEST,1,1,0,0,1,1,0,,35,0,0,0,0,0,2,2,13
,2017_25932,39.709212,-105.025079,9/2/2017 14:50,14:50,1,0,0,DAKOTA AVENUE WEST & FEDERAL BOULEVARD SOUTH,1,1,0,0,1,1,0,,35,0,0,0,0,0,2,2,14
,2017_25933,39.709212,-105.025079,9/7/2017 17:20,17:20,3,0,0,FEDERAL BOULEVARD SOUTH & DAKOTA AVENUE WEST,1,1,1,0,1,1,0,,25,0,0,0,0,0,2,2,7
,2017_25934,39.709067,-105.025079,1/12/2017 13:19,13:19,12,0,0,FEDERAL BOULEVARD SOUTH & DAKOTA AVENUE WEST,1,1,0,0,1,3,0,,40,0,0,0,0,0,2,2,7
,2017_25935,39.708923,-105.02508,6/12/2017 9:11,9:11,12,0,0,FEDERAL BOULEVARD 400 BLOCK SOUTH & DAKOTA AVENUE WEST,1,1,0,0,1,4,0,,35,0,0,0,1,1,2,2,13
,2017_25936,39.70849,-105.025081,3/19/2017 12:44,12:44,14,0,0,FEDERAL BOULEVARD SOUTH & ALASKA PLACE WEST,1,1,0,0,1,1,0,,40,0,0,0,0,0,2,2,7
,2017_25937,39.70849,-105.025081,5/21/2017 13:56,13:56,1,0,0,FEDERAL BOULEVARD SOUTH & ALASKA PLACE WEST,1,1,0,0,1,1,0,,35,0,0,0,0,1,2,3,3
,2017_25938,39.70849,-105.025081,9/15/2017 19:30,19:30,15,0,0,FEDERAL BOULEVARD SOUTH & ALASKA PLACE WEST,1,2,0,0,1,1,0,,35,0,0,0,0,0,2,2,13
,2017_25939,39.70849,-105.025081,10/29/2017 16:10,16:10,12,0,0,FEDERAL BOULEVARD SOUTH & ALASKA PLACE WEST,1,1,0,0,1,4,0,,40,0,0,0,0,1,2,2,13
,2017_25940,39.708346,-105.025081,6/24/2017 13:51,13:51,12,0,0,FEDERAL BOULEVARD SOUTH & ALASKA PLACE WEST,1,1,0,0,1,3,0,,35,0,0,0,0,1,2,2,5
,2017_25941,39.707913,-105.025082,4/21/2017 13:30,13:30,12,0,0,FEDERAL BOULEVARD SOUTH & VIRGINIA AVENUE WEST,1,1,0,0,1,4,0,,35,0,0,0,0,0,2,2,13
,2017_25942,39.698634,-105.025078,8/3/2017 13:03,13:03,3,0,0,FEDERAL BOULEVARD SOUTH & TENNESSEE AVENUE WEST,1,1,1,0,1,1,0,,40,0,0,0,0,0,2,2,13
,2017_25943,39.707768,-105.025082,5/26/2017 15:03,15:03,15,0,0,FEDERAL BOULEVARD SOUTH & VIRGINIA AVENUE WEST,1,1,0,0,1,4,0,,40,0,0,0,0,0,2,2,7
,2017_25944,39.707768,-105.025082,6/25/2017 22:50,22:50,5,0,0,FEDERAL BOULEVARD SOUTH & VIRGINIA AVENUE WEST ROAD EAST,1,3,0,0,3,4,0,,35,0,0,0,0,0,2,1,5
,2017_25945,39.707768,-105.025082,8/30/2017 15:00,15:00,12,0,0,FEDERAL BOULEVARD SOUTH & VIRGINIA AVENUE WEST,1,1,0,0,1,1,0,,40,0,0,0,0,0,2,2,13
,2017_25946,39.707624,-105.025082,2/24/2017 11:44,11:44,15,0,0,VIRGINIA AVENUE WEST  & FEDERAL BOULEVARD SOUTH,1,1,0,0,1,1,0,,40,0,0,0,0,0,2,2,7
,2017_25947,39.707624,-105.025082,4/5/2017 13:04,13:04,3,0,0,FEDERAL BOULEVARD SOUTH & VIRGINIA AVENUE WEST,1,1,0,0,1,1,0,,40,0,0,0,0,0,2,2,1
,2017_25948,39.707624,-105.025082,4/28/2017 18:42,18:42,12,0,0,FEDERAL BOULEVARD SOUTH & VIRGINIA AVENUE WEST ROAD WEST,4,1,0,2,1,1,0,,35,0,0,0,0,0,2,2,14
,2017_25949,39.707624,-105.025082,9/16/2017 5:14,5:14,5,0,0,FEDERAL BOULEVARD 400 BLOCK SOUTH & VIRGINIA AVENUE WEST,1,3,0,0,2,4,0,,35,0,0,0,0,0,2,1,2
,2017_25950,39.707624,-105.025082,9/23/2017 11:45,11:45,3,0,0,FEDERAL BOULEVARD SOUTH & VIRGINIA AVENUE WEST,1,1,0,0,1,1,0,,40,0,0,0,0,0,2,2,13
,2017_25951,39.707624,-105.025082,10/1/2017 12:05,12:05,12,0,0,FEDERAL BOULEVARD & VIRGINIA AVENUE WEST,1,1,0,0,1,4,0,,40,0,0,0,0,0,2,2,13
,2017_25952,39.707624,-105.025082,12/12/2017 20:24,20:24,1,0,0,FEDERAL BOULEVARD SOUTH & VIRIGINIA AVENUE WEST,1,3,0,0,1,1,0,,35,0,0,0,0,0,2,2,13
,2017_25953,39.707624,-105.025082,12/18/2017 23:44,23:44,15,0,0,FEDERAL BOULEVARD SOUTH & VIRGINIA AVENUE WEST,1,3,0,0,1,1,0,,35,0,0,0,0,0,2,2,13
,2017_25954,39.70748,-105.025083,2/8/2017 9:43,9:43,12,0,0,FEDERAL BOULEVARD & VIRGINIA AVENUE WEST,1,1,0,0,1,1,0,,40,0,0,0,0,0,2,2,7
,2017_25955,39.70748,-105.025083,2/10/2017 14:53,14:53,12,0,0,FEDERAL BOULEVARD SOUTH & VIRGINIA AVENUE WEST,1,1,1,0,1,1,0,,40,0,0,0,0,0,2,2,13
,2017_25956,39.70748,-105.025083,4/6/2017 18:00,18:00,12,0,0,FEDERAL BOULEVARD SOUTH & VIRGINIA AVENUE WEST,1,1,0,0,1,3,0,,35,0,0,0,0,0,2,2,13
,2017_25957,39.70748,-105.025083,7/14/2017 16:27,16:27,1,0,0,FEDERAL BOULEVARD SOUTH & VIRGINIA AVENUE WEST ROAD EAST,1,1,0,0,1,1,0,,40,0,0,0,0,0,2,2,7
,2017_25958,39.70748,-105.025083,9/30/2017 11:45,11:45,1,0,0,FEDERAL BOULEVARD SOUTH & VIRGINIA AVENUE WEST,1,1,0,0,1,1,0,,40,0,0,0,0,0,2,2,13
,2017_25959,39.707335,-105.025083,3/19/2017 20:05,20:05,15,0,0,FEDERAL BOULEVARD SOUTH & VIRGINIA AVENUE WEST,1,3,0,0,1,4,0,,40,0,0,0,0,0,2,2,13
,2017_25960,39.706469,-105.025085,2/19/2017 19:14,19:14,10,0,0,FEDERAL BOULEVARD SOUTH & CUSTER PLACE WEST,1,3,1,0,1,1,0,,35,0,0,0,0,0,2,2,13
,2017_25961,39.706469,-105.025085,8/15/2017 16:00,16:00,15,0,0,FEDERAL BOULEVARD SOUTH & FEDERAL BOULEVARD 560 SOUTH,1,1,1,0,1,4,0,,35,0,0,0,0,0,2,2,13
,2017_25962,39.705892,-105.025086,9/3/2017 19:05,19:05,12,0,0,FEDERAL BOULEVARD SOUTH & CENTER AVENUE WEST,1,1,1,0,1,4,0,,,0,0,0,1,0,2,2,13
,2017_25963,39.705748,-105.025086,3/31/2017 16:13,16:13,12,0,0,FEDERAL BOULEVARD SOUTH & CENTER AVENUE WEST,2,1,1,1,1,1,0,,40,0,0,0,0,0,2,3,1
,2017_25964,39.705748,-105.025086,4/1/2017 1:16,1:16,5,0,0,FEDERAL BOULEVARD 500 BLOCK SOUTH & CENTER AVENUE WEST,2,3,0,1,2,4,0,,40,0,0,0,0,1,2,1,6
,2017_25965,39.705603,-105.025086,2/15/2017 14:25,14:25,10,0,0,FEDERAL BOULEVARD SOUTH & CENTER AVENUE WEST,1,1,1,0,1,1,0,,35,0,0,0,0,0,2,2,13
,2017_25966,39.705026,-105.025088,8/5/2017 12:22,12:22,12,0,0,FEDERAL BOULEVARD SOUTH & GILL PLACE WEST,1,1,0,0,1,4,0,,40,0,0,0,0,0,2,2,13
,2017_25967,39.704737,-105.025088,4/13/2017 17:06,17:06,12,0,0,LEETSDALE DRIVE & EXPOSITION AVENUE EAST,1,1,0,0,1,4,0,,35,0,0,0,0,1,2,2,13
,2017_25968,39.704737,-105.025088,5/4/2017 9:16,9:16,3,0,0,FEDERAL BOULEVARD SOUTH & GILL PLACE WEST,1,1,0,0,1,2,0,,45,0,0,0,0,0,2,2,13
,2017_25969,39.704019,-105.02509,3/30/2017 7:25,7:25,12,0,0,EXPOSITION AVENUE WEST & FEDERAL BOULEVARD SOUTH,1,1,0,0,1,1,0,,25,0,0,0,0,0,2,2,12
,2017_25970,39.704019,-105.02509,5/5/2017 18:25,18:25,15,0,0,FEDERAL BOULEVARD SOUTH & EXPOSITION AVENUE WEST,1,1,1,0,1,4,0,,40,0,0,0,0,0,2,2,13
,2017_25972,39.704019,-105.02509,5/14/2017 21:53,21:53,15,0,0,FEDERAL BOULEVARD & EXPOSITION AVENUE WEST APPROXIMATELY,1,3,0,0,1,4,0,,35,0,0,0,0,0,2,2,13
,2017_25973,39.704019,-105.02509,10/13/2017 20:22,20:22,3,0,0,FEDERAL BOULEVARD SOUTH & EXPOSITION AVENUE WEST,1,3,0,0,1,1,0,,40,0,0,0,0,0,2,2,7
,2017_25974,39.703865,-105.025087,3/8/2017 15:45,15:45,15,0,0,FEDERAL BOULEVARD SOUTH & EXPOSITION AVENUE WEST,1,1,0,0,1,3,0,,35,0,0,0,0,0,2,2,7
,2017_25975,39.703865,-105.025087,5/5/2017 15:45,15:45,15,0,0,FEDERAL BOULEVARD SOUTH & EXPOSITION AVENUE WEST,1,1,0,0,1,4,0,,,0,0,0,0,0,2,3,14
,2017_25976,39.703865,-105.025087,7/5/2017 0:15,0:15,12,0,0,FEDERAL BOULEVARD SOUTH & EXPOSITION AVENUE WEST,1,3,0,0,1,1,0,,40,0,0,0,0,0,2,2,13
,2017_25977,39.693033,-105.025057,5/18/2017 9:07,9:07,3,0,0,FEDERAL BOULEVARD SOUTH & LOUISIANA AVENUE WEST,2,1,0,1,1,1,0,,,0,0,0,0,0,2,2,13
,2017_25978,39.703865,-105.025087,8/4/2017 15:26,15:26,12,0,0,FEDERAL BOULEVARD SOUTH & EXPOSITION AVENUE WEST,1,1,1,0,1,1,0,,40,0,0,0,0,0,2,2,10
,2017_25979,39.703865,-105.025087,10/11/2017 8:10,8:10,12,0,0,FEDERAL BOULEVARD SOUTH & EXPOSITION AVENUE WEST,1,1,0,0,1,1,0,,40,0,0,0,0,0,2,4,13
,2017_25980,39.703865,-105.025087,12/10/2017 17:00,17:00,12,0,0,FEDERAL BOULEVARD SOUTH & EXPOSITION AVENUE WEST,1,2,0,0,1,4,0,,,0,0,0,0,0,2,2,13
,2017_25981,39.703865,-105.025087,12/12/2017 18:05,18:05,1,0,0,FEDERAL BOULEVARD SOUTH & EXPOSITION AVENUE WEST,1,3,0,0,1,1,0,,10,0,0,0,0,0,2,2,13
,2017_25982,39.703262,-105.025078,9/22/2017 9:45,9:45,12,0,1,FEDERAL BOULEVARD SOUTH & WALSH PLACE WEST,1,1,0,0,1,4,0,,35,0,0,0,0,2,2,3,13
,2017_25983,39.703111,-105.025076,2/6/2017 8:17,8:17,3,0,0,FEDERAL BOULEVARD SOUTH & WALSH PLACE WEST,1,1,0,0,1,1,0,,40,0,0,0,0,0,2,2,3
,2017_25984,39.703111,-105.025076,12/6/2017 17:37,17:37,12,0,0,FEDERAL BOULEVARD SOUTH & WALSH PLACE WEST APPROXIMATELY,1,3,0,0,1,3,0,,40,0,0,0,0,0,2,2,12
,2017_25985,39.703111,-105.025076,12/17/2017 3:33,3:33,12,0,0,FEDERAL BOULEVARD SOUTH & WALSH PLACE WEST,1,3,0,0,1,4,0,,35,0,0,0,0,1,2,2,5
,2017_25986,39.703111,-105.025076,12/20/2017 11:11,11:11,12,0,0,FEDERAL BOULEVARD SOUTH & WALSH PLACE WEST,1,1,0,0,1,4,0,,35,0,0,0,0,0,2,2,13
,2017_25987,39.702961,-105.025073,2/22/2017 11:08,11:08,12,0,0,FEDERAL BOULEVARD SOUTH & WALSH PLACE WEST,1,1,1,0,1,4,0,,40,0,0,0,0,0,2,2,13
,2017_25988,39.702207,-105.025062,6/8/2017 19:15,19:15,1,0,0,FEDERAL BOULEVARD SOUTH & OHIO AVENUE WEST,1,1,0,0,1,3,0,,35,0,0,0,0,0,2,2,1
,2017_25989,39.702207,-105.025062,8/7/2017 12:55,12:55,12,0,0,FEDERAL BOULEVARD SOUTH & OHIO AVENUE WEST,1,1,1,0,1,1,0,,40,0,0,0,0,0,2,2,3
,2017_25990,39.702075,-105.02506,12/9/2017 19:55,19:55,12,0,0,FEDERAL BOULEVARD SOUTH & OHIO AVENUE WEST,1,3,0,0,1,3,0,,35,0,0,0,0,0,2,3,13
,2017_25991,39.701305,-105.025071,2/21/2017 16:09,16:09,1,0,0,FEDERAL BOULEVARD SOUTH & ADA PLACE WEST,1,1,1,0,1,1,0,,25,0,0,0,0,0,2,2,7
,2017_25992,39.701305,-105.025071,3/1/2017 15:20,15:20,3,0,0,FEDERAL BOULEVARD SOUTH & ADA PLACE WEST,1,1,0,0,1,1,0,,30,0,0,0,0,0,2,2,7
,2017_25993,39.701305,-105.025071,12/30/2017 13:14,13:14,1,0,0,FEDERAL BOULEVARD SOUTH & ADA PLACE WEST,1,1,0,0,1,1,0,,40,0,0,0,0,0,2,2,3
,2017_25994,39.700854,-105.025078,6/29/2017 11:15,11:15,10,0,0,FEDERAL BOULEVARD & KENTUCKY AVENUE WEST,1,1,0,0,1,2,0,,40,0,0,0,0,0,2,2,7
,2017_25995,39.700854,-105.025078,6/29/2017 18:10,18:10,12,0,0,FEDERAL BOULEVARD SOUTH & KENTUCKY AVENUE WEST,1,1,0,0,1,3,0,,,0,0,0,0,0,2,3,13
,2017_25996,39.700553,-105.025082,1/1/2017 10:21,10:21,15,0,0,FEDERAL BOULEVARD 800 BLOCK SOUTH & KENTUCKY AVENUE WEST,2,1,0,1,1,4,0,,40,0,0,0,0,0,2,2,1
,2017_25997,39.700553,-105.025082,5/20/2017 15:30,15:30,1,0,0,FEDERAL BOULEVARD SOUTH & KENTUCKY AVENUE WEST,1,1,0,0,1,2,0,,30,0,0,0,1,0,2,2,13
,2017_25998,39.700406,-105.025085,2/26/2017 14:25,14:25,12,0,0,FEDERAL BOULEVARD SOUTH & KENTUCKY AVENUE WEST,1,1,0,0,1,1,0,,40,0,0,0,0,0,2,2,13
,2017_25999,39.700406,-105.025085,2/28/2017 21:25,21:25,12,0,0,FEDERAL BOULEVARD SOUTH & KENTUCKY AVENUE WEST,1,3,0,0,1,3,0,,35,0,0,0,0,0,2,2,3
,2017_26000,39.700406,-105.025085,3/20/2017 13:33,13:33,12,0,0,KENTUCKY AVENUE WEST & FEDERAL BOULEVARD SOUTH,1,1,0,0,1,1,0,,,0,0,0,0,0,2,2,13
,2017_26001,39.700406,-105.025085,6/4/2017 22:46,22:46,3,0,0,FEDERAL BOULEVARD SOUTH & KENTUCKY AVENUE WEST,1,1,0,0,1,1,0,,35,0,0,0,0,0,2,2,13
,2017_26002,39.700406,-105.025085,6/10/2017 20:49,20:49,3,0,0,FEDERAL BOULEVARD SOUTH & KENTUCKY AVENUE WEST,1,3,0,0,1,1,0,,40,0,0,0,0,0,2,2,13
,2017_26003,39.700406,-105.025085,6/13/2017 14:49,14:49,3,0,0,KENTUCKY AVENUE WEST & FEDERAL BOULEVARD SOUTH,1,1,0,0,1,1,0,,30,0,0,0,0,0,2,3,13
,2017_26004,39.700406,-105.025085,7/18/2017 21:18,21:18,3,0,0,KENTUCKY AVENUE WEST & FEDERAL BOULEVARD SOUTH,1,3,0,0,1,2,0,,,0,0,0,0,1,2,2,13
,2017_26005,39.700406,-105.025085,8/16/2017 12:01,12:01,1,0,1,KENTUCKY AVENUE WEST & FEDERAL BOULEVARD SOUTH,1,1,0,0,1,1,0,,35,0,0,0,0,2,2,3,13
,2017_26006,39.700406,-105.025085,8/22/2017 13:54,13:54,15,0,0,FEDERAL BOULEVARD SOUTH & KENTUCKY AVENUE WEST,1,1,0,0,1,4,0,,40,0,0,0,0,0,2,2,13
,2017_26007,39.700406,-105.025085,9/27/2017 19:36,19:36,3,0,0,FEDERAL BOULEVARD SOUTH & KENTUCKY AVENUE WEST,1,3,0,0,1,1,0,,30,0,0,0,0,0,2,2,7
,2017_26008,39.700406,-105.025085,10/9/2017 12:06,12:06,3,0,0,FEDERAL BOULEVARD SOUTH & KENTUCKY AVENUE WEST,2,1,0,0,1,1,0,,30,0,0,0,0,0,2,2,13
,2017_26009,39.700406,-105.025085,10/12/2017 22:20,22:20,12,0,0,FEDERAL BOULEVARD SOUTH & KENTUCKY AVENUE WEST,1,3,0,0,1,4,0,,25,0,0,0,0,0,2,2,8
,2017_26010,39.700406,-105.025085,10/20/2017 11:00,11:00,12,0,0,FEDERAL BOULEVARD SOUTH & MISSISSIPPI AVENUE WEST,1,1,0,0,1,4,0,,,0,0,0,0,0,2,2,13
,2017_26011,39.700406,-105.025085,11/5/2017 19:37,19:37,15,0,0,FEDERAL BOULEVARD SOUTH & KENTUCKY AVENUE WEST,1,3,0,0,1,4,0,,40,0,0,0,0,0,2,2,13
,2017_26012,39.700406,-105.025085,11/28/2017 17:45,17:45,12,0,0,FEDERAL BOULEVARD SOUTH & KENTUCKY AVENUE WEST,1,3,0,0,1,1,0,,,0,0,0,0,0,2,2,13
,2017_26013,39.700406,-105.025085,11/28/2017 18:26,18:26,3,0,0,FEDERAL BOULEVARD SOUTH & KENTUCKY AVENUE WEST,1,3,0,0,1,1,0,,,0,0,0,0,0,2,2,13
,2017_26014,39.700256,-105.025084,5/1/2017 10:36,10:36,12,0,0,FEDERAL BOULEVARD 900 SOUTH & KENTUCKY WEST,1,1,0,0,1,4,0,,40,0,0,0,0,0,2,2,14
,2017_26015,39.699814,-105.025082,4/22/2017 15:14,15:14,12,0,2,FEDERAL BOULEVARD & FEDERAL BOULEVARD 900 BLOCK SOUTH,1,1,0,0,1,4,0,,40,0,0,0,0,2,2,4,1
,2017_26016,39.699371,-105.025081,1/12/2017 13:02,13:02,15,0,0,FEDERAL BOULEVARD SOUTH & FORD PLACE WEST,1,1,0,0,1,4,0,,40,0,0,0,0,0,2,2,7
,2017_26018,39.699224,-105.02508,5/18/2017 17:35,17:35,3,0,0,FEDERAL BOULEVARD SOUTH & FORD PLACE WEST,2,1,0,2,1,1,0,,40,0,0,0,0,0,2,2,7
,2017_26019,39.698634,-105.025078,4/29/2017 22:08,22:08,12,0,0,FEDERAL BOULEVARD SOUTH & TENNESSEE AVENUE WEST,2,3,0,2,1,1,0,,30,0,0,0,0,0,2,2,1
,2017_26020,39.697308,-105.025073,6/2/2017 8:20,8:20,15,0,0,FEDERAL BOULEVARD 1000 BLOCK SOUTH & MISSISSIPPI AVENUE WEST,1,1,0,0,1,4,0,,40,0,0,0,0,0,2,2,1
,2017_26021,39.697013,-105.025072,8/11/2017 15:16,15:16,3,0,0,MISSISSIPPI AVENUE WEST & FEDERAL BOULEVARD SOUTH,1,1,0,0,1,2,0,,35,0,0,0,0,0,2,2,13
,2017_26022,39.696865,-105.025071,1/12/2017 16:13,16:13,15,0,0,FEDERAL BOULEVARD SOUTH & MISSISSIPPI AVENUE WEST,1,1,0,2,1,4,0,,40,0,0,0,0,0,2,2,7
,2017_26023,39.696865,-105.025071,1/27/2017 10:43,10:43,15,0,0,FEDERAL BOULEVARD SOUTH & MISSISSIPPI AVENUE WEST,1,1,0,0,1,3,0,,40,0,0,0,0,0,2,2,7
,2017_26024,39.696865,-105.025071,4/3/2017 8:05,8:05,12,0,0,FEDERAL BOULEVARD SOUTH & MISSISSIPPI AVENUE WEST,1,1,0,0,1,1,0,,30,0,0,0,0,0,2,3,13
,2017_26025,39.696865,-105.025071,5/2/2017 18:55,18:55,3,0,0,FEDERAL BOULEVARD SOUTH & MISSISSIPPI AVENUE,1,1,0,0,1,2,0,,,0,0,0,0,0,2,2,13
,2017_26026,39.696865,-105.025071,6/27/2017 6:45,6:45,15,0,0,FEDERAL BOULEVARD 1000 BLOCK SOUTH & MISSISSIPPI AVENUE WEST,1,1,0,0,1,4,0,,40,0,0,0,0,0,2,2,13
,2017_26027,39.696718,-105.025071,1/5/2017 17:50,17:50,12,0,0,MISSISSIPPI AVENUE WEST & FEDERAL BOULEVARD SOUTH,4,3,0,2,1,3,0,,35,0,0,0,0,0,2,2,14
,2017_26028,39.696718,-105.025071,1/12/2017 16:43,16:43,15,0,0,FEDERAL BOULEVARD SOUTH & MISSISSIPPI AVENUE WEST,4,3,0,2,1,4,0,,40,0,0,0,0,0,2,2,7
,2017_26029,39.696718,-105.025071,1/22/2017 18:57,18:57,12,0,0,MISSISSIPPI AVENUE WEST & FEDERAL BOULEVARD SOUTH,1,3,1,0,1,4,0,,35,0,0,0,0,0,2,2,1
,2017_26030,39.696718,-105.025071,1/31/2017 16:25,16:25,12,0,0,FEDERAL BOULEVARD & 1100 BLOCK SOUTH,1,1,0,0,1,4,0,,35,0,0,0,0,0,2,3,3
,2017_26031,39.696718,-105.025071,2/24/2017 11:01,11:01,15,0,0,MISSISSIPPI AVENUE 3000 BLOCK WEST & FEDERAL BOULEVARD SOUTH,2,1,0,0,1,3,0,,30,0,0,0,0,0,2,2,8
,2017_26032,39.682275,-105.025016,1/6/2017 11:30,11:30,3,0,0,FEDERAL BOULEVARD SOUTH & JEWELL BOULEVARD WEST,4,1,0,0,1,1,0,,,0,0,0,0,1,2,2,13
,2017_26033,39.696718,-105.025071,4/5/2017 15:47,15:47,12,0,0,MISSISSIPPI AVENUE WEST & FEDERAL BOULEVARD SOUTH,1,1,0,0,1,1,0,,30,0,0,0,0,0,2,2,1
,2017_26034,39.696718,-105.025071,6/2/2017 14:39,14:39,12,0,0,FEDERAL BOULEVARD SOUTH & MISSISSIPPI AVENUE WEST,1,1,0,0,1,3,0,,,0,0,0,0,0,2,2,13
,2017_26035,39.696718,-105.025071,6/22/2017 17:43,17:43,3,0,0,FEDERAL BOULEVARD SOUTH & MISSISSIPPI AVENUE WEST,1,1,0,0,1,1,0,,40,0,0,0,0,0,2,2,3
,2017_26036,39.696718,-105.025071,7/10/2017 7:30,7:30,12,0,0,MISSISSIPPI AVENUE 3000 BLOCK WEST & FEDERAL BOULEVARD SOUTH,1,1,0,0,1,3,0,,30,0,0,0,0,0,2,2,1
,2017_26037,39.696718,-105.025071,8/3/2017 13:03,13:03,12,0,0,FEDERAL BOULEVARD SOUTH & MISSISSIPPI AVENUE WEST,1,1,0,0,1,3,0,,40,0,0,0,0,0,2,2,3
,2017_26038,39.696718,-105.025071,8/16/2017 11:30,11:30,3,0,0,MISSISSIPPI AVENUE WEST & FEDERAL BOULEVARD SOUTH,1,5,0,0,1,1,0,,40,0,0,0,0,0,2,2,13
,2017_26039,39.696718,-105.025071,8/24/2017 18:16,18:16,1,0,0,FEDERAL BOULEVARD SOUTH & MISSISSIPPI AVENUE WEST,1,1,1,0,1,1,0,,40,0,0,0,0,1,2,2,13
,2017_26040,39.696718,-105.025071,8/30/2017 19:38,19:38,15,0,1,FEDERAL BOULEVARD SOUTH & MISSISSIPPI AVENUE WEST,1,1,0,0,1,3,0,,40,0,0,0,1,2,2,2,1
,2017_26041,39.696718,-105.025071,10/19/2017 17:13,17:13,15,0,0,MISSISSIPPI AVENUE WEST & FEDERAL BOULEVARD SOUTH,1,1,0,0,1,3,0,,30,0,0,0,0,0,2,2,1
,2017_26042,39.696718,-105.025071,11/15/2017 7:10,7:10,15,0,0,FEDERAL BOULEVARD SOUTH & MISSISSIPPI AVENUE WEST,1,1,0,0,1,1,0,,35,0,0,0,0,0,2,2,3
,2017_26044,39.69657,-105.02507,9/5/2017 16:23,16:23,15,0,0,FEDERAL BOULEVARD SOUTH & MISSISSIPPI AVENUE WEST,1,1,0,0,1,4,0,,40,0,0,0,0,0,2,2,7
,2017_26045,39.69657,-105.02507,10/21/2017 10:28,10:28,12,0,0,FEDERAL BOULEVARD 1100 BLOCK SOUTH & MISSISSIPPI AVENUE WEST,1,1,0,0,1,4,0,,40,0,0,0,0,0,2,2,13
,2017_26046,39.696423,-105.02507,5/20/2017 11:21,11:21,12,0,0,FEDERAL BOULEVARD SOUTH & MISSISSIPPI AVENUE WEST,1,1,0,0,1,3,0,,30,0,0,0,0,0,2,2,7
,2017_26047,39.696423,-105.02507,7/27/2017 13:24,13:24,3,0,0,FEDERAL BOULEVARD SOUTH & MISSISSIPPI AVENUE WEST,1,1,0,0,1,2,0,,25,0,0,0,0,0,2,2,7
,2017_26048,39.696423,-105.02507,9/16/2017 22:30,22:30,12,0,0,FEDERAL BOULEVARD SOUTH & MISSISSIPPI AVENUE WEST,1,3,0,0,1,3,0,,35,0,0,0,0,0,2,2,3
,2017_26049,39.696128,-105.025068,7/7/2017 9:19,9:19,1,0,1,FEDERAL BOULEVARD & MISSISSIPPI AVENUE WEST,1,1,0,0,1,2,0,,35,0,0,0,1,2,2,2,13
,2017_26050,39.696128,-105.025068,10/11/2017 12:15,12:15,15,0,0,FEDERAL BOULEVARD SOUTH & MISSISSIPPI AVENUE WEST,1,1,1,0,1,4,0,,35,0,0,0,0,0,2,2,13
,2017_26051,39.695833,-105.025067,2/8/2017 6:36,6:36,15,0,0,FEDERAL BOULEVARD SOUTH & MISSISSIPPI AVENUE WEST,1,2,1,0,1,4,0,,35,0,0,0,0,0,2,2,13
,2017_26052,39.695096,-105.025064,2/27/2017 12:39,12:39,1,0,0,FEDERAL BOULEVARD & ARIZONA STREET WEST,1,1,0,0,1,2,0,,35,0,0,0,0,1,2,2,13
,2017_26053,39.695096,-105.025064,7/7/2017 11:25,11:25,3,0,0,FEDERAL BOULEVARD & ARIZONA AVENUE WEST,1,1,0,0,1,2,0,,15,0,0,0,0,0,2,2,13
,2017_26054,39.694949,-105.025064,4/27/2017 10:43,10:43,15,0,0,FEDERAL BOULEVARD & ARIZONA AVENUE WEST,1,1,0,0,1,4,0,,35,0,0,0,0,0,2,2,13
,2017_26055,39.694802,-105.025063,8/17/2017 8:02,8:02,12,0,0,FEDERAL BOULEVARD SOUTH & ARIZONA AVENUE WEST,1,1,0,0,1,1,0,,35,0,0,0,0,0,2,3,13
,2017_26056,39.694507,-105.025062,7/25/2017 12:10,12:10,12,0,0,FEDERAL BOULEVARD 1100 BLOCK SOUTH & ARIZONA STREET WEST,1,1,0,0,1,4,0,,35,0,0,0,0,1,2,2,13