id,drcog_id,latitude,longitude,crashtime,time,crashtype,numbkilled,numbinjurd,drcoglocat,rdconditin,lightngcon,roadcntgrd,weatherco,location,roaddescrp,constrzone,schoolzone,splimit,bikeinv,pedinv,sctrinv,motoinv,svrty,rdsystem,ttlvehcls,hcf
,2017_26057,39.693917,-105.02506,4/21/2017 19:00,19:00,1,0,0,FEDERAL BOULEVARD 1200 BLOCK SOUTH & LOUISIANA AVENUE WEST,1,2,0,0,1,2,0,,40,0,0,0,0,0,2,2,7
,2017_26058,39.693327,-105.025058,11/7/2017 6:54,6:54,1,0,0,FEDERAL BOULEVARD & LOUISIANA AVENUE WEST,2,1,0,0,1,2,0,,35,0,0,0,0,0,2,2,13
,2017_26059,39.69318,-105.025057,3/16/2017 16:45,16:45,12,0,0,FEDERAL BOULEVARD SOUTH & LOUISIANA AVENUE WEST,1,1,0,0,1,4,0,,10,0,0,0,0,0,2,3,3
,2017_26060,39.693033,-105.025057,3/10/2017 18:45,18:45,15,0,0,FEDERAL BOULEVARD SOUTH & LOUISIANA AVENUE WEST,1,1,0,0,1,1,0,,35,0,0,0,0,0,2,2,13
,2017_26061,39.693033,-105.025057,3/11/2017 13:59,13:59,1,0,0,FEDERAL BOULEVARD SOUTH & LOUISIANA AVENUE WEST,1,1,0,0,1,1,0,,35,0,0,0,0,0,2,2,13
,2017_26062,39.693033,-105.025057,3/24/2017 14:07,14:07,12,0,0,FEDERAL BOULEVARD SOUTH & LOUISIANA AVENUE WEST,1,1,0,0,1,3,0,,35,0,0,0,0,0,2,2,7
,2017_26063,39.693033,-105.025057,5/18/2017 17:33,17:33,12,0,0,FEDERAL BOULEVARD SOUTH & LOUISIANA AVENUE WEST,4,1,0,2,1,4,0,,40,0,0,0,0,0,2,5,13
,2017_26064,39.693033,-105.025057,5/18/2017 17:33,17:33,12,0,0,FEDERAL BOULEVARD SOUTH 1300 BLOCK & LOUISIANA AVENUE WEST,4,1,0,2,1,4,0,,,0,0,0,0,0,2,5,13
,2017_26065,39.693033,-105.025057,6/13/2017 16:04,16:04,12,0,0,LOUISIANA AVENUE 2900 WEST & FEDERAL BOULEVARD SOUTH,1,1,0,0,1,4,0,,25,0,0,0,0,0,2,2,13
,2017_26066,39.693033,-105.025057,8/21/2017 16:15,16:15,12,0,0,FEDERAL BOULEVARD SOUTH & LOUISIANA AVENUE WEST,1,1,0,0,1,1,0,,40,0,0,0,0,0,2,2,3
,2017_26067,39.693033,-105.025057,10/12/2017 10:30,10:30,12,0,0,FEDERAL BOULEVARD 1300 BLOCK SOUTH & LOUISIANA AVENUE WEST,1,1,0,0,1,4,0,,35,0,0,0,0,0,2,2,3
,2017_26068,39.693033,-105.025057,10/14/2017 14:45,14:45,12,0,0,FEDERAL BOULEVARD 1300 BLOCK SOUTH & LOUISIANA AVENUE WEST,1,1,0,0,1,4,0,,35,0,0,0,0,1,2,2,14
,2017_26069,39.693033,-105.025057,11/19/2017 13:01,13:01,1,0,0,FEDERAL BOULEVARD SOUTH & LOUISIANA AVENUE WEST,1,1,0,0,1,1,0,,25,0,0,0,0,0,2,2,13
,2017_26070,39.692885,-105.025056,1/6/2017 17:15,17:15,12,0,0,FEDERAL BOULEVARD SOUTH & LOUISIANA AVENUE WEST,5,2,0,0,1,4,0,,40,0,0,0,0,0,2,3,14
,2017_26071,39.692738,-105.025056,1/25/2017 18:00,18:00,12,0,0,FEDERAL BOULEVARD SOUTH & LOUISIANA AVENUE WEST,1,2,0,0,1,4,0,,30,0,0,0,0,1,2,3,13
,2017_26072,39.692296,-105.025054,10/29/2017 16:23,16:23,12,0,2,FEDERAL BOULEVARD & FLORIDA AVENUE WEST,1,1,1,0,1,4,0,,40,0,0,0,0,2,2,3,13
,2017_26073,39.691264,-105.02505,1/6/2017 8:40,8:40,3,0,0,FEDERAL BOULEVARD SOUTH & ARKANSAS AVENUE WEST,9,1,0,0,1,1,0,,40,0,0,0,0,0,2,3,13
,2017_26074,39.691264,-105.02505,2/3/2017 18:30,18:30,12,0,0,FEDERAL BOULEVARD SOUTH & ARKANSAS STREET WEST,1,3,0,0,1,1,0,,35,0,0,0,0,0,2,2,13
,2017_26075,39.691264,-105.02505,4/2/2017 19:44,19:44,12,0,0,FEDERAL BOULEVARD SOUTH & ARKANSAS AVENUE WEST,1,2,1,0,1,3,0,,,0,0,0,0,1,2,3,13
,2017_26076,39.691264,-105.02505,4/25/2017 19:00,19:00,3,0,0,ARKANSAS AVENUE WEST  & FEDERAL BOULEVARD SOUTH,2,1,0,1,1,1,0,,40,0,0,0,0,0,2,2,4
,2017_26077,39.691264,-105.02505,7/10/2017 18:55,18:55,1,0,0,ARKANSAS AVENUE WEST  & FEDERAL BOULEVARD SOUTH,1,1,0,0,1,1,0,,45,0,0,0,0,0,2,2,7
,2017_26078,39.691264,-105.02505,7/19/2017 16:32,16:32,12,0,0,ARKANSAS AVENUE WEST  & FEDERAL BOULEVARD SOUTH,1,1,0,0,1,1,0,,35,0,0,0,0,0,2,2,14
,2017_26079,39.747708,-104.990616,1/24/2017 8:13,8:13,15,0,0,18TH STREET & STOUT STREET,1,1,0,7,1,2,0,,30,0,0,0,0,0,4,2,7
,2017_26080,39.691264,-105.02505,8/2/2017 16:10,16:10,12,0,0,FEDERAL BOULEVARD SOUTH & ARKANSAS AVENUE WEST,1,1,0,0,1,4,0,,35,0,0,0,0,0,2,2,3
,2017_26081,39.691264,-105.02505,11/2/2017 8:04,8:04,12,0,0,FEDERAL BOULEVARD 1400 BLOCK SOUTH & ARKANSAS AVENUE WEST,1,1,0,0,1,4,0,,40,0,0,0,0,0,2,3,7
,2017_26082,39.691264,-105.02505,11/14/2017 16:40,16:40,1,0,0,FEDERAL BOULEVARD SOUTH & ARKANSAS AVENUE WEST,1,1,0,0,1,1,0,,40,0,0,0,0,0,2,2,13
,2017_26083,39.691116,-105.025049,11/22/2017 16:47,16:47,12,0,0,FEDERAL BOULEVARD SOUTH & ARKANSAS AVENUE WEST,1,2,0,0,1,3,0,,40,0,0,0,0,0,2,3,3
,2017_26084,39.690821,-105.025048,4/21/2017 16:43,16:43,12,0,0,FEDERAL BOULEVARD SOUTH & ARKANSAS AVENUE WEST,1,1,3,0,1,3,0,,40,0,0,0,0,1,2,2,3
,2017_26085,39.690674,-105.025048,8/29/2017 14:23,14:23,12,0,0,FEDERAL BOULEVARD SOUTH & ARKANSAS AVENUE WEST,1,1,0,0,1,4,0,,40,0,0,0,0,0,2,2,3
,2017_26086,39.690674,-105.025048,9/12/2017 16:01,16:01,15,0,0,SANTA FE DRIVE SOUTH & IOWA AVENUE WEST,1,1,0,0,1,4,0,,,0,0,0,0,0,2,2,13
,2017_26087,39.690379,-105.025047,11/22/2017 17:05,17:05,3,0,0,FEDERAL BOULEVARD 1500 SOUTH & FLORIDA AVENUE WEST,1,3,0,0,1,2,0,,40,0,0,0,0,0,2,3,13
,2017_26088,39.68979,-105.025044,8/22/2017 5:47,5:47,12,0,0,FEDERAL BOULEVARD SOUTH & FLORIDA AVENUE WEST,1,2,0,0,1,4,0,,45,0,0,0,0,1,2,3,13
,2017_26089,39.689495,-105.025043,1/8/2017 14:45,14:45,12,0,0,FEDERAL BOULEVARD 1500 BLOCK SOUTH & FLORIDA AVENUE WEST,6,1,0,0,1,1,0,,35,0,0,0,0,0,2,2,13
,2017_26090,39.689495,-105.025043,1/17/2017 19:00,19:00,3,0,0,FLORIDA AVENUE WEST & FEDERAL BOULEVARD SOUTH,2,2,0,0,1,1,0,,45,0,0,0,0,0,2,2,13
,2017_26091,39.689495,-105.025043,5/13/2017 18:55,18:55,1,0,0,FEDERAL BOULEVARD SOUTH & FLORIDA AVENUE WEST,1,1,0,0,1,1,0,,40,0,0,0,0,0,2,3,13
,2017_26092,39.689495,-105.025043,6/8/2017 20:45,20:45,12,0,0,FLORIDA AVENUE WEST & FEDERAL BOULEVARD SOUTH,1,3,0,0,1,1,0,,35,0,0,0,0,0,2,2,13
,2017_26093,39.689495,-105.025043,6/21/2017 21:59,21:59,15,0,0,FEDERAL BOULEVARD SOUTH & FLORIDA AVENUE WEST,1,3,0,0,1,3,0,,45,0,0,0,0,1,2,2,13
,2017_26094,39.689495,-105.025043,7/2/2017 21:40,21:40,10,0,0,FLORIDA AVENUE WEST & FEDERAL BOULEVARD SOUTH,1,3,0,0,1,1,0,,35,0,0,0,0,0,2,2,14
,2017_26095,39.689495,-105.025043,7/26/2017 13:36,13:36,12,0,0,FLORIDA AVENUE WEST & FEDERAL BOULEVARD SOUTH,1,1,0,0,1,3,0,,30,0,0,0,0,0,2,2,8
,2017_26096,39.689495,-105.025043,8/12/2017 21:29,21:29,15,0,2,FEDERAL BOULEVARD SOUTH & FLORIDA AVENUE WEST,1,3,1,0,1,1,0,,40,0,0,0,0,2,2,3,1
,2017_26097,39.689495,-105.025043,8/24/2017 8:25,8:25,15,0,0,FEDERAL BOULEVARD 1500 BLOCK SOUTH & FLORIDA AVENUE WEST,1,1,0,0,1,4,0,,35,0,0,0,0,0,2,2,8
,2017_26098,39.689495,-105.025043,8/28/2017 7:46,7:46,1,0,0,FEDERAL BOULEVARD SOUTH & FLORIDA AVENUE WEST,1,1,0,0,1,1,0,,40,0,0,0,0,0,2,3,13
,2017_26099,39.689495,-105.025043,9/12/2017 15:22,15:22,1,0,0,FEDERAL BOULEVARD SOUTH & FLORIDA AVENUE WEST,1,1,0,0,1,1,0,,40,0,0,0,0,0,2,2,13
,2017_26100,39.689495,-105.025043,9/15/2017 11:35,11:35,5,0,0,FEDERAL BOULEVARD SOUTH & FLORIDA AVENUE WEST,1,1,1,0,3,1,0,,40,0,0,0,0,1,2,1,1
,2017_26101,39.689495,-105.025043,9/19/2017 8:05,8:05,1,0,0,FLORIDA AVENUE WEST & FEDERAL BOULEVARD SOUTH,1,1,0,0,1,1,0,,30,0,0,0,0,1,2,2,13
,2017_26102,39.689495,-105.025043,10/3/2017 7:57,7:57,3,0,0,FEDERAL BOULEVARD SOUTH & FLORIDA AVENUE WEST,1,1,0,0,1,1,0,,35,0,0,0,0,0,2,2,3
,2017_26103,39.689495,-105.025043,10/10/2017 17:30,17:30,12,0,0,FLORIDA AVENUE WEST & FEDERAL BOULEVARD SOUTH,1,1,0,0,1,1,0,,25,0,0,0,0,0,2,2,10
,2017_26104,39.689495,-105.025043,10/14/2017 19:14,19:14,1,0,0,FEDERAL BOULEVARD SOUTH & FLORIDA AVENUE WEST WEST,1,3,0,0,1,1,0,,40,0,0,0,0,0,2,2,13
,2017_26105,39.689495,-105.025043,12/10/2017 0:50,0:50,14,0,0,FEDERAL BOULEVARD SOUTH & FLORIDA AVENUE WEST,1,3,0,0,1,1,0,,35,0,0,0,0,0,2,2,5
,2017_26107,39.689495,-105.025043,12/12/2017 19:48,19:48,3,0,0,FEDERAL BOULEVARD SOUTH & FLORIDA AVENUE WEST,1,3,1,0,1,1,0,,40,0,0,0,0,0,2,2,13
,2017_26108,39.689495,-105.025043,12/22/2017 12:00,12:00,12,0,0,FEDERAL BOULEVARD SOUTH & FLORIDA AVENUE WEST,1,1,0,0,1,1,0,,40,0,0,0,0,0,2,2,1
,2017_26109,39.689347,-105.025043,2/10/2017 14:21,14:21,15,0,0,FEDERAL BOULEVARD SOUTH & FLORIDA AVENUE WEST,1,1,0,0,1,4,0,,40,0,0,0,0,0,2,2,7
,2017_26110,39.689347,-105.025043,4/28/2017 18:37,18:37,3,0,0,FEDERAL BOULEVARD SOUTH & FLORIDA AVENUE WEST,2,1,0,2,1,3,0,,40,0,0,0,0,1,2,2,7
,2017_26111,39.689347,-105.025043,6/8/2017 13:45,13:45,12,0,0,FEDERAL BOULEVARD & FLORIDA AVENUE WEST,1,1,0,0,1,3,0,,40,0,0,0,0,0,2,2,3
,2017_26112,39.689347,-105.025043,6/10/2017 21:35,21:35,12,0,0,FEDERAL BOULEVARD SOUTH & FLORIDA AVENUE WEST,1,3,0,0,1,3,0,,,0,0,0,0,0,2,2,13
,2017_26113,39.689347,-105.025043,10/10/2017 10:15,10:15,12,0,0,FEDERAL BOULEVARD SOUTH & FLORIDA AVENUE WEST,1,1,0,0,1,3,0,,40,0,0,0,0,0,2,2,13
,2017_26114,39.689347,-105.025043,11/21/2017 11:15,11:15,12,0,0,FEDERAL BOULEVARD SOUTH & FLORIDA AVENUE EAST,1,1,0,0,1,3,0,,30,0,0,0,0,0,2,2,13
,2017_26115,39.687873,-105.025037,11/9/2017 16:39,16:39,8,0,0,FEDERAL BOULEVARD 1500 BLOCK SOUTH & IOWA AVENUE WEST,1,1,1,0,1,4,0,,40,0,0,0,0,1,2,2,1
,2017_26116,39.687726,-105.025036,2/14/2017 14:48,14:48,12,0,0,FEDERAL BOULEVARD SOUTH & IOWA AVENUE WEST,1,1,1,0,1,1,0,,40,0,0,0,0,0,2,2,3
,2017_26117,39.687726,-105.025036,6/12/2017 18:00,18:00,12,0,0,FEDERAL BOULEVARD SOUTH & IOWA AVENUE WEST,1,1,1,0,1,4,0,,40,0,0,0,0,0,2,2,7
,2017_26118,39.687726,-105.025036,7/22/2017 13:40,13:40,12,0,0,FEDERAL BOULEVARD 1600 BLOCK OF SOUTH & IOWA AVENUE WEST,1,1,0,0,1,4,0,,35,0,0,0,0,0,2,3,13
,2017_26119,39.687726,-105.025036,8/27/2017 22:45,22:45,12,0,0,FEDERAL BOULEVARD SOUTH & IOWA AVENUE WEST,1,3,0,0,1,4,0,,40,0,0,0,0,0,2,2,14
,2017_26120,39.687726,-105.025036,8/28/2017 18:04,18:04,12,0,0,FEDERAL BOULEVARD SOUTH & IOWA AVENUE WEST,1,5,1,0,1,1,0,,40,0,0,0,0,0,2,2,8
,2017_26121,39.687726,-105.025036,10/1/2017 19:16,19:16,12,0,0,FEDERAL BOULEVARD SOUTH & IOWA AVENUE WEST,1,3,0,0,1,1,0,,40,0,0,0,0,0,2,2,13
,2017_26122,39.687726,-105.025036,12/4/2017 16:08,16:08,15,0,0,FEDERAL BOULEVARD SOUTH & IOWA AVENUE WEST,1,2,1,0,1,3,0,,40,0,0,0,0,0,2,2,7
,2017_26123,39.687578,-105.025036,2/18/2017 18:32,18:32,3,0,2,FEDERAL BOULEVARD 1600 BLOCK SOUTH & IOWA AVENUE WEST,1,3,0,0,1,1,0,,35,0,0,0,0,2,2,2,5
,2017_26124,39.687578,-105.025036,5/28/2017 21:49,21:49,12,0,0,FEDERAL BOULEVARD SOUTH & IOWA AVENUE WEST,1,3,1,0,1,4,0,,35,0,0,0,0,1,2,2,13
,2017_26125,39.687578,-105.025036,9/12/2017 20:40,20:40,12,0,0,FEDERAL BOULEVARD SOUTH & IOWA AVENUE WEST,1,3,1,0,1,3,0,,35,0,0,0,0,0,2,2,3
,2017_26126,39.687136,-105.025034,1/6/2017 18:20,18:20,1,0,0,FEDERAL BOULEVARD 1600 BLOCK SOUTH & IOWA AVENUE WEST,5,3,1,2,1,3,0,,35,0,0,0,0,0,2,2,14
,2017_26127,39.685957,-105.02503,1/16/2017 8:07,8:07,8,0,0,FEDERAL BOULEVARD SOUTH & MEXICO AVENUE WEST,5,1,1,2,1,1,0,,40,0,0,0,0,0,2,2,7
,2017_26128,39.685957,-105.02503,6/20/2017 13:40,13:40,12,0,0,FEDERAL BOULEVARD SOUTH & MEXICO AVENUE WEST,1,1,1,0,1,1,0,,35,0,0,0,0,1,2,2,3
,2017_26129,39.685957,-105.02503,7/29/2017 14:45,14:45,15,0,0,FEDERAL BOULEVARD SOUTH & MEXICO AVENUE WEST,1,1,0,0,1,4,0,,40,0,0,0,0,0,2,2,14
,2017_26130,39.685957,-105.02503,12/5/2017 14:40,14:40,1,0,0,FEDERAL BOULEVARD SOUTH & MEXICO AVENUE WEST,1,1,0,0,1,1,0,,35,0,0,0,0,0,2,2,14
,2017_26131,39.685072,-105.025026,10/18/2017 7:50,7:50,12,0,0,FEDERAL BOULEVARD SOUTH & COLORADO AVENUE WEST ROAD WEST,1,2,1,0,1,4,0,,35,0,0,0,0,0,2,2,4
,2017_26133,39.682275,-105.025016,3/15/2017 17:22,17:22,15,0,0,FEDERAL BOULEVARD SOUTH & JEWELL AVENUE WEST,1,1,0,0,1,3,0,,,0,0,0,0,0,2,2,13
,2017_26135,39.684925,-105.025026,2/25/2017 13:09,13:09,3,0,0,FEDERAL BOULEVARD SOUTH & COLORADO AVENUE WEST,1,1,0,0,1,1,0,,40,0,0,0,0,0,2,3,1
,2017_26136,39.684777,-105.025025,4/3/2017 7:31,7:31,12,0,0,FEDERAL BOULEVARD SOUTH & COLORADO AVENUE WEST,1,1,1,0,1,3,0,,40,0,0,0,0,1,2,2,7
,2017_26137,39.684777,-105.025025,5/14/2017 21:50,21:50,12,0,0,FEDERAL BOULEVARD SOUTH & COLORADO AVENUE WEST,1,4,0,0,1,1,0,,35,0,0,0,0,1,2,2,7
,2017_26138,39.68463,-105.025025,7/13/2017 16:46,16:46,12,0,0,FEDERAL BOULEVARD SOUTH & COLORADO AVENUE WEST,1,1,1,0,1,4,0,,35,0,0,0,0,0,2,2,7
,2017_26139,39.68463,-105.025025,10/6/2017 15:29,15:29,12,0,0,FEDERAL BOULEVARD SOUTH & COLORADO AVENUE WEST ROAD WEST,1,1,1,0,1,4,0,,40,0,0,0,0,1,2,2,3
,2017_26140,39.683893,-105.025022,12/2/2017 20:10,20:10,12,0,0,FEDERAL BOULEVARD SOUTH & MEXICO AVENUE WEST,1,4,1,0,1,3,0,,40,0,0,0,0,1,2,2,3
,2017_26141,39.682714,-105.025017,10/20/2017 15:55,15:55,12,0,0,FEDERAL BOULEVARD SOUTH & JEWELL AVENUE WEST,1,1,1,0,1,4,0,,40,0,0,0,0,0,2,4,14
,2017_26142,39.682566,-105.025017,4/17/2017 15:26,15:26,12,0,0,FEDERAL BOULEVARD & JEWELL AVENUE WEST,1,1,1,0,1,3,0,,65,0,0,0,0,0,2,2,1
,2017_26143,39.682419,-105.025016,8/15/2017 18:15,18:15,12,0,0,FEDERAL BOULEVARD SOUTH & JEWELL AVENUE WEST,1,1,0,0,1,3,0,,40,0,0,0,0,0,2,4,3
,2017_26144,39.682419,-105.025016,8/21/2017 16:44,16:44,15,0,0,FEDERAL BOULEVARD SOUTH & JEWELL AVENUE WEST,1,1,1,0,1,4,0,,40,0,0,0,0,0,2,2,1
,2017_26145,39.682275,-105.025016,5/6/2017 8:55,8:55,1,0,0,FEDERAL BOULEVARD SOUTH & JEWELL AVENUE WEST,1,1,0,0,1,1,0,,10,0,0,0,0,0,2,2,13
,2017_26146,39.682275,-105.025016,7/13/2017 14:15,14:15,12,0,0,FEDERAL BOULEVARD 1900 BLOCK SOUTH & JEWELL AVENUE WEST,1,1,0,0,1,3,0,,,0,0,0,0,0,2,2,13
,2017_26147,39.682275,-105.025016,7/18/2017 14:20,14:20,1,0,0,FEDERAL BOULEVARD SOUTH & JEWELL AVENUE WEST,1,1,0,0,1,1,0,,40,0,0,0,0,0,2,2,13
,2017_26148,39.682275,-105.025016,7/23/2017 18:11,18:11,15,0,0,JEWELL AVENUE WEST & FEDERAL BOULEVARD SOUTH,1,1,0,0,1,1,0,,,0,0,0,0,0,2,2,13
,2017_26149,39.682275,-105.025016,8/1/2017 10:32,10:32,12,0,0,JEWELL AVENUE 2900 BLOCK WEST & FEDERAL BOULEVARD SOUTH,1,1,0,0,1,4,0,,30,0,0,0,0,0,2,2,13
,2017_26150,39.682275,-105.025016,8/4/2017 21:35,21:35,1,0,0,FEDERAL BOULEVARD SOUTH & JEWELL AVENUE WEST,1,3,0,0,1,1,0,,45,0,0,0,0,1,2,2,5
,2017_26151,39.682275,-105.025016,8/27/2017 17:00,17:00,3,0,1,FEDERAL BOULEVARD SOUTH & JEWELL AVENUE WEST,1,1,0,0,1,1,0,,40,0,0,0,0,2,2,2,13
,2017_26152,39.682275,-105.025016,9/8/2017 14:32,14:32,12,0,0,FEDERAL BOULEVARD SOUTH & JEWELL AVENUE WEST,1,1,1,0,1,1,0,,,0,0,0,0,0,2,3,13
,2017_26153,39.682275,-105.025016,10/18/2017 17:56,17:56,12,0,0,FEDERAL BOULEVARD SOUTH & JEWELL AVENUE WEST,1,1,1,0,1,3,0,,40,0,0,0,0,0,2,2,3
,2017_26154,39.682126,-105.025017,4/14/2017 15:56,15:56,12,0,0,FEDERAL BOULEVARD SOUTH & JEWELL AVENUE WEST,1,1,0,0,1,4,0,,40,0,0,0,0,0,2,2,3
,2017_26155,39.682126,-105.025017,7/24/2017 18:10,18:10,15,0,0,FEDERAL BOULEVARD SOUTH & JEWELL AVENUE WEST,1,1,0,0,1,3,0,,40,0,0,0,0,0,2,2,7
,2017_26156,39.682126,-105.025017,9/1/2017 11:53,11:53,12,0,0,FEDERAL BOULEVARD 1900 BLOCK SOUTH & JEWELL AVENUE WEST,1,1,0,0,1,4,0,,35,0,0,0,0,1,2,2,13
,2017_26157,39.682126,-105.025017,9/6/2017 12:18,12:18,12,0,0,FEDERAL BOULEVARD SOUTH & JEWELL AVENUE WEST,1,1,0,0,1,4,0,,40,0,0,0,0,0,2,2,3
,2017_26158,39.68198,-105.025017,1/2/2017 20:20,20:20,12,0,0,FEDERAL BOULEVARD SOUTH & MISSISSIPPI AVENUE WEST,1,3,0,0,1,1,0,,35,0,0,0,0,0,2,2,13
,2017_26159,39.68198,-105.025017,5/2/2017 11:54,11:54,3,0,0,FEDERAL BOULEVARD & EVANS AVENUE EAST,1,1,0,0,1,2,0,,40,0,0,0,0,0,2,2,13
,2017_26160,39.68198,-105.025017,9/6/2017 11:36,11:36,12,0,0,FEDERAL BOULEVARD 1900 BLOCK SOUTH & JEWELL AVENUE WEST,1,1,0,1,1,2,0,,35,0,0,0,0,0,2,3,3
,2017_26161,39.681543,-105.02502,11/19/2017 7:35,7:35,5,0,0,FEDERAL BOULEVARD SOUTH & JEWEL AVENUE WEST,1,1,0,0,3,4,0,,40,0,0,0,0,0,2,1,5
,2017_26162,39.680523,-105.025025,3/10/2017 8:12,8:12,3,0,0,ASBURY AVENUE WEST & FEDERAL BOULEVARD SOUTH,1,1,0,0,1,1,0,,30,0,0,0,0,1,2,2,13
,2017_26163,39.680523,-105.025025,10/6/2017 16:50,16:50,12,0,0,FEDERAL BOULEVARD 1900 BLOCK SOUTH & ASBURY AVENUE WEST,1,1,0,0,1,4,0,,35,0,0,0,0,0,2,2,13
,2017_26164,39.679941,-105.025028,2/8/2017 16:08,16:08,15,0,0,FEDERAL BOULEVARD & 2000 BLOCK SOUTH,1,1,0,0,1,4,0,,35,0,0,0,0,0,2,3,1
,2017_26165,39.679212,-105.025032,1/22/2017 20:11,20:11,1,0,0,FEDERAL BOULEVARD 2000 BLOCK SOUTH & FEDERAL BOULEVARD SOUTH,1,3,0,0,1,3,0,,35,0,0,0,0,1,2,2,13
,2017_26166,39.679067,-105.025033,1/17/2017 7:25,7:25,3,0,0,FEDERAL BOULEVARD & 2098 SOUTH,2,1,1,0,1,2,0,,40,0,0,0,0,0,2,2,7
,2017_26167,39.679067,-105.025033,10/28/2017 8:05,8:05,1,0,0,FEDERAL BOULEVARD & 2086 SOUTH,1,1,1,0,1,2,0,,40,0,0,0,0,0,2,2,1
,2017_26168,39.678775,-105.025035,1/31/2017 15:13,15:13,12,0,0,FEDERAL BOULEVARD SOUTH & EVANS AVENUE WEST,1,1,0,0,1,3,0,,35,0,0,0,0,0,2,2,7
,2017_26169,39.678775,-105.025035,8/16/2017 13:34,13:34,12,0,0,FEDERAL BVLD SOUTH & EVANS AVENUE WEST,1,1,0,0,1,1,0,,40,0,0,0,0,0,2,2,13
,2017_26171,39.678775,-105.025035,8/19/2017 12:00,12:00,15,0,0,FEDERAL BOULEVARD 2000 BLOCK SOUTH & EVANS AVENUE WEST,1,1,0,0,1,3,0,,35,0,0,0,0,0,2,2,7
,2017_26172,39.67863,-105.025035,1/18/2017 7:45,7:45,13,0,1,EVANS AVENUE 3000 BLOCK WEST & FEDERAL BOULEVARD SOUTH,5,1,0,0,1,3,0,,,0,0,0,0,2,2,2,14
,2017_26173,39.67863,-105.025035,1/22/2017 17:39,17:39,12,0,0,EVANS AVENUE 2900 BLOCK WEST & FEDERAL BOULEVARD SOUTH,1,3,0,0,1,1,0,,35,0,0,0,0,0,2,2,13
,2017_26174,39.67863,-105.025035,2/7/2017 12:25,12:25,12,0,0,FEDERAL BOULEVARD SOUTH & EVANS AVENUE WEST,1,1,1,0,1,2,0,,40,0,0,0,0,0,2,2,7
,2017_26175,39.67863,-105.025035,5/2/2017 17:54,17:54,12,0,0,FEDERAL BOULEVARD SOUTH & EVANS AVENUE WEST,1,1,0,0,1,3,0,,35,0,0,0,0,0,2,4,13
,2017_26176,39.67863,-105.025035,7/15/2017 22:04,22:04,1,0,1,FEDERAL BOULEVARD SOUTH & EVANS AVENUE WEST,1,3,0,0,1,1,0,,40,0,0,0,0,2,2,2,1
,2017_26177,39.67863,-105.025035,9/5/2017 23:39,23:39,3,0,0,FEDERAL BOULEVARD SOUTH & EVANS AVENUE WEST,1,3,0,0,1,1,0,,35,0,0,0,0,0,2,2,1
,2017_26178,39.67863,-105.025035,10/22/2017 9:00,9:00,12,0,0,FEDERAL BOULEVARD & 2100 BLOCK SOUTH,1,1,1,0,1,4,0,,40,0,0,0,0,0,2,2,7
,2017_26179,39.67863,-105.025035,11/1/2017 11:42,11:42,3,0,0,EVANS AVENUE WEST & FEDERAL BOULEVARD SOUTH,1,1,0,0,1,3,0,,30,0,0,0,0,0,2,2,13
,2017_26180,39.67863,-105.025035,11/11/2017 11:05,11:05,15,0,0,EVANS AVENUE WEST & FEDERAL BOULEVARD SOUTH,1,1,1,0,1,3,0,,30,0,0,0,0,0,2,2,1
,2017_26181,39.67863,-105.025035,11/21/2017 23:06,23:06,1,0,0,FEDERAL BOULEVARD SOUTH & EVANS AVENUE WEST,1,3,0,0,1,1,0,,35,0,0,0,0,0,2,2,13
,2017_26182,39.678484,-105.025036,6/6/2017 18:00,18:00,12,0,0,FEDERAL BOULEVARD SOUTH & EVANS AVENUE WEST,1,1,0,0,1,4,0,,40,0,0,0,0,0,2,2,1
,2017_26183,39.678192,-105.025038,4/8/2017 13:30,13:30,12,0,0,FEDERAL BOULEVARD SOUTH & EVANS AVENUE WEST,1,1,0,0,1,3,0,,40,0,0,0,0,1,2,2,7
,2017_26184,39.678192,-105.025038,8/13/2017 17:43,17:43,12,0,0,FEDERAL BOULEVARD SOUTH & EVANS AVENUE WEST,1,1,0,0,1,4,0,,40,0,0,0,0,0,2,2,13
,2017_26185,39.677318,-105.025042,7/27/2017 7:49,7:49,12,0,0,FEDERAL BOULEVARD 2170 SOUTH & WARREN AVENUE WEST,1,1,0,0,1,3,0,,40,0,0,0,0,1,2,3,3
,2017_26186,39.677318,-105.025042,11/30/2017 14:52,14:52,12,0,0,FEDERAL BOULEVARD 2100 BLOCK SOUTH & EVANS AVENUE WEST,1,1,0,0,1,4,0,,40,0,0,0,0,0,2,2,13
,2017_26187,39.676881,-105.025045,2/3/2017 12:57,12:57,12,0,0,FEDERAL BOULEVARD SOUTH & WARREN AVENUE WEST,1,5,0,0,1,4,0,,10,0,0,0,0,0,2,2,13
,2017_26188,39.676881,-105.025045,9/29/2017 18:40,18:40,12,0,0,FEDERAL BOULEVARD SOUTH & WARREN AVENUE WEST,1,3,1,0,1,1,0,,40,0,0,0,0,0,2,2,7
,2017_26189,39.676736,-105.025046,2/16/2017 22:00,22:00,3,0,0,FEDERAL BOULEVARD SOUTH & WARREN AVENUE WEST,1,3,0,0,1,3,0,,,0,0,0,0,0,2,2,14
,2017_26190,39.676736,-105.025046,3/22/2017 18:27,18:27,1,0,0,FEDERAL BOULEVARD SOUTH & WARREN AVENUE WEST,1,1,1,0,1,1,0,,35,0,0,0,0,1,2,2,4
,2017_26191,39.676736,-105.025046,4/28/2017 17:09,17:09,3,0,0,FEDERAL BOULEVARD SOUTH & WARREN AVENUE WEST,2,1,0,1,1,1,0,,,0,0,0,0,0,2,2,13
,2017_26192,39.676736,-105.025046,6/25/2017 18:13,18:13,3,0,0,FEDERAL BOULEVARD SOUTH & WARREN AVENUE WEST,1,1,0,0,1,1,0,,25,0,0,0,0,0,2,2,13