id,drcog_id,latitude,longitude,crashtime,time,crashtype,numbkilled,numbinjurd,drcoglocat,rdconditin,lightngcon,roadcntgrd,weatherco,location,roaddescrp,constrzone,schoolzone,splimit,bikeinv,pedinv,sctrinv,motoinv,svrty,rdsystem,ttlvehcls,hcf
,2017_26193,39.676736,-105.025046,7/4/2017 13:22,13:22,3,0,0,FEDERAL BOULEVARD SOUTH & WARREN AVENUE WEST,1,1,0,0,1,1,0,,25,0,0,0,0,1,2,2,7
,2017_26194,39.676736,-105.025046,7/20/2017 16:20,16:20,3,0,1,FEDERAL BOULEVARD SOUTH & WARREN AVENUE WEST,1,1,0,0,1,1,0,,25,0,0,0,0,2,2,2,13
,2017_26195,39.676736,-105.025046,8/15/2017 16:16,16:16,3,0,0,FEDERAL BOULEVARD SOUTH & WARREN AVENUE WEST,1,1,0,0,1,1,0,,25,0,0,0,0,0,2,2,7
,2017_26197,39.676736,-105.025046,8/25/2017 9:00,9:00,12,0,0,FEDERAL BOULEVARD SOUTH & WARREN AVENUE WEST,1,1,0,0,1,4,0,,40,0,0,0,0,0,2,2,7
,2017_26198,39.676736,-105.025046,9/14/2017 7:33,7:33,3,0,0,FEDERAL BOULEVARD SOUTH & WARREN AVENUE WEST,1,1,0,0,1,1,0,,40,0,0,0,0,0,2,2,7
,2017_26199,39.676736,-105.025046,10/18/2017 7:55,7:55,3,0,0,WARREN AVENUE WEST & FEDERAL BOULEVARD SOUTH,1,1,0,0,1,1,0,,25,0,0,0,0,1,2,2,13
,2017_26200,39.676736,-105.025046,11/10/2017 17:24,17:24,3,0,0,FEDERAL BOULEVARD SOUTH & WARREN AVENUE WEST,1,2,0,0,1,1,0,,25,0,0,0,0,0,2,2,8
,2017_26201,39.676444,-105.025047,10/30/2017 10:54,10:54,12,0,0,FEDERAL BOULEVARD & WARREN AVENUE WEST,2,1,0,0,1,2,0,,35,0,0,0,0,0,2,2,13
,2017_26202,39.676299,-105.025048,11/21/2017 17:55,17:55,12,0,0,FEDERAL BOULEVARD 2200 SOUTH & WARREN AVENUE WEST,1,3,1,0,1,4,0,,35,0,0,0,0,0,2,2,13
,2017_26203,39.676153,-105.025049,8/1/2017 14:06,14:06,12,0,0,FEDERAL BOULEVARD & ILIFF AVENUE WEST,1,1,0,0,1,4,0,,40,0,0,0,0,0,2,2,13
,2017_26204,39.675862,-105.02505,4/10/2017 20:05,20:05,15,0,0,FEDERAL BOULEVARD SOUTH & ILIFF AVENUE WEST,1,3,0,0,1,4,0,,35,0,0,0,0,0,2,2,14
,2017_26205,39.675279,-105.025053,2/24/2017 9:14,9:14,3,0,0,FEDERAL BOULEVARD SOUTH & ILIFF AVENUE WEST,5,1,0,2,1,3,0,,40,0,0,0,0,0,2,2,8
,2017_26206,39.675279,-105.025053,6/29/2017 10:39,10:39,1,0,0,FEDERAL BOULEVARD SOUTH & ILIFF AVENUE WEST,1,1,0,0,1,1,0,,35,0,0,0,0,0,2,2,13
,2017_26207,39.675279,-105.025053,9/27/2017 16:51,16:51,12,0,0,FEDERAL BOULEVARD SOUTH & ILIFF AVENUE WEST,1,1,0,0,1,4,0,,40,0,0,0,0,0,2,2,3
,2017_26208,39.675279,-105.025053,10/31/2017 11:03,11:03,12,0,0,FEDERAL BOULEVARD SOUTH & ILIFF AVENUE WEST,1,1,0,0,1,1,0,,35,0,0,0,0,0,2,2,13
,2017_26210,39.675279,-105.025053,12/5/2017 7:51,7:51,12,0,0,FEDERAL BOULEVARD SOUTH & ILIFF AVENUE WEST,1,1,0,0,1,3,0,,40,0,0,0,0,0,2,2,1
,2017_26211,39.675133,-105.025054,9/12/2017 16:05,16:05,12,0,0,FEDERAL BOULEVARD SOUTH & ILIFF AVENUE WEST,1,1,1,0,1,4,0,,40,0,0,0,0,0,2,3,3
,2017_26212,39.674988,-105.025055,3/4/2017 0:00,0:00,5,0,0,ILIFF AVENUE WEST  & FEDERAL BOULEVARD SOUTH,1,3,0,0,3,3,0,,25,0,0,0,0,0,2,1,5
,2017_26213,39.673676,-105.025062,12/18/2017 8:09,8:09,12,0,0,FEDERAL BOULEVARD 2300 BLOCK SOUTH & WESLEY AVENUE WEST,1,1,0,0,1,4,0,,35,0,0,0,0,1,2,2,13
,2017_26214,39.673531,-105.025063,5/1/2017 22:47,22:47,12,0,0,FEDERAL BOULEVARD SOUTH & WESLEY AVENUE WEST,1,3,0,0,1,4,0,,30,0,0,0,0,0,2,2,5
,2017_26215,39.673385,-105.025064,1/19/2017 8:24,8:24,3,0,0,FEDERAL BOULEVARD SOUTH & WESLEY AVENUE WEST,1,1,0,0,1,1,0,,40,0,0,0,0,0,2,2,3
,2017_26216,39.673239,-105.025064,2/20/2017 17:04,17:04,3,0,0,FEDERAL BOULEVARD SOUTH & HARVARD AVENUE WEST,1,1,0,0,1,2,0,,40,0,0,0,0,0,2,2,7
,2017_26217,39.673239,-105.025064,3/12/2017 15:50,15:50,12,0,0,FEDERAL BOULEVARD 2300 BLOCK SOUTH & HARVARD AVENUE WEST,1,1,0,0,1,4,0,,35,0,0,0,0,0,2,2,13
,2017_26218,39.672948,-105.025066,3/6/2017 16:51,16:51,15,0,0,FEDERAL BOULEVARD SOUTH & HARVARD AVENUE WEST,1,1,0,0,1,4,0,,,0,0,0,0,0,2,2,13
,2017_26219,39.672948,-105.025066,4/15/2017 21:30,21:30,3,0,2,FEDERAL BOULEVARD SOUTH & HARVARD AVENUE WEST,1,3,0,0,1,2,0,,40,0,0,0,0,2,2,3,1
,2017_26220,39.672948,-105.025066,6/28/2017 11:14,11:14,12,0,0,FEDERAL BOULEVARD 2400 BLOCK SOUTH & WESLEY AVENUE WEST,1,1,1,0,1,2,0,,50,0,0,0,0,0,2,2,13
,2017_26221,39.672802,-105.025067,4/11/2017 6:49,6:49,12,0,0,FEDERAL BOULEVARD SOUTH & HILLSIDE PLACE WEST,1,1,0,0,1,3,0,,40,0,0,0,0,0,2,2,13
,2017_26222,39.671783,-105.025072,9/15/2017 16:20,16:20,1,0,0,FEDERAL BOULEVARD SOUTH & HARVARD AVENUE WEST,1,1,1,0,1,1,0,,40,0,0,0,0,0,2,2,3
,2017_26223,39.6712,-105.025075,9/20/2017 7:30,7:30,3,0,0,FEDERAL BOULEVARD SOUTH & VASSAR AVENUE WEST,1,1,0,0,1,1,0,,35,0,0,0,0,0,2,2,3
,2017_26224,39.668578,-105.02509,4/19/2017 0:50,0:50,5,0,0,FEDERAL BOULEVARD SOUTH & COLLEGE AVENUE WEST,2,1,0,0,2,3,0,,,0,0,0,0,1,2,1,13
,2017_26225,39.668578,-105.02509,7/30/2017 21:25,21:25,1,0,0,COLLEGE AVENUE WEST & FEDERAL BOULEVARD SOUTH,1,3,0,0,1,1,0,,40,0,0,0,0,0,2,2,3
,2017_26226,39.667744,-105.025111,2/21/2017 12:37,12:37,12,0,0,FEDERAL BOULEVARD SOUTH & YALE AVENUE WEST,1,1,0,0,1,3,0,,40,0,0,0,0,0,2,3,7
,2017_26227,39.667744,-105.025111,3/17/2017 19:32,19:32,10,0,0,FEDERAL BOULEVARD SOUTH & YALE AVENUE WEST,1,3,0,0,1,1,0,,,0,0,0,0,0,2,2,1
,2017_26228,39.667744,-105.025111,3/25/2017 13:43,13:43,12,0,0,FEDERAL BOULEVARD 2600 BLOCK SOUTH & YALE AVENUE WEST,1,1,0,0,1,3,0,,40,0,0,0,0,0,2,2,7
,2017_26229,39.667744,-105.025111,4/14/2017 17:59,17:59,12,0,0,FEDERAL BOULEVARD SOUTH & YALE AVENUE WEST,1,1,0,0,1,1,0,,40,0,0,0,0,0,2,2,3
,2017_26230,39.667744,-105.025111,9/29/2017 15:31,15:31,12,0,0,FEDERAL BOULEVARD SOUTH & YALE AVENUE WEST,1,1,0,0,1,3,0,,40,0,0,0,0,1,2,2,12
,2017_26231,39.665444,-105.025139,7/15/2017 18:02,18:02,3,0,0,FEDERAL BOULEVARD SOUTH & AMHERST AVENUE WEST,1,1,0,0,1,2,0,,40,0,0,0,0,0,2,2,13
,2017_26232,39.665151,-105.025141,1/27/2017 18:50,18:50,15,0,0,FEDERAL BOULEVARD SOUTH & AMHERST AVENUE WEST,1,3,0,0,1,4,0,,40,0,0,0,0,0,2,2,14
,2017_26233,39.665005,-105.025141,7/16/2017 12:46,12:46,12,0,0,FEDERAL BOULEVARD SOUTH & AMHERST AVENUE WEST,1,1,0,0,1,3,0,,35,0,0,0,0,0,2,3,14
,2017_26234,39.663101,-105.025151,10/19/2017 10:17,10:17,12,0,1,FEDERAL BOULEVARD & 2940 SOUTH,1,1,0,0,1,2,0,,35,0,0,0,0,2,2,2,13
,2017_26235,39.662661,-105.025153,4/21/2017 15:33,15:33,1,0,0,FEDERAL BOULEVARD SOUTH & DARTMOUTH AVENUE WEST,1,1,1,0,1,2,0,,40,0,0,0,0,0,2,2,7
,2017_26236,39.662075,-105.025157,8/8/2017 15:55,15:55,12,0,0,FEDERAL BOULEVARD & 3000 BLOCK SOUTH,1,1,0,0,1,1,0,,35,0,0,0,0,0,2,2,3
,2017_26237,39.660611,-105.025164,3/24/2017 15:07,15:07,12,0,0,FEDERAL BOULEVARD SOUTH & DARTMOUTH AVENUE WEST,1,1,1,0,1,3,0,,35,0,0,0,0,0,2,2,7
,2017_26238,39.660488,-105.025192,1/20/2017 15:30,15:30,15,0,0,FEDERAL BOULEVARD SOUTH & DARTMOUTH AVENUE WEST,1,1,0,0,1,3,0,,35,0,0,0,0,0,2,2,14
,2017_26239,39.660488,-105.025192,3/6/2017 7:37,7:37,3,0,0,DARTMOUTH AVENUE WEST & FEDERAL BOULEVARD SOUTH,1,5,0,0,1,1,0,,30,0,0,0,0,0,2,2,13
,2017_26240,39.660488,-105.025192,4/13/2017 7:29,7:29,1,0,0,FEDERAL BOULEVARD SOUTH & DARTMOUTH AVENUE WEST,1,1,0,0,1,1,0,,40,0,0,0,0,1,2,2,7
,2017_26241,39.660488,-105.025192,4/20/2017 13:39,13:39,3,0,0,FEDERAL BOULEVARD SOUTH & DARTMOUTH AVENUE WEST,1,1,1,0,1,1,0,,40,0,0,0,0,0,2,2,1
,2017_26242,39.660488,-105.025192,6/16/2017 5:28,5:28,1,0,0,DARTMOUTH AVENUE WEST & FEDERAL BOULEVARD SOUTH,1,1,0,0,1,1,0,,35,0,0,0,0,1,2,2,10
,2017_26243,39.660488,-105.025192,6/23/2017 17:32,17:32,15,0,0,DARTMOUTH AVENUE WEST & FEDERAL BOULEVARD SOUTH,1,1,1,0,1,3,0,,30,0,0,0,0,0,2,2,8
,2017_26244,39.660488,-105.025192,11/8/2017 7:50,7:50,12,0,0,FEDERAL BOULEVARD 3000 BLOCK SOUTH & DARTMOUTH AVENUE WEST,1,1,0,0,1,3,0,,35,0,0,0,0,0,2,2,3
,2017_26245,39.660488,-105.025192,11/14/2017 19:25,19:25,12,0,0,FEDERAL BOULEVARD 3100 BLOCK SOUTH & DARTMOUTH AVENUE WEST,1,1,0,0,1,3,0,,40,0,0,0,0,0,2,3,7
,2017_26246,39.660383,-105.025242,2/27/2017 18:10,18:10,12,0,0,FEDERAL BOULEVARD SOUTH & DARTMOUTH AVENUE WEST,1,2,1,0,1,4,0,,40,0,0,0,0,0,2,2,12
,2017_26247,39.660233,-105.025243,8/21/2017 10:18,10:18,15,0,0,FEDERAL BOULEVARD 3100 BLOCK SOUTH & DARTMOUTH AVENUE WEST,1,1,0,0,1,4,0,,35,0,0,0,0,0,2,2,13
,2017_26248,39.660233,-105.025243,9/8/2017 16:53,16:53,1,0,0,FEDERAL BOULEVARD SOUTH & DARTMOUTH AVENUE WEST,1,1,1,0,1,3,0,,35,0,0,0,0,0,2,2,7
,2017_26249,39.659933,-105.025244,10/11/2017 7:40,7:40,12,0,0,FEDERAL BOULEVARD SOUTH & DARTMOUTH AVENUE WEST,1,1,0,0,1,4,0,,35,0,0,0,0,0,2,3,1
,2017_26250,39.658734,-105.025251,6/4/2017 2:30,2:30,14,0,0,FLOYD AVENUE 3100 WEST & FEDERAL BOULEVARD SOUTH,1,3,0,0,1,4,0,,25,0,0,0,0,0,2,2,14
,2017_26251,39.657384,-105.025258,9/6/2017 17:42,17:42,3,0,0,FEDERAL BOULEVARD SOUTH & FLOYD AVENUE WEST,1,1,1,0,1,1,0,,25,0,0,0,0,0,2,2,7
,2017_26252,39.657384,-105.025258,10/10/2017 20:10,20:10,1,0,0,FLOYD AVENUE WEST  & FEDERAL BOULEVARD SOUTH,1,3,0,0,1,1,0,,40,0,0,0,0,0,2,2,13
,2017_26335,39.631444,-105.025488,1/17/2017 15:06,15:06,1,0,0,FEDERAL SOUTH & UNION WEST,1,1,0,0,1,1,0,,35,0,0,0,0,0,2,2,13
,2017_26460,39.696679,-104.991877,4/8/2017 23:30,23:30,15,0,0,SANTA FE DRIVE SOUTH & MISSISSIPPI AVENUE WEST,1,1,0,0,1,4,0,,45,0,0,0,0,0,2,2,13
,2017_26697,39.79036238,-104.8612961,4/4/2017 11:35,11:35,12,0,0,JOLIET STREET 5100 BLOCK NORTH & 51ST AVENUE EAST,1,1,0,0,1,2,0,,25,0,0,0,0,0,4,2,13
,2017_26711,39.77794247,-104.95827,8/17/2017 20:07,20:07,6,0,0,JOSEPHINE STREET & 600 BLOCK SOUTH,1,3,1,0,3,4,0,,30,0,0,0,0,1,4,2,5
,2017_26766,39.719403,-104.958576,1/22/2017 18:10,18:10,15,0,0,JOSEPHINE STREET NORTH & SECOND AVENUE EAST,1,3,0,0,1,4,0,,30,0,0,0,0,0,4,2,13
,2017_26793,39.690106,-104.992182,3/25/2017 16:43,16:43,12,0,0,SANTA FE DRIVE SOUTH & FLORIDA AVENUE WEST,1,1,0,0,1,4,0,,45,0,0,0,0,0,2,2,1
,2017_26813,39.701663,-104.993659,2/10/2017 13:38,13:38,15,0,0,SANTA FE DRIVE SOUTH & I25 NORTHBOUND RAMP ON APPROXIMATELY,1,1,1,0,1,3,0,,45,0,0,0,0,0,2,2,3
,2017_26820,39.695517,-104.992358,4/29/2017 6:24,6:24,5,0,0,SANTA FE DRIVE SOUTH & PLATTE RIVER DRIVE SOUTH,2,2,0,2,2,4,0,,35,0,0,0,0,0,2,1,13
,2017_26851,39.70035,-105.034491,12/8/2017 8:03,8:03,5,0,0,LOWELL BOULEVARD SOUTH & KENTUCKY AVENUE WEST,1,1,1,0,3,1,0,,,0,0,0,0,0,4,1,13
,2017_27044,39.725821,-105.05313,11/12/2017 17:15,17:15,12,0,0,SHERIDAN BOULEVARD 500 BLOCK NORTH & SIXTH AVENUE WEST,1,3,0,0,1,3,0,,,0,0,0,0,0,2,2,13
,2017_27124,39.656087,-105.053224,2/2/2017 17:20,17:20,10,0,0,SHERIDAN BOULEVARD SOUTH & DARTMOUTH AVENUE WEST,1,1,0,0,1,1,0,,40,0,0,0,0,0,2,2,1
,2017_27148,39.653379,-105.053086,8/27/2017 17:17,17:17,12,0,0,SHERIDAN BOULEVARD SOUTH & HAMPDEN AVENUE WEST,1,1,0,0,1,1,0,,40,0,0,0,0,0,2,2,14
,2017_27157,39.651763,-105.052959,2/24/2017 7:05,7:05,12,0,0,HAMPDEN AVENUE WEST EASTBOUND RAMP ON & SHERIDAN BOULEVARD SOUTH,5,1,0,2,1,3,0,,35,0,0,0,0,0,2,3,13
,2017_27159,39.651763,-105.052959,4/17/2017 15:54,15:54,12,0,0,HAMPDEN AVENUE WEST & SHERIDAN BOULEVARD SOUTH,1,1,1,0,1,3,0,,35,0,0,0,0,0,2,3,7
,2017_27160,39.651763,-105.052959,6/3/2017 15:00,15:00,12,0,0,SHERIDAN SOUTH & HAMPDEN SOUTH FRONTAGE ROAD WEST,1,1,0,1,1,1,0,,30,0,0,0,0,0,2,4,8
,2017_27161,39.651763,-105.052959,11/29/2017 12:30,12:30,15,0,0,HAMPDEN AVENUE WEST SOUTH FRTG ROAD & SHERIDAN BOULEVARD SOUTH,1,1,0,7,1,1,0,,30,0,0,0,0,0,2,2,3
,2017_27162,39.65363,-105.053095,8/18/2017 14:25,14:25,12,0,0,HAMPDEN AVENUE WEST WB OFF RAMP & SHERIDAN BOULEVARD SOUTH,1,1,0,0,1,3,0,,30,0,0,0,0,0,2,2,3
,2017_27163,39.651963,-105.052976,8/3/2017 15:00,15:00,12,0,0,SHERIDAN BOULEVARD SOUTH & HAMPDEN SOUTH FRTG WEST,1,1,0,1,1,1,0,,30,0,0,0,0,0,2,4,8
,2017_27164,39.652159,-105.052993,6/29/2017 9:01,9:01,12,0,0,SHERIDAN BOULEVARD 3600 BLOCK SOUTH & HAMPDEN AVENUE WEST,1,1,1,0,1,4,0,,35,0,0,0,0,0,2,2,13
,2017_27165,39.652355,-105.053009,2/12/2017 10:40,10:40,12,0,0,SHERIDAN BOULEVARD NORTHBOUND ON SLIP RAMP & HAMPDEN AVENUE WEST,1,1,1,0,1,8,0,,25,0,0,0,0,0,2,2,3
,2017_27166,39.652747,-105.053042,3/13/2017 19:00,19:00,12,0,0,SHERIDAN BOULEVARD SOUTH & HAMPDEN AVENUE WEST,1,2,0,0,1,4,0,,40,0,0,0,0,0,2,2,13
,2017_27167,39.652943,-105.053059,6/27/2017 17:45,17:45,12,0,0,SHERIDAN BOULEVARD & HAMPDEN AVENUE WEST,1,1,0,0,1,3,0,,35,0,0,0,0,0,2,2,13
,2017_27168,39.653379,-105.053086,3/7/2017 15:27,15:27,12,0,0,SHERIDAN BOULEVARD SOUTH & HAMPDEN AVENUE WEST,1,1,0,0,1,3,0,,35,0,0,0,0,0,2,2,1
,2017_27169,39.653379,-105.053086,6/20/2017 15:45,15:45,12,0,0,SHERIDAN BOULEVARD SOUTH & HAMPDEN AVENUE WEST,1,1,0,0,1,3,0,,30,0,0,0,0,0,2,2,3
,2017_27170,39.653379,-105.053086,8/28/2017 14:49,14:49,12,0,0,HAMPDEN AVENUE WEST & SHERIDAN BOULEVARD SOUTH,1,1,1,0,1,3,0,,35,0,0,0,0,1,2,2,7
,2017_27171,39.653379,-105.053086,8/31/2017 13:13,13:13,12,0,0,HAMPDEN AVENUE WEST & SHERIDAN BOULEVARD SOUTH,1,1,0,0,1,3,0,,35,0,0,0,0,0,2,2,3
,2017_27172,39.65363,-105.053095,6/7/2017 23:00,23:00,10,0,0,SHERIDAN BOULEVARD SOUTH & HAMPDEN AVENUE WB SLIP ON,1,3,1,0,1,3,0,,,0,0,0,0,0,2,2,13
,2017_27173,39.65363,-105.053095,6/27/2017 10:27,10:27,12,0,0,HAMPDEN AVENUE WB OFF RAMP & SHERIDAN BOULEVARD SOUTH,1,1,0,0,1,3,0,,45,0,0,0,0,0,2,2,13
,2017_27174,39.65363,-105.053095,8/11/2017 13:00,13:00,12,0,0,HAMPDEN AVENUE WEST WB OFF RAMP & SHERIDAN BOULEVARD SOUTH,1,1,0,0,1,3,0,,25,0,0,0,0,0,2,2,14
,2017_27175,39.65363,-105.053095,8/14/2017 1:45,1:45,1,0,0,HAMPDEN AVENUE WEST & SHERIDAN BOULEVARD SOUTH,1,3,0,0,1,1,0,,35,0,0,0,0,0,2,2,7
,2017_27176,39.65363,-105.053095,9/19/2017 9:17,9:17,12,0,0,SHERIDAN BOULEVARD SOUTH & HAMPDEN WEST,1,1,0,0,1,4,0,,35,0,0,0,0,0,2,2,13
,2017_27177,39.65388,-105.053104,7/5/2017 18:32,18:32,12,0,0,SHERIDAN BOULEVARD SOUTH & HAMPDEN AVENUE WB OFF SLIP RAMP,1,1,0,0,1,4,0,,35,0,0,0,0,0,2,4,13
,2017_27179,39.65388,-105.053104,6/24/2017 12:35,12:35,12,0,0,HAMPDEN AVENUE WB OFF SLIP RAMP & SHERIDAN BOULEVARD SOUTH,1,1,0,0,1,8,0,,40,0,0,0,0,0,2,2,7
,2017_27180,39.654131,-105.053114,5/24/2017 20:30,20:30,15,0,0,SHERIDAN BOULEVARD SOUTH NORTHBOUND & HAMPDEN AVENUE SLIP RAMP MRGE LANE,1,3,1,0,1,3,0,,35,0,0,0,0,0,2,2,13
,2017_27181,39.654381,-105.053123,10/6/2017 11:28,11:28,3,0,0,SHERIDAN BOULEVARD SOUTH & DARTMOUTH AVENUE WEST,1,1,0,0,1,1,0,,40,0,0,0,0,0,2,2,13
,2017_27182,39.654882,-105.053142,2/27/2017 18:26,18:26,3,0,0,SHERIDAN BOULEVARD & HAMPDEN AVENUE WEST,1,3,0,0,1,2,0,,25,0,0,0,0,0,2,2,13
,2017_27183,39.655095,-105.053188,4/5/2017 12:34,12:34,3,0,0,SHERIDAN BOULEVARD & DARTMOUTH AVENUE WEST,1,1,0,0,1,1,0,,,0,0,0,0,1,2,2,13
,2017_27184,39.655739,-105.053219,10/2/2017 16:19,16:19,1,0,0,SHERIDAN BOULEVARD SOUTH & DARTMOUTH AVENUE WEST,2,1,0,1,1,2,0,,40,0,0,0,0,1,2,2,13
,2017_27185,39.655941,-105.053223,2/7/2017 17:55,17:55,15,0,0,SHERIDAN BOULEVARD SOUTH & DARTMOUTH AVENUE WEST,1,3,0,0,1,4,0,,30,0,0,0,0,1,2,2,4
,2017_27186,39.655941,-105.053223,6/12/2017 11:23,11:23,14,0,0,SHERIDAN BOULEVARD 3100 BLOCK SOUTH & DARTMOUTH AVENUE WEST,1,1,0,0,1,3,0,,40,0,0,0,0,0,2,3,10
,2017_27187,39.656087,-105.053224,1/19/2017 14:10,14:10,1,0,0,SHERIDAN BOULEVARD SOUTH & DARTMOUTH AVENUE WEST,1,1,0,0,1,1,0,,40,0,0,0,0,1,2,3,7
,2017_27188,39.656087,-105.053224,5/25/2017 13:15,13:15,12,0,0,SHERIDAN BOULEVARD SOUTH & DARTMOUTH AVENUE WEST,1,1,0,0,1,3,0,,35,0,0,0,0,0,2,2,3
,2017_27189,39.656087,-105.053224,7/12/2017 9:00,9:00,3,0,0,SHERIDAN BOULEVARD SOUTH & DARTMOUTH AVENUE WEST,1,1,0,0,1,1,0,,35,0,0,0,0,0,2,2,7
,2017_27190,39.656087,-105.053224,8/22/2017 11:37,11:37,1,0,0,SHERIDAN BOULEVARD SOUTH & DARTMOUTH AVENUE WEST,1,1,0,0,1,1,0,,40,0,0,0,0,0,2,2,13
,2017_27191,39.656087,-105.053224,9/24/2017 21:35,21:35,3,0,0,DARTMOUTH AVENUE WEST & SHERIDAN BOULEVARD SOUTH,2,3,0,1,1,1,0,,30,0,0,0,0,0,2,2,1
,2017_27192,39.655941,-105.053223,12/12/2017 20:20,20:20,12,0,0,KIPLING PARKWAY SOUTH & DARTMOUTH AVENUE WEST,1,3,0,0,1,3,0,,5,0,0,0,0,0,2,2,3
,2017_27193,39.656087,-105.053224,12/2/2017 15:29,15:29,3,0,0,SHERIDAN BOULEVARD SOUTH & DARTMOUTH AVENUE WEST,1,1,0,0,1,1,0,,,0,0,0,0,0,2,2,13
,2017_27194,39.656087,-105.053224,12/11/2017 16:00,16:00,13,0,0,SHERIDAN BOULEVARD SOUTH & DARTMOUTH AVENUE WEST,1,1,0,0,1,1,0,,,0,0,0,0,0,2,2,13
,2017_27195,39.656087,-105.053224,12/19/2017 21:50,21:50,3,0,0,SHERIDAN BOULEVARD SOUTH & DARTMOUTH AVENUE WEST,1,3,0,0,1,1,0,,40,0,0,0,0,0,2,2,14
,2017_27196,39.656233,-105.053224,5/24/2017 16:46,16:46,12,0,0,SHERIDAN BOULEVARD & DARTMOUTH AVENUE WEST,1,1,0,0,1,3,0,,,0,0,0,0,0,2,2,1
,2017_27197,39.657111,-105.053227,1/17/2017 15:08,15:08,1,0,0,SHERIDAN BOULEVARD SOUTH & COLGATE DRIVE WEST,1,1,0,0,1,1,0,,40,0,0,0,0,1,2,2,7
,2017_27198,39.657111,-105.053227,2/28/2017 8:02,8:02,12,0,0,SOUTH SHERIDAN BOULEVARD & COLGATE AVENUE WEST,1,1,0,0,1,1,0,,25,0,0,0,0,0,2,2,13
,2017_27199,39.657111,-105.053227,3/31/2017 14:19,14:19,3,0,0,COLGATE PLACE WEST  & SHERIDAN BOULEVARD SOUTH,2,1,0,1,1,1,0,,25,0,0,0,0,0,2,2,8
,2017_27200,39.657111,-105.053227,4/15/2017 23:05,23:05,12,0,0,COLGATE DRIVE WEST & SHERIDAN BOULEVARD SOUTH,1,3,1,0,1,4,0,,35,0,0,0,0,0,2,2,1
,2017_27201,39.727039,-105.053138,12/21/2017 11:18,11:18,9,0,0,SIXTH AVENUE FRONTAGE ROAD & SHERIDAN BOULEVARD,5,1,1,2,3,4,0,,25,0,0,0,0,0,4,1,7
,2017_27202,39.657842,-105.053229,3/10/2017 14:10,14:10,1,0,0,COLUMBIA PLACE WEST & SHERIDAN BOULEVARD SOUTH,1,1,1,0,1,1,0,,35,0,0,0,0,0,2,2,1
,2017_27203,39.657842,-105.053229,8/5/2017 22:50,22:50,3,0,0,COLUMBIA PLACE WEST & SHERIDAN BOULEVARD SOUTH,1,3,0,0,1,1,0,,45,0,0,0,0,1,2,2,13
,2017_27204,39.658428,-105.05323,3/13/2017 10:32,10:32,12,0,0,SHERIDAN BOULEVARD SOUTH & COLUMBIA PLACE WEST,1,1,0,0,1,4,0,,35,0,0,0,0,1,2,3,12
,2017_27205,39.660768,-105.053237,5/19/2017 12:20,12:20,3,0,0,SHERIDAN BOULEVARD SOUTH & DARTMOUTH AVENUE WEST,1,1,0,0,1,1,0,,35,0,0,0,0,0,2,2,7
,2017_27206,39.662085,-105.05324,2/23/2017 18:53,18:53,5,0,0,SHERIDAN BOULEVARD & BATES AVENUE WEST,5,3,1,2,3,4,0,,30,0,0,0,0,0,2,1,14
,2017_27207,39.662523,-105.053242,10/11/2017 16:36,16:36,12,0,0,SHERIDAN BOULEVARD SOUTH & BATES AVENUE WEST,1,1,1,0,1,4,0,,35,0,0,0,0,0,2,2,3
,2017_27208,39.662962,-105.053243,1/3/2017 14:09,14:09,12,0,0,SHERIDAN BOULEVARD SOUTH & BATES AVENUE WEST,1,1,1,0,1,2,0,,25,0,0,0,0,1,2,2,2
,2017_27209,39.663255,-105.053244,4/28/2017 9:58,9:58,12,0,0,SHERIDAN BOULEVARD SOUTH & BATES AVENUE WEST,1,1,1,0,1,4,0,,40,0,0,0,0,0,2,2,3
,2017_27210,39.666473,-105.053253,9/18/2017 17:06,17:06,12,0,0,SHERIDAN BOULEVARD SOUTH & YALE AVENUE WEST 2700 BLOCK,1,1,0,0,1,3,0,,45,0,0,0,0,0,2,2,3
,2017_27211,39.667497,-105.053256,12/21/2017 6:40,6:40,12,0,0,SHERIDAN BOULEVARD SOUTH & YALE AVENUE WEST,5,3,1,2,1,4,0,,40,0,0,0,0,0,2,2,13
,2017_27212,39.667497,-105.053256,12/21/2017 6:40,6:40,14,0,0,SHERIDAN BOULEVARD WEST & YALE AVENUE WEST,5,3,1,2,6,4,0,,40,0,0,0,0,0,2,2,13
,2017_27226,39.675658,-105.053264,4/3/2017 23:38,23:38,3,0,1,SHERIDAN BOULEVARD SOUTH & WARREN AVENUE WEST,2,3,1,0,1,1,0,,40,0,0,0,0,2,2,2,3
,2017_27227,39.675658,-105.053264,5/24/2017 13:33,13:33,12,0,0,SHERIDAN BOULEVARD SOUTH & WARREN AVENUE WEST,1,5,1,0,1,1,0,,35,0,0,0,0,1,2,3,12
,2017_27228,39.675658,-105.053264,8/31/2017 13:25,13:25,12,0,0,SHERIDAN BL 2200 BLOCK SOUTH & WARREN AVENUE WEST,1,1,0,0,1,4,0,,40,0,0,0,0,0,2,3,13
,2017_27229,39.675658,-105.053264,9/15/2017 0:25,0:25,15,0,0,SHERIDAN BOULEVARD SOUTH & WARREN AVENUE WEST,1,3,0,0,1,1,0,,35,0,0,0,0,1,2,2,14
,2017_27230,39.676373,-105.053265,2/1/2017 17:38,17:38,3,0,0,HARVEY PLACE WEST & SHERIDAN BOULEVARD SOUTH,1,1,0,1,1,1,0,,25,0,0,0,0,0,2,2,7
,2017_27231,39.679377,-105.053268,5/30/2017 16:14,16:14,12,0,0,SHERIDAN BOULEVARD SOUTH & EVANS AVENUE WEST,1,1,0,0,1,4,0,,35,0,0,0,0,0,2,2,3
,2017_27232,39.676516,-105.053265,10/5/2017 16:12,16:12,12,0,0,SHERIDAN BOULEVARD SOUTH 2100 BLOCK & HARVEY PLACE WEST,1,1,0,0,1,3,0,,35,0,0,0,0,0,2,3,13