id,drcog_id,latitude,longitude,crashtime,time,crashtype,numbkilled,numbinjurd,drcoglocat,rdconditin,lightngcon,roadcntgrd,weatherco,location,roaddescrp,constrzone,schoolzone,splimit,bikeinv,pedinv,sctrinv,motoinv,svrty,rdsystem,ttlvehcls,hcf
,2017_27233,39.678662,-105.053267,11/17/2017 6:38,6:38,12,0,0,SHERIDAN BOULEVARD 2100 BLOCK SOUTH & EVANS AVENUE WEST,1,1,0,0,1,4,0,,35,0,0,0,0,0,2,2,7
,2017_27234,39.678805,-105.053268,11/10/2017 9:27,9:27,12,0,0,SHERIDAN BOULEVARD SOUTH & EVANS AVENUE WEST,1,1,0,0,1,3,0,,40,0,0,0,0,0,2,2,12
,2017_27235,39.678948,-105.053268,4/10/2017 16:18,16:18,12,0,0,SHERIDAN BOULEVARD SOUTH & EVANS AVENUE WEST,1,1,0,0,1,3,0,,40,0,0,0,0,0,2,2,7
,2017_27236,39.678948,-105.053268,9/27/2017 21:28,21:28,12,0,0,SHERIDAN BOULEVARD SOUTH & EVANS AVENUE WEST,2,3,0,1,1,3,0,,,0,0,0,0,0,2,2,13
,2017_27237,39.678948,-105.053268,12/2/2017 6:28,6:28,12,0,1,SHERIDAN BOULEVARD 2100 BLOCK SOUTH & EVANS AVENUE WEST,1,5,0,0,1,4,0,,35,0,0,0,0,2,2,2,3
,2017_27238,39.679091,-105.053268,3/15/2017 21:15,21:15,1,0,0,SHERIDAN BOULEVARD SOUTH & EVANS AVENUE WEST,1,3,0,0,1,1,0,,30,0,0,0,0,0,2,2,1
,2017_27239,39.679091,-105.053268,4/1/2017 9:39,9:39,3,0,0,EVANS AVENUE WEST & SHERIDAN BOULEVARD SOUTH,2,1,0,0,1,1,0,,40,0,0,0,0,1,2,2,7
,2017_27240,39.679091,-105.053268,4/19/2017 9:12,9:12,1,0,0,SHERIDAN BOULEVARD SOUTH & EVANS AVENUE WEST,1,1,0,0,1,1,0,,35,0,0,0,0,0,2,2,13
,2017_27241,39.789512,-105.053235,3/1/2017 17:28,17:28,12,0,0,SHERIDAN BOULEVARD & 52ND AVENUE WEST,1,1,1,0,1,4,0,,65,0,0,0,0,0,2,2,13
,2017_27242,39.679091,-105.053268,5/21/2017 15:36,15:36,3,0,0,SHERIDAN BOULEVARD SOUTH & EVANS AVENUE WEST,1,1,0,0,1,1,0,,40,0,0,0,0,0,2,2,13
,2017_27244,39.679091,-105.053268,7/8/2017 15:40,15:40,3,0,0,EVANS AVENUE WEST & SHERIDAN BOULEVARD SOUTH,2,1,0,1,1,2,0,,65,0,0,0,0,0,2,2,7
,2017_27245,39.679377,-105.053268,11/21/2017 18:45,18:45,12,0,0,SHERIDAN BOULEVARD 2000 BLOCK SOUTH & EVANS AVENUE WEST,1,3,0,0,1,4,0,,35,0,0,0,0,0,2,2,14
,2017_27246,39.679091,-105.053268,8/2/2017 13:20,13:20,12,0,0,SHERIDAN BOULEVARD 2100 BLOCK SOUTH & EVANS AVENUE WEST,1,1,0,0,1,4,0,,35,0,0,0,0,0,2,2,7
,2017_27247,39.679091,-105.053268,9/5/2017 21:10,21:10,12,0,0,SHERIDAN BOULEVARD SOUTH & EVANS AVENUE WEST,1,3,0,0,1,3,0,,35,0,0,0,0,0,2,3,7
,2017_27248,39.679091,-105.053268,9/13/2017 20:15,20:15,1,0,0,EVANS AVENUE WEST & SHERIDAN BOULEVARD SOUTH,1,1,0,0,1,1,0,,30,0,0,0,0,0,2,2,7
,2017_27249,39.679091,-105.053268,11/17/2017 20:30,20:30,15,0,0,EVANS AVENUE WEST & SHERIDAN BOULEVARD SOUTH,2,3,0,1,1,4,0,,30,0,0,0,0,0,2,2,13
,2017_27250,39.679091,-105.053268,12/4/2017 7:06,7:06,15,0,0,SHERIDAN BOULEVARD 2000 BLOCK SOUTH & EVANS AVENUE WEST,1,1,0,0,1,1,0,,35,0,0,0,0,0,2,2,7
,2017_27251,39.679091,-105.053268,12/12/2017 16:13,16:13,12,0,0,SHERIDAN BOULEVARD SOUTH & EVANS AVENUE WEST,1,1,0,0,1,3,0,,35,0,0,0,0,1,2,2,4
,2017_27252,39.679091,-105.053268,12/18/2017 9:00,9:00,10,0,0,SHERIDAN BOULEVARD SOUTH & EVANS AVENUE WEST,1,1,1,0,1,1,0,,40,0,0,0,0,0,2,2,1
,2017_27253,39.679234,-105.053268,7/20/2017 16:10,16:10,15,0,0,SHERIDAN BOULEVARD SOUTH & EVANS AVENUE WEST,1,1,0,0,1,4,0,,35,0,0,0,0,0,2,2,3
,2017_27254,39.682251,-105.053195,10/22/2017 2:47,2:47,3,0,0,JEWELL AVENUE WEST & SHERIDAN BOULEVARD SOUTH,1,3,0,0,1,1,0,,40,0,0,0,0,0,2,2,13
,2017_27255,39.679234,-105.053268,10/13/2017 13:53,13:53,12,0,0,SHERIDAN BOULEVARD SOUTH & EVANS AVENUE WEST,1,1,0,0,1,4,0,,35,0,0,0,0,0,2,3,7
,2017_27256,39.679377,-105.053268,5/5/2017 18:29,18:29,12,0,0,SHERIDAN BOULEVARD & EVANS AVENUE WEST,1,1,0,0,1,4,0,,40,0,0,0,0,0,2,3,13
,2017_27257,39.68196,-105.053223,5/21/2017 17:22,17:22,1,0,0,SHERIDAN BOULEVARD NORTH & JEWELL AVENUE WEST,1,1,0,0,1,3,0,,35,0,0,0,0,0,2,2,1
,2017_27258,39.68196,-105.053223,6/22/2017 6:52,6:52,9,0,1,SHERIDAN BOULEVARD 1900 BLOCK SOUTH & JEWELL AVENUE WEST,1,1,1,0,3,4,0,,35,0,0,0,0,2,2,1,13
,2017_27259,39.68196,-105.053223,8/2/2017 13:30,13:30,12,0,1,SHERIDAN BOULEVARD SOUTH & JEWELL AVENUE WEST,1,1,0,0,1,4,0,,35,0,0,0,1,2,2,2,1
,2017_27260,39.682251,-105.053195,2/7/2017 11:21,11:21,12,0,0,JEWELL AVENUE WEST & SHERIDAN BOULEVARD SOUTH,1,1,0,0,1,3,0,,30,0,0,0,0,0,2,2,13
,2017_27261,39.682251,-105.053195,2/17/2017 9:06,9:06,1,0,0,SHERIDAN BOULEVARD SOUTH & JEWELL AVENUE WEST,1,1,1,0,1,1,0,,40,0,0,0,0,0,2,2,13
,2017_27262,39.682251,-105.053195,4/16/2017 22:50,22:50,3,0,0,JEWELL AVENUE WEST & SHERIDAN BOULEVARD SOUTH,1,3,0,0,1,1,0,,40,0,0,0,0,1,2,2,13
,2017_27263,39.682251,-105.053195,5/2/2017 10:16,10:16,1,0,0,SHERIDAN BOULEVARD SOUTH & JEWELL AVENUE WEST,1,1,0,0,1,1,0,,30,0,0,0,0,0,2,3,14
,2017_27264,39.682251,-105.053195,7/29/2017 17:00,17:00,1,0,0,JEWELL AVENUE WEST & SHERIDAN BOULEVARD SOUTH SOUTH,1,1,0,0,1,1,0,,30,0,0,0,0,0,2,2,7
,2017_27265,39.682251,-105.053195,11/12/2017 15:20,15:20,1,0,0,JEWELL AVENUE WEST & SHERIDAN BOULEVARD SOUTH,1,1,0,0,1,1,0,,35,0,0,0,0,1,2,2,7
,2017_27266,39.682251,-105.053195,7/29/2017 20:40,20:40,12,0,0,JEWELL AVENUE WEST & SHERIDAN BOULEVARD SOUTH,1,3,0,0,1,3,0,,45,0,0,0,0,0,2,2,13
,2017_27267,39.691391,-105.0532,2/2/2017 12:31,12:31,5,0,0,ARKANSAS AVENUE WEST & SHERIDAN BOULEVARD SOUTH,6,1,0,2,3,1,0,,,0,0,0,0,0,2,1,13
,2017_27268,39.691391,-105.0532,2/18/2017 9:35,9:35,1,0,0,SHERIDAN BOULEVARD SOUTH & ARKANSAS AVENUE WEST,1,1,0,0,1,1,0,,45,0,0,0,0,0,2,2,7
,2017_27270,39.691391,-105.0532,9/7/2017 18:15,18:15,3,0,0,SHERIDAN BOULEVARD SOUTH & ARKANSAS AVENUE WEST,1,1,0,0,1,1,0,,35,0,0,0,0,0,2,2,7
,2017_27271,39.691391,-105.0532,9/20/2017 9:51,9:51,3,0,0,SHERIDAN BOULEVARD NORTH & ARKANSAS AVENUE WEST,1,1,0,0,1,1,0,,35,0,0,0,0,0,2,2,7
,2017_27272,39.691391,-105.0532,9/28/2017 16:45,16:45,8,0,0,SHERIDAN BOULEVARD SOUTH & ARKANSAS AVENUE WEST,1,1,0,0,1,4,0,,35,0,0,0,0,0,2,2,13
,2017_27273,39.691536,-105.053202,11/19/2017 4:45,4:45,5,0,0,SHERIDAN BOULEVARD 1400 SOUTH & ARKANSAS AVENUE WEST,1,3,0,0,2,4,0,,,0,0,0,0,0,2,1,13
,2017_27274,39.692265,-105.053207,10/14/2017 17:15,17:15,12,0,0,SHERIDAN BOULEVARD SOUTH & ARKANSAS AVENUE WEST,1,1,0,0,1,4,0,,35,0,0,0,0,0,2,2,13
,2017_27275,39.69241,-105.053208,5/30/2017 9:32,9:32,14,0,0,SHERIDAN BOULEVARD SOUTH & WYOMING PLACE WEST,1,1,0,0,6,4,0,,35,0,0,0,0,0,2,2,14
,2017_27276,39.69241,-105.053208,9/21/2017 17:00,17:00,12,0,0,SHERIDAN BOULEVARD SOUTH & LOUISIANA AVENUE WEST,1,1,0,0,1,3,0,,35,0,0,0,0,0,2,2,13
,2017_27277,39.691536,-105.053202,12/26/2017 20:33,20:33,3,0,0,SHERIDAN BOULEVARD SOUTH & ARKANSAS AVENUE WEST,1,3,0,0,1,2,0,,40,0,0,0,0,1,2,2,14
,2017_27278,39.693139,-105.053214,9/26/2017 16:55,16:55,12,0,0,SHERIDAN BOULEVARD SOUTH & LOUISIANA AVENUE WEST,1,1,1,0,1,4,0,,35,0,0,0,0,1,2,2,14
,2017_27279,39.693285,-105.053215,6/3/2017 12:15,12:15,1,0,0,SHERIDAN BOULEVARD SOUTH & MISSISSIPPI AVENUE WEST,1,1,0,0,1,2,0,,40,0,0,0,0,1,2,2,13
,2017_27280,39.693285,-105.053215,9/12/2017 9:40,9:40,12,0,0,SHERIDAN BOULEVARD SOUTH & LOUISIANA AVENUE WEST,1,1,0,0,1,3,0,,,0,0,0,0,0,2,2,13
,2017_27281,39.693867,-105.053219,9/21/2017 6:57,6:57,3,0,0,SHERIDAN BOULEVARD SOUTH & LOUISIANA AVENUE WEST,1,1,0,0,1,2,0,,40,0,0,0,0,1,2,2,3
,2017_27282,39.695033,-105.053228,4/20/2017 7:19,7:19,12,0,0,SHERIDAN BOULEVARD 1200 BLOCK SOUTH & ARIZONA AVENUE,1,1,0,0,1,4,0,,35,0,0,0,0,0,2,3,13
,2017_27283,39.695033,-105.053228,8/9/2017 7:20,7:20,12,0,0,SHERIDAN BOULEVARD 1200 BLOCK SOUTH & ARIZONA AVENUE WEST,1,1,0,0,1,4,0,,40,0,0,0,0,0,2,2,7
,2017_27284,39.695178,-105.053229,11/3/2017 19:18,19:18,12,0,0,SHERIDAN BOULEVARD SOUTH & ARIZONA AVENUE WEST,1,3,0,0,1,4,0,,35,0,0,0,0,0,2,2,3
,2017_27285,39.693285,-105.053215,11/25/2017 14:30,14:30,3,0,0,SHERIDAN BOULEVARD 1301 BLOCK & LOUISIANA AVENUE WEST,1,1,1,0,1,2,0,,35,0,0,0,0,0,2,2,14
,2017_27369,39.729339,-105.053227,6/30/2017 22:20,22:20,12,0,0,SHERIDAN BOULEVARD & EIGHTH AVENUE WEST,1,3,0,0,1,2,0,,35,0,0,0,0,0,2,2,13
,2017_27370,39.729339,-105.053227,11/2/2017 15:37,15:37,3,0,0,SHERIDAN BOULEVARD NORTH & EIGHTH AVENUE WEST,1,1,1,0,1,2,0,,35,0,0,0,0,0,2,2,13
,2017_27371,39.729482,-105.053227,3/10/2017 19:08,19:08,3,0,0,SHERIDAN BOULEVARD NORTH & EIGHTH AVENUE WEST,1,3,0,0,1,2,0,,35,0,0,0,0,0,2,2,13
,2017_27372,39.729482,-105.053227,10/12/2017 13:13,13:13,15,0,0,SHERIDAN BOULEVARD NORTH & EIGHTH AVENUE WEST,1,1,1,0,1,4,0,,35,0,0,0,0,0,2,2,13
,2017_27373,39.729482,-105.053227,11/3/2017 15:42,15:42,15,0,0,SHERIDAN BOULEVARD NORTH & EIGHTH AVENUE WEST,1,1,1,0,1,4,0,,35,0,0,0,0,0,2,2,13
,2017_27374,39.733188,-105.053221,4/1/2017 15:00,15:00,12,0,0,SHERIDAN BOULEVARD NORTH & 10TH AVENUE WEST,1,1,0,0,1,4,0,,30,0,0,0,0,0,2,2,13
,2017_27375,39.731335,-105.053224,10/6/2017 16:32,16:32,12,0,0,SHERIDAN BOULEVARD & NINTH AVENUE WEST,1,1,1,0,1,1,0,,35,0,0,0,0,1,2,3,3
,2017_27376,39.733188,-105.053221,7/7/2017 15:57,15:57,12,0,0,SHERIDAN BOULEVARD NORTH & 10TH AVENUE WEST,1,1,0,0,1,4,0,,35,0,0,0,0,0,2,3,13
,2017_27377,39.733188,-105.053221,8/25/2017 1:49,1:49,5,0,0,10TH AVENUE WEST & SHERIDAN BOULEVARD,1,3,0,0,3,1,0,,,0,0,0,0,0,2,1,13
,2017_27378,39.733188,-105.053221,8/29/2017 17:17,17:17,12,0,0,SHERIDAN BOULEVARD NORTH & 10TH AVENUE WEST,1,1,0,0,1,4,0,,35,0,0,0,0,0,2,2,13
,2017_27379,39.733188,-105.053221,9/16/2017 22:38,22:38,12,0,0,SHERIDAN BOULEVARD NORTH 1000 BLOCK & 10TH AVENUE WEST,1,3,0,0,1,3,0,,35,0,0,0,0,0,2,2,3
,2017_27380,39.733188,-105.053221,9/28/2017 16:52,16:52,12,0,0,10TH AVENUE WEST & SHERIDAN BOULEVARD,1,1,0,0,1,3,0,,30,0,0,0,0,1,2,2,7
,2017_27381,39.733188,-105.053221,10/1/2017 12:00,12:00,15,0,0,SHERIDAN BOULEVARD NORTH & 10TH AVENUE WEST,1,1,0,0,1,3,0,,35,0,0,0,0,0,2,2,13
,2017_27382,39.733188,-105.053221,11/4/2017 13:37,13:37,10,0,1,10TH AVENUE WEST & SHERIDAN BOULEVARD NORTH,1,1,0,0,1,1,0,,30,0,0,0,1,2,2,2,13
,2017_27383,39.733188,-105.053221,11/7/2017 18:40,18:40,14,0,0,SHERIDAN BOULEVARD & 10TH AVENUE WEST,2,3,0,1,1,3,0,,35,0,0,0,0,0,2,2,13
,2017_27384,39.733188,-105.053221,11/28/2017 13:20,13:20,12,0,0,SHERIDAN BOULEVARD NORTH & 10TH AVENUE WEST,1,1,0,0,1,1,0,,35,0,0,0,0,0,2,2,1
,2017_27385,39.736752,-105.053215,6/22/2017 15:00,15:00,3,0,0,SHERIDAN BOULEVARD & 13TH AVENUE WEST,1,1,0,0,1,1,0,,25,0,0,0,0,0,2,2,13
,2017_27386,39.736752,-105.053215,5/10/2017 17:33,17:33,12,0,0,SHERIDAN BOULEVARD NORTH & 13TH AVENUE WEST,2,1,1,1,1,1,0,,35,0,0,0,0,1,2,2,13
,2017_27387,39.736752,-105.053215,12/22/2017 14:08,14:08,15,0,2,SHERIDAN BOULEVARD NORTH & 13TH AVENUE WEST,1,1,0,0,1,1,0,,35,0,0,0,0,2,2,2,13
,2017_27388,39.736894,-105.053215,2/22/2017 18:05,18:05,12,0,0,SHERIDAN BOULEVARD & 1300 BLOCK NORTH,1,2,1,0,1,4,0,,35,0,0,0,0,0,2,2,13
,2017_27390,39.737037,-105.053215,11/11/2017 13:12,13:12,12,0,0,SHERIDAN BOULEVARD 1300 BLOCK NORTH & WEST 14TH AVENUE,1,1,0,0,1,3,0,,35,0,0,0,0,0,2,3,1
,2017_27391,39.737179,-105.053215,9/16/2017 10:50,10:50,15,0,0,SHERIDAN BOULEVARD NORTH & 14TH AVENUE WEST,1,1,0,0,1,4,0,,25,0,0,0,0,0,2,2,15
,2017_27394,39.738462,-105.053213,7/25/2017 20:43,20:43,12,0,0,SHERIDAN BOULEVARD & 14TH AVENUE WEST,1,3,0,0,1,3,0,,35,0,0,0,0,1,2,2,13
,2017_27395,39.738605,-105.053213,6/28/2017 9:59,9:59,12,0,0,SHERIDAN BOULEVARD NORTH & 14TH AVENUE WEST,1,1,0,0,1,3,0,,35,0,0,0,0,0,2,2,13
,2017_27396,39.738605,-105.053213,8/17/2017 17:02,17:02,3,0,0,14TH AVENUE WEST & SHERIDAN BOULEVARD NORTH,1,1,1,0,1,1,0,,30,0,0,0,0,0,2,2,13
,2017_27419,39.727107,-104.9590665,8/22/2017 12:04,12:04,5,0,0,JOSEPHINE STREET NORTH & SEVENTH AVENUE EAST,1,1,0,0,1,1,0,,30,0,0,0,0,0,4,1,13
,2017_27474,39.78401,-105.053277,4/19/2017 9:34,9:34,1,0,0,SHERIDAN BOULEVARD SOUTHBOUND NORTH & 48TH AVENUE WEST,1,1,0,0,1,1,0,,25,0,0,0,0,0,2,2,14
,2017_27475,39.78401,-105.053277,6/23/2017 17:20,17:20,1,0,0,48TH AVENUE WEST ROAD WEST & SHERIDAN BOULEVARD NORTH,1,1,0,0,1,1,0,,40,0,0,0,0,0,2,2,13
,2017_27476,39.78401,-105.053277,8/20/2017 10:07,10:07,1,0,0,48TH AVENUE WEST & SHERIDAN BOULEVARD NORTH,1,1,0,0,1,1,0,,35,0,0,0,0,0,2,2,13
,2017_27477,39.78401,-105.053277,9/13/2017 15:27,15:27,12,0,0,SHERIDAN BOULEVARD NORTH 4800 BLOCK & 48TH AVENUE WEST,1,1,3,0,1,3,0,,35,0,0,0,0,0,2,3,13
,2017_27478,39.78401,-105.053277,9/27/2017 10:05,10:05,1,0,0,SHERIDAN BOULEVARD NORTH & 48TH AVENUE WEST,2,1,0,1,1,1,0,,35,0,0,0,0,1,2,2,2
,2017_27479,39.78401,-105.053277,9/28/2017 7:23,7:23,1,0,0,SHERIDAN BOULEVARD NORTH & 48TH AVENUE WEST,2,1,0,1,1,1,0,,35,0,0,0,0,0,2,2,14
,2017_27480,39.78401,-105.053277,10/1/2017 12:27,12:27,1,0,0,SHERIDAN BOULEVARD SOUTH & 48TH AVENUE WEST,1,1,0,0,1,1,0,,35,0,0,0,0,0,2,2,8
,2017_27481,39.78401,-105.053277,10/12/2017 16:43,16:43,12,0,0,SHERIDAN BOULEVARD 4800 BLOCK NORTH & 48TH AVENUE WEST,1,1,1,0,1,4,0,,35,0,0,0,0,0,2,2,13
,2017_27482,39.78401,-105.053277,11/19/2017 13:35,13:35,9,0,0,SHERIDAN BOULEVARD NORTH & 48TH AVENUE WEST,1,1,0,0,1,1,0,,30,0,0,0,0,1,2,1,1
,2017_27483,39.78401,-105.053277,12/1/2017 12:54,12:54,3,0,0,48TH AVENUE WEST & SHERIDAN BOULEVARD NORTH,1,1,0,0,1,1,0,,35,0,0,0,1,0,2,3,14
,2017_27484,39.78401,-105.053277,10/21/2017 13:15,13:15,12,0,0,SHERIDAN BOULEVARD & 48TH AVENUE,1,1,1,0,1,1,0,,35,0,0,0,0,0,2,2,13
,2017_27485,39.784786,-105.053268,9/2/2017 17:43,17:43,15,0,0,SHERIDAN BOULEVARD NORTH & I70 WB OFF RAMP,1,1,1,0,1,4,0,,,0,0,0,0,0,2,2,13
,2017_27486,39.785562,-105.053259,10/15/2017 16:58,16:58,12,0,0,49TH AVENUE WEST & SHERIDAN BOULEVARD NORTH,1,1,0,0,1,4,0,,40,0,0,0,0,0,2,3,3
,2017_27487,39.78608,-105.053253,12/11/2017 12:25,12:25,12,0,0,SHERIDAN BOULEVARD NORTH & 49TH AVENUE WEST,1,1,1,0,1,4,0,,35,0,0,0,0,1,2,2,3
,2017_27489,39.790591,-105.053234,1/18/2017 18:32,18:32,15,0,0,SHERIDAN BOULEVARD 5100 BLOCK NORTH & 52ND AVENUE WEST,1,3,1,0,1,4,0,,35,0,0,0,0,0,2,3,13
,2017_27490,39.790591,-105.053234,5/12/2017 9:08,9:08,15,0,0,SHERIDAN BOULEVARD NORTH & 52ND AVENUE WEST,1,1,0,0,1,4,0,,35,0,0,0,0,0,2,2,14
,2017_27491,39.790899,-105.053234,1/12/2017 9:53,9:53,12,0,0,52ND AVENUE WEST EASTBOUND & SHERIDAN BOULEVARD NORTH,1,1,0,0,1,1,0,,35,0,0,0,0,0,2,2,14
,2017_27492,39.790899,-105.053234,9/16/2017 17:02,17:02,15,0,0,SHERIDAN BOULEVARD NORTH & 52ND AVENUE WEST,1,1,1,0,1,4,0,,35,0,0,0,0,0,2,2,13
,2017_27493,39.790899,-105.053234,9/25/2017 11:50,11:50,15,0,0,SHERIDAN BOULEVARD 5100 BLOCK NORTH & 52ND AVENUE WEST,1,1,1,0,1,4,0,,35,0,0,0,0,0,2,2,13
,2017_27567,39.729114,-104.959071,3/8/2017 20:59,20:59,3,0,0,JOSEPHINE STREET NORTH & EIGHTH AVENUE EAST,1,4,1,0,1,1,0,,,0,0,0,0,0,4,2,13
,2017_27764,39.72411,-105.000192,4/20/2017 11:29,11:29,10,0,0,KALAMATH STREET & FIFTH AVENUE WEST,1,1,1,0,1,1,0,,,0,0,0,0,0,4,2,13
,2017_27966,39.7305,-104.959215,1/11/2017 14:07,14:07,3,0,0,JOSEPHINE STREET 800 BLOCK NORTH & NINTH AVENUE EAST,1,1,0,0,1,1,0,,35,0,0,0,0,0,4,2,14
,2017_27993,39.711849,-105.025119,10/25/2017 17:00,17:00,15,0,0,FEDERAL BOULEVARD 200 BLOCK SOUTH & ALAMEDA AVENUE,1,1,0,0,1,4,0,,,0,0,0,0,0,2,2,13
,2017_28073,39.704019,-105.02509,6/16/2017 21:49,21:49,6,0,0,EXPOSITION AVENUE WEST & FEDERAL BOULEVARD SOUTH,1,3,0,0,1,4,0,,25,0,0,0,0,0,2,4,5
,2017_28273,39.7305,-104.959215,9/10/2017 20:58,20:58,6,0,0,JOSEPHINE STREET NORTH & NINTH AVENUE EAST,1,3,1,0,1,4,0,,30,0,0,0,0,0,4,2,12
,2017_28301,39.615737,-105.091135,12/13/2017 14:29,14:29,5,0,0,HIGHWAY 121 & LONG DRIVE WEST,1,1,1,0,3,2,0,,45,0,0,0,0,1,2,2,14
,2017_28306,39.614461,-105.091148,10/21/2017 21:32,21:32,12,0,0,WADSWORTH BOULEVARD & LONG DRIVE,1,3,0,0,1,3,0,,45,0,0,0,0,1,2,2,3
,2017_28308,39.614461,-105.091148,12/16/2017 10:45,10:45,12,0,0,WADSWORTH BOULEVARD SOUTH & CROSS DRIVE WEST,1,1,0,0,1,4,0,,45,0,0,0,0,0,2,3,1
,2017_28309,39.614886,-105.091143,12/8/2017 16:06,16:06,1,0,0,WADSWORTH BOULEVARD SOUTH & CROSS DRIVE WEST,1,1,0,0,1,3,0,,45,0,0,0,0,0,2,2,7
,2017_28310,39.61673,-105.091125,12/20/2017 18:46,18:46,12,0,0,WADSWORTH BOULEVARD SOUTH & LONG DRIVE WEST,1,3,0,0,1,4,0,,50,0,0,0,0,0,2,4,13
,2017_28311,39.617155,-105.09112,4/14/2017 13:40,13:40,12,0,0,WADSWORTH BOULEVARD SOUTH & CRESTLINE AVENUE WEST,1,1,0,0,1,4,0,,40,0,0,0,0,0,2,3,3
,2017_28312,39.617155,-105.09112,9/22/2017 15:18,15:18,12,0,0,WADSWORTH BOULEVARD SOUTH & CRESTLINE AVENUE WEST,1,1,0,0,1,4,0,,45,0,0,0,0,0,2,3,3
,2017_28313,39.617439,-105.091118,6/14/2017 16:00,16:00,12,0,0,WADSWORTH BOULEVARD SOUTH & CRESTLINE AVENUE WEST,1,1,0,0,1,1,0,,45,0,0,0,0,0,2,2,13
,2017_28314,39.61758,-105.091116,3/9/2017 19:02,19:02,12,0,0,WADSWORTH BOULEVARD 5400 SOUTH & CRESTLINE AVENUE SOUTH,1,2,0,0,1,4,0,,35,0,0,0,0,0,2,3,13
,2017_28315,39.617722,-105.091115,2/22/2017 14:49,14:49,12,0,0,WADSWORTH BOULEVARD SOUTH & CRESTLINE AVENUE WEST,1,1,0,0,1,4,0,,40,0,0,0,1,0,2,2,3
,2017_28316,39.617722,-105.091115,6/7/2017 12:35,12:35,12,0,0,WADSWORTH BOULEVARD 8100 BLOCK SOUTH & CRESTLINE DRIVE WEST,1,1,0,0,1,4,0,,55,0,0,0,0,0,2,3,14
,2017_28317,39.617722,-105.091115,6/20/2017 18:15,18:15,12,0,0,WADSWORTH BOULEVARD SOUTH & CRESTLINE AVENUE WEST,1,1,0,0,1,4,0,,40,0,0,0,0,0,2,2,3
,2017_28318,39.617864,-105.091113,9/13/2017 19:28,19:28,1,0,1,WADSWORTH BOULEVARD 5500 BLOCK SOUTH & CRESTLINE DRIVE WEST,1,3,0,0,1,2,0,,45,0,0,0,0,2,2,2,14
,2017_28319,39.617864,-105.091113,12/20/2017 17:10,17:10,12,0,0,WADSWORTH BOULEVARD SOUTH & CRESTLINE AVENUE WEST,1,3,0,0,1,4,0,,35,0,0,0,0,0,2,3,13
,2017_28320,39.618006,-105.091112,2/23/2017 18:58,18:58,3,0,0,WADSWORTH BOULEVARD SOUTH & CRESTLINE AVENUE WEST,5,3,0,2,1,1,0,,30,0,0,0,0,0,2,2,1
,2017_28321,39.618006,-105.091112,3/27/2017 15:06,15:06,15,0,0,CRESTLINE AVENUE WEST & WADSWORTH BOULEVARD SOUTH,1,1,0,0,1,1,0,,30,0,0,0,0,0,2,2,3
,2017_28322,39.618006,-105.091112,4/14/2017 13:26,13:26,12,0,0,WADSWORTH BOULEVARD SOUTH & CRESTLINE AVENUE WEST,1,1,0,0,1,4,0,,45,0,0,0,0,0,2,3,3
,2017_28323,39.618006,-105.091112,4/29/2017 10:56,10:56,3,0,0,WADSWORTH BOULEVARD SOUTH & CRESTLINE AVENUE WEST,4,1,0,2,1,1,0,,25,0,0,0,0,0,2,3,13
,2017_28324,39.618006,-105.091112,10/5/2017 14:52,14:52,3,0,0,CRESTLINE AVENUE WEST & WADSWORTH BOULEVARD SOUTH,1,1,1,0,1,1,0,,30,0,0,0,0,0,2,2,3
,2017_28325,39.618006,-105.091112,10/23/2017 17:45,17:45,3,0,0,WADSWORTH BOULEVARD SOUTH & CRESTLINE AVENUE WEST,1,1,0,0,1,1,0,,5,0,0,0,0,0,2,2,3
,2017_28327,39.618006,-105.091112,11/1/2017 12:35,12:35,12,0,0,WADSWORTH BOULEVARD SOUTH & CRESTLINE AVENUE WEST,1,1,0,0,1,3,0,,45,0,0,0,0,0,2,2,3
,2017_28328,39.618006,-105.091112,11/27/2017 12:35,12:35,12,0,0,WADSWORTH BOULEVARD SOUTH & CRESTLINE AVENUE WEST,1,1,0,0,1,3,0,,40,0,0,0,0,1,2,3,3
,2017_28329,39.618006,-105.091112,11/27/2017 13:17,13:17,3,0,0,WADSWORTH BOULEVARD SOUTH & CRESTLINE AVENUE WEST,1,1,0,0,1,1,0,,40,0,0,0,0,0,2,3,4
,2017_28330,39.618006,-105.091112,12/24/2017 12:10,12:10,3,0,0,WADSWORTH BOULEVARD SOUTH & CRESTLINE AVENUE WEST,2,1,0,0,1,1,0,,45,0,0,0,0,1,2,2,3
,2017_28343,39.629963,-105.086958,10/4/2017 22:48,22:48,1,0,0,WADSWORTH BOULEVARD SOUTH & LAYTON AVENUE WEST,1,3,0,0,1,1,0,,45,0,0,0,0,1,2,2,1
,2017_28344,39.629963,-105.086958,11/17/2017 14:39,14:39,12,0,0,WADSWORTH BOULEVARD SOUTH & LAYTON AVENUE WEST,1,1,0,0,1,1,0,,,0,0,0,0,1,2,2,13
,2017_28345,39.629963,-105.086958,12/12/2017 18:44,18:44,1,0,1,WADSWORTH BOULEVARD SOUTH & LAYTON AVENUE WEST,1,3,0,0,1,1,0,,45,0,0,0,0,2,2,2,13
,2017_28346,39.629963,-105.086958,12/29/2017 23:26,23:26,5,0,0,WADSWORTH WAY SOUTH & LAYTON AVENUE WEST,1,3,0,0,3,4,0,,45,0,0,0,0,0,2,1,13
,2017_28348,39.630085,-105.086834,6/12/2017 13:55,13:55,12,0,0,WADSWORTH BOULEVARD SOUTH & LAYTON AVENUE WEST ROAD SOUTHEAST,1,1,0,0,1,4,0,,40,0,0,0,0,0,2,2,4