id,drcog_id,latitude,longitude,crashtime,time,crashtype,numbkilled,numbinjurd,drcoglocat,rdconditin,lightngcon,roadcntgrd,weatherco,location,roaddescrp,constrzone,schoolzone,splimit,bikeinv,pedinv,sctrinv,motoinv,svrty,rdsystem,ttlvehcls,hcf
,2017_28349,39.632282,-105.084601,2/10/2017 17:54,17:54,3,0,0,TUFTS AVENUE WEST & WADSWORTH WAY SOUTH,1,2,0,0,1,3,0,,30,0,0,0,0,0,2,2,3
,2017_28350,39.633634,-105.083294,10/8/2017 12:15,12:15,15,0,0,WADSWORTH WAY SOUTH & TUFTS AVENUE WEST,1,1,0,0,1,1,0,,45,0,0,0,0,0,2,2,13
,2017_28351,39.634568,-105.082623,7/30/2017 11:25,11:25,15,0,0,WADSWORTH BOULEVARD SOUTH & STANFORD AVENUE WEST,1,1,0,0,1,4,0,,45,0,0,0,0,0,2,2,13
,2017_28352,39.635142,-105.082348,11/29/2017 12:42,12:42,12,0,0,WADSWORTH BOULEVARD SOUTH & STANFORD AVENUE WEST,1,1,1,0,1,3,0,,40,0,0,0,0,0,2,2,3
,2017_28353,39.635142,-105.082348,12/8/2017 8:20,8:20,12,0,1,WADSWORTH BOULEVARD SOUTH & STANFORD AVENUE WEST,1,1,1,0,1,4,0,,45,0,0,0,0,2,2,4,7
,2017_28354,39.7859,-104.966641,10/9/2017 2:10,2:10,5,0,0,BRIGHTON BOULEVARD NEW CONFIG & CURVE,2,4,0,1,2,4,1,,35,0,0,0,0,0,2,1,14
,2017_28355,39.635297,-105.082331,1/11/2017 18:26,18:26,12,0,0,WADSWORTH WAY SOUTH & STANFORD AVENUE WEST,1,3,0,0,1,1,0,,45,0,0,0,0,0,2,2,13
,2017_28358,39.635297,-105.082331,3/3/2017 14:38,14:38,12,0,0,WADSWORTH WAY 4500 BLOCK SOUTH & STANFORD AVENUE WEST,1,1,0,0,1,4,0,,40,0,0,0,0,0,2,3,16
,2017_28359,39.635297,-105.082331,3/19/2017 15:10,15:10,1,0,0,WADSWORTH BOULEVARD SOUTH & STANFORD AVENUE WEST,1,1,0,0,1,3,0,,45,0,0,0,0,1,2,2,13
,2017_28360,39.635297,-105.082331,5/4/2017 13:45,13:45,12,0,0,WADSWORTH BOULEVARD SOUTH & STANFORD AVENUE WEST,1,5,1,0,1,3,0,,40,0,0,0,0,0,2,2,3
,2017_28361,39.635297,-105.082331,6/15/2017 15:28,15:28,15,0,0,STANFORD AVENUE WEST & WADSWORTH BOULEVARD SOUTH,1,1,0,0,1,1,0,,25,0,0,0,0,0,2,2,7
,2017_28362,39.635297,-105.082331,9/29/2017 20:37,20:37,3,0,0,WADSWORTH BOULEVARD SOUTH & STANDFORD AVENUE WEST,1,3,0,0,1,1,0,,45,0,0,0,0,0,2,2,13
,2017_28363,39.635297,-105.082331,9/29/2017 20:37,20:37,12,0,0,WADSWORTH BOULEVARD SOUTH & STANFORD AVENUE WEST,1,3,0,0,1,1,0,,45,0,0,0,0,1,2,2,14
,2017_28364,39.637395,-105.081749,4/25/2017 11:30,11:30,15,0,0,WADSWORTH BOULEVARD SOUTH & QUINCY AVENUE WEST,1,1,0,0,1,4,0,,45,0,0,0,0,0,2,2,1
,2017_28365,39.638576,-105.081621,10/9/2017 15:42,15:42,15,0,0,WADSWORTH BOULEVARD SOUTH & QUINCY AVENUE WEST,2,1,1,0,1,4,0,,40,0,0,0,0,0,2,2,3
,2017_28405,39.667744,-105.025111,5/14/2017 17:45,17:45,5,0,0,YALE AVENUE WEST  & FEDERAL BOULEVARD SOUTH,1,1,0,0,3,4,0,,40,0,0,0,0,0,2,1,5
,2017_28416,39.662075,-105.025157,2/24/2017 7:53,7:53,6,0,0,CORNELL AVENUE WEST & FEDERAL BOULEVARD SOUTH,1,1,0,0,1,4,0,,25,0,0,0,0,0,2,2,14
,2017_28506,39.667733,-105.081421,9/11/2017 9:36,9:36,12,0,0,WADSWORTH BOULEVARD 2700 BLOCK SOUTH & YALE AVENUE WEST,1,1,0,0,1,4,0,,35,0,0,0,0,0,2,2,14
,2017_28507,39.667733,-105.081421,9/11/2017 9:50,9:50,15,0,0,WADSWORTH BOULEVARD 2700 BLOCK SOUTH & YALE AVENUE WEST,1,1,0,0,1,4,0,,30,0,0,0,0,0,2,2,14
,2017_28508,39.667733,-105.081421,12/7/2017 9:20,9:20,1,0,0,YALE AVENUE WEST & WADSWORTH BOULEVARD SOUTH,1,1,0,7,1,1,0,,40,0,0,0,0,0,2,2,16
,2017_28509,39.667733,-105.081421,12/19/2017 21:44,21:44,1,0,3,WADSWORTH BOULEVARD SOUTH & YALE AVENUE WEST,1,3,0,0,1,1,0,,35,0,0,0,0,2,2,2,1
,2017_28676,39.749994,-104.991156,8/30/2017 9:05,9:05,15,0,0,19TH STREET & CURTIS STREET,1,1,0,0,1,1,0,,30,0,0,0,0,0,4,2,13
,2017_28871,39.752676,-104.9946705,4/4/2017 16:15,16:15,10,0,0,19TH STREET & MARKET STREET,2,1,0,0,1,1,0,,25,0,0,0,0,0,4,2,13
,2017_29539,39.757653,-104.998635,1/2/2017 18:35,18:35,12,0,0,20TH STREET & CHESTNUT PLACE,1,3,1,7,1,3,0,,30,0,0,0,0,0,4,2,3
,2017_29634,39.757653,-104.998635,3/23/2017 22:31,22:31,12,0,0,20TH STREET & CHESTNUT PLACE,2,3,1,1,1,1,0,,,0,0,0,0,1,4,2,13
,2017_29716,39.675658,-105.053264,12/12/2017 18:19,18:19,5,0,0,SHERIDAN 2155 SOUTH & WARREN AVENUE WEST,1,3,1,0,3,4,0,,40,0,0,0,0,0,2,1,14
,2017_29990,39.635522,-104.893462,9/23/2017 12:35,12:35,1,0,0,TAMARAC STREET SOUTH & I225 SOUTHBOUND RAMPS,1,1,0,0,1,1,0,,35,0,0,0,0,0,1,2,13
,2017_30412,39.766815,-105.0174045,5/5/2017 0:20,0:20,6,0,0,ALCOTT STREET & 36TH AVENUE WEST,1,3,0,0,2,4,0,,,0,0,0,0,0,4,2,13
,2017_30442,39.692952,-104.9593455,9/22/2017 8:11,8:11,3,0,0,LOUISIANA AVENUE EAST & UNIVERSITY BOULEVARD,1,1,0,0,1,1,0,,25,0,0,0,0,0,4,2,13
,2017_30489,39.635672,-104.892896,6/20/2017 13:45,13:45,12,0,0,I225 & TAMARAC STREET SOUTH,1,1,0,0,1,4,0,,35,0,0,0,0,0,1,2,13
,2017_30493,39.632238,-104.904723,8/12/2017 22:12,22:12,5,0,0,I225 NORTHBOUND FLYOVER NEW CONFIG & I25 NORTHBOUND RAMP OFF END GORE,1,3,1,0,3,4,0,,55,0,0,0,0,0,1,1,8
,2017_30557,39.716532,-105.0349005,6/9/2017 15:15,15:15,5,0,0,LOWELL BOULEVARD SOUTH & LOWELL BOULEVARD 2490 SOUTH,1,1,0,0,2,3,0,,25,0,0,0,0,1,4,1,5
,2017_30598,39.716532,-105.0349005,3/21/2017 17:35,17:35,6,0,0,LOWELL BOULEVARD & LOWELL BOULEVARD 4500 BLOCK NORTH,1,1,1,0,1,4,0,,,0,0,0,0,0,4,2,13
,2017_30633,39.632389,-104.904707,5/19/2017 10:36,10:36,12,0,0,I225 & I25 INTCH APPROXIMATELY,1,1,0,0,1,8,0,,55,0,0,0,0,0,1,2,3
,2017_30661,39.634029,-104.902385,9/17/2017 7:55,7:55,5,0,0,I225 NORTHBOUND OFF RAMP SPLIT TO & I25 NORTHBOUND,1,1,0,0,2,8,0,,65,0,0,0,0,1,1,1,13
,2017_30681,39.629871,-104.904931,12/26/2017 5:33,5:33,15,0,0,I225 SOUTHBOUND RAMP OFF & I25,8,3,0,2,1,8,0,,65,0,0,0,0,0,1,2,3
,2017_30682,39.629871,-104.904931,11/11/2017 18:05,18:05,12,0,0,I225 NORTHBOUND ON RAMP FROM & BELLEVIEW AVENUE EAST,1,3,0,0,1,8,0,,35,0,0,0,0,0,1,2,13
,2017_30683,39.629871,-104.904931,7/20/2017 11:35,11:35,15,0,0,I225 & I25 APPROXIMATELY,1,1,1,0,1,8,0,,65,0,0,0,0,0,1,2,13
,2017_30684,39.629871,-104.904931,11/18/2017 17:41,17:41,5,0,0,I225 DIRECT CONNECT & I25 NORTHBOUND APPROXIMATELY,1,3,1,0,2,8,0,,65,0,0,0,0,0,1,1,14
,2017_30685,39.629871,-104.904931,4/9/2017 9:24,9:24,12,0,0,I225 SOUTHBOUND TO EB/ NORTHBOUND FLYOVER ON & I25 APPROXIMATELY,1,1,1,0,1,8,0,,60,0,0,0,0,0,1,2,7
,2017_30686,39.634029,-104.902385,6/15/2017 9:56,9:56,5,0,0,I225 DIRECT CONNECT & NORTHBOUND / EASTBOUND 'J' RAMP SPLIT,1,1,0,0,2,4,0,,65,0,0,0,0,1,1,1,7
,2017_30687,39.629871,-104.904931,3/6/2017 14:12,14:12,12,0,0,I225 SOUTHBOUND RAMP OFF NEW CONFIG & BELLEVIEW TO I25 SOUTHBOUND RAMP MERGE POINT,1,1,1,0,1,8,0,,55,0,0,0,0,0,1,3,1
,2017_30689,39.63051,-104.905793,4/2/2017 10:36,10:36,9,0,2,I225 SOUTHBOUND OFF RAMP & I25 SOUTHBOUND 'D' RAMP TO BELLEVIEW,1,1,0,0,3,8,0,,55,0,0,0,0,2,1,2,8
,2017_30690,39.629871,-104.904931,7/14/2017 16:56,16:56,12,0,0,I225 SOUTHBOUND COLLECTOR & I25 SOUTHBOUND APPROXIMATELY,1,1,0,0,1,8,0,,55,0,0,0,0,0,1,2,3
,2017_30691,39.629871,-104.904931,10/17/2017 8:43,8:43,12,0,0,I225 DIRECT CONNECT & I25 APPROXIMATELY,1,1,1,0,1,8,0,,65,0,0,0,0,0,1,2,13
,2017_30692,39.629871,-104.904931,5/29/2017 19:23,19:23,15,0,0,I225 NORTHBOUND DIRECT CONNECT & I25 APPROXIMATELY,1,1,0,0,1,4,0,,60,0,0,0,0,0,1,2,13
,2017_30693,39.629971,-104.904921,12/1/2017 9:52,9:52,12,0,0,I225 SOUTHBOUND OFF RAMP & I25 SOUTHBOUND EXIT GORE,1,1,0,0,1,8,0,,65,0,0,0,0,0,1,2,1
,2017_30694,39.629971,-104.904921,3/21/2017 8:14,8:14,12,0,0,I225 SOUTHBOUND COLLECTOR OFF & I25 SOUTHBOUND ON GORE POINT,1,1,0,0,1,8,0,,55,0,0,0,0,0,1,2,13
,2017_30695,39.630177,-104.905007,11/22/2017 15:21,15:21,12,0,0,I225 NORTHBOUND DIR CONNECT & I25 NORTHBOUND EXIT GORE POINT,1,1,0,0,1,4,0,,65,0,0,0,0,1,1,2,13
,2017_30696,39.630288,-104.905053,12/14/2017 20:12,20:12,15,0,0,I225 DIRECT CONNECT & I25,1,3,0,0,1,8,0,,,0,0,0,0,0,1,3,13
,2017_30697,39.630391,-104.90506,4/28/2017 16:38,16:38,12,0,0,I225 SOUTHBOUND FLYOVER & MM 0.5 APPROXIMATELY,2,1,0,2,1,4,0,,55,0,0,0,0,0,1,2,14
,2017_30698,39.630391,-104.90506,11/30/2017 6:30,6:30,12,0,0,I225 & I25,1,1,0,0,1,4,0,,55,0,0,0,0,0,1,2,13
,2017_30699,39.630391,-104.90506,11/30/2017 6:35,6:35,12,0,0,I225 SOUTHBOUND RAMP OFF & I25 HIGHWAY APPROXIMATELY,1,1,0,0,1,8,0,,55,0,0,0,0,0,1,2,13
,2017_30700,39.630725,-104.905081,9/29/2017 7:24,7:24,5,0,0,I225 NEB FLYOVER & I25 NORTHBOUND EXIT GORE APPROXIMATELY,1,1,0,0,2,4,0,,55,0,0,0,0,0,1,1,7
,2017_30701,39.630725,-104.905081,11/15/2017 17:30,17:30,12,0,0,I225 & I25,1,3,0,0,1,4,0,,55,0,0,0,0,0,1,2,14
,2017_30702,39.630837,-104.905088,1/18/2017 10:20,10:20,15,0,0,I225 NORTHBOUND / EASTBOUND DIRECT CONNECT ON & I25 NORTHBOUND OFF GORE POINT,1,1,1,0,1,4,0,,55,0,0,0,0,0,1,2,13
,2017_30703,39.630837,-104.905088,3/25/2017 13:55,13:55,12,0,0,I225 SOUTHBOUND & I25 SOUTHBOUND ON RAMP MERGE POINT,1,1,1,0,1,8,0,,65,0,0,0,0,0,1,3,13
,2017_30704,39.638389,-104.910067,2/8/2017 18:04,18:04,12,0,0,I225 NORTHBOUND COLLECTOR ON & I25 SOUTHBOUND GORE POINT OFF APPROXIMATELY,1,2,0,0,1,8,0,,65,0,0,0,0,1,1,2,13
,2017_30705,39.632169,-104.904831,2/18/2017 22:15,22:15,5,0,0,I255 SOUTHBOUND COLLECTOR RAMP OFF & I25 SOUTHBOUND APPROXIMATELY,1,3,1,0,2,8,1,,,0,0,0,0,0,1,1,13
,2017_30706,39.634031,-104.905917,6/9/2017 12:53,12:53,12,0,0,I225 DIRECT CONNECT & RAMP SPLIT TO I25 SOUTHBOUND APPROXIMATELY,1,1,1,0,1,8,0,,55,0,0,0,0,1,1,2,14
,2017_30707,39.632389,-104.904707,6/29/2017 21:18,21:18,5,0,0,I225 SOUTHBOUND OFF RAMP TO & I25,1,3,1,0,2,8,0,,,0,0,0,0,0,1,2,13
,2017_30708,39.6326,-104.90458,1/12/2017 16:12,16:12,15,0,0,I225 NORTHBOUND FLYOVER FROM & I25 INTCH,2,1,1,4,1,8,0,,65,0,0,0,0,0,1,2,14
,2017_30709,39.633279,-104.903931,11/14/2017 15:03,15:03,15,0,0,I225 & I25,1,1,0,0,1,4,0,,,0,0,0,0,0,1,2,13
,2017_30710,39.633279,-104.903931,12/15/2017 11:40,11:40,12,0,0,I225 & I25,1,1,0,0,1,4,0,,55,0,0,0,0,0,1,3,13
,2017_30711,39.634029,-104.902385,3/12/2017 23:49,23:49,15,0,0,I225 NORTHBOUND RAMP OFF & I25 NORTHBOUND / SOUTHBOUND RAMP SPLIT APPROXIMATELY,1,3,0,0,1,8,0,,55,0,0,0,0,0,1,2,1
,2017_30712,39.634029,-104.902385,7/18/2017 23:48,23:48,15,0,0,I225 SPLIT RAMP NORTHBOUND TO SOUTHBOUND & TAMARAC STREET SOUTH,1,3,1,0,1,8,0,,,0,0,0,0,1,1,2,13
,2017_30713,39.634029,-104.902385,12/27/2017 7:45,7:45,12,0,0,I225 NORTHBOUND OFF RAMP SPLIT TO & I25 NORTHBOUND ON RAMP,1,1,0,0,1,8,0,,55,0,0,0,0,0,1,2,1
,2017_30714,39.634029,-104.902385,1/19/2017 12:46,12:46,12,0,0,I225 SOUTHBOUND FLYOVER OFF & I25 NORTHBOUND / SOUTHBOUND RAMP SPLIT,1,1,0,0,1,8,0,,55,0,0,0,0,0,1,2,13
,2017_30715,39.634029,-104.902385,11/8/2017 9:12,9:12,12,0,0,I225 NORTHBOUND OFF RAMP SPLIT TO & I25,1,1,1,0,1,8,0,,65,0,0,0,0,0,1,2,13
,2017_30716,39.634114,-104.902134,1/6/2017 12:55,12:55,12,0,0,I225 SOUTHBOUND & I25 NORTHBOUND INTERCHANGE,2,1,1,0,1,4,0,,55,0,0,0,0,1,1,2,13
,2017_30717,39.634114,-104.902134,5/17/2017 7:13,7:13,12,0,0,I225 SOUTHBOUND RAMP OFF SPLIT & I25 NORTHBOUND / SOUTHBOUND RAMPS ON,1,1,0,0,1,4,0,,55,0,0,0,0,0,1,2,7
,2017_30718,39.634114,-104.902134,6/10/2017 22:24,22:24,5,0,0,I225 SOUTHBOUND / WB & I25  RAMP SPLIT APPROXIMATELY,1,3,0,0,2,4,0,,55,0,0,0,0,0,1,1,6
,2017_30719,39.634114,-104.902134,12/5/2017 17:15,17:15,15,0,0,I225 OFF RAMP SPLIT GORE & I25 SOUTHBOUND RAMP 'I',1,2,1,0,1,4,0,,,0,0,0,0,0,1,3,13
,2017_30720,39.63414,-104.901999,11/14/2017 6:00,6:00,9,0,0,I225 SOUTHBOUND & QUEBEC STREET SOUTH,1,2,0,0,2,4,0,,65,0,0,0,0,1,1,1,3
,2017_30721,39.634153,-104.901932,1/26/2017 10:15,10:15,12,0,0,I225 SOUTHBOUND & QUEBEC STREET SOUTH,1,1,0,0,1,4,0,,55,0,0,0,0,0,1,3,1
,2017_30722,39.634153,-104.901932,3/8/2017 10:30,10:30,12,0,0,I225 SOUTHBOUND & QUEBEC STREET SOUTH,1,1,0,0,1,4,0,,55,0,0,0,0,0,1,4,13
,2017_30723,39.634153,-104.901932,6/1/2017 8:08,8:08,12,0,0,I225 & QUEBEC STREET SOUTH,1,1,0,0,1,4,0,,65,0,0,0,0,0,1,3,12
,2017_30724,39.63418,-104.901797,11/29/2017 7:15,7:15,12,0,0,I225 & QUEBEC STREET SOUTH,1,1,0,0,1,4,0,,55,0,0,0,0,0,1,4,2
,2017_30725,39.63418,-104.901797,11/29/2017 7:18,7:18,12,0,0,I225 & QUEBEC STREET SOUTH,1,1,0,0,1,4,0,,55,0,0,0,0,0,1,2,12
,2017_30726,39.634193,-104.901729,5/25/2017 23:00,23:00,12,0,0,I225 SOUTHBOUND OFF & I25 NORTHBOUND / SOUTHBOUND RAMP SPLIT,2,3,0,1,1,8,0,,,0,0,0,0,0,1,2,13
,2017_30727,39.634311,-104.901122,5/12/2017 8:31,8:31,15,0,0,I225 & I25 NORTHBOUND / SOUTHBOUND RAMP SPLIT,1,1,0,0,1,4,0,,55,0,0,0,0,0,1,2,13
,2017_30728,39.634376,-104.900784,7/27/2017 6:53,6:53,12,0,0,I225 & I25,1,1,0,0,1,4,0,,55,0,0,0,0,0,1,2,3
,2017_30729,39.634389,-104.900717,7/27/2017 9:07,9:07,12,0,0,I225 SOUTHBOUND & I25 SOUTHBOUND,1,1,0,0,1,4,0,,65,0,0,0,0,1,1,2,1
,2017_30730,39.634429,-104.900514,8/14/2017 8:38,8:38,12,0,0,I225 & TAMARAC STREET SOUTH,1,1,0,0,1,4,0,,40,0,0,0,0,0,1,3,1
,2017_30731,39.634626,-104.899502,7/27/2017 11:58,11:58,12,0,0,I225 SOUTHBOUND & TAMARAC STREET SOUTH,1,1,0,0,1,4,0,,65,0,0,0,0,0,1,2,13
,2017_30732,39.634639,-104.899434,10/19/2017 19:17,19:17,12,0,0,I225 & TAMARAC STREET SOUTH,1,3,1,0,1,4,0,,55,0,0,0,0,0,1,2,3
,2017_30733,39.634639,-104.899434,11/15/2017 17:30,17:30,12,0,0,I225 & TAMARAC DRIVE SOUTH,1,3,0,0,1,4,0,,55,0,0,0,0,1,1,2,1
,2017_30734,39.634639,-104.899434,8/29/2017 18:17,18:17,12,0,0,I225 NORTHBOUND ON RAMP & YOSEMITE STREET SOUTH,1,1,1,0,1,8,0,,45,0,0,0,0,0,1,2,3
,2017_30735,39.634678,-104.899232,7/18/2017 14:18,14:18,5,0,0,I225 SOUTHBOUND ON RAMP & TAMARAC STREET,1,3,1,0,3,8,0,,55,0,0,0,0,0,1,1,14
,2017_30736,39.634704,-104.899097,11/8/2017 12:45,12:45,15,0,0,I225 & TAMARAC STREET SOUTH,1,1,0,0,1,4,0,,65,0,0,0,0,0,1,2,1
,2017_30738,39.634873,-104.897939,3/22/2017 16:27,16:27,12,0,0,I225 NORTHBOUND & TAMARAC STREET SOUTH,1,1,0,0,1,8,0,,50,0,0,0,0,0,1,2,3
,2017_30739,39.635355,-104.894268,11/26/2017 3:35,3:35,5,0,0,I225 & TAMARAC STREET SOUTH,1,4,0,0,3,4,0,,55,0,0,0,0,0,1,1,2
,2017_30740,39.635536,-104.896468,5/1/2017 8:12,8:12,12,0,0,I225 RAMP ON METER LIGHT & TAMARAC DRIVE SOUTH,1,1,0,0,1,8,0,,55,0,0,0,0,0,1,2,3
,2017_30741,39.635355,-104.894268,5/2/2017 8:44,8:44,15,0,0,I225 RAMP ON MERGE & TAMARAC DRIVE SOUTHBOUND SLIP RAMP ON,1,1,0,0,1,8,0,,65,0,0,0,0,0,1,2,13
,2017_30742,39.635355,-104.894268,11/29/2017 17:48,17:48,12,0,0,I225 SOUTHBOUND SLIP RAMP ON GORE & TAMARAC STREET SOUTH,1,3,0,0,1,8,0,,45,0,0,0,0,1,1,2,1
,2017_30743,39.635522,-104.893462,1/11/2017 7:24,7:24,12,0,0,I225 SOUTHBOUND & TAMARAC STREET SOUTH,1,2,0,0,1,4,0,,55,0,0,0,0,0,1,2,3
,2017_30744,39.635522,-104.893462,3/23/2017 12:20,12:20,12,0,0,I225 & TAMARAC STREET SOUTH,1,1,1,0,1,4,0,,55,0,0,0,0,0,1,2,1
,2017_30745,39.635522,-104.893462,6/5/2017 12:42,12:42,5,0,0,I225 & TAMARAC STREET OVER PASS,1,1,1,0,2,4,0,,55,0,0,0,0,0,1,1,13
,2017_30746,39.635522,-104.893462,6/7/2017 8:56,8:56,12,0,0,I225 & TAMARAC DRIVE SOUTH,1,1,0,0,1,4,0,,60,0,0,0,0,0,1,4,3
,2017_30747,39.635522,-104.893462,6/29/2017 9:11,9:11,12,0,0,I225 & TAMARAC STREET SOUTH,1,1,0,0,1,4,0,,55,0,0,0,0,0,1,2,13
,2017_30748,39.635522,-104.893462,7/26/2017 5:46,5:46,12,0,0,I225 & TAMARAC STREET SOUTH,1,1,0,0,1,4,0,,55,0,0,0,0,0,1,2,3
,2017_30749,39.635522,-104.893462,11/22/2017 14:48,14:48,12,0,0,I225 & TAMARAC STREET SOUTH,1,1,0,0,1,4,0,,55,0,0,0,0,0,1,2,13
,2017_30750,39.635522,-104.893462,3/29/2017 10:28,10:28,5,0,0,I225 SOUTHBOUND & TAMARAC STREET SOUTH,1,1,0,0,2,4,0,,45,0,0,0,0,0,1,1,13
,2017_30751,39.635522,-104.893462,2/15/2017 9:40,9:40,12,0,0,TAMARAC STREET SOUTH & I225 WB OFF RAMP,1,1,0,0,1,1,0,,25,0,0,0,0,0,1,2,13
,2017_30752,39.635522,-104.893462,3/3/2017 0:04,0:04,3,0,0,TAMARAC STREET SOUTH & I225 SOUTHBOUND RAMPS,1,3,0,0,1,1,0,,35,0,0,0,0,0,1,2,13
,2017_30753,39.635522,-104.893462,4/6/2017 7:24,7:24,1,0,0,TAMARAC STREET SOUTH & I225 WB OFF RAMP,1,1,0,0,1,1,0,,30,0,0,0,0,0,1,2,13
,2017_30754,39.635522,-104.893462,4/14/2017 15:27,15:27,3,0,0,TAMARAC STREET SOUTH & I225 SOUTHBOUND RAMP OFF,1,1,1,0,1,1,0,,35,0,0,0,0,0,1,2,3
,2017_30755,39.635522,-104.893462,4/15/2017 19:55,19:55,1,0,1,TAMARAC STREET SOUTH / DTC BOULEVARD SOUTH & I225 SOUTHBOUND RAMPS,1,2,1,0,1,1,0,,35,0,0,0,0,2,1,2,13
,2017_30756,39.635522,-104.893462,5/15/2017 13:43,13:43,1,0,0,TAMARAC STREET SOUTH & I225 SOUTHBOUND RAMPS,1,1,0,0,1,1,0,,,0,0,0,0,0,1,2,13
,2017_30757,39.635522,-104.893462,6/14/2017 10:41,10:41,1,0,0,TAMARAC STREET & I225 SOUTHBOUND RAMPS,1,1,0,0,1,1,0,,35,0,0,0,0,1,1,2,8
,2017_30758,39.635522,-104.893462,6/20/2017 16:30,16:30,1,0,1,TAMARAC STREET SOUTH & I225 HIGHWAY NORTHBOUND,1,1,0,0,1,1,0,,35,0,0,0,1,2,1,2,8
,2017_30759,39.635522,-104.893462,7/7/2017 5:00,5:00,3,0,0,TAMARAC STREET SOUTH & I225 SOUTHBOUND RAMPS,1,3,0,0,1,1,0,,30,0,0,0,0,0,1,2,13
,2017_30760,39.635522,-104.893462,7/26/2017 10:45,10:45,3,0,0,TAMARAC DRIVE SOUTH & I225 SOUTHBOUND RAMPS,1,1,0,0,1,1,0,,35,0,0,0,0,1,1,2,3
,2017_30761,39.635522,-104.893462,7/27/2017 7:53,7:53,1,0,0,TAMARAC STREET SOUTH & I225 WB RAMPS,1,1,0,0,1,1,0,,35,0,0,0,0,0,1,2,3
,2017_30763,39.635522,-104.893462,8/18/2017 11:20,11:20,1,0,0,TAMARAC STREET SOUTH & I225 SOUTHBOUND RAMPS,1,1,0,0,1,1,0,,35,0,0,0,0,0,1,2,8
,2017_30764,39.635522,-104.893462,8/23/2017 14:20,14:20,1,0,0,TAMARAC STREET SOUTH & I225,1,1,0,0,1,1,0,,35,0,0,0,0,0,1,2,1
,2017_30765,39.635522,-104.893462,9/16/2017 21:17,21:17,1,0,0,TAMARAC DRIVE SOUTH & I225 WB RAMPS,1,3,0,0,1,1,0,,35,0,0,0,0,0,1,2,13
,2017_30766,39.635522,-104.893462,10/10/2017 19:05,19:05,1,0,0,TAMARAC STREET SOUTH & I225 SOUTHBOUND RAMPS,1,3,0,0,1,1,0,,35,0,0,0,0,1,1,2,1
,2017_30767,39.635522,-104.893462,10/23/2017 9:16,9:16,12,0,0,TAMARAC STREET SOUTH & I225 SOUTHBOUND RAMP ON,1,1,0,0,1,1,0,,30,0,0,0,0,0,1,2,13
,2017_30768,39.635522,-104.893462,11/6/2017 15:27,15:27,10,0,0,TAMARAC DRIVE SOUTH & I225 NORTH FRTG ROAD,1,1,0,0,1,1,0,,35,0,0,0,0,1,1,2,3
,2017_30769,39.635522,-104.893462,12/2/2017 23:18,23:18,1,0,0,TAMARAC STREET SOUTH / DTC BOULEVARD SOUTH & I225 SOUTHBOUND RAMPS,1,3,0,0,1,1,0,,30,0,0,0,0,0,1,2,13
,2017_30770,39.635522,-104.893462,12/5/2017 17:34,17:34,1,0,0,TAMARAC STREET SOUTH & I225 SOUTHBOUND RAMPS,1,3,0,0,1,1,0,,40,0,0,0,0,1,1,2,1
,2017_30771,39.635522,-104.893462,12/13/2017 7:43,7:43,1,0,0,TAMARAC STREET PARKWAY SOUTH & I225 WB ON RAMP,1,1,0,0,1,1,0,,35,0,0,0,0,0,1,2,3
,2017_30772,39.635522,-104.893462,2/10/2017 17:24,17:24,1,0,0,TAMARAC STREET SOUTH & I225 NORTHBOUND RAMP ON,1,2,0,0,1,1,0,,35,0,0,0,0,0,1,2,13
,2017_30773,39.635522,-104.893462,2/12/2017 21:18,21:18,1,0,0,TAMARAC STREET SOUTH & I225,1,3,1,0,1,1,0,,35,0,0,0,0,0,1,2,13
,2017_30774,39.635522,-104.893462,3/22/2017 16:21,16:21,1,0,0,TAMARAC STREET SOUTH & I225 NORTHBOUND RAMP ON,1,1,0,0,1,1,0,,35,0,0,0,0,0,1,2,13
,2017_30775,39.635522,-104.893462,4/23/2017 11:30,11:30,1,0,1,DTC BOULEVARD SOUTH & I225 NORTHBOUND RAMPS,1,1,0,0,1,1,0,,35,0,0,0,0,2,1,2,13
,2017_30776,39.635522,-104.893462,5/19/2017 17:30,17:30,1,0,0,DTC BOULEVARD SOUTH & I225 NORTHBOUND RAMPS,2,1,0,0,1,1,0,,35,0,0,0,0,0,1,2,13
,2017_30777,39.635522,-104.893462,5/22/2017 9:56,9:56,12,0,0,TAMARAC STREET SOUTH & I225 NORTHBOUND RAMPS,1,1,1,0,1,1,0,,35,0,0,0,0,0,1,2,7
,2017_30778,39.635522,-104.893462,6/24/2017 12:49,12:49,1,0,0,I225 EASTBOUND ON RAMP FROM & DTC BOULEVARD SOUTHBOUND,1,1,0,0,1,1,0,,35,0,0,0,0,0,1,2,13
,2017_30779,39.635522,-104.893462,7/11/2017 18:40,18:40,1,0,0,TAMARAC STREET SOUTH & I225 NORTHBOUND RAMPS,1,1,0,0,1,1,0,,30,0,0,0,0,0,1,2,1
,2017_30780,39.635522,-104.893462,7/14/2017 10:11,10:11,1,0,0,DTC BOULEVARD SOUTH & I225 RAMP NORTHBOUND,1,1,1,0,1,1,0,,45,0,0,0,0,0,1,2,3
,2017_30781,39.635522,-104.893462,8/3/2017 17:00,17:00,12,0,0,DTC BOULEVARD & I225 EASTBOUND RAMPS,1,1,0,0,1,1,0,,40,0,0,0,0,0,1,2,1
,2017_30782,39.635522,-104.893462,10/12/2017 16:38,16:38,1,0,0,TAMARAC DRIVE SOUTH & I225 EASTBOUND ON RAMP,1,1,0,0,1,1,0,,35,0,0,0,0,1,1,2,1
,2017_30783,39.635522,-104.893462,10/19/2017 21:10,21:10,1,0,0,DTC BOULEVARD SOUTH EASTBOUND RAMPS & I225 SOUTH FRTG,1,3,0,0,1,1,0,,35,0,0,0,0,0,1,2,7