id,drcog_id,latitude,longitude,crashtime,time,crashtype,numbkilled,numbinjurd,drcoglocat,rdconditin,lightngcon,roadcntgrd,weatherco,location,roaddescrp,constrzone,schoolzone,splimit,bikeinv,pedinv,sctrinv,motoinv,svrty,rdsystem,ttlvehcls,hcf
,2017_30784,39.635522,-104.893462,11/1/2017 13:02,13:02,1,0,0,TAMARAC STREET SOUTH & I225 NORTHBOUND RAMP ON,1,1,0,0,1,1,0,,35,0,0,0,0,0,1,2,1
,2017_30785,39.635522,-104.893462,11/16/2017 17:26,17:26,1,0,0,DTC BOULEVARD SOUTH & I225 NORTHBOUND / EASTBOUND RAMP ON,1,3,0,0,1,1,0,,35,0,0,0,0,0,1,2,7
,2017_30786,39.635522,-104.893462,11/16/2017 20:05,20:05,1,0,0,TAMARAC STREET SOUTH & I225 NORTHBOUND RAMP ON,1,3,0,0,1,1,0,,45,0,0,0,0,0,1,2,13
,2017_30787,39.635522,-104.893462,12/2/2017 17:42,17:42,1,0,0,TAMARAC STREET SOUTH & I225 NORTHBOUND RAMPS,1,3,0,0,1,1,0,,40,0,0,0,0,0,1,2,13
,2017_30788,39.635522,-104.893462,12/9/2017 17:00,17:00,1,0,0,DTC BOULEVARD SOUTH & I225 NORTHBOUND / EASTBOUND RAMP ON,1,3,0,0,1,1,0,,35,0,0,0,0,1,1,2,13
,2017_30789,39.63556,-104.89332,3/27/2017 16:43,16:43,12,0,0,I225 WB RAMP OFF & TAMARAC STREET SOUTH,1,1,1,0,1,8,0,,40,0,0,0,0,0,1,2,3
,2017_30790,39.635635,-104.893038,9/19/2017 16:35,16:35,12,0,0,I225 NORTHBOUND ON RAMP SPLIT FROM & DTC BOULEVARD,1,1,1,0,1,8,0,,40,0,0,0,0,0,1,2,13
,2017_30791,39.635635,-104.893038,5/25/2017 12:45,12:45,12,0,0,I225 WB OFF RAMP SPLIT & TAMARAC STREET SOUTH,1,1,0,0,1,8,0,,35,0,0,0,0,0,1,2,14
,2017_30793,39.635635,-104.893038,5/31/2017 17:20,17:20,12,0,0,I225 SOUTHBOUND OFF RAMP TO & TAMARAC PARKWAY SOUTH,1,1,0,0,1,8,0,,35,0,0,0,0,0,1,2,14
,2017_30794,39.635635,-104.893038,7/20/2017 13:10,13:10,12,0,0,I225 SOUTHBOUND ON RAMP & TAMARAC STREET SOUTH,1,1,0,0,1,8,0,,30,0,0,0,0,0,1,2,1
,2017_30795,39.635672,-104.892896,4/21/2017 16:26,16:26,12,0,0,I225 NORTHBOUND ON RAMP & DTC BOULEVARD SOUTH,1,1,0,0,1,8,0,,35,0,0,0,0,0,1,2,13
,2017_30796,39.635986,-104.891947,1/31/2017 8:16,8:16,12,0,0,I225 WB OFF RAMP SPLIT & TAMARAC STREET SOUTH,1,1,0,0,1,8,0,,35,0,0,0,0,0,1,2,13
,2017_30797,39.636627,-104.890549,5/3/2017 17:25,17:25,12,0,0,I225 SOUTHBOUND & YOSEMITE STREET SOUTH,1,1,0,0,1,4,0,,55,0,0,0,0,0,1,2,13
,2017_30798,39.636888,-104.88998,4/18/2017 7:27,7:27,15,0,1,I225 & TAMARAC STREET SOUTH,1,1,0,0,1,4,0,,65,0,0,0,0,2,1,3,14
,2017_30799,39.636888,-104.88998,4/27/2017 6:53,6:53,15,0,0,I225 & TAMARAC STREET SOUTH,1,1,0,0,1,4,0,,65,0,0,0,0,1,1,2,13
,2017_30800,39.636888,-104.88998,8/6/2017 23:05,23:05,15,0,0,I225 NORTHBOUND & TAMARAC STREET,1,4,0,0,1,4,0,,65,0,0,0,0,1,1,2,1
,2017_30801,39.636888,-104.88998,8/12/2017 16:45,16:45,12,0,0,I225 SOUTHBOUND & MM 1,2,1,0,0,1,4,0,,60,0,0,0,0,0,1,2,4
,2017_30802,39.636963,-104.889828,6/14/2017 11:51,11:51,12,0,0,I225 'J' RAMP FROM YOSEMITE & TAMARAC STREET SOUTH 'D'RAMP MERGE POINT APPROXIMATELY,1,1,1,0,1,8,0,,45,0,0,0,0,0,1,2,13
,2017_30803,39.637205,-104.889333,1/3/2017 7:04,7:04,12,0,0,I225 SOUTHBOUND & YOSEMITE STREET SOUTH,1,1,0,0,1,4,0,,55,0,0,0,0,0,1,3,13
,2017_30804,39.637205,-104.889333,8/14/2017 6:33,6:33,12,0,0,I225 & YOSEMITE STREET SOUTH,1,1,0,0,1,4,0,,55,0,0,0,0,0,1,3,12
,2017_30805,39.637366,-104.889003,2/9/2017 17:15,17:15,12,0,0,I225 & MM 1.1,1,1,0,0,1,4,0,,65,0,0,0,0,1,1,3,14
,2017_30806,39.639223,-104.885207,9/11/2017 6:27,6:27,12,0,0,I225 SOUTHBOUND & YOSEMITE STREET SOUTH,1,1,0,0,1,4,0,,55,0,0,0,0,0,1,2,3
,2017_30807,39.637366,-104.889003,2/9/2017 17:15,17:15,12,0,0,I225 & MM 1.1,1,1,0,0,1,4,0,,65,0,0,0,0,1,1,3,14
,2017_30809,39.637851,-104.888012,3/10/2017 12:00,12:00,12,0,0,I225 & YOSEMITE STREET SOUTH,1,1,0,0,1,4,0,,55,0,0,0,0,0,1,2,3
,2017_30810,39.637851,-104.888012,11/2/2017 22:05,22:05,5,0,0,I225 SOUTH FRONTAGE & YOSEMITE STREET SOUTH,1,3,1,0,1,8,0,,45,0,0,0,0,0,1,2,13
,2017_30811,39.637932,-104.887847,3/27/2017 10:13,10:13,12,0,0,I225 HIGHWAY SOUTHBOUND & TAMARAC STREET SOUTH,1,1,0,0,1,4,0,,65,0,0,0,0,0,1,2,1
,2017_30812,39.638174,-104.887352,9/18/2017 21:29,21:29,15,0,0,I225 SOUTHBOUND & YOSEMITE STREET SOUTH,1,3,0,0,1,4,0,,65,0,0,0,0,0,1,4,1
,2017_30813,39.638254,-104.887187,9/18/2017 21:30,21:30,12,0,1,I225 NORTHBOUND & I225 EB/NB GORE POINT FROM TAMARAC STREET,1,3,0,0,1,4,0,,55,0,0,0,0,2,1,2,12
,2017_30814,39.638577,-104.886527,5/6/2017 8:23,8:23,12,0,0,I225 SOUTHBOUND & YOSEMITE STREET SOUTH,1,1,0,0,1,4,0,,65,0,0,0,0,0,1,3,13
,2017_30815,39.638739,-104.886197,11/8/2017 22:20,22:20,5,0,0,I225 & YOSEMITE STREET SOUTH,1,3,0,0,2,4,0,,65,0,0,0,0,0,1,1,14
,2017_30816,39.6389,-104.885867,1/3/2017 7:04,7:04,12,0,0,I225 SOUTHBOUND & TAMARAC STREET SOUTH,1,1,0,0,1,4,0,,55,0,0,0,0,0,1,2,3
,2017_30817,39.6389,-104.885867,5/2/2017 8:40,8:40,15,0,0,I225 & YOSEMITE STREET SOUTH,1,1,0,0,1,4,0,,65,0,0,0,0,0,1,2,1
,2017_30818,39.6389,-104.885867,8/6/2017 23:30,23:30,15,0,0,I225 NORTHBOUND & TAMARAC STREET SOUTH,1,3,0,0,1,4,0,,65,0,0,0,0,0,1,2,3
,2017_30819,39.639062,-104.885537,11/8/2017 8:05,8:05,12,0,0,I225 SOUTHBOUND ON RAMP & YOSEMITE STREET SOUTH,1,1,1,0,1,8,0,,45,0,0,0,0,0,1,2,13
,2017_30820,39.639223,-104.885207,6/16/2017 13:55,13:55,15,0,0,I225 & YOSEMITE STREET,1,1,0,0,1,4,0,,55,0,0,0,0,0,1,2,13
,2017_30821,39.639143,-104.885372,1/25/2017 15:45,15:45,12,0,1,I225 SOUTHBOUND SLIP RAMP ON & YOSEMITE STREET SOUTH,1,1,1,0,1,8,0,,35,0,0,0,0,2,1,2,13
,2017_30822,39.639143,-104.885372,3/23/2017 16:25,16:25,12,0,0,I225 SOUTHBOUND SLIP RAMP ON & YOSEMITE STREET SOUTH,1,1,1,0,1,8,0,,45,0,0,0,0,0,1,2,13
,2017_30823,39.639143,-104.885372,10/11/2017 8:03,8:03,12,0,0,I225 WB ON SLIP RAMP & YOSEMITE STREET SOUTH,1,1,1,0,1,8,0,,30,0,0,0,0,0,1,2,13
,2017_30824,39.639143,-104.885372,11/6/2017 7:31,7:31,12,0,0,I225 SOUTHBOUND SLIP RAMP ON GORE & YOSEMITE STREET SOUTH,1,1,0,4,1,8,0,,30,0,0,0,0,0,1,3,13
,2017_30825,39.639223,-104.885207,1/4/2017 6:55,6:55,12,0,0,I225 SOUTHBOUND & YOSEMITE STREET SOUTH,1,1,0,0,1,4,0,,55,0,0,0,0,0,1,2,7
,2017_30826,39.639223,-104.885207,2/17/2017 14:15,14:15,15,0,0,I225 NORTHBOUND & YOSEMITE STREET SOUTH,1,1,0,0,1,4,0,,65,0,0,0,0,0,1,2,1
,2017_30827,39.639223,-104.885207,3/17/2017 14:35,14:35,12,0,0,I225 & YOSEMITE STREET SOUTH,1,1,0,0,1,4,0,,55,0,0,0,0,0,1,2,13
,2017_30828,39.639223,-104.885207,3/31/2017 13:31,13:31,12,0,0,I225 SOUTHBOUND & YOSEMITE STREET SOUTH,2,1,0,1,1,4,0,,55,0,0,0,0,0,1,2,13
,2017_30829,39.639223,-104.885207,4/18/2017 17:20,17:20,12,0,0,I225 & YOSEMITE STREET SOUTH,1,1,0,0,1,4,0,,55,0,0,0,0,0,1,2,1
,2017_30830,39.639223,-104.885207,5/4/2017 11:33,11:33,12,0,0,I225 & YOSEMITE STREET SOUTH,1,1,0,0,1,4,1,,55,0,0,0,0,1,1,2,13
,2017_30831,39.639223,-104.885207,5/5/2017 6:19,6:19,5,0,0,I225 & YOSEMITE STREET SOUTH,1,1,0,0,2,4,0,,65,0,0,0,0,0,1,1,13
,2017_30832,39.639223,-104.885207,5/26/2017 16:24,16:24,15,0,0,I225 & YOSEMITE STREET SOUTH APPROXIMATELY,1,1,0,0,1,4,0,,65,0,0,0,0,0,1,4,1
,2017_30833,39.639223,-104.885207,6/2/2017 13:20,13:20,12,0,0,I225 & YOSEMITE STREET SOUTH,1,1,0,0,1,4,0,,65,0,0,0,0,0,1,3,13
,2017_30834,39.639223,-104.885207,6/26/2017 14:28,14:28,12,0,0,I225 SOUTHBOUND & YOSEMITE STREET SOUTH INTCH,1,1,0,0,1,4,0,,55,0,0,0,0,0,1,2,13
,2017_30835,39.639223,-104.885207,7/13/2017 8:19,8:19,12,0,0,I225 & YOSEMITE STREET SOUTH,1,1,0,0,1,4,0,,65,0,0,0,0,0,1,3,13
,2017_30836,39.639223,-104.885207,7/26/2017 16:07,16:07,12,0,0,I225 & YOSEMITE STREET SOUTH,1,1,0,0,1,4,0,,55,0,0,0,0,0,1,3,13
,2017_30837,39.639223,-104.885207,8/11/2017 15:30,15:30,12,0,0,YOSEMITE STREET SOUTH & I225,1,1,1,0,1,4,0,,35,0,0,0,0,0,1,2,13
,2017_30838,39.639223,-104.885207,9/14/2017 14:50,14:50,12,0,0,I225 SOUTHBOUND & YOSEMITE STREET SOUTH,1,1,0,0,1,4,0,,55,0,0,0,0,1,1,2,1
,2017_30839,39.639223,-104.885207,9/21/2017 9:01,9:01,12,0,0,I225 SOUTHBOUND & YOSEMITE STREET SOUTH,1,1,0,0,1,4,0,,55,0,0,0,0,0,1,2,3
,2017_30840,39.639223,-104.885207,10/31/2017 5:46,5:46,12,0,1,I225 & YOSEMITE STREET SOUTH,1,1,0,0,1,4,0,,65,0,0,0,0,2,1,2,13
,2017_30841,39.639223,-104.885207,11/1/2017 7:48,7:48,12,0,0,I225 & YOSEMITE STREET SOUTH,1,1,0,0,1,4,0,,55,0,0,0,0,1,1,3,8
,2017_30842,39.639223,-104.885207,11/6/2017 6:17,6:17,15,0,0,I225 & YOSEMITE STREET SOUTH,1,1,0,0,1,4,0,,55,0,0,0,0,0,1,2,13
,2017_30843,39.639223,-104.885207,1/9/2017 16:40,16:40,12,0,0,YOSEMITE STREET SOUTH & I225 SOUTHBOUND RAMPS,1,2,1,0,1,3,0,,35,0,0,0,0,0,1,2,3
,2017_30844,39.639223,-104.885207,3/13/2017 15:11,15:11,3,0,0,YOSEMITE SOUTH & I225,1,1,1,0,1,1,0,,35,0,0,0,0,0,1,3,13
,2017_30845,39.639223,-104.885207,3/31/2017 8:17,8:17,10,0,0,YOSEMITE STREET SOUTH & I225 SOUTHBOUND RAMP OFF,1,1,0,0,1,1,0,,35,0,0,0,0,0,1,2,3
,2017_30847,39.639223,-104.885207,4/11/2017 8:02,8:02,1,0,0,YOSEMITE STREET SOUTH & I 225 NORTH FRTG,1,1,0,0,1,1,0,,65,0,0,0,0,0,1,2,13
,2017_30848,39.639223,-104.885207,4/12/2017 12:50,12:50,10,0,0,YOSEMITE STREET SOUTH & I225 SOUTHBOUND RAMP OFF,1,1,0,0,1,1,0,,35,0,0,0,0,0,1,2,13
,2017_30849,39.639223,-104.885207,6/9/2017 9:59,9:59,12,0,0,YOSEMITE STREET SOUTH & 1125 NORTH FRONTAGE ROAD,1,1,0,0,1,1,0,,35,0,0,0,0,0,1,2,13
,2017_30850,39.639223,-104.885207,6/28/2017 12:46,12:46,3,0,0,YOSEMITE STREET SOUTH & I225 SOUTHBOUND,1,1,0,0,1,1,0,,35,0,0,0,0,0,1,2,13
,2017_30851,39.639223,-104.885207,9/21/2017 6:10,6:10,3,0,0,YOSEMITE STREET SOUTH & I225 SOUTHBOUND RAMP OFF,1,1,0,0,1,1,0,,35,0,0,0,0,0,1,3,13
,2017_30852,39.639223,-104.885207,10/20/2017 13:40,13:40,3,0,0,YOSEMITE STREET SOUTH & I225,1,1,1,0,1,1,0,,35,0,0,0,0,1,1,2,13
,2017_30853,39.639223,-104.885207,12/20/2017 12:45,12:45,10,0,0,YOSEMITE STREET & I225 FRONTAGE ROAD,1,1,1,0,1,1,0,,35,0,0,0,0,0,1,2,13
,2017_30854,39.639223,-104.885207,4/21/2017 14:20,14:20,1,0,0,YOSEMITE STREET & I225 NORTHBOUND ON RAMP,1,1,0,0,1,1,0,,30,0,0,0,0,0,1,2,13
,2017_30855,39.639223,-104.885207,10/7/2017 22:51,22:51,5,0,0,YOSEMITE STREET & I225 NORTHBOUND / EASTBOUND RAMP OFF,1,4,0,0,4,1,0,,30,0,0,0,0,0,1,1,6
,2017_30856,39.639304,-104.885042,3/19/2017 16:29,16:29,15,0,0,I225 SOUTHBOUND & YOSEMITE STREET SOUTH,1,1,1,0,1,4,0,,65,0,0,0,0,0,1,2,3
,2017_30857,39.639304,-104.885042,12/28/2017 23:30,23:30,15,0,0,I225 & YOSEMITE STREET SOUTH,1,3,0,0,1,4,0,,55,0,0,0,0,0,1,2,3
,2017_30858,39.639304,-104.885042,3/3/2017 17:58,17:58,15,0,0,I225 SOUTHBOUND & YOSEMITE STREET SOUTH,1,3,1,0,1,8,0,,35,0,0,0,0,0,1,2,13
,2017_30859,39.639304,-104.885042,5/26/2017 14:09,14:09,12,0,0,I225 SOUTHBOUND RAMP OFF & YOSEMITE STREET SOUTH,1,1,1,0,1,8,0,,,0,0,0,0,0,1,2,3
,2017_30860,39.639304,-104.885042,9/22/2017 12:00,12:00,12,0,0,I225 SOUTHBOUND OFF RAMP & YOSEMITE STREET SOUTH,1,1,1,0,1,8,0,,25,0,0,0,0,0,1,2,13
,2017_30861,39.639304,-104.885042,10/11/2017 16:21,16:21,12,0,0,I225 SLIP RAMP OFF MERGE & YOSEMITE STREET SOUTH,1,1,1,0,1,8,0,,35,0,0,0,0,0,1,2,13
,2017_30862,39.639385,-104.884877,4/5/2017 17:40,17:40,12,0,0,I225 & YOSEMITE STREET SOUTH,1,1,0,0,1,4,0,,65,0,0,0,0,1,1,2,13
,2017_30863,39.639385,-104.884877,10/4/2017 6:38,6:38,12,0,0,I225 & YOSEMITE STREET,1,1,1,0,1,4,0,,65,0,0,0,0,1,1,2,13
,2017_30864,39.639465,-104.884712,5/6/2017 8:45,8:45,12,0,0,I225 & YOSEMITE STREET SOUTH,1,1,0,0,1,4,0,,55,0,0,0,0,0,1,2,7
,2017_30865,39.639546,-104.884547,9/16/2017 12:30,12:30,12,0,0,I225 & YOSEMITE STREET SOUTH,1,1,0,0,1,4,0,,55,0,0,0,0,0,1,2,5
,2017_30866,39.639546,-104.884547,9/26/2017 17:43,17:43,12,0,0,I225 SOUTHBOUND & YOSEMITE STREET SOUTH,1,1,0,0,1,4,0,,65,0,0,0,0,0,1,2,13
,2017_30867,39.639546,-104.884547,8/3/2017 17:45,17:45,12,0,0,I225 NORTHBOUND RAMP ON & YOSEMITE STREET SOUTH,1,1,1,0,1,8,0,,55,0,0,0,0,0,1,2,13
,2017_30868,39.639869,-104.883887,10/27/2017 13:26,13:26,12,0,0,I225 & YOSEMITE STREET SOUTH,1,1,0,0,1,4,0,,55,0,0,0,0,0,1,3,1
,2017_30869,39.63995,-104.883722,5/26/2017 16:51,16:51,12,0,0,I225 & YOSEMITE STREET SOUTH,1,1,1,0,1,8,0,,40,0,0,0,0,0,1,2,13
,2017_30870,39.640031,-104.883557,5/19/2017 6:39,6:39,12,0,0,I225 & YOSEMITE STREET SOUTH,2,1,0,1,1,4,0,,65,0,0,0,0,0,1,2,3
,2017_30872,39.640031,-104.883557,8/4/2017 6:34,6:34,12,0,0,I225 & YOSEMITE STREET SOUTH,1,1,0,0,1,4,0,,55,0,0,0,0,0,1,4,3
,2017_30873,39.640031,-104.883557,9/21/2017 9:39,9:39,12,0,0,I225 & YOSEMITE SOUTH,1,1,0,0,1,4,0,,55,0,0,0,0,0,1,2,3
,2017_30874,39.640031,-104.883557,10/10/2017 14:37,14:37,15,0,0,I225 & YOSEMITE STREET,1,1,1,0,1,4,0,,65,0,0,0,0,0,1,2,13
,2017_30876,39.64042,-104.882774,6/1/2017 18:32,18:32,12,0,0,I225 NORTHBOUND ON RAMP 4200 & RAMP METER LIGHT FROM YOSEMITE,1,1,0,0,1,8,0,,35,0,0,0,0,1,1,2,14
,2017_30877,39.640728,-104.88216,4/25/2017 15:30,15:30,12,0,0,I225 & YOSEMITE STREET SOUTH,1,1,0,0,1,4,0,,65,0,0,0,0,0,1,3,13
,2017_30878,39.641036,-104.881547,8/12/2017 16:00,16:00,5,0,0,I225 SOUTHBOUND RAMP OFF & WB/SB EXIT GORE TO YOUSEMITE,1,1,0,0,2,8,0,,65,0,0,0,0,0,1,2,1
,2017_30879,39.641112,-104.881393,6/15/2017 23:17,23:17,15,0,0,I 225 & YOSEMITE STREET SOUTHBOUND EXIT GORE APPROXIMATELY,1,3,0,0,1,4,0,,,0,0,0,0,0,1,2,13
,2017_30880,39.641112,-104.881393,9/20/2017 9:30,9:30,12,0,0,I225 & YOSEMITE STREET SOUTHBOUND OFF RAMP GORE,1,1,0,0,1,4,0,,55,0,0,0,0,0,1,2,7
,2017_30881,39.64142,-104.88078,9/8/2017 13:25,13:25,12,0,0,I225 & YOSEMITE STREET SOUTH,1,1,0,0,1,4,0,,55,0,0,0,0,0,1,3,3
,2017_31337,39.753612,-104.993451,8/24/2017 17:07,17:07,1,0,0,20TH STREET & MARKET STREET,1,1,0,0,1,1,0,,30,0,0,0,0,0,4,2,1
,2017_31403,39.753612,-104.993451,9/2/2017 22:00,22:00,15,0,0,20TH STREET & MARKET STREET,1,3,0,0,1,1,0,,35,0,0,0,0,0,4,2,14
,2017_31427,39.740168,-104.952377,12/7/2017 15:00,15:00,6,0,0,COLFAX AVENUE & 3000 BLOCK EAST,1,1,0,0,1,1,0,,,0,0,0,0,0,2,2,13
,2017_31677,39.75498,-104.995143,3/11/2017 2:24,2:24,5,0,0,20TH STREET & WAZEE STREET,1,3,1,0,1,3,0,,30,0,0,0,0,0,4,1,8
,2017_31750,39.635343,-105.034752,8/29/2017 8:49,8:49,15,0,0,LOWELL BOULEVARD 4500 BLOCK SOUTH & DILL ROAD,1,1,1,0,1,4,0,,25,0,0,0,0,0,4,2,13
,2017_31799,39.776915,-104.887986,3/14/2017 16:20,16:20,15,0,0,I270 EASTBOUND / SOUTHBOUND & I70 EASTBOUND RAMP OFF,1,1,1,0,1,4,0,,,0,0,0,0,0,1,2,13
,2017_31831,39.778381,-104.896871,2/28/2017 19:00,19:00,15,0,0,I270 EASTBOUND & I70 EASTBOUND,2,3,0,0,1,4,0,,55,0,0,0,0,0,1,2,13
,2017_31875,39.716532,-105.0349005,1/18/2017 18:01,18:01,4,0,0,LOWELL BOULEVARD SOUTH & ELLSWORTH AVENUE WEST,1,3,0,7,1,4,0,,25,0,0,0,0,0,4,1,16
,2017_31908,39.778381,-104.896871,3/1/2017 8:18,8:18,12,0,0,I270 & I70,1,1,1,0,1,4,0,,45,0,0,0,0,0,1,2,13
,2017_31921,39.778381,-104.896871,3/27/2017 1:30,1:30,6,0,1,I270 EASTBOUND & I70 WB,1,3,0,0,1,4,0,,55,0,0,0,0,2,1,2,7
,2017_31923,39.783682,-104.901359,11/2/2017 14:46,14:46,10,0,0,47TH AVENUE EAST & SAND CREEK DRIVE,1,1,0,0,1,1,0,,35,0,0,0,0,0,4,2,3
,2017_31924,39.779388,-104.898263,12/4/2017 16:00,16:00,12,0,0,I270 & NORTHFIELD QUEBEC NORTH,1,2,1,0,1,4,0,,55,0,0,0,0,0,1,2,3
,2017_31925,39.784568,-104.901968,4/7/2017 19:00,19:00,15,0,0,I270 & QUEBEC STREET,1,1,0,0,1,4,0,,45,0,0,0,0,0,1,2,13
,2017_31926,39.78305,-104.900925,5/25/2017 17:01,17:01,12,0,0,I270 & NORTHFIELD QUEBEC,1,1,0,0,1,4,0,,65,0,0,0,0,1,1,3,13
,2017_31927,39.782923,-104.900838,8/30/2017 20:35,20:35,12,0,0,SANDCREEK DRIVE SOUTH FRONTAGE & NORTHFIELD QUEBEC STREET NORTH,1,3,0,0,1,3,0,,25,0,0,0,0,0,4,2,13
,2017_31928,39.782797,-104.900751,2/24/2017 14:57,14:57,12,0,0,I270 & NORTHFIELD BOULEVARD / QUEBEC STREET NORTH,1,1,0,0,1,4,0,,55,0,0,0,0,0,1,2,13
,2017_31929,39.782797,-104.900751,2/27/2017 9:47,9:47,15,0,0,I270 & QUEBEC STREET NORTH,1,1,0,0,1,4,0,,55,0,0,0,0,0,1,2,13
,2017_31930,39.782797,-104.900751,3/8/2017 17:45,17:45,15,0,0,I270 & NORTHFIELD QUEBEC NORTH,1,3,0,0,1,4,0,,55,0,0,0,0,0,1,2,14
,2017_31931,39.782797,-104.900751,3/25/2017 19:33,19:33,12,0,0,I270 & NORTHFIELD BOULEVARD EAST,1,3,0,0,1,4,0,,55,0,0,0,0,0,1,2,13
,2017_31932,39.782797,-104.900751,3/31/2017 17:38,17:38,12,0,0,I270 & QUEBEC STREET,2,1,0,1,1,4,0,,55,0,0,0,0,0,1,2,13
,2017_31933,39.782797,-104.900751,4/6/2017 14:40,14:40,12,0,0,I270 & NORTHFIELD QUEBEC,1,1,0,0,1,4,0,,55,0,0,0,0,0,1,2,13
,2017_31934,39.782797,-104.900751,4/21/2017 18:33,18:33,12,0,0,I270 & NORTHFIELD QUEBEC NORTH,2,2,0,1,1,4,0,,65,0,0,0,0,0,1,2,13
,2017_31935,39.782797,-104.900751,4/26/2017 16:46,16:46,12,0,1,I270 & NORTHFIELD QUEBEC INTCH APPROXIMATELY,1,1,0,0,1,4,0,,65,0,0,0,0,2,1,3,2
,2017_31936,39.782797,-104.900751,5/17/2017 14:10,14:10,12,0,0,I270 & NORTHFIELD QUEBEC,1,1,0,0,1,4,0,,55,0,0,0,0,0,1,2,13
,2017_31937,39.782797,-104.900751,6/8/2017 9:46,9:46,12,0,0,I270 & NORTHFIELD QUEBEC,1,1,0,0,1,4,1,,55,0,0,0,0,0,1,2,1
,2017_31938,39.782797,-104.900751,6/15/2017 16:29,16:29,12,0,0,I270 & NORTHFIELD QUEBEC INTCH APPROXIMATELY,1,1,0,0,1,4,0,,55,0,0,0,0,0,1,2,13
,2017_31939,39.782797,-104.900751,9/7/2017 16:25,16:25,12,0,0,I270 & NORTHFIELD BOULEVARD / QUEBEC STREET NORTH,1,1,0,0,1,4,0,,55,0,0,0,0,0,1,2,13
,2017_31941,39.782797,-104.900751,10/5/2017 18:57,18:57,12,0,0,I270 & NORTHFIELD QUEBEC,1,3,0,0,1,4,0,,55,0,0,0,0,0,1,2,13
,2017_31942,39.782797,-104.900751,10/11/2017 13:39,13:39,15,0,0,I270 & NORTHFIELD QUEBEC INTCH APPROXIMATELY,1,1,0,0,1,4,0,,55,0,0,0,0,1,1,2,1
,2017_31943,39.78267,-104.900664,10/14/2017 8:39,8:39,5,0,1,I270 & NORTHFIELD QUEBEC NORTH,1,1,1,0,2,4,0,,65,0,0,0,0,2,1,1,13
,2017_31944,39.78267,-104.900664,12/28/2017 10:25,10:25,12,0,0,I270 EASTBOUND LOOP RAMP OFF & NORTHFIELD QUEBEC NORTH,1,1,1,0,1,8,0,,25,0,0,0,0,0,1,2,3
,2017_31946,39.782291,-104.900403,8/30/2017 17:20,17:20,12,0,0,I270 & QUEBEC STREET NORTH,1,1,0,0,1,4,0,,55,0,0,0,0,0,1,2,13
,2017_31947,39.782038,-104.90023,6/5/2017 15:15,15:15,12,0,0,I270 & QUEBEC STREET NORTH,1,1,0,0,1,4,0,,65,0,0,0,0,0,1,2,3
,2017_31948,39.781658,-104.899969,10/12/2017 15:32,15:32,12,0,0,I270 & NORTHFIELD QUEBEC,1,1,0,0,1,4,0,,70,0,0,0,0,0,1,2,3
,2017_31949,39.782797,-104.900751,6/23/2017 11:11,11:11,12,0,0,I270 & QUEBEC STREET,1,1,0,0,1,4,0,,,0,0,0,0,0,1,3,14
,2017_31950,39.778381,-104.896871,4/26/2017 15:05,15:05,12,0,0,I270 & I70 EASTBOUND APPROXIMATELY,1,1,1,0,1,4,0,,55,0,0,0,0,0,1,2,1
,2017_31951,39.778381,-104.896871,6/13/2017 17:14,17:14,12,0,0,I270 & I70 EASTBOUND APPROXIMATELY,1,1,1,0,1,4,0,,65,0,0,0,0,0,1,2,13
,2017_31952,39.778381,-104.896871,7/31/2017 13:00,13:00,5,0,0,I270 & I70,1,1,0,0,3,4,0,,55,0,0,0,0,0,1,1,13
,2017_31953,39.777471,-104.894365,2/13/2017 6:30,6:30,15,0,0,I270 & CENTRAL PARK BOULEVARD,1,3,0,0,1,4,0,,55,0,0,0,0,0,1,2,13
,2017_31954,39.776982,-104.892092,10/20/2017 0:00,0:00,12,0,0,I270 & I70,1,1,1,0,1,4,0,,55,0,0,0,0,0,1,2,13
,2017_31955,39.776843,-104.890347,9/6/2017 16:05,16:05,5,0,0,I270 EASTBOUND DIR CONNECT & I70 / CENTRAL PARK RAMP SPLIT,1,1,1,0,2,4,0,,55,0,0,0,0,0,1,1,14
,2017_31956,39.776928,-104.887395,11/13/2017 8:50,8:50,12,0,0,I270 DIR CONNECT OFF & I70 / I270 EASTBOUND RAMP SPLIT,1,1,0,0,1,4,0,,30,0,0,0,0,0,1,2,13
,2017_31957,39.776986,-104.884637,7/14/2017 7:04,7:04,15,0,0,I270 NORTHBOUND RAMP ON & I70 WB RAMP SPLIT,1,1,0,0,1,8,0,,55,0,0,0,0,0,1,2,1
,2017_31958,39.776999,-104.884046,6/7/2017 12:25,12:25,12,0,0,I270 & CENTRAL PARK BOULEVARD NORTH,1,1,0,0,1,4,0,,55,0,0,0,0,0,1,2,13
,2017_31959,39.776999,-104.884046,12/15/2017 19:27,19:27,12,0,0,I270 & CENTRAL PARK BOULEVARD NORTH,1,3,0,0,1,4,0,,25,0,0,0,0,0,1,2,13
,2017_31960,39.776999,-104.884046,12/16/2017 18:25,18:25,15,0,0,I270 & CENTRAL PARK BOULEVARD NORTH,1,3,0,0,1,4,0,,65,0,0,0,0,1,1,2,2
,2017_31961,39.777015,-104.882641,12/11/2017 16:24,16:24,12,0,0,I270 & CENTRAL PARK BOULEVARD NORTH,1,2,1,0,1,4,0,,55,0,0,0,0,1,1,3,3