id,drcog_id,latitude,longitude,crashtime,time,crashtype,numbkilled,numbinjurd,drcoglocat,rdconditin,lightngcon,roadcntgrd,weatherco,location,roaddescrp,constrzone,schoolzone,splimit,bikeinv,pedinv,sctrinv,motoinv,svrty,rdsystem,ttlvehcls,hcf
,2017_31962,39.777011,-104.882584,3/23/2017 5:00,5:00,15,0,0,I270 EASTBOUND DIR CONNECT & CENTRAL PARK BOULEVARD NORTH,1,3,0,0,1,4,0,,55,0,0,0,0,0,1,2,13
,2017_31963,39.777007,-104.882527,12/2/2017 2:13,2:13,12,0,1,I270 EASTBOUND DIR CONNECT & CENTRAL PARK BOULEVARD,1,3,0,0,1,4,0,,,0,0,0,0,2,1,2,1
,2017_31964,39.776991,-104.8823,6/13/2017 20:00,20:00,15,0,0,I270 NORTHBOUND DIR CONNECT & I70 WB EXIT GORE APPROXIMATELY,1,1,0,0,1,4,0,,,0,0,0,0,0,1,2,13
,2017_31965,39.776987,-104.882243,2/13/2017 16:29,16:29,15,0,0,I270 WB DIR CONNECT & I70 WB OFF GORE POINT APPROXIMATELY,1,2,0,0,1,4,0,,55,0,0,0,0,0,1,2,7
,2017_31966,39.776983,-104.882186,5/30/2017 16:08,16:08,12,0,0,I270 EASTBOUND COLLECTOR & I70 EASTBOUND ENTRANCE GORE,1,1,1,0,1,4,0,,55,0,0,0,0,0,1,2,1
,2017_31968,39.776959,-104.881845,7/6/2017 18:28,18:28,12,0,0,I270 EASTBOUND DIR CONNECT & CENTRAL PARK BOULEVARD,1,1,1,0,1,4,0,,55,0,0,0,0,1,1,3,13
,2017_31969,39.776959,-104.881845,9/13/2017 18:18,18:18,12,0,0,I270 EASTBOUND DIR CONNECT & I70 EASTBOUND ENTRANCE GORE POINT,1,1,0,0,1,4,0,,35,0,0,0,0,1,1,4,14
,2017_31970,39.776959,-104.881845,12/18/2017 16:00,16:00,12,0,0,I270 EASTBOUND DIR CONNECT & I70 EASTBOUND ENTRANCE GORE POINT,1,2,0,0,1,4,0,,55,0,0,0,0,0,1,2,1
,2017_31972,39.776943,-104.881618,1/22/2017 10:00,10:00,9,0,0,I270 EASTBOUND DIR CONNECT & I70 EASTBOUND RAMP END GORE POINT,1,1,0,0,1,4,0,,,0,0,0,0,0,1,2,13
,2017_31973,39.776943,-104.881618,6/7/2017 8:29,8:29,12,0,0,I270 EASTBOUND DIR CONNECT & I70 EASTBOUND GORE ENTRANCE,1,1,0,0,1,4,0,,55,0,0,0,0,1,1,3,12
,2017_31975,39.776939,-104.881561,4/19/2017 6:47,6:47,15,0,0,I270 EASTBOUND DIR CONNECT & I70 EASTBOUND ENTRANCE GORE POINT,1,1,0,0,1,4,0,,65,0,0,0,0,1,1,3,13
,2017_31976,39.776939,-104.881561,8/3/2017 8:03,8:03,12,0,0,I270 EASTBOUND DIR CONNECT & I70 EASTBOUND ENTRANCE GORE POINT,1,1,0,0,1,4,0,,55,0,0,0,0,0,1,2,13
,2017_32183,39.653153,-105.062635,2/17/2017 6:38,6:38,15,0,0,HAMPDEN AVENUE WEST & SHERIDAN BOULEVARD SOUTH,1,1,0,0,1,4,0,,55,0,0,0,0,0,2,2,7
,2017_32184,39.653153,-105.062635,5/9/2017 19:45,19:45,4,0,0,HIGHWAY 285 & HARLAN STREET,1,1,1,0,1,4,0,,65,0,0,0,0,0,2,1,13
,2017_32185,39.653152,-105.059786,3/21/2017 8:00,8:00,15,0,0,HAMPDEN AVENUE & FENTON SOUTH  APPROXIMATELY,1,1,0,0,1,4,0,,55,0,0,0,0,0,2,2,13
,2017_32186,39.653152,-105.057887,10/29/2017 20:31,20:31,5,0,0,HAMPDEN AVENUE WEST & SHERIDAN BOULEVARD SOUTH,1,3,1,0,2,4,0,,65,0,0,0,0,0,2,1,5
,2017_32187,39.653152,-105.057887,11/30/2017 17:22,17:22,12,0,0,HIGHWAY 285 & MM 256,1,4,1,0,1,4,0,,65,0,0,0,0,0,2,3,3
,2017_32188,39.653151,-105.054848,11/15/2017 7:30,7:30,12,0,0,HAMPDEN AVENUE WEST & SHERIDAN BOULEVARD SOUTH,1,1,0,0,1,4,0,,65,0,0,0,0,0,2,2,3
,2017_32189,39.65315,-105.053139,2/21/2017 11:30,11:30,1,0,0,HAMPDEN AVENUE WEST & SHERIDAN BOULEVARD SOUTH,1,1,0,7,1,1,0,,25,0,0,0,0,0,2,2,16
,2017_32190,39.65315,-105.053139,2/22/2017 4:22,4:22,12,0,0,HAMPDEN AVENUE WEST & SHERIDAN BOULEVARD SOUTH,1,3,0,0,1,4,0,,55,0,0,0,0,1,2,2,1
,2017_32192,39.65315,-105.053139,2/23/2017 21:50,21:50,14,0,0,HAMPDEN AVENUE WEST & SHERIDAN BOULEVARD SOUTH,5,3,1,2,1,4,0,,60,0,0,0,0,0,2,2,13
,2017_32193,39.65315,-105.053139,6/8/2017 14:43,14:43,12,0,0,HAMPDEN AVENUE WEST & SHERIDAN BOULEVARD SOUTH,1,1,0,0,1,3,0,,35,0,0,0,0,0,2,2,1
,2017_32194,39.65315,-105.053139,7/25/2017 14:56,14:56,12,0,0,HAMPDEN AVENUE WEST & SHERIDAN BOULEVARD SOUTH,2,1,0,1,1,3,0,,25,0,0,0,0,0,2,2,1
,2017_32196,39.65315,-105.053139,10/12/2017 8:04,8:04,12,0,0,HAMPDEN AVENUE WEST & SHERIDAN BOULEVARD SOUTH,1,1,1,0,1,4,0,,65,0,0,0,0,0,2,3,4
,2017_32197,39.653152,-105.052954,2/24/2017 7:05,7:05,12,0,0,HAMPDEN AVENUE WEST EASTBOUND ON RAMP & SHERIDAN BOULEVARD SOUTH,5,1,0,2,1,8,1,,35,0,0,0,0,0,2,3,13
,2017_32198,39.653152,-105.052954,2/22/2017 14:05,14:05,12,0,0,HAMPDEN AVENUE WEST & SHERIDAN BOULEVARD SOUTH,1,1,1,0,1,8,0,,35,0,0,0,0,0,2,2,8
,2017_32199,39.653152,-105.052954,4/17/2017 15:27,15:27,5,0,0,HAMPDEN AVENUE WEST LOOP RAMP OFF & SHERIDAN BOULEVARD SOUTH,1,1,1,0,2,8,1,,30,0,0,0,0,0,2,1,3
,2017_32200,39.653155,-105.052775,10/3/2017 9:44,9:44,5,0,0,HAMPDEN AVENUE WB OFF RAMP & SHERIDAN BOULEVARD 3100 BLOCK SOUTH,1,1,1,0,3,8,0,,45,0,0,0,0,0,2,1,13
,2017_32201,39.653179,-105.051522,2/21/2017 7:35,7:35,12,0,0,HAMPDEN AVENUE WEST & SHERIDAN BOULEVARD SOUTH,1,1,0,0,1,4,0,,65,0,0,0,0,0,2,2,3
,2017_32203,39.653182,-105.051343,1/16/2017 10:18,10:18,5,0,0,HAMPDEN AVENUE WEST & SHERIDAN BOULEVARD SOUTH,2,1,0,2,2,4,0,,65,0,0,0,0,0,2,2,1
,2017_32204,39.653182,-105.051343,11/27/2017 10:29,10:29,5,0,0,HAMPDEN AVENUE WEST & SHERIDAN BOULEVARD SOUTH,1,1,0,0,1,4,0,,65,0,0,0,0,0,2,2,13
,2017_32205,39.65333,-105.04808,1/16/2017 6:25,6:25,15,0,0,HAMPDEN AVENUE WEST & SHERIDAN BOULEVARD EASTBOUND ENTRANCE GORE POINT,4,3,1,2,1,4,0,,65,0,0,0,0,0,2,2,13
,2017_32206,39.653463,-105.046919,6/20/2017 6:43,6:43,5,0,0,HAMPDEN AVENUE & MM 256.9,1,1,0,0,2,4,0,,65,0,0,0,0,0,2,2,13
,2017_32207,39.654084,-105.0415,7/27/2017 7:08,7:08,12,0,0,HAMPDEN AVENUE 4300 BLOCK WEST & RALEIGH STREET SOUTH,1,2,0,0,1,4,0,,55,0,0,0,0,0,2,2,13
,2017_32208,39.654084,-105.0415,8/22/2017 8:33,8:33,12,0,0,HAMPDEN AVENUE WEST & RALEIGH STREET SOUTH,1,1,1,0,1,4,0,,55,0,0,0,0,0,2,2,1
,2017_32209,39.654107,-105.041307,2/24/2017 11:55,11:55,15,0,0,HAMPDEN AVENUE & KNOX COURT SOUTH,4,1,0,2,1,4,0,,55,0,0,0,0,0,2,2,1
,2017_32210,39.654107,-105.041307,6/29/2017 7:01,7:01,12,0,0,HAMPDEN AVENUE & LOWELL BOULEVARD SOUTH,1,1,0,0,1,4,0,,55,0,0,0,0,0,2,3,13
,2017_32211,39.654107,-105.041307,6/29/2017 7:05,7:05,12,0,0,3800 BLOCK WEST HAMPDEN AVENUE & LOWELL BOULEVARD SOUTH,1,1,0,0,1,4,0,,55,0,0,0,0,0,2,2,13
,2017_32212,39.654173,-105.040726,9/18/2017 17:34,17:34,12,0,1,HAMPDEN AVENUE WEST & RALEIGH STREET SOUTH,1,1,0,0,1,4,0,,55,0,0,0,1,2,2,2,13
,2017_32213,39.654352,-105.039017,9/22/2017 7:10,7:10,12,0,0,HAMPDEN AVENUE & LOWELL BOULEVARD SOUTH,1,1,0,0,1,4,0,,55,0,0,0,0,0,2,2,13
,2017_32216,39.654324,-105.037561,8/2/2017 8:00,8:00,15,0,0,HAMPDEN AVENUE & 4000 BLOCK WEST,1,1,0,0,1,4,0,,55,0,0,0,0,0,2,4,13
,2017_32217,39.654287,-105.037198,9/9/2017 16:02,16:02,12,0,0,HIGHWAY 285 & LOWELL BOULEVARD SOUTH 3600 BLOCK,1,1,0,0,1,3,0,,55,0,0,0,0,0,2,2,13
,2017_32218,39.654191,-105.036656,9/14/2017 8:57,8:57,15,0,0,HAMPDEN AVENUE 3300 BLOCK WEST & LOWELL BOULEVARD SOUTH,1,1,0,0,1,4,0,,55,0,0,0,0,0,2,2,8
,2017_32227,39.653885,-105.035629,12/8/2017 16:00,16:00,12,0,0,HIGHWAY 285 & 3400 BLOCK /,1,2,0,0,1,4,0,,55,0,0,0,0,0,2,2,5
,2017_32265,39.73221937,-104.9589926,1/16/2017 8:55,8:55,6,0,0,JOSEPHINE STREET 1000 BLOCK NORTH & 11TH AVENUE EAST,6,1,1,2,1,4,0,,25,0,0,0,0,0,4,3,13
,2017_32413,39.738456,-105.0001605,11/14/2017 0:40,0:40,6,0,0,14TH AVENUE & KALAMATH STREET NORTH,1,3,0,0,1,4,0,,,0,0,0,0,0,4,2,13
,2017_32427,39.749436,-104.964714,11/22/2017 10:33,10:33,6,0,0,HIGH STREET & 22ND AVENUE EAST,1,1,1,0,1,4,0,,,0,0,0,0,0,4,2,13
,2017_32480,39.745126,-105.025233,4/16/2017 12:11,12:11,12,0,0,FEDERAL BOULEVARD NORTH & 18TH AVENUE WEST,1,2,1,0,1,1,0,,35,0,0,0,0,0,2,2,13
,2017_32486,39.757542,-105.02514,6/1/2017 15:14,15:14,12,0,0,FEDERAL BOULEVARD & 28TH AVENUE WEST,1,1,1,0,1,4,0,,5,0,0,0,0,1,2,2,13
,2017_32488,39.758683,-105.025144,10/21/2017 17:00,17:00,15,0,0,FEDERAL BOULEVARD NORTH & 29TH AVENUE WEST,1,1,0,0,1,4,0,,,0,0,0,0,0,2,2,13
,2017_32503,39.7368,-104.9586435,10/2/2017 12:05,12:05,9,0,1,JOSEPHINE STREET NORTH & 13TH AVENUE EAST,1,1,1,0,1,1,0,,30,0,0,0,0,2,4,2,4
,2017_32539,39.758968,-105.025145,11/3/2017 16:30,16:30,3,0,0,FEDERAL BOULEVARD NORTH & 29TH AVENUE WEST,1,1,0,0,1,2,0,,,0,0,0,0,0,2,2,13
,2017_32628,39.745126,-105.025233,8/25/2017 12:49,12:49,9,0,0,18TH AVENUE WEST & FEDERAL BOULEVARD NORTH,1,1,0,0,1,1,0,,30,0,0,0,0,0,2,1,4
,2017_32680,39.749959,-105.025143,2/26/2017 17:32,17:32,5,0,0,FEDERAL BOULEVARD NORTH & 22ND AVENUE WEST,1,1,0,0,2,1,0,,25,0,0,0,0,0,2,1,5
,2017_32691,39.65298,-104.931315,7/4/2017 23:26,23:26,12,0,0,HAMPDEN AVENUE EAST & DAHLIA STREET SOUTH,1,3,0,0,1,4,0,,45,0,0,0,0,0,2,2,13
,2017_32695,39.7468,-105.025226,2/13/2017 13:03,13:03,3,0,0,FEDERAL BOULEVARD & 1900 BLOCK NORTH,1,1,1,0,1,2,0,,35,0,0,0,0,0,2,2,13
,2017_32696,39.652979,-104.922637,10/17/2017 7:01,7:01,1,0,0,HAMPDEN AVENUE EAST & HOLLY STREET SOUTH,1,1,0,0,1,1,0,,35,0,0,0,0,0,2,2,7
,2017_32709,39.65298,-104.931692,5/19/2017 14:50,14:50,12,0,0,HAMPDEN AVENUE EAST & DAHLIA STREET SOUTH,2,1,0,1,1,4,0,,45,0,0,0,0,0,2,2,13
,2017_32711,39.65298,-104.931503,4/1/2017 10:11,10:11,12,0,0,HAMPDEN AVENUE EAST & DEXTER STREET SOUTH,1,1,0,0,1,1,0,,40,0,0,0,0,0,2,2,1
,2017_32712,39.65298,-104.931503,4/3/2017 9:35,9:35,12,0,0,DAHLIA STREET 3400 BLOCK SOUTH & HAMPDEN AVENUE EAST,1,1,1,0,1,3,0,,30,0,0,0,0,0,2,2,3
,2017_32713,39.65298,-104.931503,4/6/2017 11:49,11:49,12,0,0,HAPPY CANYON ROAD EAST & HAMPDEN AVENUE EAST,1,1,0,0,1,1,0,,35,0,0,0,0,1,2,3,13
,2017_32714,39.65298,-104.931503,7/13/2017 7:59,7:59,15,0,0,HAMPDEN AVENUE EAST & HAPPY CANYON ROAD EAST,1,1,0,0,1,1,0,,35,0,0,0,0,0,2,2,13
,2017_32715,39.65298,-104.931503,9/13/2017 9:00,9:00,5,0,0,HAMPDEN AVENUE EAST & DAHLIA STREET SOUTH,1,1,0,0,3,1,0,,40,0,0,0,0,0,2,1,13
,2017_32716,39.65298,-104.931503,12/18/2017 19:00,19:00,12,0,0,HAMPDEN AVENUE EAST & DAHLIA STREET SOUTH,1,1,0,0,1,3,0,,30,0,0,0,0,1,2,2,13
,2017_32717,39.65298,-104.931315,10/12/2017 7:59,7:59,12,0,0,HAMPDEN AVENUE EAST & HAPPY CANYON ROAD EAST,1,1,0,0,1,3,0,,35,0,0,0,0,0,2,3,13
,2017_32718,39.65298,-104.930372,6/14/2017 12:00,12:00,15,0,0,HAMPDEN AVENUE EAST & EUDORA STREET SOUTH,1,1,0,0,1,4,0,,25,0,0,0,0,0,2,2,13
,2017_32719,39.65298,-104.929806,11/11/2017 18:29,18:29,3,0,0,HAMPDEN AVENUE EAST & DAHLIA STREET SOUTH,1,3,0,0,1,2,0,,40,0,0,0,0,0,2,2,1
,2017_32720,39.65298,-104.929051,7/25/2017 12:32,12:32,12,0,0,HAMPDEN AVENUE 4900 BLOCK EAST & ELM STREET SOUTH,1,1,0,0,1,2,0,,40,0,0,0,0,1,2,2,4
,2017_32721,39.65298,-104.928108,1/30/2017 19:55,19:55,1,0,0,HAMPDEN AVENUE EAST & FAIRFAX STREET SOUTH,1,3,0,0,1,1,0,,35,0,0,0,0,0,2,2,13
,2017_32722,39.65298,-104.927541,1/17/2017 15:00,15:00,12,0,0,HAMPDEN AVENUE 5100 BLOCK EAST & FAIRFAX STREET SOUTH,5,1,0,0,1,4,0,,35,0,0,0,0,0,2,2,13
,2017_32724,39.65298,-104.926975,3/15/2017 9:51,9:51,12,0,0,HAMPDEN AVENUE EAST & FOREST STREET SOUTH,1,1,0,0,1,4,0,,40,0,0,0,0,0,2,2,16
,2017_32725,39.65298,-104.926975,3/15/2017 9:51,9:51,12,0,0,HAMPDEN AVENUE EAST & FOREST STREET SOUTH,1,1,0,0,1,4,0,,40,0,0,0,0,0,2,2,13
,2017_32726,39.65298,-104.926787,9/6/2017 16:34,16:34,12,0,0,HAMPDEN AVENUE 5200 BLOCK EAST & FOREST STREET SOUTH,1,1,0,0,1,4,0,,35,0,0,0,0,1,2,3,12
,2017_32727,39.652979,-104.918863,10/12/2017 15:08,15:08,15,0,0,HAMPDEN AVENUE EAST & I25,1,1,1,0,1,4,0,,45,0,0,0,0,0,2,2,13
,2017_32728,39.65298,-104.931126,4/5/2017 12:47,12:47,12,0,0,HAMPDEN AVENUE EAST & 4700 BLOCK EAST,1,1,0,0,1,3,0,,40,0,0,0,0,1,2,2,13
,2017_32729,39.65298,-104.925844,6/13/2017 21:45,21:45,15,0,0,HAMPDEN AVENUE EAST & GLENCOE STREET SOUTH,1,3,1,0,1,1,0,,,0,0,0,0,0,2,2,13
,2017_32730,39.65298,-104.925089,5/17/2017 16:34,16:34,12,0,0,HAMPDEN AVENUE 5300 BLOCK EAST & GRAPE STREET SOUTH,1,1,0,0,1,1,0,,40,0,0,0,0,0,2,2,13
,2017_32731,39.652979,-104.924146,4/20/2017 11:30,11:30,15,0,0,HAMPDEN AVENUE EAST & HUDSON STREET SOUTH,1,1,0,0,1,4,0,,40,0,0,0,0,0,2,2,13
,2017_32732,39.652978,-104.917698,7/9/2017 19:10,19:10,15,0,0,HAMPDEN AVENUE EAST & I25,1,1,1,0,1,4,0,,35,0,0,0,0,0,2,2,14
,2017_32733,39.652979,-104.923769,7/25/2017 14:21,14:21,12,0,0,HAMPDEN AVENUE EAST & HUDSON WAY SOUTH,1,1,1,0,1,3,0,,45,0,0,0,0,0,2,3,7
,2017_32734,39.751253,-105.025137,1/18/2017 19:43,19:43,5,0,0,FEDERAL BOULEVARD NORTH & 22ND AVENUE WEST,1,3,0,0,2,4,0,,35,0,0,0,0,0,2,1,5
,2017_32735,39.652979,-104.923014,3/23/2017 18:01,18:01,12,0,0,HAMPDEN AVENUE EAST 5500 BLOCK & HOLLY STREET SOUTH,1,1,0,0,1,4,0,,40,0,0,0,0,0,2,2,1
,2017_32736,39.652979,-104.922637,2/14/2017 15:01,15:01,10,0,0,HOLLY STREET & HAMPDEN AVENUE EAST,1,1,1,0,1,3,0,,25,0,0,0,0,0,2,2,13
,2017_32737,39.652979,-104.922637,2/25/2017 15:10,15:10,12,0,0,HAMPDEN AVENUE & HOLLY STREET SOUTH,1,1,0,0,1,3,0,,35,0,0,0,0,1,2,2,13
,2017_32738,39.652979,-104.922637,4/12/2017 18:12,18:12,12,0,1,HAMPDEN AVENUE EAST & HOLLY STREET SOUTH,1,1,0,0,1,1,0,,25,0,0,0,1,2,2,2,13
,2017_32739,39.652979,-104.922637,7/9/2017 10:44,10:44,3,0,1,HOLLY STREET SOUTH & HAMPDEN AVENUE EAST,1,1,0,0,1,1,0,,25,0,0,0,0,2,2,2,13
,2017_32740,39.652979,-104.922637,10/26/2017 7:17,7:17,1,0,0,HAMPDEN AVENUE EAST & HOLLY STREET SOUTH,1,1,1,0,1,1,0,,40,0,0,0,0,0,2,3,13
,2017_32741,39.652979,-104.921505,3/13/2017 9:02,9:02,3,0,0,IVANHOE STREET SOUTH & HAMPDEN AVENUE EAST,1,1,0,0,1,1,0,,25,0,0,0,0,1,2,2,13
,2017_32742,39.652979,-104.921505,10/4/2017 15:29,15:29,12,0,0,HAMPDEN AVENUE EAST & IVANHOE WAY SOUTH,1,1,1,0,1,1,0,,35,0,0,0,0,0,2,3,13
,2017_32743,39.652979,-104.921316,6/1/2017 12:15,12:15,12,0,3,HAMPDEN AVENUE 5700 BLOCK EAST & IVANHOE STREET SOUTH,1,1,1,0,1,4,0,,40,0,0,0,0,2,2,5,3
,2017_32744,39.652979,-104.920184,2/14/2017 16:02,16:02,1,0,0,HAMPDEN AVENUE EAST & IVY WAY SOUTH,1,1,1,0,1,1,0,,35,0,0,0,0,1,2,2,13
,2017_32745,39.652979,-104.920184,9/14/2017 15:04,15:04,12,0,0,HAMPDEN AVENUE 5800 BLOCK EAST & IVY WAY SOUTH,1,1,0,0,1,4,0,,40,0,0,0,0,0,2,2,13
,2017_32747,39.652979,-104.919807,11/14/2017 8:21,8:21,12,0,0,HAMPDEN AVENUE EAST & IVY WAY SOUTH,1,1,0,0,1,4,0,,40,0,0,0,0,0,2,3,3
,2017_32748,39.652979,-104.919241,8/29/2017 7:05,7:05,12,0,0,HAMPDEN AVENUE EASTBOUND SLIP OFF RAMP & I25 SOUTHBOUND,1,1,0,0,1,1,0,,40,0,0,0,0,0,2,2,13
,2017_32749,39.652979,-104.918863,3/8/2017 14:06,14:06,12,0,0,HAMPDEN AVENUE EAST & I25 SOUTHBOUND RAMPS,1,1,1,0,1,3,0,,35,0,0,0,0,0,2,2,3
,2017_32750,39.652979,-104.918863,5/9/2017 19:57,19:57,1,0,0,HAMPDEN AVENUE EAST & I25 SOUTHBOUND ON RAMP,1,2,1,0,1,1,0,,35,0,0,0,0,0,2,2,5
,2017_32751,39.652979,-104.918863,10/8/2017 1:19,1:19,1,0,0,HAMPDEN AVENUE EAST & I25 SOUTHBOUND RAMPS,1,3,0,0,1,1,0,,35,0,0,0,0,0,2,2,8
,2017_32752,39.652979,-104.918863,10/10/2017 18:30,18:30,12,0,0,HAMPDEN AVENUE EAST & I25,1,1,1,0,1,4,0,,40,0,0,0,0,0,2,2,13
,2017_32753,39.652979,-104.918863,12/13/2017 23:54,23:54,1,0,0,HAMPDEN AVENUE EAST & I25 SOUTHBOUND RAMPS,4,3,1,2,1,1,0,,35,0,0,0,0,0,2,2,13
,2017_32754,39.652979,-104.918486,3/29/2017 14:23,14:23,3,0,0,HAMPDEN AVENUE EAST & I25 SOUTHBOUND OFF RAMP,1,1,1,0,1,1,0,,35,0,0,0,0,0,2,2,13
,2017_32755,39.652979,-104.918486,12/22/2017 23:25,23:25,1,0,0,HAMPDEN AVENUE EAST & I25 INTCH APPROXIMATELY,1,3,0,0,1,4,0,,35,0,0,0,0,0,2,2,8
,2017_32756,39.652979,-104.91792,5/16/2017 9:34,9:34,15,0,0,HAMPDEN AVENUE EAST & I25 NORTHBOUND OFF RAMP,1,1,0,0,1,3,0,,40,0,0,0,0,0,2,3,14
,2017_32757,39.652978,-104.917698,3/11/2017 9:32,9:32,15,0,0,I25 NORTHBOUND OFF RAMP & HAMPDEN AVENUE EAST,2,1,0,1,1,1,0,,40,0,0,0,0,0,2,2,13
,2017_32758,39.652978,-104.917698,3/15/2017 19:31,19:31,3,0,0,HAMPDEN AVENUE EAST & I25 NORTHBOUND RAMP OFF,1,2,1,0,1,1,0,,30,0,0,0,0,0,2,2,13
,2017_32759,39.652978,-104.917698,7/17/2017 15:28,15:28,12,0,0,HAMPDEN AVENUE EAST & I25 NORTHBOUND RAMPS,1,1,0,0,1,1,0,,35,0,0,0,0,0,2,2,13
,2017_32760,39.652978,-104.917698,9/23/2017 2:59,2:59,12,0,0,HAMPDEN AVENUE EAST & I25 NORTHBOUND RAMPS,1,3,1,0,1,1,0,,40,0,0,0,0,0,2,2,13
,2017_32761,39.652978,-104.917698,10/10/2017 14:48,14:48,3,0,0,HAMPDEN AVENUE EAST & I25 NORTHBOUND RAMPS,1,1,1,0,1,1,0,,40,0,0,0,0,0,2,2,13
,2017_32762,39.652978,-104.917698,10/23/2017 11:28,11:28,3,0,0,HAMPDEN AVENUE EAST & I25 NORTHBOUND RAMPS,1,1,0,0,1,1,0,,35,0,0,0,0,0,2,2,1
,2017_32763,39.652978,-104.917698,12/24/2017 21:42,21:42,12,0,0,I25 NORTHBOUND OFF RAMP & HAMPDEN AVENUE EAST,1,3,1,0,1,3,0,,45,0,0,0,0,0,2,2,13
,2017_32764,39.740408,-105.025158,10/28/2017 12:28,12:28,15,0,0,FEDERAL BOULEVARD NORTH & COLFAX AVENUE WEST,1,1,0,0,1,1,0,,35,0,0,0,0,0,2,2,13
,2017_32765,39.741888,-105.025184,1/2/2017 20:13,20:13,15,0,0,FEDERAL BOULEVARD 1500 BLOCK NORTH & 16TH AVENUE WEST,1,3,0,0,1,4,0,,35,0,0,0,0,0,2,2,13
,2017_32766,39.742742,-105.025209,8/24/2017 10:34,10:34,15,0,0,FEDERAL BOULEVARD 1600 BLOCK NORTH & 16TH AVENUE,1,1,0,0,1,4,0,,35,0,0,0,0,0,2,2,13
,2017_32767,39.742885,-105.025211,8/2/2017 18:49,18:49,15,0,1,FEDERAL BOULEVARD 1600 BLOCK NORTH & 16TH AVENUE WEST,1,1,1,0,1,4,0,,,0,0,0,0,2,2,2,5
,2017_32768,39.743025,-105.025212,10/11/2017 17:19,17:19,1,0,0,FEDERAL BOULEVARD NORTH & 16TH AVENUE WEST,1,1,0,0,1,2,0,,35,0,0,0,0,0,2,2,13
,2017_32769,39.743305,-105.025215,1/20/2017 12:48,12:48,3,0,0,FEDERAL BOULEVARD NORTH & 1600 BLOCK NORTH,1,1,1,0,1,2,0,,35,0,0,0,0,0,2,2,13
,2017_32770,39.743305,-105.025215,4/7/2017 16:16,16:16,12,0,0,FEDERAL BOULEVARD NORTH & 16TH AVENUE WEST,1,1,0,0,1,4,0,,35,0,0,0,0,0,2,2,13
,2017_32771,39.743305,-105.025215,11/17/2017 19:50,19:50,15,0,0,FEDERAL BOULEVARD NORTH & 16TH AVENUE WEST,2,3,0,1,1,4,0,,35,0,0,0,0,0,2,2,13
,2017_32772,39.743865,-105.02522,1/19/2017 15:53,15:53,1,0,0,FEDERAL BOULEVARD NORTH & 1700 BLOCK WEST,1,1,1,0,1,2,0,,35,0,0,0,0,0,2,2,13
,2017_32773,39.743865,-105.02522,3/23/2017 14:24,14:24,1,0,0,FEDERAL BOULEVARD NORTH & 17TH AVENUE WEST,1,1,1,0,1,1,0,,35,0,0,0,0,0,2,2,13
,2017_32774,39.784707,-105.025224,7/6/2017 10:28,10:28,3,0,0,FEDERAL BOULEVARD NORTH & I70 WB OFF RAMP,1,1,0,0,1,1,0,,,0,0,0,0,0,2,2,13
,2017_32775,39.743865,-105.02522,4/4/2017 18:52,18:52,3,0,0,FEDERAL BOULEVARD NORTH & 17TH AVENUE WEST,2,2,0,2,1,1,0,,35,0,0,0,0,0,2,2,13
,2017_32776,39.743865,-105.02522,4/24/2017 18:03,18:03,1,0,1,17TH AVENUE WEST & FEDERAL BOULEVARD NORTH,1,1,0,0,1,1,0,,25,0,0,0,0,2,2,2,13
,2017_32777,39.743865,-105.02522,7/22/2017 23:01,23:01,15,0,0,FEDERAL BOULEVARD NORTH & 17TH AVENUE WEST,1,3,0,0,1,3,0,,35,0,0,0,0,0,2,4,14
,2017_32778,39.743865,-105.02522,11/12/2017 20:40,20:40,1,0,0,FEDERAL BOULEVARD NORTH & DICK CONNER AVENUE WEST,1,3,0,0,1,1,0,,35,0,0,0,0,0,2,3,13
,2017_32779,39.743865,-105.02522,11/13/2017 17:43,17:43,3,0,0,17TH AVENUE WEST & FEDERAL BOULEVARD NORTH,1,3,0,0,1,1,0,,35,0,0,0,0,1,2,4,13
,2017_32780,39.743865,-105.02522,12/21/2017 6:32,6:32,3,0,0,FEDERAL BOULEVARD NORTH & 17TH AVENUE WEST,5,1,0,2,1,1,0,,35,0,0,0,0,1,2,2,14
,2017_32781,39.744005,-105.025222,10/30/2017 0:41,0:41,10,0,0,FEDERAL BOULEVARD NORTH & 17TH AVENUE WEST,1,3,0,0,1,4,0,,35,0,0,0,0,0,2,2,13
,2017_32782,39.744145,-105.025223,6/1/2017 12:02,12:02,3,0,0,FEDERAL BOULEVARD 1700 BLOCK NORTH & 17TH AVENUE WEST,1,1,1,0,1,2,0,,35,0,0,0,0,0,2,2,13
,2017_32783,39.744705,-105.025229,3/18/2017 19:14,19:14,12,0,0,FEDERAL BOULEVARD NORTH & 17TH AVENUE WEST,1,1,0,0,1,4,0,,35,0,0,0,0,0,2,2,13
,2017_32784,39.745126,-105.025233,1/17/2017 8:28,8:28,12,0,0,FEDERAL BOULEVARD NORTH & 18TH AVENUE WEST,2,1,1,0,1,3,0,,30,0,0,0,0,0,2,2,13
,2017_32785,39.745126,-105.025233,9/5/2017 16:24,16:24,1,0,0,FEDERAL BOULEVARD NORTH & 18TH AVENUE WEST,1,1,1,0,1,1,0,,35,0,0,0,0,1,2,2,13
,2017_32786,39.745405,-105.025232,6/16/2017 12:33,12:33,15,0,0,FEDERAL BOULEVARD NORTH & 1800 BLOCK NORTH,1,1,1,0,1,4,0,,35,0,0,0,0,0,2,2,13
,2017_32787,39.746661,-105.025227,10/15/2017 21:43,21:43,15,0,0,FEDERAL BOULEVARD NORTH & 19TH AVENUE WEST,1,3,0,0,1,4,0,,35,0,0,0,0,0,2,2,5
,2017_32788,39.747498,-105.025223,3/29/2017 13:02,13:02,12,0,0,FEDERAL BOULEVARD & 2000 BLOCK NORTH,1,1,1,0,1,4,0,,35,0,0,0,0,1,2,2,13