id,drcog_id,latitude,longitude,crashtime,time,crashtype,numbkilled,numbinjurd,drcoglocat,rdconditin,lightngcon,roadcntgrd,weatherco,location,roaddescrp,constrzone,schoolzone,splimit,bikeinv,pedinv,sctrinv,motoinv,svrty,rdsystem,ttlvehcls,hcf
,2017_32789,39.747498,-105.025223,3/29/2017 15:42,15:42,3,0,1,FEDERAL BOULEVARD NORTH & 20TH AVENUE WEST,1,1,1,0,1,1,0,,30,0,0,0,0,2,2,2,13
,2017_32790,39.747498,-105.025223,4/21/2017 16:14,16:14,12,0,0,FEDERAL BOULEVARD NORTH & 20TH AVENUE WEST,1,1,0,0,1,3,0,,35,0,0,0,0,1,2,3,13
,2017_32791,39.747498,-105.025223,6/2/2017 15:02,15:02,12,0,0,FEDERAL BOULEVARD NORTH & 20TH AVENUE WEST,1,1,1,0,1,4,0,,35,0,0,0,0,0,2,4,13
,2017_32792,39.747498,-105.025223,9/6/2017 15:24,15:24,12,0,0,FEDERAL BOULEVARD NORTH & 20TH AVENUE WEST,1,1,1,0,1,3,0,,35,0,0,0,0,0,2,2,13
,2017_32793,39.747498,-105.025223,11/17/2017 17:30,17:30,12,0,0,FEDERAL BOULEVARD NORTH & 20TH AVENUE WEST,2,3,0,1,1,4,0,,35,0,0,0,0,0,2,2,7
,2017_32794,39.747498,-105.025223,12/10/2017 17:48,17:48,3,0,0,20TH AVENUE WEST & FEDERAL BOULEVARD NORTH,1,1,0,0,1,1,0,,1,0,0,0,0,0,2,2,13
,2017_32795,39.749063,-105.025156,7/22/2017 15:34,15:34,12,0,0,FEDERAL BOULEVARD NORTH & 21ST AVENUE WEST,1,1,0,0,1,4,0,,35,0,0,0,0,1,2,2,13
,2017_32796,39.74966,-105.025147,4/18/2017 11:30,11:30,12,0,0,FEDERAL BOULEVARD NORTH & 21ST AVENUE WEST,1,1,0,0,1,1,0,,35,0,0,0,0,0,2,2,13
,2017_32797,39.749959,-105.025143,2/23/2017 17:09,17:09,3,0,0,22ND AVENUE WEST & FEDERAL BOULEVARD NORTH,4,1,0,2,1,1,0,,,0,0,0,0,0,2,2,13
,2017_32798,39.749959,-105.025143,6/14/2017 9:40,9:40,12,0,0,FEDERAL BOULEVARD NORTH & 22ND AVENUE WEST,1,1,0,0,1,1,0,,35,0,0,0,0,1,2,2,14
,2017_32799,39.769524,-105.025232,12/17/2017 21:30,21:30,3,0,0,FEDERAL BOULEVARD & 3810 NORTH,1,3,0,0,1,2,0,,5,0,0,0,0,0,2,2,13
,2017_32800,39.750391,-105.025141,3/16/2017 14:25,14:25,12,0,0,FEDERAL BOULEVARD NORTH & 2200 BLOCK NORTH,1,1,0,0,1,4,0,,65,0,0,0,0,0,2,3,12
,2017_32801,39.75111,-105.025137,6/20/2017 13:05,13:05,12,0,0,FEDERAL BOULEVARD NORTH & 23RD AVENUE WEST,1,1,0,0,1,3,0,,35,0,0,0,0,1,2,2,14
,2017_32802,39.751253,-105.025137,2/26/2017 19:13,19:13,12,0,0,23RD AVENUE WEST & FEDERAL BOULEVARD NORTH,1,1,0,0,1,1,0,,30,0,0,0,0,0,2,2,1
,2017_32803,39.751253,-105.025137,4/5/2017 15:27,15:27,15,0,0,FEDERAL BOULEVARD NORTH & 23RD AVENUE WEST,1,1,1,0,1,1,0,,,0,0,0,0,0,2,2,13
,2017_32804,39.751253,-105.025137,6/30/2017 17:38,17:38,5,0,0,FEDERAL BOULEVARD NORTH & 23RD AVENUE WEST,1,1,0,0,3,3,0,,,0,0,0,0,0,2,1,13
,2017_32805,39.751253,-105.025137,9/28/2017 8:49,8:49,1,0,0,FEDERAL BOULEVARD NORTH & 23RD AVENUE WEST,2,1,0,0,1,1,0,,,0,0,0,0,1,2,2,13
,2017_32806,39.751253,-105.025137,10/15/2017 15:45,15:45,12,0,0,23RD AVENUE WEST & FEDERAL BOULEVARD NORTH,1,1,0,0,1,1,0,,35,0,0,0,0,0,2,2,13
,2017_32807,39.751828,-105.025134,5/24/2017 16:26,16:26,12,0,0,FEDERAL BOULEVARD NORTH & 23RD AVENUE WEST,1,1,1,0,1,4,0,,35,0,0,0,0,0,2,2,1
,2017_32808,39.752115,-105.025133,12/6/2017 16:48,16:48,12,0,0,FEDERAL BOULEVARD NORTH & 23RD AVENUE WEST,1,2,0,0,1,4,0,,35,0,0,0,0,0,2,3,1
,2017_32809,39.752259,-105.025132,6/10/2017 12:34,12:34,12,0,0,FEDERAL BOULEVARD NORTH & 24TH AVENUE WEST,1,1,1,0,1,4,0,,30,0,0,0,0,0,2,3,13
,2017_32810,39.752689,-105.02513,7/9/2017 11:55,11:55,12,0,0,FEDERAL BOULEVARD NORTH & 24TH AVENUE WEST,1,1,1,0,1,4,0,,35,0,0,0,0,0,2,2,13
,2017_32811,39.75312,-105.025129,12/10/2017 12:40,12:40,12,0,0,FEDERAL BOULEVARD NORTH & 25TH AVENUE WEST,1,1,1,0,1,4,0,,35,0,0,0,0,0,2,2,13
,2017_32813,39.753551,-105.025127,6/20/2017 6:47,6:47,12,0,0,FEDERAL BOULEVARD NORTH & 25TH AVENUE WEST,1,1,0,0,1,3,0,,35,0,0,0,0,0,2,3,14
,2017_32814,39.753551,-105.025127,8/12/2017 16:22,16:22,12,0,0,FEDERAL BOULEVARD NORTH & 25TH AVENUE WEST,1,1,0,0,1,1,0,,35,0,0,0,0,0,2,2,13
,2017_32815,39.753551,-105.025127,9/19/2017 18:25,18:25,12,0,0,FEDERAL BOULEVARD NORTH & 25TH AVENUE WEST,1,1,0,0,1,4,0,,35,0,0,0,0,1,2,2,1
,2017_32816,39.753551,-105.025127,11/10/2017 14:56,14:56,12,0,0,25TH AVENUE WEST & FEDERAL BOULEVARD NORTH,1,1,0,0,1,3,0,,25,0,0,0,0,1,2,2,13
,2017_32817,39.753979,-105.025128,1/23/2017 15:53,15:53,12,0,0,FEDERAL BOULEVARD & 2500 BLOCK NORTH,1,1,1,0,1,4,0,,35,0,0,0,0,1,2,3,13
,2017_32818,39.754407,-105.025129,5/31/2017 15:05,15:05,12,0,0,FEDERAL BOULEVARD NORTH & 26TH AVENUE WEST,1,1,1,0,1,4,0,,35,0,0,0,0,1,2,2,13
,2017_32820,39.754834,-105.025131,3/17/2017 17:45,17:45,12,0,0,FEDERAL BOULEVARD NORTH & 26TH AVENUE WEST,1,1,0,0,1,1,0,,35,0,0,0,0,0,2,2,13
,2017_32821,39.754834,-105.025131,4/21/2017 16:48,16:48,1,0,0,26TH AVENUE WEST & FEDERAL BOULEVARD NORTH,1,1,1,0,1,1,0,,30,0,0,0,0,0,2,2,13
,2017_32822,39.754834,-105.025131,4/23/2017 10:22,10:22,12,0,0,FEDERAL BOULEVARD NORTH & 26TH AVENUE WEST,1,1,0,0,1,4,0,,35,0,0,0,0,1,2,3,7
,2017_32823,39.754834,-105.025131,5/13/2017 17:00,17:00,15,0,0,FEDERAL BOULEVARD NORTH & 26TH AVENUE WEST,1,1,0,0,1,1,0,,40,0,0,0,0,0,2,2,1
,2017_32824,39.754834,-105.025131,6/25/2017 0:05,0:05,5,0,0,FEDERAL BOULEVARD NORTH & 26TH AVENUE WEST,1,3,0,0,3,4,0,,35,0,0,0,0,0,2,1,5
,2017_32825,39.754834,-105.025131,7/13/2017 18:03,18:03,1,0,1,26TH AVENUE WEST & FEDERAL BOULEVARD NORTH,1,1,1,0,1,1,0,,30,0,0,0,0,2,2,2,5
,2017_32826,39.754834,-105.025131,11/11/2017 10:57,10:57,12,0,0,FEDERAL BOULEVARD & 26TH AVENUE WEST,1,1,0,0,1,4,0,,35,0,0,0,0,0,2,2,13
,2017_32827,39.754834,-105.025131,12/16/2017 13:54,13:54,1,0,0,26TH AVENUE WEST & FEDERAL BOULEVARD NORTH,1,1,0,0,1,2,0,,25,0,0,0,0,0,2,2,13
,2017_32828,39.75854,-105.025143,2/28/2017 15:54,15:54,12,0,0,FEDERAL BOULEVARD NORTH & 29TH AVENUE WEST,1,1,0,0,1,1,0,,35,0,0,0,0,1,2,2,13
,2017_32829,39.754977,-105.025131,3/27/2017 6:40,6:40,12,0,0,FEDERAL BOULEVARD NORTH & 26TH AVENUE WEST,1,1,0,0,1,3,0,,35,0,0,0,0,1,2,3,13
,2017_32830,39.754977,-105.025131,10/10/2017 9:49,9:49,12,0,0,FEDERAL BOULEVARD NORTH & 26TH AVENUE WEST,1,1,0,0,1,3,0,,35,0,0,0,0,1,2,3,14
,2017_32831,39.75512,-105.025132,6/29/2017 16:04,16:04,15,0,0,FEDERAL BOULEVARD NORTH & 26TH AVENUE WEST,1,1,0,0,1,4,0,,35,0,0,0,0,0,2,2,13
,2017_32832,39.75512,-105.025132,10/15/2017 17:30,17:30,5,0,0,FEDERAL BOULEVARD NORTH & 26TH AVENUE WEST,1,2,0,0,2,4,0,,35,0,0,0,0,0,2,1,5
,2017_32833,39.824853,-104.746289,1/26/2017 15:21,15:21,5,0,0,E470 HIGHWAY NORTH & PENA BOULEVARD,1,1,0,0,2,4,0,,75,0,0,0,0,0,2,1,1
,2017_32834,39.755404,-105.025133,2/14/2017 15:40,15:40,12,0,0,FEDERAL BOULEVARD NORTH & 26TH AVENUE WEST,1,1,0,0,1,4,0,,35,0,0,0,0,0,2,2,13
,2017_32835,39.755975,-105.025134,3/28/2017 8:09,8:09,5,0,0,FEDERAL BOULEVARD 2700 BLOCK NORTH & 27TH AVENUE WEST,2,1,0,1,3,4,0,,,0,0,0,0,0,2,1,13
,2017_32836,39.755975,-105.025134,8/2/2017 14:25,14:25,15,0,0,FEDERAL BOULEVARD 2700 BLOCK NORTH & 27TH AVENUE WEST,1,1,1,0,1,4,1,,35,0,0,0,0,0,2,2,13
,2017_32837,39.756117,-105.025135,3/7/2017 17:06,17:06,12,0,0,FEDERAL BOULEVARD & 27TH AVENUE WEST,1,1,0,0,1,4,0,,35,0,0,0,0,0,2,2,13
,2017_32838,39.75683,-105.025137,11/17/2017 15:06,15:06,15,0,0,FEDERAL BOULEVARD 2700 BLOCK NORTH & 28TH AVENUE WEST,1,1,1,0,1,4,0,,35,0,0,0,0,1,2,2,5
,2017_32839,39.756972,-105.025138,6/30/2017 8:04,8:04,15,0,0,FEDERAL BOULEVARD NORTHBOUND 2700 BLOCK NORTH & 28TH AVENUE WEST,1,1,0,0,1,4,0,,35,0,0,0,0,1,2,2,14
,2017_32841,39.757257,-105.025139,9/28/2017 16:57,16:57,12,0,0,FEDERAL BOULEVARD NORTH & 28TH AVENUE WEST,1,1,1,0,1,1,0,,35,0,0,0,0,0,2,4,13
,2017_32843,39.758255,-105.025142,2/21/2017 13:39,13:39,12,0,0,FEDERAL BOULEVARD 2800 BLOCK & 29TH AVENUE WEST,1,1,0,0,1,4,0,,35,0,0,0,0,0,2,2,13
,2017_32844,39.75854,-105.025143,1/25/2017 18:40,18:40,12,0,0,29TH AVENUE WEST & FEDERAL BOULEVARD NORTH,1,3,0,0,1,3,0,,30,0,0,0,0,0,2,2,13
,2017_32846,39.75854,-105.025143,6/16/2017 16:12,16:12,12,0,0,FEDERAL BOULEVARD NORTH & 29TH AVENUE WEST,1,1,0,0,1,1,0,,35,0,0,0,0,0,2,2,13
,2017_32847,39.75854,-105.025143,6/19/2017 16:26,16:26,12,0,0,29TH AVENUE WEST & FEDERAL BOULEVARD NORTH,1,1,1,0,1,1,0,,35,0,0,0,0,0,2,2,1
,2017_32848,39.75854,-105.025143,8/1/2017 16:27,16:27,12,0,0,FEDERAL BOULEVARD NORTH & 29TH AVENUE WEST,1,1,0,0,1,1,0,,35,0,0,0,0,1,2,2,13
,2017_32849,39.75854,-105.025143,8/3/2017 5:25,5:25,15,0,0,29TH AVENUE WEST & FEDERAL BOULEVARD NORTH,1,1,0,0,1,3,0,,30,0,0,0,0,0,2,2,13
,2017_32850,39.762103,-105.025155,12/17/2017 12:50,12:50,12,0,0,FEDERAL BOULEVARD NORTH & 32ND AVENUE WEST,1,1,0,0,1,3,0,,,0,0,0,0,0,2,2,13
,2017_32851,39.75854,-105.025143,8/17/2017 11:13,11:13,3,0,0,29TH AVENUE WEST & FEDERAL BOULEVARD NORTH,1,1,1,0,1,1,0,,30,0,0,0,0,0,2,2,13
,2017_32852,39.75854,-105.025143,9/9/2017 23:50,23:50,12,0,0,29TH AVENUE WEST & FEDERAL BOULEVARD NORTH,1,3,0,0,1,3,0,,35,0,0,0,0,0,2,2,13
,2017_32853,39.75854,-105.025143,12/21/2017 0:00,0:00,3,0,0,FEDERAL BOULEVARD NORTH & 29TH AVENUE WEST,4,3,0,2,1,1,0,,35,0,0,0,0,0,2,2,13
,2017_32854,39.760108,-105.025148,9/23/2017 19:20,19:20,3,0,0,SPEER BOULEVARD NORTH & FEDERAL BOULEVARD NORTH,2,3,0,1,1,1,0,,,0,0,0,0,0,2,2,13
,2017_32855,39.76025,-105.025149,1/3/2017 14:22,14:22,3,0,1,FEDERAL BOULEVARD NORTH & SPEER BOULEVARD NORTH,1,1,1,0,1,1,0,,35,0,0,0,0,2,2,2,13
,2017_32856,39.76025,-105.025149,3/23/2017 11:33,11:33,15,0,0,SPEER BOULEVARD NORTH & FEDERAL BOULEVARD NORTH,1,1,0,0,1,1,0,,35,0,0,0,0,0,2,2,14
,2017_32857,39.76025,-105.025149,6/14/2017 11:06,11:06,12,0,0,SPEER BOULEVARD NORTH & FEDERAL BOULEVARD NORTH,1,1,0,0,1,1,0,,25,0,0,0,0,0,2,2,14
,2017_32858,39.76025,-105.025149,10/14/2017 6:05,6:05,10,0,0,SPEER BOULEVARD NORTH & FEDERAL BOULEVARD NORTH,1,3,0,0,1,1,0,,35,0,0,0,0,0,2,2,13
,2017_32859,39.76025,-105.025149,11/11/2017 17:10,17:10,1,0,0,FEDERAL BOULEVARD NORTH & SPEER BOULEVARD,1,3,0,0,1,1,0,,35,0,0,0,0,0,2,2,1
,2017_32860,39.76025,-105.025149,11/22/2017 12:07,12:07,15,0,0,SPEER BOULEVARD NORTH & FEDERAL BOULEVARD NORTH,1,1,0,0,1,3,0,,35,0,0,0,0,0,2,2,14
,2017_32861,39.772962,-105.02523,9/19/2017 12:01,12:01,3,0,0,FEDERAL BOULEVARD NORTH & 41ST AVENUE WEST,1,1,0,0,1,1,0,,35,0,0,0,0,0,2,2,7
,2017_32862,39.76025,-105.025149,12/23/2017 12:28,12:28,12,0,0,FEDERAL BOULEVARD NORTH & SPEER BOULEVARD NORTH,1,1,0,0,1,3,0,,35,0,0,0,0,0,2,2,13
,2017_32863,39.760393,-105.025149,4/24/2017 17:07,17:07,15,0,0,FEDERAL BOULEVARD & 3100 BLOCK NORTH,1,1,1,0,1,4,0,,35,0,0,0,0,0,2,2,13
,2017_32864,39.760678,-105.02515,8/8/2017 14:41,14:41,15,0,0,FEDERAL BOULEVARD 3000 BLOCK NORTH & DOUGLAS PLACE WEST,2,1,0,1,1,3,0,,35,0,0,0,0,0,2,2,13
,2017_32865,39.76082,-105.025151,6/6/2017 8:10,8:10,12,0,0,FEDERAL BOULEVARD NORTH SOUTHBOUND & DOUGLAS PLACE WEST,1,1,0,0,1,3,0,,,0,0,0,0,0,2,2,14
,2017_32866,39.76082,-105.025151,9/8/2017 12:42,12:42,12,0,0,DOUGLAS PLACE WEST & FEDERAL BOULEVARD NORTH,1,1,1,0,1,3,0,,30,0,0,0,0,0,2,2,13
,2017_32867,39.761676,-105.025154,1/22/2017 16:16,16:16,12,0,0,FEDERAL BOULEVARD 3100 BLOCK NORTH & 32ND AVENUE WEST,1,2,0,0,1,4,0,,35,0,0,0,0,0,2,3,8
,2017_32868,39.761676,-105.025154,10/8/2017 12:05,12:05,3,0,0,FEDERAL BOULEVARD & 32ND AVENUE WEST,1,1,0,0,1,2,0,,35,0,0,0,0,0,2,2,13
,2017_32869,39.761676,-105.025154,12/13/2017 18:10,18:10,12,0,0,FEDERAL BOULEVARD 3900 BLOCK NORTH & 40TH AVENUE WEST,1,3,0,0,1,4,0,,30,0,0,0,0,0,2,2,7
,2017_32870,39.761818,-105.025154,5/17/2017 11:08,11:08,12,0,0,FEDERAL BOULEVARD NORTH & 32ND AVENUE WEST,1,1,1,0,1,4,0,,35,0,0,0,0,1,2,2,12
,2017_32871,39.76196,-105.025155,5/11/2017 10:27,10:27,3,0,0,FEDERAL BOULEVARD NORTH & 32ND AVENUE WEST,1,1,0,0,1,1,0,,35,0,0,0,0,0,2,2,1
,2017_32872,39.76196,-105.025155,6/9/2017 16:04,16:04,15,0,0,FEDERAL BOULEVARD NORTH & 32ND AVENUE WEST,1,1,0,0,1,1,0,,35,0,0,0,0,0,2,2,13
,2017_32873,39.76196,-105.025155,10/26/2017 17:35,17:35,1,0,0,FEDERAL BOULEVARD NORTH & 32ND AVENUE WEST,2,1,1,2,1,1,0,,35,0,0,0,0,0,2,2,13
,2017_32874,39.76196,-105.025155,12/23/2017 9:40,9:40,12,0,0,FEDERAL BOULEVARD NORTH & 32ND AVENUE WEST,1,1,0,0,1,1,0,,35,0,0,0,0,0,2,2,5
,2017_32875,39.762388,-105.025156,4/5/2017 15:48,15:48,12,0,0,FEDERAL BOULEVARD 3100 BLOCK NORTH & 32ND AVENUE WEST,1,1,0,0,1,4,0,,35,0,0,0,0,0,2,2,14
,2017_32876,39.762531,-105.025157,3/15/2017 8:36,8:36,12,0,0,FEDERAL BOULEVARD & 32ND AVENUE WEST,1,1,0,0,1,4,0,,35,0,0,0,0,1,2,2,14
,2017_32877,39.762531,-105.025157,3/16/2017 6:50,6:50,12,0,0,FEDERAL BOULEVARD & 32ND AVENUE WEST,1,1,0,0,1,4,0,,35,0,0,0,0,0,2,2,14
,2017_32878,39.763243,-105.025159,3/4/2017 21:58,21:58,12,0,0,FEDERAL BOULEVARD NORTH & 33RD AVENUE WEST,1,3,0,0,1,3,0,,35,0,0,0,0,0,2,2,13
,2017_32879,39.763243,-105.025159,7/10/2017 16:00,16:00,15,0,0,FEDERAL BOULEVARD NORTH & 33RD AVENUE WEST,1,1,0,0,1,1,0,,35,0,0,0,0,0,2,2,13
,2017_32880,39.763243,-105.025159,7/17/2017 15:31,15:31,12,0,0,FEDERAL BOULEVARD NORTH & 33RD AVENUE WEST,1,1,0,0,1,1,0,,35,0,0,0,0,1,2,3,13
,2017_32881,39.763243,-105.025159,9/8/2017 11:30,11:30,12,0,0,FEDERAL BOULEVARD NORTH & HIGHLAND PARK PLACE WEST,1,1,0,0,1,3,0,,35,0,0,0,0,0,2,2,5
,2017_32882,39.763243,-105.025159,9/27/2017 7:50,7:50,12,0,0,FEDERAL BOULEVARD NORTH & HIGHLAND PARK PLACE WEST,2,1,0,0,1,3,0,,35,0,0,0,0,1,2,2,14
,2017_32884,39.763386,-105.02516,3/16/2017 16:32,16:32,12,0,0,FEDERAL BOULEVARD 3300 BLOCK NORTH & 33RD AVENUE WEST,1,1,0,0,1,3,0,,35,0,0,0,0,0,2,3,13
,2017_32885,39.763528,-105.02516,8/7/2017 17:35,17:35,12,0,0,FEDERAL BOULEVARD NORTH & 33RD AVENUE WEST,2,1,0,1,1,4,0,,35,0,0,0,0,0,2,2,13
,2017_32886,39.764241,-105.025162,10/20/2017 8:06,8:06,12,0,0,FEDERAL BOULEVARD 3400 BLOCK NORTH & 34TH AVENUE WEST,1,1,0,0,1,4,0,,25,0,0,0,0,0,2,2,12
,2017_32887,39.764384,-105.025163,5/25/2017 18:14,18:14,12,0,0,FEDERAL BOULEVARD NORTH & 34TH AVENUE WEST,1,1,0,0,1,3,0,,35,0,0,0,0,1,2,3,13
,2017_32888,39.764384,-105.025163,8/28/2017 9:28,9:28,15,0,0,FEDERAL BOULEVARD NORTH & 34TH AVENUE WEST 3400 BLOCK,1,1,0,0,1,3,0,,35,0,0,0,0,0,2,4,1
,2017_32889,39.764384,-105.025163,10/11/2017 8:12,8:12,12,0,0,FEDERAL BOULEVARD 3500 BLOCK NORTH & 34TH AVENUE WEST,1,1,0,0,1,3,0,,25,0,0,0,0,0,2,2,14
,2017_32890,39.765524,-105.025167,2/21/2017 8:16,8:16,12,0,0,FEDERAL BOULEVARD SOUTHBOUND & 35TH AVENUE WEST,1,1,0,0,1,3,0,,35,0,0,0,0,0,2,2,14
,2017_32891,39.764526,-105.025163,5/27/2017 15:06,15:06,12,0,0,FEDERAL BOULEVARD & 34TH AVENUE WEST ROAD WEST,2,1,0,1,1,4,0,,30,0,0,0,0,0,2,4,8
,2017_32892,39.764526,-105.025163,6/2/2017 18:24,18:24,12,0,0,FEDERAL BOULEVARD 3400 BLOCK NORTH & 34TH AVENUE WEST,1,1,0,0,1,3,0,,35,0,0,0,0,0,2,3,7
,2017_32893,39.764526,-105.025163,10/14/2017 15:20,15:20,12,0,0,FEDERAL BOULEVARD NORTH & 34TH AVENUE WEST,1,1,0,0,1,4,0,,35,0,0,0,0,0,2,3,13
,2017_32894,39.741606,-104.9591925,1/11/2017 16:17,16:17,10,0,0,JOSEPHINE STREET 1500 NORTH & 16TH AVENUE EAST,1,2,0,0,1,4,0,,30,0,0,0,0,0,4,2,13
,2017_32896,39.764668,-105.025164,7/9/2017 14:14,14:14,12,0,0,FEDERAL BOULEVARD NORTH & 34TH AVENUE WEST ROAD WEST,1,1,0,0,1,1,0,,35,0,0,0,0,1,2,2,13
,2017_32897,39.764668,-105.025164,8/28/2017 9:28,9:28,15,0,0,FEDERAL BOULEVARD NORTH 3400 BLOCK & 34TH AVENUE WEST,1,1,0,0,1,4,0,,35,0,0,0,0,0,2,3,1
,2017_32898,39.764811,-105.025164,1/1/2017 0:50,0:50,6,0,0,FEDERAL BOULEVARD 3400 BLOCK NORTH & 34TH AVENUE WEST,1,3,1,0,1,4,0,,35,0,0,0,0,0,2,2,13
,2017_32899,39.764811,-105.025164,12/15/2017 17:16,17:16,12,0,0,FEDERAL BOULEVARD NORTH & 34TH AVENUE WEST,1,2,1,0,1,4,0,,35,0,0,0,0,0,2,2,13
,2017_32900,39.765096,-105.025165,9/18/2017 7:58,7:58,12,0,0,FEDERAL BOULEVARD 3400 BLOCK NORTH & 35TH AVENUE WEST,1,1,0,0,1,3,0,,35,0,0,0,0,1,2,4,14
,2017_32901,39.765239,-105.025166,8/11/2017 18:12,18:12,12,0,0,FEDERAL BOULEVARD 3400 BLOCK NORTH & 35TH AVENUE WEST,1,1,0,0,1,4,0,,35,0,0,0,0,0,2,3,8
,2017_32902,39.765524,-105.025167,2/20/2017 17:30,17:30,1,0,0,FEDERAL BOULEVARD NORTH & 35TH AVENUE WEST,1,1,1,0,1,1,0,,35,0,0,0,0,0,2,2,13
,2017_32904,39.765524,-105.025167,7/26/2017 18:03,18:03,12,0,0,FEDERAL BOULEVARD NORTH & 35TH AVENUE WEST,1,1,0,0,1,1,0,,35,0,0,0,0,0,2,2,2
,2017_32905,39.765524,-105.025167,11/18/2017 16:53,16:53,12,0,0,FEDERAL BOULEVARD NORTH & 35TH AVENUE WEST,1,3,0,0,1,3,0,,35,0,0,0,0,0,2,4,13
,2017_32906,39.765524,-105.025167,12/11/2017 15:10,15:10,13,0,1,FEDERAL BOULEVARD NORTH & 35TH AVENUE WEST,1,1,0,0,1,1,0,,30,0,0,0,0,2,2,2,13
,2017_32907,39.766521,-105.02517,5/1/2017 18:38,18:38,12,0,0,FEDERAL BOULEVARD & 36TH AVENUE NORTH ROAD WEST,1,1,0,0,1,3,0,,35,0,0,0,0,1,2,2,5
,2017_32908,39.766806,-105.025171,6/13/2017 7:00,7:00,5,0,1,FEDERAL BOULEVARD & 36TH AVENUE WEST ROAD EAST,1,1,0,0,2,4,0,,25,0,0,0,0,2,2,1,14
,2017_32909,39.766806,-105.025171,11/21/2017 6:55,6:55,12,0,0,36TH AVENUE WEST & FEDERAL BOULEVARD NORTH,1,1,0,0,1,2,0,,35,0,0,0,0,0,2,2,13
,2017_32910,39.766949,-105.025172,1/25/2017 15:50,15:50,15,0,0,FEDERAL BOULEVARD & 3600 BLOCK NORTH,1,1,1,0,1,4,0,,35,0,0,0,0,0,2,2,13
,2017_32911,39.767376,-105.025173,11/5/2017 9:08,9:08,12,0,0,FEDERAL BOULEVARD 3700 BLOCK NORTH & 37TH AVENUE WEST,1,1,0,0,1,3,0,,35,0,0,0,0,0,2,2,13
,2017_32912,39.768377,-105.02523,2/27/2017 19:55,19:55,12,0,0,FEDERAL BOULEVARD NORTH & CLYDE PLACE WEST,1,3,0,0,1,4,0,,,0,0,0,0,0,2,2,13
,2017_32913,39.768951,-105.025232,10/17/2017 15:22,15:22,15,0,0,FEDERAL BOULEVARD 3700 BLOCK NORTH & 38TH AVENUE WEST,1,1,1,0,1,4,0,,35,0,0,0,0,0,2,2,1
,2017_32914,39.768951,-105.025232,10/23/2017 14:40,14:40,15,0,0,FEDERAL BOULEVARD NORTH & 38TH AVENUE WEST,1,1,0,0,1,4,0,,35,0,0,0,0,0,2,2,13
,2017_32915,39.769094,-105.025232,5/31/2017 14:53,14:53,12,0,0,FEDERAL BOULEVARD 3700 BLOCK NORTH & 38TH AVENUE,1,1,0,0,1,3,0,,35,0,0,0,0,0,2,2,14
,2017_32916,39.769094,-105.025232,7/27/2017 17:31,17:31,15,0,0,38TH AVENUE WEST & FEDERAL BOULEVARD NORTH,1,1,0,0,1,4,0,,30,0,0,0,0,0,2,2,1
,2017_32917,39.769238,-105.025232,2/18/2017 23:17,23:17,15,0,0,38TH AVENUE WEST & FEDERAL BOULEVARD NORTH,1,2,1,0,1,3,0,,35,0,0,0,0,0,2,3,1
,2017_32918,39.769238,-105.025232,3/11/2017 21:18,21:18,15,0,0,FEDERAL BOULEVARD NORTH & 38TH AVENUE WEST,1,3,1,0,1,1,0,,35,0,0,0,0,0,2,2,7
,2017_32919,39.769238,-105.025232,3/27/2017 7:15,7:15,1,0,0,38TH AVENUE WEST & FEDERAL BOULEVARD NORTH,1,1,0,0,1,1,0,,35,0,0,0,0,0,2,2,14
,2017_32920,39.769238,-105.025232,4/6/2017 7:30,7:30,1,0,0,38TH AVENUE WEST & FEDERAL BOULEVARD NORTH,1,1,0,0,1,1,0,,35,0,0,0,0,0,2,2,13
,2017_32921,39.769238,-105.025232,5/25/2017 12:00,12:00,12,0,0,FEDERAL BOULEVARD & 38TH AVENUE WEST,1,1,0,0,1,1,0,,,0,0,0,0,0,2,2,13
,2017_32922,39.843704,-104.746746,11/14/2017 5:30,5:30,4,0,0,E470 NORTHBOUND & MM 28.5,1,3,0,0,1,4,0,,75,0,0,0,0,1,2,1,13
,2017_32923,39.769238,-105.025232,6/12/2017 16:06,16:06,12,0,0,38TH AVENUE WEST & FEDERAL BOULEVARD NORTH,1,1,0,0,1,3,0,,35,0,0,0,0,0,2,2,5
,2017_32924,39.769238,-105.025232,6/15/2017 9:00,9:00,14,0,0,FEDERAL BOULEVARD & 38TH AVENUE WEST,1,1,0,0,1,1,0,,,0,0,0,0,0,2,2,13
,2017_32925,39.769238,-105.025232,6/21/2017 13:00,13:00,12,0,0,38TH AVENUE WEST & FEDERAL BOULEVARD NORTH,1,1,0,0,1,1,0,,,0,0,0,0,0,2,2,13
,2017_32926,39.769381,-105.025232,12/6/2017 8:03,8:03,12,0,0,FEDERAL BOULEVARD NORTH & 38TH AVENUE WEST,1,1,0,0,1,3,0,,35,0,0,0,0,0,2,2,14
,2017_32927,39.770097,-105.025232,3/28/2017 9:35,9:35,12,0,0,FEDERAL BOULEVARD SOUTHBOUND NORTH & DENVER PLACE WEST,2,1,0,1,1,3,0,,35,0,0,0,0,0,2,2,14
,2017_32928,39.77024,-105.025232,4/2/2017 1:09,1:09,3,0,0,DENVER PLACE WEST & FEDERAL BOULEVARD NORTH,1,3,0,0,1,1,0,,,0,0,0,0,0,2,3,13
,2017_32929,39.782129,-105.025225,2/8/2017 8:23,8:23,15,0,0,FEDERAL BOULEVARD NORTH & 47TH AVENUE WEST,1,1,0,0,1,3,0,,35,0,0,0,0,0,2,2,14