id,drcog_id,latitude,longitude,crashtime,time,crashtype,numbkilled,numbinjurd,drcoglocat,rdconditin,lightngcon,roadcntgrd,weatherco,location,roaddescrp,constrzone,schoolzone,splimit,bikeinv,pedinv,sctrinv,motoinv,svrty,rdsystem,ttlvehcls,hcf
,2017_32930,39.77024,-105.025232,7/27/2017 8:25,8:25,12,0,0,FEDERAL BOULEVARD NORTH & DENVER PLACE WEST,1,1,0,0,1,3,0,,35,0,0,0,0,0,2,2,14
,2017_32932,39.770527,-105.025231,10/27/2017 13:28,13:28,15,0,0,FEDERAL BOULEVARD & DENVER PLACE WEST,1,1,0,0,1,3,0,,35,0,0,0,0,0,2,2,14
,2017_32934,39.770956,-105.025231,11/29/2017 7:08,7:08,12,0,0,FEDERAL BOULEVARD NORTH & 39TH AVENUE WEST,1,1,0,0,1,4,0,,25,0,0,0,0,0,2,2,14
,2017_32935,39.7711,-105.025231,6/17/2017 14:24,14:24,12,0,0,39TH AVENUE WEST & FEDERAL BOULEVARD NORTH,1,1,0,0,1,1,0,,35,0,0,0,0,0,2,2,13
,2017_32936,39.771243,-105.025231,12/15/2017 7:53,7:53,12,0,0,FEDERAL BOULEVARD 3900 NORTH & 39TH AVENUE WEST,1,1,0,0,1,4,0,,25,0,0,0,0,0,2,2,14
,2017_32937,39.772962,-105.02523,1/15/2017 14:09,14:09,1,0,0,FEDERAL BOULEVARD NORTH & 41ST AVENUE WEST,4,1,0,2,1,1,0,,35,0,0,0,0,0,2,2,7
,2017_32938,39.772962,-105.02523,10/24/2017 7:36,7:36,12,0,0,FEDERAL BOULEVARD NORTH & 41ST AVENUE WEST,1,1,0,0,1,3,0,,25,0,0,0,0,0,2,3,14
,2017_32939,39.772962,-105.02523,11/25/2017 13:25,13:25,1,0,0,FEDERAL BOULEVARD NORTH & 41ST AVENUE WEST,1,1,0,0,1,1,0,,35,0,0,0,0,1,2,2,8
,2017_32940,39.773248,-105.02523,6/15/2017 7:20,7:20,12,0,0,FEDERAL BOULEVARD NORTH & 4100 BLOCK NORTH,1,1,0,0,1,4,0,,35,0,0,0,0,0,2,2,13
,2017_32941,39.773248,-105.02523,11/10/2017 17:20,17:20,12,0,0,FEDERAL BOULEVARD NORTH & 41ST AVENUE WEST,1,2,1,0,1,4,0,,35,0,0,0,0,1,2,2,13
,2017_32942,39.773535,-105.02523,9/27/2017 10:17,10:17,12,0,0,FEDERAL BOULEVARD NORTH & 41ST AVENUE WEST,2,1,1,1,1,4,0,,35,0,0,0,0,0,2,3,3
,2017_32943,39.774108,-105.025229,9/30/2017 18:07,18:07,12,0,0,FEDERAL BOULEVARD NORTH & 42ND AVENUE WEST,1,2,0,0,1,3,0,,30,0,0,0,0,0,2,2,8
,2017_32944,39.774108,-105.025229,10/21/2017 13:55,13:55,12,0,0,FEDERAL BOULEVARD NORTH & 42ND AVENUE WEST,1,1,0,0,1,1,0,,35,0,0,0,0,0,2,3,1
,2017_32945,39.775827,-105.025229,4/15/2017 11:55,11:55,15,0,0,FEDERAL BOULEVARD NORTH & 43RD AVENUE WEST,1,1,1,0,1,4,0,,35,0,0,0,0,0,2,2,13
,2017_32946,39.77597,-105.025228,3/23/2017 12:44,12:44,12,0,0,FEDERAL BOULEVARD NORTH & 43RD AVENUE EAST,1,1,1,0,1,4,0,,35,0,0,0,0,1,2,2,13
,2017_32947,39.776113,-105.025228,9/28/2017 8:51,8:51,12,0,0,FEDERAL BOULEVARD NORTH & 44TH AVENUE WEST,2,1,0,1,1,4,0,,35,0,0,0,0,0,2,3,13
,2017_32948,39.776113,-105.025228,9/28/2017 9:44,9:44,12,0,0,FEDERAL BOULEVARD NORTH & 4300 BLOCK NORTH,2,1,0,0,1,4,0,,35,0,0,0,0,0,2,3,3
,2017_32949,39.7764,-105.025228,4/25/2017 7:15,7:15,12,0,0,FEDERAL BOULEVARD NORTH & 44TH AVENUE WEST,1,1,0,0,1,3,0,,35,0,0,0,0,0,2,2,14
,2017_32950,39.776686,-105.025228,1/19/2017 22:26,22:26,15,0,0,44TH AVENUE WEST & FEDERAL BOULEVARD NORTH,1,3,0,0,1,3,0,,65,0,0,0,0,0,2,2,13
,2017_32951,39.776686,-105.025228,5/19/2017 13:29,13:29,12,0,0,FEDERAL BOULEVARD NORTH & 44TH AVENUE WEST,1,1,1,0,1,4,0,,35,0,0,0,0,0,2,3,13
,2017_32952,39.776686,-105.025228,5/30/2017 16:34,16:34,10,0,0,44TH AVENUE 3000 BLOCK WEST & FEDERAL BOULEVARD NORTH,1,1,0,0,1,4,0,,25,0,0,0,0,0,2,2,1
,2017_32953,39.776686,-105.025228,6/6/2017 6:55,6:55,12,0,0,FEDERAL BOULEVARD NORTH & 44TH AVENUE WEST,1,1,0,0,1,3,0,,35,0,0,0,0,0,2,3,14
,2017_32954,39.776686,-105.025228,7/31/2017 18:32,18:32,12,0,0,FEDERAL BOULEVARD 3800 NORTH & 44TH AVENUE WEST,1,1,0,0,1,4,0,,30,0,0,0,0,0,2,3,1
,2017_32955,39.776686,-105.025228,9/8/2017 6:57,6:57,12,0,0,FEDERAL BOULEVARD NORTH & 44TH AVENUE WEST 4400 BLOCK,1,1,0,0,1,4,0,,35,0,0,0,0,0,2,2,13
,2017_32956,39.776686,-105.025228,10/3/2017 17:38,17:38,12,0,0,FEDERAL BOULEVARD & 44TH AVENUE WEST,1,1,1,0,1,3,0,,35,0,0,0,0,0,2,3,13
,2017_32957,39.776686,-105.025228,10/28/2017 13:09,13:09,12,0,0,FEDERAL BOULEVARD NORTH & 44TH AVENUE WEST,1,1,0,0,1,3,0,,35,0,0,0,0,0,2,3,3
,2017_32958,39.776686,-105.025228,11/15/2017 17:20,17:20,1,0,0,FEDERAL BOULEVARD NORTH & 44TH AVENUE WEST,1,3,0,0,1,1,0,,35,0,0,0,0,0,2,2,13
,2017_32959,39.776829,-105.025228,4/13/2017 7:38,7:38,12,0,0,FEDERAL BOULEVARD 4400 BLOCK NORTH & 44TH AVENUE WEST,1,1,0,0,1,3,0,,35,0,0,0,0,0,2,3,14
,2017_32960,39.776829,-105.025228,5/4/2017 6:58,6:58,12,0,0,FEDERAL BOULEVARD SOUTHBOUND & 44TH AVENUE WEST,1,1,0,0,1,3,0,,35,0,0,0,0,0,2,2,14
,2017_32961,39.777832,-105.025228,3/7/2017 12:12,12:12,12,0,0,FEDERAL BOULEVARD 4400 BLOCK & 45TH AVENUE WEST,1,1,0,0,1,3,0,,35,0,0,0,0,0,2,3,14
,2017_32962,39.777832,-105.025228,6/9/2017 15:15,15:15,12,0,0,FEDERAL BOULEVARD NORTH & 45TH AVENUE WEST,1,1,0,0,1,3,0,,35,0,0,0,0,0,2,2,13
,2017_32963,39.783848,-105.025224,2/7/2017 14:27,14:27,3,0,0,FEDERAL BOULEVARD NORTH & I70 EASTBOUND RAMPS,1,1,1,0,1,1,0,,30,0,0,0,0,0,2,2,13
,2017_32964,39.778118,-105.025227,12/4/2017 17:56,17:56,12,0,0,FEDERAL BOULEVARD NORTH & 45TH AVENUE WEST ROAD EAST,1,3,0,0,1,4,0,,35,0,0,0,0,0,2,3,13
,2017_32965,39.778118,-105.025227,12/19/2017 2:54,2:54,9,0,0,FEDERAL BOULEVARD NORTH & 45TH AVENUE WEST,1,3,0,0,2,4,0,,35,0,0,0,0,1,2,1,2
,2017_32966,39.778405,-105.025227,5/3/2017 7:00,7:00,12,0,0,FEDERAL BOULEVARD SOUTHBOUND & 45TH AVENUE WEST,2,1,0,1,1,3,0,,35,0,0,0,0,0,2,2,14
,2017_32967,39.778835,-105.025227,10/9/2017 1:53,1:53,5,0,1,FEDERAL BOULEVARD NORTH & SCOTT PLACE WEST,2,3,0,2,3,4,0,,35,0,0,0,0,2,2,1,13
,2017_32968,39.778978,-105.025227,8/16/2017 12:24,12:24,5,0,0,FEDERAL BOULEVARD & 4518 NORTH FEDERAL BOULEVARD,1,1,1,0,2,4,0,,35,0,0,0,0,1,2,1,10
,2017_32969,39.779121,-105.025227,9/11/2017 7:35,7:35,12,0,0,FEDERAL BOULEVARD & SCOTT PLACE WEST,1,1,0,0,1,4,0,,30,0,0,0,0,0,2,2,12
,2017_32970,39.779408,-105.025227,2/10/2017 15:14,15:14,12,0,0,FEDERAL BOULEVARD NORTH & SCOTT PLACE WEST,1,1,1,0,1,4,0,,35,0,0,0,0,1,2,2,12
,2017_32971,39.780267,-105.025226,1/12/2017 8:09,8:09,3,0,0,46TH AVENUE WEST & FEDERAL BOULEVARD NORTH,1,1,0,0,1,1,0,,35,0,0,0,0,0,2,2,14
,2017_32972,39.780267,-105.025226,3/1/2017 18:41,18:41,12,0,0,FEDERAL BOULEVARD NORTH & 46TH AVENUE WEST,1,3,0,0,1,3,0,,30,0,0,0,0,1,2,2,5
,2017_32973,39.780267,-105.025226,3/20/2017 13:20,13:20,3,0,0,FEDERAL BOULEVARD NORTH & 46TH AVENUE WEST,1,1,0,0,1,1,0,,35,0,0,0,0,0,2,2,13
,2017_32974,39.780267,-105.025226,9/29/2017 20:19,20:19,12,0,0,46TH AVENUE 2900 BLOCK WEST & FEDERAL BOULEVARD NORTH,1,3,0,0,1,4,0,,25,0,0,0,0,0,2,2,5
,2017_32975,39.780267,-105.025226,11/1/2017 15:21,15:21,12,0,0,46TH AVENUE WEST & FEDERAL BOULEVARD NORTH,1,1,0,0,1,4,0,,35,0,0,0,0,0,2,2,13
,2017_32976,39.783848,-105.025224,2/6/2017 23:09,23:09,1,0,0,FEDERAL BOULEVARD NORTH & I70 EASTBOUND RAMPS,1,3,1,0,1,1,0,,40,0,0,0,0,0,2,2,1
,2017_32977,39.783848,-105.025224,6/3/2017 3:20,3:20,3,0,0,FEDERAL BOULEVARD NORTH & I70 EASTBOUND RAMP,1,3,0,0,1,1,0,,35,0,0,0,0,0,2,2,13
,2017_32978,39.783848,-105.025224,6/16/2017 10:50,10:50,1,0,0,FEDERAL BOULEVARD NORTH & I70 EASTBOUND ON RAMP,1,1,1,0,1,1,0,,40,0,0,0,0,0,2,2,14
,2017_32980,39.783848,-105.025224,6/26/2017 13:36,13:36,1,0,0,FEDERAL BOULEVARD NORTH & I70 EASTBOUND RAMPS,1,1,0,0,1,1,0,,35,0,0,0,0,0,2,2,13
,2017_32981,39.7657838,-104.9585056,8/6/2017 23:30,23:30,6,0,0,JOSEPHINE STREET 3500 BLOCK NORTH & 35TH AVENUE EAST,1,3,0,0,1,4,0,,25,0,0,0,0,0,4,2,13
,2017_32982,39.783848,-105.025224,7/6/2017 11:22,11:22,1,0,0,FEDERAL BOULEVARD NORTH & I70 EASTBOUND RAMPS,1,1,0,0,1,3,0,,35,0,0,0,0,1,2,2,14
,2017_32983,39.783848,-105.025224,7/12/2017 11:47,11:47,1,0,1,FEDERAL BOULEVARD NORTH & I70 EASTBOUND RAMPS,1,1,0,0,1,1,0,,35,0,0,0,0,2,2,5,14
,2017_32984,39.783848,-105.025224,7/22/2017 13:42,13:42,3,0,0,FEDERAL BOULEVARD NORTH & I70 EASTBOUND RAMPS,1,1,1,0,1,1,0,,,0,0,0,0,1,2,2,13
,2017_32985,39.783848,-105.025224,8/23/2017 20:38,20:38,1,0,0,FEDERAL BOULEVARD NORTH & I70 EASTBOUND RAMPS,1,3,0,0,1,1,0,,35,0,0,0,0,0,2,2,13
,2017_32986,39.783848,-105.025224,9/5/2017 13:24,13:24,1,0,0,FEDERAL BOULEVARD NORTH & I70 EASTBOUND ON RAMP,1,1,1,0,1,1,0,,35,0,0,0,0,0,2,2,13
,2017_32987,39.783848,-105.025224,9/12/2017 10:09,10:09,1,0,0,FEDERAL BOULEVARD NORTH & I70 EASTBOUND RAMPS,1,1,0,0,1,1,0,,35,0,0,0,0,0,2,2,13
,2017_32988,39.783848,-105.025224,9/13/2017 6:07,6:07,1,0,0,FEDERAL BOULEVARD NORTH & I70 EASTBOUND ON RAMP,1,1,0,0,1,1,0,,35,0,0,0,0,0,2,2,14
,2017_32989,39.783848,-105.025224,11/1/2017 20:14,20:14,1,0,0,FEDERAL BOULEVARD NORTH & I70 EASTBOUND ON RAMP,1,3,0,0,1,1,0,,35,0,0,0,0,1,2,2,13
,2017_32990,39.783848,-105.025224,12/2/2017 13:00,13:00,1,0,0,FEDERAL BOULEVARD NORTH & I70 EASTBOUND RAMP ON,1,1,0,0,1,1,0,,35,0,0,0,0,0,2,2,8
,2017_32991,39.783848,-105.025224,12/27/2017 9:32,9:32,15,0,0,FEDERAL BOULEVARD NORTH & I76 EASTBOUND RAMP OFF,1,1,0,0,1,1,0,,45,0,0,0,0,0,2,2,13
,2017_32992,39.783991,-105.025224,6/23/2017 12:32,12:32,15,0,0,FEDERAL BOULEVARD SOUTH & I70 EASTBOUND RAMPS,1,1,0,0,1,3,0,,35,0,0,0,0,0,2,2,14
,2017_32993,39.783991,-105.025224,8/7/2017 17:11,17:11,1,0,0,FEDERAL BOULEVARD NORTH & I70 EASTBOUND OFF RAMP,2,1,0,1,1,1,0,,20,0,0,0,0,1,2,2,8
,2017_32994,39.783991,-105.025224,10/24/2017 9:31,9:31,12,0,0,FEDERAL BOULEVARD & I70,1,1,0,0,1,3,0,,35,0,0,0,0,1,2,2,14
,2017_32995,39.784421,-105.025224,1/14/2017 10:15,10:15,3,0,0,FEDERAL BOULEVARD 4800 BLOCK NORTH & 49TH AVENUE WEST,1,1,0,0,1,2,0,,35,0,0,0,0,0,2,2,1
,2017_32996,39.784421,-105.025224,3/3/2017 20:28,20:28,12,0,0,FEDERAL BOULEVARD NORTH & I70 WB ON RAMP,1,3,0,0,1,1,0,,35,0,0,0,0,0,2,3,13
,2017_32997,39.784707,-105.025224,2/10/2017 22:47,22:47,3,0,0,FEDERAL BOULEVARD NORTH & I70 WB RAMPS,1,3,0,0,1,1,0,,35,0,0,0,0,0,2,2,13
,2017_32998,39.784707,-105.025224,3/2/2017 14:35,14:35,3,0,0,FEDERAL BOULEVARD NORTH & I70 WB OFF RAMP,1,1,0,0,1,1,0,,65,0,0,0,0,0,2,2,7
,2017_32999,39.784707,-105.025224,3/12/2017 19:25,19:25,1,0,0,FEDERAL BOULEVARD NORTH & I70 WB RAMPS,1,3,0,0,1,1,0,,35,0,0,0,0,0,2,2,13
,2017_33000,39.784707,-105.025224,8/27/2017 15:04,15:04,1,0,0,FEDERAL BOULEVARD NORTH & I70 WB RAMPS,1,1,0,0,1,1,0,,30,0,0,0,0,1,2,2,8
,2017_33001,39.784707,-105.025224,10/21/2017 23:25,23:25,3,0,0,FEDERAL BOULEVARD NORTH & I70 WB OFF RAMP,1,3,0,0,1,1,0,,35,0,0,0,0,0,2,2,3
,2017_33002,39.787424,-105.025217,4/6/2017 14:40,14:40,12,0,0,REGIS BOULEVARD WEST & FEDERAL BOULEVARD NORTH,1,1,0,0,1,3,0,,,0,0,0,0,0,2,2,13
,2017_33003,39.784707,-105.025224,12/7/2017 5:40,5:40,1,0,0,FEDERAL BOULEVARD NORTH & I70 WB RAMPS,1,3,0,0,1,1,0,,35,0,0,0,0,0,2,2,13
,2017_33004,39.784707,-105.025224,12/10/2017 15:56,15:56,1,0,0,FEDERAL BOULEVARD NORTH & I70 WB ON RAMP,1,1,0,0,1,1,0,,35,0,0,0,0,0,2,2,13
,2017_33005,39.784707,-105.025224,12/10/2017 17:35,17:35,1,0,1,FEDERAL BOULEVARD NORTH & I70 WB ON RAMP,1,3,0,0,1,1,0,,35,0,0,0,0,2,2,2,13
,2017_33006,39.784707,-105.025224,12/14/2017 15:38,15:38,1,0,0,FEDERAL BOULEVARD NORTH & I70 WB ON RAMP,1,1,0,0,1,1,0,,35,0,0,0,0,0,2,2,13
,2017_33007,39.784707,-105.025224,12/18/2017 14:20,14:20,3,0,0,FEDERAL BOULEVARD NORTH & I70 WB OFF RAMP,1,1,0,0,1,1,0,,35,0,0,0,0,0,2,2,13
,2017_33008,39.785567,-105.025223,3/13/2017 14:52,14:52,3,0,0,49TH AVENUE WEST & FEDERAL BOULEVARD NORTH,1,1,0,0,1,1,0,,,0,0,0,0,0,2,2,13
,2017_33009,39.785567,-105.025223,9/19/2017 17:55,17:55,12,0,0,FEDERAL BOULEVARD NORTH & 49TH AVENUE WEST,1,1,0,0,1,4,0,,35,0,0,0,0,0,2,2,13
,2017_33010,39.78571,-105.025223,2/10/2017 19:20,19:20,3,0,0,FEDERAL BOULEVARD NORTH & 49TH AVENUE WEST,1,3,0,0,1,1,0,,25,0,0,0,0,0,2,2,13
,2017_33012,39.78571,-105.025223,2/16/2017 7:32,7:32,12,0,0,FEDERAL BOULEVARD NORTH & 49TH AVENUE WEST,1,1,0,0,1,3,0,,35,0,0,0,0,0,2,2,14
,2017_33013,39.78571,-105.025223,2/21/2017 20:22,20:22,3,0,0,49TH AVENUE WEST & FEDERAL BOULEVARD NORTH,1,3,0,0,1,1,0,,35,0,0,0,0,0,2,2,13
,2017_33014,39.78571,-105.025223,4/27/2017 18:39,18:39,15,0,0,FEDERAL BOULEVARD NORTH & 49TH AVENUE WEST,1,1,0,0,1,1,0,,35,0,0,0,0,0,2,2,3
,2017_33015,39.78571,-105.025223,6/23/2017 18:02,18:02,1,0,1,FEDERAL BOULEVARD NORTH & 49TH AVENUE WEST,1,1,1,0,1,1,0,,40,0,0,0,1,2,2,2,1
,2017_33016,39.78571,-105.025223,7/13/2017 13:30,13:30,3,0,0,49TH AVENUE WEST & FEDERAL BOULEVARD NORTH,1,1,1,0,1,1,0,,35,0,0,0,0,0,2,2,13
,2017_33017,39.78571,-105.025223,9/11/2017 15:15,15:15,12,0,0,FEDERAL BOULEVARD NORTH & 49TH AVENUE WEST,1,1,0,0,1,1,0,,35,0,0,0,0,0,2,2,13
,2017_33018,39.78571,-105.025223,9/16/2017 17:39,17:39,3,0,0,FEDERAL BOULEVARD NORTH & 49TH AVENUE WEST,1,1,0,0,1,1,0,,25,0,0,0,0,1,2,2,13
,2017_33019,39.78571,-105.025223,9/21/2017 8:19,8:19,15,0,0,49TH AVENUE WEST & FEDERAL BOULEVARD NORTH,1,1,1,0,1,1,0,,35,0,0,0,0,0,2,2,13
,2017_33020,39.78571,-105.025223,11/8/2017 9:32,9:32,1,0,0,FEDERAL BOULEVARD NORTH & 49TH AVENUE WEST,1,1,0,0,1,1,0,,35,0,0,0,0,0,2,2,14
,2017_33022,39.78571,-105.025223,11/22/2017 7:24,7:24,3,0,0,49TH AVENUE WEST & FEDERAL BOULEVARD NORTH,1,1,0,0,1,1,0,,35,0,0,0,0,0,2,2,14
,2017_33023,39.785997,-105.025223,11/29/2017 12:07,12:07,12,0,0,FEDERAL BOULEVARD NORTH & 49TH AVENUE WEST,1,1,0,0,1,2,0,,35,0,0,0,0,0,2,2,13
,2017_33024,39.78614,-105.025223,8/23/2017 17:05,17:05,3,0,0,FEDERAL BOULEVARD 4900 BLOCK NORTH & 49TH AVENUE WEST,1,1,0,0,1,2,0,,35,0,0,0,0,1,2,2,13
,2017_33025,39.786856,-105.025222,5/11/2017 13:45,13:45,12,0,0,FEDERAL BOULEVARD & 4900 BLOCK NORTH,1,1,1,0,1,4,0,,35,0,0,0,0,0,2,2,13
,2017_33026,39.787282,-105.025218,5/28/2017 13:35,13:35,12,0,0,FEDERAL BOULEVARD NORTH & 50TH AVENUE WEST,1,1,0,0,1,4,0,,35,0,0,0,0,1,2,2,7
,2017_33027,39.787282,-105.025218,6/30/2017 13:00,13:00,3,0,0,FEDERAL BOULEVARD 4900 BLOCK NORTH & 50TH AVENUE WEST,1,1,0,0,1,2,0,,35,0,0,0,0,0,2,2,13
,2017_33028,39.787424,-105.025217,1/9/2017 10:52,10:52,3,0,0,REGIS BOULEVARD WEST & FEDERAL BOULEVARD NORTH,1,1,0,0,1,1,0,,35,0,0,0,0,1,2,2,14
,2017_33029,39.787424,-105.025217,5/9/2017 22:06,22:06,1,0,0,FEDERAL BOULEVARD NORTH & 50TH AVENUE WEST,1,3,0,0,1,1,0,,35,0,0,0,0,0,2,2,13
,2017_33030,39.787424,-105.025217,5/18/2017 18:20,18:20,12,0,0,FEDERAL BOULEVARD NORTH & 50TH AVENUE WEST,2,1,0,1,1,3,0,,35,0,0,0,0,1,2,2,13
,2017_33031,39.787424,-105.025217,5/21/2017 11:05,11:05,3,0,1,FEDERAL BOULEVARD NORTH & REGIS BOULEVARD WEST,1,1,0,0,1,1,0,,35,0,0,0,0,2,2,2,13
,2017_33032,39.787424,-105.025217,8/5/2017 0:12,0:12,12,0,0,FEDERAL BOULEVARD NORTH & REGIS BOULEVARD WEST,1,3,0,0,1,3,0,,35,0,0,0,0,0,2,2,5
,2017_33034,39.787424,-105.025217,8/19/2017 16:36,16:36,12,0,0,FEDERAL BOULEVARD 5000 BLOCK NORTH & 50TH AVENUE WEST,1,1,0,0,1,3,0,,,0,0,0,0,1,2,2,13
,2017_33035,39.787424,-105.025217,8/27/2017 14:45,14:45,12,0,0,FEDERAL BOULEVARD NORTH & REGIS BOULEVARD WEST,1,1,0,0,1,3,0,,,0,0,0,0,1,2,2,13
,2017_33036,39.787424,-105.025217,11/19/2017 18:42,18:42,3,0,0,FEDERAL BOULEVARD NORTH & REGIS BOULEVARD WEST,1,3,0,0,1,1,0,,30,0,0,0,0,0,2,2,7
,2017_33037,39.787424,-105.025217,11/20/2017 16:11,16:11,3,0,0,REGIS BOULEVARD WEST & FEDERAL BOULEVARD NORTH,1,2,0,0,1,1,0,,30,0,0,0,0,1,2,2,13
,2017_33038,39.787424,-105.025217,11/24/2017 19:30,19:30,15,0,0,FEDERAL BOULEVARD NORTH & 50TH AVENUE WEST,1,3,0,0,1,3,0,,35,0,0,0,0,0,2,2,13
,2017_33039,39.787566,-105.025215,3/10/2017 15:03,15:03,15,0,0,FEDERAL BOULEVARD NORTH & 50TH AVENUE WEST,1,1,0,0,1,4,0,,35,0,0,0,0,0,2,2,13
,2017_33040,39.787566,-105.025215,6/13/2017 7:10,7:10,12,0,0,FEDERAL BOULEVARD & 50TH AVENUE WEST,1,1,0,0,1,4,0,,25,0,0,0,0,0,2,2,3
,2017_33041,39.787566,-105.025215,9/15/2017 21:30,21:30,12,0,0,FEDERAL BOULEVARD NORTH & 50TH AVENUE WEST,1,3,0,0,1,3,0,,35,0,0,0,0,0,2,2,7
,2017_33042,39.789129,-105.0252,1/22/2017 14:22,14:22,12,0,0,FEDERAL BOULEVARD 5000 BLOCK NORTH & 51ST AVENUE WEST,1,1,0,0,1,2,0,,35,0,0,0,0,1,2,2,1
,2017_33043,39.789272,-105.025199,6/8/2017 9:32,9:32,12,0,0,51ST AVENUE WEST & FEDERAL BOULEVARD NORTH,1,1,0,0,1,3,0,,25,0,0,0,0,0,2,2,13
,2017_33044,39.789272,-105.025199,6/8/2017 18:40,18:40,1,0,0,FEDERAL BOULEVARD NORTH & 51ST AVENUE WEST,1,1,0,0,1,1,0,,35,0,0,0,0,0,2,2,13
,2017_33045,39.789272,-105.025199,9/27/2017 8:00,8:00,1,0,0,FEDERAL BOULEVARD NORTH & 51ST AVENUE WEST,2,1,0,1,1,1,0,,35,0,0,0,0,0,2,2,13
,2017_33047,39.789272,-105.025199,11/20/2017 17:17,17:17,15,0,0,FEDERAL BOULEVARD NORTH & 51ST AVENUE WEST,1,3,0,0,1,3,0,,35,0,0,0,0,0,2,2,13
,2017_33048,39.789414,-105.025197,1/11/2017 15:11,15:11,12,0,0,FEDERAL BOULEVARD 5100 BLOCK NORTH & 51ST AVENUE WEST,1,1,0,0,1,4,0,,30,0,0,0,0,0,2,2,1
,2017_33049,39.789556,-105.025196,10/30/2017 18:14,18:14,15,0,0,FEDERAL BOULEVARD 5100 BLOCK NORTH & 51ST AVENUE WEST,1,3,0,0,1,2,0,,35,0,0,0,0,0,2,2,13
,2017_33050,39.790835,-105.025183,7/1/2017 20:29,20:29,12,0,0,FEDERAL BOULEVARD & 52ND AVENUE WEST,1,3,0,0,1,4,0,,35,0,0,0,0,0,2,2,13
,2017_33052,39.791145,-105.02518,5/3/2017 6:42,6:42,1,0,0,HIGHWAY 287 & I76 WB,2,2,0,1,1,2,0,,45,0,0,0,0,0,2,2,13
,2017_33068,39.706497,-104.885694,9/11/2017 13:43,13:43,6,0,0,FAIRMONT DRIVE EAST & XENIA STREET SOUTH,1,4,0,0,1,4,0,,,0,0,0,0,0,4,3,13
,2017_33204,39.75498,-104.995143,10/1/2017 21:36,21:36,3,0,0,20TH STREET & WAZEE STREET,2,3,1,1,1,1,0,,30,0,0,0,0,0,4,2,7
,2017_33447,39.75669,-104.9998815,2/6/2017 9:30,9:30,6,0,0,19TH STREET 2000 BLOCK & CHESTNUT STREET,1,1,0,0,1,4,0,,20,0,0,0,0,0,4,2,1
,2017_33517,39.740346,-105.0452055,6/5/2017 9:00,9:00,6,0,0,UTICA STREET NORTH & COLFAX AVENUE WEST,1,1,0,0,1,4,0,,30,0,0,0,0,0,4,2,13
,2017_33540,39.76700738,-104.9585141,2/27/2017 17:22,17:22,6,0,0,JOSEPHINE STREET 3600 BLOCK NORTH & 37TH AVENUE EAST,1,1,0,0,1,4,0,,25,0,0,0,0,0,4,2,8
,2017_33566,39.676662,-104.9710725,1/8/2017 22:01,22:01,5,0,0,LAFAYETTE STREET SOUTH & WARREN AVENUE EAST,5,3,0,7,3,1,0,,25,0,0,0,0,0,4,1,16
,2017_33890,39.748185,-104.9864445,1/6/2017 9:50,9:50,15,0,0,20TH STREET & WELTON STREET,5,1,0,0,1,1,0,,25,0,0,0,0,0,4,2,13
,2017_33971,39.748185,-104.9864445,9/12/2017 22:37,22:37,5,0,0,20TH STREET & WELTON STREET,1,3,0,0,3,3,0,,35,0,0,0,0,1,4,1,5
,2017_34054,39.678444,-104.9579415,6/6/2017 15:50,15:50,3,0,0,JOSEPHINE STREET SOUTH & EVANS AVENUE EAST,1,1,0,0,1,1,0,,,0,0,0,0,0,4,2,13
,2017_34179,39.716568,-105.000192,8/21/2017 14:00,14:00,5,0,0,KALAMATH STREET NORTH & KALAMATH STREET 650 NORTH,1,1,0,0,1,5,0,,15,0,0,0,0,0,4,1,8
,2017_34468,39.631722,-104.904971,11/7/2017 1:36,1:36,5,0,0,I225 EASTBOUND DIR CONNECT & I25 NORTHBOUND / BELLEVIEW Y CONNECT,2,3,0,1,2,4,0,,50,0,0,0,0,0,1,1,14
,2017_34506,39.78774739,-105.0004787,3/27/2017 18:37,18:37,6,0,0,KALAMATH STREET & 4000 BLOCK NORTH,2,2,1,1,1,4,0,,30,0,0,0,0,0,4,2,1
,2017_34547,39.63556,-104.89332,10/15/2017 2:00,2:00,5,0,0,I225 & TAMARAC STREET,1,3,0,0,3,4,0,,55,0,0,0,0,0,1,1,5
,2017_34676,39.75705,-104.992893,8/17/2017 15:44,15:44,15,0,0,22ND STREET & WAZEE STREET,1,1,1,0,1,1,0,,25,0,0,0,0,0,4,2,14
,2017_34981,39.72627,-105.0002055,1/16/2017 8:06,8:06,5,0,0,KALAMATH STREET NORTH & SIXTH AVENUE WEST,4,1,0,2,3,1,0,,25,0,0,0,0,0,4,1,13
,2017_35211,39.72411,-105.000192,1/29/2017 13:10,13:10,10,0,0,KALAMATH STREET NORTH & FIFTH AVENUE WEST,1,1,0,0,1,1,0,,35,0,0,0,0,0,4,2,13
,2017_35277,39.72627,-105.0002055,1/31/2017 16:33,16:33,15,0,0,KALAMATH STREET NORTH & SIXTH AVENUE WEST,1,1,0,0,1,1,0,,30,0,0,0,0,0,4,2,14
,2017_35510,39.834134,-104.746852,3/16/2017 0:13,0:13,5,0,0,PENA BOULEVARD & E470,1,3,0,0,2,4,0,,65,0,0,0,0,0,2,1,8
,2017_35562,39.827613,-104.747594,3/29/2017 1:42,1:42,6,0,0,E470 WB RAMP ON & MM 27.4 APPROXIMATELY,2,4,0,1,1,8,0,,65,0,0,0,0,0,2,2,13
,2017_35563,39.833251,-104.746862,4/9/2017 10:29,10:29,9,0,0,E470 NORTHBOUND OFF RAMP & PENA BOULEVARD,1,1,0,0,1,8,0,,60,0,0,0,0,0,2,1,3