id,drcog_id,latitude,longitude,crashtime,time,crashtype,numbkilled,numbinjurd,drcoglocat,rdconditin,lightngcon,roadcntgrd,weatherco,location,roaddescrp,constrzone,schoolzone,splimit,bikeinv,pedinv,sctrinv,motoinv,svrty,rdsystem,ttlvehcls,hcf
,2017_35564,39.833987,-104.746853,9/3/2017 15:42,15:42,9,0,0,E470 NORTHBOUND ON RAMP & PENA BOULEVARD,1,1,0,0,2,8,0,,30,0,0,0,0,1,2,1,7
,2017_35565,39.834134,-104.746852,5/20/2017 14:06,14:06,5,0,1,PENA BOULEVARD 21700 BLOCK & E470,1,1,0,0,2,4,0,,55,0,0,0,0,2,2,1,1
,2017_35566,39.834134,-104.746852,12/17/2017 16:30,16:30,5,0,0,PENA BOULEVARD 7500 BLOCK & E470,1,1,0,0,3,4,0,,65,0,0,0,0,0,2,1,14
,2017_35567,39.83487,-104.746844,9/20/2017 5:20,5:20,5,0,0,HIGHWAY 470 NORTHBOUND & PENA BOULEVARD INTERCHANGE,1,3,0,0,2,4,0,,75,0,0,0,0,0,2,1,2
,2017_35568,39.835459,-104.746837,6/15/2017 14:55,14:55,5,0,0,E470 7700 BLOCK NORTHBOUND & PENA BOULEVARD,1,1,0,1,2,4,0,,75,0,0,0,0,0,2,1,7
,2017_35569,39.835753,-104.746834,9/2/2017 3:27,3:27,5,0,0,PENA BOULEVARD & E470,1,3,0,0,2,4,0,,65,0,0,0,0,0,2,1,2
,2017_35570,39.836342,-104.746827,2/23/2017 7:55,7:55,12,0,0,E470 & PENA BOULEVARD,1,1,0,0,1,4,0,,75,0,0,0,0,0,2,2,13
,2017_35571,39.836456,-104.74615,6/23/2017 15:50,15:50,5,0,0,E470 NORTHBOUND RAMP OFF & PENA BOULEVARD APPROXIMATELY,1,1,0,0,2,8,0,,50,0,0,0,0,0,2,1,8
,2017_35572,39.837815,-104.746811,6/15/2017 16:30,16:30,6,0,0,E470 & MM 28,1,1,0,0,1,4,0,,75,0,0,0,1,0,2,2,3
,2017_35574,39.842526,-104.746759,4/27/2017 14:20,14:20,5,0,0,HIGHWAY 470 NORTHBOUND ON RAMP MERGE LANE & PENA BOULEVARD RAMP OFF GORE,1,1,0,0,1,4,0,,75,0,0,0,0,0,2,2,13
,2017_35575,39.843998,-104.746743,3/3/2017 20:16,20:16,12,0,0,E470 SOUTHBOUND OFF RAMP & PENA BOULEVARD,1,3,3,0,1,8,0,,50,0,0,0,0,0,2,2,14
,2017_35576,39.843704,-104.746746,3/7/2017 16:35,16:35,12,0,0,E470 & MM 28.5,1,1,1,0,1,4,0,,75,0,0,0,0,0,2,2,13
,2017_35606,39.73666628,-105.0280289,9/28/2017 1:41,1:41,6,0,0,AVONDALE DRIVE & 3200 BLOCK WEST,2,3,0,1,1,4,0,,,0,0,0,0,0,4,3,13
,2017_35664,39.840118,-104.67185,2/19/2017 13:10,13:10,15,0,0,PENA BOULEVARD 8200 BLOCK & SPLIT TO TERMINAL EAST / WEST,1,1,0,0,1,4,0,,45,0,0,0,0,0,4,2,8
,2017_35665,39.823342,-104.695015,3/7/2017 11:25,11:25,9,0,1,JACKSON GAP STREET 7000 BLOCK & JACKSON GAP ROAD APPROXIMATELY,1,1,0,6,3,4,0,,40,0,0,0,0,2,4,1,13
,2017_35666,39.750996,-104.986576,6/13/2017 15:25,15:25,6,0,0,STOUT STREET & 21ST STREET,1,1,0,0,1,5,0,,25,0,0,0,0,0,4,2,7
,2017_35667,39.761407,-104.984298,6/23/2017 0:36,0:36,6,0,0,28TH STREET & BLAKE / WALNUT ALLEY,1,3,0,0,1,4,0,,30,0,0,0,0,0,4,2,5
,2017_35668,39.776641,-104.97902,7/6/2017 14:10,14:10,5,0,1,WASHINGTON STREET 4400 BLOCK NORTH & 45TH AVENUE WEST,1,1,1,0,1,4,0,,35,0,0,0,0,2,4,1,13
,2017_35669,39.83818,-104.716322,7/8/2017 5:19,5:19,15,0,0,78TH AVENUE & GUN CLUB ROAD,1,2,0,0,1,2,0,,45,0,0,0,0,0,4,2,12
,2017_35671,39.778066,-104.989183,7/22/2017 3:05,3:05,5,0,0,I25 NORTHBOUND SPLIT RAMP FROM & I70,1,3,0,0,2,8,0,,,0,0,0,0,0,1,1,13
,2017_35741,39.678696,-105.015681,11/1/2017 6:19,6:19,15,0,0,ZUNI STREET SOUTH & EVANS AVENUE WEST,1,4,0,0,1,1,0,,30,0,0,0,0,0,4,2,13
,2017_35749,39.756411,-104.987421,1/12/2017 9:45,9:45,15,0,0,24TH STREET & BROADWAY STREET NORTH,1,1,0,0,1,1,0,,60,0,0,0,0,0,4,2,8
,2017_35791,39.753999,-104.9842935,3/16/2017 14:00,14:00,6,0,0,24TH STREET 900 BLOCK & CHAMPA STREET,1,1,0,0,1,4,0,,25,0,0,0,0,0,4,2,13
,2017_35812,39.678678,-105.01335,12/20/2017 13:42,13:42,12,0,0,EVANS AVENUE WEST & VALLEJO STREET SOUTH,1,1,1,0,1,2,0,,35,0,0,0,0,0,4,2,13
,2017_35841,39.763944,-105.0393105,10/21/2017 17:58,17:58,6,0,0,PERRY STREET NORTH & 33RD AVENUE WEST,1,1,0,0,1,4,0,,,0,0,0,0,0,4,2,13
,2017_35922,39.667716,-104.9828625,3/13/2017 7:02,7:02,8,0,0,LOGAN STREET SOUTH & YALE AVENUE EAST,1,1,0,0,1,1,0,,,0,0,0,0,0,4,2,13
,2017_35983,39.755988,-104.9868855,4/26/2017 14:34,14:34,6,0,0,24TH STREET 1200 BLOCK & LAWRENCE STREET,1,1,0,0,1,4,0,,20,0,0,0,0,0,4,2,13
,2017_36091,39.725604,-104.949783,12/6/2017 8:00,8:00,6,0,0,STEELE STREET NORTH & SIXTH AVENUE EAST,1,3,0,0,1,4,0,,,0,0,0,0,0,4,2,13
,2017_36239,39.653153,-105.063015,12/27/2017 21:44,21:44,5,0,0,HAMPDEN AVENUE WEST & WADSWORTH BOULEVARD SOUTH,1,4,0,0,2,4,0,,55,0,0,0,0,0,2,1,1
,2017_36572,39.772008,-104.969691,6/1/2017 16:15,16:15,6,0,0,40TH STREET & WALNUT STREET,1,1,0,0,1,1,0,,,0,0,0,0,0,4,2,13
,2017_36584,39.755988,-104.9868855,6/5/2017 8:27,8:27,3,0,0,24TH STREET & LAWRENCE STREET,1,1,0,0,1,1,0,,25,0,0,0,0,0,4,2,13
,2017_36670,39.624192,-104.8853295,11/3/2017 8:55,8:55,3,0,0,BELLEVIEW AVENUE EAST & 8900 EAST / YOSEMITE STREET SOUTH,1,1,0,0,1,1,0,,35,0,0,0,0,0,4,2,13
,2017_36770,39.727314,-105.0002235,7/17/2017 10:53,10:53,3,0,0,KALAMATH STREET NORTH & SEVENTH AVENUE WEST,1,1,1,0,1,1,0,,30,0,0,0,0,0,4,2,13
,2017_37047,39.754549,-105.02513,10/10/2017 17:24,17:24,12,0,0,26TH AVENUE WEST & FEDERAL BOULEVARD NORTH,1,1,1,0,1,3,0,,,0,0,0,0,0,2,2,13
,2017_37223,39.782846,-105.025225,9/29/2017 15:35,15:35,12,0,0,FEDERAL BOULEVARD NORTH & 47TH AVENUE WEST,1,1,0,0,1,3,0,,,0,0,0,0,0,2,2,13
,2017_37290,39.733677,-105.0001605,4/3/2017 0:15,0:15,6,0,0,KALAMATH STREET NORTH & 11TH AVENUE WEST,1,3,0,0,1,4,0,,30,0,0,0,0,0,4,4,5
,2017_37784,39.663324,-105.0672915,1/3/2017 18:40,18:40,6,0,0,LAMAR STREET SOUTH & BROWN PLACE WEST,1,3,0,0,1,4,0,,25,0,0,0,0,1,4,2,2
,2017_37805,39.680289,-104.987583,3/4/2017 22:49,22:49,5,0,0,BROADWAY STREET SOUTH & ASBURY AVENUE WEST,1,3,0,0,3,3,0,,35,0,0,0,0,0,4,1,1
,2017_37851,39.738456,-105.0001605,8/13/2017 15:46,15:46,12,0,0,KALAMATH STREET NORTH & 14TH AVENUE WEST,1,1,0,0,1,4,0,,30,0,0,0,0,0,4,2,13
,2017_37988,39.624192,-105.0945435,12/10/2017 15:31,15:31,12,0,0,BELLEVIEW AVENUE WEST & DUDLEY STREET SOUTH,1,1,0,0,1,3,0,,40,0,0,0,0,0,4,2,3
,2017_38175,39.624192,-105.0945435,3/25/2017 16:59,16:59,15,0,0,BELLEVIEW AVENUE & DUDLEY STREET SOUTH,1,1,0,0,1,4,0,,,0,0,0,0,0,4,2,13
,2017_38176,39.624192,-105.0945435,5/24/2017 18:30,18:30,12,0,0,BELLEVIEW AVENUE WEST & DUDLEY STREET SOUTH,1,1,1,0,1,3,0,,40,0,0,0,0,0,4,2,14
,2017_38263,39.768048,-105.0005745,1/30/2017 11:20,11:20,6,0,0,KALAMATH STREET 3706 NORTH & 37TH AVENUE WEST,1,1,0,0,1,1,0,,60,0,0,0,0,0,4,2,14
,2017_38378,39.667779,-105.0601365,1/16/2017 9:49,9:49,5,0,0,YALE AVENUE WEST & FENTON COURT SOUTH,4,1,1,2,3,4,0,,35,0,0,0,0,0,4,1,7
,2017_38413,39.754512,-104.980113,1/13/2017 15:58,15:58,3,0,0,26TH STREET & CALIFORNIA STREET,1,1,0,0,1,1,0,,30,0,0,0,0,0,4,2,13
,2017_38789,39.754818,-105.020514,2/15/2017 21:30,21:30,3,0,0,26TH AVENUE WEST & CLAY STREET NORTH,1,3,0,0,1,1,0,,30,0,0,0,0,0,4,2,13
,2017_38854,39.766266,-104.973633,7/25/2017 8:53,8:53,3,0,0,35TH STREET & LAWRENCE STREET,1,1,1,0,1,1,0,,25,0,0,0,0,0,4,2,13
,2017_38962,39.70206,-105.023844,3/1/2017 21:40,21:40,6,0,0,OHIO AVENUE WEST & ELIOT STREET SOUTH,1,3,0,0,1,4,0,,,0,0,0,0,0,4,2,13
,2017_39539,39.673026,-104.961744,5/6/2017 18:26,18:26,6,0,0,WESLEY AVENUE 2200 BLOCK EAST & GAYLORD STREET SOUTH,1,1,1,0,1,4,0,,,0,0,0,0,0,4,2,13
,2017_39701,39.70035,-105.034491,3/4/2017 17:10,17:10,3,0,0,LOWELL BOULEVARD SOUTH & KENTUCKY AVENUE WEST,1,1,0,0,1,1,0,,25,0,0,0,0,1,4,2,13
,2017_39960,39.763953,-105.036984,5/22/2017 16:00,16:00,6,0,0,33RD AVENUE WEST & NEWTON STREET NORTH,2,4,0,1,1,4,0,,,0,0,0,0,0,4,2,13
,2017_40001,39.75639416,-104.933911,8/4/2017 12:15,12:15,6,0,0,CHERRY STREET & 1400 BLOCK NORTH,1,1,0,0,1,4,0,,,0,0,0,0,0,4,2,13
,2017_40259,39.772962,-104.975442,1/8/2017 8:49,8:49,12,0,0,38TH STREET & BRIGHTON BOULEVARD NORTH,2,1,0,0,1,1,0,,30,0,0,0,0,0,4,2,1
,2017_40630,39.7225973,-104.9052039,7/26/2017 6:05,6:05,12,0,0,POPLAR STREET 400 & FIFTH STREET NORTH,1,1,0,0,1,4,0,,30,0,0,0,0,0,4,2,13
,2017_41140,39.706497,-104.885694,9/9/2017 17:30,17:30,6,0,0,FARIMOUNT DRIVE EAST & XENIA STREET SOUTH,1,1,0,0,1,4,0,,25,0,0,0,0,0,4,2,13
,2017_41874,39.64891913,-105.0346473,10/10/2017 7:45,7:45,3,0,0,LOWELL BOULEVARD SOUTH & 3600 SOUTH,1,1,0,0,1,1,0,,25,0,0,0,0,0,4,2,14
,2017_41875,39.64891913,-105.0346473,11/12/2017 6:40,6:40,6,0,0,LOWELL BOULEVARD SOUTH & 3600 SOUTH,1,1,0,0,1,4,0,,30,0,0,0,0,0,4,2,14
,2017_42196,39.772962,-104.975442,4/5/2017 11:43,11:43,15,0,0,38TH STREET 1800 BLOCK & BRIGHTON BOULEVARD NORTH,1,1,0,0,1,4,0,,30,0,0,0,0,0,4,2,13
,2017_42280,39.741957,-104.950026,12/15/2017 8:50,8:50,6,0,0,16TH AVENUE 3200 BLOCK EAST & STEELE STREET NORTH,1,1,0,0,1,4,1,,25,0,0,0,0,0,4,2,13
,2017_42409,39.78166604,-104.9269824,3/2/2017 19:15,19:15,6,0,0,FOREST STREET & 3600 BLOCK NORTH,1,4,0,0,1,4,0,,25,0,0,0,0,0,4,3,13
,2017_42622,39.677769,-105.0346755,6/25/2017 15:56,15:56,12,0,0,LOWELL BOULEVARD 2200 BLOCK SOUTH & WARREN AVENUE WEST,1,1,0,0,1,2,0,,35,0,0,0,0,0,4,2,13
,2017_43053,39.7516125,-105.0028998,9/13/2017 16:00,16:00,6,0,0,WEWATTA ST1500 BLOCK & 15TH STREET,1,1,0,0,1,4,0,,,0,0,0,0,0,4,2,13
,2017_43760,39.707217,-104.8683015,8/30/2017 11:29,11:29,6,0,0,GALENA WAY 500 BLOCK SOUTH & VIRGINIA AVENUE EAST,1,3,0,0,1,4,0,,,0,0,0,0,0,4,2,13
,2017_44169,39.735612,-104.891913,5/29/2017 9:44,9:44,5,0,0,12TH AVENUE EAST & VALENTIA STREET NORTH,1,3,1,0,4,2,0,,25,0,0,0,0,0,4,1,5
,2017_44170,39.787398,-105.062553,7/29/2017 19:30,19:30,6,0,0,HARLAN STREET & WEST 50TH AVENUE,1,1,1,0,1,3,0,,25,0,0,0,0,0,4,2,10
,2017_44324,39.77655793,-105.0503981,4/13/2017 11:34,11:34,3,0,0,44TH AVENUE WEST & 7500 BLOCK,1,1,0,0,1,2,0,,35,0,0,0,0,0,4,2,13
,2017_44405,39.71842293,-105.020424,9/16/2017 4:52,4:52,6,0,0,CLAY STREET & 821 SOUTH,1,3,0,0,1,4,0,,,0,0,0,0,0,4,3,13
,2017_44443,39.63799513,-104.9126831,3/6/2017 13:34,13:34,12,0,0,MONACO STREET 1300 BLOCK SOUTH & CHERRY COUNTY ROAD NORTH DRIVE,1,1,0,6,1,3,0,,35,0,0,0,0,0,4,2,16
,2017_44445,39.73851768,-104.9969761,8/30/2017 9:15,9:15,15,0,0,SPEER BOULEVARD 2000 BLOCK NORTH & ELTICH COUNTY ROAD,1,1,1,0,1,4,0,,35,0,0,0,0,0,4,2,1
,2017_44508,39.66777,-105.0629715,2/2/2017 6:11,6:11,6,0,0,YALE AVENUE WEST & JOSLIN COURT SOUTH,5,3,1,4,1,3,0,,,0,0,0,0,0,4,3,13
,2017_44512,39.77097893,-105.0451493,3/18/2017 22:52,22:52,6,0,0,UTICA STREET & 700 BLOCK SOUTH,1,3,0,0,1,4,0,,25,0,0,0,0,0,4,2,13
,2017_44533,39.684114,-105.0180255,5/20/2017 1:40,1:40,6,0,0,BRYANT STREET 1824 SOUTH & COLORADO AVENUE WEST,1,3,1,0,1,4,0,,25,0,0,0,0,0,4,2,13
,2017_44534,39.717819,-104.9485815,5/30/2017 15:40,15:40,6,0,0,ADAMS STREET & FIRST AVENUE EAST,1,1,0,0,1,4,0,,,0,0,0,0,0,4,2,13
,2017_44535,39.665322,-105.025122,6/4/2017 20:49,20:49,6,0,0,AMHERST AVENUE WEST & FEDERAL BOULEVARD SOUTH,1,3,0,0,1,4,0,,,0,0,0,0,0,4,2,13
,2017_44539,39.77829,-104.903604,3/17/2017 23:45,23:45,9,0,1,I70 EASTBOUND OFF RAMP & QUEBEC STREET NORTH,1,3,0,0,2,8,0,,55,0,0,0,1,2,1,1,1
,2017_44553,39.732093,-104.9916026,1/20/2017 10:55,10:55,6,0,0,CHEROKEE STREET 1000 BLOCK NORTH & 10TH AVENUE WEST,1,1,0,0,1,1,0,,30,0,0,0,0,0,4,2,13
,2017_44554,39.660057,-105.0481125,2/14/2017 23:00,23:00,5,0,0,WINONA COURT & CORNELL AVENUE WEST,1,4,0,0,3,4,0,,35,0,0,0,0,0,4,1,13
,2017_44555,39.79017,-104.8590675,5/8/2017 16:00,16:00,6,0,0,KINGSTON STREET NORTH & 51ST AVENUE EAST,6,1,0,2,1,4,0,,25,0,0,0,0,0,4,2,13
,2017_44556,39.66040628,-104.9660054,5/13/2017 0:00,0:00,6,0,0,3100 BLOCK & DARTMOUTH AVENUE EAST,1,3,1,0,1,4,0,,,0,0,0,0,0,4,2,13
,2017_44557,39.740337,-105.0251535,10/26/2017 17:30,17:30,15,0,1,FEDERAL BOULEVARD NORTH & COLFAX AVENUE WEST EASTBOUND OFF RAMP B,2,2,1,2,1,4,0,,35,0,0,0,0,1,2,5,1
,2017_44558,39.687678,-105.0250635,8/28/2017 18:04,18:04,12,0,0,FEDERAL BOULEVARD SOUTH & IOWA AVENUE WEST,1,1,1,0,1,1,0,,40,0,0,0,0,0,2,2,8
,2017_44559,39.676752,-105.0250545,9/29/2017 18:28,18:28,12,0,2,FEDERAL BOULEVARD SOUTH & WARREN AVENUE WEST,1,3,1,0,1,3,0,,40,0,0,0,0,1,2,4,1
,2017_44560,39.706425,-105.007842,6/26/2017 18:25,18:25,6,0,0,QUIETO STREET SOUTH & QUIVAS STREET SOUTH,1,1,0,0,1,2,0,,25,0,0,0,0,0,4,2,1
,2017_44561,39.705714,-104.9792715,12/21/2017 11:45,11:45,5,0,0,WASHINGTON STREET SOUTH & CENTER AVENUE EAST,5,1,0,2,3,1,0,,25,0,0,0,0,0,4,1,16
,2017_44562,39.733074,-105.048702,8/15/2017 20:28,20:28,5,0,0,10TH AVENUE 4743 WEST & WOLFF STREET NORTH,1,3,0,0,5,3,0,,30,0,0,0,0,1,3,1,5
,2017_44565,39.7797997,-104.9672242,12/15/2017 11:02,11:02,10,0,0,BRIGHTON BOULEVARD & I70 WB OFF RAMP,1,1,0,0,1,1,0,,25,0,0,0,0,0,2,2,13
,2017_44589,39.740022,-104.9810715,6/12/2017 15:21,15:21,6,0,0,PENNSYLVANIA STREET & COLFAX AVENUE EAST,1,1,0,0,1,4,0,,,0,0,0,0,0,4,2,13
,2017_44885,39.709107,-104.996502,1/25/2017 12:00,12:00,3,0,0,KALAMATH STREET 600 BLOCK NORTH & SANTA FE DRIVE  NORTH,1,1,0,0,1,5,0,,10,0,0,0,1,0,4,2,13
,2017_44968,39.66768,-105.0349725,1/25/2017 6:21,6:21,12,0,0,LOWELL BOULEVARD SOUTH & YALE AVENUE WEST,1,3,0,7,1,3,0,,60,0,0,0,0,0,4,2,16
,2017_45008,39.783149,-105.006371,11/22/2017 12:20,12:20,5,0,0,I70 & PECOS STREET NORTH,1,1,1,0,3,4,0,,55,0,0,0,0,0,1,1,14
,2017_45136,39.72393,-104.8839413,12/30/2017 2:53,2:53,5,0,0,YOSEMITE STREET NORTH & LOWRY BOULEVARD EAST ROUNDABOUT,1,3,0,0,3,6,0,,,0,0,0,0,0,4,1,13
,2017_45183,39.674745,-104.8740345,3/11/2017 11:45,11:45,12,0,0,ILIFF AVENUE EAST & EMPORIA STREET SOUTH,1,1,1,0,1,3,0,,25,0,0,0,0,0,4,2,13
,2017_45221,39.65697,-105.0298065,1/17/2017 9:00,9:00,3,0,0,IRVING STREET & FLOYD AVENUE,5,1,1,0,1,1,0,,35,0,0,0,0,0,4,3,3
,2017_45395,39.716595,-105.050592,9/30/2017 23:05,23:05,6,0,0,YATES STREET & 1650 SOUTH YATES STREET,1,4,0,0,1,4,0,,,0,0,0,0,0,4,2,13
,2017_45589,39.756942,-104.9488335,4/13/2017 2:00,2:00,6,0,0,28TH AVENUE 3300 BLOCK EAST & ADAMS STREET NORTH,1,3,1,0,1,1,0,,,0,0,0,0,0,4,2,13
,2017_45653,39.692952,-104.9687946,5/31/2017 18:43,18:43,6,0,0,LOUISIANA AVENUE & 3160 WEST,1,2,0,0,1,4,0,,25,0,0,0,0,0,4,2,13
,2017_46181,39.748941,-104.9995305,1/28/2017 23:05,23:05,12,0,0,MARKET STREET & 15TH STREET,1,3,0,7,1,4,0,,30,0,0,0,0,0,4,2,16
,2017_46463,39.787875,-104.844663,5/29/2017 19:00,19:00,6,0,0,QUENTIN STREET 5000 BLOCK NORTH & STOLL PLACE EAST,1,1,0,0,1,4,0,,,0,0,0,0,0,4,4,13
,2017_46550,39.741813,-104.9757615,5/27/2017 6:37,6:37,5,0,0,EMERSON STREET 1600 BLOCK NORTH & 17TH AVENUE EAST,1,1,1,0,3,4,0,,30,0,0,0,0,0,4,1,13
,2017_46657,39.685698,-104.9316705,11/19/2017 18:35,18:35,5,0,0,MEXICO AVENUE EAST & DAHLIA STREET SOUTH,1,3,0,0,3,1,0,,,0,0,0,0,0,4,1,13
,2017_46748,39.680388,-104.926194,8/6/2017 19:00,19:00,6,0,0,ASBURY AVENUE EAST & GLENCOE STREET SOUTH,1,1,0,0,1,4,0,,,0,0,0,0,0,4,2,13
,2017_46924,39.710493,-105.0529635,9/2/2017 20:20,20:20,6,0,0,NEVADA PLACE & 5181 WEST NEVADA PLACE,1,3,1,0,5,3,0,,,0,0,0,0,0,3,2,13
,2017_47090,39.718152,-105.028794,11/29/2017 11:22,11:22,6,0,0,HOOKER STREET NORTH & FIRST AVENUE WEST,1,1,0,0,1,4,0,,,0,0,0,0,0,4,2,13
,2017_47119,39.756024,-105.017814,12/13/2017 21:30,21:30,6,0,0,ALCOTT STREET NORTH & 27TH AVENUE WEST,4,3,0,2,1,4,0,,,0,0,0,0,0,4,2,13
,2017_47215,39.787704,-104.8355505,3/21/2017 11:50,11:50,6,0,0,UPTON COURT & 4982 NORTH UPTON COURT,1,3,0,0,1,4,0,,25,0,0,0,0,0,4,2,13
,2017_47223,39.696669,-104.991255,7/17/2017 18:30,18:30,3,0,0,MISSISSIPPI AVENUE 300 BLOCK WEST & CHEROKEE STREET SOUTH,1,1,0,0,1,3,0,,30,0,0,0,0,0,4,2,13
,2017_47482,39.745044,-104.987394,10/19/2017 21:20,21:20,15,0,0,BROADWAY STREET NORTH & 18TH STREET,1,3,1,0,1,1,0,,30,0,0,0,0,0,4,2,13
,2017_47671,39.738384,-104.9672115,11/26/2017 10:00,10:00,6,0,0,GILPIN STREET NORTH & 14TH AVENUE EAST,1,1,0,0,1,4,0,,25,0,0,0,0,0,4,2,14
,2017_47696,39.747447,-104.8916745,1/27/2017 2:47,2:47,5,0,0,VALENTIA STREET NORTH & MONTVIEW BOULEVARD EAST,1,3,0,0,3,1,0,,30,0,0,0,0,0,4,1,1
,2017_47711,39.720915,-104.983803,11/6/2017 1:06,1:06,6,0,0,GRANT STREET NORTH & THIRD AVENUE EAST,1,3,0,0,1,3,0,,25,0,0,0,0,0,4,3,3
,2017_47749,39.74193,-104.99985,9/12/2017 13:59,13:59,15,0,0,KALAMATH STREET 1500 BLOCK NORTH & SPEER BOULEVARD NORTH,1,1,0,0,1,4,0,,30,0,0,0,0,0,4,2,12
,2017_47911,39.716541,-105.030009,1/28/2017 5:10,5:10,6,0,0,IRVING STREET SOUTH & IRVING STREET 2511 SOUTH,1,3,0,0,1,4,0,,25,0,0,0,0,0,4,2,13
,2017_48869,39.773187,-104.809932,2/10/2017 11:24,11:24,15,0,0,CHAMBERS ROAD NORTH & 40TH AVENUE EAST,1,1,0,0,1,4,0,,40,0,0,0,0,0,4,2,7
,2017_49014,39.665511,-105.059178,2/2/2017 6:45,6:45,3,0,0,IVAN WAY SOUTH & FENTON STREET SOUTH,2,2,1,0,1,2,0,,25,0,0,0,0,0,4,2,13
,2017_49139,39.708036,-105.040863,7/31/2017 9:40,9:40,5,0,0,QUITMAN STREET SOUTH & VIRGINIA AVENUE WEST,1,1,0,0,1,3,0,,,0,0,0,0,0,4,2,13
,2017_49169,39.768012,-104.8474215,3/20/2017 17:37,17:37,12,0,0,PEORIA STREET NORTH & 37TH AVENUE EAST,1,1,2,0,1,4,0,,35,0,0,0,0,0,4,2,13
,2017_49266,39.72555,-104.875353,4/2/2017 20:09,20:09,12,0,0,DAYTON STREET NORTH & SIXTH AVENUE EAST,1,3,0,0,1,3,0,,35,0,0,0,0,1,4,2,13
,2017_49267,39.743766,-104.8846725,4/5/2017 7:04,7:04,1,0,1,17TH AVENUE EAST & YOSEMITE STREET NORTH,1,1,0,0,1,1,0,,25,0,0,0,0,2,4,2,13
,2017_49367,39.738672,-104.8846635,4/13/2017 9:30,9:30,3,0,0,YOSEMITE STREET NORTH & 14TH AVENUE EAST,1,1,0,0,1,1,0,,30,0,0,0,0,0,4,2,14
,2017_49464,39.747456,-104.884695,4/19/2017 20:26,20:26,1,0,0,MONTVIEW BOULEVARD EAST & CENTRAL PARK BOULEVARD NORTH,1,3,1,0,1,1,0,,25,0,0,0,0,1,4,2,13
,2017_49643,39.745575,-104.8846725,5/7/2017 16:26,16:26,3,0,0,YOSEMITE STREET NORTH & 19TH AVENUE EAST,2,1,0,0,1,1,0,,30,0,0,0,0,0,4,2,13
,2017_49706,39.660219,-104.864481,5/13/2017 12:37,12:37,1,0,0,DARTMOUTH AVENUE EAST & BETHANY DRIVE EAST,1,1,0,0,1,1,0,,30,0,0,0,0,0,4,2,13
,2017_50049,39.735603,-104.8846905,6/17/2017 22:38,22:38,3,0,0,YOSEMITE STREET NORTH & 12TH AVENUE EAST,1,3,0,0,1,1,0,,25,0,0,0,0,0,4,2,1
,2017_50325,39.741948,-104.8846725,7/13/2017 5:13,5:13,6,0,0,16TH AVENUE & YOSEMITE STREET NORTH,1,2,0,0,1,4,0,,25,0,0,0,0,0,4,3,2
,2017_50574,39.710988,-104.865993,8/1/2017 17:24,17:24,12,0,0,ALAMEDA AVENUE EAST & HAVANA STREET SOUTH,1,1,0,0,1,4,0,,40,0,0,0,0,1,4,2,13
,2017_50933,39.691296,-105.02973,8/2/2017 19:05,19:05,3,0,0,IRVING STREET & ARKANSAS AVENUE,1,1,0,0,1,3,0,,25,0,0,0,0,0,4,2,3
,2017_51135,39.730473,-104.9429025,3/23/2017 22:26,22:26,6,0,0,JACKSON STREET NORTH & NINTH AVENUE EAST,2,4,0,1,1,4,0,,25,0,0,0,0,0,4,2,13
,2017_51138,39.738672,-104.8846635,9/25/2017 15:44,15:44,12,0,0,YOSEMITE STREET NORTH & 14TH AVENUE EAST,1,1,0,0,1,3,0,,35,0,0,0,0,0,4,3,13
,2017_51259,39.831858,-104.6929545,7/26/2017 20:00,20:00,12,0,0,JACKSON GAP STREET 7400 BLOCK NORTH & 75TH AVENUE EAST,1,2,0,0,1,3,0,,30,0,0,0,0,0,4,2,13
,2017_51276,39.735603,-104.8846905,10/9/2017 16:14,16:14,6,0,0,12TH AVENUE EAST & YOSEMITE STREET NORTH,2,1,0,0,2,4,0,,25,0,0,0,0,0,4,2,1
,2017_51456,39.674754,-104.870862,10/26/2017 16:05,16:05,12,0,0,ILIFF AVENUE EAST & PARKER ROAD SOUTH,2,1,0,2,1,3,0,,40,0,0,0,0,0,4,2,7
,2017_51467,39.745575,-104.8846725,10/28/2017 2:02,2:02,6,0,0,YOSEMITE STREET NORTH & 19TH AVENUE EAST,1,3,0,0,1,4,0,,30,0,0,0,0,0,4,2,5
,2017_51469,39.774303,-104.9772015,1/20/2017 17:15,17:15,12,0,0,38TH STREET & CHESTNUT PLACE,1,3,0,7,1,1,0,,30,0,0,0,0,1,4,2,16
,2017_51604,39.774303,-104.9772015,3/17/2017 17:36,17:36,12,0,0,38TH STREET & CHESTNUT PLACE,1,1,0,0,1,3,0,,25,0,0,0,0,0,4,2,13
,2017_51610,39.735603,-104.8846905,11/7/2017 11:55,11:55,3,0,0,YOSEMITE STREET NORTH & 12TH AVENUE EAST,1,1,0,0,1,1,0,,25,0,0,0,0,0,4,2,7
,2017_51975,39.71655,-105.0300135,9/18/2017 15:49,15:49,3,0,0,IRVING STREET NORTH & IRVING STREET 3100 BLOCK NORTH,1,1,0,0,1,2,0,,25,0,0,0,0,1,4,2,14
,2017_52298,39.732822,-104.884731,12/30/2017 2:00,2:00,5,0,0,YOSEMITE STREET NORTH & 11TH AVENUE EAST,1,3,0,0,3,4,0,,35,0,0,0,0,0,4,1,1