id,drcog_id,latitude,longitude,crashtime,time,crashtype,numbkilled,numbinjurd,drcoglocat,rdconditin,lightngcon,roadcntgrd,weatherco,location,roaddescrp,constrzone,schoolzone,splimit,bikeinv,pedinv,sctrinv,motoinv,svrty,rdsystem,ttlvehcls,hcf
,2017_52819,39.7512,-105.0299325,1/7/2017 13:55,13:55,3,0,0,IRVING STREET NORTH & 23RD AVENUE WEST,6,1,0,7,1,1,0,,25,0,0,0,0,0,4,2,16
,2017_53116,39.763881,-105.0300315,10/3/2017 23:05,23:05,6,0,0,IRVING STREET 3315 NORTH & 33RD AVENUE WEST,1,3,0,0,1,4,0,,30,0,0,0,0,0,4,2,2
,2017_53449,39.79103709,-104.9428133,7/27/2017 7:00,7:00,5,0,0,JACKSON STREET 5200 BLOCK NORTH & 52ND AVENUE EAST,1,1,0,0,3,4,0,,25,0,0,0,0,0,4,2,7
,2017_53929,39.75975,-104.9820525,5/2/2017 12:00,12:00,6,0,0,LAWRENCE STREET & 28TH STREET,1,1,0,0,1,4,0,,,0,0,0,0,0,4,2,13
,2017_54429,39.711141,-104.987592,11/13/2017 13:00,13:00,6,0,0,BROADWAY STREET & ALAMEDA AVENUE WEST,1,1,0,0,1,4,0,,,0,0,0,0,0,4,2,13
,2017_54512,39.762954,-105.0300675,5/3/2017 13:00,13:00,6,0,0,MONCRIEFF PLACE & IRVING STREET NORTH,1,1,1,0,1,4,0,,25,0,0,0,0,0,4,2,13
,2017_54623,39.711186,-104.997132,2/9/2017 1:55,1:55,5,0,0,ALAMEDA AVENUE WEST & SANTA FE DRIVE SOUTH,1,3,0,0,3,1,1,,30,0,0,0,0,0,4,1,13
,2017_54693,39.770253,-104.9719725,1/10/2017 16:42,16:42,12,0,0,38TH STREET & WALNUT STREET,1,1,0,7,1,1,0,,30,0,0,0,0,0,4,2,16
,2017_54748,39.766464,-105.0299235,1/18/2017 16:48,16:48,12,0,0,IRVING STREET NORTH & 36TH AVENUE WEST,2,1,0,7,1,4,0,,25,0,0,0,0,0,4,2,8
,2017_54769,39.729456,-105.049845,7/15/2017 2:11,2:11,6,0,0,EIGHTH AVENUE WEST & XAVIER STREET NORTH,1,4,2,0,3,4,0,,25,0,0,0,0,0,4,2,14
,2017_54801,39.710295,-105.027543,11/30/2017 14:02,14:02,6,0,0,HAZEL COURT SOUTH & NEVADA PLACE WEST,1,1,1,0,1,4,0,,25,0,0,0,0,0,4,2,1
,2017_54807,39.716874,-104.9057235,12/26/2017 17:30,17:30,6,0,0,PONTIAC STREET NORTH & 3285 NORTH PONTIAC STREET NORTH,5,2,1,2,1,4,0,,,0,0,0,0,0,4,2,13
,2017_54972,39.755727,-104.972751,2/22/2017 19:14,19:14,3,0,0,MARION STREET NORTH & 27TH AVENUE EAST,1,2,0,0,1,1,0,,30,0,0,0,0,0,4,2,13
,2017_55001,39.716622,-105.0227505,12/28/2017 22:00,22:00,6,0,0,DECATUR STREET SOUTH & 2765 SOUTH DECATUR STREET SOUTH,1,3,0,0,1,4,0,,,0,0,0,0,0,4,2,13
,2017_55178,39.785607,-105.028722,10/3/2017 15:46,15:46,6,0,0,49TH AVENUE 3100 BK WEST & HOOKER STREET NORTH,1,1,0,0,1,4,0,,,0,0,0,0,0,4,2,13
,2017_55218,39.664998,-105.0319035,9/7/2017 3:20,3:20,6,0,0,AMHERST AVENUE WEST & AMHERST AVENUE 6423 WEST,1,3,0,0,1,4,0,,,0,0,0,0,0,4,2,13
,2017_55278,39.741678,-104.9761845,2/23/2017 11:00,11:00,6,0,0,EMERSON STREET & 16TH AVENUE EAST,2,1,0,0,1,3,0,,25,0,0,0,0,0,4,2,13
,2017_55441,39.71835,-104.962041,3/15/2017 17:45,17:45,5,0,0,FIRST AVENUE EAST & VINE STREET NORTH,1,1,0,0,3,3,0,,35,0,0,0,0,0,4,1,1
,2017_55485,39.782538,-104.7648825,8/8/2017 21:51,21:51,6,0,0,ARGONNE STREET NORTH & 47TH DRIVE EAST,1,3,0,0,1,1,0,,,0,0,0,0,0,4,3,13
,2017_55486,39.682062,-104.934663,3/29/2017 19:00,19:00,6,0,0,JEWELL AVENUE 4300 BLOCK EAST & CLERMONT STREET SOUTH,1,3,0,0,1,4,0,,25,0,0,0,0,0,4,2,13
,2017_55528,39.711366,-104.912964,3/17/2017 20:15,20:15,12,0,0,MONACO STREET SOUTH & ALAMEDA AVENUE EAST,1,3,0,0,1,1,0,,35,0,0,0,0,0,4,2,13
,2017_55568,39.769398,-105.0299505,8/3/2017 18:16,18:16,3,0,0,IRVING STREET NORTH & 38TH AVENUE WEST,1,1,0,0,1,1,0,,35,0,0,0,0,0,4,2,13
,2017_55674,39.708549,-105.0298425,9/9/2017 16:15,16:15,3,0,0,IRVING STREET SOUTH & ALASKA PLACE WEST,1,1,0,0,1,1,0,,25,0,0,0,0,0,4,2,13
,2017_55675,39.753198,-104.990562,3/24/2017 22:52,22:52,12,0,0,21ST & LAWRENCE STREET,1,3,0,0,1,1,0,,30,0,0,0,0,0,4,2,3
,2017_55688,39.65346,-105.0638805,3/25/2017 23:24,23:24,5,0,0,IVAN COURT SOUTH & HAMPDEN AVENUE WEST NORTH FRTG NOT CDOT,1,3,0,0,3,1,0,,25,0,0,0,0,0,4,1,5
,2017_55767,39.691296,-105.02973,5/28/2017 13:00,13:00,6,0,0,IRVING STREET SOUTH & ARKANSAS AVENUE WEST,1,1,0,0,1,4,0,,35,0,0,0,0,0,4,3,14
,2017_55837,39.714966,-105.0300045,3/10/2017 7:59,7:59,6,0,0,IRVING 100 BLOCK SOUTH & BAYAUD AVENUE WEST,1,1,1,0,1,4,0,,25,0,0,0,0,0,4,2,9
,2017_55894,39.768327,-105.0299325,9/5/2017 18:51,18:51,3,0,0,IRVING STREET NORTH & CLYDE PLACE WEST,1,1,0,0,1,1,0,,,0,0,0,0,0,4,3,13
,2017_56003,39.7432845,-105.0052568,8/25/2017 8:15,8:15,6,0,0,LAWRENCE STREET & LAWRENCE STREET 2459,1,1,0,0,1,4,0,,,0,0,0,0,0,4,2,13
,2017_56299,39.775176,-104.9853105,5/4/2017 2:45,2:45,6,0,0,SHERMAN STREET NORTH & 43RD AVENUE WEST,1,3,0,0,1,1,0,,25,0,0,0,0,0,4,2,13
,2017_56378,39.844602,-104.6809395,4/28/2017 8:50,8:50,12,0,0,PENA BOULEVARD INBOUND & 8400 BLOCK,1,1,0,0,5,4,0,,,0,0,0,0,0,3,2,13
,2017_56391,39.736863,-104.9941215,4/28/2017 11:01,11:01,6,0,0,ELATI STREET & 13TH AVENUE WEST,1,1,0,0,1,4,0,,25,0,0,0,0,0,4,2,14
,2017_56558,39.709413,-105.0298155,8/10/2017 22:30,22:30,3,0,0,IRVING STREET 300 BLOCK SOUTH & DAKOTA AVENUE WEST,1,3,0,0,1,1,0,,,0,0,0,0,0,4,2,13
,2017_56801,39.74758249,-105.0404516,1/1/2017 18:00,18:00,6,0,0,20TH AVENUE & 700 BLOCK EAST,1,3,0,0,1,4,0,,,0,0,0,0,0,4,2,13
,2017_56817,39.729204,-104.9394735,2/8/2017 15:45,15:45,9,0,0,EIGHTH AVENUE EAST & ALBION STREET NORTH,1,1,0,6,1,1,0,,20,0,0,0,0,0,4,1,13
,2017_56846,39.774519,-104.922315,1/27/2017 8:10,8:10,12,0,0,SMITH ROAD EAST & HOLLY STREET NORTH,1,1,0,0,1,1,0,,,0,0,0,0,0,4,2,13
,2017_56858,39.785247,-104.902857,11/28/2017 17:16,17:16,14,0,0,SAND CREEK DRIVE SOUTH & 49TH AVENUE EAST,1,4,0,0,1,4,0,,,0,0,0,0,0,4,2,16
,2017_56859,39.783798,-104.9199435,11/29/2017 8:17,8:17,8,0,0,48TH AVENUE EAST & IVY STREET,1,1,1,0,1,4,0,,,0,0,0,0,1,4,2,2
,2017_56886,39.776535,-104.758875,9/28/2017 7:00,7:00,6,0,0,FLANDERS STREET 4000 BLOCK NORTH & DUNKIRK WAY,1,1,0,1,1,4,0,,,0,0,0,0,0,4,3,13
,2017_56903,39.735594,-104.8858515,5/14/2017 2:50,2:50,6,0,0,XENIA STREET & 12TH AVENUE EAST,1,4,0,0,1,4,0,,,0,0,0,0,0,4,2,13
,2017_56928,39.740337,-105.0404805,2/8/2017 16:13,16:13,6,0,0,QUITMAN STREET NORTH 1500 BLOCK & COLFAX AVENUE WEST,1,1,0,0,1,4,0,,,0,0,0,0,0,4,2,13
,2017_56934,39.7611,-104.983794,1/20/2017 14:08,14:08,6,0,0,WALNUT STREET & 28TH STREET,1,1,0,0,1,4,0,,,0,0,0,0,0,4,2,13
,2017_56951,39.798297,-104.891796,3/21/2017 8:29,8:29,12,0,0,56TH AVENUE EAST & VALENTIA STREET,1,1,0,0,1,4,0,,,0,0,0,0,0,4,2,14
,2017_56981,39.714813,-105.0191415,1/26/2017 10:00,10:00,6,0,0,CANOSA COURT & BAYAUD AVENUE WEST,1,1,0,0,1,4,0,,25,0,0,0,0,0,4,2,1
,2017_57008,39.749193,-104.997402,1/26/2017 13:00,13:00,6,0,0,LARIMER STREET & 16TH STREET,1,1,0,0,1,4,0,,,0,0,0,0,0,4,2,13
,2017_57020,39.776526,-104.818221,2/12/2017 1:10,1:10,5,0,0,SCOTT PLACE EAST & EUGENE WAY NORTH,1,3,0,0,2,4,0,,25,0,0,0,0,0,4,1,13
,2017_57025,39.74004,-104.983596,1/1/2017 20:52,20:52,15,0,0,GRANT STREET 1400 BLOCK NORTH & COLFAX AVENUE EAST,1,4,0,0,1,4,0,,25,0,0,0,0,0,4,2,6
,2017_57026,39.67866,-105.020352,1/2/2017 13:17,13:17,12,0,0,EVANS AVENUE 2700 WEST & CLAY STREET SOUTH,1,1,0,0,1,4,0,,35,0,0,0,0,0,4,2,14
,2017_57027,39.725649,-105.005763,1/3/2017 6:40,6:40,12,0,0,HIGHWAY 6 & OSAGE STREET NORTH,1,1,1,0,1,4,0,,55,0,0,0,0,1,4,3,13
,2017_57028,39.727287,-104.9823855,1/4/2017 13:00,13:00,6,0,0,SEVENTH AVENUE & LOGAN STREET NORTH,5,1,0,2,1,4,0,,25,0,0,0,0,0,4,2,13
,2017_57029,39.83358199,-104.7220845,1/5/2017 6:45,6:45,5,0,0,PENA BOULEVARD 7500 BLOCK & MM 9.3,10,1,0,0,3,4,0,,65,0,0,0,0,0,4,1,13
,2017_57030,39.844602,-104.6809395,1/5/2017 12:35,12:35,15,0,0,PENA BOULEVARD & RETURN LOOP,4,1,0,2,1,4,0,,45,0,0,0,0,0,4,2,1
,2017_57031,39.738447,-104.986143,1/6/2017 8:40,8:40,3,0,0,LINCOLN STREET NORTH & 14TH AVENUE EAST,4,1,0,0,1,1,0,,30,0,0,0,0,0,4,3,13
,2017_57033,39.78129352,-104.978893,1/8/2017 9:30,9:30,14,0,0,WASHINGTON STREET & 1900 BLOCK NORTH,6,1,1,0,1,4,0,,30,0,0,0,0,1,4,4,5
,2017_57034,39.73190582,-104.9861681,1/9/2017 11:23,11:23,6,0,0,LINCOLN STREET & 4300 BLOCK NORTH,2,1,1,0,1,4,0,,25,0,0,0,0,0,4,2,13
,2017_57035,39.698523,-104.903541,1/10/2017 8:55,8:55,12,0,0,QUEBEC STREET & LEETSDALE DRIVE,1,1,1,0,1,3,0,,35,0,0,0,0,0,4,2,13
,2017_57036,39.844602,-104.6809395,1/10/2017 20:58,20:58,12,0,0,PENA BOULEVARD IB & RETURN LOOP,1,3,0,0,1,4,0,,45,0,0,0,0,0,4,3,12
,2017_57037,39.78288,-104.7555,1/11/2017 0:10,0:10,1,0,0,GREEN VALLEY RANCH BOULEVARD EAST & HIMALAYA ROAD,1,1,0,0,1,1,0,,35,0,0,0,0,0,4,2,13
,2017_57038,39.759282,-104.993892,1/11/2017 8:30,8:30,12,0,0,PARK AVENUE WEST & WEWATTA STREET,1,1,1,0,1,1,0,,35,0,0,0,0,0,4,2,1
,2017_57039,39.650499,-105.053085,1/11/2017 13:09,13:09,15,0,0,SHERIDAN BOULEVARD SOUTH & KENYON AVENUE WEST,1,1,0,7,1,3,0,,45,0,0,0,0,0,4,2,2
,2017_57040,39.844602,-104.6809395,1/11/2017 14:50,14:50,12,0,0,PENA BOULEVARD & RETURN LOOP,1,1,0,0,1,4,0,,45,0,0,0,0,0,4,2,1
,2017_57041,39.653073,-104.92173,1/12/2017 11:41,11:41,12,0,0,IVANHOE STREET SOUTH & HAMPDEN AVENUE EAST,1,1,1,7,1,4,0,,25,0,0,0,0,0,4,2,16
,2017_57042,39.678444,-104.9579415,1/12/2017 16:56,16:56,12,0,0,JOSEPHINE STREET 2000 BLOCK SOUTH & EVANS AVENUE EAST,4,2,0,4,1,1,0,,25,0,0,0,0,0,4,2,14
,2017_57043,39.676698,-104.987664,1/14/2017 14:00,14:00,3,0,0,WARREN AVENUE WEST & BROADWAY SOUTH,1,1,0,0,1,1,0,,35,0,0,0,0,0,4,2,5
,2017_57044,39.725379,-105.0074505,1/16/2017 8:25,8:25,5,0,0,SIXTH AVENUE WEST  & QUIVAS STREET NORTH,12,1,1,2,2,4,0,,55,0,0,0,0,0,4,1,13
,2017_57045,39.79557,-104.9687415,1/16/2017 9:02,9:02,3,0,0,54TH AVENUE EAST & FRANKLIN STREET NORTH,1,1,1,7,1,1,0,,30,0,0,0,0,0,4,2,16
,2017_57046,39.671271,-104.9734845,1/16/2017 10:05,10:05,3,0,0,DOWNING STREET 2400 BLOCK SOUTH & HARVARD AVENUE EAST,6,1,0,2,1,2,0,,25,0,0,0,0,0,4,2,13
,2017_57047,39.698352,-104.8932315,1/16/2017 13:43,13:43,5,0,0,VALENTIA STREET 1000 BLOCK SOUTH & 1011 SOUTH VALENTIA STREET,6,1,0,0,3,4,0,,30,0,0,0,0,0,4,1,14
,2017_57048,39.725649,-105.005763,1/17/2017 7:39,7:39,15,0,0,SIXTH AVENUE WEST  & OSAGE STREET NORTH,2,1,2,0,1,4,0,,55,0,0,0,0,0,4,2,13
,2017_57049,39.785724,-104.883093,1/17/2017 8:00,8:00,12,0,0,CENTRAL PARK BOULEVARD NORTH & NORTHFIELD BOULEVARD EAST,1,1,0,0,1,1,0,,30,0,0,0,0,0,4,2,13
,2017_57050,39.667626,-104.912964,1/17/2017 9:03,9:03,12,0,0,YALE AVENUE EAST & MONACO STREET SOUTH,5,1,0,7,1,1,0,,30,0,0,0,0,0,4,2,14
,2017_57051,39.738456,-104.9976405,1/17/2017 9:30,9:30,12,0,0,14TH AVENUE WEST & SPEER BOULEVARD,1,1,0,0,1,4,0,,25,0,0,0,0,0,4,2,13
,2017_57052,39.678444,-104.931612,1/17/2017 11:20,11:20,15,0,0,EVANS AVENUE & DAHLIA STREET SOUTH SOUTH,2,1,0,0,1,4,0,,35,0,0,0,0,0,4,2,1
,2017_57053,39.742245,-104.99076,1/17/2017 15:19,15:19,3,0,1,TREMONT PLACE & 15TH STREET,1,1,0,0,1,1,0,,25,0,0,0,0,2,4,2,13
,2017_57054,39.624192,-105.0945435,1/17/2017 17:40,17:40,1,0,0,BELLEVIEW AVENUE WEST & DUDLEY STREET SOUTH,2,3,0,0,1,1,0,,40,0,0,0,0,0,4,2,14
,2017_57055,39.77312829,-104.9892215,1/20/2017 11:40,11:40,15,0,0,BROADWAY & 1100 BLOCK NORTH,1,1,0,0,1,4,0,,,0,0,0,0,0,4,2,13
,2017_57056,39.73869,-104.890554,2/12/2017 2:08,2:08,6,0,0,VERBENA STREET NORTH & 14TH AVENUE EAST,1,2,0,0,1,4,0,,25,0,0,0,0,0,4,2,13
,2017_57057,39.719394,-104.957064,1/21/2017 20:30,20:30,1,0,0,SECOND AVENUE EAST & COLUMBINE STREET NORTH,1,3,0,0,1,3,0,,30,0,0,0,0,0,4,2,10
,2017_57058,39.736872,-105.0028065,1/24/2017 8:39,8:39,6,0,0,MARIPOSA STREET NORTH & 13TH AVENUE WEST,1,1,0,0,1,4,0,,25,0,0,0,0,0,4,2,13
,2017_57059,39.740013,-104.9684805,1/24/2017 9:18,9:18,6,0,0,FRANKLIN STREET & COLFAX AVENUE EAST,1,1,1,0,1,4,0,,,0,0,0,0,0,4,2,13
,2017_57060,39.767328,-104.892471,1/24/2017 18:04,18:04,15,0,0,36TH AVENUE EAST & UNITA STREET,1,3,0,0,1,4,0,,30,0,0,0,0,0,4,2,13
,2017_57061,39.707388,-105.010983,1/25/2017 8:09,8:09,12,0,0,TEJON STREET SOUTH & VIRGINIA AVENUE WEST,1,1,0,0,1,1,0,,25,0,0,0,0,0,4,2,4
,2017_57062,39.74513662,-105.0296849,1/25/2017 14:04,14:04,6,0,0,18TH AVENUE & 3000 BLOCK WEST,1,1,1,0,1,2,0,,25,0,0,0,0,0,4,2,1
,2017_57063,39.767382,-104.90346,1/25/2017 17:51,17:51,12,0,0,36TH AVENUE 7200 BLOCK EAST & QUEBEC STREET NORTH,1,3,0,7,1,4,0,,30,0,0,0,0,0,4,2,16
,2017_57064,39.716559,-105.031233,1/26/2017 1:26,1:26,6,0,0,JULIAN STREET & 131 SOUTH JULIAN STREET,1,1,1,0,1,4,0,,25,0,0,0,0,0,4,2,13
,2017_57065,39.729528,-104.9006565,2/12/2017 22:34,22:34,6,0,0,EIGHTH AVENUE & ROSLYN STREET NORTH,1,3,1,0,1,2,0,,25,0,0,0,0,0,4,2,13
,2017_57067,39.785247,-104.902857,1/26/2017 14:52,14:52,12,0,0,49TH AVENUE EAST & SAND CREEK ROAD NORTH,1,1,0,0,1,3,0,,25,0,0,0,0,0,4,2,13
,2017_57068,39.780198,-105.0415965,1/26/2017 21:47,21:47,6,0,0,RALEIGH STREET NORTH & 46TH AVENUE WEST,1,4,0,0,1,4,0,,25,0,0,0,0,0,4,3,5
,2017_57069,39.711195,-104.998401,1/27/2017 12:02,12:02,12,0,0,KALAMATH STREET 200 BLOCK SOUTH & ALAMEDA AVENUE WEST,1,1,1,0,1,3,0,,,0,0,0,0,0,4,3,13
,2017_57070,39.766572,-104.983713,1/27/2017 20:00,20:00,15,0,0,BRIGHTON BOULEVARD NORTH & 31ST STREET,1,3,0,0,1,1,0,,35,0,0,0,0,0,4,2,13
,2017_57071,39.714759,-104.9875425,1/28/2017 23:08,23:08,12,0,0,BROADWAY STREET SOUTH & BAYAUD AVENUE EAST,1,3,0,0,1,1,0,,30,0,0,0,0,0,4,2,13
,2017_57072,39.765726,-104.9948415,1/29/2017 0:47,0:47,15,0,0,PARK AVENUE & GLOBEVILLE ROAD NORTH,14,3,1,0,1,1,0,,35,0,0,0,0,0,4,3,13
,2017_57073,39.780621,-104.841774,1/29/2017 20:18,20:18,6,0,0,TULSA COURT & 46TH AVENUE EAST,1,4,0,0,1,4,0,,25,0,0,0,0,0,4,4,5
,2017_57074,39.733686,-104.9823,1/30/2017 10:17,10:17,3,0,0,11TH AVENUE 400 BLOCK EAST & LOGAN STREET NORTH,1,1,0,0,1,2,0,,25,0,0,0,0,0,4,2,14
,2017_57075,39.707514,-104.98761,1/30/2017 13:30,13:30,3,0,0,VIRGINIA AVENUE EAST & BROADWAY STREET SOUTH,1,1,0,0,1,1,0,,25,0,0,0,0,0,4,2,13
,2017_57076,39.711204,-104.9222835,1/30/2017 14:05,14:05,5,0,0,HOLLY STREET & ALAMEDA AVENUE 5570 EAST,1,1,1,0,2,4,0,,30,0,0,0,0,0,4,1,13
,2017_57077,39.70386,-104.9147235,1/30/2017 16:56,16:56,15,0,0,EXPOSITION AVENUE 6400 BLOCK EAST & LEETSDALE DRIVE,1,1,0,0,1,4,0,,25,0,0,0,0,0,4,2,13
,2017_57078,39.71835,-104.912784,1/31/2017 13:45,13:45,15,0,0,MONACO STREET NORTH & FIRST AVENUE EAST,1,1,0,0,1,4,0,,30,0,0,0,0,0,4,2,14
,2017_57079,39.74383292,-104.9034257,1/31/2017 16:50,16:50,12,0,0,QUEBEC STREET 1700 BLOCK NORTH & 19TH AVENUE EAST,1,1,0,0,1,4,0,,35,0,0,0,0,0,4,2,3
,2017_57080,39.733659,-104.957442,2/1/2017 12:00,12:00,6,0,0,11TH AVENUE EAST & COLUMBINE STREET NORTH,5,1,0,0,1,1,0,,30,0,0,0,0,0,4,2,7
,2017_57081,39.71878396,-105.0108325,2/1/2017 13:19,13:19,12,0,0,TEJON STREET & 3300 BLOCK NORTH,1,1,1,0,1,4,0,,30,0,0,0,0,0,4,2,13
,2017_57082,39.721266,-105.048558,2/1/2017 13:35,13:35,5,0,0,THIRD AVENUE WEST & WOLFF STREET 265 NORTH,2,1,1,1,4,1,0,,25,0,0,0,0,0,4,1,1
,2017_57083,39.74893775,-104.9994373,2/1/2017 16:49,16:49,12,0,0,MARKET STREET 1500 BLOCK & 16TH STREET,1,1,0,0,1,4,0,,30,0,0,0,0,1,4,2,13
,2017_57084,39.738681,-104.898762,2/1/2017 17:04,17:04,10,0,0,14TH AVENUE EAST & SYRACUSE STREET NORTH,1,2,3,0,1,1,0,,30,0,0,0,0,0,4,2,3
,2017_57085,39.759282,-104.993892,2/1/2017 19:16,19:16,12,0,0,PARK AVENUE WEST & WEWATTA STREET,5,3,0,0,1,4,0,,30,0,0,0,0,0,4,3,12
,2017_57086,39.75713671,-105.0027898,2/1/2017 19:40,19:40,6,0,0,BASSETT STREET 1800 BLOCK & 19TH STREET,1,4,0,0,1,4,0,,25,0,0,0,0,0,4,3,13
,2017_57088,39.703086,-105.0391215,2/1/2017 23:05,23:05,6,0,0,PATTON COURT SOUTH & WALSH PLACE WEST,5,3,0,0,1,1,0,,25,0,0,0,0,0,4,2,13
,2017_57089,39.75237,-104.889942,2/2/2017 6:00,6:00,6,0,0,CENTRAL PARK BOULEVARD & 2506 NORTH CENTRAL PARK BOULEVARD,5,3,0,0,1,4,0,,35,0,0,0,0,0,4,3,13
,2017_57090,39.66777,-105.0629715,2/2/2017 6:10,6:10,12,0,0,YALE AVENUE 6100 BLOCK WEST & JOSLYN COURT SOUTH,5,3,1,2,1,4,0,,30,0,0,0,0,1,4,3,13
,2017_57091,39.727494,-105.0132015,2/2/2017 7:16,7:16,6,0,0,SEVENTH AVENUE WEST & VALLEJO STREET,5,1,0,2,1,1,0,,30,0,0,0,0,0,4,2,14
,2017_57092,39.764475,-104.96097,2/2/2017 8:46,8:46,6,0,0,BRUCE RANDOLPH 2200 BLOCK EAST & GAYLORD STREET NORTH,5,1,0,2,1,4,0,,25,0,0,0,0,0,4,2,13
,2017_57093,39.737268,-104.909364,2/2/2017 8:50,8:50,5,0,0,13TH AVENUE & NEWPORTS STREET NORTH,5,1,0,2,2,4,0,,30,0,0,0,0,0,4,2,7
,2017_57094,39.738348,-104.950584,2/2/2017 12:34,12:34,12,0,0,14TH AVENUE EAST & STREET PAUL STREET NORTH,2,1,0,0,1,4,0,,30,0,0,0,0,0,4,2,13
,2017_57095,39.711114,-104.9628735,2/2/2017 14:39,14:39,8,0,0,ALAMEDA AVENUE EAST & VINE STREET SOUTH,1,1,1,0,6,1,0,,30,0,0,0,0,1,4,3,3
,2017_57096,39.771129,-104.9076322,2/2/2017 15:50,15:50,6,0,0,ONEIDA STREET NORTH 3900 BLOCK & 39TH AVENUE EAST,2,1,0,0,1,4,0,,25,0,0,0,0,0,4,2,1
,2017_57097,39.674835,-104.9594175,2/3/2017 15:25,15:25,12,0,0,UNIVERSITY BOULEVARD SOUTH 2300 BLOCK & ILIFF AVENUE EAST,1,5,1,0,1,2,0,,30,0,0,0,0,0,4,2,13
,2017_57098,39.748203,-104.9708835,2/3/2017 22:50,22:50,6,0,0,LAFAYETTE STREET & 21ST AVENUE EAST,1,3,0,0,1,4,0,,25,0,0,0,0,0,4,3,9
,2017_57099,39.740076,-104.929218,2/4/2017 1:15,1:15,6,0,0,ELM STREET NORTH & COLFAX AVENUE EAST,1,3,0,0,1,4,0,,25,0,0,0,0,0,4,2,5
,2017_57100,39.757329,-104.9764635,2/4/2017 2:00,2:00,12,0,0,29TH STREET & CALIFORNIA STREET,1,3,0,0,1,1,0,,30,0,0,0,0,1,4,2,5
,2017_57101,39.736863,-105.005322,2/4/2017 3:39,3:39,5,0,0,OSAGE STREET NORTH & 13TH AVENUE WEST,1,3,1,0,3,1,0,,35,0,0,0,0,0,4,1,5
,2017_57102,39.760677,-104.98086,2/4/2017 11:22,11:22,6,0,0,LAWRENCE STREET & 29TH STREET,1,5,0,0,1,4,0,,25,0,0,0,0,0,4,2,5
,2017_57103,39.778722,-104.9222925,2/4/2017 11:40,11:40,3,0,0,HOLLY STREET NORTH & STAPLETON NORTH DRIVE EAST,1,1,0,0,1,1,0,,40,0,0,0,0,0,4,3,16
,2017_57104,39.743775,-104.9058045,2/4/2017 14:52,14:52,6,0,0,PONTIAC STREET 1697 NORTH & 17TH AVENUE EAST,1,1,0,0,1,4,0,,,0,0,0,0,0,4,2,13
,2017_57105,39.767193,-104.9038425,2/4/2017 14:56,14:56,12,0,0,QUEBEC STREET 3595 BLOCK NORTH & 36TH AVENUE EAST,1,1,0,0,1,3,0,,35,0,0,0,0,0,4,2,16
,2017_57106,39.723174,-104.922783,2/4/2017 20:00,20:00,6,0,0,HOLLY STREET NORTH & FOURTH AVENUE EAST,1,3,0,0,1,4,0,,25,0,0,0,0,0,4,2,5
,2017_57107,39.716568,-105.027552,2/4/2017 20:20,20:20,6,0,0,HAZEL COURT SOUTH & 2215 SOUTH HAZEL COURT,1,3,1,0,1,1,0,,,0,0,0,0,0,4,2,13
,2017_57108,39.781305,-104.8268025,2/4/2017 22:45,22:45,12,0,0,ANDREWS DRIVE EAST & DILLON STREET NORTH,1,3,0,0,1,3,0,,30,0,0,0,0,0,4,2,13
,2017_57109,39.669471,-104.9734935,2/5/2017 0:00,0:00,12,0,1,DOWNING STREET SOUTH & VASSAR AVENUE EAST,1,3,0,7,1,4,0,,30,0,0,0,0,2,4,2,13
,2017_57110,39.709323,-105.0192045,2/5/2017 2:00,2:00,6,0,0,CANOSA COURT SOUTH & DAKOTA AVENUE WEST,1,4,0,0,1,4,0,,25,0,0,0,0,0,4,2,1
,2017_57111,39.747375,-104.932053,2/5/2017 4:42,4:42,5,0,0,MONTVIEW BOULEVARD EAST & DAHLIA STREET NORTH,1,3,0,0,2,3,0,,30,0,0,0,0,0,4,1,13
,2017_57112,39.743217,-104.96475,2/5/2017 7:57,7:57,3,0,0,HIGH STREET NORTH & 17TH AVENUE EAST,1,1,0,0,1,1,0,,25,0,0,0,0,0,4,3,13
,2017_57113,39.76695,-104.959764,6/23/2017 9:32,9:32,5,0,0,YORK STREET 3555 NORTH & 36TH AVENUE EAST,1,1,0,0,3,4,0,,30,0,0,0,0,0,4,1,13
,2017_57114,39.825486,-104.7719655,2/5/2017 8:55,8:55,3,0,2,TOWER ROAD NORTH & 71ST AVENUE EAST,1,1,0,0,1,1,0,,25,0,0,0,0,2,4,2,13
,2017_57115,39.641004,-104.893182,2/6/2017 17:30,17:30,15,0,0,TAMARAC DRIVE SOUTH 4000 BLOCK & OXFORD AVENUE EAST,1,3,1,0,1,4,0,,30,0,0,0,0,0,4,2,13
,2017_57116,39.629898,-105.1082235,2/6/2017 16:46,16:46,12,0,0,SARATOGA PLACE WEST & JOHNSON STREET SOUTH,1,4,0,0,1,1,0,,25,0,0,0,0,0,4,2,7
,2017_57117,39.718152,-105.028794,2/5/2017 17:41,17:41,6,0,1,FIRST AVENUE WEST 3200 BLOCK & HOOKER STREET NORTH,1,3,0,0,1,4,0,,30,0,0,0,0,2,4,3,12
,2017_57118,39.735252,-104.9835735,2/5/2017 20:40,20:40,3,0,0,12TH AVENUE 200 BLOCK EAST & GRANT STREET NORTH,1,3,2,0,1,5,0,,40,0,0,0,0,0,4,2,13
,2017_57119,39.716496,-104.9791545,2/5/2017 23:00,23:00,6,0,0,WASHINGTON STREET & 33 SOUTH WASHINGTON STREET,1,3,0,0,1,4,0,,25,0,0,0,0,0,4,2,13