id,drcog_id,latitude,longitude,crashtime,time,crashtype,numbkilled,numbinjurd,drcoglocat,rdconditin,lightngcon,roadcntgrd,weatherco,location,roaddescrp,constrzone,schoolzone,splimit,bikeinv,pedinv,sctrinv,motoinv,svrty,rdsystem,ttlvehcls,hcf
,2017_57120,39.693105,-105.039072,2/6/2017 1:00,1:00,6,0,0,LOUISIANA AVENUE WEST & PATTON COURT SOUTH,1,3,0,0,1,4,0,,25,0,0,0,0,0,4,3,5
,2017_57121,39.667626,-104.9036175,2/6/2017 12:00,12:00,12,0,0,QUEBEC STREET SOUTH & YALE AVENUE EAST,1,1,0,0,1,1,0,,,0,0,0,0,0,4,2,13
,2017_57122,39.717045,-104.903793,2/6/2017 13:22,13:22,12,0,0,QUEBEC STREET NORTH & LOWRY BOULEVARD EAST,1,3,0,0,1,1,0,,35,0,0,0,0,1,4,2,3
,2017_57123,39.747501,-104.9775615,2/6/2017 14:00,14:00,6,0,0,20TH AVENUE & CLARKSON STREET NORTH,1,1,0,0,1,4,0,,30,0,0,0,0,0,4,2,10
,2017_57124,39.73869,-104.8999815,2/6/2017 14:31,14:31,3,0,0,14TH AVENUE EAST & ROSEMARY STREET NORTH,1,1,0,0,1,1,0,,30,0,0,0,0,0,4,2,8
,2017_57125,39.678462,-104.9976135,2/6/2017 16:10,16:10,15,0,0,EVANS AVENUE WEST & PLATTE RIVER DRIVE SOUTH,1,1,0,0,1,4,0,,35,0,0,0,0,0,4,2,7
,2017_57126,39.725622,-104.978754,2/6/2017 16:30,16:30,6,0,0,SIXTH AVENUE EAST 600 BLOCK & WASHINGTON AVENUE NORTH,1,1,0,0,1,4,0,,35,0,0,0,0,0,4,2,13
,2017_57127,39.753621,-105.0267825,7/4/2017 17:33,17:33,6,0,0,25TH AVENUE & GROVE STREET NORTH,1,1,1,0,1,4,0,,,0,0,0,0,0,4,2,13
,2017_57128,39.709296,-104.9827815,2/6/2017 16:40,16:40,3,0,1,DAKOTA AVENUE EAST & LOGAN STREET SOUTH,1,1,0,0,1,3,0,,25,0,0,0,0,2,4,2,13
,2017_57129,39.684708,-105.036273,2/11/2017 2:20,2:20,5,0,0,COLORADO AVENUE WEST & MICHIGAN WAY SOUTH,1,3,0,7,2,3,0,,25,0,0,0,0,0,4,1,8
,2017_57131,39.73833,-104.913945,2/6/2017 17:51,17:51,15,0,0,14TH AVENUE EAST & LOCUST STREET NORTH,1,3,0,0,1,1,0,,30,0,0,0,0,0,4,2,3
,2017_57132,39.759579,-105.0017805,2/7/2017 3:32,3:32,15,0,0,20TH STREET & LITTLE RAVEN STREET,1,1,1,0,1,4,0,,30,0,0,0,0,0,4,2,13
,2017_57133,39.711366,-104.912964,2/7/2017 5:22,5:22,3,0,1,ALAMEDA AVENUE EAST & MONACO STREET SOUTH,1,3,0,0,1,1,0,,35,0,0,0,0,2,4,2,1
,2017_57134,39.756519,-104.865876,2/7/2017 5:35,5:35,6,0,1,HAVANA STREET & 28TH AVENUE EAST,1,4,0,0,1,4,0,,25,0,0,0,0,2,4,2,14
,2017_57135,39.831768,-104.6694555,2/7/2017 5:40,5:40,5,0,0,TITUS STREET 9800 BLOCK NORTH & 99TH AVENUE EAST,1,3,0,0,2,4,0,,35,0,0,0,0,0,4,1,1
,2017_57136,39.753054,-104.9854905,2/7/2017 6:23,6:23,3,0,0,PARK AVENUE WEST & CHAMPA STREET,1,2,1,0,1,1,0,,30,0,0,0,0,0,4,2,8
,2017_57137,39.729267,-104.9034735,2/7/2017 6:24,6:24,12,0,0,QUEBEC STREET NORTH & EIGHTH AVENUE EAST,1,2,0,0,1,1,0,,35,0,0,0,0,0,4,2,12
,2017_57138,39.75003,-105.0049305,2/7/2017 7:00,7:00,12,0,0,SPEER BOULEVARD & CHOPPER STREET,1,1,0,0,1,1,0,,30,0,0,0,0,0,4,2,13
,2017_57139,39.729312,-105.015933,2/7/2017 7:10,7:10,12,0,0,EIGHTH AVENUE WEST & ZUNI STREET NORTH,1,1,0,0,1,1,0,,35,0,0,0,0,0,4,4,14
,2017_57140,39.678426,-104.937435,2/7/2017 8:20,8:20,12,0,0,EVANS AVENUE 4200 BLOCK EAST & BELLAIRE STREET SOUTH,1,1,0,7,1,4,0,,35,0,0,0,0,1,4,3,16
,2017_57142,39.762027,-104.97213,2/7/2017 8:20,8:20,12,0,0,MLK BOULEVARD EAST & MARION STREET NORTH,1,1,0,0,1,4,0,,30,0,0,0,0,0,4,2,12
,2017_57143,39.728223,-105.0362055,2/7/2017 8:21,8:21,15,0,0,MEADE STREET NORTH & SEVENTH AVENUE WEST,1,1,0,0,1,4,0,,25,0,0,0,0,0,4,2,13
,2017_57144,39.685545,-105.053202,2/7/2017 10:36,10:36,5,0,0,SHERIDAN / ZENOBIA ALLEY & 2500 BLOCK NORTH,1,1,1,0,5,5,0,,,0,0,0,0,0,3,1,13
,2017_57145,39.844602,-104.6809395,2/7/2017 11:15,11:15,5,0,0,PENA BOULEVARD & 80TH AVENUE EAST,1,1,0,0,3,4,0,,15,0,0,0,0,0,4,1,12
,2017_57146,39.678426,-104.9899545,2/7/2017 11:30,11:30,12,0,0,BANNOCK STREET 2100 BLOCK SOUTH & EVANS AVENUE WEST,1,1,0,0,1,3,0,,25,0,0,0,0,0,4,2,13
,2017_57147,39.725334,-104.919318,2/7/2017 12:16,12:16,6,0,0,SIXTH AVENUE EAST & IVY WAY NORTH,1,1,1,0,1,4,0,,25,0,0,0,0,0,4,2,13
,2017_57148,39.711159,-104.9900175,2/7/2017 13:25,13:25,3,0,0,ALAMEDA AVENUE 100 BLOCK WEST & BANNOCK STREET SOUTH,1,1,0,0,1,2,0,,30,0,0,0,0,0,4,2,14
,2017_57149,39.756654,-104.975613,2/7/2017 13:50,13:50,1,0,0,29TH STREET & WELTON STREET,1,1,0,0,1,1,0,,25,0,0,0,0,0,4,2,3
,2017_57150,39.7803484,-104.9628327,2/7/2017 13:58,13:58,12,0,0,46TH AVENUE & 100 BLOCK EAST,1,1,1,0,1,4,0,,30,0,0,0,0,0,4,2,13
,2017_57151,39.72735,-104.9951925,2/7/2017 14:00,14:00,6,0,0,SEVENTH AVENUE WEST 500 BLOCK & FOX STREET,1,2,0,0,1,4,0,,25,0,0,0,0,0,4,2,14
,2017_57152,39.682287,-105.020343,2/7/2017 14:20,14:20,12,0,0,CLAY STREET SOUTH & JEWELL AVENUE WEST,1,1,1,0,1,2,0,,25,0,0,0,0,0,4,2,7
,2017_57153,39.711195,-104.998401,2/7/2017 15:00,15:00,15,0,0,ALAMEDA AVENUE WEST & KALAMATH STREET SOUTH,1,1,0,0,1,1,0,,,0,0,0,0,0,4,2,13
,2017_57154,39.769272,-105.006456,2/7/2017 15:11,15:11,3,0,0,38TH AVENUE WEST & PECOS STREET NORTH,1,1,0,0,1,1,0,,25,0,0,0,0,0,4,3,13
,2017_57155,39.678426,-104.9385015,2/7/2017 16:05,16:05,3,0,0,EVANS AVENUE 4100 BLOCK EAST & ASH STREET SOUTH,1,1,1,0,1,2,0,,35,0,0,0,0,0,4,2,13
,2017_57156,39.711159,-104.9900175,2/7/2017 17:25,17:25,1,0,0,ALAMEDA AVENUE WEST & BANNOCK STREET SOUTH,1,3,0,0,1,1,0,,35,0,0,0,0,0,4,2,13
,2017_57157,39.77312829,-104.9892215,2/7/2017 17:42,17:42,15,0,0,BROADWAY & 1500 BLOCK NORTH,1,3,0,0,1,4,1,,45,0,0,0,0,0,4,2,13
,2017_57158,39.783816,-104.7816855,2/7/2017 18:20,18:20,12,0,0,TELLURIDE STREET NORTH & GREEN VALLEY RANCH BOULEVARD EAST,1,3,0,0,1,3,0,,35,0,0,0,0,1,4,2,13
,2017_57159,39.721806,-104.9111033,2/7/2017 18:22,18:22,5,0,0,NIAGARA STREET / MAGNOLIA STREET ALLEY & EIGHTH AVENUE EAST,1,4,0,0,2,5,0,,25,0,0,0,0,0,4,1,13
,2017_57160,39.8356446,-104.6717644,2/7/2017 20:10,20:10,12,0,0,PENA BOULEVARD INBOUND 8000 BLOCK & SHADY GROVE STREET,1,3,0,0,1,4,0,,45,0,0,0,0,0,4,2,1
,2017_57161,39.7305,-104.959215,2/7/2017 20:26,20:26,8,0,0,JOSEPHINE STREET 900 BLOCK NORTH & NINTH AVENUE EAST,1,3,0,0,1,4,0,,30,0,0,0,0,0,4,2,8
,2017_57162,39.73370022,-104.973233,2/8/2017 12:30,12:30,12,0,0,11TH AVENUE & 500 BLOCK WEST,1,1,0,0,1,3,0,,30,0,0,0,0,0,4,2,13
,2017_57163,39.798387,-104.861304,2/8/2017 6:20,6:20,14,0,0,56TH AVENUE EAST & JOLIET STREET NORTH,1,3,0,0,1,3,0,,35,0,0,0,0,0,4,3,8
,2017_57164,39.79062,-104.7984435,2/8/2017 6:21,6:21,15,0,0,LAREDO STREET & 53RD AVENUE EAST,1,1,0,0,1,4,0,,45,0,0,0,0,0,4,2,1
,2017_57165,39.736845,-104.9684625,2/8/2017 6:35,6:35,13,0,1,13TH AVENUE EAST & FRANKLIN STREET NORTH,1,1,0,0,1,1,0,,30,0,0,0,0,2,4,2,13
,2017_57166,39.757896,-104.8906935,2/8/2017 7:15,7:15,3,0,0,CENTRAL PARK & 29TH AVENUE,1,1,0,0,1,1,0,,30,0,0,0,0,0,4,2,13
,2017_57167,39.72730815,-104.9703692,2/8/2017 7:32,7:32,6,0,0,SEVENTH AVENUE & 100 BLOCK WEST,1,1,1,0,1,4,0,,25,0,0,0,0,0,4,2,13
,2017_57168,39.743379,-104.9275215,2/8/2017 7:45,7:45,3,0,0,17TH AVENUE EAST & FILBERT COURT NORTH,1,1,0,0,1,1,0,,25,0,0,0,0,0,4,2,7
,2017_57169,39.717819,-104.9485815,2/8/2017 8:41,8:41,3,0,0,ADAMS STREET NORTH & FIRST AVENUE EAST,1,1,0,0,1,1,0,,30,0,0,0,0,0,4,2,16
,2017_57170,39.745206,-105.0095835,2/8/2017 9:06,9:06,12,0,0,AURARIA PARKWAY EASTBOUND & SEVENTH STREET,1,1,0,0,1,3,0,,35,0,0,0,0,0,4,2,14
,2017_57171,39.75633,-105.015852,2/8/2017 9:30,9:30,12,0,0,SPEER BOULEVARD & ZUNI STREET NORTH,1,1,0,0,1,4,0,,35,0,0,0,0,0,4,2,13
,2017_57172,39.711186,-104.892912,2/8/2017 9:35,9:35,12,0,0,FAIRMOUNT DRIVE 8200 BLOCK EAST & ALAMEDA AVENUE EAST,1,1,1,0,1,3,0,,30,0,0,0,0,0,4,2,13
,2017_57173,39.789108,-104.8190715,2/8/2017 9:45,9:45,5,0,0,5200 BLOCK NORTH DEEPHAVEN COURT & 52ND AVENUE EAST,1,1,0,0,2,4,0,,25,0,0,0,0,0,4,1,1
,2017_57174,39.779577,-104.8471335,2/8/2017 9:45,9:45,15,0,0,46TH AVENUE EAST & PEORIA STREET NORTH,1,1,0,0,1,4,0,,25,0,0,0,0,0,4,2,1
,2017_57175,39.724137,-104.9875065,2/8/2017 10:22,10:22,6,0,0,FIFTH AVENUE WEST & BROADWAY NORTH,1,1,1,0,1,4,0,,25,0,0,0,0,0,4,2,3
,2017_57176,39.711321,-104.933943,2/8/2017 10:30,10:30,12,0,0,ALAMEDA AVENUE EAST & CHERRY CREEK DRIVE SOUTH,1,1,0,0,1,3,0,,,0,0,0,0,0,4,2,13
,2017_57177,39.744846,-104.9734035,2/8/2017 10:55,10:55,3,0,0,18TH AVENUE EAST & DOWNING STREET NORTH,1,1,0,0,1,1,0,,30,0,0,0,0,0,4,2,16
,2017_57178,39.651102,-104.8848435,2/8/2017 12:25,12:25,3,0,0,YOSEMITE STREET & JEFFERSON AVENUE EAST,1,1,1,0,1,2,0,,35,0,0,0,0,1,4,2,13
,2017_57179,39.74166,-104.981094,2/8/2017 13:44,13:44,3,0,0,16TH AVENUE & PENNSYLVANNIA STREET NORTH,1,1,0,0,1,1,0,,30,0,0,0,0,0,4,3,7
,2017_57180,39.674754,-104.875281,2/8/2017 14:42,14:42,3,0,0,DAYTON WAY SOUTH & ILIFF AVENUE EAST,1,1,1,0,1,1,0,,25,0,0,0,0,0,4,2,14
,2017_57181,39.77458519,-105.0334092,2/8/2017 14:54,14:54,15,0,0,KING STREET & 4000 BLOCK NORTH,1,1,1,0,1,4,0,,25,0,0,0,0,0,4,2,13
,2017_57182,39.744855,-104.987394,2/8/2017 15:23,15:23,15,0,0,18TH AVENUE EAST & BROADWAY NORTH,1,1,0,0,1,3,0,,35,0,0,0,0,0,4,2,13
,2017_57183,39.738438,-104.982345,2/8/2017 15:32,15:32,12,0,0,14TH AVENUE EAST & LOGAN STREET NORTH,1,1,0,0,1,1,0,,35,0,0,0,0,1,4,2,16
,2017_57184,39.732084,-104.9986845,2/8/2017 15:38,15:38,3,0,0,10TH AVENUE WEST & SANTA FE DRIVE NORTH,1,1,1,0,1,1,0,,25,0,0,0,0,0,4,2,13
,2017_57185,39.678624,-105.0250365,2/8/2017 16:30,16:30,15,0,0,EVANS AVENUE WEST 2900 BLOCK & FEDERAL BOULEVARD SOUTH,1,1,0,0,1,4,0,,25,0,0,0,0,0,4,3,7
,2017_57186,39.691422,-104.912901,2/8/2017 16:35,16:35,15,0,0,MONACO STREET 1400 BLOCK SOUTH & CHERRY CREEK NORTH DRIVE,1,1,0,0,1,2,0,,,0,0,0,0,0,4,2,13
,2017_57187,39.779136,-105.0346035,2/8/2017 16:50,16:50,12,0,0,LOWELL BOULEVARD NORTH & SCOTT PLACE WEST,1,1,0,0,1,4,0,,35,0,0,0,0,0,4,3,13
,2017_57188,39.779136,-105.0346035,2/8/2017 16:50,16:50,12,0,0,LOWELL BOULEVARD NORTH & SCOTT PLACE WEST,1,1,0,0,1,4,0,,35,0,0,0,0,0,4,3,13
,2017_57189,39.782385,-104.847093,2/8/2017 18:15,18:15,3,0,0,PEORIA STREET & 47TH AVENUE EAST,1,3,0,0,1,2,0,,40,0,0,0,0,0,4,2,3
,2017_57190,39.76206553,-104.9658933,2/9/2017 8:08,8:08,6,0,0,WILLIAMS STREET NORTH 3200 BLOCK & 33RD AVENUE EAST,1,1,0,0,1,4,0,,25,0,0,0,0,0,4,2,13
,2017_57191,39.738375,-104.965992,2/8/2017 18:50,18:50,10,0,0,14TH AVENUE EAST & WILLIAMS STREET NORTH,1,1,0,0,1,1,0,,30,0,0,0,0,0,4,2,8
,2017_57192,39.717801,-104.941341,2/8/2017 19:17,19:17,3,0,0,HARRISON STREET NORTH & FIRST AVENUE EAST,1,3,0,0,1,1,0,,60,0,0,0,0,0,4,2,13
,2017_57193,39.769272,-105.0158655,2/8/2017 19:30,19:30,3,0,0,38TH AVENUE WEST & ZUNI STREET NORTH,1,3,0,0,1,1,0,,30,0,0,0,0,0,4,2,13
,2017_57194,39.745134,-104.9857515,2/8/2017 20:15,20:15,12,0,0,LINCOLN STREET 1800 BLOCK NORTH & 19TH AVENUE EAST,1,3,0,0,1,4,0,,25,0,0,0,0,0,4,2,12
,2017_57195,39.736854,-104.9787,2/8/2017 21:00,21:00,6,0,0,WASHINGTON STREET NORTH & 13TH AVENUE EAST,1,3,0,0,1,4,0,,30,0,0,0,0,0,4,3,13
,2017_57196,39.690378,-104.91291,2/8/2017 22:57,22:57,3,0,0,CHERRY CREEK SOUTH DRIVE EAST & MONACO STREET SOUTH,1,3,0,0,1,1,0,,25,0,0,0,0,0,4,2,1
,2017_57197,39.786219,-104.8469715,2/9/2017 1:24,1:24,3,0,0,PEORIA STREET NORTH & ANDREWS DRIVE EAST,1,2,0,0,1,1,0,,25,0,0,0,0,0,4,2,13
,2017_57198,39.71295,-104.959332,2/9/2017 6:30,6:30,12,0,0,UNIVERSITY BOULEVARD SOUTH & CEDAR AVENUE EAST,1,3,0,0,1,1,0,,30,0,0,0,0,0,4,2,7
,2017_57199,39.717459,-104.987502,2/11/2017 23:11,23:11,15,0,0,BROADWAY NORTH & IRVINGTON PLACE EAST,1,3,0,0,1,1,0,,30,0,0,0,0,1,4,2,13
,2017_57200,39.779289,-104.839803,2/9/2017 7:30,7:30,12,0,0,ALBROOK DRIVE EAST 13300 BLOCK & CROWN BOULEVARD NORTH,1,1,0,0,1,2,0,,25,0,0,0,0,0,4,2,13
,2017_57201,39.689523,-105.0156945,2/9/2017 7:56,7:56,12,0,0,FLORIDA AVENUE WEST & ZUNI STREET SOUTH,1,1,0,0,1,1,0,,35,0,0,0,0,1,4,2,3
,2017_57202,39.7170765,-104.8955513,2/9/2017 7:59,7:59,10,0,0,LOWRY BOULEVARD EAST & FAIRMOUNT DRIVE EAST,1,1,0,0,1,6,0,,35,0,0,0,0,1,4,2,13
,2017_57203,39.758247,-104.987457,2/9/2017 8:02,8:02,15,0,0,BROADWAY STREET NORTH & WALNUT STREET,1,1,0,0,1,1,0,,,0,0,0,0,0,4,2,13
,2017_57204,39.700368,-105.0391035,2/9/2017 8:24,8:24,3,0,0,KENTUCKY AVENUE WEST & PATTON STREET SOUTH,1,1,0,0,1,1,0,,25,0,0,0,0,0,4,2,16
,2017_57205,39.83338151,-104.771988,2/9/2017 8:30,8:30,5,0,0,PENA BOULEVARD 6900 BLOCK & TOWER ROAD,1,1,0,0,3,4,0,,65,0,0,0,0,1,4,1,14
,2017_57206,39.771063,-104.8470435,2/9/2017 8:40,8:40,5,0,1,39TH AVENUE EAST & PEORIA STREET NORTH,1,1,1,7,2,4,0,,40,0,0,0,0,2,4,1,3
,2017_57208,39.789279,-104.8471785,2/12/2017 3:30,3:30,12,0,0,PEORIA STREET NORTH & 51ST AVENUE EAST,1,3,0,0,1,1,0,,,0,0,0,0,0,4,2,13
,2017_57209,39.711141,-104.987592,2/9/2017 11:45,11:45,15,0,0,BROADWAY STREET 200 BLOCK & ALAMEDA AVENUE WEST,1,1,1,0,1,4,0,,30,0,0,0,0,0,4,2,3
,2017_57210,39.749616,-105.0003405,2/11/2017 3:01,3:01,3,0,0,15TH STREET & BLAKE STREET,1,3,0,0,1,1,0,,25,0,0,0,0,0,4,2,13
,2017_57211,39.711186,-104.997132,2/9/2017 11:58,11:58,15,0,0,SANTA FE DRIVE SOUTH 300 BLOCK & ALAMEDA AVENUE EAST,1,1,0,0,1,4,0,,25,0,0,0,0,0,4,2,13
,2017_57212,39.678435,-104.9407425,2/9/2017 13:00,13:00,3,0,0,EVANS AVENUE EAST & COLORADO BOULEVARD SOUTH,1,1,0,0,1,2,0,,,0,0,0,0,0,4,2,13
,2017_57213,39.743262,-104.9775525,2/9/2017 14:00,14:00,3,0,0,17TH AVENUE EAST & CLARKSON STREET NORTH,1,1,0,0,1,1,0,,30,0,0,0,0,0,4,2,16
,2017_57214,39.711186,-104.997132,2/9/2017 15:48,15:48,3,0,0,ALAMEDA AVENUE WEST & SANTA FE DRIVE SOUTH,1,1,0,0,1,1,0,,30,0,0,0,0,0,4,2,13
,2017_57215,39.785733,-104.8385025,2/9/2017 15:50,15:50,3,0,0,ANDREWS DRIVE EAST & TITAN COURT NORTH,1,1,0,0,1,1,0,,35,0,0,0,0,1,4,2,13
,2017_57216,39.727305,-104.9986125,2/9/2017 16:32,16:32,10,0,0,SANTA FE DRIVE NORTH & SEVENTH AVENUE WEST,1,1,1,0,1,1,0,,30,0,0,0,0,0,4,2,13
,2017_57217,39.730437,-104.988852,2/9/2017 16:50,16:50,6,0,0,ACOMA STREET & NINTH AVENUE WEST,1,1,0,0,1,4,0,,30,0,0,0,0,0,4,2,1
,2017_57218,39.760803,-104.985864,2/11/2017 0:43,0:43,12,0,0,BLAKE STREET & 27TH STREET,1,4,0,0,1,1,0,,35,0,0,0,0,0,4,2,5
,2017_57219,39.700233,-104.91291,2/9/2017 18:23,18:23,12,0,0,MONACO STREET SOUTH 900 BLOCK & KENTUCKY AVENUE EAST,1,3,0,0,1,4,0,,35,0,0,0,0,0,4,4,14
,2017_57220,39.674745,-104.8740345,2/9/2017 18:45,18:45,3,0,0,ILIFF AVENUE EAST & EMPORIA STREET SOUTH,1,3,0,0,1,1,0,,35,0,0,0,0,0,4,2,13
,2017_57221,39.783609,-104.7913916,2/19/2017 10:55,10:55,9,0,0,PENA BOULEVARD 4700 BLOCK & GREEN VALLEY RANCH BOULEVARD,1,1,0,0,1,4,0,,65,0,0,0,0,1,4,1,12
,2017_57222,39.72627,-105.0002055,2/9/2017 18:45,18:45,15,0,0,SIXTH AVENUE WEST & KALAMATH STREET NORTH,1,3,0,0,1,1,0,,35,0,0,0,0,0,4,2,13
,2017_57223,39.713058,-104.943762,2/9/2017 21:06,21:06,6,0,0,GARFIELD STREET & CEDAR AVENUE EAST,1,3,0,0,1,4,0,,20,0,0,0,0,0,4,2,12
,2017_57224,39.780063,-104.9698215,2/14/2017 6:14,6:14,5,0,0,46TH AVENUE EAST & HUMBOLDT STREET NORTH,1,1,0,0,3,4,0,,30,0,0,0,0,0,4,1,13
,2017_57225,39.7809,-104.886144,2/9/2017 22:35,22:35,15,0,0,46TH PLACE EAST & XENIA STREET NORTH,1,3,0,0,1,1,0,,25,0,0,0,0,0,4,2,1
,2017_57226,39.698298,-105.012603,2/9/2017 23:11,23:11,6,0,0,TENNESSEE AVENUE WEST & TEJON STREET SOUTH,1,3,0,0,1,4,0,,30,0,0,0,0,0,4,2,1
,2017_57227,39.695283,-104.912973,2/10/2017 1:03,1:03,6,0,0,MONACO PARKWAY SOUTH 1100 BLOCK & ARIZONA AVENUE EAST,1,3,0,0,1,4,0,,,0,0,0,0,0,4,2,13
,2017_57228,39.800799,-104.764761,2/10/2017 2:10,2:10,6,0,0,57TH PLACE EAST & CEYLON STREET NORTH,1,3,0,0,1,4,0,,,0,0,0,0,0,4,2,13
,2017_57229,39.65562,-105.0457725,2/10/2017 3:00,3:00,6,0,0,WINONA COURT SOUTH & FLOYD AVENUE WEST,1,1,0,0,1,4,0,,25,0,0,0,0,0,4,2,1
,2017_57230,39.761577,-104.897601,2/13/2017 7:00,7:00,5,0,0,SPRUCE STREET & 5400 BLOCK,1,3,0,0,2,3,0,,35,0,0,0,0,0,4,1,13
,2017_57231,39.725658,-104.9863095,2/10/2017 3:02,3:02,12,0,0,SPEER BOULEVARD EAST 200 BLOCK & SIXTH AVENUE EAST,1,1,0,0,1,4,0,,30,0,0,0,0,0,4,2,1
,2017_57232,39.722895,-105.0250725,2/10/2017 6:46,6:46,12,0,0,FEDERAL BOULEVARD 400 BLOCK & SHORT PLACE WEST,1,1,0,0,1,3,0,,35,0,0,0,0,0,4,2,13
,2017_57233,39.711141,-104.987592,2/10/2017 7:01,7:01,12,0,0,BROADWAY STREET 300 BLOCK SOUTH & ALAMEDA AVENUE EAST,1,1,0,0,1,4,0,,30,0,0,0,0,0,4,2,1
,2017_57234,39.762018,-104.959773,2/10/2017 7:48,7:48,12,0,0,YORK STREET NORTH & MARTIN LUTHER KING BOULEVARD EAST,1,1,0,0,1,3,0,,30,0,0,0,0,0,4,2,13
,2017_57235,39.756951,-104.98743,2/10/2017 8:24,8:24,5,0,0,LARIMER STREET & BROADWAY STREET,1,1,1,0,3,1,0,,30,0,0,0,0,0,4,1,8
,2017_57236,39.748185,-104.9864445,2/16/2017 21:39,21:39,15,0,0,20TH STREET & WELTON STREET,1,3,0,0,1,3,0,,,0,0,0,0,0,4,2,13
,2017_57237,39.696759,-105.0156675,2/10/2017 9:03,9:03,3,0,0,MISSISSIPPI AVENUE WEST 2100 BLOCK & ZUNI STREET SOUTH,1,1,0,0,1,2,0,,25,0,0,0,0,0,4,2,13
,2017_57238,39.741606,-104.98995,2/10/2017 10:13,10:13,15,0,0,COURT PLACE & 15TH STREET,1,1,0,0,1,1,0,,25,0,0,0,0,0,4,2,8
,2017_57239,39.709278,-104.974533,2/10/2017 10:35,10:35,6,0,0,CORONA STREET SOUTH 300 BLOCK & DAKOTA AVENUE EAST,1,4,0,0,1,4,0,,,0,0,0,0,0,4,2,13
,2017_57240,39.707505,-104.98635,2/10/2017 11:27,11:27,12,0,0,LINCOLN STREET SOUTH 500 BLOCK & VIRGINIA AVENUE EAST,1,1,1,0,1,4,0,,30,0,0,0,0,0,4,2,3
,2017_57241,39.76924477,-104.9176392,2/10/2017 11:44,11:44,12,0,0,38TH AVENUE & 3500 BLOCK WEST,1,1,1,0,1,4,0,,30,0,0,0,0,0,4,4,13
,2017_57242,39.78052375,-104.931652,2/10/2017 11:45,11:45,12,0,0,DAHLIA STREET 4600 BLOCK NORTH & 46TH AVENUE EAST,1,1,0,0,1,3,0,,25,0,0,0,0,0,4,2,16
,2017_57243,39.628026,-104.9070645,2/10/2017 12:45,12:45,3,0,0,NEWPORT STREET SOUTH & UNION AVENUE EAST,1,1,1,0,1,1,0,,35,0,0,0,0,0,4,2,13
,2017_57244,39.727314,-105.0002235,2/10/2017 12:51,12:51,3,0,0,SEVENTH AVENUE WEST & KALAMATH STREET,1,1,0,0,1,3,0,,35,0,0,0,0,0,4,2,14
,2017_57245,39.762027,-105.007095,2/10/2017 19:10,19:10,1,0,0,BOULDER STREET & 32ND AVENUE WEST,1,3,0,0,1,1,0,,25,0,0,0,0,0,4,2,16
,2017_57246,39.76114046,-104.895621,2/10/2017 14:25,14:25,12,0,0,TAMARAC STREET 4000 BLOCK SOUTH & PRIVATE ROAD,1,1,1,7,1,4,0,,35,0,0,0,0,0,4,2,14
,2017_57247,39.698388,-104.959332,2/10/2017 14:45,14:45,15,0,0,UNIVERSITY BOULEVARD 900 BLOCK SOUTH & TENNESSEE AVENUE EAST,1,1,0,0,1,3,0,,30,0,0,0,0,0,4,2,16
,2017_57248,39.762,-104.9318325,2/10/2017 15:10,15:10,12,0,0,DAHLIA STREET NORTH & MLK BOULEVARD EAST,1,1,0,0,1,4,0,,65,0,0,0,0,0,4,2,13
,2017_57249,39.682143,-104.9734305,2/10/2017 15:20,15:20,1,0,0,JEWELL AVENUE EAST & DOWING STREET SOUTH,1,1,0,0,1,1,0,,25,0,0,0,0,0,4,2,13
,2017_57250,39.678534,-104.9863635,2/10/2017 15:38,15:38,15,0,0,EVANS AVENUE EAST & LINCOLN STREET SOUTH,1,1,0,0,1,1,0,,35,0,0,0,0,0,4,3,13
,2017_57251,39.711168,-104.99238,2/10/2017 16:17,16:17,15,0,0,ALAMEDA AVENUE WEST & CHEROKEE STREET SOUTH,1,1,0,0,1,3,0,,,0,0,0,0,0,4,2,13
,2017_57252,39.770496,-105.0017715,2/11/2017 2:18,2:18,3,0,0,39TH AVENUE WEST & LIPAN STREET NORTH,1,4,0,0,1,1,0,,25,0,0,0,0,0,4,2,1
,2017_57253,39.736845,-104.9929335,2/10/2017 16:24,16:24,12,0,0,13TH AVENUE 400 BLOCK WEST & DELAWARE STREET,1,2,0,0,1,3,0,,30,0,0,0,0,0,4,3,13
,2017_57254,39.70584,-105.0324525,2/10/2017 16:37,16:37,3,0,0,KNOX COURT SOUTH & CENTER AVENUE WEST,1,1,1,0,1,1,0,,25,0,0,0,0,1,4,2,13
,2017_57255,39.743217,-104.96475,2/10/2017 16:47,16:47,3,0,0,17TH AVENUE EAST & HIGH STREET NORTH,1,1,0,0,1,1,0,,25,0,0,0,0,0,4,2,4
,2017_57256,39.711177,-104.9269635,2/10/2017 17:24,17:24,12,0,0,FOREST STREET & ALAMEDA AVENUE EAST,1,4,1,0,1,1,0,,20,0,0,0,0,0,4,2,14
,2017_57257,39.717909,-104.951223,2/10/2017 18:18,18:18,15,0,0,FIRST AVENUE & STREET PAUL STREET NORTH,1,1,0,0,1,3,0,,30,0,0,0,0,0,4,2,13
,2017_57258,39.786408,-104.847156,2/10/2017 18:20,18:20,15,0,0,49TH AVENUE EAST & PEORIA STREET NORTH,1,3,0,0,1,1,0,,35,0,0,0,0,0,4,2,14