id,drcog_id,latitude,longitude,crashtime,time,crashtype,numbkilled,numbinjurd,drcoglocat,rdconditin,lightngcon,roadcntgrd,weatherco,location,roaddescrp,constrzone,schoolzone,splimit,bikeinv,pedinv,sctrinv,motoinv,svrty,rdsystem,ttlvehcls,hcf
,2017_57259,39.733902,-104.9872635,2/10/2017 18:50,18:50,15,0,0,BROADWAY STREET 1100 BLOCK NORTH & 12TH AVENUE EAST,1,3,0,0,1,4,0,,35,0,0,0,0,0,4,2,13
,2017_57260,39.769272,-105.00057,2/10/2017 19:11,19:11,1,0,1,38TH AVENUE WEST & KALAMATH STREET NORTH,1,3,0,0,1,1,0,,35,0,0,0,0,2,4,2,1
,2017_57261,39.759498,-104.90346,2/10/2017 20:25,20:25,1,0,1,QUEBEC STREET NORTH & 29TH DRIVE,1,3,0,0,1,1,0,,40,0,0,0,0,2,4,2,13
,2017_57262,39.738681,-104.898762,2/10/2017 20:38,20:38,5,0,0,14TH AVENUE EAST & SYRACUSE STREET NORTH,1,3,1,0,3,1,0,,30,0,0,0,0,0,4,1,13
,2017_57263,39.753054,-104.9854905,2/10/2017 21:00,21:00,12,0,0,PARK AVENUE WEST & CHAMPA STREET,1,3,0,0,1,1,0,,35,0,0,0,0,0,4,2,13
,2017_57264,39.736854,-104.9787,2/10/2017 22:32,22:32,3,0,0,13TH AVENUE EAST & WASHINGTON STREET NORTH,1,3,1,0,1,1,0,,60,0,0,0,0,0,4,2,4
,2017_57265,39.725316,-104.922801,2/10/2017 22:40,22:40,3,0,0,SIXTH AVENUE EAST & HOLLY STREET NORTH,1,3,0,0,1,1,0,,30,0,0,0,0,0,4,2,14
,2017_57266,39.796227,-104.820021,2/10/2017 23:00,23:00,6,0,0,CROWN BOULEVARD NORTH & ROBINS CIRCLE EAST,1,3,0,0,1,1,0,,,0,0,0,0,0,4,3,13
,2017_57267,39.755997,-104.964471,2/11/2017 0:22,0:22,6,0,0,HIGH STREET 2700 BLOCK & ALLEY NORTH,1,3,1,0,2,5,0,,,0,0,0,0,0,4,2,13
,2017_57268,39.750804,-104.98743,2/11/2017 2:20,2:20,3,0,0,BROADWAY NORTH & 21ST STREET,1,3,0,0,1,1,0,,35,0,0,0,0,0,4,2,13
,2017_57269,39.744126,-104.9950125,2/11/2017 6:45,6:45,12,0,0,STOUT STREET 1400 BLOCK & 15TH STREET,1,1,0,0,1,4,0,,25,0,0,0,0,0,4,2,13
,2017_57270,39.680244,-104.9606235,2/11/2017 7:00,7:00,6,0,0,YORK STREET SOUTH & ASBURY AVENUE EAST,1,1,0,0,1,4,0,,35,0,0,0,0,0,4,2,13
,2017_57271,39.725649,-104.986314,2/11/2017 7:50,7:50,9,0,0,SPEER BOULEVARD NORTHBOUND & LINCOLN STREET NORTH,1,1,1,0,1,1,0,,35,0,0,0,0,0,4,3,1
,2017_57272,39.750363,-104.981985,2/11/2017 8:17,8:17,3,0,0,PARK AVENUE WEST & GLENARM PLACE,1,1,0,1,1,1,0,,35,0,0,0,0,0,4,2,13
,2017_57273,39.732273,-105.0191325,2/11/2017 9:56,9:56,5,0,0,ALCOTT STREET SOUTH / BRYANT STREET ALLEY & 495 SOUTH,1,1,0,0,3,5,0,,20,0,0,0,0,0,4,1,1
,2017_57274,39.71304,-105.015681,2/11/2017 11:37,11:37,3,0,0,CEDAR AVENUE WEST & ZUNI STREET,1,1,0,0,1,1,0,,25,0,0,0,0,0,4,2,1
,2017_57275,39.72411,-105.000192,2/11/2017 12:05,12:05,3,0,0,KALAMATH STREET NORTH & FIFTH AVENUE WEST,1,1,0,0,1,1,0,,35,0,0,0,0,0,4,2,13
,2017_57276,39.700233,-104.91291,2/11/2017 15:20,15:20,12,0,0,MONACO STREET 900 BLOCK SOUTH & KENTUCKY AVENUE EAST,1,1,1,7,1,1,0,,35,0,0,0,0,1,4,3,16
,2017_57277,39.733902,-104.9872635,2/11/2017 16:31,16:31,15,0,0,BROADWAY STREET 1100 BLOCK NORTH & 12TH AVENUE EAST,1,1,0,0,1,4,0,,30,0,0,0,0,0,4,2,16
,2017_57278,39.725532,-104.940801,2/11/2017 17:40,17:40,3,0,0,SIXTH AVENUE EAST & COLORADO BOULEVARD NORTH,1,3,0,0,1,1,0,,30,0,0,0,0,0,4,2,7
,2017_57279,39.667626,-104.910921,2/11/2017 17:41,17:41,15,0,0,YALE AVENUE EAST & MAGNOLIA STREET SOUTH,1,2,0,0,1,1,0,,35,0,0,0,0,0,4,2,1
,2017_57280,39.772962,-104.975442,2/11/2017 18:35,18:35,12,0,0,38TH STREET & BRIGHTON BOULEVARD NORTH,1,3,0,0,1,1,0,,,0,0,0,0,0,4,2,13
,2017_57281,39.682755,-104.959332,2/11/2017 19:00,19:00,1,0,0,BUCHTEL BOULEVARD EAST & UNIVERSITY BOULEVARD SOUTH,1,3,0,0,1,1,0,,60,0,0,0,0,0,4,2,8
,2017_57282,39.715263,-104.959323,2/11/2017 20:00,20:00,1,0,0,UNIVERSITY BOULEVARD SOUTH & CHERRY CREEK SOUTH DRIVE EAST,1,3,0,0,1,1,0,,30,0,0,0,0,0,4,2,13
,2017_57283,39.703851,-104.95935,2/11/2017 20:26,20:26,1,0,0,UNIVERSITY BOULEVARD SOUTH & EXPOSITION AVENUE EAST,1,3,0,7,1,1,0,,30,0,0,0,0,0,4,3,7
,2017_57284,39.702087,-105.04575,2/11/2017 21:20,21:20,3,0,0,MORRISON ROAD & UTICA STREET SOUTH,1,1,0,0,1,3,0,,25,0,0,0,0,0,4,2,13
,2017_57285,39.77015279,-104.8878169,2/11/2017 22:27,22:27,14,0,0,CENTRAL PARK BL 3700 BLOCK NORTH & SMITH ROAD EAST,1,3,1,7,1,4,0,,35,0,0,0,0,0,4,2,5
,2017_57286,39.73203,-104.987403,2/11/2017 22:45,22:45,1,0,0,10TH AVENUE EAST & BROADWAY STREET NORTH,1,3,0,7,1,1,0,,,0,0,0,0,0,4,2,16
,2017_57287,39.729087,-104.987412,2/11/2017 22:49,22:49,12,0,3,EIGHTH AVENUE & 7920 EAST EIGHTH AVENUE,1,3,0,0,1,4,0,,25,0,0,0,0,2,4,2,13
,2017_57288,39.752946,-104.992614,2/20/2017 1:25,1:25,15,0,0,LARIMER STREET & 20TH STREET,1,3,0,0,1,4,0,,,0,0,0,0,0,4,2,13
,2017_57289,39.74598,-104.9980725,2/12/2017 1:00,1:00,12,0,0,14TH STREET & ARAPAHOE STREET,1,3,0,0,1,1,0,,30,0,0,0,0,0,4,2,1
,2017_57290,39.730437,-104.975253,2/12/2017 8:36,8:36,6,0,0,OGDEN STREET & NINTH AVENUE EAST,1,1,0,0,1,4,0,,25,0,0,0,0,1,4,3,14
,2017_57291,39.711186,-104.997132,2/12/2017 10:34,10:34,3,0,0,ALAMEDA AVENUE WEST & SANTA FE DRIVE SOUTH,1,1,1,0,1,1,1,,45,0,0,0,0,0,4,2,13
,2017_57292,39.7510065,-104.8982423,2/12/2017 13:45,13:45,15,0,0,23RD AVENUE & STEELE STREET NORTH,1,1,0,0,1,1,0,,35,0,0,0,0,0,4,2,8
,2017_57293,39.72627,-105.0002055,2/12/2017 14:41,14:41,12,0,0,SIXTH AVENUE 1000 BLOCK WEST & KALAMATH STREET NORTH,1,1,0,0,1,4,0,,35,0,0,0,0,0,4,2,16
,2017_57294,39.7839105,-105.0062513,2/12/2017 15:49,15:49,10,0,0,PECOS STREET & 48TH AVENUE WEST,1,1,0,0,1,4,0,,30,0,0,0,0,0,4,2,8
,2017_57295,39.745206,-105.0095835,2/12/2017 16:29,16:29,10,0,0,SEVENTH STREET & AURARIA PARKWAY,1,1,0,0,1,1,0,,45,0,0,0,0,0,4,2,13
,2017_57296,39.762954,-104.981373,2/12/2017 16:48,16:48,15,0,0,WALNUT STREET & 30TH STREET,1,2,0,0,1,1,0,,30,0,0,0,0,0,4,3,3
,2017_57297,39.754683,-104.9293845,2/12/2017 17:26,17:26,15,0,0,26TH AVENUE & ELM STREET NORTH,14,3,0,0,1,4,0,,30,0,0,0,0,0,4,2,7
,2017_57298,39.738465,-105.035814,2/12/2017 19:28,19:28,6,0,0,14TH AVENUE WEST & MEADE STREET NORTH,14,3,0,0,1,4,0,,25,0,0,0,0,0,4,2,13
,2017_57299,39.783609,-104.7913916,2/12/2017 20:30,20:30,12,0,0,GREEN VALLEY RANCH BOULEVARD & PENA BOULEVARD,1,3,1,0,1,4,0,,35,0,0,0,0,0,4,2,14
,2017_57300,39.736485,-104.9292135,2/12/2017 22:30,22:30,6,0,0,ELM STREET NORTH & 13TH AVENUE EAST,14,4,0,0,1,4,0,,25,0,0,0,0,0,4,2,13
,2017_57301,39.705669,-105.0250905,2/13/2017 0:20,0:20,12,0,0,CENTER AVENUE WEST & FEDERAL BOULEVARD SOUTH,1,3,0,0,1,3,0,,25,0,0,0,0,0,4,2,13
,2017_57302,39.718152,-105.045723,2/13/2017 7:20,7:20,3,0,0,FIRST AVENUE WEST & VRAIN STREET NORTH,1,1,0,7,1,1,0,,25,0,0,0,0,0,4,2,7
,2017_57303,39.783609,-104.7913916,2/13/2017 8:05,8:05,12,0,0,GREEN VALLEY RANCH BOULEVARD EAST & PENA BOULEVARD,1,5,1,7,1,3,0,,40,0,0,0,0,0,4,2,16
,2017_57304,39.680226,-104.9508,2/13/2017 8:18,8:18,3,0,0,STREET PAUL STREET SOUTH & ASBURY AVENUE EAST,1,1,0,7,1,1,0,,25,0,0,0,0,0,4,2,16
,2017_57305,39.743559,-104.9859,2/13/2017 8:25,8:25,12,0,0,LINCOLN STREET 1700 BLOCK NORTH & 16TH AVENUE EAST,1,1,0,7,1,4,0,,35,0,0,0,0,0,4,2,8
,2017_57306,39.680226,-104.953662,2/13/2017 8:45,8:45,6,0,0,ASBURY AVENUE & FILLMORE STREET SOUTH,1,1,0,0,1,4,0,,25,0,0,0,0,0,4,2,13
,2017_57307,39.75487798,-104.9708835,2/13/2017 10:45,10:45,6,0,0,LAFAYETTE STREET & 3700 BLOCK NORTH,1,3,0,0,1,4,0,,25,0,0,0,0,0,4,2,13
,2017_57308,39.782376,-104.856597,2/13/2017 11:30,11:30,3,0,0,47TH AVENUE EAST & LIMA STREET NORTH,1,1,1,0,1,1,0,,35,0,0,0,0,0,4,2,13
,2017_57309,39.671271,-104.9734845,2/13/2017 11:53,11:53,6,0,0,HARVARD AVENUE EAST 1100 BLOCK & DOWNING STREET SOUTH,1,1,0,0,1,5,0,,30,0,0,0,0,0,4,2,14
,2017_57310,39.73833,-104.9450535,2/13/2017 12:14,12:14,3,0,0,14TH AVENUE EAST & MONROE STREET NORTH,1,5,1,0,1,1,0,,25,0,0,0,0,0,4,2,13
,2017_57311,39.718332,-104.987502,2/13/2017 12:45,12:45,15,0,0,BROADWAY STREET NORTH & FIRST AVENUE EAST,1,1,0,0,1,2,0,,30,0,0,0,0,0,4,2,13
,2017_57312,39.818241,-104.772114,2/13/2017 14:30,14:30,15,0,0,TOWER ROAD & 67TH AVENUE EAST,1,1,0,0,1,4,0,,45,0,0,0,0,0,4,2,1
,2017_57313,39.844746,-104.680755,2/13/2017 15:23,15:23,3,0,0,PENA BOULEVARD OUTBOUND 8400 BLOCK & NEW CASTLE STREET,1,1,0,0,1,2,0,,35,0,0,0,0,0,4,2,12
,2017_57314,39.751056,-104.9828805,2/13/2017 15:27,15:27,3,0,0,PARK AVENUE WEST & WELTON STREET,1,1,1,7,1,1,0,,30,0,0,0,0,0,4,2,5
,2017_57315,39.730446,-104.9729625,2/13/2017 15:30,15:30,6,0,0,DOWNING STREET & NINTH AVENUE EAST,1,5,1,0,1,1,0,,30,0,0,0,0,0,4,2,13
,2017_57316,39.774204,-104.84712,2/13/2017 16:19,16:19,12,0,0,PEORIA STREET NORTH & I70 WB RAMPS APPROXIMATELY,1,1,0,0,1,1,0,,40,0,0,0,0,0,4,2,13
,2017_57317,39.67866,-105.020352,2/13/2017 16:26,16:26,12,0,0,EVANS AVENUE WEST & CLAY STREET SOUTH,1,5,0,0,1,3,0,,35,0,0,0,0,0,4,2,7
,2017_57318,39.798396,-104.786415,2/13/2017 17:50,17:50,12,0,0,56TH AVENUE 17000 BLOCK EAST & PENA BOULEVARD,1,3,0,0,1,4,0,,45,0,0,0,0,0,4,3,7
,2017_57319,39.73383,-104.984874,2/13/2017 18:20,18:20,3,0,0,SHERMAN STREET NORTH & 11TH AVENUE EAST,1,2,0,7,1,1,0,,25,0,0,0,0,0,4,2,3
,2017_57320,39.765807,-104.9054805,2/13/2017 22:47,22:47,14,0,0,PONTIAC STREET NORTH 3500 BLOCK & 25TH AVENUE EAST,1,4,0,0,1,4,0,,25,0,0,0,0,0,4,2,14
,2017_57321,39.70197,-104.987214,2/14/2017 7:06,7:06,12,0,0,LINCOLN STREET 700 BLOCK SOUTH & OHIO AVENUE EAST,1,1,0,0,1,3,0,,30,0,0,0,0,1,4,2,1
,2017_57322,39.784878,-104.814252,2/14/2017 7:17,7:17,12,0,0,GATEWAY AVENUE 14900 BLOCK EAST & ENID COURT NORTH,1,1,0,0,1,1,0,,25,0,0,0,0,0,4,2,16
,2017_57323,39.783816,-104.7816855,2/14/2017 7:20,7:20,12,0,0,GREEN VALLEY RANCH BOULEVARD EAST & TELLURIDE STREET NORTH,1,1,0,7,1,4,0,,35,0,0,0,0,0,4,3,8
,2017_57324,39.709269,-104.978061,2/14/2017 8:24,8:24,3,0,0,CLARKSON STREET SOUTH & DAKOTA AVENUE EAST,1,1,0,7,1,1,0,,25,0,0,0,0,0,4,2,14
,2017_57325,39.72128686,-105.0435948,2/14/2017 9:18,9:18,14,0,0,38TH AVENUE & TENNYSON STREET / STUART STREET ALLEY,1,1,0,0,1,5,0,,35,0,0,0,0,0,4,2,14
,2017_57326,39.692943,-104.9362245,2/14/2017 9:50,9:50,3,0,0,BIRCH STREET SOUTH & LOUISIANA AVENUE EAST,1,1,1,0,1,1,0,,30,0,0,0,0,0,4,2,13
,2017_57327,39.783798,-104.940432,2/14/2017 10:10,10:10,12,0,0,48TH AVENUE & COLORADO BOULEVARD APPROXIMATELY,1,1,1,0,1,4,0,,30,0,0,0,0,0,4,2,13
,2017_57328,39.762,-104.912865,2/14/2017 12:33,12:33,15,0,0,MLK BOULEVARD & MONACO STREET NORTH,1,1,0,0,1,3,0,,35,0,0,0,0,0,4,2,13
,2017_57329,39.763215,-105.0096105,2/20/2017 20:30,20:30,12,0,0,SHOSHONE & 33RD AVENUE WEST,1,3,0,0,1,4,0,,25,0,0,0,0,0,4,2,13
,2017_57330,39.757887,-104.9917545,2/14/2017 15:03,15:03,12,0,0,PARK AVENUE WEST 1500 BLOCK & WAZEE STREET,1,1,0,0,1,3,0,,35,0,0,0,0,0,4,2,16
,2017_57331,39.714804,-105.008625,2/14/2017 15:15,15:15,3,0,0,BAYAUD AVENUE WEST & RARITAN STREET SOUTH,1,1,0,0,1,1,0,,25,0,0,0,0,0,4,2,13
,2017_57332,39.689388,-104.987511,2/14/2017 15:25,15:25,15,0,0,BROADWAY STREET & FLORIDA AVENUE WEST,1,1,0,0,1,4,0,,30,0,0,0,0,0,4,2,13
,2017_57333,39.757887,-104.9844735,2/14/2017 15:25,15:25,3,0,0,LAWRENCE STREET & 26TH STREET,1,1,0,7,1,1,0,,30,0,0,0,0,1,4,2,3
,2017_57334,39.696894,-104.9239035,2/14/2017 15:30,15:30,1,0,0,CHERRY CREEK SOUTH DRIVE & MISSISSIPPI AVENUE EAST,1,1,0,0,1,1,0,,30,0,0,0,0,0,4,2,16
,2017_57335,39.74697,-104.987412,2/15/2017 7:44,7:44,10,0,0,BROADWAY NORTH & 19TH STREET,1,1,0,0,1,1,0,,35,0,0,0,0,0,4,2,8
,2017_57336,39.736827,-104.99166,2/14/2017 15:34,15:34,3,0,0,13TH AVENUE WEST & CHEROKEE STREET NORTH,1,1,0,0,1,1,0,,25,0,0,0,0,0,4,3,13
,2017_57337,39.703887,-104.912964,2/14/2017 15:56,15:56,3,0,0,MONACO STREET SOUTH & EXPOSITION AVENUE EAST,1,1,0,0,1,1,0,,30,0,0,0,0,0,4,2,1
,2017_57338,39.798396,-104.786415,2/14/2017 15:57,15:57,12,0,0,56TH AVENUE EAST & PENA BOULEVARD NORTH,1,1,0,7,1,4,0,,35,0,0,0,0,0,4,2,3
,2017_57339,39.717792,-104.9508225,2/14/2017 16:11,16:11,15,0,0,FIRST AVENUE 3000 BLOCK EAST & STEELE STREET NORTH,1,1,0,7,1,4,0,,35,0,0,0,0,0,4,2,16
,2017_57340,39.696732,-105.02037,2/14/2017 16:19,16:19,3,0,0,CLAY STREET SOUTH & MISSISSIPPI AVENUE WEST,1,1,0,0,1,1,0,,25,0,0,0,0,0,4,2,12
,2017_57341,39.743244,-104.978736,2/14/2017 16:41,16:41,3,0,0,WASHINGTON STREET NORTH & 17TH AVENUE EAST,1,2,0,0,1,1,0,,35,0,0,0,0,0,4,2,14
,2017_57342,39.689487,-105.025086,2/14/2017 16:56,16:56,12,0,0,FLORIDA AVENUE 2900 BLOCK WEST & FEDERAL BOULEVARD SOUTH,1,1,0,7,1,3,0,,30,0,0,0,0,0,4,2,14
,2017_57343,39.71835,-104.9745915,2/14/2017 18:06,18:06,12,0,0,SPEER BOULEVARD EAST & CORONA STREET NORTH,1,3,0,7,1,4,0,,35,0,0,0,0,0,4,2,16
,2017_57344,39.678363,-104.959404,2/14/2017 18:15,18:15,12,0,0,UNIVERSITY BOULEVARD 2100 BLOCK & EVANS AVENUE EAST,1,3,0,7,1,1,0,,30,0,0,0,0,0,4,2,16
,2017_57345,39.774915,-104.9246235,2/14/2017 18:34,18:34,3,0,0,SMITH ROAD EAST & GRAPE STREET NORTH,1,3,0,0,1,1,0,,25,0,0,0,0,0,4,2,3
,2017_57346,39.74166289,-104.9591346,2/14/2017 18:49,18:49,12,0,0,JOSEPHINE STREET 1600 BLOCK NORTH & 17TH AVENUE EAST,1,3,0,7,1,4,0,,30,0,0,0,0,0,4,2,3
,2017_57347,39.708135,-104.879142,2/14/2017 20:12,20:12,12,0,0,ALAMEDA AVENUE EAST & CLINTON STREET SOUTH,1,3,0,0,1,4,0,,35,0,0,0,0,0,4,2,13
,2017_57348,39.831858,-104.6929545,2/14/2017 21:16,21:16,3,0,0,JACKSON GAP STREET NORTH & 75TH AVENUE EAST,1,3,0,7,1,1,0,,40,0,0,0,0,0,4,2,1
,2017_57349,39.768948,-104.995332,2/14/2017 21:24,21:24,15,0,0,38TH AVENUE WEST & FOX STREET NORTH,1,3,0,7,1,1,0,,35,0,0,0,0,0,4,2,16
,2017_57350,39.720915,-104.98626,2/14/2017 22:27,22:27,3,0,0,LINCOLN STREET NORTH & THIRD AVENUE EAST,1,3,0,0,1,1,0,,30,0,0,0,0,0,4,2,13
,2017_57351,39.738366,-104.9562765,2/15/2017 2:13,2:13,6,0,0,ELIZABETH STREET NORTH & 14TH AVENUE EAST,1,4,0,0,1,4,0,,25,0,0,0,0,1,4,5,4
,2017_57352,39.702204,-105.027534,2/15/2017 7:53,7:53,3,0,0,HAZEL COURT SOUTH & OHIO AVENUE WEST,1,1,0,0,1,1,0,,25,0,0,0,0,0,4,2,1
,2017_57353,39.678453,-104.946561,2/15/2017 8:45,8:45,12,0,0,MADISON STREET SOUTH & EVANS AVENUE EAST,1,1,0,0,1,1,0,,,0,0,0,0,0,4,2,13
,2017_57354,39.678453,-104.945193,2/15/2017 9:22,9:22,13,0,0,MONROE STREET SOUTH & EVANS AVENUE EAST,1,1,0,0,1,1,0,,25,0,0,0,0,1,4,2,15
,2017_57355,39.72627,-105.0002055,2/15/2017 9:33,9:33,12,0,0,SIXTH AVENUE WEST & KALAMATH STREET,1,1,0,7,1,4,0,,45,0,0,0,0,0,4,2,1
,2017_57356,39.723705,-104.8837095,2/15/2017 9:37,9:37,10,0,0,LOWRY BOULEVARD EAST ROUNDABOUT & YOSEMITE WAY NORTH,1,1,0,0,1,6,0,,,0,0,0,0,0,4,2,8
,2017_57357,39.743514,-104.975883,2/15/2017 10:00,10:00,12,0,0,EMERSON STREET 1700 BLOCK NORTH & 18TH AVENUE EAST,1,1,0,0,1,2,0,,25,0,0,0,0,0,4,2,13
,2017_57358,39.72627,-105.0002055,2/15/2017 10:29,10:29,12,0,0,KALAMATH STREET NORTH & SIXTH AVENUE WEST ,1,1,0,7,1,3,0,,30,0,0,0,0,0,4,2,16
,2017_57359,39.759489,-104.9841405,2/15/2017 11:00,11:00,3,0,0,LARIMER STREET ALLEY 2700 BLOCK & 27TH STREET,1,1,0,7,1,5,0,,,0,0,0,0,0,4,2,16
,2017_57360,39.730446,-104.982336,2/15/2017 11:30,11:30,3,0,0,NINTH AVENUE EAST & LOGAN STREET NORTH,1,1,0,0,1,1,0,,30,0,0,0,0,1,4,4,13
,2017_57361,39.7485495,-104.894532,2/15/2017 11:41,11:41,15,0,0,21ST AVENUE & 3100 BLOCK WEST,1,1,1,0,1,4,0,,25,0,0,0,0,0,4,2,13
,2017_57362,39.724137,-104.986314,2/15/2017 12:05,12:05,1,0,0,FIFTH AVENUE EAST & LINCOLN STREET NORTH,1,1,0,7,1,1,0,,25,0,0,0,0,0,4,2,16
,2017_57363,39.716577,-105.0001965,2/15/2017 12:08,12:08,3,0,0,KALAMATH STREET NORTH & ELLSWORTH AVENUE WEST,1,1,1,7,1,1,0,,30,0,0,0,0,0,4,2,16
,2017_57364,39.70134,-105.0324435,2/15/2017 12:09,12:09,6,0,0,KNOX COURT & ADA PLACE WEST,1,1,0,0,1,4,0,,25,0,0,0,0,0,4,2,13
,2017_57365,39.655917,-105.055596,2/15/2017 12:59,12:59,3,0,0,COLGATE DRIVE WEST & DARTMOUTH AVENUE WEST,1,1,0,7,1,1,0,,25,0,0,0,0,0,4,2,8
,2017_57366,39.711186,-104.997132,2/15/2017 14:20,14:20,15,0,0,SANTA FE DRIVE  & ALAMEDA AVENUE EAST,1,1,0,0,1,4,1,,25,0,0,0,0,0,4,2,13
,2017_57367,39.736755,-104.9472765,2/15/2017 14:48,14:48,3,0,0,13TH AVENUE EAST & COOK STREET NORTH,1,1,0,7,1,1,0,,25,0,0,0,0,0,4,2,3
,2017_57368,39.780009,-104.9593005,2/15/2017 15:21,15:21,12,0,0,YORK STREET 4500 BLOCK NORTH & 46TH AVENUE EAST,1,1,0,7,1,6,0,,30,0,0,0,0,0,4,2,3
,2017_57369,39.7803484,-104.9628327,2/15/2017 15:44,15:44,12,0,0,46TH AVENUE & 700 BLOCK EAST,1,1,1,0,1,2,0,,30,0,0,0,0,0,4,2,13
,2017_57370,39.731049,-104.923431,2/15/2017 15:49,15:49,3,0,0,NINTH AVENUE EAST & HUDSON STREET NORTH,1,1,0,7,1,1,0,,25,0,0,0,0,0,4,2,16
,2017_57371,39.69839645,-104.9611181,2/15/2017 16:33,16:33,10,0,0,TENNESSEE AVENUE & 2900 BLOCK WEST,1,1,0,0,1,4,0,,25,0,0,0,0,0,4,2,7
,2017_57372,39.752946,-104.992614,2/15/2017 16:56,16:56,12,0,0,20TH STREET 1300 & LARIMER STREET,1,1,0,7,1,1,0,,30,0,0,0,0,0,4,2,1
,2017_57373,39.696624,-104.9874525,2/15/2017 16:58,16:58,3,0,0,MISSISSIPPI AVENUE EAST & BROADWAY STREET SOUTH,1,2,0,7,1,1,0,,30,0,0,0,0,0,4,2,16
,2017_57374,39.783609,-104.7913916,2/15/2017 17:06,17:06,12,0,0,PENA BOULEVARD & GREEN VALLEY RANCH BOULEVARD EAST,1,1,1,7,1,1,0,,40,0,0,0,0,0,4,2,14
,2017_57375,39.685689,-104.937354,2/15/2017 17:09,17:09,3,0,0,MEXICO AVENUE EAST & BELLAIRE STREET SOUTH,1,2,0,7,1,1,0,,30,0,0,0,0,1,4,2,16
,2017_57376,39.740688,-104.987385,2/15/2017 17:32,17:32,15,0,0,BROADWAY STREET 1500 BLOCK NORTH & CHEYENNE PLACE,1,3,0,0,1,4,0,,35,0,0,0,0,0,4,2,14
,2017_57377,39.729087,-104.965884,2/15/2017 18:05,18:05,12,0,0,EIGHTH AVENUE 1500 BLOCK EAST & WILLIAMS STREET NORTH,1,3,0,0,1,1,0,,30,0,0,0,0,0,4,2,13
,2017_57378,39.796902,-104.761503,2/15/2017 18:45,18:45,6,0,0,ROBINS DRIVE & 19435 EAST ROBINS DRIVE,1,2,0,0,1,4,0,,25,0,0,0,0,0,4,2,3
,2017_57379,39.758049,-105.02055,2/15/2017 18:48,18:48,12,0,0,SPEER BOULEVARD NORTH & CLAY STREET NORTH,1,4,0,0,1,1,0,,35,0,0,0,0,0,4,2,13
,2017_57380,39.718404,-104.903784,2/15/2017 19:15,19:15,15,0,0,FIRST AVENUE EAST & QUEBEC STREET NORTH,1,2,0,0,1,1,0,,25,0,0,0,0,0,4,2,13
,2017_57381,39.696615,-104.912973,2/15/2017 22:00,22:00,12,0,0,MONACO PARKWAY SOUTH & MISSISSIPPI AVENUE EAST,1,4,0,0,1,1,0,,35,0,0,0,0,0,4,2,3
,2017_57382,39.736773,-104.956272,2/15/2017 23:05,23:05,3,0,0,13TH AVENUE EAST & ELIZABETH STREET NORTH,1,3,1,0,1,1,0,,25,0,0,0,0,1,4,2,5
,2017_57383,39.769272,-105.0174225,2/16/2017 7:16,7:16,3,0,0,38TH AVENUE WEST & ALCOTT STREET NORTH,1,1,0,0,1,2,0,,35,0,0,0,1,1,4,2,14
,2017_57384,39.74697,-104.987412,2/16/2017 8:05,8:05,10,0,0,BROADWAY NORTH & 19TH STREET,1,1,0,0,1,1,0,,25,0,0,0,0,0,4,2,13
,2017_57385,39.710151,-104.870754,2/16/2017 8:27,8:27,12,0,0,ALAMEDA AVENUE 10100 BLOCK EAST & GALENA WAY SOUTH,1,1,0,0,1,2,0,,35,0,0,0,0,0,4,2,13
,2017_57386,39.743199,-104.963454,2/16/2017 9:10,9:10,12,0,0,17TH AVENUE 2000 BLOCK EAST & RACE STREET NORTH,1,1,0,0,1,4,0,,30,0,0,0,0,0,4,2,13
,2017_57387,39.678516,-105.0017625,2/16/2017 9:15,9:15,3,0,0,LIPAN STREET SOUTH & EVANS AVENUE WEST,1,1,0,7,1,1,0,,25,0,0,0,0,0,4,2,1
,2017_57388,39.73214178,-104.998623,2/16/2017 9:19,9:19,5,0,0,SANTA FE DRIVE 1000 BLOCK NORTH & 11TH AVENUE WEST,1,1,0,0,3,4,0,,30,0,0,0,0,0,4,1,1
,2017_57389,39.786903,-104.8828545,2/16/2017 9:20,9:20,10,0,0,CENTRAL PARK BOULEVARD NORTH & 49TH AVENUE,1,1,0,0,1,1,0,,40,0,0,0,0,0,4,2,13
,2017_57390,39.727314,-105.0002235,2/16/2017 11:36,11:36,12,0,0,KALAMATH STREET 700 BLOCK & SEVENTH AVENUE WEST,1,1,0,7,1,3,0,,35,0,0,0,0,0,4,2,14
,2017_57391,39.70386,-104.903496,2/16/2017 12:09,12:09,12,0,0,QUEBEC STREET 600 BLOCK SOUTH & EXPOSITION AVENUE EAST,1,1,0,7,1,4,0,,35,0,0,0,0,0,4,2,1
,2017_57392,39.778686,-104.912874,2/16/2017 12:29,12:29,3,0,0,STAPLETON NORTH DRIVE EAST & MONACO STREET NORTH,1,1,0,7,1,1,0,,40,0,0,0,0,0,4,2,16
,2017_57393,39.761964,-104.903451,2/16/2017 12:36,12:36,12,0,0,QUEBEC STREET NORTH & MLK BOULEVARD EAST,1,1,0,7,1,3,0,,35,0,0,0,0,0,4,2,4
,2017_57394,39.738456,-105.001605,2/16/2017 13:45,13:45,3,0,0,LIPAN STREET NORTH & 14TH AVENUE WEST,1,1,0,0,1,1,0,,25,0,0,0,0,1,4,2,14