id,drcog_id,latitude,longitude,crashtime,time,crashtype,numbkilled,numbinjurd,drcoglocat,rdconditin,lightngcon,roadcntgrd,weatherco,location,roaddescrp,constrzone,schoolzone,splimit,bikeinv,pedinv,sctrinv,motoinv,svrty,rdsystem,ttlvehcls,hcf
,2017_57395,39.769155,-104.9733765,2/16/2017 14:05,14:05,12,0,0,WALNUT STREET & DOWNING STREET NORTH,1,1,0,7,1,1,0,,30,0,0,0,0,0,4,2,16
,2017_57396,39.717819,-104.9485815,2/16/2017 14:15,14:15,3,0,0,FIRST AVENUE 3300 BLOCK EAST & ADAMS STREET NORTH,1,1,0,7,1,2,0,,30,0,0,0,0,0,4,2,16
,2017_57397,39.760731,-104.9634225,2/16/2017 14:22,14:22,10,0,0,31ST AVENUE EAST & RACE STREET NORTH,1,1,0,0,1,5,0,,30,0,0,0,0,1,4,2,13
,2017_57398,39.837969,-104.6928825,2/16/2017 14:54,14:54,12,0,0,78TH AVENUE EAST & JACKSON GAP STREET NORTH,1,1,0,7,1,1,0,,45,0,0,0,0,0,4,2,8
,2017_57399,39.73383,-104.986161,2/17/2017 6:51,6:51,1,0,1,11TH AVENUE EAST & LINCOLN STREET NORTH,1,1,0,0,1,1,0,,25,0,0,0,0,2,4,2,13
,2017_57400,39.730482,-104.960223,2/16/2017 15:20,15:20,12,0,0,YORK STREET 900 BLOCK NORTH & NINTH AVENUE EAST,1,1,1,0,1,4,0,,30,0,0,0,0,1,4,3,13
,2017_57401,39.745305,-104.9971905,2/16/2017 16:10,16:10,12,0,0,14TH STREET 1000 BLOCK & CURTIS STREET,1,1,0,7,1,4,0,,30,0,0,0,0,0,4,2,3
,2017_57402,39.749688,-104.9811255,2/16/2017 16:12,16:12,15,0,0,PARK AVENUE WEST 400 BLOCK & TREMONT PLACE,1,1,0,0,1,4,0,,25,0,0,0,0,0,4,2,13
,2017_57403,39.689316,-104.952384,2/16/2017 16:16,16:16,3,0,0,MILWAUKEE STREET SOUTH & FLORIDA AVENUE EAST,1,1,1,7,1,1,0,,25,0,0,0,0,0,4,2,16
,2017_57404,39.712968,-104.903541,2/16/2017 17:40,17:40,3,0,0,CEDAR PLACE EAST & QUEBEC STREET SOUTH,1,3,0,7,1,1,0,,25,0,0,0,0,0,4,2,16
,2017_57405,39.767319,-104.894361,2/16/2017 18:09,18:09,3,0,0,36TH AVENUE EAST & ULSTER STREET NORTH,1,2,0,0,1,1,0,,30,0,0,0,0,0,4,2,13
,2017_57406,39.77171824,-104.90281,2/16/2017 18:15,18:15,15,0,0,QUEBEC STREET & 100 BLOCK NORTH,1,3,1,0,1,4,0,,30,0,0,0,0,0,4,2,10
,2017_57407,39.760155,-104.9328,2/16/2017 20:13,20:13,6,0,0,30TH AVENUE EAST & DEXTER STREET NORTH,1,4,0,0,1,4,0,,25,0,0,0,0,0,4,2,13
,2017_57408,39.672918,-105.0298425,2/16/2017 21:50,21:50,6,0,0,HARVARD AVENUE WEST & IRVING STREET SOUTH,1,4,1,0,1,4,0,,25,0,0,0,0,1,4,2,5
,2017_57409,39.7351514,-104.9732032,2/17/2017 2:53,2:53,6,0,0,12TH AVENUE & 8100 BLOCK EAST,1,3,0,0,1,4,0,,,0,0,0,0,0,4,2,5
,2017_57410,39.741669,-104.9873715,2/17/2017 4:50,4:50,5,0,0,BROADWAY STREET 1675 NORTH & 16TH AVENUE,1,3,0,7,3,4,0,,30,0,0,0,0,0,4,1,5
,2017_57412,39.725325,-104.9260725,2/17/2017 7:28,7:28,3,0,0,GLENCOE STREET NORTH & SIXTH AVENUE EAST,1,1,0,7,1,1,0,,25,0,0,0,0,1,4,2,7
,2017_57413,39.764403,-104.976054,2/17/2017 7:36,7:36,3,0,0,LAWRENCE STREET & 33RD STREET,1,1,0,7,1,1,0,,25,0,0,0,0,0,4,2,16
,2017_57414,39.725631,-104.9874435,2/21/2017 18:55,18:55,15,0,0,BROADWAY NORTH & SIXTH AVENUE EAST,1,2,0,0,1,1,0,,40,0,0,0,0,0,4,2,9
,2017_57415,39.751056,-104.9828805,2/17/2017 9:35,9:35,10,0,1,WELTON STREET & PARK AVENUE WEST,1,1,0,0,1,1,0,,30,0,0,0,0,2,4,2,13
,2017_57416,39.703887,-104.912964,2/17/2017 10:05,10:05,3,0,0,MONACO STREET SOUTH & EXPOSITION AVENUE EAST,1,1,1,7,1,1,0,,35,0,0,0,0,0,4,2,16
,2017_57417,39.682755,-104.959332,2/17/2017 10:45,10:45,3,0,0,UNIVERSITY BOULEVARD SOUTH & BUCHTEL BOULEVARD EAST,1,1,0,7,1,1,0,,30,0,0,0,0,0,4,2,16
,2017_57418,39.786219,-104.8469715,2/17/2017 12:33,12:33,3,0,0,ANDREWS DRIVE EAST & PEORIA STREET NORTH,1,1,0,0,1,1,0,,45,0,0,0,0,1,4,2,13
,2017_57419,39.678363,-104.959404,2/17/2017 12:35,12:35,12,0,0,UNIVERSITY BOULEVARD 2100 BLOCK SOUTH & EVANS AVENUE EAST,1,1,0,7,1,3,0,,30,0,0,0,0,0,4,2,3
,2017_57420,39.696696,-105.001533,2/17/2017 12:36,12:36,3,0,0,MISSISSIPPI AVENUE WEST & LIPAN STREET SOUTH,1,1,1,7,1,3,0,,35,0,0,0,0,0,4,2,3
,2017_57421,39.767382,-104.90346,2/17/2017 12:40,12:40,12,0,0,36TH AVENUE EAST & QUEBEC STREET NORTH,1,1,0,0,1,1,0,,40,0,0,0,0,0,4,2,13
,2017_57422,39.754836,-105.023601,2/17/2017 12:41,12:41,6,0,0,ELIOT STREET & 26TH AVENUE WEST,1,1,0,0,1,4,0,,30,0,0,0,0,0,4,2,13
,2017_57423,39.781935,-104.98581,2/17/2017 14:08,14:08,3,0,0,47TH AVENUE EAST & LINCOLN STREET NORTH,1,1,1,7,1,1,0,,25,0,0,0,0,1,4,2,12
,2017_57424,39.708036,-105.040863,2/17/2017 15:19,15:19,3,0,0,QUITMAN STREET SOUTH & VIRGINIA AVENUE WEST,1,1,0,0,1,3,0,,25,0,0,0,0,0,4,2,4
,2017_57425,39.76533298,-105.03929,2/18/2017 3:10,3:10,6,0,0,PERRY STREET & 900 BLOCK SOUTH,1,3,1,0,1,4,0,,25,0,0,0,0,1,4,2,5
,2017_57426,39.752262,-104.991804,2/17/2017 16:50,16:50,14,0,0,20TH STREET & LAWRENCE STREET,1,1,0,0,1,1,0,,30,0,0,0,0,0,4,2,13
,2017_57427,39.767382,-104.90346,2/17/2017 17:03,17:03,15,0,0,36TH AVENUE EAST & QUEBEC STREET NORTH,1,1,0,0,1,1,0,,35,0,0,0,0,0,4,2,13
,2017_57428,39.76300032,-105.0486345,2/17/2017 17:23,17:23,6,0,0,MONCRIEFF PLACE & 3400 BLOCK WEST,1,1,1,0,1,4,0,,25,0,0,0,0,0,4,2,13
,2017_57429,39.772926,-105.0135345,2/17/2017 17:42,17:42,3,0,0,41ST AVENUE WEST & VALLEJO STREET NORTH,1,3,0,7,1,1,0,,25,0,0,0,0,0,4,2,16
,2017_57430,39.761838,-104.922261,2/17/2017 18:04,18:04,15,0,0,MLK BOULEVARD & HOLLY STREET NORTH,1,3,0,0,1,4,0,,35,0,0,0,0,0,4,2,13
,2017_57431,39.779757,-104.9317335,2/17/2017 18:07,18:07,10,0,0,DAHLIA STREET NORTH & STAPLETON DRIVE EAST,1,3,0,0,1,1,0,,30,0,0,0,0,0,4,2,7
,2017_57432,39.738384,-104.9672115,2/17/2017 19:20,19:20,15,0,0,14TH AVENUE & GILPIN STREET NORTH,1,3,0,0,1,4,0,,30,0,0,0,0,0,4,2,13
,2017_57433,39.778479,-104.846373,2/17/2017 20:05,20:05,12,0,0,PEORIA STREET 4500 BLOCK NORTH & 45TH AVENUE EAST,1,3,0,0,1,4,0,,40,0,0,0,0,0,4,3,13
,2017_57434,39.727296,-104.9602275,2/17/2017 22:30,22:30,3,0,0,YORK STREET NORTH & SEVENTH AVENUE EAST,1,3,0,0,1,1,0,,25,0,0,0,0,0,4,2,5
,2017_57436,39.736809,-104.9574375,2/18/2017 3:10,3:10,3,0,0,13TH AVENUE EAST & COLUMBINE STREET NORTH,1,3,0,0,1,1,0,,25,0,0,0,0,1,4,3,13
,2017_57437,39.743244,-104.976171,2/18/2017 13:12,13:12,6,0,0,EMERSON STREET & 17TH AVENUE EAST,1,1,0,0,1,4,0,,35,0,0,0,0,0,4,2,14
,2017_57438,39.76929,-105.001767,2/18/2017 15:01,15:01,12,0,0,38TH AVENUE 1300 BLOCK WEST & LIPAN STREET NORTH,1,1,0,7,1,4,0,,35,0,0,0,0,0,4,2,16
,2017_57439,39.69297,-104.9222925,2/18/2017 15:35,15:35,12,0,0,HOLLY STREET 1300 BLOCK SOUTH & LOUISIANA AVENUE EAST,1,1,0,0,1,4,0,,,0,0,0,0,0,4,3,13
,2017_57440,39.783771,-104.8096575,2/18/2017 15:50,15:50,3,0,0,CHAMBERS ROAD NORTH & GREEN VALLEY RANCH BOULEVARD EAST,1,1,0,0,1,1,0,,30,0,0,0,0,0,4,2,7
,2017_57441,39.744468,-105.0000435,2/18/2017 19:23,19:23,15,0,0,SPEER BOULEVARD NORTH & ARAPAHOE STREET,1,3,0,0,1,1,0,,25,0,0,0,0,0,4,2,1
,2017_57442,39.687543,-104.9875245,2/18/2017 19:25,19:25,15,0,0,BROADWAY STREET 1500 BLOCK SOUTH & IOWA AVENUE WEST,1,3,0,0,1,4,0,,30,0,0,0,0,0,4,2,13
,2017_57443,39.744828,-104.9622435,2/18/2017 23:35,23:35,15,0,0,18TH AVENUE 2100 BLOCK EAST & VINE STREET NORTH,1,3,0,0,1,4,0,,35,0,0,0,0,0,4,2,13
,2017_57444,39.716622,-105.0227505,2/18/2017 23:41,23:41,5,0,0,DECATUR STREET & 610 SOUTH DECATUR STREET,1,3,0,0,1,4,0,,25,0,0,0,0,0,4,2,13
,2017_57445,39.783816,-104.7816855,2/19/2017 0:50,0:50,12,0,0,GREEN VALLEY RANCH BOULEVARD EAST & TELLURIDE STREET NORTH,1,3,0,0,1,3,0,,40,0,0,0,0,1,4,2,12
,2017_57447,39.691269,-105.036714,2/19/2017 2:30,2:30,6,0,0,ARKANSAS AVENUE WEST & NEWTON STREET SOUTH,1,4,0,0,1,4,0,,25,0,0,0,0,1,4,2,3
,2017_57448,39.711141,-104.9863905,2/19/2017 2:55,2:55,3,0,0,LINCOLN STREET SOUTH & ALAMEDA AVENUE EAST,1,3,1,0,1,1,0,,,0,0,0,0,0,4,2,13
,2017_57449,39.784113,-104.8232115,2/19/2017 9:05,9:05,6,0,0,50TH AVENUE 14400 BLOCK EAST & BOLLING DRIVE EAST,1,3,0,0,1,4,0,,,0,0,0,0,0,4,2,13
,2017_57450,39.725631,-104.9874435,2/19/2017 10:01,10:01,10,0,0,SIXTH AVENUE EAST & BROADWAY NORTH,1,1,0,0,1,1,0,,30,0,0,0,0,0,4,2,13
,2017_57451,39.737124,-104.9844825,2/19/2017 10:29,10:29,6,0,0,SHERMAN STREET 1300 BLOCK NORTH & 14TH AVENUE EAST,1,1,0,0,1,4,0,,,0,0,0,0,0,4,2,13
,2017_57452,39.693186,-105.053202,2/21/2017 19:10,19:10,5,0,0,LOUISIANA AVENUE WEST & SHERIDAN BOULEVARD SOUTH,1,3,0,0,1,4,0,,30,0,0,0,0,1,4,1,4
,2017_57453,39.735144,-104.9798925,2/19/2017 13:10,13:10,10,0,0,12TH AVENUE 600 BLOCK EAST & PEARL STREET NORTH,1,1,0,0,1,5,0,,30,0,0,0,0,1,4,2,13
,2017_57454,39.690855,-105.01569,2/19/2017 14:00,14:00,6,0,0,ZUNI STREET 1419 SOUTH & ARKANSAS AVENUE WEST,1,1,0,0,1,4,0,,30,0,0,0,0,0,4,2,13
,2017_57455,39.745566,-104.995152,2/19/2017 14:40,14:40,15,0,0,15TH STREET & CHAMPA STREET,1,1,0,7,1,1,0,,25,0,0,0,0,0,4,3,8
,2017_57456,39.678489,-104.967585,2/19/2017 14:57,14:57,12,0,0,EVANS AVENUE 1700 BL EAST & GILPIN STREET SOUTH,1,1,0,7,1,4,0,,35,0,0,0,0,0,4,3,16
,2017_57457,39.75093908,-105.0157696,2/19/2017 15:12,15:12,12,0,0,CHILDREN MUSEUM DRIVE & 2121,1,1,0,0,1,4,0,,15,0,0,0,0,0,4,2,3
,2017_57458,39.69828,-104.977782,2/19/2017 15:50,15:50,15,0,0,CLARKSON STREET 1000 BLOCK NORTH & 11TH AVENUE EAST,1,1,0,0,1,4,0,,30,0,0,0,0,0,4,2,13
,2017_57459,39.725622,-104.978754,2/19/2017 17:51,17:51,12,0,0,SIXTH AVENUE EAST & WASHIONTON STREET NORTH,1,2,0,7,1,1,0,,30,0,0,0,0,0,4,2,16
,2017_57460,39.711186,-104.9482305,2/19/2017 18:06,18:06,5,0,0,CHERRY CREEK DRIVE NORTH & ALAMEDA AVENUE EAST,1,2,0,0,3,4,0,,35,0,0,0,0,1,4,1,12
,2017_57461,39.72906,-104.977584,2/19/2017 19:10,19:10,12,0,0,CLARKSON STREET 700 BLOCK NORTH & EIGHTH AVENUE EAST,1,3,0,7,1,1,0,,30,0,0,0,0,1,4,2,16
,2017_57462,39.67842504,-104.936508,2/19/2017 19:46,19:46,5,0,0,COLORADO CENTER DRIVE / FRONTAGE ROAD SOUTH NOT CDOT & BIRCH STREET SOUTH,1,3,0,0,2,4,0,,15,0,0,0,0,0,4,1,13
,2017_57463,39.753234,-104.9757435,2/19/2017 19:54,19:54,6,0,0,25TH AVENUE 800 BLOCK EAST & EMERSON STREET NORTH,4,3,0,0,1,4,0,,,0,0,0,0,0,4,3,13
,2017_57464,39.733839,-104.9873895,2/19/2017 20:02,20:02,6,0,0,11TH AVENUE EAST & BROADWAY STREET NORTH,1,2,0,0,1,1,0,,,0,0,0,0,0,4,2,13
,2017_57465,39.790269,-104.8097835,2/19/2017 20:53,20:53,12,0,0,5200 BLOCK NORTH CHAMBERS ROAD & 53RD AVENUE EAST,1,3,0,7,1,3,0,,45,0,0,0,0,0,4,2,8
,2017_57466,39.746772,-104.991813,2/19/2017 22:49,22:49,15,0,0,17TH STREET 800 BLOCK & STOUT STREET,1,3,0,0,1,4,0,,30,0,0,0,0,0,4,2,13
,2017_57467,39.754836,-105.023601,2/19/2017 23:31,23:31,6,0,1,ELIOT STREET NORTH & 26TH AVENUE WEST,1,3,1,0,1,4,0,,30,0,0,0,0,2,4,2,5
,2017_57468,39.758445,-105.0213735,2/19/2017 23:31,23:31,12,0,0,SPEER BOULEVARD NORTH & 29TH AVENUE WEST,1,3,0,7,1,3,0,,35,0,0,0,0,0,4,2,5
,2017_57469,39.738681,-104.898762,2/20/2017 7:19,7:19,3,0,0,14TH AVENUE EAST & SYRACUSE STREET NORTH,2,1,0,7,1,1,0,,30,0,0,0,0,0,4,3,8
,2017_57470,39.767625,-105.036984,2/20/2017 8:11,8:11,6,0,0,NEWTON STREET & 37TH AVENUE WEST,1,1,0,0,1,3,0,,25,0,0,0,0,0,4,2,14
,2017_57471,39.732084,-104.9986845,2/20/2017 8:48,8:48,12,0,0,10TH AVENUE WEST & SANTA FE DRIVE NORTH,1,1,0,0,1,1,0,,30,0,0,0,0,0,4,2,14
,2017_57472,39.679182,-105.0383205,2/20/2017 10:25,10:25,3,0,0,EVANS AVENUE WEST & PATTON COURT SOUTH,1,1,0,7,1,1,0,,25,0,0,0,0,0,4,2,7
,2017_57473,39.7053,-104.912982,2/20/2017 10:44,10:44,5,0,0,MONACO STREET SOUTH & CENTER AVENUE EAST,1,1,1,7,2,1,0,,35,0,0,0,0,0,4,1,1
,2017_57474,39.730437,-104.977602,2/20/2017 11:14,11:14,3,0,0,CLARKSON STREET 900 BLOCK NORTH & NINTH AVENUE EAST,1,1,0,7,1,1,0,,30,0,0,0,0,0,4,2,8
,2017_57475,39.719322,-104.979123,2/22/2017 15:40,15:40,6,0,0,SECOND AVENUE & WASHINGTON STREET NORTH,1,1,0,0,1,4,0,,25,0,0,0,0,0,4,2,5
,2017_57476,39.798297,-104.88447,2/20/2017 11:15,11:15,3,0,0,56TH AVENUE EAST & CENTRAL PARK BOULEVARD NORTH,1,1,0,0,1,1,0,,45,0,0,0,0,0,4,2,3
,2017_57477,39.754476,-104.964714,2/20/2017 12:30,12:30,1,0,0,26TH AVENUE EAST & HIGH STREET NORTH,1,1,0,7,1,1,0,,25,0,0,0,0,0,4,2,16
,2017_57478,39.678417,-104.9642147,2/20/2017 13:56,13:56,10,0,0,EVANS AVENUE & 2900 BLOCK WEST,1,1,0,0,1,4,0,,35,0,0,0,0,0,4,2,4
,2017_57479,39.711105,-104.9769135,2/20/2017 14:45,14:45,12,0,0,ALAMEDA AVENUE 900 BLOCK EAST & EMERSON STREET SOUTH,1,1,1,7,1,3,0,,30,0,0,0,0,0,4,2,16
,2017_57480,39.714759,-104.9875425,2/20/2017 16:30,16:30,3,0,0,BAYAUD AVENUE WEST & BROADWAY SOUTH,1,1,0,0,1,2,0,,25,0,0,0,0,0,4,2,13
,2017_57481,39.72627,-105.0002055,2/20/2017 16:39,16:39,10,0,0,KALAMATH STREET NORTH & SIXTH AVENUE WEST,1,1,0,0,1,1,0,,35,0,0,0,0,0,4,2,8
,2017_57482,39.69182412,-104.913688,2/20/2017 16:46,16:46,3,0,0,CHERRY CREEK NORTH DRIVE & 3800 BLOCK EAST,1,1,0,0,1,2,0,,,0,0,0,0,0,4,2,13
,2017_57483,39.655917,-105.055596,2/20/2017 19:33,19:33,15,0,0,DARTMOUTH AVENUE WEST & COLGATE DRIVE WEST,1,3,0,0,1,4,0,,25,0,0,0,0,0,4,2,1
,2017_57484,39.716559,-104.998572,2/20/2017 21:38,21:38,12,0,0,SANTA FE DRIVE NORTH & ELLSWORTH AVENUE WEST,1,3,0,7,1,1,0,,30,0,0,0,0,1,4,2,4
,2017_57485,39.738474,-105.039324,2/20/2017 22:24,22:24,3,0,0,14TH AVENUE WEST & PERRY STREET NORTH,1,3,0,0,1,3,0,,30,0,0,0,0,1,4,3,5
,2017_57486,39.73302,-105.042834,2/20/2017 22:30,22:30,5,0,0,10TH AVENUE WEST & STUART STREET NORTH,1,3,0,0,2,3,0,,25,0,0,0,0,0,4,1,13
,2017_57487,39.742848,-104.9721615,2/21/2017 7:11,7:11,3,0,0,PARK AVENUE & MARION STREET NORTH,1,1,0,0,1,1,0,,30,0,0,0,0,0,4,2,7
,2017_57488,39.711105,-104.9769135,2/21/2017 7:47,7:47,3,0,0,ALAMEDA AVENUE EAST & EMERSON STREET SOUTH,1,1,0,0,1,1,0,,30,0,0,0,0,0,4,2,13
,2017_57489,39.711186,-104.997132,2/21/2017 8:30,8:30,3,0,0,ALAMEDA AVENUE WEST & SANTA FE DRIVE SOUTH,1,1,0,0,1,1,0,,25,0,0,0,0,0,4,2,16
,2017_57490,39.725478,-105.01308,2/21/2017 8:40,8:40,12,0,0,SIXTH AVENUE & I 25,1,1,0,0,1,4,0,,65,0,0,0,0,0,4,2,13
,2017_57491,39.703968,-105.0430905,2/21/2017 9:06,9:06,6,0,0,MORRISON ROAD NORTH & STUART STREET SOUTH,1,1,0,0,3,4,0,,,0,0,0,0,0,4,2,10
,2017_57492,39.661839,-105.067278,2/21/2017 10:40,10:40,15,0,0,LAMAR STREET SOUTH & BATES AVENUE WEST,1,1,0,0,1,4,0,,25,0,0,0,0,0,4,2,7
,2017_57493,39.719412,-104.952222,2/21/2017 11:25,11:25,12,0,0,STREET PAUL STREET NORTH / MILWAUKEE ALLEY & SECOND AVENUE,1,1,1,0,1,2,0,,25,0,0,0,0,0,4,2,13
,2017_57494,39.711186,-104.892912,2/21/2017 11:58,11:58,15,0,0,ALAMEDA AVENUE 8200 BLOCK EAST & FAIRMONT DRIVE EAST,1,1,1,7,1,4,0,,30,0,0,0,0,1,4,2,4
,2017_57495,39.77097893,-105.0451493,2/21/2017 12:00,12:00,6,0,0,UTICA STREET & 1400 BLOCK NORTH,1,1,0,0,1,4,0,,25,0,0,0,0,0,4,2,13
,2017_57496,39.758409,-105.014457,2/21/2017 12:09,12:09,3,0,0,WYANDOT STREET NORTH & 29TH AVENUE WEST,1,1,1,0,1,1,0,,25,0,0,0,0,0,4,2,13
,2017_57497,39.74448468,-104.9911981,2/21/2017 14:58,14:58,6,0,0,WELTON STREET 1600 BLOCK & 17TH STREET,1,1,0,0,1,4,0,,,0,0,0,0,0,4,2,13
,2017_57498,39.740085,-104.9128065,2/21/2017 15:45,15:45,12,0,0,MONACO STREET 1500 BLOCK NORTH & COLFAX AVENUE EAST,1,1,0,0,1,4,0,,30,0,0,0,0,0,4,2,13
,2017_57499,39.711159,-104.9900175,2/21/2017 15:57,15:57,10,0,0,BANNOCK STREET SOUTH & ALAMEDA AVENUE WEST,1,1,0,0,1,1,0,,30,0,0,0,0,0,4,2,13
,2017_57500,39.678624,-105.0250365,2/21/2017 16:09,16:09,13,0,1,EVANS AVENUE WEST & FEDERAL BOULEVARD SOUTH,1,1,0,0,1,2,0,,45,0,0,0,0,2,4,2,4
,2017_57501,39.72627,-105.0002055,2/21/2017 16:18,16:18,12,0,0,SIXTH AVENUE 1100 BLOCK WEST & KALAMATH STREET NORTH,1,1,1,7,1,3,0,,35,0,0,0,0,1,4,2,3
,2017_57502,39.674835,-104.912973,2/21/2017 16:35,16:35,3,0,0,ILIFF AVENUE EAST & MONACO STREET SOUTH,1,1,0,0,1,1,0,,35,0,0,0,0,0,4,2,13
,2017_57503,39.735027,-104.9598315,2/21/2017 16:35,16:35,3,0,0,12TH AVENUE EAST & YORK STREET NORTH,1,2,0,7,1,1,0,,25,0,0,0,0,1,4,2,16
,2017_57504,39.731022,-104.93046,2/21/2017 16:54,16:54,3,0,0,EUDORA STREET NORTH & NINTH AVENUE EAST,1,1,0,0,1,1,0,,30,0,0,0,0,0,4,2,16
,2017_57505,39.751038,-104.933943,2/21/2017 17:00,17:00,3,0,1,23RD AVENUE EAST & CHERRY STREET NORTH,1,1,0,7,1,1,0,,25,0,0,0,0,2,4,2,14
,2017_57506,39.685698,-104.9500935,2/21/2017 17:25,17:25,3,0,1,MEXICO AVENUE EAST & STEELE STREET SOUTH,1,1,0,0,1,1,0,,30,0,0,0,0,2,4,2,16
,2017_57507,39.730716,-104.9034735,2/21/2017 17:32,17:32,12,0,0,QUEBEC STREET NORTH & NINTH AVENUE EAST,1,2,0,7,1,1,0,,30,0,0,0,0,1,4,2,3
,2017_57508,39.74616,-104.987385,2/22/2017 2:02,2:02,15,0,0,BROADWAY STREET & 19TH AVENUE EAST,1,3,0,0,1,1,0,,30,0,0,0,0,0,4,2,13
,2017_57509,39.744801,-104.9861205,2/22/2017 5:30,5:30,3,0,0,18TH AVENUE & LINCOLN STREET NORTH,1,1,0,0,1,1,0,,30,0,0,0,0,0,4,2,13
,2017_57510,39.626892,-104.906736,2/22/2017 7:50,7:50,12,0,0,LAYTON AVENUE EAST & SOUTH NEWPORT STREET,1,1,0,1,1,1,0,,25,0,0,0,0,0,4,2,3
,2017_57511,39.747438,-104.90346,2/22/2017 7:56,7:56,3,0,0,MONTVIEW BOULEVARD EAST & QUEBEC STREET NORTH,1,1,0,0,1,1,0,,35,0,0,0,0,0,4,2,13
,2017_57512,39.778326,-104.9801715,2/22/2017 7:59,7:59,3,0,0,45TH AVENUE EAST & PEARL STREET NORTH,1,1,0,0,1,1,0,,35,0,0,0,0,0,4,2,14
,2017_57513,39.762,-104.912865,2/22/2017 8:00,8:00,12,0,0,MLK BOULEVARD & MONACO STREET NORTH,1,1,0,0,1,1,0,,,0,0,0,0,0,4,2,13
,2017_57514,39.738663,-104.908131,2/22/2017 8:08,8:08,12,0,0,14TH AVENUE & ONEIDA STREET NORTH,1,1,0,0,1,4,0,,30,0,0,0,0,0,4,3,7
,2017_57515,39.73689,-105.010425,2/22/2017 8:57,8:57,3,0,0,13TH AVENUE WEST & SHOESHONE STREET,1,1,0,0,1,1,0,,35,0,0,0,0,0,4,2,14
,2017_57516,39.649581,-105.034635,2/22/2017 9:30,9:30,3,0,0,LOWELL BOULEVARD SOUTH & KENYON AVENUE WEST,1,1,1,0,1,1,0,,25,0,0,0,0,1,4,2,14
,2017_57517,39.756411,-104.989833,2/22/2017 10:16,10:16,10,0,0,PARK AVENUE WEST & MARKET STREET,1,1,0,0,1,4,0,,30,0,0,0,0,0,4,2,13
,2017_57518,39.760749,-104.959782,2/22/2017 10:36,10:36,12,0,0,31ST AVENUE EAST & YORK STREET NORTH,1,1,0,0,1,3,0,,30,0,0,0,0,0,4,2,3
,2017_57519,39.71835,-104.9745915,2/22/2017 11:09,11:09,3,0,0,CORONA STREET & SPEER BOULEVARD EAST,1,1,0,0,1,1,0,,25,0,0,0,0,0,4,2,12
,2017_57520,39.678435,-104.9127435,2/22/2017 12:04,12:04,15,0,0,MONACO STREET & EVANS AVENUE EAST,1,1,0,0,1,2,0,,30,0,0,0,0,0,4,2,3
,2017_57521,39.741435,-104.9873715,2/24/2017 7:25,7:25,5,0,0,16TH STREET 000 BLOCK & BROADWAY NORTH,5,1,0,2,2,4,0,,15,0,0,0,0,0,4,1,7
,2017_57522,39.729105,-104.9636745,2/22/2017 12:15,12:15,12,0,0,EIGHTH AVENUE EAST & RACE STREET NORTH,1,1,0,7,1,1,0,,30,0,0,0,0,0,4,2,16
,2017_57523,39.736827,-104.9672115,2/23/2017 18:00,18:00,6,0,0,13TH AVENUE & GILPIN STREET NORTH,5,3,0,2,1,4,0,,30,0,0,0,0,0,4,2,13
,2017_57524,39.73851768,-104.9969761,2/22/2017 12:16,12:16,12,0,0,SPEER BOULEVARD & 1100 BLOCK,1,1,1,0,1,4,0,,30,0,0,0,0,0,4,3,13
,2017_57525,39.728934,-104.9906115,2/22/2017 13:23,13:23,3,0,0,EIGHTH AVENUE WEST & SPEER BOULEVARD,1,1,1,7,1,1,0,,30,0,0,0,0,0,4,2,16
,2017_57526,39.793437,-104.9015115,2/22/2017 15:13,15:13,3,0,0,53RD AVENUE EAST & ROSALYN STREET NORTH,1,1,0,0,1,3,0,,40,0,0,0,0,0,4,2,8
,2017_57527,39.757464,-104.9815215,2/22/2017 15:21,15:21,6,0,0,CURTIS STREET & 27TH STREET,1,1,0,0,1,4,0,,30,0,0,0,0,0,4,3,5
,2017_57528,39.786408,-104.847156,2/22/2017 15:46,15:46,5,0,0,49TH AVENUE EAST & PEORIA STREET NORTH,1,1,0,0,2,4,0,,,0,0,0,0,1,4,1,5
,2017_57529,39.736953,-104.966874,2/22/2017 15:50,15:50,3,0,0,GILPIN STREET 1300 BLOCK NORTH & 13TH AVENUE EAST,1,1,0,7,1,2,0,,,0,0,0,0,0,4,2,3
,2017_57530,39.70584,-105.0298335,2/22/2017 16:40,16:40,3,0,0,CENTER AVENUE WEST & IRVING STREET SOUTH,1,1,1,7,1,1,0,,25,0,0,0,0,0,4,2,12
,2017_57531,39.750363,-104.981985,2/22/2017 17:01,17:01,3,0,0,GLENARM PLACE & PARK AVENUE WEST,1,2,0,7,1,1,0,,25,0,0,0,0,1,4,2,14
,2017_57532,39.682233,-105.044274,2/22/2017 17:24,17:24,1,0,0,JEWELL AVENUE WEST & TENNYSON STREET SOUTH,1,1,0,7,1,1,0,,30,0,0,0,0,0,4,2,7
,2017_57533,39.749832,-104.986152,2/22/2017 18:06,18:06,15,0,0,CALIFORNIA STREET & 21ST STREET,1,4,0,7,1,1,0,,35,0,0,0,0,0,4,2,14
,2017_57534,39.754476,-104.965956,2/22/2017 19:45,19:45,6,0,0,26TH AVENUE 1800 BLOCK EAST & WILLIAMS STREET NORTH,14,3,0,0,1,4,0,,,0,0,0,0,0,4,2,13