id,drcog_id,latitude,longitude,crashtime,time,crashtype,numbkilled,numbinjurd,drcoglocat,rdconditin,lightngcon,roadcntgrd,weatherco,location,roaddescrp,constrzone,schoolzone,splimit,bikeinv,pedinv,sctrinv,motoinv,svrty,rdsystem,ttlvehcls,hcf
,2017_57672,39.729114,-104.959071,2/27/2017 9:00,9:00,3,0,0,JOSEPHINE STREET NORTH & EIGHTH AVENUE EAST,1,1,0,7,1,1,0,,30,0,0,0,0,0,4,2,16
,2017_57673,39.755088,-104.988114,2/27/2017 9:02,9:02,3,0,0,PARK AVENUE WEST & LAWRENCE STREET,1,1,0,7,1,1,0,,30,0,0,0,0,0,4,2,1
,2017_57674,39.682233,-105.044274,2/27/2017 9:30,9:30,3,0,0,JEWELL AVENUE WEST & TENNYSON STREET SOUTH,1,1,0,7,1,1,0,,25,0,0,0,0,0,4,2,16
,2017_57675,39.696561,-104.875272,2/27/2017 9:41,9:41,1,0,0,MISSISSIPPI AVENUE EAST & DAYTON STREET SOUTH,1,1,0,7,1,1,0,,35,0,0,0,0,0,4,2,16
,2017_57676,39.756465,-105.0145335,2/27/2017 10:40,10:40,3,0,0,ZUNI STREET NORTH NORTH WYANDOT ALLEY & 27TH AVENUE WEST,1,1,0,0,1,2,0,,,0,0,0,0,0,4,2,13
,2017_57677,39.771063,-104.8470435,2/27/2017 11:10,11:10,12,0,0,39TH AVENUE EAST & PEORIA STREET NORTH,1,1,0,0,1,1,0,,40,0,0,0,0,0,4,2,16
,2017_57678,39.694797,-104.9792625,2/27/2017 11:55,11:55,12,0,0,WASHINGTON STREET 1300 BLOCK SOUTH & BUCHTEL BOULEVARD EAST ALLEY,1,1,0,0,1,5,0,,25,0,0,0,0,0,4,2,13
,2017_57679,39.769272,-105.0080355,2/27/2017 12:55,12:55,6,0,0,QUIVAS STREET NORTH & 38TH AVENUE WEST,1,1,0,0,1,2,0,,30,0,0,0,0,0,4,2,13
,2017_57680,39.711447,-104.9437755,2/27/2017 13:05,13:05,3,0,0,GARFIELD STREET SOUTH & ALAMEDA AVENUE EAST,1,1,0,0,1,1,0,,30,0,0,0,0,0,4,2,13
,2017_57681,39.772737,-104.90148,2/27/2017 13:15,13:15,12,0,0,QUEBEC STREET 4000 BLOCK NORTH & 40TH AVENUE EAST,1,1,1,7,1,4,0,,40,0,0,0,0,0,4,2,16
,2017_57682,39.698523,-104.903541,2/27/2017 13:30,13:30,3,0,0,QUEBEC STREET & LEETSDALE DRIVE,1,1,1,0,1,2,0,,30,0,0,0,0,0,4,2,13
,2017_57684,39.7116,-104.9408055,2/27/2017 16:47,16:47,1,0,0,ALAMEDA AVENUE EAST & COLORADO BOULEVARD SOUTH,1,1,0,0,1,1,0,,35,0,0,0,0,1,4,2,13
,2017_57685,39.7821206,-104.9592915,2/27/2017 16:50,16:50,12,0,0,YORK STREET & 2100 BLOCK NORTH,1,1,1,0,1,1,0,,,0,0,0,0,0,4,2,13
,2017_57686,39.752667,-104.98743,2/27/2017 17:10,17:10,15,0,0,BROADWAY NORTH & 22ND STREET,1,1,0,0,1,1,0,,30,0,0,0,0,0,4,2,13
,2017_57687,39.773079,-104.940171,2/27/2017 17:32,17:32,12,0,0,COLORADO BOULEVARD 4000 BLOCK NORTH & 40TH AVENUE EAST,1,4,0,0,1,4,0,,40,0,0,0,0,0,4,3,3
,2017_57688,39.743244,-104.986107,2/27/2017 17:45,17:45,10,0,0,LINCOLN STREET & 17TH AVENUE EAST,1,2,0,0,1,4,0,,30,0,0,0,0,0,4,2,13
,2017_57689,39.711114,-104.9679378,2/27/2017 18:26,18:26,1,0,0,ALAMEDA AVENUE & 4200 EAST SHOPPING ENTRANCE,1,3,0,0,1,1,0,,35,0,0,0,0,1,4,2,13
,2017_57690,39.74481,-104.977566,2/27/2017 23:48,23:48,3,0,0,CLARKSON STREET NORTH & 18TH AVENUE EAST,1,3,1,0,1,1,0,,30,0,0,0,0,0,4,2,1
,2017_57691,39.775032,-104.809923,2/28/2017 7:35,7:35,12,0,0,CHAMBERS ROAD 4300 BLOCK NORTH & ANDREWS DRIVE,1,1,0,0,1,4,0,,40,0,0,0,0,0,4,2,13
,2017_57692,39.678435,-104.9251905,2/28/2017 8:29,8:29,12,0,0,EVANS AVENUE 5300 BLOCK EAST & GRAPE STREET SOUTH,1,1,0,1,1,3,0,,30,0,0,0,0,0,4,2,13
,2017_57693,39.682017,-104.959395,2/28/2017 9:50,9:50,12,0,0,UNIVERSITY BOULEVARD 1900 BLOCK SOUTH & JEWELL AVENUE EAST,1,1,0,0,1,4,0,,30,0,0,0,0,0,4,2,3
,2017_57694,39.740427,-104.9931315,2/28/2017 11:20,11:20,12,0,0,13TH STREET & TREMONT STREET,1,1,0,0,1,1,0,,30,0,0,0,0,0,4,2,13
,2017_57695,39.74338976,-104.9873882,6/9/2017 12:30,12:30,5,0,0,17TH STREET & 1539 17TH STREET,1,1,0,0,2,5,0,,,0,0,0,0,0,4,1,13
,2017_57696,39.741813,-104.987826,2/28/2017 12:10,12:10,3,0,0,16TH STREET & CLEVELAND PLACE,1,1,0,0,1,1,0,,25,0,0,0,0,0,4,2,8
,2017_57697,39.783609,-104.7913916,2/28/2017 12:45,12:45,12,0,0,GREEN VALLEY RANCH BOULEVARD EAST & PENA BOULEVARD,2,1,0,0,1,3,0,,40,0,0,0,0,0,4,2,13
,2017_57698,39.678363,-104.959404,2/28/2017 14:14,14:14,1,0,0,UNIVERSITY BOULEVARD SOUTH & EVANS AVENUE EAST,1,1,1,0,1,1,0,,30,0,0,0,0,0,4,2,13
,2017_57699,39.682071,-104.9316525,2/28/2017 16:02,16:02,6,0,0,JEWELL AVENUE 4800 BLOCK EAST & DAHLIA STREET,2,1,0,2,1,4,0,,25,0,0,0,0,1,4,2,3
,2017_57700,39.729213,-104.935167,2/28/2017 16:23,16:23,15,0,0,EIGHTH AVENUE EAST & CLERMONT STREET NORTH,1,1,0,0,1,1,0,,,0,0,0,0,0,4,2,13
,2017_57701,39.761973,-104.905773,2/28/2017 16:35,16:35,12,0,0,MLK BOULEVARD EAST & PONTIAC STREET NORTH,2,1,0,2,1,1,0,,35,0,0,0,0,0,4,2,14
,2017_57702,39.758049,-105.02055,2/28/2017 17:10,17:10,8,0,0,SPEER BOULEVARD NORTH & CLAY STREET NORTH,1,1,1,0,1,1,0,,35,0,0,0,0,0,4,2,14
,2017_57703,39.67866,-105.020352,2/28/2017 17:50,17:50,5,0,0,CLAY STREET SOUTH & EVANS AVENUE WEST,1,2,0,0,3,1,0,,35,0,0,0,0,0,4,1,14
,2017_57704,39.798396,-104.786415,3/1/2017 6:35,6:35,12,0,0,PENA BOULEVARD 6400 BLOCK & 56TH AVENUE EAST,1,1,0,0,1,4,0,,55,0,0,0,0,0,4,2,13
,2017_57705,39.77111138,-104.9486546,3/1/2017 7:18,7:18,12,0,0,ADAMS STREET 3900 BLOCK NORTH & 39TH AVENUE EAST,1,1,0,0,1,3,0,,25,0,0,0,0,0,4,2,13
,2017_57706,39.777966,-104.7690135,3/1/2017 7:30,7:30,3,0,0,ARGONNE STREET NORTH & 45TH AVENUE EAST,1,1,0,7,1,1,0,,25,0,0,0,0,0,4,2,16
,2017_57707,39.771783,-105.0041835,3/1/2017 8:23,8:23,3,0,0,40TH AVENUE WEST & NAVAJO STREET NORTH,1,1,0,0,1,1,0,,30,0,0,0,0,0,4,2,14
,2017_57708,39.736836,-104.912811,3/1/2017 8:48,8:48,15,0,0,13TH AVENUE EAST & MONACO STREET NORTH,1,1,0,0,1,3,0,,30,0,0,0,0,0,4,2,7
,2017_57709,39.727296,-104.9602275,3/1/2017 9:03,9:03,12,0,0,SEVENTH AVENUE EAST & YORK STREET NORTH,1,1,0,0,1,3,0,,25,0,0,0,0,0,4,3,16
,2017_57710,39.782394,-104.848956,3/1/2017 11:15,11:15,3,0,0,PARIS STREET NORTH & 47TH AVENUE,1,1,0,0,1,1,0,,30,0,0,0,0,1,4,3,13
,2017_57711,39.680226,-104.9508,3/1/2017 11:40,11:40,3,0,0,ASBURY AVENUE EAST & STREET PAUL STREET SOUTH,1,1,0,0,1,1,0,,25,0,0,0,0,1,4,2,13
,2017_57712,39.769272,-105.0174225,3/1/2017 12:10,12:10,1,0,0,38TH AVENUE WEST & ALCOTT STREET NORTH,1,1,0,0,1,1,0,,35,0,0,0,0,1,4,2,13
,2017_57713,39.741669,-104.974803,3/5/2017 3:35,3:35,3,0,0,16TH AVENUE EAST & OGDEN STREET NORTH,1,5,0,0,1,1,0,,,0,0,0,0,1,4,2,13
,2017_57714,39.696624,-104.9874525,3/1/2017 14:37,14:37,12,0,0,MISSISSIPPI AVENUE EAST & BROADWAY STREET SOUTH,1,1,0,7,1,1,0,,35,0,0,0,0,1,4,2,3
,2017_57715,39.667635,-104.912964,3/1/2017 14:50,14:50,12,0,0,MONACO 2600 BLOCK SOUTH & YALE AVENUE EAST,1,1,0,0,1,3,0,,35,0,0,0,0,0,4,2,3
,2017_57716,39.718386,-105.000192,3/1/2017 15:00,15:00,3,0,1,FIRST AVENUE WEST & KALAMATH STREET NORTH,1,1,0,7,1,1,0,,25,0,0,0,0,2,4,2,16
,2017_57717,39.735396,-104.9807115,3/1/2017 16:30,16:30,6,0,0,PENNSYLVANIA STREET 1200 BLOCK NORTH & 13TH AVENUE EAST,1,1,0,0,1,4,0,,30,0,0,0,0,0,4,2,13
,2017_57718,39.738285,-104.9257845,3/1/2017 17:44,17:44,3,0,0,14TH AVENUE EAST & GLENCOE STREET NORTH,1,1,0,0,1,1,0,,30,0,0,0,0,0,4,2,16
,2017_57719,39.76536244,-105.0381491,3/4/2017 19:25,19:25,6,0,0,OSCEOLA STREET & 2517 SOUTH,1,3,0,0,1,4,0,,20,0,0,0,0,0,4,2,5
,2017_57720,39.757923,-104.894433,3/1/2017 18:04,18:04,3,0,0,29TH AVENUE EAST & ULSTER STREET NORTH,1,3,0,0,1,1,0,,25,0,0,0,0,0,4,2,16
,2017_57721,39.732885,-104.9034735,3/1/2017 18:06,18:06,3,0,0,11TH AVENUE EAST & QUEBEC STREET NORTH,1,3,0,0,1,1,0,,35,0,0,0,0,0,4,2,16
,2017_57722,39.751542,-104.9874255,3/1/2017 19:40,19:40,15,0,0,CHAMPA STREET & BROADWAY STREET NORTH,1,3,0,0,1,1,0,,25,0,0,0,0,1,4,2,8
,2017_57723,39.783357,-104.8466025,3/1/2017 20:56,20:56,3,0,0,ALBROOK DRIVE EAST & PEORIA STREET NORTH,1,3,0,0,1,1,0,,35,0,0,0,0,0,4,2,14
,2017_57724,39.711555,-104.947092,3/2/2017 1:40,1:40,5,0,0,CHERRY CREEK NORTH DRIVE EAST & ALAMEDA AVENUE EAST,1,3,0,7,3,4,0,,35,0,0,0,0,0,4,1,14
,2017_57725,39.757158,-105.0158205,3/2/2017 6:53,6:53,12,0,0,ZUNI STREET NORTH & 28TH AVENUE WEST,1,1,0,7,1,1,0,,,0,0,0,0,0,4,2,14
,2017_57726,39.711114,-104.959305,3/2/2017 7:27,7:27,3,0,0,UNIVERSITY BOULEVARD SOUTH & ALAMEDA AVENUE EAST,1,1,1,0,1,1,0,,30,0,0,0,0,0,4,2,16
,2017_57727,39.783177,-104.8406805,3/21/2017 19:30,19:30,5,0,0,48TH AVENUE EAST & TULSA COURT NORTH,1,1,0,0,2,1,0,,25,0,0,0,0,0,4,2,13
,2017_57728,39.762027,-104.9709105,3/2/2017 8:05,8:05,12,0,0,MLK BOULEVARD EAST & LAFAYETTE STREET NORTH,1,1,0,0,1,3,0,,30,0,0,0,0,0,4,2,16
,2017_57729,39.762099,-105.0289335,3/2/2017 12:39,12:39,6,0,0,32ND AVENUE 3128 WEST & GREEN COURT NORTH,1,1,1,0,1,4,0,,25,0,0,0,0,0,4,3,1
,2017_57730,39.711186,-104.997132,3/2/2017 13:14,13:14,15,0,0,ALAMEDA AVENUE 900 BLOCK WEST & SANTA FE DRIVE SOUTH,1,1,1,0,1,3,0,,25,0,0,0,0,0,4,2,13
,2017_57731,39.732426,-104.992011,3/2/2017 13:30,13:30,15,0,0,SPEER BOULEVARD 1000 BLOCK NORTH & 11TH AVENUE WEST,1,1,0,0,1,4,0,,30,0,0,0,0,0,4,2,3
,2017_57732,39.735117,-104.94837,3/2/2017 13:42,13:42,12,0,0,12TH AVENUE EAST & ADAMS STREET NORTH,1,1,0,0,1,1,0,,25,0,0,0,0,0,4,2,16
,2017_57733,39.73293,-105.032151,3/2/2017 14:56,14:56,3,0,0,10TH AVENUE WEST & KNOX COURT NORTH,1,1,0,0,1,1,0,,35,0,0,0,0,1,4,2,13
,2017_57734,39.703833,-104.921604,3/2/2017 15:30,15:30,5,0,0,EXPOSITION AVENUE 5500 BLOCK EAST & HOLLY STREET SOUTH,1,1,0,0,2,4,0,,25,0,0,0,0,0,4,1,1
,2017_57735,39.628836,-104.885334,3/2/2017 15:40,15:40,12,0,0,YOSEMITE STREET SOUTH & CAMPUS DRIVE,1,1,1,0,1,3,0,,35,0,0,0,0,0,4,2,16
,2017_57736,39.738312,-104.918355,3/2/2017 15:59,15:59,12,0,0,14TH AVENUE EAST & JASMINE STREET NORTH,1,1,0,0,1,4,0,,30,0,0,0,0,0,4,2,13
,2017_57737,39.716226,-104.940621,3/2/2017 15:59,15:59,12,0,0,COLORAD BOULEVARD 000 BLOCK NORTH & ELLSWORTH AVENUE EAST,1,1,0,0,1,4,0,,35,0,0,0,0,0,4,3,13
,2017_57738,39.825486,-104.7719655,3/2/2017 17:40,17:40,3,0,0,TOWER ROAD NORTH & 71ST AVENUE EAST,1,3,0,0,1,1,0,,35,0,0,0,0,0,4,2,13
,2017_57739,39.738375,-104.961015,3/2/2017 18:00,18:00,3,0,0,14TH AVENUE EAST & GAYLORD STREET NORTH,1,2,0,0,1,1,0,,30,0,0,0,0,0,4,2,13
,2017_57740,39.745638,-104.913972,5/27/2017 22:33,22:33,5,0,0,19TH AVENUE EAST & LOCUST STREET NORTH,1,3,0,0,3,4,0,,25,0,0,0,0,0,4,1,5
,2017_57741,39.765726,-104.9948415,3/2/2017 18:50,18:50,12,0,0,PARK AVENUE WEST & GLOBEVILLE ROAD NORTH,1,2,2,0,1,4,0,,35,0,0,0,0,0,4,2,13
,2017_57742,39.76788931,-104.9948145,3/2/2017 19:27,19:27,1,0,0,PARK AVENUE WEST & 36TH AVENUE WEST,1,3,0,0,1,1,0,,35,0,0,0,0,0,4,2,14
,2017_57743,39.772926,-105.02361,3/3/2017 1:00,1:00,6,0,0,41ST AVENUE WEST & ELIOT STREET,14,5,0,0,1,4,0,,25,0,0,0,0,0,4,2,13
,2017_57744,39.7172835,-104.8960418,3/3/2017 8:03,8:03,15,0,0,RAMPART WAY NORTH & LOWRY BOULEVARD EAST,1,1,0,0,1,1,0,,25,0,0,0,0,0,4,2,8
,2017_57745,39.667563,-104.9237145,3/3/2017 8:10,8:10,1,0,1,YALE AVENUE EAST & HUDSON STREET SOUTH,1,1,1,0,1,1,0,,35,0,0,0,0,2,4,2,2
,2017_57746,39.678435,-104.912892,3/3/2017 8:21,8:21,12,0,0,EVANS AVENUE EAST & MONACO STREET SOUTH,1,1,0,0,1,1,0,,35,0,0,0,0,1,4,3,16
,2017_57747,39.707217,-104.8683015,3/3/2017 9:33,9:33,3,0,0,VIRGINIA AVENUE EAST & GALENA WAY SOUTH,1,1,0,0,1,1,0,,25,0,0,0,0,0,4,2,16
,2017_57748,39.689307,-104.944203,3/3/2017 11:28,11:28,3,0,0,GARFIELD STREET SOUTH & FLORIDA AVENUE EAST,1,1,1,0,1,1,0,,25,0,0,0,0,0,4,2,16
,2017_57749,39.689307,-104.944203,3/3/2017 11:28,11:28,3,0,0,GARFIELD STREET SOUTH & FLORIDA AVENUE EAST,1,1,1,0,1,1,0,,25,0,0,0,0,0,4,2,1
,2017_57750,39.736863,-104.9799015,3/3/2017 11:38,11:38,15,0,0,13TH AVENUE 500 BLOCK EAST & PEARL STREET NORTH,1,1,0,0,1,4,0,,25,0,0,0,0,0,4,2,13
,2017_57751,39.756456,-105.0093135,3/3/2017 11:52,11:52,6,0,0,15TH STREET 2376 & PLATTE STREET,1,1,0,0,1,3,0,,25,0,0,0,0,0,4,2,14
,2017_57752,39.743928,-105.0299325,3/3/2017 12:07,12:07,3,0,0,17TH AVENUE WEST & IRVING STREET NORTH,1,1,0,0,1,1,0,,30,0,0,0,1,0,4,2,14
,2017_57753,39.746898,-104.996871,3/3/2017 12:55,12:55,15,0,0,15TH STREET 1000 BLOCK & ARAPAHOE STREET,1,1,0,0,1,4,0,,30,0,0,0,0,0,4,2,16
,2017_57754,39.707352,-104.940864,3/3/2017 13:10,13:10,15,0,0,CHERRY CREEK NORTH DRIVE 3800 BLOCK EAST & COLORADO BOULEVARD SOUTH,1,1,1,0,1,4,0,,35,0,0,0,0,0,4,2,13
,2017_57755,39.714732,-104.983803,3/3/2017 13:57,13:57,3,0,0,GRANT STREET SOUTH & BAYAUD AVENUE EAST,1,1,1,0,1,1,0,,25,0,0,0,0,0,4,2,8
,2017_57756,39.667626,-104.909742,3/3/2017 14:18,14:18,12,0,0,YALE AVENUE 6700 BLOCK EAST & NIAGARA STREET,1,1,0,0,1,4,0,,30,0,0,0,0,0,4,2,3
,2017_57757,39.680316,-104.9734215,3/3/2017 14:40,14:40,12,0,0,DOWNING STREET 2000 BLOCK SOUTH & ASBURY AVENUE EAST,1,1,1,0,1,3,0,,30,0,0,0,0,0,4,3,3
,2017_57758,39.752757,-104.9875515,3/3/2017 14:56,14:56,12,0,0,22ND STREET 1000 BLOCK & CURTIS STREET,1,1,0,0,1,3,0,,25,0,0,0,0,0,4,2,16
,2017_57759,39.676608,-104.959386,3/3/2017 15:55,15:55,12,0,0,UNIVERSITY BOULEVARD 2100 BLOCK SOUTH & WARREN AVENUE EAST,1,1,1,0,1,3,0,,30,0,0,0,0,0,4,3,14
,2017_57760,39.759426,-104.9937435,3/3/2017 16:14,16:14,15,0,0,PARK AVENUE WEST & DELGANY STREET,1,1,0,0,1,1,0,,30,0,0,0,0,0,4,2,8
,2017_57761,39.78441,-104.813532,3/3/2017 16:56,16:56,3,0,0,FONTANA COURT NORTH & GATEWAY AVENUE EAST,1,1,0,0,1,1,0,,25,0,0,0,0,0,4,2,14
,2017_57762,39.769272,-105.0054165,3/3/2017 18:12,18:12,3,0,1,38TH AVENUE WEST & OSAGE STREET NORTH,1,1,0,0,1,1,0,,35,0,0,0,0,2,4,2,1
,2017_57763,39.678507,-104.973444,3/3/2017 18:17,18:17,12,0,0,EVANS AVENUE EAST & DOWNING STREET SOUTH,1,3,0,0,1,3,0,,30,0,0,0,0,0,4,2,13
,2017_57764,39.754926,-104.9830605,3/3/2017 20:05,20:05,3,0,0,CHAMPA STREET & 25TH STREET,1,3,0,0,1,1,0,,25,0,0,0,0,0,4,6,5
,2017_57765,39.678516,-105.0017625,3/3/2017 23:10,23:10,12,0,0,EVANS AVENUE WEST & LIPAN STREET SOUTH,1,3,0,0,1,3,0,,,0,0,0,0,0,4,2,14
,2017_57766,39.624192,-104.885334,3/4/2017 11:00,11:00,12,0,0,YOSEMITE STREET SOUTH & BELLEVIEW AVENUE EAST,1,1,0,0,1,3,0,,35,0,0,0,0,0,4,2,16
,2017_57767,39.750912,-104.9899545,3/4/2017 11:30,11:30,3,0,0,20TH STREET & CURTIS STREET,1,1,0,7,1,1,0,,30,0,0,0,0,0,4,2,7
,2017_57768,39.776562,-105.0439815,3/4/2017 12:00,12:00,3,0,0,44TH AVENUE WEST & TENNYSON STREET NORTH,1,1,0,1,1,1,0,,30,0,0,0,0,0,4,2,8
,2017_57770,39.728907,-104.998644,3/4/2017 14:10,14:10,6,0,0,EIGHTH AVENUE WEST & SANTA FE DRIVE NORTH,1,1,0,0,1,4,0,,35,0,0,0,0,0,4,2,13
,2017_57771,39.725649,-105.005763,3/4/2017 16:37,16:37,3,0,0,SIXTH AVENUE WEST FRONTAGE SOUTH  & OSAGE STREET NORTH,1,1,0,0,1,1,0,,25,0,0,0,0,0,4,2,13
,2017_57772,39.78039413,-104.969741,3/5/2017 22:00,22:00,6,0,0,HUMBOLDT STREET & 4655 NORTH,1,3,0,0,5,7,0,,,0,0,0,0,0,3,2,2
,2017_57773,39.70035,-105.034491,3/4/2017 17:10,17:10,3,0,0,LOWELL BOULEVARD SOUTH & KENTUCKY AVENUE WEST,1,1,0,0,1,1,0,,25,0,0,0,0,0,4,2,13
,2017_57774,39.746529,-104.9936625,3/4/2017 18:15,18:15,12,0,0,CHAMPA STREET 1600 BLOCK & 16TH STREET,1,3,0,0,1,4,0,,25,0,0,0,0,0,4,2,13
,2017_57775,39.744882,-104.99427,3/4/2017 19:25,19:25,15,0,0,15TH STREET 800 BLOCK & STOUT STREET,1,3,0,0,1,4,0,,30,0,0,0,0,0,4,2,13
,2017_57776,39.748446,-105.0033735,3/4/2017 20:04,20:04,3,0,0,AURARIA PARKWAY & SPEER BOULEVARD NORTH,1,3,0,0,1,1,0,,35,0,0,0,0,1,4,2,13
,2017_57777,39.743775,-104.9512635,3/4/2017 22:42,22:42,12,0,0,17TH AVENUE EAST & STREET PAUL STREET NORTH,1,3,0,0,1,3,0,,30,0,0,0,0,0,4,2,16
,2017_57778,39.678489,-104.9652315,3/4/2017 23:22,23:22,12,0,0,EVANS AVENUE EAST & HIGH STREET SOUTH,1,3,0,0,1,1,0,,30,0,0,0,0,0,4,2,3
,2017_57780,39.736809,-104.9622615,3/5/2017 7:22,7:22,3,0,0,VINE STREET NORTH & 13TH AVENUE EAST,1,1,1,0,1,1,0,,30,0,0,0,0,0,4,3,8
,2017_57781,39.70386,-104.903496,3/5/2017 10:37,10:37,5,0,0,QUEBEC STREET 600 BLOCK SOUTH & EXPOSITION AVENUE EAST,1,1,0,0,3,4,0,,35,0,0,0,0,0,4,1,13
,2017_57782,39.711114,-104.965173,3/5/2017 14:46,14:46,12,0,0,ALAMEDA AVENUE 1900 BLOCK EAST & HIGH STREET SOUTH,1,1,0,0,1,4,0,,30,0,0,0,0,0,4,2,16
,2017_57783,39.689505,-105.021387,3/5/2017 15:46,15:46,14,0,0,DALE COURT SOUTH & FLORIDA AVENUE WEST,1,1,0,0,1,4,0,,,0,0,0,0,0,4,2,13
,2017_57784,39.751254,-104.940252,3/5/2017 15:53,15:53,15,0,0,COLORADO BOULEVARD 2300 BLOCK NORTH & 23RD AVENUE EAST,1,1,0,0,1,4,0,,30,0,0,0,0,0,4,2,3
,2017_57785,39.753882,-104.99139,3/5/2017 23:50,23:50,12,0,0,21ST STREET & LARIMER STREET,1,3,0,0,1,4,0,,30,0,0,0,0,0,4,2,13
,2017_57786,39.79067593,-104.9570017,3/6/2017 7:30,7:30,10,0,0,COLUMBINE STREET & 4700 BLOCK NORTH,1,1,0,0,1,4,0,,25,0,0,0,0,1,4,2,7
,2017_57787,39.74885078,-104.999416,3/6/2017 7:30,7:30,6,0,0,15TH STREET & 790,1,1,0,0,5,7,0,,,0,0,0,0,0,3,2,13
,2017_57788,39.754602,-104.976954,3/6/2017 7:55,7:55,3,0,0,26TH AVENUE EAST & CLARKSON STREET NORTH,1,1,0,0,1,1,0,,25,0,0,0,0,0,4,2,16
,2017_57789,39.738357,-104.954157,3/6/2017 8:00,8:00,8,0,0,14TH AVENUE 2700 BLOCK EAST & DETROIT STREET NORTH,1,1,0,0,1,4,0,,,0,0,0,0,0,4,2,8
,2017_57790,39.738447,-104.9916645,3/6/2017 8:55,8:55,15,0,0,14TH AVENUE 300 BLOCK WEST & CHEROKEE STREET NORTH,1,1,0,0,1,3,0,,30,0,0,0,0,0,4,2,3
,2017_57791,39.77165832,-104.7532587,3/6/2017 9:00,9:00,12,0,0,HIMALAYA ROAD 4000 BLOCK NORTH & 40TH AVENUE EAST,1,1,1,7,1,1,0,,20,0,0,0,0,0,4,2,7
,2017_57792,39.624219,-104.8898565,3/6/2017 9:00,9:00,3,0,0,BELLEVIEW AVENUE EAST & DTC BOULEVARD SOUTH,1,3,0,0,1,1,0,,35,0,0,0,0,0,4,2,5
,2017_57793,39.772881,-104.9429205,3/8/2017 16:53,16:53,1,0,0,40TH AVENUE EAST & JACKSON STREET NORTH,1,1,1,0,1,1,0,,,0,0,0,0,1,4,2,13
,2017_57794,39.744225,-104.9933835,3/6/2017 10:29,10:29,12,0,0,15TH STREET 700 BLOCK & CALIFORNIA STREET,1,1,0,0,1,4,0,,30,0,0,0,0,0,4,2,13
,2017_57795,39.738339,-104.946165,3/6/2017 13:14,13:14,3,0,0,MADISON STREET NORTH & 14TH AVENUE EAST,1,1,0,0,1,1,0,,30,0,0,0,0,1,4,2,13
,2017_57796,39.680226,-104.959404,3/6/2017 14:42,14:42,3,0,0,UNIVERSITY BOULEVARD SOUTH & ASBURY AVENUE EAST,1,1,1,7,1,1,0,,30,0,0,0,0,0,4,2,16
,2017_57797,39.72627,-105.0002055,3/6/2017 14:45,14:45,12,0,0,SIXTH AVENUE 1000 BLOCK WEST & KALAMATH STREET NORTH,1,1,0,0,1,3,0,,40,0,0,0,0,0,4,2,1
,2017_57798,39.78207,-105.0416055,3/6/2017 15:59,15:59,3,0,0,47TH AVENUE WEST & RALEIGH STREET NORTH,1,1,1,0,1,1,0,,5,0,0,0,0,0,4,2,13
,2017_57799,39.742263,-104.9993505,3/6/2017 18:28,18:28,3,0,0,SPEER BOULEVARD NORTH & CHAMPA STREET,1,3,0,7,1,1,0,,35,0,0,0,0,0,4,2,16
,2017_57800,39.772962,-104.975442,3/7/2017 7:27,7:27,12,0,0,38TH STREET & BRIGHTON BOULEVARD NORTH,1,1,0,0,1,4,0,,,0,0,0,0,0,4,2,13
,2017_57801,39.70674,-105.025104,3/7/2017 7:54,7:54,12,0,0,CUSTER PLACE WEST & FEDERAL BOULEVARD SOUTH,1,1,0,0,1,1,0,,40,0,0,0,0,0,4,2,13
,2017_57802,39.713094,-104.9129415,3/7/2017 8:09,8:09,12,0,0,MONACO STREET 100 BLOCK SOUTH & CEDAR AVENUE EAST,1,1,0,0,1,3,0,,40,0,0,0,0,0,4,2,13
,2017_57803,39.752235,-104.979573,3/7/2017 8:45,8:45,3,0,0,25TH STREET & GLENARM STREET,1,1,0,0,1,1,0,,25,0,0,0,0,0,4,2,3
,2017_57804,39.778047,-104.8471245,3/9/2017 22:30,22:30,12,0,0,45TH AVENUE EAST & PEORIA STREET NORTH,1,3,0,0,1,1,0,,,0,0,0,0,1,4,2,13
,2017_57805,39.678507,-104.973444,3/7/2017 9:19,9:19,15,0,0,DOWNING STREET 2100 SOUTH BLK. & EVANS AVENUE EAST,1,1,0,0,1,4,0,,30,0,0,0,0,0,4,2,13
,2017_57806,39.696606,-104.980392,3/9/2017 20:00,20:00,6,0,0,PEARL STREET SOUTH & MISSISSIPPI AVENUE EAST,1,3,0,0,1,2,0,,25,0,0,0,0,0,4,2,13
,2017_57807,39.729078,-104.975244,3/7/2017 9:30,9:30,3,0,2,OGDEN STREET NORTH & EIGHTH AVENUE EAST,1,1,0,0,1,1,0,,25,0,0,0,0,2,4,3,9
,2017_57808,39.768183,-105.002604,3/7/2017 10:25,10:25,12,0,0,MARIPOSA STREET 3700 BLOCK NORTH & 38TH AVENUE WEST,1,1,0,0,1,3,0,,30,0,0,0,0,0,4,2,14
,2017_57809,39.725334,-104.912793,3/7/2017 10:45,10:45,3,0,0,SIXTH AVENUE EAST & MONACO PARKWAY NORTH,1,1,0,0,1,1,0,,30,0,0,0,0,0,4,2,1
,2017_57810,39.711168,-104.99238,3/7/2017 11:31,11:31,15,0,0,ALAMEDA AVENUE 300 BLOCK WEST & CHEROKEE STREET SOUTH,1,1,1,0,1,4,0,,30,0,0,0,0,0,4,2,13