id,drcog_id,latitude,longitude,crashtime,time,crashtype,numbkilled,numbinjurd,drcoglocat,rdconditin,lightngcon,roadcntgrd,weatherco,location,roaddescrp,constrzone,schoolzone,splimit,bikeinv,pedinv,sctrinv,motoinv,svrty,rdsystem,ttlvehcls,hcf
,2017_57811,39.772755,-104.9593815,3/7/2017 12:44,12:44,15,0,0,YORK STREET NORTH & 40TH AVENUE EAST,1,1,0,0,1,1,0,,30,0,0,0,0,0,4,2,13
,2017_57812,39.718179,-104.959314,3/7/2017 13:00,13:00,15,0,0,UNIVERSITY BOULEVARD & FIRST AVENUE EAST,1,1,1,0,1,4,0,,30,0,0,0,0,0,4,2,13
,2017_57813,39.717819,-104.9473755,3/7/2017 13:20,13:20,3,0,0,COOK STREET NORTH & FIRST AVENUE EAST,1,1,0,0,1,1,0,,25,0,0,0,0,1,4,3,13
,2017_57814,39.770199,-105.02289,3/7/2017 13:30,13:30,5,0,0,ELIOT STREET NORTH & DENVER PLACE WEST,1,1,0,0,2,3,0,,25,0,0,0,0,1,4,1,5
,2017_57815,39.847824,-104.6739915,3/9/2017 19:09,19:09,5,0,1,PENA BOULEVARD 8300 BLOCK & 80TH AVENUE EAST,1,3,1,0,2,4,0,,45,0,0,0,0,2,4,1,8
,2017_57816,39.678435,-104.922234,3/7/2017 13:47,13:47,12,0,0,HOLLY STREET 2000 BLOCK SOUTH & EVANS AVENUE EAST,1,1,1,0,1,3,0,,30,0,0,0,0,1,4,2,3
,2017_57817,39.758004,-105.004053,3/7/2017 14:12,14:12,6,0,1,LITTLE RAVEN STREET & 18TH STREET,1,1,0,0,1,4,0,,25,0,0,0,0,2,4,2,8
,2017_57818,39.748122,-105.0042735,3/9/2017 18:00,18:00,6,0,0,12TH STREET & AURARIA PARKWAY,1,4,0,0,1,4,0,,25,0,0,0,0,0,4,2,1
,2017_57819,39.69666,-104.8917105,3/8/2017 8:19,8:19,12,0,0,MISSISSIPPI AVENUE EAST & VALENTIA STREET SOUTH,1,1,0,0,1,1,0,,35,0,0,0,0,0,4,2,16
,2017_57820,39.702942,-104.9129415,3/7/2017 15:35,15:35,12,0,0,MONACO STREET 700 BLOCK SOUTH & LEETSDALE DRIVE,1,1,1,0,1,2,0,,35,0,0,0,0,0,4,3,13
,2017_57821,39.75075,-104.984946,3/7/2017 16:25,16:25,3,0,0,22ND STREET & CALIFORNIA STREET,1,1,0,0,1,1,0,,30,0,0,0,0,0,4,2,13
,2017_57822,39.641139,-104.9028705,3/7/2017 17:15,17:15,12,0,0,PRINCETON AVENUE EAST & SOUTH QUEBEC STREET,1,1,0,0,1,4,0,,25,0,0,0,0,0,4,2,13
,2017_57823,39.682251,-105.025032,3/7/2017 17:35,17:35,1,0,0,JEWELL AVENUE WEST & SOUTH FEDERAL BOULEVARD,1,2,0,0,1,1,0,,25,0,0,0,0,0,4,2,3
,2017_57824,39.757887,-104.9917545,3/7/2017 17:48,17:48,3,0,0,PARK AVENUE WEST & WAZEE STREET,1,2,0,0,1,1,0,,,0,0,0,0,0,4,2,3
,2017_57825,39.729069,-104.972958,3/7/2017 18:45,18:45,6,0,0,DOWNING STREET 700 BLOCK NORTH & EIGHTH AVENUE EAST,1,3,0,0,1,3,0,,,0,0,0,0,0,4,2,13
,2017_57826,39.717828,-104.922243,3/7/2017 20:11,20:11,12,0,0,HOLLY STREET NORTH & FIRST AVENUE EAST,1,3,0,0,1,4,0,,25,0,0,0,0,0,4,2,14
,2017_57827,39.66948,-104.9828355,3/7/2017 21:21,21:21,3,0,0,LOGAN STREET SOUTH & VASSAR AVENUE EAST,1,3,0,0,1,1,0,,35,0,0,0,0,0,4,2,13
,2017_57828,39.711285,-105.0348915,3/7/2017 23:45,23:45,5,0,0,LOWELL BOULEVARD 300 BLOCK SOUTH & ALAMEDA AVENUE WEST,1,3,0,0,3,4,0,,25,0,0,0,0,0,4,1,9
,2017_57829,39.711321,-104.892912,3/8/2017 3:08,3:08,12,0,0,8100 BLOCK EAST FAIRMOUNT DRIVE & ALAMEDA AVENUE EAST,1,1,0,0,1,4,0,,25,0,0,0,0,0,4,2,13
,2017_57830,39.711186,-104.892912,3/8/2017 7:12,7:12,14,0,0,ALAMEDA AVENUE EAST & FAIRMOUNT DRIVE EAST,1,1,0,0,1,1,0,,35,0,0,0,0,1,4,2,14
,2017_57831,39.791052,-105.015843,3/8/2017 3:37,3:37,5,0,0,52ND AVENUE & ZUNI STREET,1,3,0,0,2,4,0,,35,0,0,0,0,0,4,1,2
,2017_57832,39.76182,-104.939406,3/8/2017 7:38,7:38,12,0,0,MLK BOULEVARD EAST & ALBION STREET NORTH,1,1,0,0,1,3,0,,30,0,0,0,0,0,4,3,13
,2017_57833,39.743775,-104.898753,3/8/2017 9:03,9:03,3,0,0,17TH AVENUE EAST & SYRACUSE STREET NORTH,1,1,0,0,1,1,0,,25,0,0,0,0,0,4,2,13
,2017_57834,39.718278,-104.973777,3/8/2017 9:19,9:19,3,0,0,DOWNING STREET NORTH & WEST SPEER BOULEVARD,1,1,0,0,1,1,0,,30,0,0,0,0,1,4,2,13
,2017_57835,39.704697,-105.04206,3/8/2017 10:10,10:10,12,0,0,MORRISON ROAD & RALEIGH STREET SOUTH,1,1,0,0,1,4,0,,35,0,0,0,0,1,4,2,13
,2017_57836,39.744855,-104.987394,3/8/2017 12:17,12:17,15,0,0,18TH AVENUE EAST & BROADWAY STREET NORTH,1,1,0,0,1,1,0,,30,0,0,0,0,0,4,2,8
,2017_57837,39.730716,-104.9034735,3/8/2017 14:15,14:15,12,0,0,QUEBEC STREET NORTH & NINTH AVENUE EAST,1,1,0,0,1,1,0,,30,0,0,0,0,1,4,2,3
,2017_57838,39.772962,-104.975442,3/8/2017 15:27,15:27,12,0,0,38TH STREET & BRIGHTON BOULEVARD NORTH,1,1,0,0,1,4,0,,30,0,0,0,0,0,4,4,13
,2017_57839,39.751056,-104.995026,3/8/2017 15:33,15:33,3,0,0,18TH STREET & LARIMER STREET,1,1,0,0,1,1,0,,30,0,0,0,0,0,4,2,3
,2017_57840,39.744819,-104.9823765,3/8/2017 16:15,16:15,3,0,0,18TH AVENUE EAST & LOGAN STREET NORTH,1,1,1,0,1,1,0,,30,0,0,0,0,0,4,2,13
,2017_57841,39.788532,-104.828274,3/8/2017 16:30,16:30,3,0,0,51ST AVENUE EAST & CROWN BOULEVARD NORTH,1,1,0,0,1,1,0,,40,0,0,0,0,0,4,2,13
,2017_57842,39.831858,-104.6929545,3/8/2017 16:42,16:42,3,0,0,JACKSON GAP STREET NORTH & 75TH AVENUE,1,1,0,0,1,1,0,,40,0,0,0,0,0,4,2,1
,2017_57843,39.680226,-104.959404,3/8/2017 17:02,17:02,12,0,1,UNIVERSITY BOULEVARD 2000 BLOCK SOUTH & ASBURY AVENUE EAST,1,1,1,0,1,4,0,,30,0,0,0,0,2,4,2,3
,2017_57844,39.75132688,-104.9928679,3/8/2017 17:26,17:26,12,0,0,LAWRENCE STREET 1900 BLOCK & 20TH STREET,1,2,0,0,1,4,0,,25,0,0,0,0,1,4,2,14
,2017_57845,39.727377,-104.940612,3/8/2017 17:46,17:46,12,0,0,SEVENTH AVENUE EAST & COLORADO BOULEVARD NORTH,1,1,0,0,1,4,0,,35,0,0,0,0,0,4,2,16
,2017_57846,39.678489,-104.967585,3/8/2017 18:29,18:29,6,0,0,GILPIN STREET SOUTH & EVANS AVENUE EAST,1,3,0,0,1,4,0,,25,0,0,0,0,0,4,2,13
,2017_57847,39.7483739,-104.9914227,3/8/2017 19:47,19:47,12,0,1,CHAMPA STREET 1800 BLOCK & 18TH STREET,1,3,0,7,1,4,0,,30,0,0,0,0,2,4,3,5
,2017_57848,39.74499759,-104.9993572,3/8/2017 22:41,22:41,12,0,0,ARAPAHOE STREET & 1300 BLOCK,1,3,1,0,1,3,0,,30,0,0,0,0,0,4,2,5
,2017_57849,39.754305,-104.9942745,3/8/2017 22:50,22:50,3,0,0,20TH STREET & BLAKE STREET,1,5,0,0,1,1,0,,30,0,0,0,0,0,4,2,16
,2017_57850,39.66336,-105.03477,3/9/2017 7:43,7:43,8,0,0,LOWELL BOULEVARD SOUTH & AMHERST AVENUE WEST,1,1,1,0,1,4,0,,25,0,0,0,0,1,4,2,2
,2017_57851,39.798396,-104.786415,3/20/2017 0:00,0:00,9,0,0,PENA BOULEVARD & 56TH AVENUE,1,1,0,0,2,4,0,,55,0,0,0,0,0,4,1,14
,2017_57852,39.72627,-105.0002055,3/9/2017 9:39,9:39,12,0,0,SIXTH AVENUE 1200 BLOCK & KALAMATH STREET NORTH,1,1,1,0,1,3,0,,35,0,0,0,0,1,4,3,3
,2017_57853,39.757653,-104.998635,3/9/2017 10:37,10:37,12,0,0,20TH STREET & CHESTNUT PLACE,1,1,0,0,1,1,0,,35,0,0,0,0,0,4,2,3
,2017_57854,39.75498,-104.995143,3/9/2017 12:05,12:05,9,0,0,WAZEE STREET & 20TH STREET,1,1,1,0,1,4,0,,,0,0,0,0,0,4,1,14
,2017_57856,39.729717,-104.9912235,3/12/2017 11:20,11:20,15,0,0,SPEER BOULEVARD & BANNOCK STREET SOUTH,1,1,0,0,1,3,0,,25,0,0,0,0,0,4,2,16
,2017_57857,39.78577374,-104.9518964,3/9/2017 12:20,12:20,6,0,0,MILWAUKEE STREET & 800 BLOCK NORTH,1,1,0,0,1,4,0,,25,0,0,0,0,0,4,2,3
,2017_57858,39.745431,-104.9901075,3/9/2017 13:02,13:02,3,0,0,17TH STREET 600 BLOCK & WELTON STREET,1,1,0,0,1,5,0,,30,0,0,0,0,1,4,2,13
,2017_57859,39.767346,-104.8905135,3/9/2017 13:22,13:22,12,0,0,36TH AVENUE EAST & CENTRAL PARK BOULEVARD NORTH,1,5,0,0,1,1,0,,35,0,0,0,0,0,4,2,16
,2017_57860,39.737268,-104.8846815,3/9/2017 13:41,13:41,3,0,0,13TH AVENUE EAST & YOSEMITE STREET NORTH,1,1,0,0,1,1,0,,30,0,0,0,0,1,4,2,7
,2017_57861,39.771774,-104.903442,3/9/2017 14:10,14:10,3,0,0,QUEBEC STREET NORTH & SMITH ROAD EAST,1,1,0,0,1,1,0,,30,0,0,0,0,0,4,2,8
,2017_57862,39.769272,-105.00057,3/9/2017 15:31,15:31,3,0,0,38TH AVENUE WEST & KALAMATH STREET NORTH,1,1,0,0,1,1,0,,25,0,0,0,0,0,4,2,13
,2017_57863,39.740022,-105.002793,3/9/2017 15:45,15:45,10,0,0,MARIPOSA STREET 1400 BLOCK NORTH & COLFAX AVENUE WEST,1,1,0,0,1,4,0,,25,0,0,0,0,0,4,2,13
,2017_57864,39.767382,-104.90346,3/9/2017 15:47,15:47,15,0,0,QUEBEC STREET NORTH & 36TH AVENUE EAST,1,1,0,0,1,1,0,,35,0,0,0,0,0,4,2,13
,2017_57865,39.707523,-105.01569,3/9/2017 16:04,16:04,6,0,0,ZUNI STREET SOUTH & VIRGINIA AVENUE WEST,1,1,0,0,1,1,0,,25,0,0,0,0,0,4,3,7
,2017_57866,39.728925,-104.995224,3/9/2017 16:10,16:10,3,0,0,FOX STREET NORTH & EIGHTH AVENUE WEST,1,1,0,0,1,1,0,,25,0,0,0,0,0,4,2,16
,2017_57867,39.75373741,-105.034559,3/9/2017 16:18,16:18,6,0,0,LOWELL BOULEVARD 2500 BLOCK NORTH & 26TH AVENUE WEST,1,1,0,0,1,4,0,,30,0,0,0,0,0,4,2,5
,2017_57868,39.683979,-104.9828265,3/9/2017 16:20,16:20,12,0,0,COLORADO AVENUE EAST & LOGAN STREET SOUTH,1,2,0,0,1,1,0,,30,0,0,0,0,0,4,2,16
,2017_57869,39.770298,-104.9789115,3/9/2017 16:22,16:22,3,0,0,35TH STREET & BRIGHTON BOULEVARD NORTH,1,1,0,0,1,1,0,,30,0,0,0,0,0,4,2,13
,2017_57870,39.653073,-104.9130225,3/9/2017 17:00,17:00,1,0,0,MONACO STREET 3400 BLOCK SOUTH & HAMPDEN AVENUE EAST,1,1,0,0,1,2,0,,35,0,0,0,0,0,4,2,13
,2017_57871,39.748185,-104.9864445,3/9/2017 17:55,17:55,10,0,0,20TH STREET & WELTON STREET,1,2,0,0,1,1,0,,30,0,0,0,0,0,4,2,8
,2017_57872,39.720897,-104.9975235,3/9/2017 18:09,18:09,6,0,0,THIRD AVENUE 700 BLOCK WEST & INCA STREET NORTH,1,3,0,0,1,4,0,,25,0,0,0,0,0,4,2,5
,2017_57873,39.785652,-104.893254,3/9/2017 18:13,18:13,12,0,0,NORTHFIELD BOULEVARD EAST & UINTA STREET NORTH,1,3,0,0,1,1,0,,35,0,0,0,0,0,4,2,13
,2017_57874,39.723705,-104.8837095,3/9/2017 20:30,20:30,3,0,0,YOSEMITE WAY SOUTH & LOWRY BOULEVARD EAST ROUNDABOUT,1,3,0,0,1,6,0,,35,0,0,0,0,0,4,2,14
,2017_57875,39.70674,-105.027543,3/9/2017 21:14,21:14,3,0,0,HAZEL COURT SOUTH & CUSTER PLACE WEST,1,3,0,0,1,1,0,,25,0,0,0,0,0,4,2,13
,2017_57876,39.67218684,-104.9284142,6/16/2017 17:14,17:14,12,0,0,TOWER ROAD NORTH & DIA SERVICE ROAD,1,1,0,0,1,1,0,,40,0,0,0,0,0,4,2,13
,2017_57877,39.631356,-104.8923,3/9/2017 21:55,21:55,3,0,0,UNION AVENUE EAST & DTC BOULEVARD SOUTH,1,3,0,0,1,1,0,,30,0,0,0,0,0,4,2,13
,2017_57878,39.772881,-104.9429205,3/9/2017 22:57,22:57,12,0,0,40TH AVENUE EAST & JACKSON STREET NORTH,1,4,0,0,1,4,0,,35,0,0,0,0,1,4,2,5
,2017_57879,39.683979,-104.9840325,3/10/2017 0:14,0:14,6,0,0,GRANT STREET 1800 BLOCK SOUTH & COLORADO AVENUE EAST,1,3,0,0,1,4,0,,25,0,0,0,0,0,4,3,5
,2017_57880,39.736863,-104.982336,3/10/2017 6:20,6:20,3,0,0,13TH AVENUE EAST & LOGAN STREET NORTH,1,1,0,0,1,1,0,,20,0,0,0,0,0,4,2,2
,2017_57881,39.78205199,-104.96241,3/10/2017 7:30,7:30,3,0,0,VINE STREET & 1435 NORTH,1,1,0,0,1,2,0,,,0,0,0,0,0,4,2,13
,2017_57882,39.743775,-104.9034825,3/10/2017 7:55,7:55,15,0,0,17TH AVENUE EAST & QUEBEC STREET NORTH,1,1,0,0,1,1,0,,60,0,0,0,0,0,4,3,13
,2017_57883,39.684987,-104.9035905,3/10/2017 8:08,8:08,1,0,0,CHERRY CREEK DRIVE EAST & QUEBEC STREET SOUTH,1,1,0,0,1,1,0,,35,0,0,0,0,0,4,2,13
,2017_57884,39.725649,-104.986314,3/12/2017 4:00,4:00,3,0,0,SPEER BOULEVARD EAST & LINCOLN STREET NORTH,1,3,0,0,1,1,0,,30,0,0,0,0,0,4,2,13
,2017_57885,39.786039,-104.856111,3/10/2017 9:10,9:10,3,0,0,LIMA STREET 4900 BLOCK NORTH & 51ST AVENUE EAST,1,1,0,0,1,2,0,,25,0,0,0,0,0,4,2,13
,2017_57886,39.738465,-104.999382,3/10/2017 9:15,9:15,15,0,0,14TH AVENUE 800 BLOCK WEST & SANTA FE DRIVE NORTH,1,1,0,0,1,4,0,,30,0,0,0,0,0,4,2,13
,2017_57887,39.678435,-104.9407425,3/10/2017 9:17,9:17,12,0,0,EVANS AVENUE EAST & COLORADO BOULEVARD SOUTH,1,1,0,0,1,3,0,,35,0,0,0,0,0,4,2,13
,2017_57888,39.642372,-105.0387435,3/10/2017 9:44,9:44,5,0,0,OXFORD AVENUE 3800 BLOCK WEST & OSCEOLA STREET SOUTH,1,1,0,0,2,1,0,,25,0,0,0,0,0,4,1,2
,2017_57889,39.778686,-104.912874,3/10/2017 9:44,9:44,10,0,0,STAPLETON NORTH DRIVE EAST & MONACO STREET NORTH,1,1,0,0,1,1,0,,40,0,0,0,0,0,4,2,8
,2017_57890,39.725649,-104.986314,3/10/2017 10:42,10:42,12,0,0,SIXTH AVENUE 000 BLOCK EAST & LINCOLN STREET NORTH,1,1,1,0,1,3,0,,30,0,0,0,0,1,4,2,13
,2017_57891,39.750192,-105.0047415,3/10/2017 10:47,10:47,12,0,1,SPEER BOULEVARD & WEWATTA STREET,1,1,0,0,1,1,0,,25,0,0,0,0,2,4,2,3
,2017_57892,39.74603268,-105.0022112,3/10/2017 12:15,12:15,6,0,0,LARIMER STREET METER 1710 & 1700 BLOCK,1,3,0,0,1,4,0,,,0,0,0,0,0,4,2,13
,2017_57893,39.777993,-104.912901,3/10/2017 13:43,13:43,3,0,0,STAPLETON SOUTH DRIVE EAST & MONACO STREET NORTH,1,1,0,7,1,1,0,,35,0,0,0,0,0,4,2,16
,2017_57894,39.75003,-105.0049305,3/10/2017 14:44,14:44,12,0,1,SPEER BOULEVARD 1900 BLOCK NORTH & CHOPPER CIRCLE,1,1,0,0,1,4,0,,35,0,0,0,1,2,4,2,1
,2017_57895,39.667626,-104.912964,3/10/2017 15:15,15:15,12,0,0,YALE AVENUE EAST & MONACO STREET SOUTH,1,1,0,0,1,3,0,,35,0,0,0,0,0,4,2,14
,2017_57896,39.638619,-104.9040945,3/10/2017 15:15,15:15,3,0,0,QUINCY AVENUE EAST & QUEBEC STREET SOUTH,1,1,0,0,1,1,0,,35,0,0,0,0,0,4,2,13
,2017_57897,39.696768,-105.0413805,3/10/2017 16:35,16:35,6,0,0,QUITMAN STREET SOUTH & MISSISSIPPI AVENUE,1,1,1,0,1,4,0,,20,0,0,0,0,0,4,3,3
,2017_57898,39.83346903,-104.692932,3/10/2017 17:50,17:50,12,0,0,JACKSON GAP STREET NORTH 7500 BLOCK & PENA BOULEVARD INBOUND,1,1,0,0,1,1,0,,25,0,0,0,0,0,4,2,13
,2017_57899,39.740076,-104.919453,3/10/2017 18:44,18:44,6,0,0,JERSEY STREET NORTH & COLFAX AVENUE EAST,1,3,0,0,1,4,0,,30,0,0,0,0,0,4,2,13
,2017_57900,39.74598613,-104.9998826,3/11/2017 0:07,0:07,15,0,0,LAWRENCE STREET & 2100 BLOCK,1,3,0,0,1,4,0,,30,0,0,0,0,0,4,2,13
,2017_57901,39.736899,-105.01596,3/11/2017 3:45,3:45,5,0,0,13TH AVENUE WEST & ZUNI STREET NORTH,1,3,0,0,2,3,0,,25,0,0,0,0,0,4,1,13
,2017_57902,39.794778,-104.835663,3/11/2017 4:44,4:44,5,0,0,TULSA WAY NORTH & UVALDA STREET NORTH,1,2,0,0,3,3,0,,30,0,0,0,0,0,4,2,13
,2017_57903,39.72132,-105.032484,3/27/2017 18:30,18:30,5,0,0,KNOX COURT NORTH & THIRD AVENUE WEST,1,1,0,0,3,4,0,,30,0,0,0,0,0,4,1,1
,2017_57904,39.751002,-104.903442,3/11/2017 8:40,8:40,3,0,1,23RD AVENUE EAST & QUEBEC STREET NORTH,2,1,0,1,1,1,0,,30,0,0,0,0,2,4,2,13
,2017_57905,39.748023,-105.0006915,3/11/2017 10:35,10:35,15,0,0,14TH STREET & MARKET STREET,2,1,0,1,1,4,0,,35,0,0,0,0,0,4,2,13
,2017_57906,39.72627,-105.0002055,3/11/2017 11:10,11:10,12,0,0,KALAMATH STREET & SIXTH AVENUE WEST,1,1,0,0,1,1,0,,30,0,0,0,0,0,4,2,13
,2017_57907,39.738429,-104.928903,3/18/2017 6:54,6:54,6,0,0,ELM STREET NORTH 1400 BLOCK & 14TH AVENUE EAST,1,1,0,0,1,4,0,,25,0,0,0,0,0,4,2,13
,2017_57908,39.718278,-104.973777,3/23/2017 19:15,19:15,6,0,0,12TH AVENUE & CORONA / DOWNING STREET ALLEY,1,1,0,0,1,5,0,,30,0,0,0,0,0,4,2,13
,2017_57909,39.773142,-105.03459,3/11/2017 11:30,11:30,3,0,0,LOWELL BOULEVARD NORTH & 41ST AVENUE WEST,1,1,0,7,1,1,0,,35,0,0,0,0,0,4,2,16
,2017_57910,39.678444,-104.931612,3/11/2017 12:51,12:51,3,0,0,EVANS AVENUE EAST & DAHLIA STREET SOUTH,1,1,0,0,1,1,0,,30,0,0,0,0,0,4,2,7
,2017_57911,39.730455,-104.940783,3/11/2017 12:55,12:55,15,0,0,NINTH AVENUE EAST & COLORADO BOULEVARD NORTH,1,1,0,0,1,4,0,,25,0,0,0,0,0,4,2,13
,2017_57912,39.774303,-104.9772015,3/11/2017 13:00,13:00,12,0,0,38TH STREET & CHESNUT PLACE,1,1,1,7,1,3,0,,30,0,0,0,0,0,4,2,12
,2017_57913,39.755457,-104.9910525,3/11/2017 14:59,14:59,10,0,0,22ND STREET & MARKET STREET,1,1,0,0,1,1,0,,25,0,0,0,0,0,4,3,13
,2017_57914,39.725649,-104.986314,3/11/2017 15:55,15:55,15,0,0,LINCOLN STREET 500 BLOCK NORTH & SPEER BOULEVARD EAST,1,1,0,7,1,4,0,,30,0,0,0,0,0,4,2,16
,2017_57915,39.747672,-105.002334,3/11/2017 16:15,16:15,3,0,0,SPEER BOULEVARD NORTH & MARKET STREET,1,1,0,0,1,1,0,,35,0,0,0,0,1,4,3,13
,2017_57916,39.765087,-104.9769135,3/11/2017 16:30,16:30,3,0,0,33RD STREET & LARIMER STREET,1,1,0,7,1,1,0,,30,0,0,0,0,0,4,2,16
,2017_57917,39.757986,-104.903451,3/11/2017 17:01,17:01,12,0,0,QUEBEC STREET NORTH & 29TH AVENUE EAST,1,1,0,0,1,1,0,,35,0,0,0,0,0,4,2,13
,2017_57918,39.740004,-104.9776245,3/11/2017 18:15,18:15,10,0,0,CLARKSON STREET NORTH & COLFAX AVENUE EAST,1,4,0,0,1,4,0,,30,0,0,0,0,0,4,2,8
,2017_57919,39.753207,-104.993451,3/11/2017 20:40,20:40,15,0,0,MARKET STREET 1900 BLOCK & 20TH STREET,1,3,0,0,1,4,0,,25,0,0,0,0,0,4,2,5
,2017_57920,39.71655,-105.0300135,3/11/2017 20:50,20:50,5,0,0,IRVING STREET SOUTH & 1195 SOUTH IRVING STREET,1,3,0,0,2,3,0,,25,0,0,0,0,0,4,1,1
,2017_57921,39.708018,-105.039711,3/11/2017 20:56,20:56,6,0,0,VIRGINIA AVENUE WEST & PERRY STREET SOUTH,1,4,0,0,1,3,0,,25,0,0,0,0,1,4,2,13
,2017_57922,39.75417,-104.9893335,3/14/2017 12:17,12:17,3,0,0,22ND STREET & LAWRENCE STREET,1,1,0,0,1,1,0,,30,0,0,0,0,0,4,2,3
,2017_57923,39.769551,-105.034617,3/11/2017 22:45,22:45,3,0,0,38TH AVENUE WEST & LOWELL BOULEVARD NORTH,1,3,0,0,1,1,0,,25,0,0,0,0,1,4,2,13
,2017_57924,39.77312829,-104.9892215,3/11/2017 23:02,23:02,6,0,1,BROADWAY & 300 BLOCK,1,3,0,0,1,1,0,,30,0,0,0,0,2,4,4,5
,2017_57925,39.73293,-105.032151,3/12/2017 1:06,1:06,3,0,0,10TH AVENUE WEST & KNOX COURT NORTH,1,3,0,0,1,1,0,,30,0,0,0,0,1,4,2,3
,2017_57926,39.798396,-104.786415,3/12/2017 10:15,10:15,1,0,0,56TH AVENUE EAST & PENA BOULEVARD,1,1,0,0,1,1,0,,40,0,0,0,0,0,4,3,16
,2017_57927,39.711186,-104.997132,3/12/2017 11:10,11:10,12,0,0,ALAMEDA AVENUE WEST & SANTA FE DRIVE SOUTH,1,1,0,0,1,1,0,,30,0,0,0,0,1,4,2,13
,2017_57928,39.694743,-104.9546835,3/12/2017 13:10,13:10,4,0,0,CLAYTON STREET SOUTH & ARIZONA AVENUE EAST,1,1,0,0,1,4,0,,25,0,0,0,0,0,4,1,13
,2017_57929,39.669444,-104.9664735,3/12/2017 13:19,13:19,6,0,0,WILLIAMS STREET 2500 BLOCK SOUTH & VASSAR AVENUE EAST,1,1,0,0,1,4,0,,25,0,0,0,0,0,4,2,7
,2017_57930,39.711186,-104.892912,3/12/2017 13:39,13:39,12,0,0,ALAMEDA AVENUE 8600 BLOCK EAST & FAIRMOUNT DRIVE EAST,1,1,0,0,1,4,0,,40,0,0,0,0,0,4,2,16
,2017_57931,39.768183,-105.002604,3/12/2017 15:30,15:30,6,0,0,MARIPOSA STREET 3700 BLOCK NORTH & 38TH AVENUE WEST,1,1,1,0,1,4,0,,25,0,0,0,0,0,4,2,13
,2017_57932,39.759876,-104.890752,3/12/2017 15:51,15:51,12,0,0,MLK BOULEVARD EAST & CENTRAL PARK BOULEVARD NORTH,1,1,0,0,1,1,0,,40,0,0,0,0,0,4,2,3
,2017_57933,39.696759,-105.0274935,3/12/2017 19:50,19:50,12,0,0,MISSISSIPPI AVENUE WEST & HAZEL COURT SOUTH,1,3,0,7,1,1,0,,30,0,0,0,0,0,4,2,1
,2017_57934,39.780243,-105.0346035,3/13/2017 5:46,5:46,12,0,0,LOWELL BOULEVARD NORTH & 46TH AVENUE WEST,1,4,0,0,1,4,0,,25,0,0,0,0,0,4,2,13
,2017_57935,39.724101,-104.995197,3/13/2017 7:47,7:47,3,0,0,FIFTH AVENUE WEST & FOX STREET NORTH,1,1,0,0,1,1,0,,25,0,0,0,0,0,4,2,13
,2017_57936,39.743415,-104.95926,3/13/2017 8:00,8:00,3,0,0,17TH AVENUE EAST & JOSEPHINE STREET NORTH,1,1,0,0,1,1,0,,35,0,0,0,0,0,4,2,13
,2017_57937,39.643056,-104.8949325,3/13/2017 8:03,8:03,10,0,0,SPRUCE STREET SOUTH & PRINCETON AVENUE EAST,1,1,0,0,1,3,0,,30,0,0,0,0,0,4,2,14
,2017_57938,39.701988,-104.983956,3/13/2017 8:31,8:31,3,0,0,GRANT STREET SOUTH & OHIO AVENUE EAST,1,1,0,0,1,1,0,,25,0,0,0,0,0,4,2,13
,2017_57939,39.678444,-104.931612,3/13/2017 11:08,11:08,12,0,0,EVANS AVENUE 4800 BLOCK EAST & DAHLIA STREET SOUTH,1,1,0,0,1,3,0,,35,0,0,0,0,1,4,2,14
,2017_57940,39.694896,-105.0297525,3/13/2017 12:57,12:57,3,0,0,IRVING STREET SOUTH & ARIZONA AVENUE WEST,1,1,0,0,1,1,0,,25,0,0,0,0,0,4,2,4
,2017_57941,39.844602,-104.6809395,3/13/2017 14:17,14:17,6,0,0,PENA BOULEVARD INBOUND & 8400 BLOCK,1,1,0,0,1,4,0,,15,0,0,0,0,0,4,2,1
,2017_57942,39.759579,-105.0017805,3/13/2017 15:30,15:30,12,0,0,20TH STREET 2100 BLOCK & LITTLE RAVEN STREET,1,1,0,0,1,4,0,,30,0,0,0,0,0,4,2,16
,2017_57943,39.774303,-104.9772015,3/13/2017 15:34,15:34,15,0,0,CHESTNUT PLACE & 38TH STREET,1,1,0,0,1,4,0,,60,0,0,0,0,0,4,2,3
,2017_57944,39.69666,-104.8917105,3/13/2017 17:19,17:19,15,0,0,MISSISSIPPI AVENUE EAST & VALENTIA STREET SOUTH,1,1,0,0,1,1,0,,35,0,0,0,0,0,4,2,13
,2017_57945,39.678507,-104.973444,3/13/2017 17:25,17:25,15,0,0,DOWNING STREET 2100 BLOCK SOUTH & EVANS AVENUE EAST,1,1,0,0,1,3,0,,,0,0,0,0,0,4,2,16
,2017_57946,39.76946327,-105.0439815,3/14/2017 8:37,8:37,12,0,0,TENNYSON STREET 3800 BLOCK NORTH & 39TH AVENUE WEST,1,1,0,0,1,3,0,,30,0,0,0,0,0,4,2,14
,2017_57947,39.674754,-104.875281,3/13/2017 18:09,18:09,12,0,0,ILIFF AVENUE EAST & DAYTON WAY SOUTH,1,1,1,7,1,3,0,,35,0,0,0,0,0,4,3,16
,2017_57948,39.732012,-104.9776155,3/18/2017 17:55,17:55,5,0,0,10TH AVENUE EAST & CLARKSON STREET NORTH,1,1,0,0,3,1,0,,25,0,0,0,0,0,4,1,1