id,drcog_id,latitude,longitude,crashtime,time,crashtype,numbkilled,numbinjurd,drcoglocat,rdconditin,lightngcon,roadcntgrd,weatherco,location,roaddescrp,constrzone,schoolzone,splimit,bikeinv,pedinv,sctrinv,motoinv,svrty,rdsystem,ttlvehcls,hcf
,2017_57949,39.725604,-104.958864,3/13/2017 19:18,19:18,12,0,0,SIXTH AVENUE EAST & JOSEPHINE STREET NORTH,1,3,0,7,1,4,0,,30,0,0,0,0,0,4,2,16
,2017_57950,39.79368,-104.842701,3/15/2017 14:55,14:55,6,0,0,SCRANTON STREET NORTH & EDWARDS PLACE EAST,1,1,0,0,1,2,0,,25,0,0,0,0,0,4,2,14
,2017_57951,39.711186,-104.997132,3/13/2017 20:05,20:05,12,0,0,SANTA FE DRIVE SOUTH & ALAMEDA AVENUE WEST,1,3,0,0,1,1,0,,35,0,0,0,0,0,4,2,13
,2017_57952,39.758508,-105.035796,3/13/2017 20:14,20:14,12,0,1,29TH AVENUE WEST & MEADE STREET NORTH,1,3,0,0,1,1,0,,35,0,0,0,0,2,4,2,6
,2017_57953,39.754773,-104.9780115,3/19/2017 20:45,20:45,15,0,0,WELTON STREET & 27TH STREET,1,3,0,0,1,4,0,,30,0,0,0,0,0,4,2,13
,2017_57954,39.761964,-104.903451,3/13/2017 20:17,20:17,15,0,0,MLK BOULEVARD EAST & QUEBEC STREET NORTH,1,3,0,0,1,1,0,,40,0,0,0,0,0,4,2,13
,2017_57955,39.678435,-104.922234,3/13/2017 21:19,21:19,12,0,0,EVANS AVENUE EAST & HOLLY STREET SOUTH,1,3,0,0,1,3,0,,35,0,0,0,0,0,4,2,13
,2017_57956,39.725604,-104.947317,3/13/2017 23:10,23:10,5,0,0,SIXTH AVENUE 3400 BLOCK EAST & COOK STREET NORTH,1,3,0,0,2,4,0,,30,0,0,0,0,0,4,1,3
,2017_57957,39.711105,-104.97339,3/14/2017 7:20,7:20,9,0,0,ALAMEDA AVENUE EAST & DOWNING STREET SOUTH,1,1,0,0,1,3,0,,30,0,0,0,0,0,4,1,7
,2017_57958,39.718305,-104.979114,3/14/2017 7:30,7:30,3,0,0,FIRST AVENUE & WASHINGTON STREET / CLARKSON ALLEY,1,1,0,0,1,5,0,,25,0,0,0,0,0,4,2,13
,2017_57959,39.73041,-104.986143,3/14/2017 8:10,8:10,12,0,0,LINCOLN STREET & NINTH AVENUE EAST,1,1,0,0,1,4,0,,35,0,0,0,0,1,4,2,3
,2017_57960,39.755088,-104.988114,3/14/2017 8:30,8:30,15,0,0,PARK AVENUE WEST 1200 BLOCK & LAWRENCE STREET,1,1,0,0,1,4,0,,30,0,0,0,0,0,4,2,13
,2017_57961,39.709296,-104.917581,3/14/2017 8:35,8:35,15,0,0,32ND AVENUE EAST & KEARNEY STREET NORTH,1,1,0,0,1,1,0,,65,0,0,0,0,0,4,2,7
,2017_57962,39.760299,-105.025293,3/15/2017 12:01,12:01,12,0,0,SPEER BOULEVARD NORTH EASTBOUND & FEDERAL BOULEVARD NORTH,1,1,0,0,1,3,0,,,0,0,0,0,0,4,2,13
,2017_57963,39.72726,-104.9861565,3/14/2017 8:55,8:55,12,0,0,SEVENTH AVENUE EAST & LINCOLN STREET NORTH,1,1,0,0,1,1,0,,35,0,0,0,0,0,4,2,13
,2017_57964,39.7546748,-104.8948031,3/14/2017 9:55,9:55,12,0,0,26TH AVENUE WB & 3200 BLOCK EAST,1,1,0,0,1,3,0,,30,0,0,0,0,0,4,2,7
,2017_57965,39.738672,-104.8846635,3/14/2017 12:25,12:25,3,0,0,14TH AVENUE 8800 BLOCK EAST & YOSEMITE STREET NORTH,1,1,3,0,1,5,0,,25,0,0,0,0,0,4,2,16
,2017_57966,39.765726,-104.9948415,3/14/2017 13:07,13:07,3,0,0,PARK AVENUE WEST & GLOBEVILLE ROAD,1,1,0,0,1,1,0,,35,0,0,0,0,1,4,2,14
,2017_57967,39.76952738,-105.0416246,3/14/2017 13:55,13:55,6,0,0,RALEIGH STREET 3800 BLOCK NORTH & 39TH AVENUE WEST,1,1,0,0,1,2,0,,25,0,0,0,0,0,4,2,16
,2017_57968,39.718332,-104.9591025,3/14/2017 14:25,14:25,12,0,0,FIRST AVENUE 2300 BLOCK EAST & JOSEPHINE STREET NORTH,1,1,0,0,1,4,0,,30,0,0,0,0,0,4,2,16
,2017_57969,39.75444,-104.9499135,3/14/2017 14:34,14:34,12,0,0,26TH AVENUE 2600 BLOCK EAST & STEELE STREET NORTH,1,1,0,0,1,4,0,,30,0,0,0,0,0,4,2,3
,2017_57970,39.723156,-104.9348835,3/14/2017 15:00,15:00,15,0,0,FOURTH AVENUE 4400 BLOCK EAST & CLERMONT STREET NORTH,1,1,0,0,1,4,0,,20,0,0,0,0,0,4,2,13
,2017_57971,39.75003,-105.0049305,3/14/2017 15:15,15:15,12,0,0,SPEER BOULEVARD NORTH & CHOPPER CIRCLE,1,1,0,0,1,4,0,,40,0,0,0,0,1,4,2,16
,2017_57972,39.775338,-105.006447,3/14/2017 16:00,16:00,12,0,0,PECOS STREET NORTH & 43RD AVENUE WEST,1,1,0,0,1,1,0,,25,0,0,0,0,0,4,2,1
,2017_57973,39.702204,-105.045579,3/14/2017 16:42,16:42,12,0,0,MORRISON ROAD & OHIO AVENUE WEST,1,1,0,0,1,4,0,,30,0,0,0,0,1,4,2,3
,2017_57974,39.711348,-104.9035005,3/14/2017 16:44,16:44,12,0,0,ALAMEDA AVENUE EAST & QUEBEC STREET SOUTH,1,1,0,0,1,3,0,,25,0,0,0,1,0,4,2,13
,2017_57975,39.682287,-105.053202,3/14/2017 17:10,17:10,3,0,0,JEWELL AVENUE WEST & SHERIDAN BOULEVARD SOUTH,1,1,0,0,1,2,0,,30,0,0,0,0,0,4,2,14
,2017_57976,39.735252,-104.988825,3/14/2017 17:11,17:11,3,0,0,12TH AVENUE 100 BLOCK WEST & ACOMA STREET NORTH,1,1,0,0,1,2,0,,30,0,0,0,0,0,4,2,13
,2017_57977,39.750696,-104.959773,3/14/2017 18:03,18:03,1,0,0,YORK STREET NORTH & 23RD AVENUE EAST,1,1,0,0,1,1,0,,30,0,0,0,0,1,4,2,3
,2017_57978,39.674835,-104.9594175,3/14/2017 18:15,18:15,12,0,0,UNIVERSITY BOULEVARD SOUTH 2200 BLOCK & ILIFF AVENUE EAST,1,1,0,0,1,4,0,,25,0,0,0,0,0,4,3,13
,2017_57979,39.698523,-104.903541,3/14/2017 18:50,18:50,5,0,0,QUEBEC STREET 1000 BLOCK SOUTH & LEETSDALE DRIVE,1,3,1,0,3,1,0,,30,0,0,0,0,0,4,1,1
,2017_57980,39.777993,-104.912901,3/14/2017 19:24,19:24,3,0,1,STAPLETON SOUTH DRIVE EAST & MONACO STREET NORTH,1,3,0,0,1,1,0,,30,0,0,0,0,2,4,2,16
,2017_57981,39.752874,-104.9874255,3/14/2017 20:11,20:11,3,0,0,CURTIS STREET & BORADWAY STREET NORTH,1,3,0,0,1,1,0,,25,0,0,0,0,1,4,2,8
,2017_57982,39.71835,-104.9745915,3/14/2017 21:50,21:50,3,0,0,SPEER BOULEVARD EAST & CORONA STREET NORTH,1,3,0,0,1,1,0,,25,0,0,0,0,0,4,2,16
,2017_57983,39.707478,-104.912946,3/15/2017 9:59,9:59,1,0,0,MONACO STREET SOUTH & VIRGINIA AVENUE EAST,1,1,0,0,1,1,0,,,0,0,0,0,0,4,2,13
,2017_57984,39.729114,-104.960232,3/15/2017 9:59,9:59,12,0,0,EIGHTH AVENUE EAST & YORK STREET NORTH,1,1,0,0,1,1,0,,30,0,0,0,0,0,4,2,3
,2017_57985,39.714642,-104.9449635,3/15/2017 10:25,10:25,3,0,1,MONTROE STREET SOUTH & BAYAUD AVENUE EAST,1,1,0,0,1,1,0,,25,0,0,0,0,2,4,2,13
,2017_57986,39.68226,-105.026202,3/15/2017 10:30,10:30,15,0,0,JEWELL AVENUE WEST & GROVE STREET SOUTH,1,1,0,0,1,2,0,,35,0,0,0,0,1,4,2,13
,2017_57987,39.711105,-104.97339,3/15/2017 10:51,10:51,15,0,0,DOWNING STREET 200 BLOCK SOUTH & ALAMEDA AVENUE EAST,1,1,0,0,1,3,0,,30,0,0,0,0,0,4,2,16
,2017_57988,39.773178,-104.809932,3/15/2017 12:41,12:41,12,0,0,40TH AVENUE EAST & CHAMBERS ROAD NORTH,1,1,0,0,1,1,0,,40,0,0,0,0,0,4,2,13
,2017_57989,39.678363,-104.959404,3/15/2017 13:40,13:40,12,0,0,UNIVERSITY BOULEVARD 2000 BLOCK SOUTH & EVANS AVENUE EAST,1,1,0,0,1,3,0,,30,0,0,0,0,1,4,2,16
,2017_57990,39.7013317,-105.0471165,3/15/2017 13:54,13:54,14,0,0,ADA PLACE WEST & MORRISON ROAD,1,1,1,0,1,3,0,,25,0,0,0,0,0,4,2,3
,2017_57991,39.678435,-104.912892,3/16/2017 6:58,6:58,12,0,0,EVANS AVENUE 6500 BLOCK EAST & MONACO STREET SOUTH,1,2,0,0,1,3,0,,35,0,0,0,0,0,4,2,1
,2017_57992,39.732084,-105.000174,3/15/2017 14:34,14:34,3,0,0,10TH AVENUE WEST & KALAMATH STREET NORTH,1,1,1,0,1,1,0,,25,0,0,0,0,0,4,3,13
,2017_57993,39.783411,-104.931603,3/15/2017 16:10,16:10,3,0,0,48TH AVENUE EAST & DAHLIA STREET NORTH,1,1,0,0,1,1,0,,30,0,0,0,0,1,4,2,12
,2017_57994,39.741957,-104.9730435,3/15/2017 16:15,16:15,6,0,0,DOWNING STREET 1600 BLOCK NORTH & 17TH AVENUE EAST,1,1,0,0,1,3,0,,25,0,0,0,0,0,4,2,13
,2017_57995,39.770253,-104.9719725,3/15/2017 16:38,16:38,3,0,0,MARION STREET NORTH & 38TH STREET,1,1,0,0,1,1,0,,25,0,0,0,0,0,4,2,3
,2017_57996,39.711159,-104.9900175,3/15/2017 17:10,17:10,15,0,0,ALAMEDA AVENUE WEST & BANNOCK STREET SOUTH,1,1,0,0,1,4,0,,35,0,0,0,0,0,4,2,3
,2017_57997,39.745575,-104.8846725,3/15/2017 17:27,17:27,3,0,0,YOSEMITE STREET NORTH & 19TH AVENUE EAST,1,1,0,0,1,1,0,,25,0,0,0,0,0,4,3,3
,2017_57998,39.711159,-104.9900175,3/15/2017 18:10,18:10,1,0,0,ALAMEDA AVENUE WEST & BANNOCK STREET SOUTH,1,1,0,0,1,1,0,,35,0,0,0,0,0,4,2,3
,2017_57999,39.78178383,-104.9784393,3/15/2017 19:00,19:00,1,0,0,46TH AVENUE EAST & WASHINGTON STREET NORTH,1,3,0,0,1,1,0,,35,0,0,0,0,0,4,2,1
,2017_58000,39.718206,-105.0518115,3/15/2017 19:36,19:36,3,0,0,FIRST AVENUE WEST & ZENOBIA STREET NORTH,1,3,1,0,1,2,0,,30,0,0,0,0,0,4,2,14
,2017_58001,39.733839,-104.987394,3/15/2017 19:56,19:56,1,0,0,BROADWAY STREET NORTH & 11TH AVENUE EAST,1,1,0,0,1,1,0,,30,0,0,0,0,0,4,2,13
,2017_58002,39.75651862,-104.982698,3/15/2017 20:10,20:10,6,0,0,26TH STREET & 1300 BLOCK,1,3,1,0,1,4,0,,30,0,0,0,0,0,4,2,3
,2017_58003,39.743253,-104.981103,3/15/2017 21:50,21:50,3,0,0,17TH AVENUE EAST & PENNSYLVANIA STREET NORTH,1,3,0,0,1,1,0,,30,0,0,0,0,0,4,2,13
,2017_58004,39.711159,-104.9900175,3/15/2017 23:34,23:34,12,0,1,ALAMEDA AVENUE WEST & BANNOCK STREET SOUTH,1,3,0,0,1,1,0,,33,0,0,0,0,2,4,3,5
,2017_58005,39.716622,-105.0203835,3/30/2017 11:03,11:03,6,0,0,ELLSWORTH AVENUE WEST & CLAY STREET SOUTH,1,1,1,0,1,3,0,,25,0,0,0,0,0,4,3,13
,2017_58006,39.678435,-104.912892,3/16/2017 6:58,6:58,12,0,0,EVANS AVENUE EAST 6500 BLOCK & MONACO STREET SOUTH,1,2,0,0,1,3,0,,35,0,0,0,0,0,4,2,1
,2017_58007,39.71232,-104.9495715,3/16/2017 7:15,7:15,12,0,0,CHERRY CREEK DRIVE 3100 BLOCK EAST & STEELE STREET SOUTH,1,1,0,7,1,4,0,,35,0,0,0,0,0,4,2,13
,2017_58008,39.783609,-104.7913916,3/16/2017 7:20,7:20,1,0,0,PENA BOULEVARD & GREEN VALLEY RANCH BOULEVARD EAST,1,1,0,0,1,1,0,,40,0,0,0,0,0,4,2,13
,2017_58009,39.71232,-104.9495715,3/16/2017 7:33,7:33,12,0,0,CHERRY CREEK DRIVE 3100 BLOCK & STEELE STREET SOUTH,1,1,0,0,1,3,0,,35,0,0,0,0,0,4,2,13
,2017_58010,39.783609,-104.7913916,3/16/2017 7:35,7:35,12,0,0,GREEN VALLEY RANCH BOULEVARD EAST & PENA BOULEVARD,1,1,0,0,1,1,0,,,0,0,0,0,1,4,2,13
,2017_58011,39.783609,-104.7913916,3/16/2017 9:15,9:15,12,0,0,GREEN VALLEY RANCH BOULEVARD EAST & PENA BOULEVARD NORTH,1,1,0,0,1,1,0,,40,0,0,0,0,1,4,2,3
,2017_58012,39.711141,-104.987592,3/16/2017 12:05,12:05,12,0,0,ALAMEDA AVENUE 000 BLOCK WEST & BROADWAY STREET SOUTH,1,1,0,0,1,3,0,,60,0,0,0,0,0,4,3,1
,2017_58013,39.624192,-104.89473,3/16/2017 12:22,12:22,12,0,0,ULSTER STREET SOUTH & BELLEVIEW AVENUE EAST,1,1,0,0,1,1,0,,,0,0,0,0,0,4,2,13
,2017_58014,39.777993,-104.912901,3/16/2017 12:39,12:39,3,0,0,STAPLETON DRIVE EAST & MONACO STREET NORTH,1,1,0,0,1,1,0,,35,0,0,0,0,0,4,3,13
,2017_58016,39.720456,-104.9791185,3/16/2017 12:55,12:55,12,0,0,SPEER BOULEVARD 700 BLOCK EAST & WASHINGTON STREET NORTH,1,1,0,0,1,3,0,,35,0,0,0,0,0,4,2,13
,2017_58017,39.767409,-104.880303,3/16/2017 13:40,13:40,5,0,0,37TH AVENUE 9204 & ALTON COURT,1,1,0,0,2,4,0,,30,0,0,0,0,0,4,1,13
,2017_58018,39.729303,-105.0286545,3/16/2017 15:09,15:09,6,0,0,EIGHTH AVENUE & HOOKER STREET,1,1,1,0,1,4,0,,25,0,0,0,0,1,4,3,9
,2017_58019,39.736836,-104.965983,3/16/2017 18:25,18:25,6,0,0,13TH AVENUE EAST & WILLIAMS STREET NORTH,1,1,0,0,1,4,0,,30,0,0,0,0,0,4,2,13
,2017_58020,39.674826,-104.9187825,3/16/2017 15:30,15:30,12,0,0,ILIFF AVENUE 5900 BLOCK EAST & JASMINE STREET SOUTH,1,1,0,0,1,4,0,,30,0,0,0,0,0,4,2,13
,2017_58021,39.707496,-104.9827905,3/16/2017 15:35,15:35,6,0,0,LOGAN STREET 500 BLOCK SOUTH & VIRGINIA AVENUE EAST,1,1,0,0,1,4,0,,30,0,0,0,0,0,4,4,2
,2017_58022,39.769272,-105.006456,3/16/2017 15:56,15:56,3,0,0,38TH AVENUE WEST & PECOS STREET NORTH,1,1,0,0,1,1,0,,35,0,0,0,0,0,4,2,13
,2017_58023,39.783609,-104.772222,3/16/2017 16:05,16:05,3,0,0,15600 BLOCK EAST GREEN VALLEY RANCH BOULEVARD & NORTH TOWER ROAD,1,1,0,0,1,1,0,,45,0,0,0,0,0,4,2,3
,2017_58024,39.75121029,-104.999951,3/16/2017 16:12,16:12,15,0,0,WAZEE STREET 1600 BLOCK & 16TH STREET,1,1,0,0,1,4,0,,,0,0,0,0,0,4,2,1
,2017_58025,39.736836,-104.912811,3/16/2017 16:29,16:29,12,0,0,MONACO PARKWAY NORTH & 13TH AVENUE EAST,1,1,0,0,1,1,0,,65,0,0,0,0,1,4,3,13
,2017_58026,39.729312,-105.015933,3/16/2017 16:40,16:40,15,0,0,EIGHTH AVENUE 2300 BLOCK WEST & ZUNI STREET NORTH,1,1,0,0,1,4,0,,35,0,0,0,0,0,4,2,7
,2017_58027,39.678552,-104.9828715,4/1/2017 6:10,6:10,5,0,0,EVANS AVENUE EAST & LOGAN STREET SOUTH,2,2,0,0,3,1,0,,35,0,0,0,0,0,4,1,9
,2017_58028,39.749715,-104.9932665,3/16/2017 16:59,16:59,12,0,0,18TH STREET 1000 BLOCK & ARAPAHOE STREET,1,1,0,0,1,4,0,,25,0,0,0,0,0,4,2,12
,2017_58029,39.774519,-104.922315,3/16/2017 17:09,17:09,12,0,0,SMITH ROAD EAST & HOLLY STREET NORTH,1,1,0,0,1,4,0,,30,0,0,0,0,0,4,2,14
,2017_58030,39.744072,-104.988285,3/16/2017 17:25,17:25,12,0,0,TREMONT PLACE & 17TH STREET,1,1,0,0,1,3,0,,30,0,0,0,0,0,4,2,13
,2017_58031,39.779577,-104.8471335,3/16/2017 17:26,17:26,1,0,0,46TH AVENUE EAST & PEORIA STREET NORTH,1,1,0,0,1,1,0,,35,0,0,0,0,0,4,2,13
,2017_58032,39.696894,-104.9239035,3/16/2017 17:50,17:50,1,0,0,CHERRY CREEK SOUTH DRIVE & MISSISSIPPI AVENUE EAST,1,2,0,0,1,1,0,,,0,0,0,0,0,4,2,13
,2017_58033,39.750705,-104.968413,3/16/2017 19:15,19:15,3,0,0,23RD AVENUE EAST & FRANKLIN STREET NORTH,1,2,0,0,1,1,0,,,0,0,0,0,0,4,2,13
,2017_58034,39.753927,-104.992551,3/16/2017 19:39,19:39,12,0,0,MARKET STREET 2000 BLOCK & 21ST STREET,1,3,0,0,1,4,0,,30,0,0,0,0,0,4,2,1
,2017_58035,39.711105,-104.97924,3/16/2017 19:59,19:59,12,0,0,ALAMEDA AVENUE EAST & WASHINTON STREET SOUTH,1,3,0,0,1,1,0,,30,0,0,0,0,0,4,3,3
,2017_58036,39.748878,-104.987448,3/16/2017 23:23,23:23,12,0,0,BROADWAY STREET & 20TH STREET,1,3,0,7,1,3,0,,30,0,0,0,0,1,4,2,3
,2017_58037,39.765726,-104.9948415,3/17/2017 1:17,1:17,12,0,0,PARK AVENUE WEST & GLOBEVILLE ROAD NORTH,1,3,0,0,1,4,0,,35,0,0,0,0,0,4,2,5
,2017_58038,39.75003,-105.0049305,3/17/2017 2:10,2:10,5,0,0,SPEER BOULEVARD NORTH & CHOPPER CIRCLE,1,3,1,0,2,3,0,,45,0,0,0,0,0,4,1,5
,2017_58039,39.783609,-104.7913916,3/17/2017 8:00,8:00,12,0,0,GREEN VALLEY RANCH BOULEVARD EAST & PENA BOULEVARD NORTH,1,1,0,0,1,1,0,,,0,0,0,0,0,4,2,13
,2017_58040,39.716235,-104.949963,6/23/2017 15:00,15:00,6,0,0,STEELE STREET & 1560 NORTH STEELE STREET,14,5,0,0,1,4,0,,,0,0,0,0,0,4,2,13
,2017_58041,39.744819,-104.963463,3/17/2017 8:00,8:00,3,0,0,18TH AVENUE EAST & RACE STREET NORTH,1,1,0,0,1,1,0,,30,0,0,0,0,0,4,2,16
,2017_58042,39.758949,-105.0158925,3/28/2017 22:00,22:00,6,0,0,DUNKELD PLACE WEST & ZUNI STREET NORTH,2,4,0,0,1,4,0,,,0,0,0,0,0,4,2,13
,2017_58043,39.768948,-104.995332,3/17/2017 11:15,11:15,1,0,0,38TH AVENUE & NORTH FOX STREET,1,1,0,0,1,1,0,,35,0,0,0,0,0,4,2,13
,2017_58044,39.74877,-105.026814,3/17/2017 11:46,11:46,8,0,0,21ST AVENUE 3000 WEST & GROVE STREET NORTH,1,1,0,0,1,3,0,,30,0,0,0,0,0,4,2,14
,2017_58045,39.844602,-104.6809395,3/17/2017 11:50,11:50,15,0,0,PENA BOULEVARD 7600 BLOCK & 77TH AVENUE EAST,1,1,0,0,1,4,0,,35,0,0,0,0,0,4,2,8
,2017_58046,39.76924477,-104.9176392,3/17/2017 12:20,12:20,12,0,0,38TH AVENUE & 4600 BLOCK WEST,1,1,1,0,1,4,0,,30,0,0,0,0,0,4,2,13
,2017_58047,39.716523,-104.976927,3/17/2017 13:40,13:40,3,0,0,ELLSWORTH AVENUE EAST & EMERSON STREET NORTH,1,1,0,0,1,1,0,,25,0,0,0,0,0,4,2,13
,2017_58048,39.696615,-104.912973,3/17/2017 14:25,14:25,12,0,0,MONACO STREET SOUTH & MISSISSIPPI AVENUE EAST,1,1,0,0,1,1,0,,35,0,0,0,0,0,4,2,13
,2017_58049,39.749193,-104.997402,6/5/2017 10:05,10:05,6,0,0,LARIMER STREET & 16TH STREET MALL,1,1,0,0,1,4,0,,25,0,0,0,0,0,4,2,1
,2017_58050,39.772854,-104.968503,3/17/2017 14:48,14:48,12,0,0,40TH AVENUE EAST & FRANKLIN STREET NORTH,1,1,1,0,1,1,0,,35,0,0,0,0,0,4,2,13
,2017_58051,39.729078,-104.983614,3/17/2017 15:34,15:34,12,0,0,EIGHTH AVENUE 300 BLOCK EAST & GRANT STREET,1,1,0,7,1,4,0,,30,0,0,0,0,0,4,2,13
,2017_58052,39.769272,-105.0174225,3/17/2017 15:38,15:38,10,0,0,38TH AVENUE WEST & ALCOTT STREET NORTH,1,5,1,0,1,2,0,,35,0,0,0,0,0,4,2,1
,2017_58053,39.73138636,-104.9986792,3/17/2017 15:41,15:41,15,0,0,SANTA FE & 800 NORTH,1,1,1,0,1,4,0,,30,0,0,0,0,0,4,2,13
,2017_58054,39.69675,-105.0127245,3/17/2017 16:17,16:17,3,0,0,MISSISSIPPI AVENUE WEST & TEJON STREET SOUTH,1,1,0,0,1,1,0,,25,0,0,0,0,1,4,2,7
,2017_58055,39.678498,-104.999454,3/17/2017 16:41,16:41,12,0,0,EVANS AVENUE EAST & JASON STREET SOUTH,1,1,0,0,1,2,0,,35,0,0,0,0,0,4,2,3
,2017_58056,39.833838,-104.7468689,3/18/2017 5:21,5:21,12,0,0,PENA BOULEVARD & E470 NORTHBOUND EXIT GORE APPROXIMATELY,1,3,0,0,1,4,0,,,0,0,0,0,0,4,2,13
,2017_58057,39.782277,-104.8659255,3/17/2017 16:55,16:55,12,0,0,47TH AVENUE 10400 BLOCK EAST & HAVANA STREET NORTH,1,1,0,0,1,4,0,,35,0,0,0,0,0,4,2,14
,2017_58058,39.786714,-104.8414905,3/18/2017 9:45,9:45,6,0,0,TROY STREET & 50TH AVENUE EAST,1,1,0,0,1,1,0,,25,0,0,0,0,0,4,2,14
,2017_58059,39.739986,-104.987421,3/17/2017 17:01,17:01,15,0,0,BROADWAY & COLFAX AVENUE EAST,1,1,0,0,1,4,0,,30,0,0,0,0,0,4,2,7
,2017_58060,39.749985,-105.0299505,3/17/2017 17:06,17:06,6,0,0,22ND AVENUE WEST 3300 BLOCK & IRVING STREET NORTH,1,1,0,0,1,4,0,,30,0,0,0,0,0,4,2,1
,2017_58061,39.74504925,-104.9991808,3/17/2017 17:09,17:09,15,0,0,ARAPAHOE STREET 1300 BLOCK & 14TH STREET,1,1,1,0,1,4,0,,25,0,0,0,0,0,4,2,13
,2017_58062,39.744855,-104.987394,3/17/2017 17:30,17:30,15,0,0,18TH AVENUE EAST & BROADWAY,1,1,0,0,1,1,0,,,0,0,0,0,0,4,2,13
,2017_58063,39.772962,-104.975442,3/17/2017 18:07,18:07,1,0,0,38TH STREET & BRIGHTON BOULEVARD NORTH,1,1,0,0,1,1,0,,30,0,0,0,0,0,4,2,2
,2017_58064,39.680226,-104.959404,3/17/2017 19:56,19:56,12,0,0,UNIVERSITY BOULEVARD 1900 BLOCK SOUTH & ASBURY AVENUE EAST,3,5,0,0,1,1,0,,30,0,0,0,0,0,4,3,5
,2017_58065,39.76079877,-104.9683345,3/17/2017 20:00,20:00,6,0,0,FRANKLIN STREET 3100 BLOCK NORTH & 31ST AVENUE EAST,1,3,0,0,1,4,0,,25,0,0,0,0,0,4,2,13
,2017_58066,39.736476,-104.933844,3/17/2017 22:27,22:27,12,0,0,13TH AVENUE EAST & CHERRY STREET NORTH,1,3,0,0,1,1,0,,30,0,0,0,0,0,4,2,16
,2017_58067,39.725622,-104.977566,3/17/2017 23:26,23:26,3,0,0,SIXTH AVENUE EAST & CLARKSON STREET NORTH,1,3,0,0,1,1,0,,,0,0,0,0,0,4,5,13
,2017_58068,39.76733118,-104.8896186,6/24/2017 0:10,0:10,6,0,0,36TH AVENUE & 7000 BLOCK EAST,1,3,0,0,1,4,0,,,0,0,0,0,0,4,2,5
,2017_58069,39.750651,-104.991984,3/17/2017 23:49,23:49,15,0,0,ARAPAHOE STREET & 19TH STREET,1,3,0,0,1,1,0,,30,0,0,0,0,0,4,2,13
,2017_58070,39.748752,-105.003324,3/18/2017 1:20,1:20,12,0,0,SPEER BOULEVARD NORTH 2000 BLOCK & WAZEE STREET,1,3,1,0,1,2,0,,30,0,0,0,0,1,4,2,13
,2017_58071,39.771711,-105.009615,3/18/2017 1:26,1:26,6,0,0,40TH AVENUE WEST & SHOSHONE STREET NORTH,1,4,0,0,1,1,0,,25,0,0,0,1,0,4,2,5
,2017_58072,39.77661608,-105.0287715,3/18/2017 1:54,1:54,6,0,0,HOOKER STREET & 200 BLOCK NORTH,1,3,0,0,1,4,0,,25,0,0,0,0,0,4,5,5
,2017_58073,39.76283001,-104.9733612,3/18/2017 2:07,2:07,6,0,0,DOWNING STREET & 2700 BLOCK NORTH,1,3,0,0,1,4,0,,30,0,0,0,0,0,4,2,5
,2017_58074,39.72627,-105.0002055,3/18/2017 10:59,10:59,15,0,0,SIXTH AVENUE WEST & KALAMATH STREET NORTH,1,1,0,0,1,4,0,,35,0,0,0,0,0,4,3,1
,2017_58075,39.785607,-105.0299145,3/18/2017 11:05,11:05,6,0,1,49TH AVENUE 3200 BLOCK WEST & IRVING STREET NORTH,1,1,0,0,1,4,0,,30,0,0,0,0,2,4,2,3
,2017_58076,39.774545,-104.8145514,3/18/2017 11:30,11:30,6,0,0,43RD AVENUE 15000 BLOCK EAST & MITCHELL PLACE 15801 EAST,1,1,0,0,1,2,0,,25,0,0,0,0,0,4,2,6
,2017_58077,39.728925,-104.995224,3/18/2017 12:27,12:27,15,0,0,EIGHTH AVENUE WEST & FOX STREET NORTH,1,1,0,0,1,4,0,,25,0,0,0,0,0,4,2,13
,2017_58078,39.736809,-104.9574375,3/18/2017 12:55,12:55,6,0,0,COLUMBINE STREET NORTH & 13TH AVENUE EAST,1,5,0,7,1,4,0,,25,0,0,0,0,0,4,2,16
,2017_58079,39.743217,-104.9684265,3/18/2017 13:30,13:30,15,0,0,17TH AVENUE EAST & FRANKLIN STREET NORTH,1,1,0,0,1,1,0,,30,0,0,0,0,0,4,2,14
,2017_58080,39.66759,-104.9175315,3/18/2017 14:52,14:52,12,0,0,YALE AVENUE 6100 BLOCK EAST & KEARNEY STREET SOUTH,1,1,0,0,1,4,0,,25,0,0,0,0,0,4,2,16
,2017_58081,39.691125,-104.959332,3/18/2017 15:00,15:00,12,0,0,UNIVERSITY BOULEVARD 1400 BLOCK SOUTH & ARKANSAS AVENUE EAST,1,1,0,0,1,4,0,,35,0,0,0,0,1,4,3,16
,2017_58082,39.678498,-104.9664015,3/18/2017 15:33,15:33,15,0,0,EVANS AVENUE 1700BLK EAST & WILLIAMS STREET SOUTH,1,1,0,0,1,4,0,,35,0,0,0,0,0,4,2,13
,2017_58083,39.752946,-104.992614,3/18/2017 15:37,15:37,3,0,0,LARIMER STREET & 20TH STREET,1,1,0,0,1,1,0,,25,0,0,0,0,0,4,2,13
,2017_58084,39.785724,-104.883093,3/18/2017 16:27,16:27,3,0,0,CENTRAL PARK BOULEVARD & NORTHFIELD BOULEVARD,1,1,0,0,1,1,0,,40,0,0,0,0,1,4,2,7