id,drcog_id,latitude,longitude,crashtime,time,crashtype,numbkilled,numbinjurd,drcoglocat,rdconditin,lightngcon,roadcntgrd,weatherco,location,roaddescrp,constrzone,schoolzone,splimit,bikeinv,pedinv,sctrinv,motoinv,svrty,rdsystem,ttlvehcls,hcf
,2017_58085,39.738357,-104.955084,3/18/2017 16:55,16:55,10,0,0,14TH AVENUE EAST & CLAYTON STREET NORTH,1,1,0,0,1,1,0,,35,0,0,0,0,1,4,2,13
,2017_58086,39.77312829,-104.9892215,3/18/2017 23:25,23:25,10,0,0,BROADWAY & 1200 BLOCK,1,3,0,0,1,3,0,,30,0,0,0,0,0,4,2,13
,2017_58087,39.797559,-104.82363,3/18/2017 23:35,23:35,6,0,0,RANDOLPH PLACE EAST & BLACKHAWK WAY NORTH,1,3,0,0,1,4,0,,,0,0,0,0,0,4,2,13
,2017_58088,39.737934,-105.0298335,3/19/2017 0:00,0:00,5,0,0,IRVING STREET NORTH & HOWARD PLACE WEST,1,3,0,0,3,4,0,,25,0,0,0,0,0,4,1,14
,2017_58089,39.766455,-105.0322905,3/19/2017 8:55,8:55,3,0,0,36TH AVENUE WEST & JULIAN STREET NORTH,1,1,0,0,1,1,0,,25,0,0,0,0,0,4,2,16
,2017_58090,39.769272,-105.0158655,3/19/2017 10:35,10:35,3,0,0,38TH AVENUE WEST & ZUNI STREET NORTH,1,1,0,0,1,1,0,,25,0,0,0,0,0,4,2,1
,2017_58091,39.729267,-104.9034735,3/19/2017 11:47,11:47,12,0,0,QUEBEC STREET 700 BLOCK NORTH & EIGHTH AVENUE EAST,1,1,0,0,1,4,0,,30,0,0,0,0,0,4,2,1
,2017_58092,39.736863,-104.996484,3/19/2017 12:25,12:25,3,0,0,SPEER BOULEVARD SOUTH & 13TH AVENUE WEST,1,1,0,0,1,1,0,,30,0,0,0,0,0,4,2,1
,2017_58093,39.731112,-105.033294,3/19/2017 14:00,14:00,6,0,0,NINTH AVENUE 3400 BLOCK WEST & KING STREET NORTH,1,1,0,0,1,4,0,,,0,0,0,0,0,4,2,13
,2017_58094,39.682017,-104.959395,3/19/2017 14:25,14:25,1,0,1,UNIVERSITY BOULEVARD SOUTH & JEWELL AVENUE EAST,1,1,0,0,1,1,0,,30,0,0,0,0,2,4,2,13
,2017_58095,39.773142,-104.9127615,3/19/2017 15:14,15:14,12,0,0,MONACO STREET NORTH & SMITH ROAD EAST,1,1,0,7,1,4,0,,30,0,0,0,0,0,4,2,3
,2017_58096,39.762108,-105.032241,3/19/2017 15:32,15:32,1,0,0,32ND AVENUE WEST & JULIAN STREET NORTH,1,1,0,0,1,1,0,,25,0,0,0,0,1,4,2,3
,2017_58097,39.756141,-104.991912,3/19/2017 16:05,16:05,15,0,0,BLAKE STREET 2100 & 22ND STREET,1,1,0,0,1,4,0,,,0,0,0,0,0,4,2,14
,2017_58098,39.678363,-104.959404,3/19/2017 16:43,16:43,12,0,0,EVANS AVENUE 2300 BLOCK EAST & UNIVERSITY BOULEVARD SOUTH,1,1,0,0,1,4,0,,35,0,0,0,0,0,4,2,3
,2017_58099,39.667626,-104.9036175,3/19/2017 17:37,17:37,12,0,0,YALE AVENUE EAST & QUEBEC STREET SOUTH,1,1,0,0,1,1,0,,35,0,0,0,0,0,4,2,16
,2017_58100,39.67999842,-104.922252,3/19/2017 17:48,17:48,6,0,0,HOLLY STREET SOUTH & 200 BLOCK,1,1,0,0,1,4,0,,,0,0,0,0,0,4,3,13
,2017_58101,39.78455738,-105.0345236,3/19/2017 17:56,17:56,1,0,0,LOWELL BOULEVARD 4800 BLOCK NORTH & 48TH AVENUE WEST,1,1,0,0,1,4,0,,30,0,0,0,0,0,4,2,1
,2017_58102,39.727332,-104.994063,3/19/2017 21:44,21:44,6,0,0,ELATI STREET NORTH & SEVENTH AVENUE WEST,1,3,1,0,3,4,0,,30,0,0,0,0,0,4,2,3
,2017_58103,39.82452932,-104.6778954,3/20/2017 0:00,0:00,4,0,0,71ST AVENUE & 26500 EAST 71ST AVENUE,1,3,0,0,1,4,0,,45,0,0,0,0,0,4,1,13
,2017_58104,39.75574599,-104.9986696,3/20/2017 4:59,4:59,5,0,0,WEWATTA STREET 1900 BLOCK & 19TH STREET,3,3,1,0,2,4,0,,30,0,0,0,0,0,4,1,2
,2017_58105,39.727287,-104.97294,3/20/2017 6:52,6:52,3,0,0,SEVENTH AVENUE EAST & DOWNING STREET NORTH,1,1,1,7,1,1,0,,30,0,0,0,0,0,4,2,16
,2017_58106,39.752856,-104.932827,3/20/2017 7:41,7:41,3,0,0,25TH AVENUE EAST & DEXTER STREET NORTH,1,1,0,0,1,1,0,,25,0,0,0,0,0,4,2,13
,2017_58107,39.746403,-105.0014385,3/20/2017 18:21,18:21,12,0,0,LARIMER STREET 1300 BLOCK & SPEER BOULEVARD NORTH,1,1,0,0,1,4,0,,,0,0,0,0,0,4,2,13
,2017_58108,39.761982,-104.9081715,3/20/2017 8:04,8:04,3,0,0,MARTIN LUTHER KING BOULEVARD EAST & ONEIDA STREET NORTH,1,1,0,0,1,1,0,,30,0,0,0,0,0,4,2,13
,2017_58109,39.702015,-104.96286,6/26/2017 10:14,10:14,6,0,0,VINE STREET & OHIO AVENUE EAST,1,1,0,0,1,4,0,,25,0,0,0,0,0,4,2,4
,2017_58110,39.718152,-105.028794,3/20/2017 8:06,8:06,13,0,1,HOOKER STREET NORTH & FIRST AVENUE WEST,1,1,1,0,1,2,0,,25,0,0,0,0,2,4,2,13
,2017_58111,39.722058,-105.025068,3/20/2017 9:53,9:53,3,0,0,FEDERAL BOULEVARD / BARNUM PARK ALLEY & FOURTH AVENUE WEST,1,1,1,0,1,5,0,,15,0,0,0,0,0,4,2,13
,2017_58112,39.732084,-104.9986845,3/20/2017 10:02,10:02,3,0,0,10TH AVENUE WEST & SANTA FE DRIVE NORTH,1,1,0,7,1,1,0,,35,0,0,0,0,0,4,2,14
,2017_58113,39.752757,-104.9875515,3/20/2017 10:38,10:38,12,0,0,22ND STREET & CURTIS STREET,1,1,0,7,1,3,0,,30,0,0,0,0,0,4,2,16
,2017_58114,39.768048,-105.020505,3/21/2017 7:29,7:29,3,0,0,37TH AVENUE WEST & CLAY STREET NORTH,1,1,0,0,1,1,0,,30,0,0,0,0,1,4,2,14
,2017_58115,39.678435,-104.922234,3/20/2017 10:56,10:56,12,0,0,EVANS AVENUE 5800 BLOCK EAST & HOLLY STREET SOUTH,1,1,1,7,1,4,0,,35,0,0,0,0,0,4,2,14
,2017_58116,39.738672,-104.8940145,3/20/2017 11:56,11:56,10,0,0,14TH AVENUE EAST & ULSTER STREET NORTH,1,1,0,0,1,1,0,,30,0,0,0,0,0,4,2,13
,2017_58117,39.757887,-104.9917545,3/20/2017 12:15,12:15,10,0,1,PARK AVENUE WEST & WAZEE STREET,1,1,0,0,1,1,0,,30,0,0,0,0,2,4,2,13
,2017_58118,39.76610063,-105.0487703,3/20/2017 13:55,13:55,12,0,0,WOLFF STREET & 1400 BLOCK NORTH,1,1,1,0,1,2,0,,25,0,0,0,0,0,4,2,13
,2017_58119,39.706659,-105.001533,3/20/2017 14:02,14:02,15,0,1,LIPAN STREET SOUTH & CUSTER PLACE WEST,1,1,0,0,1,1,0,,30,0,0,0,0,2,4,2,1
,2017_58120,39.627999,-104.899941,3/20/2017 14:35,14:35,1,0,0,SYRACUSE STREET SOUTH & UNION PLACE EAST,1,1,0,7,1,1,0,,30,0,0,0,0,0,4,2,16
,2017_58121,39.754854,-105.035805,3/20/2017 15:50,15:50,3,0,0,26TH AVENUE WEST & MEADE STREET NORTH,1,1,0,7,1,1,0,,25,0,0,0,0,0,4,2,16
,2017_58122,39.831858,-104.6929545,3/20/2017 16:40,16:40,12,0,0,JACKSON GAP STREET 7500 BLOCK NORTH & 75TH AVENUE EAST,1,1,0,0,1,4,0,,35,0,0,0,0,0,4,3,12
,2017_58123,39.733839,-104.987394,3/20/2017 18:41,18:41,6,0,0,BROADWAY & 11TH AVENUE EAST,1,1,0,0,1,4,0,,30,0,0,0,0,0,4,2,14
,2017_58124,39.747672,-105.002334,3/21/2017 0:00,0:00,15,0,0,SPEER BOULEVARD & MARKET STREET,1,1,0,0,1,4,0,,35,0,0,0,0,0,4,2,13
,2017_58125,39.69176471,-105.0160443,3/21/2017 7:19,7:19,6,0,0,ARKANSAS AVENUE WEST & 3100 BLOCK,1,1,0,0,1,4,0,,,0,0,0,0,0,4,2,13
,2017_58126,39.689343,-104.9223105,3/21/2017 7:25,7:25,1,0,0,FLORIDA AVENUE EAST & HOLLY STREET SOUTH,1,1,0,0,1,1,0,,30,0,0,0,0,0,4,2,13
,2017_58127,39.783798,-105.000354,3/21/2017 7:27,7:27,3,0,0,48TH AVENUE WEST & KALAMATH STREET NORTH,1,1,0,0,1,1,0,,35,0,0,0,0,0,4,2,14
,2017_58128,39.71835,-104.9633505,3/21/2017 7:32,7:32,12,0,0,FIRST AVENUE EAST & RACE STREET NORTH,1,1,0,0,1,4,0,,30,0,0,0,0,0,4,2,12
,2017_58129,39.718197,-104.9558355,3/21/2017 7:41,7:41,5,0,0,FIRST AVENUE 2600 BLOCK EAST & CLAYTON LANE NORTH,1,1,0,0,3,4,0,,30,0,0,0,0,1,4,1,10
,2017_58130,39.751335,-104.9929605,3/21/2017 9:15,9:15,12,0,0,19TH STREET 1200 BLOCK & LAWRENCE STREET,1,1,0,0,1,4,0,,30,0,0,0,0,0,4,2,13
,2017_58131,39.7599876,-105.0067501,3/21/2017 9:20,9:20,10,0,0,18TH AVENUE & 600 BLOCK EAST ALLEY,1,1,0,0,1,5,0,,30,0,0,0,0,0,4,2,13
,2017_58132,39.749022,-104.9802345,3/21/2017 9:24,9:24,3,0,1,COURT PLACE & PARK AVENUE WEST,1,1,0,0,1,1,0,,30,0,0,0,0,2,4,3,9
,2017_58133,39.798387,-104.861304,3/21/2017 9:50,9:50,3,0,0,56TH AVENUE EAST 10900 BLOCK & JOLIET STREET NORTH,1,1,0,0,1,2,0,,,0,0,0,0,0,4,2,13
,2017_58134,39.743379,-104.9354955,3/21/2017 11:04,11:04,5,0,0,17TH AVENUE 4400 BLOCK EAST & CLERMONT STREET NORTH,1,1,0,0,3,4,0,,30,0,0,0,0,0,4,1,16
,2017_58135,39.771063,-104.8470435,3/21/2017 11:20,11:20,12,0,0,PEORIA STREET NORTH & 39TH AVENUE EAST,1,1,0,0,1,3,0,,40,0,0,0,0,0,4,2,12
,2017_58136,39.692952,-104.961744,3/21/2017 11:45,11:45,6,0,0,GAYLORD STREET 1300 BLOCK SOUTH & LOUISIANA AVENUE EAST,1,1,0,0,1,4,0,,25,0,0,0,0,0,4,2,1
,2017_58137,39.756456,-105.0093135,3/21/2017 12:57,12:57,3,0,0,15TH STREET & PLATTE STREET,1,1,0,0,1,1,0,,35,0,0,0,0,0,4,2,14
,2017_58138,39.667626,-104.9036175,3/21/2017 13:30,13:30,6,0,0,QUEBEC STREET SOUTH & YALE AVENUE EAST,1,1,0,0,1,1,0,,,0,0,0,0,0,4,2,16
,2017_58139,39.745935,-104.973381,3/21/2017 14:20,14:20,12,0,0,DOWNING STREET NORTH & 19TH AVENUE EAST,1,1,0,0,1,1,0,,30,0,0,0,0,0,4,2,13
,2017_58140,39.751002,-104.903442,3/21/2017 14:23,14:23,12,0,0,QUEBEC STREET NORTH & 23RD AVENUE EAST,1,1,0,0,1,4,0,,35,0,0,0,0,0,4,3,13
,2017_58141,39.794859,-104.86044,3/21/2017 14:38,14:38,8,0,0,JOLIET STREET 5400 BLOCK NORTH & 55TH AVENUE EAST,1,1,0,0,1,4,0,,30,0,0,0,0,0,4,2,3
,2017_58142,39.729312,-105.015933,3/21/2017 14:45,14:45,1,0,0,EIGHTH AVENUE WEST & ZUNI STREET NORTH,1,1,1,0,1,1,0,,35,0,0,0,0,0,4,2,13
,2017_58143,39.678435,-104.922234,3/21/2017 14:50,14:50,15,0,0,EVANS AVENUE 5600 BLOCK EAST & HOLLY STREET SOUTH,1,1,0,0,1,4,1,,40,0,0,0,0,0,4,2,13
,2017_58144,39.77208923,-104.9765841,3/21/2017 15:24,15:24,15,0,0,30TH AVENUE EAST & BRIGHTON BOULEVARD NORTH,1,1,0,0,1,4,0,,30,0,0,0,0,0,4,2,3
,2017_58145,39.7422323,-104.9906668,3/21/2017 15:39,15:39,15,0,0,TREMONT PLACE 1500 BLOCK & TREMONT PLACE,1,1,0,0,1,4,0,,25,0,0,0,0,0,4,2,13
,2017_58146,39.758247,-104.9683815,3/21/2017 16:00,16:00,3,0,0,29TH AVENUE EAST & FRANKLIN STREET NORTH,1,1,0,0,1,1,0,,25,0,0,0,0,0,4,2,3
,2017_58147,39.679704,-105.043158,3/21/2017 17:37,17:37,12,0,0,EVANS AVENUE WEST & STUART STREET SOUTH,1,1,0,0,1,1,0,,30,0,0,0,0,0,4,2,3
,2017_58148,39.786408,-104.847156,3/21/2017 17:48,17:48,3,0,0,PEORIA STREET NORTH & 49TH AVENUE EAST,1,1,0,0,1,1,0,,35,0,0,0,0,0,4,2,15
,2017_58149,39.787938,-104.806953,3/21/2017 19:15,19:15,14,0,0,EAGLE COURT EAST 51ST PLACE NORTH & 51ST PLACE EAST,1,1,3,0,1,2,0,,25,0,0,0,0,0,4,2,14
,2017_58150,39.711366,-104.912964,3/21/2017 22:31,22:31,1,0,0,MONACO STREET SOUTH & ALAMEDA AVENUE EAST,1,3,0,0,1,1,0,,30,0,0,0,0,0,4,2,7
,2017_58151,39.798099,-104.8353975,3/22/2017 0:06,0:06,6,0,0,56TH AVENUE EAST & UVALDA STREET NORTH,1,3,0,0,1,4,0,,25,0,0,0,0,0,4,2,5
,2017_58152,39.680334,-104.9816655,3/22/2017 8:35,8:35,6,0,0,PENNSYLVANIA STREET SOUTH & ASBURY AVENUE SOUTH,1,1,0,0,1,4,0,,25,0,0,0,0,0,4,3,13
,2017_58153,39.75633,-105.015852,3/22/2017 9:00,9:00,12,0,0,SPEER BOULEVARD NORTH & ZUNI STREET NORTH,1,1,0,0,1,1,0,,35,0,0,0,0,0,4,2,2
,2017_58154,39.678372,-104.9508135,3/22/2017 11:36,11:36,12,0,0,STREET PAUL STREET SOUTH & EVANS AVENUE EAST,1,1,0,0,1,3,0,,30,0,0,0,0,0,4,2,12
,2017_58155,39.783609,-104.7913916,3/22/2017 12:15,12:15,15,0,0,PENA BOULEVARD & GREEN VALLEY RANCH BOULEVARD EAST,1,1,0,0,1,1,0,,30,0,0,0,0,0,4,2,13
,2017_58156,39.755979,-104.9747445,3/22/2017 12:35,12:35,15,0,0,GLENARM STREET & 29TH STREET,1,1,0,0,1,4,0,,25,0,0,0,0,0,4,2,13
,2017_58157,39.755979,-104.9747445,3/22/2017 12:35,12:35,15,0,0,GLENARM STREET & 29TH STREET,1,1,0,0,1,4,0,,25,0,0,0,0,0,4,2,13
,2017_58158,39.75417,-104.9893335,3/22/2017 13:26,13:26,3,0,1,22ND STREET & LAWRENCE STREET,1,1,0,0,1,1,0,,30,0,0,0,0,2,4,2,13
,2017_58159,39.76926361,-104.9960844,3/22/2017 14:11,14:11,12,0,0,38TH AVENUE WEST & 3000 BLOCK,1,1,1,0,1,4,0,,35,0,0,0,0,0,4,2,13
,2017_58160,39.720915,-104.98626,3/22/2017 15:10,15:10,3,0,0,THIRD AVENUE EAST ALLEY & LINCOLN STREET NORTH,1,1,0,0,1,5,0,,25,0,0,0,0,0,4,2,1
,2017_58161,39.711105,-104.9769135,3/22/2017 15:45,15:45,12,0,0,EMERSON STREET 300 BLOCK SOUTH & ALAMEDA AVENUE EAST,1,1,1,0,1,3,0,,25,0,0,0,0,0,4,2,13
,2017_58162,39.725667,-104.99283,3/22/2017 15:54,15:54,3,0,0,SIXTH AVENUE WEST & DELAWARE STREET NORTH,1,1,0,0,1,1,0,,25,0,0,0,0,0,4,2,13
,2017_58163,39.743559,-104.9859,3/22/2017 15:57,15:57,12,0,0,LINCOLN STREET 1700 BLOCK NORTH & 18TH AVENUE EAST,1,1,0,0,1,4,0,,35,0,0,0,0,0,4,2,1
,2017_58164,39.74949,-104.8868505,3/22/2017 16:05,16:05,3,0,0,21ST AVENUE EAST & CENTRAL PARK BOULEVARD NORTH,1,1,0,0,1,1,0,,35,0,0,0,0,1,4,2,13
,2017_58165,39.68757,-104.973444,3/22/2017 16:25,16:25,3,0,0,IOWA AVENUE EAST & DOWNING STREET SOUTH,1,1,0,0,1,1,0,,25,0,0,0,0,0,4,2,13
,2017_58166,39.743757,-104.944194,3/22/2017 17:40,17:40,15,0,0,17TH AVENUE EAST & GARFIELD STREET NORTH,1,1,0,0,1,1,0,,,0,0,0,0,0,4,2,13
,2017_58167,39.751047,-104.9257935,3/22/2017 21:10,21:10,10,0,0,23RD AVENUE EAST & GLENCOE STREET NORTH,1,3,0,0,1,1,0,,30,0,0,0,0,0,4,2,13
,2017_58168,39.747438,-104.90346,3/23/2017 0:19,0:19,12,0,0,QUEBEC STREET NORTH & MONTVIEW BOULEVARD EAST,1,3,0,0,1,1,0,,30,0,0,0,0,0,4,2,14
,2017_58169,39.837969,-104.6928825,3/23/2017 5:14,5:14,12,0,0,JACKSON GAP & 78TH AVENUE EAST,1,3,0,0,1,1,0,,30,0,0,0,0,0,4,2,13
,2017_58170,39.678489,-104.9687415,3/23/2017 7:20,7:20,3,0,0,FRANKLIN STREET SOUTH & EVANS AVENUE EAST,1,1,0,0,1,1,0,,30,0,0,0,0,0,4,2,13
,2017_58171,39.751056,-104.92227,3/23/2017 8:05,8:05,12,0,0,23RD AVENUE EAST & HOLLY STREET NORTH,1,1,0,0,1,3,0,,30,0,0,0,0,0,4,2,16
,2017_58172,39.762018,-104.968404,4/2/2017 6:27,6:27,15,0,0,FRANKLIN STREET NORTH & MLK BOULEVARD,1,1,0,0,1,3,0,,25,0,0,0,0,0,4,2,13
,2017_58173,39.749886,-104.998311,3/23/2017 8:30,8:30,15,0,0,16TH STREET 1400 BLOCK & MARKET STREET,1,1,0,0,1,3,0,,15,0,0,0,0,0,4,2,7
,2017_58174,39.744945,-104.937201,3/23/2017 8:38,8:38,3,0,0,BELLAIRE STREET NORTH & 18TH AVENUE EAST,1,1,0,0,1,1,0,,25,0,0,0,0,0,4,2,13
,2017_58175,39.767382,-104.90346,3/23/2017 9:10,9:10,1,0,0,36TH AVENUE EAST & QUEBEC STREET NORTHBOUND,1,1,0,0,1,1,0,,25,0,0,0,0,0,4,2,7
,2017_58176,39.756411,-104.987421,3/23/2017 9:45,9:45,3,0,0,BROADWAY & 24TH STREET,1,1,0,0,1,1,0,,30,0,0,0,0,0,4,2,13
,2017_58177,39.69846,-104.9129235,3/23/2017 12:50,12:50,12,0,0,MONACO STREET SOUTH 1000 BLOCK & TENNESSEE AVENUE EAST,1,1,0,0,1,3,0,,30,0,0,0,0,0,4,2,14
,2017_58178,39.743217,-104.96475,3/23/2017 13:25,13:25,3,0,0,17TH AVENUE EAST & HIGH STREET NORTH,1,1,0,0,1,1,0,,30,0,0,0,0,1,4,2,8
,2017_58179,39.844602,-104.6809395,3/23/2017 15:24,15:24,6,0,0,PENA BOULEVARD & 8400 BLOCK,1,1,0,0,1,4,0,,10,0,0,0,0,0,4,2,13
,2017_58180,39.676833,-104.9780115,3/23/2017 16:20,16:20,6,0,0,CLARKSON STREET 2100 BLOCK NORTH & 22ND AVENUE EAST,1,1,0,0,1,4,0,,25,0,0,0,0,0,4,2,9
,2017_58181,39.783816,-104.7816855,3/23/2017 16:20,16:20,12,0,0,TELLURIDE STREET NORTH & GREEN VALLEY RANCH BOULEVARD EAST,1,1,0,0,1,4,0,,35,0,0,0,0,0,4,2,13
,2017_58182,39.672585,-104.8681845,3/23/2017 16:25,16:25,15,0,1,HARVARD AVENUE 10300 BLOCK EAST & PARKER ROAD SOUTH,1,1,1,0,1,2,0,,25,0,0,0,1,2,4,2,13
,2017_58183,39.736845,-104.9873715,3/23/2017 16:30,16:30,12,0,0,13TH AVENUE EAST & BROADWAY STREET NORTH,1,1,0,0,1,1,0,,30,0,0,0,0,0,4,2,13
,2017_58184,39.673062,-104.967621,3/23/2017 16:33,16:33,6,0,0,WESLEY AVENUE 1700 BLOCK EAST & GILPIN STREET SOUTH,1,1,0,0,1,4,0,,25,0,0,0,0,0,4,2,13
,2017_58185,39.78594,-104.818518,3/23/2017 16:35,16:35,15,0,0,GATEWAY AVENUE EAST & DURHAM COURT NORTH,1,1,0,0,1,1,0,,25,0,0,0,0,0,4,2,7
,2017_58186,39.698559,-104.987484,3/23/2017 17:25,17:25,15,0,0,BROADWAY SOUTH & TENNESSEE AVENUE EAST,1,1,0,0,1,1,0,,35,0,0,0,0,0,4,2,13
,2017_58187,39.732039,-104.9741055,3/23/2017 19:15,19:15,3,0,1,10TH AVENUE EAST & CORONA STREET NORTH,1,2,0,0,1,1,0,,30,0,0,0,0,2,4,2,16
,2017_58188,39.745872,-104.9927805,3/23/2017 19:47,19:47,12,0,0,STOUT STREET 1600 BLOCK & 17TH STREET,1,3,0,7,1,4,0,,30,0,0,0,0,0,4,2,16
,2017_58189,39.728934,-104.9906115,3/23/2017 21:30,21:30,15,0,0,SPEER BOULEVARD 800 BLOCK NORTH & EIGHTH AVENUE WEST,1,3,0,0,1,1,0,,35,0,0,0,0,0,4,2,4
,2017_58190,39.743415,-104.95926,3/23/2017 21:42,21:42,12,0,0,17TH AVENUE 2300 BLOCK EAST & JOSEPHINE STREET NORTH,2,3,0,1,1,3,0,,35,0,0,0,0,0,4,2,13
,2017_58191,39.678696,-105.015681,3/24/2017 2:08,2:08,3,0,0,ZUNI STREET SOUTH & EVANS AVENUE WEST,2,3,0,1,1,1,0,,35,0,0,0,0,1,4,2,7
,2017_58192,39.748509,-105.0031305,3/24/2017 5:20,5:20,3,0,0,SPEER BOULEVARD NORTH & BLAKE STREET,1,3,0,0,1,1,0,,35,0,0,0,0,0,4,2,4
,2017_58193,39.791079,-105.022782,3/24/2017 5:40,5:40,5,0,0,52ND AVENUE WEST & ELM COURT NORTH,2,3,0,1,2,4,0,,30,0,0,0,0,0,4,1,13
,2017_58194,39.838059,-104.7154635,3/24/2017 5:55,5:55,5,0,0,78TH AVENUE 24300 BLOCK EAST & GUN CLUB ROAD NORTH,2,3,0,2,1,4,0,,45,0,0,0,0,1,4,1,8
,2017_58195,39.75781591,-105.0013202,3/24/2017 7:44,7:44,3,0,0,19TH STREET & BLACK STREET,1,1,0,0,1,1,0,,25,0,0,0,0,0,4,2,13
,2017_58196,39.687543,-104.9875245,3/24/2017 10:50,10:50,3,0,0,BROADWAY SOUTH & IOWA AVENUE,1,1,0,0,1,1,0,,30,0,0,0,0,0,4,2,13
,2017_58197,39.713004,-105.020334,3/24/2017 11:05,11:05,3,0,0,CEDAR AVENUE WEST & CLAY STREET SOUTH,1,1,1,0,1,1,0,,25,0,0,0,0,0,4,2,1
,2017_58198,39.724137,-104.985045,3/24/2017 11:25,11:25,3,0,0,FIFTH AVENUE 100 BLOCK EAST & SHERMAN STREET NORTH,1,1,0,0,1,5,0,,25,0,0,0,0,0,4,2,7
,2017_58199,39.77393322,-105.0474551,3/24/2017 13:21,13:21,6,0,0,WINONA COURT & 1500 BLOCK NORTH,1,1,1,0,1,4,0,,25,0,0,0,0,0,4,2,14
,2017_58200,39.68558526,-104.9648272,3/24/2017 14:38,14:38,10,0,0,FOX STREET NORTH & I25 SOUTHBOUND ON/OFF RAMP,1,1,1,0,1,1,0,,30,0,0,0,0,1,4,2,13
,2017_58201,39.624192,-104.89473,3/24/2017 14:50,14:50,10,0,0,BELLEVIEW AVENUE 8000 BLOCK EAST & ULSTER STREET SOUTH,1,1,1,0,1,2,0,,,0,0,0,0,0,4,2,13
,2017_58202,39.69315,-105.0484005,3/24/2017 15:51,15:51,12,0,0,WOLFF STREET SOUTH & LOUISIANA AVENUE WEST,1,1,0,0,1,3,0,,20,0,0,0,0,1,4,2,12
,2017_58203,39.772962,-104.975442,3/24/2017 16:00,16:00,15,0,0,38TH AVENUE EAST & BRIGHTON BOULEVARD NORTH,1,1,0,7,1,1,0,,35,0,0,0,0,0,4,2,16
,2017_58204,39.737268,-104.8846815,3/24/2017 16:00,16:00,3,0,0,13TH AVENUE EAST & YOSEMITE STREET NORTH,1,1,0,0,1,5,0,,15,0,0,0,0,0,4,2,1
,2017_58205,39.7304955,-104.9740448,3/24/2017 18:20,18:20,15,0,0,CORONA STREET 900 BLOCK NORTH & 10TH AVENUE EAST,1,1,0,0,1,4,0,,30,0,0,0,0,0,4,2,8
,2017_58206,39.783609,-104.7913916,3/24/2017 18:45,18:45,12,0,0,PENA BOULEVARD 4700 BLOCK & GREEN VALLEY RANCH BOULEVARD,1,1,0,0,1,3,0,,45,0,0,0,0,0,4,2,7
,2017_58207,39.786219,-104.8469715,3/24/2017 20:45,20:45,15,0,0,PEORIA STREET NORTH 4800 BLOCK & ANDREWS DRIVE EAST,1,3,0,0,1,4,0,,35,0,0,0,0,0,4,2,13
,2017_58208,39.769443,-105.031521,3/24/2017 21:01,21:01,12,0,0,38TH AVENUE WEST & JULIAN STREET NORTH,1,3,3,0,1,1,0,,35,0,0,0,0,0,4,2,16
,2017_58209,39.765627,-104.940504,3/24/2017 21:54,21:54,12,0,0,35TH AVENUE EAST & COLORADO BOULEVARD NORTH,1,3,0,0,1,2,0,,,0,0,0,0,0,4,3,5
,2017_58210,39.732228,-104.9844825,3/25/2017 1:50,1:50,6,0,0,SHERMAN STREET 1000 BLOCK NORTH & 10TH AVENUE EAST,1,3,1,0,1,4,0,,35,0,0,0,0,0,4,2,1
,2017_58211,39.844602,-104.6809395,3/25/2017 5:25,5:25,6,0,0,PENA BOULEVARD & 8400 BLOCK,1,3,0,0,1,4,0,,15,0,0,0,0,0,4,2,8
,2017_58212,39.838059,-104.7154635,3/28/2017 22:15,22:15,5,0,0,78TH AVENUE 23000 BLOCK EAST & GUN CLUB ROAD NORTH,2,3,0,1,3,1,0,,45,0,0,0,0,0,4,1,13
,2017_58213,39.844602,-104.6809395,3/25/2017 5:25,5:25,6,0,0,PENA BOULEVARD & 8400 BLOCK,1,3,0,0,1,4,0,,15,0,0,0,0,0,4,2,8
,2017_58214,39.774942,-104.9780205,3/25/2017 6:12,6:12,3,0,0,38TH STREET & ARKINS COURT,1,2,1,0,1,1,0,,30,0,0,0,0,0,4,2,16
,2017_58215,39.713373,-105.032484,3/25/2017 9:29,9:29,6,0,0,KNOX STREET SOUTH & CEDAR AVENUE WEST,1,1,0,0,1,4,0,,30,0,0,0,0,0,4,2,13
,2017_58216,39.767049,-104.9843205,3/25/2017 10:53,10:53,6,0,0,ARKINS COURT & 31ST STREET,1,1,0,0,1,4,0,,25,0,0,0,0,0,4,2,13
,2017_58217,39.776553,-105.049764,4/6/2017 12:13,12:13,12,0,0,44TH AVENUE WEST EASTBOUND & XAVIER STREET NORTH,1,1,0,0,1,1,0,,,0,0,0,0,0,4,2,13
,2017_58218,39.725595,-104.952213,3/25/2017 11:37,11:37,12,0,0,SIXTH AVENUE EAST & MILWLAUKEE STREET NORTH,1,1,0,0,1,1,0,,30,0,0,0,0,0,4,2,16
,2017_58219,39.737268,-104.8846815,3/25/2017 11:49,11:49,10,0,0,13TH AVENUE EAST & YOSEMITE STREET NORTH,1,1,0,0,1,4,0,,30,0,0,0,0,0,4,2,7
,2017_58220,39.725424,-104.903793,3/25/2017 12:28,12:28,12,0,0,SIXTH AVENUE EAST & QUEBEC STREET NORTH,1,1,0,0,1,1,0,,30,0,0,0,0,0,4,2,3