id,drcog_id,latitude,longitude,crashtime,time,crashtype,numbkilled,numbinjurd,drcoglocat,rdconditin,lightngcon,roadcntgrd,weatherco,location,roaddescrp,constrzone,schoolzone,splimit,bikeinv,pedinv,sctrinv,motoinv,svrty,rdsystem,ttlvehcls,hcf
,2017_58221,39.764475,-104.949891,3/25/2017 13:08,13:08,12,0,0,BRUCE RANDOLPH AVENUE EAST & STEELE STREET NORTH,1,1,0,0,1,1,0,,25,0,0,0,0,0,4,2,14
,2017_58222,39.728934,-104.9906115,3/25/2017 13:12,13:12,12,0,0,EIGHTH AVENUE WEST & SPEER BOULEVARD NORTH,1,1,0,0,1,1,0,,30,0,0,0,0,0,4,2,13
,2017_58223,39.73383,-105.012234,3/28/2017 12:34,12:34,5,0,0,UMATILLA STREET & 1100 NORTH UMATILLA STREET,1,3,0,0,4,2,0,,25,0,0,0,0,0,4,1,13
,2017_58224,39.83868479,-104.6719364,3/25/2017 13:46,13:46,5,0,0,PENA BOULEVARD 8400 BLOCK & WEST AVIGATE,1,1,0,1,3,4,0,,25,0,0,0,0,0,4,1,13
,2017_58225,39.7305,-104.959215,3/25/2017 14:17,14:17,12,0,0,NINTH AVENUE EAST & JOSEPHINE STREET NORTH,1,1,0,0,1,4,0,,30,0,0,0,0,0,4,3,13
,2017_58226,39.711114,-104.980383,3/25/2017 15:38,15:38,15,0,0,ALAMEDA AVENUE EAST & PEARL STREET SOUTH,1,1,0,0,1,1,0,,25,0,0,0,0,0,4,2,13
,2017_58227,39.707217,-104.8683015,3/25/2017 15:53,15:53,1,0,0,VIRGINIA AVENUE EAST & GALENA WAY SOUTH,1,1,0,0,1,1,0,,25,0,0,0,0,1,4,2,14
,2017_58228,39.743784,-104.9500395,3/27/2017 14:02,14:02,6,0,0,17TH AVENUE EAST 3200 BLOCK & STEELE STREET NORTH,1,1,0,0,1,4,0,,30,0,0,0,0,1,4,2,3
,2017_58229,39.738402,-104.970681,3/25/2017 16:10,16:10,15,0,0,14TH AVENUE 1300 BLOCK EAST & LAFAYETTE STREET NORTH,1,1,0,0,1,3,0,,25,0,0,0,0,0,4,2,13
,2017_58230,39.767571,-105.041673,3/25/2017 16:30,16:30,6,0,0,RALEIGH STREET NORTH & 37TH AVENUE WEST,1,1,0,0,1,4,0,,20,0,0,0,0,0,4,2,3
,2017_58231,39.767571,-105.041673,3/25/2017 16:30,16:30,6,0,0,RALEIGH STREET NORTH & 37TH AVENUE WEST,1,1,0,0,1,4,0,,20,0,0,0,0,0,4,2,3
,2017_58232,39.743226,-104.9734125,3/25/2017 18:30,18:30,3,0,0,17TH AVENUE EAST & DOWNING STREET NORTH,1,2,0,0,1,1,0,,30,0,0,0,0,0,4,2,13
,2017_58233,39.844602,-104.6809395,3/25/2017 22:10,22:10,15,0,0,PENA BOULEVARD & 8400 BLOCK,1,3,0,0,1,4,0,,10,0,0,0,0,0,4,2,8
,2017_58234,39.78144,-104.842332,3/25/2017 22:25,22:25,3,0,0,ALBROOK DRIVE EAST & TULSA COURT NORTH,1,3,0,7,1,1,0,,25,0,0,0,0,0,4,2,16
,2017_58235,39.732282,-104.9857515,3/25/2017 23:29,23:29,12,0,0,LINCOLN STREET 1000 BLOCK NORTH & 10TH AVENUE EAST,1,4,1,7,1,4,0,,30,0,0,0,0,0,4,3,5
,2017_58236,39.728934,-104.9906115,3/26/2017 1:03,1:03,3,0,0,SPEER BOULEVARD NORTH & EIGHTH AVENUE WEST,1,3,1,7,1,1,0,,35,0,0,0,0,0,4,2,4
,2017_58237,39.756141,-104.991912,3/26/2017 1:35,1:35,15,0,0,22ND STREET 1500 BLOCK & BLAKES STREET,1,3,0,7,1,4,0,,30,0,0,0,0,0,4,2,5
,2017_58238,39.666933,-105.022764,3/26/2017 10:00,10:00,6,0,0,DECATUR STREET 2701 SOUTH & YALE AVENUE WEST,1,1,0,0,1,4,0,,25,0,0,0,0,0,4,2,13
,2017_58239,39.69666,-104.8917105,3/26/2017 12:00,12:00,1,0,0,MISSISSIPPI AVENUE EAST & VALENTIA STREET SOUTH,1,1,0,0,1,1,0,,40,0,0,0,0,0,4,3,14
,2017_58240,39.736764,-104.9450625,3/26/2017 13:48,13:48,3,0,0,13TH AVENUE EAST & MONROE STREET NORTH,1,1,0,0,1,1,0,,30,0,0,0,0,0,4,3,13
,2017_58241,39.738321,-104.917248,3/26/2017 16:10,16:10,10,0,0,14TH AVENUE & KEARNEY STREET,1,1,0,1,1,3,0,,35,0,0,0,0,0,4,2,13
,2017_58242,39.775032,-104.809923,3/26/2017 16:17,16:17,1,0,0,ANDREWS DRIVE EAST & CHAMBERS ROAD NORTH,1,1,0,0,1,1,0,,45,0,0,0,0,1,4,2,13
,2017_58243,39.721941,-104.9729445,3/26/2017 17:35,17:35,6,0,0,FOURTH AVENUE 1100 BLOCK EAST & DOWNING STREET NORTH,1,1,0,0,1,4,0,,25,0,0,0,0,0,4,2,13
,2017_58244,39.671568,-104.8753035,4/8/2017 0:00,0:00,6,0,0,HARVARD AVENUE EAST 9700 BLOCK & DAYTON WAY SOUTH,1,3,0,0,1,4,0,,25,0,0,0,0,0,4,2,13
,2017_58245,39.755088,-104.988114,3/26/2017 21:41,21:41,3,0,0,PARK AVENUE WEST & LAWRENCE STREET,1,3,0,0,1,1,0,,30,0,0,0,0,1,4,2,15
,2017_58246,39.754629,-104.9781915,3/27/2017 1:00,1:00,6,0,0,WASHINGTON STREET NORTH & 26TH AVENUE EAST,1,4,0,0,1,4,0,,,0,0,0,0,0,4,2,13
,2017_58247,39.743775,-104.9034825,3/27/2017 7:19,7:19,12,0,0,17TH AVENUE EAST & QUEBEC STREET NORTH,1,2,0,0,1,1,0,,30,0,0,0,0,1,4,3,3
,2017_58248,39.738456,-104.995314,3/27/2017 8:13,8:13,15,0,0,14TH AVENUE WEST & FOX STREET,1,1,0,0,1,1,0,,25,0,0,0,0,0,4,2,13
,2017_58249,39.735297,-104.9772735,3/27/2017 8:36,8:36,12,0,0,CLARKSON STREET 1200 BLOCK NORTH & 13TH AVENUE EAST,1,1,0,0,1,4,0,,25,0,0,0,0,0,4,2,2
,2017_58250,39.689523,-105.0156945,3/30/2017 21:30,21:30,6,0,0,ZUNI STREET SOUTH & FLORIDA AVENUE WEST,1,3,0,0,1,4,0,,25,0,0,0,0,0,4,2,13
,2017_58251,39.766266,-104.973633,3/27/2017 8:44,8:44,3,0,0,35TH STREET & LAWRENCE STREET,1,5,0,0,1,3,0,,25,0,0,0,0,0,4,2,13
,2017_58252,39.712266,-104.997654,3/27/2017 11:37,11:37,12,0,0,SANTA FE DRIVE SOUTH & BYERS PLACE WEST,1,1,0,0,1,1,0,,30,0,0,0,0,0,4,2,1
,2017_58253,39.66608362,-104.9127536,3/27/2017 12:35,12:35,12,0,0,MONACO STREET 2800 BLOCK NORTH & 29TH AVENUE EAST,1,1,0,0,1,4,0,,35,0,0,0,0,0,4,2,12
,2017_58254,39.722616,-104.982624,3/27/2017 13:20,13:20,15,0,0,SPEER BOULEVARD EAST & LOGAN STREET NORTH,1,1,0,0,1,1,0,,35,0,0,0,0,0,4,2,13
,2017_58255,39.798396,-104.786415,3/27/2017 13:25,13:25,12,0,0,PENA BOULEVARD 5500 BLOCK & 56TH AVENUE,1,1,1,0,1,4,0,,35,0,0,0,0,0,4,2,7
,2017_58256,39.700395,-105.023844,3/27/2017 18:40,18:40,3,0,0,ELIOT STREET SOUTH & KENTUCKY AVENUE WEST,1,1,1,0,1,1,0,,25,0,0,0,0,0,4,3,7
,2017_58257,39.744801,-104.9861205,3/27/2017 20:00,20:00,3,0,0,18TH AVENUE EAST & LINCOLN STREET NORTH,1,3,0,0,1,1,0,,30,0,0,0,0,0,4,2,9
,2017_58258,39.729087,-104.987412,3/27/2017 21:08,21:08,3,0,0,BROADWAY STREET NORTH & EIGHTH AVENUE EAST,1,3,0,0,1,1,0,,30,0,0,0,0,1,4,2,3
,2017_58259,39.711186,-104.892912,4/16/2017 21:10,21:10,5,0,0,ALAMEDA AVENUE EAST & FAIRMOUNT DRIVE EAST,1,3,0,0,3,4,0,,40,0,0,0,0,0,4,1,1
,2017_58260,39.736836,-104.912811,3/28/2017 5:34,5:34,3,0,0,13TH AVENUE EAST & MONACO STREET NORTH,1,3,0,0,1,1,0,,30,0,0,0,0,0,4,2,16
,2017_58261,39.74698238,-104.9621726,3/28/2017 7:45,7:45,15,0,0,VINE STREET 2000 BLOCK & 21ST AVENUE EAST,2,1,0,1,1,4,0,,25,0,0,0,0,0,4,2,13
,2017_58262,39.693024,-104.987466,3/28/2017 10:12,10:12,12,0,0,BROADWAY STREET 1300 BLOCK SOUTH & LOUISIANA AVENUE EAST,1,1,0,0,1,3,0,,35,0,0,0,0,1,4,2,14
,2017_58263,39.71115,-104.982795,3/28/2017 12:09,12:09,3,0,0,LOGAN STREET SOUTH & ALAMEDA AVENUE EAST,1,1,0,0,1,1,0,,30,0,0,0,0,0,4,2,13
,2017_58264,39.732885,-104.9034735,3/28/2017 12:25,12:25,1,0,0,QUEBEC STREET NORTH & 11TH AVENUE EAST,1,1,0,0,1,1,0,,30,0,0,0,0,1,4,2,16
,2017_58265,39.698406,-104.961753,3/28/2017 12:35,12:35,6,0,0,TENNESSEE AVENUE 2200 BLOCK EAST & GAYLORD STREET SOUTH,1,1,0,0,1,4,0,,25,0,0,0,0,0,4,2,13
,2017_58266,39.711348,-104.9035005,3/28/2017 14:16,14:16,12,0,0,ALAMEDA AVENUE 7300 BLOCK EAST & QUEBEC STREET SOUTH,1,1,1,0,1,3,0,,35,0,0,0,0,0,4,2,13
,2017_58267,39.702942,-104.9129415,3/28/2017 14:26,14:26,12,0,0,MONACO STREET 700 BLOCK SOUTH & LEETSDALE DRIVE EAST,2,1,1,1,1,3,0,,30,0,0,0,0,0,4,2,16
,2017_58268,39.83661322,-104.6679149,3/28/2017 16:17,16:17,5,0,0,PENA BOULEVARD 7600 BLOCK & HARRY B COMBS PARKWAY,2,1,0,1,2,4,0,,,0,0,0,0,0,4,1,14
,2017_58269,39.679209,-104.922252,3/28/2017 16:18,16:18,12,0,0,HOLLY STREET 2200 BLOCK SOUTH & PACIFIC PLACE EAST,2,1,0,1,1,4,0,,30,0,0,0,0,0,4,2,13
,2017_58270,39.747438,-104.90346,3/28/2017 16:21,16:21,10,0,0,MONTVIEW BOULEVARD EAST & QUEBEC STREET NORTH,2,1,0,1,1,4,0,,60,0,0,0,0,0,4,2,14
,2017_58271,39.749445,-104.9610015,3/28/2017 16:35,16:35,1,0,0,22ND STREET EAST & GAYLORD STREET NORTH,2,1,0,1,1,1,0,,30,0,0,0,1,1,4,2,13
,2017_58272,39.73697641,-104.9957368,3/28/2017 17:15,17:15,15,0,0,SPEER BOULEVARD 1300 BLOCK NORTH & 14TH AVENUE WEST,2,2,0,1,1,4,0,,30,0,0,0,0,0,4,2,13
,2017_58273,39.76443,-105.0021315,3/28/2017 17:45,17:45,9,0,0,KALAMATH STREET NORTH & 34TH AVENUE WEST,2,1,0,1,2,3,0,,25,0,0,0,0,0,4,2,8
,2017_58274,39.740085,-104.9034735,3/28/2017 20:10,20:10,12,0,0,QUEBEC STREET 1515 NORTH & COLFAX AVENUE EAST APPROXIMATELY,2,3,0,1,1,2,0,,30,0,0,0,0,0,4,2,1
,2017_58275,39.740022,-104.998824,3/28/2017 22:24,22:24,15,0,0,SPEER BOULEVARD NORTH & COLFAX AVENUE WEST,2,3,0,1,1,4,0,,35,0,0,0,0,0,4,2,8
,2017_58276,39.728934,-104.9906115,3/28/2017 22:40,22:40,3,0,0,SPEER BOULEVARD NORTH & EIGHTH AVENUE WEST,2,3,0,1,1,1,0,,35,0,0,0,0,0,4,2,3
,2017_58277,39.838059,-104.7154635,3/29/2017 0:01,0:01,5,0,0,78TH AVENUE 23300 BLOCK EAST & GUN CLUB ROAD NORTH,2,3,0,1,1,4,0,,45,0,0,0,0,0,4,1,14
,2017_58278,39.740004,-104.9764725,3/29/2017 0:30,0:30,6,0,0,EMERSON STREET NORTH  & COLFAX AVENUE EAST,2,3,0,1,1,3,0,,25,0,0,0,0,0,4,2,12
,2017_58279,39.778686,-104.8589955,3/30/2017 23:30,23:30,5,0,0,45TH AVENUE 11000 BLOCK EAST & KINGSTON STREET NORTH,1,3,0,0,3,4,0,,25,0,0,0,0,0,4,1,1
,2017_58280,39.793509,-104.903334,3/29/2017 6:24,6:24,12,0,0,QUEBEC STREET NORTH & 53RD PLACE EAST,2,2,0,1,1,4,0,,45,0,0,0,0,0,4,3,3
,2017_58281,39.729717,-104.9912235,3/29/2017 7:49,7:49,3,0,0,SPEER BOULEVARD NORTH  & BANNOCK STREET,1,1,0,0,1,1,0,,35,0,0,0,0,0,4,2,14
,2017_58282,39.783609,-104.7913916,3/29/2017 11:33,11:33,12,0,0,GREEN VALLEY RANCH BOULEVARD EAST & PENA BOULEVARD NORTH,1,1,1,0,1,1,0,,30,0,0,0,0,0,4,2,1
,2017_58283,39.711141,-104.987592,3/29/2017 11:36,11:36,12,0,0,ALAMEDA AVENUE EAST & BROADWAY STREET SOUTH,1,1,0,0,1,3,0,,30,0,0,0,0,0,4,2,2
,2017_58284,39.72820138,-104.9874076,3/30/2017 12:50,12:50,15,0,0,BROADWAY STREET NORTH & 600 BLOCK,1,1,1,0,1,4,0,,30,0,0,0,0,0,4,2,13
,2017_58285,39.64283673,-104.9027861,3/29/2017 12:05,12:05,12,0,0,QUEBEC STREET 4100 BLOCK NORTH & 40TH AVENUE EAST,1,1,1,0,1,4,0,,45,0,0,0,0,0,4,3,3
,2017_58286,39.678543,-104.980482,3/29/2017 13:07,13:07,3,0,0,EVANS AVENUE EAST & PEARL STREET SOUTH,1,1,1,0,1,1,0,,30,0,0,0,0,0,4,2,3
,2017_58287,39.718026,-104.9522265,3/29/2017 14:20,14:20,12,0,0,FIRST AVENUE 2900 BLOCK EAST & MILWAUKEE STREET NORTH,1,1,1,0,1,3,0,,30,0,0,0,0,0,4,2,3
,2017_58288,39.729105,-104.988852,3/29/2017 14:34,14:34,12,0,0,EIGHTH AVENUE 000 BLOCK WEST & ACOMA STREET NORTH,1,1,0,0,1,4,0,,30,0,0,0,0,0,4,2,3
,2017_58289,39.721716,-105.005565,3/29/2017 16:45,16:45,3,0,0,25TH AVENUE WEST & OSAGE STREET NORTH,1,1,0,7,1,1,0,,20,0,0,0,0,1,4,2,7
,2017_58290,39.73190582,-104.9861681,4/16/2017 22:55,22:55,6,0,0,LINCOLN STREET NORTH & 1100 BLOCK,1,3,0,0,1,4,0,,35,0,0,0,0,0,4,2,13
,2017_58291,39.746403,-105.0014385,3/29/2017 17:41,17:41,12,0,0,SPEER BOULEVARD 1200 BLOCK NORTH & LARIMER STREET,1,1,0,0,1,4,0,,35,0,0,0,0,0,4,2,14
,2017_58292,39.75633,-105.015852,3/29/2017 18:12,18:12,12,0,0,SPEER BOULEVARD NORTH & ZUNI STREET NORTH,1,1,0,0,1,1,0,,35,0,0,0,0,0,4,2,4
,2017_58293,39.785724,-104.883093,3/29/2017 18:40,18:40,3,0,0,CENTRAL PARK BOULEVARD NORTH & NORTHFIELD BOULEVARD EAST,1,1,0,0,1,1,0,,35,0,0,0,0,0,4,2,8
,2017_58294,39.740364,-105.0346035,8/16/2017 23:00,23:00,6,0,0,LOWELL BOULEVARD 1348 NORTH & COLFAX AVENUE WEST,1,3,1,0,1,4,0,,,0,0,0,0,0,4,2,13
,2017_58295,39.738456,-104.9976405,3/29/2017 20:56,20:56,3,0,0,14TH AVENUE WEST & SPEER BOULEVARD NORTH,1,3,0,0,1,1,0,,30,0,0,0,0,0,4,2,13
,2017_58296,39.752262,-104.991804,3/29/2017 21:45,21:45,3,0,0,20TH STREET & LAWRENCE STREET,1,3,0,0,1,1,0,,30,0,0,0,0,0,4,2,12
,2017_58297,39.678363,-104.959404,3/30/2017 1:07,1:07,12,0,0,EVANS AVENUE EAST & UNIVERSITY BOULEVARD SOUTH,1,3,0,0,1,1,0,,35,0,0,0,0,0,4,2,5
,2017_58298,39.687471,-104.940792,3/30/2017 8:46,8:46,12,0,0,IOWA AVENUE 4000 BLOCK EAST & COLORADO BOULEVARD SOUTH,1,1,0,0,1,3,0,,30,0,0,0,0,0,4,2,1
,2017_58299,39.74193,-104.959494,3/30/2017 14:30,14:30,12,0,0,YORK STREET 1600 BLOCK NORTH & 16TH AVENUE EAST,1,1,1,0,1,4,0,,30,0,0,0,0,0,4,2,13
,2017_58300,39.782394,-104.848956,3/30/2017 14:45,14:45,12,0,0,47TH AVENUE EAST & PARIS STREET NORTH,1,1,0,0,1,1,0,,25,0,0,0,0,0,4,2,13
,2017_58301,39.71781231,-104.9511754,3/30/2017 14:49,14:49,12,0,0,FIRST AVENUE EAST 3100 BLOCK & STREET PAUL STREET NORTH,1,1,1,0,1,3,0,,35,0,0,0,0,1,4,2,3
,2017_58302,39.729267,-104.9034735,3/30/2017 15:03,15:03,12,0,0,EIGHTH AVENUE EAST & QUEBEC STREET NORTH,1,1,1,0,1,4,0,,30,0,0,0,0,0,4,2,16
,2017_58303,39.844602,-104.6809395,3/30/2017 15:40,15:40,15,0,0,PENA BOULEVARD 4000 BLOCK & 40TH AVENUE EAST,1,1,1,0,1,4,0,,,0,0,0,0,0,4,2,16
,2017_58304,39.73388775,-104.986104,3/30/2017 19:15,19:15,14,0,0,LINCOLN STREET NORTH 1100 BLOCK & 12TH AVENUE EAST,1,2,0,0,1,4,0,,30,0,0,0,0,0,4,2,13
,2017_58305,39.751299,-104.980761,3/30/2017 19:53,19:53,3,0,0,24TH STREET & GLENARM PLACE,1,4,0,0,1,1,0,,25,0,0,0,0,1,4,2,12
,2017_58306,39.773394,-104.7655935,3/30/2017 20:40,20:40,6,0,0,43RD AVENUE EAST & CATHAY STREET NORTH,1,4,0,0,1,4,0,,,0,0,0,0,0,4,2,13
,2017_58307,39.773349,-104.764743,3/30/2017 22:27,22:27,6,0,0,CEYLON STREET NORTH & 43RD AVENUE EAST,1,3,0,0,1,4,0,,25,0,0,0,0,0,4,2,5
,2017_58308,39.783609,-104.7913916,3/31/2017 12:14,12:14,12,0,0,GREEN VALLEY RANCH 16600 BLOCK EAST & PENA BOULEVARD NORTH,2,1,0,1,1,3,0,,30,0,0,0,0,0,4,2,13
,2017_58309,39.667563,-104.940711,3/31/2017 12:32,12:32,15,0,0,YALE AVENUE 4100 BLOCK EAST & COLORADO BOULEVARD SOUTH,2,1,1,0,1,4,0,,35,0,0,0,0,0,4,2,13
,2017_58310,39.678435,-104.922234,3/31/2017 12:34,12:34,3,0,0,EVANS AVENUE EAST & HOLLY STREET SOUTH,1,1,0,0,1,1,0,,30,0,0,0,0,1,4,2,13
,2017_58311,39.694788,-104.9874615,3/31/2017 13:10,13:10,12,0,0,BROADWAY STREET 1200 BLOCK SOUTH & ARIZONA AVENUE EAST,2,1,0,1,1,4,0,,30,0,0,0,0,0,4,2,7
,2017_58312,39.753198,-104.9905665,3/31/2017 13:31,13:31,3,0,0,LAWRENCE STREET & 21ST STREET,2,1,0,1,1,1,0,,30,0,0,0,0,0,4,2,13
,2017_58313,39.75822,-104.973363,3/31/2017 14:14,14:14,12,0,0,29TH AVENUE EAST & DOWNING STREET NORTH,2,1,0,0,1,4,0,,30,0,0,0,0,0,4,3,4
,2017_58314,39.79044255,-104.968863,3/31/2017 14:50,14:50,12,0,0,RACE COURT NORTH & FRANKLIN STREET NORTH,2,1,0,0,1,1,0,,30,0,0,0,0,0,4,2,13
,2017_58315,39.767409,-104.923422,3/31/2017 15:24,15:24,3,0,0,36TH AVENUE EAST & HUDSON STREET NORTH,2,1,0,0,1,1,0,,30,0,0,0,0,0,4,2,13
,2017_58316,39.724128,-104.9582655,3/31/2017 16:16,16:16,3,0,0,JOSEPHINE STREET NORTH & FIFTH AVENUE EAST,1,1,0,1,1,1,0,,35,0,0,0,0,0,4,2,13
,2017_58317,39.785247,-104.902857,3/31/2017 16:38,16:38,1,0,0,SAND CREEK ROAD EAST & 49TH AVENUE EAST,2,1,0,1,1,1,0,,35,0,0,0,0,0,4,2,13
,2017_58318,39.71835,-104.9745915,3/31/2017 16:48,16:48,15,0,0,SPEER BOULEVARD EAST & CORONA STREET NORTH,1,1,0,1,1,1,0,,35,0,0,0,0,0,4,2,13
,2017_58319,39.733092,-105.051042,3/31/2017 17:10,17:10,1,0,0,10TH AVENUE WEST & YATES STREET NORTH,2,2,0,0,1,1,0,,25,0,0,0,0,0,4,2,13
,2017_58320,39.655287,-104.8883625,2/7/2017 22:44,22:44,6,0,0,WILLOW COURT SOUTH & GIRARD AVENUE EAST,1,3,0,0,1,4,0,,25,0,0,0,0,0,4,2,1
,2017_58321,39.798234,-104.7721815,3/31/2017 17:49,17:49,1,0,0,56TH AVENUE EAST & TOWER ROAD NORTH,2,2,0,1,1,1,0,,40,0,0,0,0,0,4,2,13
,2017_58322,39.75315911,-104.9780727,3/31/2017 18:36,18:36,3,0,0,25TH AVENUE EAST 700 BLOCK & ALLEY SOUTH,2,1,0,0,1,5,0,,15,0,0,0,0,0,4,2,13
,2017_58323,39.758445,-105.0213735,3/31/2017 20:43,20:43,12,0,0,29TH AVENUE WEST & SPEER BOULEVARD NORTH,2,3,0,1,1,1,0,,35,0,0,0,0,0,4,2,13
,2017_58324,39.713085,-104.9222655,3/31/2017 22:05,22:05,6,0,0,HOLLY STREET SOUTH & CEDAR AVENUE EAST,2,4,0,1,1,4,0,,25,0,0,0,0,0,4,2,12
,2017_58325,39.760749,-104.959782,3/31/2017 22:17,22:17,12,0,0,31ST AVENUE EAST & YORK STREET NORTH,2,3,0,0,1,1,0,,30,0,0,0,0,0,4,2,13
,2017_58326,39.72564,-104.982381,3/31/2017 22:36,22:36,10,0,0,SIXTH AVENUE EAST & LOGAN STREET NORTH,2,3,0,1,1,1,0,,35,0,0,0,0,0,4,2,13
,2017_58327,39.760767,-104.9737815,4/2/2017 6:21,6:21,6,0,0,STOUT STREET & 32ND STREET,1,3,0,0,1,3,0,,30,0,0,0,0,0,4,2,14
,2017_58328,39.75417,-104.9893335,3/31/2017 22:40,22:40,3,0,0,22ND STREET & LAWRENCE STREET,2,3,3,1,1,1,0,,25,0,0,0,0,0,4,2,13
,2017_58329,39.703914,-105.018075,4/1/2017 1:00,1:00,3,0,0,EXPOSITION AVENUE WEST & BRYANT STREET SOUTH,2,4,0,1,1,1,0,,25,0,0,0,0,1,4,3,13
,2017_58330,39.753207,-104.993451,4/1/2017 2:12,2:12,15,0,0,MARKET STREET 1900 BLOCK & 20TH STREET,2,4,0,1,1,4,0,,30,0,0,0,0,0,4,2,1
,2017_58331,39.711186,-104.997132,4/1/2017 2:34,2:34,15,0,0,ALAMEDA AVENUE WEST & SANTA FE DRIVE SOUTH,1,3,0,0,1,1,0,,35,0,0,0,0,0,4,2,13
,2017_58332,39.8356446,-104.6717644,4/1/2017 8:50,8:50,5,0,0,PENA BOULEVARD & SHADY GROVE STREET NORTH,2,1,1,1,2,4,0,,55,0,0,0,0,0,4,1,14
,2017_58333,39.737268,-104.9034645,4/1/2017 8:56,8:56,12,0,0,QUEBEC STREET NORTH & 13TH AVENUE EAST,2,1,0,0,1,1,0,,30,0,0,0,0,0,4,2,13
,2017_58334,39.678426,-104.937435,4/1/2017 12:20,12:20,12,0,0,EVANS AVENUE EAST & BELLAIRE STREET SOUTH,2,1,0,1,1,1,0,,40,0,0,0,0,0,4,2,3
,2017_58335,39.778425,-104.968404,4/1/2017 12:31,12:31,12,0,0,BRIGHTON BOULEVARD NORTH & 44TH STREET,1,1,0,0,1,3,0,,30,0,0,0,0,1,4,2,16
,2017_58336,39.738375,-104.964741,4/1/2017 16:38,16:38,12,0,0,14TH AVENUE 1800 BLOCK EAST & HIGH STREET NORTH,1,1,0,0,1,4,0,,30,0,0,0,0,0,4,2,4
,2017_58337,39.751578,-104.990841,4/1/2017 16:55,16:55,3,0,0,ARAPAHOE STREET & 20TH STREET,1,1,1,0,1,1,0,,30,0,0,0,0,1,4,2,7
,2017_58338,39.733578,-104.951736,4/1/2017 19:47,19:47,6,0,0,11TH AVENUE EAST & MILWAUKEE STREET NORTH,1,3,0,0,1,4,0,,25,0,0,0,0,0,4,3,14
,2017_58339,39.780891,-104.886144,4/1/2017 21:15,21:15,6,0,0,XENIA STREET & 1313 XENIA STREET,1,3,0,0,1,4,0,,25,0,0,0,0,0,4,2,13
,2017_58340,39.738276,-104.9418045,4/2/2017 2:23,2:23,8,0,0,14TH AVENUE EAST & HARRISON STREET NORTH,1,3,0,0,1,3,0,,30,0,0,0,0,0,4,2,5
,2017_58341,39.674988,-105.04584,4/2/2017 4:05,4:05,6,0,0,VRAIN STREET SOUTH & ILIFF AVENUE WEST,1,4,0,0,1,4,0,,25,0,0,0,0,0,4,3,1
,2017_58342,39.71934,-104.987502,4/2/2017 4:45,4:45,6,0,0,SECOND AVENUE EAST & BROADWAY STREET NORTH,1,3,0,0,1,4,0,,,0,0,0,0,0,4,3,13
,2017_58343,39.738402,-104.912802,4/2/2017 7:51,7:51,5,0,0,MONACO STREET NORTH & 14TH AVENUE EAST,1,1,0,0,3,1,0,,35,0,0,0,0,1,4,2,4
,2017_58344,39.729267,-104.9161545,4/2/2017 9:50,9:50,12,0,0,EIGHTH AVENUE EAST & KRAMERIA STREET NORTH,1,1,1,0,1,3,0,,30,0,0,0,0,0,4,2,7
,2017_58345,39.725649,-104.986314,4/2/2017 10:00,10:00,3,0,0,LINCOLN STREET NORTH & SIXTH AVENUE EAST,1,1,0,0,1,1,0,,35,0,0,0,0,0,4,2,13
,2017_58347,39.667707,-104.987511,4/14/2017 13:19,13:19,12,0,0,BROADWAY STREET & YALE AVENUE WEST,1,1,0,0,1,3,0,,30,0,0,0,0,0,4,2,13
,2017_58348,39.762009,-104.917572,4/2/2017 15:18,15:18,3,0,0,MARTIN LUTHER KING BOULEVARD EAST & KEARNEY STREET NORTH,1,1,0,0,1,1,0,,25,0,0,0,0,1,4,2,14
,2017_58349,39.78513254,-104.8227475,4/2/2017 16:00,16:00,6,0,0,STOLL PLACE & 14400 BLOCK EAST,1,1,0,0,1,4,0,,25,0,0,0,0,0,4,4,13
,2017_58350,39.71115,-104.9851845,4/2/2017 16:14,16:14,12,0,0,ALAMEDA AVENUE EAST & SHERMAN STREET SOUTH,1,1,0,0,1,1,0,,30,0,0,0,0,0,4,2,13
,2017_58351,39.754512,-104.980113,4/2/2017 19:13,19:13,3,0,0,26TH STREET & CALIFORNIA STREET,1,3,0,0,1,1,0,,30,0,0,0,0,0,4,2,3
,2017_58352,39.771063,-104.8470435,4/2/2017 20:24,20:24,12,0,0,PEORIA STREET NORTH & 39TH AVENUE EAST,1,3,1,0,1,1,0,,35,0,0,0,0,0,4,2,1
,2017_58353,39.66669,-104.872617,4/2/2017 21:00,21:00,6,0,0,DAYTON WAY 2600 BLOCK SOUTH & ELMIRA STREET SOUTH,1,3,0,0,1,4,0,,,0,0,0,0,0,4,2,13
,2017_58354,39.761964,-104.903451,4/3/2017 6:25,6:25,3,0,0,MLK BOULEVARD EAST & QUEBEC STREET NORTH,1,1,0,0,1,1,0,,35,0,0,0,0,0,4,2,13
,2017_58355,39.759624,-105.0158835,4/3/2017 6:59,6:59,12,0,0,ZUNI STREET NORTHBOUND 2900 BLOCK NORTH & 30TH AVENUE WEST,1,1,0,0,1,1,0,,35,0,0,0,0,0,4,2,14
,2017_58356,39.738366,-104.9598225,4/3/2017 7:50,7:50,15,0,0,14TH AVENUE 220 BLOCK EAST & YORK STREET NORTH,1,1,0,0,1,4,0,,30,0,0,0,0,0,4,2,13