id,drcog_id,latitude,longitude,crashtime,time,crashtype,numbkilled,numbinjurd,drcoglocat,rdconditin,lightngcon,roadcntgrd,weatherco,location,roaddescrp,constrzone,schoolzone,splimit,bikeinv,pedinv,sctrinv,motoinv,svrty,rdsystem,ttlvehcls,hcf
,2017_58357,39.741813,-104.987826,4/3/2017 8:00,8:00,1,0,0,16TH STREET & CLEVELAND PLACE,1,1,0,0,1,1,0,,,0,0,0,0,0,4,2,14
,2017_58358,39.678489,-104.967585,4/3/2017 8:02,8:02,12,0,0,EVANS AVENUE 1600 BLOCK EAST & GILPIN STREET SOUTH,1,1,0,0,1,3,0,,30,0,0,0,0,0,4,2,14
,2017_58359,39.660219,-104.866362,4/3/2017 8:33,8:33,12,0,0,HAVANA STREET SOUTH & DARTMOUTH AVENUE EAST,1,1,0,0,1,3,0,,40,0,0,0,0,0,4,2,13
,2017_58360,39.667581,-104.9593905,4/3/2017 8:39,8:39,12,0,0,UNIVERSITY BOULEVARD 2700 BLOCK SOUTH & YALE AVENUE EAST,1,1,0,0,1,3,0,,30,0,0,0,0,0,4,2,1
,2017_58361,39.678552,-104.9828715,4/3/2017 9:29,9:29,3,0,0,EVANS AVENUE EAST & LOGAN STREET SOUTH,1,1,1,0,1,3,0,,30,0,0,0,0,0,4,2,3
,2017_58362,39.794211,-104.8472235,4/3/2017 9:30,9:30,1,0,0,PEORIA STREET NORTH & 54TH AVENUE EAST,1,1,0,0,1,1,0,,45,0,0,0,0,1,4,2,13
,2017_58363,39.718197,-104.9558355,4/3/2017 10:11,10:11,12,0,0,FIRST AVENUE 2700 BLOCK EAST & CLAYTON LANE NORTH,1,1,0,0,1,4,0,,30,0,0,0,0,0,4,2,1
,2017_58364,39.743235,-104.967225,4/3/2017 10:11,10:11,4,0,0,17TH AVENUE EAST & GILPIN STREET NORTH,1,1,1,0,1,4,0,,30,0,0,0,0,0,4,1,13
,2017_58365,39.732039,-104.983605,4/3/2017 11:00,11:00,6,0,0,GRANT STREET & 10TH AVENUE WEST,1,1,0,0,1,2,0,,30,0,0,0,0,0,4,2,12
,2017_58366,39.779577,-104.8471335,4/3/2017 11:25,11:25,12,0,0,PEORIA STREET NORTH & 46TH AVENUE EAST,1,1,0,0,1,3,0,,30,0,0,0,0,0,4,2,13
,2017_58367,39.74337,-104.922261,4/3/2017 11:50,11:50,3,0,0,17TH AVENUE EAST & HOLLY STREET NORTH,1,1,0,0,1,1,0,,25,0,0,0,0,1,4,2,7
,2017_58368,39.772917,-105.011226,4/3/2017 12:55,12:55,3,0,0,41ST AVENUE WEST & TEJON STREET NORTH,1,1,0,0,1,1,0,,35,0,0,0,0,0,4,2,14
,2017_58369,39.775716,-105.000282,4/3/2017 14:11,14:11,6,0,0,KALAMATH STREET NORTH 4300 BLOCK & 44TH AVENUE WEST,1,1,0,0,1,4,0,,25,0,0,0,0,0,4,2,13
,2017_58370,39.769551,-105.034617,4/3/2017 14:14,14:14,12,0,0,38TH AVENUE WEST & LOWELL BOULEVARD NORTH,1,1,0,0,1,1,0,,35,0,0,0,0,0,4,2,13
,2017_58371,39.783789,-104.804253,4/3/2017 14:30,14:30,12,0,0,GREEN VALLEY RANCH BOULEVARD & JOPLIN STREET NORTH,1,1,0,0,1,4,0,,35,0,0,0,0,1,4,2,13
,2017_58372,39.725334,-104.912793,4/3/2017 14:50,14:50,3,0,0,MONACO STREET NORTH & SIXTH AVENUE EAST,1,1,1,0,1,1,0,,35,0,0,0,0,0,4,2,12
,2017_58373,39.738429,-104.981112,4/3/2017 15:00,15:00,5,0,0,PENNSYLVANIA STREET NORTH & 14TH AVENUE WEST,1,1,0,0,3,5,0,,,0,0,0,0,0,4,1,14
,2017_58374,39.624192,-104.89473,4/3/2017 16:13,16:13,12,0,0,ULSTER STREET SOUTH & BELLEVIEW AVENUE EAST,1,1,1,0,1,3,0,,35,0,0,0,0,0,4,2,3
,2017_58375,39.724137,-104.986314,4/3/2017 16:16,16:16,10,0,0,LINCOLN STREET NORTH & FIFTH AVENUE EAST,1,1,0,0,1,1,0,,30,0,0,0,0,0,4,2,8
,2017_58376,39.674835,-104.9594175,4/3/2017 16:16,16:16,12,0,0,UNIVERSITY BOULEVARD SOUTH 2200 BLOCK & ILIFF AVENUE EAST,1,1,1,0,1,4,0,,30,0,0,0,0,0,4,2,3
,2017_58377,39.752001,-104.9938155,4/3/2017 16:55,16:55,12,0,0,LARIMER STREET & 19TH STREET,1,1,0,0,1,3,0,,25,0,0,0,0,0,4,2,3
,2017_58378,39.739995,-104.9598135,4/3/2017 17:27,17:27,15,0,0,YORK STREET NORTH & COLFAX AVENUE EAST APPROXIMATELY,1,1,0,0,1,4,0,,30,0,0,0,0,0,4,2,14
,2017_58379,39.76926361,-104.9960844,4/3/2017 17:31,17:31,15,0,0,38TH AVENUE WEST & 5100 BLOCK,1,1,1,0,1,4,0,,30,0,0,0,0,0,4,2,13
,2017_58380,39.777255,-104.8460535,4/3/2017 19:20,19:20,12,0,0,PEORIA STREET 4400 BLOCK NORTH & 44TH AVENUE EAST,1,2,0,0,1,4,0,,35,0,0,0,0,0,4,2,13
,2017_58381,39.772854,-104.865894,4/3/2017 21:39,21:39,3,0,0,HAVANA STREET NORTH & 40TH AVENUE EAST,1,3,1,0,1,1,0,,35,0,0,0,0,0,4,2,2
,2017_58382,39.767382,-104.90346,4/4/2017 3:29,3:29,5,0,0,QUEBEC STREET NORTH & 36TH AVENUE EAST,2,3,1,1,3,4,0,,35,0,0,0,0,0,4,1,13
,2017_58383,39.7821206,-104.9592915,7/7/2017 11:00,11:00,6,0,0,YORK STREET & 2800 NORTH,1,1,0,0,1,4,1,,,0,0,0,0,0,4,2,13
,2017_58384,39.638736,-105.072246,4/4/2017 3:30,3:30,5,0,0,QUINCY AVENUE WEST & PIERCE STREET SOUTH,2,3,0,2,3,4,0,,40,0,0,0,0,0,4,1,5
,2017_58385,39.671271,-104.9734845,4/4/2017 8:03,8:03,12,0,0,DOWNING STREET 2500 BLOCK SOUTH & HARVARD AVENUE EAST,2,1,0,2,1,3,0,,30,0,0,0,0,0,4,2,16
,2017_58386,39.752262,-104.991804,4/4/2017 8:05,8:05,3,0,0,20TH STREET & LAWRENCE STREET,4,1,0,2,1,1,0,,25,0,0,0,0,0,4,2,13
,2017_58387,39.723912,-105.0439635,6/11/2017 0:57,0:57,5,0,0,FIFTH AVENUE WEST & TENNYSON STREET NORTH,1,4,0,7,4,1,0,,25,0,0,0,0,0,4,1,5
,2017_58388,39.736845,-104.9741505,4/4/2017 8:25,8:25,12,0,0,13TH AVENUE EAST & CORONA STREET NORTH,5,1,1,2,1,4,0,,30,0,0,0,0,0,4,2,13
,2017_58389,39.743937,-105.0345945,4/4/2017 8:32,8:32,3,0,0,17TH AVENUE WEST & LOWELL BOULEVARD NORTH,2,1,0,2,1,5,0,,30,0,0,0,0,1,4,3,14
,2017_58390,39.689298,-104.943033,4/4/2017 8:53,8:53,12,0,0,FLORIDA AVENUE 3800 BLOCK EAST & JACKSON STREET SOUTH,2,1,0,2,1,3,0,,30,0,0,0,0,0,4,3,16
,2017_58391,39.754719,-104.9139855,4/4/2017 9:13,9:13,3,0,1,26TH AVENUE & LOCUST STREET NORTH,2,1,0,2,1,1,0,,25,0,0,0,0,2,4,2,7
,2017_58392,39.741687,-104.9835735,4/4/2017 9:40,9:40,3,0,0,16TH AVENUE & GRANT STREET,2,1,0,2,1,1,0,,25,0,0,0,0,0,4,2,13
,2017_58393,39.741678,-104.982354,4/4/2017 10:29,10:29,1,0,0,16TH AVENUE EAST & LOGAN STREET NORTH,2,1,0,2,1,1,0,,30,0,0,0,0,0,4,2,14
,2017_58394,39.762108,-105.044013,4/4/2017 10:50,10:50,3,0,0,32ND AVENUE WEST & TENNYSON STREET NORTH,2,1,1,2,1,1,0,,30,0,0,0,0,0,4,2,13
,2017_58395,39.769551,-105.034617,4/4/2017 11:01,11:01,12,0,0,38TH AVENUE WEST & LOWELL BOULEVARD NORTH,2,1,0,1,1,1,0,,35,0,0,0,0,1,4,2,14
,2017_58396,39.733704,-104.9798835,4/4/2017 11:45,11:45,3,0,0,PEARL STREET NORTH & 11TH AVENUE EAST,2,1,0,0,1,1,0,,25,0,0,0,0,0,4,2,13
,2017_58397,39.692988,-104.973417,4/4/2017 14:10,14:10,3,0,0,LOUISIANA AVENUE EAST & DOWNING STREET SOUTH,1,1,0,0,1,1,0,,30,0,0,0,0,0,4,2,13
,2017_58398,39.638619,-104.9040945,4/4/2017 14:45,14:45,15,0,0,QUEBEC STREET SOUTH & QUINCY AVENUE EAST,2,1,1,0,1,1,0,,30,0,0,0,0,0,4,2,3
,2017_58399,39.725631,-104.9874435,4/4/2017 16:00,16:00,12,0,0,SIXTH AVENUE & BROADWAY NORTH,14,1,0,0,1,4,0,,30,0,0,0,0,0,4,2,13
,2017_58400,39.754476,-104.964714,4/4/2017 17:29,17:29,3,0,0,26TH AVENUE WEST & HIGH STREET NORTH,2,1,1,1,1,3,0,,25,0,0,0,0,1,4,2,7
,2017_58401,39.674952,-105.038622,4/4/2017 19:57,19:57,3,0,0,ILIFF AVENUE WEST & PATTON COURT SOUTH,2,3,0,2,1,1,0,,25,0,0,0,0,0,4,2,13
,2017_58402,39.76929,-105.001767,4/4/2017 23:02,23:02,12,0,0,38TH AVENUE 1200 BLOCK WEST & LIPAN STREET NORTH,2,3,0,1,1,4,0,,35,0,0,0,0,1,4,2,3
,2017_58403,39.68217,-105.0018345,4/4/2017 23:06,23:06,5,0,0,PLATTE RIVER DRIVE SOUTH & JEWELL AVENUE WEST,2,4,0,1,3,4,0,,35,0,0,0,0,0,4,1,2
,2017_58404,39.738321,-104.9205555,4/5/2017 7:16,7:16,6,0,0,14TH AVENUE EAST 5800 BLOCK & IVY STREET NORTH,1,1,0,0,1,4,0,,30,0,0,0,0,0,4,2,13
,2017_58405,39.679263,-105.0459435,4/5/2017 7:30,7:30,6,0,0,EVANS AVENUE WEST & VRAIN STREET SOUTH,1,1,0,0,1,4,0,,30,0,0,0,0,0,4,2,13
,2017_58406,39.738276,-104.931522,4/5/2017 7:50,7:50,3,0,0,14TH AVENUE EAST & DAHLIA STREET NORTH,1,1,0,0,1,1,0,,25,0,0,0,0,0,4,2,7
,2017_58408,39.76929,-105.0252435,4/5/2017 7:50,7:50,12,0,0,38TH AVENUE WEST & FEDERAL BOULEVARD NORTH,1,1,0,0,1,4,0,,30,0,0,0,0,0,4,3,13
,2017_58409,39.671208,-104.9593905,4/5/2017 7:52,7:52,12,0,0,HARVARD AVENUE EAST & UNIVERSITY BOULEVARD SOUTH,2,1,0,0,1,1,0,,25,0,0,0,0,0,4,2,7
,2017_58410,39.743235,-104.9848425,4/7/2017 18:34,18:34,12,0,0,17TH AVENUE EAST & SHERMAN STREET NORTH,1,1,0,1,1,1,0,,30,0,0,0,0,1,4,2,13
,2017_58411,39.747447,-104.8893165,4/5/2017 8:11,8:11,12,0,0,WABASH STREET NORTH & MONTVIEW BOULEVARD EAST,1,2,0,0,1,1,0,,30,0,0,0,0,0,4,2,7
,2017_58412,39.75559659,-105.0103035,4/5/2017 8:25,8:25,15,0,0,PLATTE STREET 1400 BLOCK & 15TH STREET,1,1,0,0,1,2,0,,30,0,0,0,0,0,4,2,3
,2017_58413,39.744801,-104.9861205,4/5/2017 8:30,8:30,12,0,0,18TH AVENUE & LINCOLN STREET,1,1,0,0,1,1,0,,30,0,0,0,0,0,4,2,13
,2017_58414,39.745431,-104.9901075,4/5/2017 8:47,8:47,3,0,0,17TH STREET & WELTON STREET,1,1,0,0,1,1,0,,,0,0,0,0,0,4,2,7
,2017_58415,39.678435,-104.9251905,4/5/2017 9:04,9:04,12,0,0,EVANS AVENUE 5300 BLOCK EAST & GRAPE STREET SOUTH,1,1,0,0,1,3,0,,35,0,0,0,0,0,4,3,1
,2017_58416,39.678453,-104.9887845,4/5/2017 9:20,9:20,12,0,0,ACOMA STREET SOUTH & EVANS AVENUE WEST,1,1,0,0,1,2,0,,25,0,0,0,0,0,4,2,13
,2017_58417,39.729222,-104.932782,4/5/2017 9:20,9:20,3,0,1,EIGHTH AVENUE EAST & DEXTER STREET NORTH,1,1,0,0,1,1,0,,25,0,0,0,0,2,4,2,7
,2017_58418,39.769272,-105.006456,4/5/2017 11:00,11:00,3,0,0,38TH AVENUE & PECOS STREET,1,1,0,0,1,1,0,,35,0,0,0,0,0,4,2,13
,2017_58419,39.73190582,-104.9861681,4/14/2017 9:08,9:08,6,0,0,LINCOLN STREET & 1700 BLOCK NORTH,1,1,1,0,1,4,0,,25,0,0,0,0,1,4,3,10
,2017_58420,39.738429,-104.987394,4/5/2017 13:00,13:00,10,0,0,14TH AVENUE EAST & BROADWAY,1,1,0,0,1,1,0,,30,0,0,0,0,0,4,2,13
,2017_58421,39.732075,-104.9418315,8/19/2017 18:30,18:30,6,0,0,HARRISON STREET NORTH & 10TH AVENUE EAST,1,1,0,0,1,4,0,,,0,0,0,0,0,4,2,13
,2017_58422,39.76929,-105.0252435,4/5/2017 15:25,15:25,12,0,0,38TH AVENUE WEST & FEDERAL BOULEVARD NORTH,1,1,0,0,1,4,0,,35,0,0,0,0,0,4,2,13
,2017_58423,39.767445,-104.9058135,4/5/2017 15:37,15:37,12,0,0,36TH AVENUE EAST & PONTIAC STREET NORTH,1,1,0,0,1,1,0,,30,0,0,0,0,0,4,2,13
,2017_58424,39.771063,-104.8470435,4/5/2017 16:08,16:08,3,0,0,39TH AVENUE EAST & PEORIA STREET NORTH,1,1,0,0,1,1,0,,35,0,0,0,0,0,4,2,16
,2017_58425,39.713859,-104.987565,4/5/2017 16:56,16:56,12,0,0,BROADWAY STREET NORTH & MAPLE AVENUE WEST,1,1,0,0,1,1,0,,30,0,0,0,0,0,4,2,16
,2017_58426,39.762009,-104.917572,4/5/2017 17:15,17:15,14,0,0,MLK BOULEVARD & KEARNEY STREET NORTH,1,1,0,0,1,1,0,,35,0,0,0,0,0,4,2,13
,2017_58427,39.745305,-104.9971905,4/5/2017 18:00,18:00,6,0,0,14TH STREET & CURTIS STREET,1,1,0,0,1,4,0,,20,0,0,0,0,0,4,2,13
,2017_58428,39.729114,-104.959071,4/5/2017 20:49,20:49,3,0,0,EIGHTH AVENUE EAST & JOSEPHINE STREET NORTH,1,3,0,0,1,1,0,,30,0,0,0,0,0,4,2,13
,2017_58429,39.74616,-104.987385,4/5/2017 20:59,20:59,15,0,0,19TH AVENUE EAST & BROADWAY NORTH,1,3,1,0,1,1,0,,30,0,0,0,0,0,4,3,1
,2017_58430,39.754053,-105.001524,4/6/2017 8:33,8:33,15,0,1,WEWATTA STREET & 17TH STREET WEST,1,1,0,0,1,2,0,,25,0,0,0,1,2,4,2,13
,2017_58431,39.777984,-104.9223105,4/6/2017 9:23,9:23,15,0,0,STAPLETON DRIVE 5400 BLOCK EAST & HOLLY STREET NORTH,1,1,0,0,1,4,0,,40,0,0,0,0,0,4,2,1
,2017_58432,39.783411,-104.931603,4/6/2017 9:30,9:30,15,0,0,48TH AVENUE EAST & DAHLIA STREET NORTH,2,1,0,0,1,4,0,,25,0,0,0,0,0,4,2,1
,2017_58433,39.67128,-104.9828355,4/6/2017 9:48,9:48,3,0,0,LOGAN STREET SOUTH & HARVARD AVENUE EAST,1,1,0,0,1,1,0,,25,0,0,0,0,0,4,2,1
,2017_58434,39.670092,-105.041754,4/6/2017 11:00,11:00,12,0,0,RALEIGH STREET SOUTH & VASSAR AVENUE WEST,1,1,0,0,1,4,0,,30,0,0,0,0,0,4,2,16
,2017_58435,39.73851768,-104.9969761,4/6/2017 11:14,11:14,15,0,0,SPEER BOULEVARD & 700 BLOCK NORTH,1,1,1,0,1,4,0,,,0,0,0,0,0,4,2,13
,2017_58436,39.730419,-104.986143,4/6/2017 11:42,11:42,12,0,0,NINTH AVENUE EAST & LINCOLN STREET NORTH,1,1,1,0,1,3,0,,,0,0,0,0,0,4,2,13
,2017_58437,39.77312829,-104.9892215,4/6/2017 13:20,13:20,12,0,0,BROADWAY & 2100 BLOCK SOUTH,1,1,0,0,1,4,0,,35,0,0,0,0,0,4,2,1
,2017_58438,39.736872,-104.9952825,4/6/2017 13:20,13:20,12,0,0,13TH AVENUE 500 BLOCK WEST & FOX STREET NORTH,1,1,0,0,1,3,0,,,0,0,0,0,1,4,2,13
,2017_58439,39.759282,-104.993892,4/6/2017 14:14,14:14,12,0,1,WEWATTA STREET 2200 BLOCK & PARK AVENUE WEST,1,1,1,0,1,3,0,,35,0,0,0,0,2,4,3,7
,2017_58440,39.671208,-104.9593905,5/7/2017 0:03,0:03,6,0,0,UNIVERSITY BOULEVARD SOUTH & HARVARD AVENUE EAST,1,3,0,0,1,3,0,,,0,0,0,0,0,4,2,13
,2017_58441,39.631329,-104.885316,4/6/2017 14:31,14:31,12,0,0,YOSEMITE STREET 4500 BLOCK SOUTH & UNION AVENUE EAST,1,1,0,0,1,3,0,,,0,0,0,0,0,4,2,13
,2017_58442,39.725658,-104.9863095,4/6/2017 14:43,14:43,12,0,0,SPEER BOULEVARD & SIXTH AVENUE EAST,1,1,0,0,1,3,0,,30,0,0,0,0,0,4,2,16
,2017_58443,39.844602,-104.6809395,4/14/2017 13:25,13:25,5,0,0,PENA BOULEVARD INBOUND & 8200 BLOCK,1,1,0,0,2,4,0,,,0,0,0,0,0,4,1,2
,2017_58444,39.687543,-104.9875245,4/6/2017 14:45,14:45,1,0,0,BROADWAY STREET SOUTH & IOWA AVENUE EAST,1,1,1,0,1,1,0,,35,0,0,0,0,0,4,3,16
,2017_58445,39.770721,-104.753493,4/6/2017 15:45,15:45,3,0,0,40TH AVENUE EAST & HIMALAYA ROAD NORTH,1,1,0,0,1,1,0,,35,0,0,0,0,0,4,2,16
,2017_58446,39.692952,-104.961744,4/6/2017 16:31,16:31,6,0,0,GAYLORD STREET & LOUISIANA AVENUE EAST,1,1,0,0,1,4,0,,30,0,0,0,0,0,4,2,13
,2017_58447,39.729276,-104.9128155,4/6/2017 16:40,16:40,12,0,0,MONACO PARKWAY & EIGHTH AVENUE EAST,1,1,0,1,1,1,0,,35,0,0,0,0,0,4,2,16
,2017_58448,39.731292,-104.9034735,4/6/2017 17:04,17:04,12,0,0,QUEBEC STREET NORTH & 10TH AVENUE EAST,1,1,0,0,1,1,0,,30,0,0,0,0,0,4,2,14
,2017_58449,39.760056,-104.8705425,4/6/2017 21:14,21:14,1,0,0,MARTIN LUTHER KING BOULEVARD EAST & FULTON STREET NORTH,1,3,0,0,1,1,0,,35,0,0,0,0,0,4,2,1
,2017_58450,39.689415,-105.0015735,4/6/2017 22:14,22:14,6,0,0,LIPAN STREET SOUTH & FLORIDA AVENUE WEST,1,4,0,0,1,4,0,,25,0,0,0,0,0,4,2,5
,2017_58451,39.729069,-104.97411,4/7/2017 0:32,0:32,6,0,0,CORONA STREET 800 BLOCK NORTH & EIGHTH AVENUE EAST,1,3,1,0,1,4,0,,30,0,0,0,0,0,4,2,13
,2017_58452,39.624192,-104.89473,4/7/2017 6:19,6:19,12,0,0,BELLEVIEW AVENUE EAST 8100 BLOCK & ULSTER STREET SOUTH,1,3,0,0,1,3,0,,35,0,0,0,0,0,4,2,2
,2017_58453,39.742848,-104.9721615,4/7/2017 7:45,7:45,3,0,0,MARION STREET NORTH & PARK AVENUE,1,1,0,0,1,1,0,,30,0,0,0,0,0,4,2,13
,2017_58454,39.844602,-104.6809395,4/8/2017 10:55,10:55,6,0,0,PENA BOULEVARD OUTBOUND & 8400 BLOCK,1,1,0,0,1,4,0,,40,0,0,0,0,0,4,2,14
,2017_58455,39.769263,-104.9034825,4/7/2017 8:30,8:30,15,0,0,QUEBEC STREET NORTH & 38TH AVENUE EAST,1,1,0,7,1,4,0,,35,0,0,0,0,0,4,2,1
,2017_58456,39.76929,-105.0252435,4/7/2017 9:14,9:14,12,0,0,38TH AVENUE 2900 BLOCK WEST & FEDERAL BOULEVARD,1,1,0,0,1,4,0,,35,0,0,0,0,0,4,2,14
,2017_58457,39.725667,-104.9921415,4/7/2017 9:29,9:29,12,0,0,SIXTH AVENUE 300 BLOCK WEST & CHEROKEE STREET NORTH,1,1,0,0,1,4,0,,30,0,0,0,1,0,4,2,13
,2017_58459,39.766599,-104.9832405,4/7/2017 11:15,11:15,12,0,1,BRIGHTON BOULEVARD 3100 BLOCK NORTH & 31ST STREET,1,2,0,0,1,3,0,,30,0,0,0,0,2,4,2,13
,2017_58460,39.724137,-104.987502,4/7/2017 11:25,11:25,3,0,0,FIFTH AVENUE EAST & BROADWAY STREET NORTH,1,1,0,7,1,1,0,,25,0,0,0,0,0,4,2,13
,2017_58461,39.77352,-104.9379435,4/7/2017 11:32,11:32,3,0,0,ALBION STREET 4000 BLOCK NORTH & 40TH AVENUE EAST,1,1,0,0,1,2,0,,25,0,0,0,0,0,4,2,13
,2017_58462,39.674898,-104.98284,4/7/2017 12:15,12:15,12,0,0,LOGAN SST 2300 BLOCK SOUTH & ILIFF AVENUE EAST,1,1,1,0,1,4,0,,30,0,0,0,0,0,4,2,3
,2017_58463,39.765726,-104.9948415,4/7/2017 12:47,12:47,12,0,0,PARK AVENUE WEST & GLOBEVILLE ROAD NORTH,1,1,1,0,1,1,0,,35,0,0,0,0,1,4,2,13
,2017_58464,39.765726,-104.9948415,4/7/2017 12:48,12:48,12,0,0,PARK AVENUE WEST & GLOBEVILLE ROAD NORTH,1,1,1,0,1,1,0,,35,0,0,0,0,0,4,3,13
,2017_58465,39.769335,-105.0520635,4/7/2017 13:32,13:32,3,0,0,38TH AVENUE WEST & ZENOBIA STREET NORTH,1,1,0,0,1,1,0,,25,0,0,0,0,0,4,2,13
,2017_58466,39.762054,-104.973345,4/7/2017 13:36,13:36,12,0,0,DOWNING STREET NORTH & MLK BOULEVARD EAST,1,1,0,0,1,4,0,,30,0,0,0,0,0,4,2,13
,2017_58467,39.66040628,-104.9660054,4/7/2017 15:45,15:45,5,0,0,DARTMOUTH AVENUE & 2700 BLOCK WEST,1,1,0,1,1,4,0,,25,0,0,0,0,0,4,1,13
,2017_58468,39.762954,-104.981373,4/7/2017 16:02,16:02,10,0,0,30TH STREET & WALNUT STREET,1,1,0,0,1,1,0,,30,0,0,0,0,0,4,2,13
,2017_58469,39.709305,-104.9863905,4/22/2017 8:00,8:00,6,0,0,DAKOTA AVENUE EAST & LINCOLN STREET SOUTH,2,1,0,1,1,4,0,,25,0,0,0,0,0,4,2,2
,2017_58470,39.74013796,-104.9950591,4/7/2017 16:38,16:38,12,0,0,GLENARM STREET 1200 BLOCK & 13TH STREET,1,1,0,7,1,4,0,,30,0,0,0,0,0,4,3,12
,2017_58471,39.765699,-104.94747,4/28/2017 3:05,3:05,6,0,0,35TH AVENUE & COOK STREET NORTH,1,3,0,0,1,4,0,,25,0,0,0,0,0,4,2,13
,2017_58472,39.761343,-104.981733,4/7/2017 17:41,17:41,15,0,0,29TH STREET & LARIMER STREET,1,1,0,0,1,4,0,,30,0,0,0,0,0,4,2,13
,2017_58473,39.71655,-105.0300135,5/13/2017 13:39,13:39,6,0,0,IRVING STREET & 720 NORTH IRVING STREET,1,1,0,0,1,4,0,,25,0,0,0,0,0,4,2,13
,2017_58474,39.676698,-104.9875245,4/7/2017 19:20,19:20,3,0,0,WARREN AVENUE EAST & BROADWAY STREET SOUTH,1,2,0,0,1,1,0,,25,0,0,0,0,0,4,2,13
,2017_58475,39.72393,-104.8839413,4/7/2017 19:20,19:20,15,0,0,LOWRY BOULEVARD EAST ROUNDABOUT & YOSEMITE STREET NORTH,1,3,0,0,1,6,0,,45,0,0,0,0,0,4,2,13
,2017_58476,39.73214138,-105.0027626,4/7/2017 20:44,20:44,6,0,0,MARIPOSA STREET 1000 BLOCK NORTH & 10TH AVENUE WEST,1,1,0,0,1,4,0,,25,0,0,0,0,0,4,2,13
,2017_58477,39.744072,-104.988285,4/7/2017 21:35,21:35,3,0,0,17TH STREET & TREMONT PLACE,1,3,0,0,1,1,0,,30,0,0,0,0,0,4,2,13
,2017_58478,39.736863,-104.996484,4/8/2017 2:05,2:05,3,0,0,13TH AVENUE WEST & SPEER BOULEVARD NORTH,1,3,0,0,1,1,0,,30,0,0,0,0,0,4,3,13
,2017_58479,39.735243,-104.9873805,4/8/2017 2:25,2:25,12,0,0,BROADWAY & 12TH AVENUE,1,3,0,0,1,3,0,,25,0,0,0,0,1,4,3,13
,2017_58480,39.700242,-104.987511,4/8/2017 2:31,2:31,5,0,0,BROADWAY SOUTH & KENTUCKY AVENUE EAST,1,3,0,0,2,4,1,,30,0,0,0,0,0,4,1,14
,2017_58481,39.714957,-105.046866,4/15/2017 21:55,21:55,6,0,0,BAYAUD AVENUE WEST & WINONA COURT SOUTH,1,3,0,0,1,4,0,,25,0,0,0,0,0,4,2,13
,2017_58482,39.674898,-104.98284,4/8/2017 12:45,12:45,12,0,0,LOGAN STREET SOUTH & ILIFF AVENUE EAST,1,1,0,0,1,3,0,,30,0,0,0,0,0,4,2,13
,2017_58483,39.74562,-104.9034825,4/8/2017 14:58,14:58,12,0,0,19TH AVENUE EAST & QUEBEC STREET NORTH,1,1,0,0,1,4,0,,30,0,0,0,0,0,4,4,7
,2017_58484,39.735279,-105.000165,4/10/2017 11:28,11:28,3,0,0,12TH AVENUE WEST 900 BLOCK & KALAMATH STREET NORTH,1,1,0,0,1,5,0,,,0,0,0,0,1,4,3,13
,2017_58485,39.793212,-104.835681,4/8/2017 15:00,15:00,3,0,0,UVALDA STREET NORTH & 55TH AVENUE EAST,1,1,0,0,1,1,0,,30,0,0,0,0,0,4,2,13
,2017_58486,39.753612,-104.993451,4/8/2017 16:23,16:23,15,0,0,MARKET STREET & 20TH STREET,1,1,0,0,1,4,0,,25,0,0,0,0,0,4,2,1
,2017_58487,39.7473268,-104.9873361,4/8/2017 16:26,16:26,12,0,0,WELTON STREET 1900 BLOCK & 20TH STREET,1,1,0,0,1,4,0,,35,0,0,0,0,1,4,2,14
,2017_58488,39.692988,-104.973417,4/8/2017 18:13,18:13,12,0,0,DOWNING STREET SOUTH & LOUISIANA AVENUE EAST,1,1,0,0,1,5,0,,25,0,0,0,0,0,4,2,3
,2017_58489,39.751056,-104.9828805,4/8/2017 18:15,18:15,3,0,0,PARK AVENUE WEST & WELTON STREET,3,1,0,0,1,1,0,,35,0,0,0,0,1,4,2,13
,2017_58490,39.75723,-105.025284,4/8/2017 19:28,19:28,12,0,0,28TH AVENUE WEST & FEDERAL BOULEVARD NORTH,1,3,1,0,1,3,0,,35,0,0,0,0,0,4,2,13
,2017_58491,39.656808,-105.025203,4/8/2017 20:00,20:00,6,0,0,FLOYD AVENUE WEST & FEDERAL BOULEVARD SOUTH,1,3,0,0,1,4,0,,25,0,0,0,0,0,4,2,1
,2017_58492,39.71115,-104.982795,4/9/2017 2:15,2:15,6,0,0,LOGAN STREET SOUTH & ALAMEDA AVENUE EAST,1,3,0,0,1,4,0,,30,0,0,0,0,0,4,3,5
,2017_58493,39.741426,-104.9988915,4/9/2017 7:01,7:01,3,0,0,SPEER BOULEVARD NORTH & STOUT STREET,1,1,0,0,1,1,0,,30,0,0,0,0,0,4,2,8
,2017_58494,39.744819,-104.9823765,4/9/2017 10:48,10:48,3,0,0,18TH AVENUE EAST & LOGAN STREET NORTH,1,1,1,0,1,1,0,,30,0,0,0,0,0,4,2,3
,2017_58495,39.785607,-105.034581,4/9/2017 11:45,11:45,3,0,0,49TH AVENUE WEST & LOWELL BOULEVARD NORTH,1,1,0,0,1,1,0,,30,0,0,0,0,0,4,2,8
,2017_58496,39.725586,-104.965857,4/9/2017 12:59,12:59,15,0,0,SIXTH AVENUE EAST & WILLIAMS STREET NORTH,1,1,0,0,1,1,0,,30,0,0,0,0,1,4,2,16