id,drcog_id,latitude,longitude,crashtime,time,crashtype,numbkilled,numbinjurd,drcoglocat,rdconditin,lightngcon,roadcntgrd,weatherco,location,roaddescrp,constrzone,schoolzone,splimit,bikeinv,pedinv,sctrinv,motoinv,svrty,rdsystem,ttlvehcls,hcf
,2017_58497,39.729087,-104.987412,4/9/2017 13:17,13:17,3,0,0,EIGHTH AVENUE EAST & BROADWAY STREET NORTH,1,1,0,0,1,1,0,,30,0,0,0,0,1,4,2,8
,2017_58498,39.72627,-105.0002055,4/9/2017 18:32,18:32,3,0,0,SIXTH AVENUE WEST & KALAMATH STREET NORTH,1,1,0,0,1,1,0,,35,0,0,0,0,1,4,2,7
,2017_58499,39.730446,-104.984865,4/9/2017 19:00,19:00,3,0,0,NINTH AVENUE EAST & SHERMAN STREET NORTH,1,1,0,0,1,1,0,,25,0,0,0,0,0,4,2,4
,2017_58500,39.780324,-104.8098645,4/9/2017 19:55,19:55,15,0,0,CHAMBERS ROAD NORTH & BOLLING DRIVE EAST,1,2,0,0,1,4,0,,40,0,0,0,0,0,4,2,13
,2017_58501,39.7821206,-104.9592915,4/10/2017 0:28,0:28,6,0,0,YORK STREET & 1400 BLOCK NORTH,1,3,0,0,1,4,0,,30,0,0,0,0,0,4,3,13
,2017_58502,39.7353149,-105.0144669,4/10/2017 6:27,6:27,3,0,0,12TH AVENUE & 600 BLOCK EAST ALLEY,1,1,0,0,1,5,0,,25,0,0,0,0,0,4,2,13
,2017_58503,39.786408,-104.847156,4/10/2017 6:45,6:45,12,0,0,49TH AVENUE EAST & PEORIA STREET NORTH,1,1,0,1,1,4,0,,30,0,0,0,0,0,4,2,13
,2017_58504,39.72627,-105.0002055,4/10/2017 7:15,7:15,15,0,0,SIXTH AVENUE 1200 BLOCK WEST & KALAMATH STREET NORTH,1,1,0,0,1,4,0,,35,0,0,0,0,0,4,2,16
,2017_58505,39.666015,-104.9593815,4/10/2017 8:16,8:16,1,0,0,UNIVERSITY BOULEVARD SOUTH & AMHERST AVENUE EAST,1,1,0,0,1,1,0,,30,0,0,0,0,0,4,2,1
,2017_58506,39.678435,-104.912892,4/10/2017 9:24,9:24,3,0,0,EVANS AVENUE 6600 BLOCK EAST & MONACO STREET SOUTH,1,1,0,0,1,2,0,,35,0,0,0,0,0,4,2,1
,2017_58507,39.679605,-105.0110235,4/10/2017 9:53,9:53,3,0,0,TEJON STREET SOUTH & PACIFIC PLACE WEST,1,1,0,0,1,1,0,,25,0,0,0,0,0,4,2,14
,2017_58508,39.72564,-104.9811345,4/10/2017 11:59,11:59,12,0,0,SIXTH AVENUE 500 BLOCK EAST & PENNSYLVANIA STREET NORTH,1,1,0,0,1,4,0,,30,0,0,0,0,0,4,2,1
,2017_58509,39.692952,-104.9605875,4/10/2017 12:04,12:04,12,0,0,LOUISIANA AVENUE 2200 BLOCK EAST & YORK STREET SOUTH,1,1,1,0,1,3,0,,25,0,0,0,0,0,4,2,7
,2017_58510,39.783762,-104.798043,4/10/2017 15:00,15:00,12,0,0,GREEN VALLEY RANCH BOULEVARD 16100 BLOCK EAST & MEMPHIS STREET NORTH,1,1,0,0,1,4,0,,40,0,0,0,0,0,4,3,13
,2017_58511,39.676608,-104.959386,4/10/2017 16:05,16:05,1,0,0,UNIVERSITY BOULEVARD SOUTH & WARREN AVENUE EAST,1,1,3,0,1,1,0,,30,0,0,0,0,0,4,2,13
,2017_58512,39.747438,-104.90346,4/10/2017 16:56,16:56,12,0,0,QUEBEC STREET NORTH & MONTVIEW BOULEVARD EAST,1,1,0,0,1,4,0,,30,0,0,0,0,0,4,3,14
,2017_58513,39.774105,-104.882778,4/10/2017 17:07,17:07,12,0,0,CENTRAL PARK BOULEVARD NORTH & 40TH AVENUE EAST,1,1,0,0,1,1,0,,40,0,0,0,0,0,4,2,13
,2017_58514,39.762,-104.919966,4/10/2017 17:58,17:58,12,0,0,MLK BOULEVARD 5700 BLOCK EAST & IVY STREET NORTH,1,1,0,0,1,4,0,,35,0,0,0,0,0,4,2,14
,2017_58515,39.729276,-104.9128155,4/10/2017 20:49,20:49,12,0,0,MONACO STREET 800 BLOCK NORTH & EIGHTH AVENUE EAST,1,3,0,0,1,4,0,,30,0,0,0,0,1,4,2,5
,2017_58516,39.736809,-104.9622615,4/10/2017 23:40,23:40,6,0,0,13TH AVENUE & VINE STREET NORTH,1,3,0,0,1,4,0,,25,0,0,0,0,0,4,2,5
,2017_58517,39.784005,-104.84712,4/10/2017 23:41,23:41,1,0,0,PEORIA STREET NORTH & ALBROOK DRIVE EAST,1,3,1,0,1,1,0,,40,0,0,0,0,0,4,2,5
,2017_58518,39.761964,-104.903451,4/11/2017 2:14,2:14,3,0,0,MLK BOULEVARD EAST & QUEBEC STREET NORTH,1,3,0,0,1,1,0,,45,0,0,0,0,0,4,2,1
,2017_58519,39.739986,-104.987421,4/11/2017 8:02,8:02,15,0,0,BROADWAY & COLFAX AVENUE WEST,1,1,0,0,1,4,0,,,0,0,0,0,0,4,3,14
,2017_58520,39.746367,-104.9888655,4/11/2017 8:30,8:30,10,0,0,WELTON STREET & 18TH STREET,1,1,0,0,1,1,0,,20,0,0,0,0,0,4,2,14
,2017_58521,39.762,-105.0236055,4/11/2017 9:33,9:33,1,0,0,32ND AVENUE WEST & ELIOT STREET NORTH,1,1,0,0,1,1,0,,30,0,0,0,0,0,4,2,3
,2017_58522,39.719403,-104.948586,4/11/2017 9:51,9:51,3,0,0,SECOND AVENUE & ADAMS STREET NORTH / COOK ALLEY,1,1,0,0,1,5,0,,25,0,0,0,0,1,4,2,7
,2017_58523,39.741255,-105.0061635,4/11/2017 10:00,10:00,10,0,0,SEVENTH STREET & CURTIS STREET,1,1,1,0,1,4,0,,35,0,0,0,0,0,4,2,13
,2017_58524,39.755088,-104.988114,4/11/2017 10:15,10:15,3,0,0,LAWRENCE STREET & PARK AVENUE WEST,1,1,0,0,1,1,0,,30,0,0,0,0,0,4,2,13
,2017_58526,39.720924,-104.982615,6/9/2017 17:09,17:09,10,0,0,THIRD AVENUE EAST & LOGAN STREET NORTH,1,1,0,0,1,1,0,,,0,0,0,0,0,4,2,13
,2017_58527,39.741813,-104.9757615,4/11/2017 12:10,12:10,6,0,0,EMERSON STREET 1600 BLOCK NORTH & 17TH AVENUE EAST,1,1,0,0,1,4,0,,25,0,0,0,0,0,4,2,13
,2017_58528,39.678435,-104.9127435,4/11/2017 15:30,15:30,12,0,0,MONACO STREET 2200 BLOCK SOUTH & EVANS AVENUE EAST,1,1,0,0,1,2,0,,35,0,0,0,0,0,4,2,13
,2017_58529,39.725667,-104.99283,4/11/2017 16:29,16:29,3,0,0,DELAWARE STREET NORTH & SIXTH AVENUE WEST,1,1,0,0,1,1,0,,25,0,0,0,0,0,4,2,13
,2017_58530,39.77898562,-104.9582029,4/11/2017 17:01,17:01,12,0,0,JOSEPHINE STREET 4500 BLOCK NORTH & 46TH AVENUE EAST,1,1,0,0,1,4,0,,30,0,0,0,0,0,4,2,3
,2017_58531,39.718332,-104.987502,4/11/2017 17:01,17:01,12,0,0,FIRST AVENUE 000 BLOCK EAST & BROADWAY STREET NORTH,1,1,0,0,1,4,0,,25,0,0,0,0,0,4,3,16
,2017_58532,39.682143,-104.9734305,4/11/2017 19:01,19:01,3,0,0,JEWELL AVENUE EAST & DOWNING STREET SOUTH,1,1,0,0,1,1,0,,30,0,0,0,0,1,4,2,1
,2017_58533,39.789405,-104.809383,4/11/2017 20:46,20:46,15,0,0,CHAMBERS ROAD 5200 BLOCK NORTH & 52ND AVENUE EAST,1,3,0,0,1,3,0,,40,0,0,0,0,0,4,2,13
,2017_58534,39.729249,-104.9223015,4/12/2017 7:15,7:15,1,0,0,EIGHTH STREET EAST & HOLLY STREET NORTH,1,1,0,0,1,1,0,,30,0,0,0,0,0,4,2,7
,2017_58535,39.79827,-104.897286,4/12/2017 7:20,7:20,12,0,0,56TH AVENUE EAST & SPRUCE STREET NORTH,1,1,0,0,1,4,0,,45,0,0,0,0,0,4,2,13
,2017_58537,39.741606,-104.98995,7/13/2017 12:04,12:04,6,0,0,15TH STREET & COURT STREET,1,1,0,0,1,4,0,,25,0,0,0,0,0,4,2,1
,2017_58538,39.78738,-104.9534415,4/12/2017 8:43,8:43,10,0,0,50TH AVENUE EAST & FILLMORE STREET NORTH,1,1,0,0,1,1,0,,25,0,0,0,0,0,4,2,13
,2017_58539,39.769578,-105.0313905,4/12/2017 8:46,8:46,3,0,0,JULIAN STREET 3800 BLOCK NORTH & 38TH AVENUE WEST,1,1,0,0,1,2,0,,35,0,0,0,0,0,4,2,13
,2017_58540,39.678444,-104.931612,4/17/2017 16:28,16:28,12,0,0,DAHLIA STREET 2000 BLOCK SOUTH & EVANS AVENUE EAST,1,1,1,0,1,3,0,,14,0,0,0,0,0,4,2,13
,2017_58541,39.624192,-104.885334,4/12/2017 8:57,8:57,12,0,0,YOSEMITE STREET SOUTH & BELLEVIEW AVENUE EAST,1,1,0,0,1,3,0,,,0,0,0,0,0,4,2,13
,2017_58542,39.667473,-104.9272425,4/12/2017 10:42,10:42,15,0,0,YALE AVENUE 5300 BLOCK EAST & GLENCOE STREET SOUTH,1,1,0,0,1,4,0,,35,0,0,0,0,0,4,2,7
,2017_58543,39.711186,-104.892912,4/12/2017 11:34,11:34,12,0,0,FAIRMOUTH DRIVE 200 BLOCK SOUTH & ALAMEDA AVENUE EAST,1,1,0,0,1,3,0,,30,0,0,0,0,1,4,2,16
,2017_58544,39.727314,-105.0002235,4/12/2017 12:00,12:00,3,0,0,KALAMATH STREET NORTH & SEVENTH AVENUE WEST,1,1,0,0,1,1,0,,35,0,0,0,0,0,4,2,8
,2017_58545,39.764412,-105.004134,4/22/2017 17:56,17:56,6,0,0,34TH AVENUE & NAVAJO STREET NORTH,1,1,1,0,1,4,0,,20,0,0,0,0,0,4,3,1
,2017_58546,39.687543,-104.9875245,4/12/2017 12:18,12:18,3,0,0,IOWA AVENUE EAST & BROADWAY,1,1,0,0,1,1,0,,30,0,0,0,0,0,4,2,1
,2017_58547,39.725649,-104.986314,4/12/2017 14:54,14:54,10,0,0,SIXTH AVENUE EAST & LINCOLN STREET,1,1,1,0,1,1,0,,30,0,0,0,0,0,4,2,8
,2017_58548,39.77208923,-104.9765841,4/12/2017 15:33,15:33,6,0,0,28TH STREET 1800 & BRIGHTON BOULEVARD,1,1,0,0,1,4,0,,,0,0,0,0,0,4,2,13
,2017_58549,39.738456,-105.0322635,4/12/2017 16:23,16:23,3,0,0,14TH AVENUE WEST & KNOX COURT NORTH,1,1,0,0,1,1,0,,25,0,0,0,0,1,4,2,16
,2017_58550,39.715983,-104.959314,4/12/2017 16:25,16:25,1,0,0,UNIVERSITY BOULEVARD SOUTH & CHERRY CREEK NORTH DRIVE EAST,1,1,0,0,1,1,0,,30,0,0,0,0,0,4,2,1
,2017_58551,39.696615,-104.912973,4/12/2017 16:42,16:42,3,0,0,MISSISSIPPI AVENUE EAST & MONACO STREET SOUTH,1,1,0,0,1,1,0,,35,0,0,0,0,0,4,2,13
,2017_58552,39.725334,-104.912793,4/12/2017 17:15,17:15,12,0,0,SIXTH AVENUE 6400 BLOCK EAST & MONACO STREET SOUTH,1,1,0,0,1,4,0,,30,0,0,0,0,0,4,2,14
,2017_58553,39.739824,-105.015924,4/12/2017 17:39,17:39,3,0,0,COLFAX AVENUE WEST & ZUNI STREET NORTH,1,1,0,0,1,1,0,,35,0,0,0,0,0,4,2,13
,2017_58554,39.769506,-105.0381315,4/12/2017 18:36,18:36,3,0,0,38TH AVENUE WEST & OSCEOLA STREET NORTH,1,1,0,7,1,1,0,,25,0,0,0,0,0,4,2,1
,2017_58555,39.748446,-105.0033735,4/12/2017 18:50,18:50,12,0,0,AURARIA PARKWAY & SPEER BOULEVARD NORTH,1,1,0,7,1,1,0,,30,0,0,0,0,0,4,2,16
,2017_58556,39.728934,-104.9906115,4/12/2017 19:14,19:14,15,0,0,SPEER BOULEVARD NORTH & EIGHTH AVENUE WEST,1,1,0,0,1,1,0,,35,0,0,0,0,1,4,3,16
,2017_58557,39.746106,-104.9909715,4/12/2017 22:51,22:51,12,0,0,17TH STREET 700 BLOCK & CALIFORNIA STREET,1,3,0,4,1,4,0,,30,0,0,0,0,0,4,2,5
,2017_58558,39.678435,-104.9127435,4/13/2017 1:00,1:00,3,0,1,MONACO PARKWAY SOUTH & EVANS AVENUE EAST,1,3,0,7,1,1,0,,35,0,0,0,0,2,4,2,5
,2017_58559,39.736782,-105.047181,4/13/2017 6:50,6:50,14,0,0,WINONA COURT 1300 BLOCK NORTH & 14TH AVENUE WEST,1,1,0,0,1,4,0,,25,0,0,0,0,0,4,2,13
,2017_58560,39.783762,-104.798043,4/13/2017 6:59,6:59,12,0,0,MEMPHIS STREET NORTH & GREEN VALLEY RANCH BOULEVARD EAST,1,1,0,0,1,3,0,,30,0,0,0,0,0,4,2,13
,2017_58561,39.741912,-104.912793,4/13/2017 8:22,8:22,12,0,0,MONACO STREET NORTH & 16TH AVENUE EAST,1,1,0,0,1,4,0,,30,0,0,0,0,0,4,2,12
,2017_58562,39.716235,-104.949963,4/13/2017 8:50,8:50,12,0,0,STEELE STREET 0000 BLOCK NORTH & ELLSWORTH AVENUE EAST,1,1,0,0,1,4,0,,30,0,0,0,0,0,4,2,8
,2017_58563,39.66759,-104.915592,4/13/2017 8:52,8:52,12,0,0,YALE AVENUE EAST & LEYDEN STREET SOUTH,1,1,0,0,1,1,0,,30,0,0,0,0,1,4,2,1
,2017_58564,39.738456,-105.001605,4/13/2017 9:56,9:56,3,0,0,14TH AVENUE WEST & LIPAN STREET NORTH,1,1,0,0,1,1,0,,35,0,0,0,0,0,4,2,14
,2017_58565,39.743235,-104.967225,4/13/2017 9:58,9:58,12,0,0,GILPIN STREET NORTH & 17TH AVENUE EAST,1,1,1,0,1,1,0,,25,0,0,0,1,1,4,2,13
,2017_58566,39.752928,-104.980473,4/13/2017 14:45,14:45,1,0,0,25TH STREET & WELTON STREET,1,1,0,0,1,1,0,,25,0,0,0,0,0,4,2,13
,2017_58567,39.721959,-104.9127435,4/13/2017 16:00,16:00,12,0,0,MONACO STREET NORTH 400 BLOCK & FOURTH AVENUE EAST,1,1,0,0,1,4,0,,35,0,0,0,0,1,4,5,14
,2017_58568,39.682215,-105.0320835,4/18/2017 9:57,9:57,5,0,0,JEWELL AVENUE 3400 BLOCK WEST & KNOX COURT SOUTH,1,1,0,0,2,4,0,,30,0,0,0,0,0,4,1,16
,2017_58569,39.67866,-105.020352,4/13/2017 16:14,16:14,1,0,0,CLAY STREET SOUTH & EVANS AVENUE WEST,1,1,1,0,1,1,0,,25,0,0,0,0,0,4,2,1
,2017_58570,39.765726,-104.9948415,4/13/2017 16:20,16:20,12,0,0,PARK AVENUE WEST & GLOBEVILLE ROAD,1,1,0,0,1,4,0,,30,0,0,0,0,0,4,4,13
,2017_58571,39.657474,-104.900085,4/13/2017 16:24,16:24,6,0,0,EASTMAN AVENUE 7600 BLOCK EAST & TAMARAC DRIVE SOUTH,1,1,0,0,3,4,0,,30,0,0,0,0,0,4,3,13
,2017_58572,39.676689,-104.973462,4/22/2017 9:30,9:30,3,0,0,WARREN AVENUE EAST & DOWNING STREET SOUTH,1,1,0,0,1,1,0,,25,0,0,0,0,0,4,2,13
,2017_58573,39.730608,-105.0362145,4/15/2017 22:10,22:10,6,0,0,MEADE STREET 815 NORTH & NINTH AVENUE WEST,1,4,1,0,1,4,0,,25,0,0,0,0,0,4,2,5
,2017_58574,39.736863,-104.9752845,4/13/2017 16:25,16:25,1,0,0,13TH AVENUE EAST & OGDEN STREET NORTH,1,1,0,0,1,1,0,,30,0,0,0,0,0,4,2,13
,2017_58575,39.711168,-104.99238,6/8/2017 0:00,0:00,5,0,0,ALAMEDA AVENUE WEST & CHEROKEE STREET SOUTH,1,4,1,0,2,4,0,,30,0,0,0,0,0,4,1,13
,2017_58576,39.738375,-104.961015,4/13/2017 16:45,16:45,3,0,0,14TH AVENUE EAST & GAYLORD STREET NORTH,1,1,1,0,1,1,0,,25,0,0,0,0,0,4,2,14
,2017_58577,39.711114,-104.9605605,4/13/2017 16:48,16:48,12,0,0,ALAMEDA AVENUE EAST & YORK STREET SOUTH,1,1,1,0,1,1,0,,30,0,0,0,0,0,4,2,7
,2017_58578,39.844602,-104.6809395,4/14/2017 13:25,13:25,5,0,0,PENA BOULEVARD INBOUND & 8300 BLOCK,1,1,0,0,2,4,0,,,0,0,0,0,0,4,1,2
,2017_58579,39.728952,-105.001623,4/13/2017 17:18,17:18,3,0,0,LIPAN STREET NORTH & EIGHTH AVENUE WEST,1,1,0,0,1,1,0,,25,0,0,0,0,0,4,2,13
,2017_58580,39.674745,-104.8740345,4/13/2017 17:25,17:25,15,0,0,ILIFF AVENUE 9700 BLOCK EAST & EMPORIA STREET SOUTH,1,1,0,0,1,3,0,,30,0,0,0,0,0,4,2,13
,2017_58581,39.750264,-104.9891625,4/13/2017 18:13,18:13,10,0,0,20TH STREET & CHAMPA STREET,1,1,0,0,1,1,0,,30,0,0,0,0,0,4,2,13
,2017_58582,39.725631,-104.9874435,4/13/2017 22:05,22:05,3,0,0,SIXTH AVENUE EAST & BROADWAY,1,3,0,0,1,1,0,,30,0,0,0,0,1,4,2,7
,2017_58583,39.76946327,-105.0439815,4/19/2017 13:00,13:00,5,0,0,TENNYSON STREET 3800 BLOCK NORTH & 38TH AVENUE WEST,1,1,0,6,1,4,1,,25,0,0,0,0,0,4,1,13
,2017_58584,39.774006,-105.040161,4/14/2017 2:00,2:00,6,0,0,QUITMAN STREET 4200 BLOCK NORTH & 42ND AVENUE WEST,1,3,0,0,1,4,0,,30,0,0,0,0,0,4,2,13
,2017_58585,39.722535,-104.987502,4/14/2017 7:14,7:14,1,0,0,FOURTH AVENUE EAST & BROADWAY STREET NORTH,1,1,0,0,1,1,0,,25,0,0,0,0,0,4,2,13
,2017_58586,39.68215462,-104.9760718,4/14/2017 7:20,7:20,12,0,0,JEWELL AVENUE & 3100 BLOCK WEST,1,1,0,0,1,4,0,,30,0,0,0,0,0,4,2,13
,2017_58587,39.71835,-104.912784,4/14/2017 7:37,7:37,12,0,0,FIRST AVENUE EAST & MONACO STREET NORTH,1,1,0,0,1,3,0,,35,0,0,0,0,0,4,2,16
,2017_58588,39.754854,-105.034626,4/14/2017 8:15,8:15,12,0,0,26TH AVENUE WEST & LOWELL BOULEVARD NORTH,1,1,0,0,1,1,0,,30,0,0,0,0,0,4,2,5
,2017_58589,39.696768,-105.0264,4/14/2017 9:30,9:30,3,0,0,GROVE STREET SOUTH & MISSISSIPPI AVENUE WEST,1,1,0,0,1,1,0,,25,0,0,0,0,1,4,2,13
,2017_58590,39.682233,-105.029793,4/14/2017 12:07,12:07,12,0,0,IRVING STREET 1800 BLOCK SOUTH & JEWELL AVENUE WEST,1,1,0,0,1,4,0,,25,0,0,0,0,0,4,2,13
,2017_58591,39.736755,-104.919453,4/14/2017 12:41,12:41,12,0,0,13TH AVENUE EAST & JERSEY STREET NORTH,1,1,0,0,1,5,0,,30,0,0,0,0,1,4,4,13
,2017_58592,39.758535,-104.9853915,4/14/2017 13:26,13:26,1,0,0,26TH STREET & LARIMER STREET,1,1,0,0,1,1,0,,30,0,0,0,0,0,4,2,13
,2017_58593,39.738456,-104.9976405,4/14/2017 13:35,13:35,3,0,0,14TH AVENUE WEST & SPEER BOULEVARD NORTH,1,1,1,0,1,1,0,,25,0,0,0,0,0,4,2,13
,2017_58594,39.678462,-104.9976135,4/14/2017 13:42,13:42,3,0,0,EVANS AVENUE WEST & PLATTE RIVER DRIVE SOUTH,1,1,0,0,1,1,0,,35,0,0,0,0,0,4,2,3
,2017_58595,39.708135,-104.879142,4/14/2017 14:33,14:33,12,0,0,ALAMEDA AVENUE 9500 BLOCK EAST & CLINTON STREET SOUTH,1,1,0,0,1,4,0,,40,0,0,0,0,0,4,2,14
,2017_58596,39.692997,-104.9787855,4/14/2017 15:34,15:34,12,0,0,LOUISIANA AVENUE EAST & BUCHTEL BOULEVARD,1,1,0,0,1,1,0,,30,0,0,0,0,0,4,2,7
,2017_58597,39.765681,-104.949891,4/14/2017 15:45,15:45,3,0,0,35TH AVENUE EAST & STEELE STREET NORTH,1,1,1,0,1,1,0,,25,0,0,0,0,1,4,2,7
,2017_58598,39.76011,-104.899023,4/14/2017 15:58,15:58,12,0,0,MLK BOULEVARD 7400 BLOCK EAST & SYRACUSE STREET NORTH,1,1,0,0,1,4,0,,35,0,0,0,0,0,4,2,13
,2017_58599,39.747456,-104.884695,4/14/2017 16:01,16:01,12,0,0,MONTVIEW BOULEVARD EAST & CENTRAL PARK BOULEVARD NORTH,1,1,1,0,1,1,0,,35,0,0,0,0,0,4,2,3
,2017_58600,39.725667,-104.99283,4/14/2017 16:11,16:11,12,0,0,SIXTH AVENUE 300 BLOCK WEST & DELAWARE STREET NORTH,1,1,0,1,1,4,0,,35,0,0,0,0,0,4,2,14
,2017_58601,39.711285,-105.0348915,4/14/2017 17:58,17:58,3,0,0,LOWELL BOULEVARD SOUTH & ALAMEDA AVENUE WEST,1,1,0,0,1,1,0,,25,0,0,0,0,0,4,2,4
,2017_58602,39.74562,-104.912811,4/14/2017 18:01,18:01,12,0,0,19TH AVENUE EAST & MONACO STREET NORTH,1,1,0,0,1,4,0,,30,0,0,0,0,0,4,2,13
,2017_58603,39.74931894,-104.9902173,4/14/2017 18:30,18:30,12,0,0,CHAMPA STREET 1900 BLOCK & 19TH STREET,1,1,0,0,1,4,0,,30,0,0,0,0,0,4,2,5
,2017_58604,39.788532,-104.828274,4/14/2017 18:30,18:30,6,0,0,CROWN BOULEVARD 5136 NORTH & 51ST AVENUE EAST,1,3,0,0,1,4,0,,,0,0,0,0,0,4,2,13
,2017_58605,39.765726,-104.9948415,4/14/2017 19:49,19:49,3,0,0,BROADWAY STREET NORTH & PARK AVENUE WEST,1,1,0,0,1,1,0,,30,0,0,0,0,0,4,2,8
,2017_58606,39.696759,-105.0285015,4/14/2017 20:40,20:40,3,0,0,MISSISSIPPI AVENUE WEST & HOOKER STREET SOUTH,1,3,0,0,1,1,0,,25,0,0,0,0,0,4,2,7
,2017_58607,39.733902,-104.9872635,4/14/2017 21:43,21:43,12,0,0,BROADWAY STREET 1100 BLOCK NORTH & 12TH AVENUE,1,3,0,0,1,4,0,,30,0,0,0,0,1,4,2,3
,2017_58608,39.775527,-105.0054165,4/14/2017 22:30,22:30,6,0,0,OSAGE STREET NORTH & 43RD AVENUE WEST,1,3,0,0,1,4,0,,35,0,0,0,0,0,4,2,3
,2017_58609,39.743775,-104.898753,4/14/2017 23:11,23:11,3,0,0,SYRACUSE STREET NORTH & 17TH AVENUE EAST,1,3,0,0,1,1,0,,30,0,0,0,0,0,4,2,4
,2017_58610,39.750696,-104.959773,4/15/2017 9:21,9:21,1,0,0,YORK STREET NORTH & 23RD AVENUE EAST,1,1,0,0,1,1,0,,30,0,0,0,0,0,4,2,16
,2017_58611,39.711177,-104.925816,4/15/2017 9:42,9:42,6,0,0,GLENCOE STREET SOUTH & ALAMEDA AVENUE EAST,1,3,0,0,1,4,0,,25,0,0,0,0,0,4,2,13
,2017_58613,39.725424,-104.903793,4/15/2017 9:55,9:55,1,0,1,QUEBEC STREET NORTH & SIXTH AVENUE EAST,1,1,0,0,1,1,0,,30,0,0,0,0,2,4,3,16
,2017_58614,39.727107,-104.9590665,4/15/2017 13:53,13:53,3,0,0,SEVENTH AVENUE EAST & JOSEPHINE STREET NORTH,1,1,1,0,1,1,0,,30,0,0,0,0,0,4,2,13
,2017_58615,39.783609,-104.7913916,4/15/2017 14:01,14:01,5,0,0,PENA BOULEVARD AT MP 4.5 & GREEN VALLEY RANCH BOULEVARD,1,1,0,0,3,4,0,,65,0,0,0,0,1,4,1,10
,2017_58616,39.717045,-104.903793,4/15/2017 15:16,15:16,12,0,0,LOWRY BOULEVARD 7300 BLOCK EAST & QUEBEC STREET SOUTH,1,1,0,0,1,3,0,,35,0,0,0,0,0,4,2,7
,2017_58617,39.711186,-104.997132,4/15/2017 15:54,15:54,1,0,0,ALAMEDA AVENUE WEST & SANTA FE DRIVE SOUTH,1,1,0,0,1,1,0,,35,0,0,0,0,1,4,2,13
,2017_58618,39.694752,-104.959323,4/15/2017 16:57,16:57,12,0,0,UNIVERSITY BOULEVARD 1100 BLOCK SOUTH & ARIZONA AVENUE EAST,1,1,0,0,1,4,0,,30,0,0,0,0,0,4,3,16
,2017_58619,39.678624,-105.0250365,4/15/2017 18:10,18:10,15,0,0,EVANS AVENUE WEST & FEDERAL BOULEVARD SOUTH,1,1,0,0,1,4,0,,30,0,0,0,0,0,4,2,3
,2017_58620,39.709269,-104.973372,4/15/2017 18:14,18:14,12,0,0,DOWNING STREET 300 BLOCK SOUTH & DAKOTA AVENUE EAST,1,1,0,0,1,4,0,,25,0,0,0,0,0,4,3,16
,2017_58621,39.825027,-104.774751,4/15/2017 18:39,18:39,5,0,0,71ST AVENUE 7100 BLOCK EAST & YAMPA STREET NORTH,1,1,0,0,3,4,0,,25,0,0,0,0,0,4,1,1
,2017_58622,39.718026,-104.9522265,4/15/2017 21:30,21:30,12,0,0,MILWAUKEE STREET NORTH & FIRST AVENUE EAST,1,1,0,0,1,1,0,,30,0,0,0,0,0,4,2,13
,2017_58623,39.748509,-105.0031305,4/15/2017 21:40,21:40,3,0,0,BLAKE STREET & SPEER BOULEVARD NORTH,1,3,0,0,1,1,0,,,0,0,0,0,0,4,3,14
,2017_58624,39.770721,-104.753493,4/15/2017 23:44,23:44,3,0,0,40TH AVENUE EAST & HIMALAYA ROAD NORTH,1,3,0,0,1,1,0,,40,0,0,0,0,0,4,2,13
,2017_58625,39.725622,-104.983605,4/16/2017 2:08,2:08,5,0,0,GRANT STREET NORTH & SIXTH AVENUE EAST,1,1,0,0,2,1,0,,55,0,0,0,0,0,4,1,1
,2017_58626,39.752415,-105.028371,4/16/2017 7:40,7:40,6,0,0,24TH AVENUE & HOOKER STREET NORTH,1,1,0,0,1,4,0,,30,0,0,0,0,0,4,3,13
,2017_58627,39.725595,-104.956713,4/16/2017 9:45,9:45,6,0,0,ELIZABETH NORTH & SIXTH AVENUE EAST,1,1,1,0,1,4,0,,25,0,0,0,0,0,4,2,13
,2017_58628,39.711105,-104.97339,4/16/2017 10:44,10:44,12,0,0,DOWNING STREET 384 SOUTH & ALAMEDA AVENUE EAST,1,1,0,0,1,4,0,,30,0,0,0,0,0,4,2,12
,2017_58629,39.634299,-105.109812,4/16/2017 10:54,10:54,12,0,0,KIPLING STREET SOUTH & STANFORD AVENUE WEST,1,1,0,0,1,3,0,,45,0,0,0,0,1,4,2,7
,2017_58630,39.798396,-104.786415,4/18/2017 12:12,12:12,5,0,0,PENA BOULEVARD OUTBOUND 6500 BLOCK & 56TH AVENUE EAST,1,1,0,0,2,4,0,,65,0,0,0,0,1,4,1,14
,2017_58631,39.692457,-105.0507225,4/16/2017 11:05,11:05,3,0,0,YATES STREET SOUTH & WEST WYOMING PLACE,1,1,0,0,1,1,0,,,0,0,0,0,0,4,2,8
,2017_58632,39.747708,-104.990616,4/16/2017 11:31,11:31,5,0,0,STOUT STREET & 18TH STREET,1,1,0,0,2,4,0,,30,0,0,0,0,0,4,1,10
,2017_58633,39.759876,-104.890752,4/16/2017 15:11,15:11,10,0,0,CENTRAL PARK BOULEVARD NORTH & MLK BOULEVARD EAST,1,1,0,0,1,1,0,,35,0,0,0,0,0,4,2,13
,2017_58634,39.79290082,-104.9451602,4/16/2017 18:00,18:00,6,0,0,MONROE STREET & 1400 BLOCK OF NORTH,1,1,0,0,1,4,0,,25,0,0,0,0,0,4,2,13