id,drcog_id,latitude,longitude,crashtime,time,crashtype,numbkilled,numbinjurd,drcoglocat,rdconditin,lightngcon,roadcntgrd,weatherco,location,roaddescrp,constrzone,schoolzone,splimit,bikeinv,pedinv,sctrinv,motoinv,svrty,rdsystem,ttlvehcls,hcf
,2017_58635,39.778902,-104.9498505,4/16/2017 19:17,19:17,3,0,0,STEELE STREET NORTH & 45TH AVENUE EAST,1,2,0,0,1,1,0,,25,0,0,0,0,0,4,2,3
,2017_58637,39.779289,-104.839803,4/16/2017 20:34,20:34,12,0,0,ALBROOK DRIVE EAST & CROWN BOULEVARD NORTH,1,3,0,0,1,4,0,,25,0,0,0,0,1,4,2,5
,2017_58638,39.705696,-105.02037,4/16/2017 20:36,20:36,6,0,0,CLAY STREET SOUTH & CENTER AVENUE WEST,1,3,1,0,1,4,0,,25,0,0,0,0,0,4,3,1
,2017_58639,39.753612,-104.993451,4/16/2017 23:30,23:30,12,0,0,20TH STREET & MARKET STREET,1,3,0,0,1,1,0,,30,0,0,0,0,1,4,2,16
,2017_58640,39.751056,-104.9828805,4/16/2017 23:57,23:57,3,0,0,PARK AVENUE WEST & WELTON STREET,1,3,0,0,1,1,0,,30,0,0,0,0,0,4,2,13
,2017_58641,39.721653,-104.91021,4/17/2017 7:52,7:52,6,0,0,FOURTH AVENUE EAST & NEWPORT STREET NORTH,1,1,0,0,1,4,0,,20,0,0,0,0,0,4,4,13
,2017_58642,39.771198,-104.899644,4/27/2017 3:30,3:30,5,0,0,SMITH ROAD EAST & SYRACUSE STREET NORTH,1,3,0,0,3,4,0,,35,0,0,0,0,0,4,1,14
,2017_58643,39.70566,-104.959323,4/17/2017 8:19,8:19,12,0,0,CENTER AVENUE EAST & UNIVERSITY BOULEVARD SOUTH,1,1,0,0,1,1,0,,30,0,0,0,0,1,4,2,13
,2017_58644,39.710151,-104.870754,4/17/2017 8:23,8:23,12,0,0,ALAMEDA AVENUE 10000 BLOCK EAST & GALENA WAY SOUTH,1,1,0,0,1,3,0,,40,0,0,0,0,1,4,2,16
,2017_58645,39.74616,-104.9873805,4/17/2017 8:59,8:59,10,0,0,BROADWAY & GLENARM PLACE,1,1,0,1,1,1,0,,30,0,0,0,0,0,4,2,8
,2017_58646,39.773178,-104.809932,4/17/2017 9:40,9:40,15,0,0,40TH AVENUE EAST & CHAMBERS ROAD NORTH,1,1,0,0,1,4,0,,40,0,0,0,0,0,4,2,1
,2017_58647,39.711114,-104.9628735,4/17/2017 9:56,9:56,1,0,0,ALAMEDA AVENUE EAST & VINE STREET SOUTH,1,1,1,0,1,1,0,,30,0,0,0,0,0,4,2,16
,2017_58649,39.764484,-104.962212,4/17/2017 13:54,13:54,5,0,0,BRUCE RANDOLPH 2100 BLOCK EAST & VINE STREET NORTH,1,1,0,0,3,4,0,,30,0,0,0,0,1,4,1,3
,2017_58650,39.72375785,-104.9716102,4/17/2017 14:48,14:48,10,0,0,FIFTH AVENUE & 5100 BLOCK WEST,1,1,0,0,1,2,0,,25,0,0,0,0,1,4,2,3
,2017_58651,39.725622,-104.977566,4/17/2017 15:50,15:50,12,0,0,SIXTH AVENUE 700 BLOCK EAST & CLARKSON STREET NORTH,1,1,0,0,1,3,0,,30,0,0,0,0,0,4,2,16
,2017_58652,39.78369,-104.8098285,4/17/2017 16:12,16:12,12,0,0,CHAMBERS ROAD 4600 BLOCK NORTH & CHAMBERS ROAD NORTH,1,1,0,0,1,4,0,,40,0,0,0,0,0,4,2,16
,2017_58653,39.744855,-104.987394,4/17/2017 16:45,16:45,12,0,0,18TH AVENUE & BROADWAY,1,1,0,0,1,1,0,,30,0,0,0,0,1,4,2,13
,2017_58654,39.685662,-104.9394825,4/17/2017 16:55,16:55,3,0,0,MEXICO AVENUE EAST & ALBION STREET SOUTH,1,1,0,0,1,2,0,,30,0,0,0,0,0,4,2,13
,2017_58655,39.77898562,-104.9582029,4/17/2017 17:12,17:12,12,0,0,JOSEPHINE STREET 4500 BLOCK NORTH & 46TH AVENUE EAST,1,1,0,0,1,4,0,,30,0,0,0,0,0,4,2,3
,2017_58656,39.69306,-105.001542,4/17/2017 17:41,17:41,12,0,0,LIPAN STREET SOUTH & LOUISIANA AVENUE WEST,1,1,1,0,1,1,0,,25,0,0,0,0,0,4,2,7
,2017_58657,39.728934,-104.9906115,4/17/2017 20:07,20:07,10,0,0,SPEER BOULEVARD NORTH & EIGHTH AVENUE WEST,1,3,0,0,1,1,0,,30,0,0,0,0,0,4,2,13
,2017_58658,39.732183,-104.9751135,4/17/2017 21:00,21:00,8,0,0,OGDEN STREET 1000 BLOCK NORTH & 11TH AVENUE EAST,1,3,0,0,1,4,0,,,0,0,0,0,0,4,2,13
,2017_58659,39.738681,-104.898762,4/17/2017 21:09,21:09,15,0,0,14TH AVENUE EAST & SYRACUSE STREET NORTH,1,3,0,0,1,1,0,,30,0,0,0,0,0,4,2,13
,2017_58660,39.83346903,-104.692932,4/17/2017 22:50,22:50,12,0,0,JACKSON GAP 7600 BLOCK & PENA BOULEVARD WB RAMP ON,1,3,0,0,1,3,0,,35,0,0,0,0,0,4,2,3
,2017_58661,39.758355,-105.011802,4/18/2017 0:00,0:00,6,0,0,UMITILLA STREET 2800 BLOCK NORTH & 29TH AVENUE WEST / 15TH STREET,1,3,0,0,1,4,0,,,0,0,0,0,0,4,2,13
,2017_58662,39.716559,-104.9875155,4/18/2017 0:27,0:27,6,0,0,BROADWAY & 151 SOUTH BROADWAY,1,3,0,0,1,4,0,,30,0,0,0,0,0,4,2,3
,2017_58663,39.737448,-104.886702,4/18/2017 7:00,7:00,12,0,0,XANTHIA STREET 1300 BLOCK NORTH & 14TH AVENUE EAST,1,1,0,0,1,1,0,,25,0,0,0,0,0,4,2,13
,2017_58664,39.729276,-104.9128155,4/18/2017 7:45,7:45,15,0,0,MONACO PARKWAY 800 BLOCK NORTH & EIGHTH AVENUE EAST,1,1,0,0,1,4,0,,35,0,0,0,0,0,4,2,13
,2017_58665,39.7809,-104.886144,4/18/2017 9:00,9:00,6,0,0,XENIA STREET 4500 BLOCK NORTH & 46TH PLACE EAST,1,1,0,0,1,4,0,,25,0,0,0,0,0,4,2,14
,2017_58666,39.743244,-104.986107,4/18/2017 9:02,9:02,15,0,0,LINCOLN STREET NORTH & 17TH STREET EAST,1,5,0,0,1,1,0,,30,0,0,0,0,0,4,2,13
,2017_58667,39.751056,-104.9828805,4/18/2017 9:57,9:57,3,0,0,PARK AVENUE WEST & WELTON STREET,1,1,0,0,1,1,0,,30,0,0,0,0,0,4,2,1
,2017_58668,39.733443,-104.959845,4/18/2017 10:55,10:55,10,0,0,YORK STREET NORTH & 11TH AVENUE EAST,1,1,0,0,1,2,0,,30,0,0,0,0,0,4,2,8
,2017_58669,39.771198,-104.899644,4/27/2017 3:30,3:30,5,0,0,SMITH ROAD EAST & SYRACUSE STREET NORTH,1,3,0,0,3,4,0,,,0,0,0,0,0,4,1,13
,2017_58670,39.743478,-104.9128155,4/18/2017 11:38,11:38,12,0,0,MONACO STREET NORTH & 17TH AVENUE EAST,1,1,0,0,1,1,0,,30,0,0,0,0,0,4,2,14
,2017_58671,39.838059,-104.7154635,4/22/2017 5:35,5:35,5,0,0,78TH AVENUE 24300 BLOCK EAST & GUN CLUB ROAD NORTH,2,3,0,1,1,4,0,,45,0,0,0,0,0,4,1,8
,2017_58672,39.758427,-105.0131655,4/18/2017 12:05,12:05,3,0,1,29TH AVENUE 2200 BLOCK WEST & VALLEJO STREET NORTH,1,1,0,0,1,5,0,,25,0,0,0,0,2,4,4,13
,2017_58673,39.707505,-104.98635,4/18/2017 13:12,13:12,15,0,0,LINCOLN STREET 400 BLOCK SOUTH & VIRGINIA AVENUE EAST,1,1,1,0,1,3,0,,30,0,0,0,0,0,4,2,16
,2017_58674,39.763494,-104.9729535,4/18/2017 14:50,14:50,3,0,0,DOWNING STREET 3300 BLOCK NORTH & 34TH AVENUE EAST,1,1,0,0,1,2,0,,30,0,0,0,0,0,4,2,3
,2017_58675,39.791025,-104.9782815,4/18/2017 15:26,15:26,12,0,0,52ND AVENUE 700 BLOCK EAST & WASHINGTON STREET NORTH,2,1,0,0,1,4,0,,25,0,0,0,0,0,4,2,14
,2017_58676,39.707532,-105.00156,4/18/2017 15:51,15:51,3,0,0,VIRGINIA AVENUE WEST & LIPAN STREET SOUTH,1,1,0,0,1,1,0,,,0,0,0,0,0,4,2,13
,2017_58677,39.743217,-104.96475,4/18/2017 16:10,16:10,3,0,2,HIGH STREET NORTH & 17TH AVENUE EAST,1,1,0,0,1,1,0,,25,0,0,0,0,2,4,2,7
,2017_58678,39.793122,-104.7365955,4/28/2017 21:50,21:50,6,0,0,53RD AVENUE EAST & ORLEANS STREET NORTH,2,3,0,2,1,4,0,,25,0,0,0,0,0,4,2,13
,2017_58679,39.700386,-105.027543,4/18/2017 17:10,17:10,12,0,0,KENTUCKY AVENUE WEST & HAZEL COURT SOUTH,1,1,0,0,1,3,0,,25,0,0,0,0,0,4,2,13
,2017_58680,39.692952,-104.9652045,4/18/2017 17:10,17:10,12,0,0,HIGH STREET SOUTH & LOUISIANA AVENUE EAST,1,1,0,0,1,1,0,,25,0,0,0,0,0,4,2,13
,2017_58681,39.79818,-104.845023,4/18/2017 17:25,17:25,12,0,0,56TH AVENUE EAST & QUENTIN STREET NORTH,1,1,0,0,1,1,0,,40,0,0,0,0,1,4,3,13
,2017_58682,39.76929,-105.001767,4/18/2017 18:44,18:44,12,0,0,38TH AVENUE WEST & LIPAN STREET NORTH,1,1,1,0,1,4,0,,35,0,0,0,0,0,4,2,7
,2017_58683,39.798261,-104.847282,4/18/2017 18:50,18:50,1,0,0,56TH AVENUE EAST & PEORIA STREET NORTH,1,1,0,0,1,1,0,,45,0,0,0,0,0,4,2,14
,2017_58684,39.728934,-104.9906115,4/18/2017 19:00,19:00,3,0,0,SPEER BOULEVARD NORTH & EIGHTH AVENUE WEST,1,1,0,0,1,1,0,,35,0,0,0,0,0,4,2,13
,2017_58685,39.685563,-104.968404,4/18/2017 19:15,19:15,3,0,0,FRANKLIN STREET 1700 BLOCK NORTH & 17TH AVENUE EAST,1,1,0,7,1,2,0,,40,0,0,0,0,0,4,2,3
,2017_58686,39.736845,-104.9730435,4/19/2017 7:40,7:40,6,0,0,DOWNING STREET & 13TH AVENUE WEST,1,1,0,0,1,4,0,,25,0,0,0,0,0,4,7,14
,2017_58687,39.738456,-104.9976405,4/19/2017 8:40,8:40,15,0,0,14TH AVENUE 900 BLOCK WEST & SPEER BOULEVARD NORTH,1,1,0,0,1,4,0,,30,0,0,0,0,0,4,2,13
,2017_58688,39.762018,-104.968404,6/12/2017 0:57,0:57,6,0,0,MLK BOULEVARD & FRANKLIN STREET NORTH,1,3,0,0,1,3,0,,,0,0,0,0,0,4,2,13
,2017_58689,39.725631,-104.9874435,4/19/2017 10:30,10:30,10,0,0,SIXTH AVENUE EAST & BROADWAY,1,1,0,0,1,1,0,,35,0,0,0,0,0,4,2,13
,2017_58690,39.729204,-104.9383035,4/19/2017 10:44,10:44,12,0,0,EIGHTH AVENUE 4200 BLOCK EAST & ASH STREET NORTH,1,1,0,7,1,4,0,,25,0,0,0,1,1,4,2,1
,2017_58691,39.720969,-104.952204,4/19/2017 11:00,11:00,6,0,0,THIRD AVENUE EAST & MILWAUKEE STREET NORTH,1,1,0,0,1,4,0,,25,0,0,0,0,0,4,2,13
,2017_58692,39.748509,-105.0031305,4/19/2017 11:06,11:06,3,0,0,SPEER BOULEVARD NORTH & BLAKE STREET,1,1,0,0,1,1,0,,30,0,0,0,0,0,4,3,16
,2017_58693,39.700404,-105.0481305,4/19/2017 11:07,11:07,10,0,0,KENTUCKY AVENUE WEST & MORRISON ROAD,1,1,0,0,1,1,0,,25,0,0,0,0,0,4,2,3
,2017_58694,39.76090776,-104.9003048,4/19/2017 11:50,11:50,15,0,1,MLK BOULEVARD & 7100 EAST,1,1,1,0,1,4,0,,35,0,0,0,0,2,4,2,14
,2017_58695,39.77171824,-104.90281,4/19/2017 12:45,12:45,15,0,0,QUEBEC STREET 900 BLOCK SOUTH & KENTUCKY AVENUE EAST,1,1,1,0,1,4,0,,35,0,0,0,0,0,4,2,1
,2017_58696,39.747933,-104.9861295,4/19/2017 13:11,13:11,15,0,0,LINCOLN STREET NORTH & 20TH STREET,1,1,0,0,1,1,0,,25,0,0,0,0,0,4,2,13
,2017_58697,39.798387,-104.8659705,4/19/2017 13:45,13:45,12,0,0,56TH AVENUE 10400 BLOCK & HAVANA STREET NORTH,1,1,0,0,1,3,0,,45,0,0,0,0,0,4,2,13
,2017_58698,39.676698,-104.9875245,4/19/2017 15:11,15:11,5,0,0,BROADWAY STREET 2200 BLOCK SOUTH & WARREN AVENUE WEST,1,1,0,0,3,4,0,,35,0,0,0,0,0,4,1,13
,2017_58699,39.7611,-104.983794,4/19/2017 15:25,15:25,3,0,0,28TH STREET & WALNUT STREET,1,5,0,0,1,1,0,,30,0,0,0,0,0,4,2,16
,2017_58700,39.742245,-104.99076,4/19/2017 16:06,16:06,10,0,0,15TH STREET 400 BLOCK & TREMONT STREET,1,1,0,0,1,4,0,,30,0,0,0,0,0,4,2,1
,2017_58701,39.711447,-104.9449725,4/19/2017 16:31,16:31,3,0,0,ALAMEDA AVENUE EAST & MONROE STREET SOUTH,1,1,0,0,1,1,0,,25,0,0,0,0,0,4,2,13
,2017_58702,39.728313,-104.9017905,4/19/2017 16:33,16:33,6,0,0,QUINCE STREET & 761 NORTH QUINCE STREET,1,1,0,0,1,4,0,,25,0,0,0,0,0,4,2,7
,2017_58703,39.755088,-104.988114,4/19/2017 17:19,17:19,12,0,0,PARK AVENUE WEST 1200 BLOCK & LAWRENCE STREET,1,1,0,0,1,4,0,,35,0,0,0,0,1,4,2,13
,2017_58704,39.722517,-104.99859,4/19/2017 20:00,20:00,6,0,0,SANTA FE DRIVE NORTH & FOURTH AVENUE WEST,1,1,0,0,1,4,0,,35,0,0,0,0,0,4,2,1
,2017_58705,39.718179,-104.959314,4/19/2017 20:34,20:34,15,0,0,FIRST AVENUE & UNIVERSITY BOULEVARD SOUTH,1,3,0,0,1,4,0,,30,0,0,0,0,0,4,2,13
,2017_58706,39.763224,-104.959782,4/19/2017 23:47,23:47,1,0,0,33RD AVENUE EAST & YORK STREET NORTH,1,4,0,0,1,1,0,,30,0,0,0,0,1,4,2,13
,2017_58707,39.714651,-104.949972,4/20/2017 2:25,2:25,12,0,0,STEELE STREET 0 BLOCK SOUTH & BAYAUD AVENUE EAST,1,3,0,0,1,3,0,,35,0,0,0,0,0,4,2,2
,2017_58708,39.678453,-104.945193,4/20/2017 9:39,9:39,3,0,0,MONROE STREET SOUTH & EVANS AVENUE EAST,1,1,0,0,1,1,0,,35,0,0,0,0,1,4,3,12
,2017_58709,39.680226,-104.959404,4/20/2017 9:58,9:58,12,0,0,UNIVERSITY BOULEVARD 2000 BLOCK SOUTH & ASBURY AVENUE EAST,1,1,0,0,1,4,0,,30,0,0,0,0,1,4,2,14
,2017_58710,39.678363,-104.959404,4/20/2017 10:00,10:00,12,0,0,UNIVERSITY BOULEVARD 2100 BLOCK SOUTH & EVANS AVENUE EAST,1,1,0,0,1,4,0,,35,0,0,0,0,1,4,2,13
,2017_58711,39.774285,-104.814225,4/20/2017 12:47,12:47,15,0,0,43RD AVENUE EAST & MITCHELL PLACE EAST,1,1,0,0,1,1,0,,25,0,0,0,0,0,4,2,13
,2017_58712,39.73686833,-104.9711579,4/20/2017 12:52,12:52,15,0,0,13TH AVENUE & 200 BLOCK WEST,1,1,0,0,1,4,0,,30,0,0,0,0,0,4,2,7
,2017_58713,39.715983,-104.959314,4/20/2017 14:16,14:16,12,0,0,UNIVERSITY BOULEVARD SOUTH & CHERRY CREEK NORTH DRIVE EAST,2,1,0,1,1,1,0,,30,0,0,0,0,0,4,2,13
,2017_58714,39.730608,-104.985963,4/20/2017 15:00,15:00,12,0,0,LINCOLN STREET 900 BLOCK NORTH & 10TH AVENUE EAST,2,1,0,7,1,2,0,,30,0,0,0,0,0,4,2,13
,2017_58715,39.769272,-105.0096015,4/20/2017 15:10,15:10,15,0,0,38TH AVENUE 1900 BLOCK WEST & SHOSHONE STREET,2,1,0,1,1,4,0,,35,0,0,0,0,0,4,2,13
,2017_58716,39.715659,-104.9875335,4/20/2017 15:15,15:15,10,0,0,BROADWAY SOUTH & ARCHER PLACE WEST,2,1,0,1,1,1,0,,30,0,0,0,0,1,4,2,8
,2017_58717,39.725676,-104.994063,4/20/2017 15:16,15:16,15,0,0,SIXTH AVENUE WEST & ELATI STREET NORTH,2,1,1,2,1,1,0,,30,0,0,0,0,0,4,2,13
,2017_58719,39.762027,-104.97213,4/20/2017 15:30,15:30,3,0,0,MLK BOULEVARD EAST & MARION STREET NORTH,2,1,0,1,1,1,0,,30,0,0,0,0,0,4,2,16
,2017_58720,39.783609,-104.772222,4/20/2017 15:42,15:42,12,0,0,TOWER ROAD NORTH & GREEN VALLEY RANCH BOULEVARD EAST,2,1,0,1,1,1,0,,40,0,0,0,0,0,4,2,14
,2017_58721,39.782394,-104.848956,4/20/2017 15:43,15:43,14,0,0,47TH AVENUE EAST & PARIS STREET NORTH,2,1,0,1,1,1,0,,35,0,0,0,0,0,4,2,13
,2017_58722,39.660336,-104.894172,4/20/2017 16:11,16:11,3,0,0,38TH AVENUE 7800 BLOCK EAST & ULSTER STREET NORTH,1,1,0,0,1,1,0,,35,0,0,0,0,0,4,2,16
,2017_58723,39.729087,-104.987412,4/20/2017 16:20,16:20,15,0,0,EIGHTH AVENUE EAST & BROADWAY,2,1,0,1,1,1,0,,30,0,0,0,0,0,4,2,13
,2017_58724,39.776706,-105.0314535,4/23/2017 12:00,12:00,5,0,0,44TH AVENUE WEST & JULIAN STREET 4417 NORTH,1,1,0,0,3,2,0,,35,0,0,0,0,0,4,1,1
,2017_58725,39.63861,-104.899284,4/20/2017 16:20,16:20,3,0,0,QUINCY AVENUE EAST & SYRACUSE STREET SOUTH,2,1,0,1,1,1,0,,30,0,0,0,0,1,4,2,13
,2017_58726,39.712896,-104.9769225,4/20/2017 16:38,16:38,3,0,0,EMERSON STREET SOUTH & CEDAR AVENUE EAST,1,1,0,0,1,1,0,,30,0,0,0,0,0,4,2,13
,2017_58727,39.727269,-104.979951,4/20/2017 16:49,16:49,3,0,0,PEARL STREET NORTH & SEVENTH AVENUE EAST,2,1,0,1,1,1,0,,25,0,0,0,0,0,4,2,3
,2017_58728,39.760128,-104.9850315,4/20/2017 16:51,16:51,3,0,0,27TH STREET & WALNUT STREET,2,1,1,1,1,1,0,,30,0,0,0,0,0,4,2,16
,2017_58729,39.735252,-104.991696,4/20/2017 18:39,18:39,3,0,0,12TH AVENUE WEST & CHEROKEE STREET NORTH,2,2,0,1,1,1,0,,30,0,0,0,0,0,4,2,16
,2017_58730,39.740085,-104.8905225,4/20/2017 19:05,19:05,6,0,0,VERBENA STREET NORTH & COLFAX AVENUE EAST,2,1,0,1,1,4,0,,30,0,0,0,0,0,4,2,14
,2017_58731,39.75417,-104.9893335,4/21/2017 12:12,12:12,3,0,0,22ND STREET & LAWRENCE STREET,1,1,0,0,1,1,0,,30,0,0,0,0,0,4,2,16
,2017_58732,39.713373,-105.0373125,4/20/2017 20:49,20:49,6,0,0,NEWTON STREET & CEDAR AVENUE WEST,1,3,1,0,1,4,0,,25,0,0,0,0,0,4,3,14
,2017_58733,39.742209,-104.97825,4/20/2017 20:59,20:59,15,0,0,WASHINGTON STREET 1600 BLOCK NORTH & 16TH AVENUE EAST,2,3,0,1,1,3,0,,30,0,0,0,0,0,4,2,13
,2017_58734,39.743244,-104.9598315,4/20/2017 22:05,22:05,3,0,0,17TH AVENUE EAST & YORK STREET NORTH,2,3,0,0,1,1,0,,30,0,0,0,0,1,4,2,8
,2017_58735,39.838059,-104.7154635,4/21/2017 4:50,4:50,5,0,1,78TH AVENUE EAST & GUN CLUB ROAD NORTH,2,3,0,1,1,1,0,,45,0,0,0,0,2,4,1,8
,2017_58736,39.7351514,-104.9732032,4/21/2017 6:35,6:35,6,0,0,12TH AVENUE & 8100 BLOCK EAST,2,3,0,1,1,4,0,,25,0,0,0,0,0,4,2,13
,2017_58737,39.685842,-105.0089175,4/21/2017 6:43,6:43,5,0,0,RARITAN STREET 1650 SOUTH & MEXICO AVENUE WEST,2,1,1,0,2,4,0,,25,0,0,0,0,0,4,2,1
,2017_58738,39.689334,-104.924394,6/13/2017 2:42,2:42,6,0,0,HUDSON STREET & FLORIDA AVENUE EAST,1,3,0,0,1,3,0,,,0,0,0,0,0,4,2,13
,2017_58739,39.773412,-104.992578,4/22/2017 6:51,6:51,5,0,0,31ST STREET & 1223 ALLEY,2,2,0,0,3,5,0,,25,0,0,0,0,0,4,1,13
,2017_58740,39.736863,-104.996484,4/21/2017 10:18,10:18,12,0,0,13TH AVENUE WEST & SPEER BOULEVARD NORTH,1,1,0,0,1,1,0,,30,0,0,0,0,1,4,2,14
,2017_58741,39.763206,-105.020496,4/21/2017 10:30,10:30,3,0,0,CLAY STREET & 33RD AVENUE WEST,1,1,0,0,1,1,0,,25,0,0,0,0,0,4,2,3
,2017_58742,39.760038,-104.865813,4/21/2017 10:46,10:46,3,0,0,MLK BOULEVARD EAST & HAVANA STREET NORTH,1,1,0,0,1,1,0,,35,0,0,0,0,0,4,2,13
,2017_58743,39.718134,-105.034914,4/21/2017 10:58,10:58,6,0,0,FIRST AVENUE WEST & LOWELL BOULEVARD NORTH,1,1,0,0,1,4,0,,30,0,0,0,0,0,4,2,3
,2017_58744,39.76733118,-104.8896186,4/21/2017 14:05,14:05,1,0,0,36TH AVENUE 7500 BLOCK EAST & SYRACUSE STREET NORTH,1,1,0,0,1,2,0,,25,0,0,0,0,0,4,2,7
,2017_58745,39.750192,-105.0047415,4/21/2017 14:15,14:15,12,0,0,SPEER BOULEVARD & WEWATTA STREET,1,1,0,0,1,1,0,,25,0,0,0,0,0,4,2,13
,2017_58746,39.758391,-104.911704,4/21/2017 14:17,14:17,3,0,0,29TH AVENUE EAST & MAGNOLIA STREET NORTH,1,1,0,0,1,1,0,,30,0,0,0,0,0,4,2,16
,2017_58747,39.736836,-104.912811,4/21/2017 14:22,14:22,12,0,0,13TH AVENUE EAST & MONACO STREET NORTH,1,1,0,0,1,4,0,,30,0,0,0,0,0,4,3,16
,2017_58748,39.70922171,-104.9827072,4/21/2017 14:40,14:40,12,0,0,DAKOTA AVENUE 400 BLOCK SOUTH & FIFTH AVENUE,1,1,1,0,1,4,0,,30,0,0,0,0,0,4,2,3
,2017_58750,39.72587237,-105.002834,4/21/2017 18:41,18:41,12,0,0,SIXTH AVENUE 1200 BLOCK WEST & MARIPOSA STREET NORTH,1,1,0,0,1,4,0,,35,0,0,0,0,1,4,3,13
,2017_58751,39.678363,-104.959404,4/21/2017 21:12,21:12,1,0,0,EVANS AVENUE EAST & UNIVERSITY BOULEVARD SOUTH,1,3,0,7,1,1,0,,30,0,0,0,0,0,4,2,16
,2017_58752,39.762018,-105.015843,4/21/2017 21:40,21:40,12,0,0,ZUNI STREET NORTH & 32ND AVENUE WEST,2,3,0,1,1,3,0,,30,0,0,0,0,0,4,2,3
,2017_58753,39.749238,-104.9350635,4/21/2017 22:37,22:37,6,0,0,22ND AVENUE EAST & CLERMONT STREET NORTH,1,4,0,0,1,4,0,,30,0,0,0,0,0,4,2,14
,2017_58754,39.765726,-104.9948415,4/21/2017 23:47,23:47,12,0,0,BROADWAY STREET & PARK AVENUE WEST,1,3,0,0,1,1,0,,30,0,0,0,0,1,4,2,5
,2017_58755,39.783366,-104.940063,4/22/2017 2:58,2:58,5,0,0,COLORADO CENTER 4200 BLOCK EAST & COLORADO BOULEVARD SOUTH,1,4,0,7,3,4,0,,25,0,0,0,0,0,4,1,5
,2017_58756,39.743388,-104.913963,4/22/2017 10:30,10:30,3,0,0,17TH AVENUE EAST & LOCUST STREET NORTH,1,1,0,0,1,1,0,,25,0,0,0,0,0,4,2,13
,2017_58757,39.733785,-104.902722,4/22/2017 10:52,10:52,12,0,0,QUEBEC STREET 1100 BLOCK & 11TH AVENUE EAST,1,1,0,0,1,3,0,,,0,0,0,0,0,4,2,15
,2017_58758,39.736665,-104.9223105,4/22/2017 11:21,11:21,6,0,0,13TH AVENUE EAST & HOLLY STREET NORTH,1,1,0,0,1,4,0,,25,0,0,0,0,0,4,2,14
,2017_58759,39.738276,-104.9361435,4/22/2017 12:15,12:15,8,0,0,14TH AVENUE EAST & BIRCH STREET NORTH,1,1,0,0,1,1,0,,25,0,0,0,0,0,4,2,13
,2017_58760,39.692808,-104.971923,4/22/2017 13:10,13:10,12,0,0,MARION STREET 1300 BLOCK NORTH & 14TH AVENUE EAST,1,1,0,0,1,4,0,,30,0,0,0,0,0,4,3,13
,2017_58761,39.79026,-104.810553,4/22/2017 14:00,14:00,6,0,0,GRANBY STREET NORTH & 53RD AVENUE EAST,1,1,0,0,1,2,0,,35,0,0,0,0,0,4,2,13
,2017_58762,39.746547,-105.0076035,4/27/2017 12:24,12:24,15,0,0,AURARIA PARKWAY WB & NINTH STREET,1,1,0,0,1,4,0,,35,0,0,0,0,0,4,2,14
,2017_58763,39.714759,-104.9875425,4/22/2017 14:05,14:05,15,0,0,BROADWAY STREET 0000 SOUTH & BAYAUD AVENUE WEST,1,1,0,0,1,4,0,,30,0,0,0,0,0,4,2,16
,2017_58764,39.711195,-104.911812,4/22/2017 14:14,14:14,12,0,0,ALAMEDA AVENUE 6500 BLOCK EAST & MIAMI COURT SOUTH,1,5,0,0,1,4,0,,35,0,0,0,0,0,4,2,3
,2017_58765,39.752235,-104.979573,4/22/2017 14:59,14:59,3,0,0,25TH STREET & GLENARM PLACE,1,1,0,0,1,1,0,,25,0,0,0,0,0,4,2,16
,2017_58766,39.762117,-105.034572,4/22/2017 16:20,16:20,12,0,0,32ND AVENUE WEST & LOWELL BOULEVARD NORTH,1,1,0,0,1,4,0,,30,0,0,0,0,0,4,2,13
,2017_58767,39.725649,-104.986314,4/22/2017 17:01,17:01,10,0,0,SIXTH AVENUE EAST & LINCOLN STREET NORTH,1,1,0,0,1,1,0,,30,0,0,0,0,0,4,2,8
,2017_58768,39.725649,-104.986314,4/22/2017 17:25,17:25,15,0,0,SIXTH AVENUE EAST & LINCOLN STREET NORTH,1,1,0,0,1,1,0,,30,0,0,0,0,0,4,2,13
,2017_58769,39.769272,-105.0158655,4/22/2017 17:50,17:50,3,0,0,38TH AVENUE WEST & ZUNI STREET NORTH,1,1,0,0,1,1,0,,35,0,0,0,0,0,4,2,13
,2017_58770,39.741624,-104.9634765,4/22/2017 17:55,17:55,3,0,0,16TH AVENUE EAST & RACE STREET NORTH,1,1,0,0,1,1,0,,30,0,0,0,0,0,4,2,16
,2017_58771,39.675402,-105.0582645,4/22/2017 18:00,18:00,12,0,0,WARREN AVENUE WEST & SOUTH EATON STREET,1,1,0,0,1,4,0,,20,0,0,0,0,0,4,2,7
,2017_58772,39.760038,-104.865813,4/22/2017 18:00,18:00,3,0,0,MARTIN LUTHER KING BOULEVARD EAST & HAVANA STREET NORTH,1,1,0,0,1,1,0,,35,0,0,0,0,0,4,2,13
,2017_58773,39.698595,-105.023844,4/22/2017 18:18,18:18,3,0,0,ELIOT STREET SOUTH & TENNESSEE AVENUE WEST,1,1,0,0,1,1,0,,25,0,0,0,0,0,4,2,13