id,drcog_id,latitude,longitude,crashtime,time,crashtype,numbkilled,numbinjurd,drcoglocat,rdconditin,lightngcon,roadcntgrd,weatherco,location,roaddescrp,constrzone,schoolzone,splimit,bikeinv,pedinv,sctrinv,motoinv,svrty,rdsystem,ttlvehcls,hcf
,2017_58774,39.769272,-105.0174225,4/22/2017 18:43,18:43,3,0,0,38TH AVENUE WEST & ALCOTT STREET NORTH,1,1,1,0,1,1,0,,35,0,0,0,0,0,4,2,1
,2017_58775,39.700422,-105.0513435,4/22/2017 19:02,19:02,6,0,0,KENTUCKY AVENUE WEST & YATES STREET SOUTH,1,1,0,0,1,4,0,,25,0,0,0,0,0,4,2,14
,2017_58776,39.758535,-104.9853915,4/22/2017 21:37,21:37,3,0,0,26TH STREET & LARIMER STREET,1,4,0,0,1,1,0,,30,0,0,0,0,0,4,2,13
,2017_58777,39.747429,-104.898771,4/23/2017 0:15,0:15,1,0,2,MONTVIEW BOULEVARD EAST & SYRACUSE STREET NORTH,1,3,0,0,1,5,0,,30,0,0,0,0,2,4,2,5
,2017_58778,39.725631,-104.9874435,4/23/2017 0:27,0:27,3,0,0,BROADWAY & SIXTH AVENUE EAST,1,3,0,0,1,1,0,,30,0,0,0,0,0,4,2,3
,2017_58779,39.744837,-104.974803,4/23/2017 1:07,1:07,1,0,1,18TH STREET & PARK AVENUE,1,3,0,0,1,1,0,,30,0,0,0,0,2,4,2,13
,2017_58780,39.778047,-104.8471245,4/23/2017 1:55,1:55,12,0,0,45TH AVENUE EAST & PEORIA STREET NORTH,1,3,0,0,1,4,0,,25,0,0,0,0,0,4,2,13
,2017_58781,39.746628,-104.983191,4/23/2017 1:57,1:57,6,0,0,GRANT STREET 1900 BLOCK NORTH & 19TH AVENUE EAST,1,3,0,0,1,4,0,,25,0,0,0,0,0,4,3,5
,2017_58782,39.678363,-104.959404,4/23/2017 15:32,15:32,12,0,0,UNIVERSITY BOULEVARD SOUTH & EVANS AVENUE EAST,1,1,0,0,1,1,0,,30,0,0,0,0,0,4,2,12
,2017_58783,39.73388775,-104.986104,4/23/2017 21:48,21:48,12,0,0,LINCOLN STREET 1100 BLOCK NORTH & 12TH AVENUE EAST,1,3,0,0,1,3,0,,30,0,0,0,0,1,4,2,5
,2017_58784,39.747384,-104.9222655,4/23/2017 22:35,22:35,12,0,0,MONTVIEW BOULEVARD EAST & HOLLY STREET NORTH,1,3,0,0,1,1,0,,30,0,0,0,0,0,4,2,13
,2017_58785,39.730437,-104.975253,4/23/2017 23:25,23:25,3,0,0,NINTH AVENUE EAST & OGDEN STREET NORTH,1,3,0,0,1,3,0,,,0,0,0,0,0,4,4,5
,2017_58786,39.783609,-104.772222,4/24/2017 6:10,6:10,3,0,0,TOWER ROAD NORTH & GREEN VALLEY RANCH BOULEVARD EAST,1,1,0,0,1,1,0,,35,0,0,0,0,0,4,2,3
,2017_58787,39.754827,-105.0177825,4/24/2017 7:04,7:04,10,0,0,26TH AVENUE WEST & ALCOTT STREET NORTH,1,5,0,0,1,1,0,,35,0,0,0,0,0,4,2,14
,2017_58788,39.653073,-104.9130225,4/24/2017 7:14,7:14,12,0,0,MONACO STREET 3400 BLOCK SOUTH & HAMPDEN AVENUE EAST,1,1,0,0,1,3,0,,40,0,0,0,0,0,4,2,14
,2017_58789,39.735774,-104.911983,4/24/2017 7:18,7:18,12,0,0,MONACO STREET 1200 BLOCK NORTH & 12TH AVENUE EAST,1,1,0,0,1,4,0,,30,0,0,0,0,0,4,3,12
,2017_58790,39.789297,-104.8200255,4/24/2017 7:20,7:20,14,0,0,5200 BLOCK NORTH SABLE BOULEVARD & 52ND AVENUE EAST,1,1,0,0,1,4,0,,25,0,0,0,0,0,4,2,13
,2017_58791,39.762027,-104.9709105,4/24/2017 8:05,8:05,13,0,0,MLK BOULEVARD & LAFAYETTE STREET,1,1,0,0,1,4,0,,,0,0,0,0,0,4,2,13
,2017_58792,39.791025,-105.00642,4/24/2017 8:17,8:17,12,0,0,52ND AVENUE WEST & PECOS STREET NORTH,1,1,0,0,1,1,0,,25,0,0,0,0,0,4,2,13
,2017_58793,39.782385,-104.847093,4/24/2017 9:10,9:10,15,0,0,PEORIA STREET NORTH & 47TH AVENUE EAST,1,1,0,0,1,4,0,,35,0,0,0,0,0,4,2,13
,2017_58794,39.723975,-105.0485805,4/24/2017 9:25,9:25,3,0,1,FIFTH AVENUE WEST & NORTH WOLFF STREET,1,1,0,0,1,1,0,,25,0,0,0,0,2,4,2,8
,2017_58795,39.773853,-104.9475375,4/27/2017 23:23,23:23,6,0,0,COOK STREET & 41ST AVENUE EAST,2,3,0,0,1,4,0,,25,0,0,0,0,0,4,2,9
,2017_58796,39.722949,-104.9409765,4/24/2017 10:55,10:55,6,0,0,HARRISON / COLORADO ALLEY & 1600 BLOCK NORTH,1,1,0,0,1,5,0,,15,0,0,0,0,0,4,2,7
,2017_58797,39.751218,-105.022053,4/24/2017 11:06,11:06,12,0,0,23RD AVENUE WEST & DECATUR STREET NORTH,1,1,0,0,1,1,0,,25,0,0,0,0,0,4,2,13
,2017_58798,39.696624,-104.9874525,4/24/2017 14:38,14:38,12,0,0,BROADWAY STREET 1100 BLOCK SOUTH & MISSISSIPPI AVENUE EAST,1,1,0,7,1,3,0,,30,0,0,0,0,1,4,2,3
,2017_58799,39.749175,-104.9853105,4/24/2017 15:10,15:10,3,0,0,21ST STREET & WELTON STREET,1,1,0,7,1,1,0,,30,0,0,0,0,0,4,2,16
,2017_58800,39.742182,-104.9964525,4/25/2017 11:08,11:08,3,0,0,14TH AVENUE 700 BLOCK WEST & 14TH AVENUE WEST,1,1,0,0,1,1,0,,30,0,0,0,0,0,4,2,13
,2017_58801,39.696624,-104.9874525,4/24/2017 15:22,15:22,12,0,0,BROADWAY STREET 1100 BLOCK SOUTH & MISSISSIPPI AVENUE EAST,1,1,1,7,1,3,0,,40,0,0,0,0,0,4,2,14
,2017_58802,39.680226,-104.959404,4/24/2017 16:45,16:45,12,0,0,UNIVERSITY BOULEVARD 1900 BLOCK SOUTH & ASBURY AVENUE EAST,1,1,0,7,1,4,0,,30,0,0,0,0,0,4,2,16
,2017_58803,39.782484,-104.940081,4/24/2017 17:23,17:23,3,0,0,46TH AVENUE EAST & COLORADO BOULEVARD NORTH,1,1,0,0,1,2,0,,45,0,0,0,0,0,4,2,14
,2017_58804,39.783177,-104.8406805,4/24/2017 17:45,17:45,3,0,0,48TH AVENUE EAST & TULSA COURT NORTH,1,1,0,0,1,1,0,,35,0,0,0,0,0,4,2,13
,2017_58805,39.729213,-104.935167,4/24/2017 18:36,18:36,12,0,0,EIGHTH AVENUE EAST & CLERMONT STREET NORTH,1,1,0,0,1,4,0,,30,0,0,0,0,0,4,2,3
,2017_58806,39.732012,-104.9776155,4/24/2017 19:14,19:14,3,0,0,10TH AVENUE EAST & CLARKSON STREET NORTH,1,2,0,0,1,1,0,,25,0,0,0,0,0,4,2,13
,2017_58807,39.754854,-105.035805,4/24/2017 20:02,20:02,6,0,0,26TH AVENUE & MEADE STREET NORTH,1,3,0,0,1,4,0,,25,0,0,0,0,0,4,2,13
,2017_58808,39.738384,-104.974164,4/25/2017 7:25,7:25,15,0,0,14TH AVENUE EAST & CORONA STREET NORTH,1,1,1,0,1,1,0,,25,0,0,0,1,1,4,2,13
,2017_58809,39.689289,-104.959341,4/25/2017 7:47,7:47,15,0,0,UNIVERSITY BOULEVARD SOUTH & FLORIDA AVENUE EAST,1,1,0,0,1,1,0,,30,0,0,0,0,0,4,2,13
,2017_58810,39.769344,-104.865822,4/25/2017 8:08,8:08,12,0,0,37TH AVENUE EAST & HAVANA STREET NORTH,1,1,3,0,1,1,0,,25,0,0,0,0,0,4,2,16
,2017_58811,39.844602,-104.6809395,4/25/2017 8:33,8:33,5,0,0,PENA BOULEVARD INBOUND 8200 BLOCK & MM 11,1,3,0,0,3,4,0,,35,0,0,0,0,0,4,1,13
,2017_58812,39.720249,-105.022782,4/25/2017 9:37,9:37,12,0,0,SECOND AVENUE 2700 BLOCK WEST & DECATUR STREET SOUTH,1,1,0,0,1,4,0,,25,0,0,0,0,1,4,3,12
,2017_58813,39.656682,-104.931666,4/25/2017 10:52,10:52,5,0,0,DAHLIA STREET 3200 BLOCK SOUTH & FLOYD AVENUE EAST,1,1,1,0,3,4,0,,30,0,0,0,0,0,4,1,10
,2017_58814,39.758976,-104.8925835,4/25/2017 10:55,10:55,6,0,0,29TH PLACE EAST & UINTA STREET NORTH,1,1,0,0,1,3,0,,25,0,0,0,0,0,4,2,13
,2017_58815,39.733623,-104.9941215,4/25/2017 11:59,11:59,10,0,0,SPEER BOULEVARD NORTHBOUND & 11TH AVENUE WEST,1,1,0,0,1,3,0,,35,0,0,0,0,0,4,2,14
,2017_58816,39.712932,-104.9827815,4/25/2017 12:20,12:20,3,0,3,CEDAR AVENUE EAST & LOGAN STREET SOUTH,1,1,0,0,1,1,0,,25,0,0,0,0,2,4,2,13
,2017_58817,39.76733118,-104.8896186,4/25/2017 13:00,13:00,3,0,1,36TH AVENUE 7500 BLOCK EAST & ROSEMARY STREET NORTH,1,1,0,0,1,2,0,,25,0,0,0,1,2,4,2,14
,2017_58818,39.711204,-105.032745,4/25/2017 13:13,13:13,12,0,0,KNOX COURT 300 BLOCK SOUTH & ALAMEDA AVENUE WEST,1,1,1,0,1,2,0,,30,0,0,0,0,1,4,2,1
,2017_58819,39.728934,-104.9906115,4/25/2017 14:38,14:38,3,0,0,EIGHTH AVENUE WEST & SPEER BOULEVARD NORTH,1,1,1,7,1,1,0,,30,0,0,0,0,1,4,2,16
,2017_58820,39.678444,-104.931612,4/25/2017 14:41,14:41,12,0,0,EVANS AVENUE 4900 BLOCK EAST & DAHLIA STREET SOUTH,1,1,1,0,1,4,0,,35,0,0,0,0,0,4,2,13
,2017_58821,39.736845,-104.9873715,5/3/2017 15:10,15:10,6,0,0,13TH AVENUE EAST & BROADWAY,1,1,0,0,1,4,0,,35,0,0,0,0,0,4,2,13
,2017_58822,39.753423,-104.988402,4/25/2017 15:33,15:33,3,0,0,22ND STREET & ARAPAHOE STREET,1,1,0,0,1,1,0,,30,0,0,0,0,0,4,2,14
,2017_58823,39.718152,-105.045723,4/25/2017 16:00,16:00,6,0,0,FIRST AVENUE WEST & VRAIN STREET NORTH,1,1,0,0,1,1,0,,25,0,0,0,0,0,4,2,7
,2017_58824,39.844602,-104.6809395,4/25/2017 16:03,16:03,15,0,0,PENA BOULEVARD 8200 BLOCK & 78TH AVENUE EAST SERVICE,2,1,0,1,1,4,0,,45,0,0,0,0,0,4,2,6
,2017_58825,39.724137,-104.9875065,4/25/2017 16:20,16:20,3,0,0,FIFTH AVENUE WEST & BROADWAY STREET NORTH,1,1,0,0,1,1,0,,25,0,0,0,0,1,4,2,13
,2017_58826,39.69846,-104.9129235,4/25/2017 16:22,16:22,12,0,0,MONACO STREET PARKWAY 900 BLOCK SOUTH & TENNESSEE AVENUE EAST,1,1,1,0,1,3,0,,35,0,0,0,0,0,4,2,3
,2017_58827,39.678426,-104.937435,4/25/2017 16:45,16:45,3,0,0,EVANS AVENUE EAST & BELLAIRE STREET SOUTH,1,1,0,0,1,1,0,,25,0,0,0,0,0,4,2,1
,2017_58828,39.728898,-104.997582,4/25/2017 17:36,17:36,3,0,0,INCA STREET NORTH & EIGHTH AVENUE WEST,2,1,0,1,1,1,0,,25,0,0,0,0,0,4,2,16
,2017_58829,39.741642,-104.970924,4/25/2017 17:49,17:49,3,0,0,16TH AVENUE EAST & LAFAYETTE STREET NORTH,1,1,0,0,1,1,0,,25,0,0,0,0,0,4,2,8
,2017_58830,39.756951,-104.98743,4/25/2017 21:53,21:53,12,0,0,BROADWAY STREET NORTH & LARIMER STREET,1,3,0,0,1,4,0,,30,0,0,0,0,1,4,2,5
,2017_58831,39.725658,-104.9863095,4/25/2017 22:30,22:30,3,0,1,SPEER BOULEVARD & SIXTH AVENUE EAST,1,3,0,0,1,1,0,,30,0,0,0,0,2,4,2,16
,2017_58833,39.729114,-104.959071,4/25/2017 22:34,22:34,3,0,0,EIGHTH AVENUE EAST & JOSEPHINE STREET NORTH,1,3,0,0,1,1,0,,30,0,0,0,0,1,4,2,1
,2017_58834,39.844602,-104.6809395,4/26/2017 1:00,1:00,5,0,0,PENA BOULEVARD INBOUND & 8400 BLOCK,1,4,0,0,3,4,0,,10,0,0,0,0,0,4,1,8
,2017_58835,39.74001647,-104.9920301,4/26/2017 7:15,7:15,12,0,0,NORTHERN AVENUE 2100 WEST & EUCLID AVENUE,1,1,0,0,1,4,0,,35,0,0,0,0,0,4,2,3
,2017_58836,39.678507,-104.973444,4/26/2017 7:40,7:40,1,0,0,EVANS AVENUE EAST & DOWNING STREET SOUTH,1,1,0,0,1,1,0,,35,0,0,0,0,0,4,2,7
,2017_58837,39.688164,-105.047982,4/26/2017 7:45,7:45,13,0,0,WOLFF STREET SOUTH & IOWA AVENUE WEST,1,1,0,0,1,3,0,,25,0,0,0,0,1,4,2,13
,2017_58838,39.682089,-104.8991535,4/26/2017 8:10,8:10,12,0,0,CHERRY CREEK SOUTH 7700 BLOCK EAST & JEWELL AVENUE EAST,1,1,0,0,1,2,0,,30,0,0,0,0,0,4,2,2
,2017_58839,39.725604,-105.0325155,4/26/2017 8:10,8:10,3,0,0,SIXTH AVENUE WEST FRONTAGE SOUTH NOT CDOT & KNOX COURT NORTH,1,1,1,0,1,1,0,,30,0,0,0,0,0,4,2,7
,2017_58840,39.742686,-104.993721,4/26/2017 8:15,8:15,15,0,0,WELTON STREET & 14TH STREET,1,1,0,0,1,1,0,,25,0,0,0,0,0,4,2,1
,2017_58841,39.732327,-104.930451,4/26/2017 8:57,8:57,3,0,0,EUDORA STREET NORTH & HALE PARKWAY EAST,1,1,0,0,1,1,0,,30,0,0,0,0,0,4,2,13
,2017_58842,39.770253,-104.9719725,9/29/2017 10:24,10:24,15,0,0,38TH STREET & WALNUT STREET,1,1,0,0,1,3,0,,30,0,0,0,0,0,4,2,8
,2017_58843,39.69846,-104.9129235,4/26/2017 9:50,9:50,12,0,1,MONACO STREET 900 BLOCK SOUTH & TENNESSEE AVENUE EAST,1,1,0,0,1,3,0,,35,0,0,0,0,2,4,2,1
,2017_58844,39.724137,-104.9875065,4/26/2017 11:16,11:16,3,0,0,FIFTH AVENUE WEST & BROADWAY NORTH,1,1,0,0,1,2,0,,25,0,0,0,0,0,4,2,13
,2017_58845,39.749022,-104.98023,4/26/2017 12:00,12:00,5,0,0,PARK AVENUE WEST & COURT PLACE,1,1,0,0,2,1,0,,30,0,0,0,0,0,4,1,13
,2017_58846,39.764475,-104.96097,4/26/2017 12:50,12:50,12,0,0,BRUCE RANDOLPH 2200 BLOCK EAST & GAYLORD STREET NORTH,1,1,0,0,1,4,0,,25,0,0,0,0,0,4,2,13
,2017_58847,39.674853,-104.968764,4/26/2017 14:22,14:22,3,0,0,FRANKLIN STREET SOUTH & ILIFF AVENUE EAST,1,1,0,0,1,1,0,,25,0,0,0,0,1,4,2,13
,2017_58848,39.728898,-104.997582,4/26/2017 14:27,14:27,15,0,0,EIGHTH AVENUE 700 BLOCK WEST & INCA STREET NORTH,1,1,1,0,1,4,0,,30,0,0,0,0,0,4,2,13
,2017_58849,39.744837,-104.9647635,4/26/2017 14:40,14:40,15,0,0,18TH AVENUE 2000 BLOCK EAST & HIGH STREET NORTH,1,1,0,0,1,4,0,,35,0,0,0,0,0,4,3,13
,2017_58850,39.711204,-105.032745,4/30/2017 11:45,11:45,5,0,0,KNOX COURT SOUTH & ALAMEDA AVENUE WEST,1,1,1,0,3,4,0,,25,0,0,0,0,0,4,1,16
,2017_58851,39.676689,-104.973462,4/26/2017 14:49,14:49,15,0,0,DOWNING STREET SOUTH 2200 BLOCK & WARREN AVENUE EAST,1,1,1,0,1,4,0,,30,0,0,0,0,0,4,2,8
,2017_58852,39.743226,-104.961006,4/26/2017 15:59,15:59,3,0,0,17TH AVENUE EAST & GAYLORD STREET NORTH,1,1,0,0,1,1,0,,60,0,0,0,0,0,4,2,7
,2017_58853,39.738339,-104.947272,4/26/2017 16:32,16:32,10,0,0,14TH AVENUE EAST & COOK STREET NORTH,1,1,0,0,1,2,0,,30,0,0,0,0,0,4,2,13
,2017_58854,39.783609,-104.772222,4/27/2017 12:15,12:15,3,0,0,GREEN VALLEY RANCH BOULEVARD 18500 BLOCK EAST & TOWER ROAD NORTH,1,1,0,0,1,3,0,,15,0,0,0,0,0,4,2,13
,2017_58855,39.742056,-104.986962,4/26/2017 17:03,17:03,15,0,0,BROADWAY 1600 BLOCK NORTH & 17TH AVENUE EAST,1,1,0,0,1,4,0,,45,0,0,0,0,0,4,3,14
,2017_58856,39.726594,-104.9874165,4/26/2017 17:23,17:23,12,0,0,SPEER BOULEVARD NORTH & BROADWAY STREET NORTH,1,1,0,0,1,4,0,,35,0,0,0,0,0,4,2,13
,2017_58857,39.72627,-105.0002055,4/26/2017 17:45,17:45,12,0,0,SIXTH AVENUE WEST & KALAMATH STREET NORTH,1,1,1,0,1,4,0,,,0,0,0,0,0,4,2,13
,2017_58858,39.679884,-104.908194,4/26/2017 17:46,17:46,12,0,0,PANORAMA LANE EAST & ONEIDA STREET SOUTH,1,1,0,0,1,1,0,,25,0,0,0,0,0,4,2,13
,2017_58859,39.743748,-104.941881,4/26/2017 18:13,18:13,3,0,0,HARRISON STREET NORTH & 17TH AVENUE EAST,1,1,0,0,1,1,0,,25,0,0,0,0,0,4,2,3
,2017_58860,39.79804384,-104.8920815,4/26/2017 18:14,18:14,12,0,0,56TH AVENUE 8200 BLOCK EAST & VALENTIA STREET NORTH,1,1,3,0,1,3,0,,45,0,0,0,0,0,4,2,7
,2017_58861,39.785724,-104.883093,4/26/2017 19:22,19:22,12,0,0,NORTHFIELD BOULEVARD EAST & CENTRAL PARK BOULEVARD NORTH,1,2,1,0,1,3,0,,35,0,0,0,0,0,4,2,16
,2017_58862,39.773142,-105.03459,4/26/2017 23:14,23:14,6,0,0,41ST AVENUE WEST & LOWELL BOULEVARD NORTH,1,3,0,0,1,5,0,,25,0,0,0,0,0,4,2,13
,2017_58863,39.74744149,-104.8958575,4/27/2017 7:24,7:24,12,0,0,MONTVIEW BOULEVARD & 7000 BLOCK EAST,1,1,0,0,1,4,0,,30,0,0,0,0,0,4,2,13
,2017_58864,39.743766,-104.9116545,4/27/2017 7:47,7:47,3,0,1,17TH AVENUE EAST & MAGNOLIA STREET NORTH,1,1,0,0,1,1,0,,25,0,0,0,0,2,4,2,16
,2017_58865,39.720924,-104.9875065,4/27/2017 8:56,8:56,3,0,0,THIRD AVENUE & BROADWAY NORTH,1,1,0,0,1,2,0,,25,0,0,0,0,0,4,2,13
,2017_58866,39.674889,-104.973471,4/27/2017 9:47,9:47,12,0,0,DOWNING STREET 2200 BLOCK SOUTH & ILIFF AVENUE EAST,1,1,0,0,1,1,0,,25,0,0,0,0,0,4,2,8
,2017_58867,39.736872,-105.000183,4/27/2017 11:27,11:27,3,0,0,KALAMATH STREET NORTH & 13TH AVENUE WEST,1,1,1,0,1,1,0,,30,0,0,0,0,0,4,2,13
,2017_58868,39.753054,-104.9854905,4/27/2017 11:55,11:55,12,0,0,PARK AVENUE WEST & CHAMPA STREET,1,1,0,0,1,3,0,,30,0,0,0,0,0,4,2,8
,2017_58869,39.678489,-104.9875605,4/27/2017 12:51,12:51,12,0,0,BROADWAY STREET 2100 SOUTH & EVANS AVENUE EAST,1,1,1,0,1,4,0,,30,0,0,0,0,0,4,2,4
,2017_58870,39.73501012,-104.9529499,4/27/2017 13:20,13:20,5,0,1,FILLMORE STREET 1195 SOUTH & PRIVATE PROPERTY,1,1,0,0,3,4,0,,25,0,0,0,0,2,4,1,14
,2017_58871,39.703842,-104.968701,4/27/2017 14:44,14:44,6,0,0,FRANKLIN STREET & EXPOSITION AVENUE EAST,1,1,0,0,1,4,0,,25,0,0,0,0,0,4,3,5
,2017_58872,39.747456,-104.885802,4/27/2017 14:44,14:44,12,0,0,MONTVIEW BOULEVARD EAST & XENIA STREET NORTH,1,1,0,0,1,4,0,,30,0,0,0,0,0,4,3,12
,2017_58873,39.760164,-104.89257,4/27/2017 15:10,15:10,12,0,0,MLK BOULEVARD 8200 BLOCK EAST & UINTA STREET NORTH,1,1,0,0,1,3,0,,30,0,0,0,0,0,4,2,13
,2017_58874,39.689388,-104.9744115,4/27/2017 15:24,15:24,3,0,0,FLORIDA AVENUE EAST & BUCHTEL BOULEVARD EAST,1,1,1,0,1,1,0,,30,0,0,0,0,0,4,2,16
,2017_58875,39.763827,-104.903451,4/27/2017 16:42,16:42,3,0,0,33RD AVENUE EAST & QUEBEC STREET NORTH,1,1,3,0,1,1,0,,30,0,0,0,0,0,4,2,16
,2017_58876,39.68757,-104.973444,4/27/2017 16:50,16:50,12,0,0,IOWA AVENUE EAST & DOWNING STREET SOUTH,1,1,0,0,1,4,0,,25,0,0,0,0,0,4,2,3
,2017_58877,39.682755,-104.959332,4/27/2017 17:35,17:35,12,0,0,UNIVERSITY BOULEVARD 1800 BLOCK SOUTH & BUCHTEL BOULEVARD EAST,1,1,0,0,1,4,0,,35,0,0,0,0,0,4,2,1
,2017_58878,39.700233,-104.91291,4/27/2017 22:34,22:34,12,0,0,MONACO STREET SOUTH & KENTUCKY AVENUE EAST,1,3,0,0,1,1,0,,35,0,0,0,0,1,4,2,13
,2017_58879,39.666141,-104.912811,4/27/2017 22:55,22:55,15,0,0,MONACO STREET 2800 BLOCK SOUTH & AMHERST AVENUE EAST,1,3,0,0,1,4,0,,35,0,0,0,0,1,4,2,13
,2017_58880,39.783654,-104.764914,4/28/2017 6:25,6:25,12,0,0,GREEN VALLEY RANCH BOULEVARD EAST & ARGONNE STREET NORTH,1,1,0,0,1,3,0,,35,0,0,0,0,0,4,2,13
,2017_58881,39.71133,-104.933943,4/28/2017 7:25,7:25,15,0,0,ALAMEDA AVENUE EAST & CHERRY STREET SOUTH,1,1,0,0,1,1,0,,35,0,0,0,0,0,4,2,1
,2017_58882,39.760749,-104.959782,4/28/2017 7:26,7:26,10,0,0,31ST AVENUE & YORK STREET NORTH,1,1,0,0,1,3,0,,30,0,0,0,0,0,4,2,8
,2017_58883,39.78191736,-104.981211,7/29/2017 18:00,18:00,6,0,0,PENNSYLVANIA STREET & 1800 BLOCK NORTH,1,1,0,0,1,4,0,,30,0,0,0,0,0,4,2,13
,2017_58885,39.798234,-104.7721815,4/28/2017 9:38,9:38,1,0,0,56TH AVENUE EAST & TOWER ROAD NORTH,1,1,0,0,1,1,0,,45,0,0,0,0,0,4,2,13
,2017_58886,39.782385,-104.847093,4/28/2017 10:35,10:35,1,0,0,47TH AVENUE EAST & PEORIA STREET NORTH,1,1,0,0,1,3,0,,40,0,0,0,0,0,4,2,13
,2017_58887,39.74742,-104.916321,4/28/2017 11:19,11:19,6,0,0,KRAMERIA STREET & MONTVIEW BOULEVARD,1,1,0,0,1,4,0,,25,0,0,0,0,0,4,2,13
,2017_58888,39.73383,-104.99166,4/28/2017 11:40,11:40,3,0,0,11TH AVENUE 200 BLOCK & CHEROKEE STREET,1,1,0,0,1,5,0,,40,0,0,0,0,1,4,2,13
,2017_58889,39.8332845,-104.7040403,4/28/2017 12:15,12:15,12,0,0,PENA BOULEVARD 7600 BLOCK & ELK STREET,1,1,0,0,1,4,0,,,0,0,0,0,0,4,2,7
,2017_58890,39.718404,-104.903784,4/28/2017 12:32,12:32,3,0,0,QUEBEC STREET & FIRST AVENUE EAST,1,1,0,0,1,1,0,,30,0,0,0,0,0,4,2,12
,2017_58891,39.783681,-104.992623,4/28/2017 12:48,12:48,6,0,0,WARNER PLACE WEST & ELATI STREET NORTH,1,1,0,0,1,3,0,,35,0,0,0,0,0,4,2,14
,2017_58892,39.711447,-104.9449725,4/28/2017 13:11,13:11,3,0,1,MONROE STREET SOUTH & ALAMEDA AVENUE EAST,1,1,1,0,1,1,0,,25,0,0,0,0,2,4,2,13
,2017_58893,39.834405,-104.715504,4/28/2017 13:15,13:15,12,0,1,PENA BOULEVARD 7600 BLOCK & GUN CLUB ROAD NORTH,1,1,0,0,1,4,0,,65,0,0,0,0,2,4,3,7
,2017_58894,39.74435823,-105.0106554,4/28/2017 15:55,15:55,12,0,0,AURARIA PARKWAY & 77TH STREET,1,1,1,0,1,4,0,,25,0,0,0,0,0,4,3,13
,2017_58895,39.759876,-104.890752,4/28/2017 16:00,16:00,15,0,0,CENTRAL PARK BOULEVARD NORTH & MLK BOULEVARD EAST,1,1,0,7,1,1,0,,35,0,0,0,0,0,4,2,16
,2017_58896,39.769272,-105.006456,4/28/2017 17:45,17:45,12,0,0,38TH AVENUE WEST & PECOS STREET NORTH,2,1,0,1,1,1,0,,35,0,0,0,0,0,4,2,13
,2017_58897,39.773106,-105.038127,5/3/2017 21:25,21:25,6,0,0,41ST AVENUE WEST & OSCEOLA STREET NORTH,1,4,0,0,1,4,0,,25,0,0,0,0,0,4,2,14
,2017_58898,39.78441,-104.813532,4/28/2017 17:47,17:47,3,0,0,FONTANA COURT NORTH & GATEWAY AVENUE EAST,2,1,0,1,1,1,0,,25,0,0,0,0,0,4,2,13
,2017_58899,39.703824,-104.943492,4/28/2017 18:00,18:00,5,0,0,EXPOSITION AVENUE 3900 BLOCK EAST & HARRISON STREET SOUTH,2,3,0,2,3,4,0,,30,0,0,0,0,0,4,1,13
,2017_58900,39.760677,-104.98086,4/28/2017 18:01,18:01,3,0,0,29TH STREET & LAWRENCE STREET,2,1,0,0,1,1,0,,25,0,0,0,0,0,4,2,12
,2017_58901,39.725595,-104.946183,4/28/2017 21:12,21:12,3,0,0,SIXTH AVENUE EAST & MADISON STREET NORTH,4,3,0,2,1,1,0,,25,0,0,0,0,0,4,2,5
,2017_58902,39.750543,-104.9991615,4/28/2017 21:46,21:46,15,0,0,BLAKE STREET & 16TH STREET,4,3,0,2,1,4,0,,30,0,0,0,0,0,4,2,13
,2017_58903,39.716532,-104.9862825,4/28/2017 23:14,23:14,12,0,0,LINCOLN STREET 100 BLOCK SOUTH & ELLSWORTH AVENUE EAST,5,3,0,2,1,4,0,,30,0,0,0,0,0,4,2,13
,2017_58904,39.765735,-105.044022,4/29/2017 0:24,0:24,6,0,0,TENNYSON STREET & 35TH AVENUE WEST,2,3,0,2,1,4,0,,30,0,0,0,0,0,4,4,5
,2017_58905,39.748446,-105.0033735,4/29/2017 2:10,2:10,3,0,0,AURARIA PARKWAY & SPEER BOULEVARD NORTH,2,3,0,2,1,1,0,,25,0,0,0,0,0,4,2,3
,2017_58906,39.660624,-105.04287,4/29/2017 3:31,3:31,5,0,0,PERRY / QUITMAN STREET ALLEY & 21ST AVENUE WEST,2,3,0,2,2,5,0,,25,0,0,0,0,0,4,1,14
,2017_58907,39.747672,-105.002334,4/29/2017 9:00,9:00,5,0,0,SPEER BVLD & MARKET STREET,2,1,0,2,3,1,0,,35,0,0,0,0,0,4,1,14
,2017_58908,39.7512,-105.0299325,4/29/2017 9:56,9:56,12,0,0,23RD AVENUE WEST & IRVING STREET NORTH,4,1,1,2,1,4,0,,25,0,0,0,0,0,4,2,16
,2017_58909,39.77794247,-104.95827,4/29/2017 12:10,12:10,3,0,0,JOSEPHINE STREET & 2600 BLOCK NORTH,2,1,0,2,1,2,0,,25,0,0,0,0,0,4,2,13
,2017_58910,39.687633,-105.031575,7/31/2017 23:12,23:12,6,0,0,JULIAN WAY & IOWA AVENUE WEST,1,3,0,0,1,4,0,,25,0,0,0,0,0,4,2,5
,2017_58911,39.715983,-104.959314,4/29/2017 12:16,12:16,12,0,0,UNIVERSITY BOULEVARD NORTH & CHERRY CREEK NORTH DRIVE,6,1,0,2,1,4,0,,35,0,0,0,0,0,4,3,8