id,drcog_id,latitude,longitude,crashtime,time,crashtype,numbkilled,numbinjurd,drcoglocat,rdconditin,lightngcon,roadcntgrd,weatherco,location,roaddescrp,constrzone,schoolzone,splimit,bikeinv,pedinv,sctrinv,motoinv,svrty,rdsystem,ttlvehcls,hcf
,2017_58912,39.720456,-104.9791185,4/29/2017 12:40,12:40,3,0,0,SPEER BOULEVARD EAST & WASHINGTON STREET NORTH,2,1,0,0,1,1,0,,30,0,0,0,0,0,4,2,1
,2017_58913,39.696624,-104.9152545,4/29/2017 14:27,14:27,10,0,0,MISSISSIPPI AVENUE EAST & LEYDEN STREET SOUTH,2,1,0,2,1,1,0,,25,0,0,0,0,0,4,2,13
,2017_58914,39.716235,-104.949963,4/29/2017 14:42,14:42,3,0,0,ELLSWORTH AVENUE EAST & STEELE STREET NORTH,2,1,0,2,1,1,0,,30,0,0,0,0,0,4,2,13
,2017_58915,39.689298,-104.943033,4/29/2017 15:05,15:05,3,0,0,FLORIDA AVENUE EAST & JACKSON STREET SOUTH,2,1,0,0,1,1,0,,25,0,0,0,0,0,4,2,7
,2017_58916,39.743757,-104.944194,5/3/2017 7:32,7:32,6,0,0,GARFIELD STREET & 17TH AVENUE EAST,2,1,0,1,1,4,0,,25,0,0,0,0,0,4,2,13
,2017_58917,39.748887,-104.9874525,4/29/2017 17:15,17:15,10,0,0,20TH STREET & BROADWAY NORTH,2,1,0,2,1,1,0,,25,0,0,0,0,0,4,2,13
,2017_58918,39.718179,-104.959314,4/29/2017 18:41,18:41,12,0,0,FIRST AVENUE 2200 BLOCK EAST & UNIVERSITY BOULEVARD NORTH,2,1,0,7,1,4,0,,30,0,0,0,0,0,4,2,16
,2017_58919,39.72627,-105.0002055,4/29/2017 22:11,22:11,5,0,0,KALAMATH STREET NORTH & SIXTH AVENUE WEST,5,3,0,1,2,4,0,,35,0,0,0,0,0,4,1,14
,2017_58920,39.760299,-105.044004,4/30/2017 14:32,14:32,3,0,0,TENNYSON STREET NORTH & 30TH AVENUE WEST,1,1,1,0,1,1,0,,30,0,0,0,0,0,4,2,13
,2017_58921,39.752343,-105.007563,4/29/2017 22:35,22:35,12,0,0,SPEER BOULEVARD 1700 BLOCK NORTH & ELITCH CIRCLE,5,3,2,2,1,4,0,,35,0,0,0,0,0,4,5,1
,2017_58922,39.76283001,-104.9733612,4/29/2017 22:39,22:39,5,0,0,DOWNING STREET & 1300 BLOCK SOUTH,5,3,0,0,3,4,0,,25,0,0,0,0,0,4,1,7
,2017_58923,39.775797,-104.978754,4/29/2017 22:44,22:44,15,0,0,WASHINGTON STREET 4300 BLOCK NORTH & RINGSBY COURT,5,3,0,2,1,4,0,,35,0,0,0,0,0,4,2,13
,2017_58924,39.72627,-105.0002055,4/29/2017 22:57,22:57,5,0,0,SIXTH AVENUE & KALAMATH STREET NORTH,5,3,0,0,1,4,0,,35,0,0,0,0,0,4,2,13
,2017_58925,39.72627,-105.0002055,4/29/2017 22:57,22:57,5,0,0,SIXTH AVENUE & KALAMATH STREET NORTH,5,3,0,2,2,4,0,,35,0,0,0,0,0,4,2,13
,2017_58926,39.718332,-104.9705775,4/29/2017 22:59,22:59,9,0,0,FIRST AVENUE EAST & LAFAYETTE STREET NORTH,5,3,0,0,1,4,0,,35,0,0,0,0,0,4,2,13
,2017_58927,39.783798,-105.000354,4/29/2017 23:04,23:04,14,0,0,48TH AVENUE & KALAMATH STREET NORTH,5,3,1,2,1,4,0,,,0,0,0,0,0,4,2,13
,2017_58928,39.714714,-104.982723,4/30/2017 1:45,1:45,14,0,0,BAYAUD AVENUE EAST & LOGAN STREET SOUTH,5,4,0,2,6,4,0,,25,0,0,0,0,0,4,2,13
,2017_58929,39.7182555,-104.9590868,4/30/2017 10:45,10:45,1,0,0,UNIVERSITY BOULEVARD SOUTH / JOSEPHINE STREET & 2100 SOUTH BLOCK ALLEY,1,1,0,0,1,2,0,,20,0,0,0,0,0,4,2,13
,2017_58930,39.680586,-104.9451345,4/30/2017 12:50,12:50,3,0,0,MONROE STREET SOUTH & BUCHTEL BOULEVARD EAST,1,1,0,0,1,1,0,,30,0,0,0,0,0,4,2,13
,2017_58931,39.744837,-104.976144,4/30/2017 14:15,14:15,5,0,0,18TH AVENUE EAST & EMERSON STREET NORTH,1,1,0,0,3,1,0,,35,0,0,0,0,0,4,2,14
,2017_58932,39.755457,-104.9910525,4/30/2017 14:37,14:37,15,0,0,MARKET STREET & 22ND STREET,1,1,0,0,1,4,0,,30,0,0,0,0,1,4,2,13
,2017_58933,39.776715,-105.034644,4/30/2017 15:25,15:25,12,0,0,44TH AVENUE WEST & LOWELL BOULEVARD NORTH,1,1,0,0,1,1,0,,30,0,0,0,0,0,4,2,13
,2017_58934,39.678363,-104.959404,4/30/2017 16:12,16:12,12,0,0,UNIVERSITY BOULEVARD 2000 BLOCK SOUTH & EVANS AVENUE EAST,1,1,0,0,1,4,0,,30,0,0,0,0,1,4,2,13
,2017_58935,39.725586,-104.972922,4/30/2017 16:35,16:35,12,0,0,SIXTH AVENUE EAST & DOWNING STREET NORTH,1,1,0,0,1,1,0,,30,0,0,0,0,0,4,2,13
,2017_58936,39.769398,-105.0299505,4/30/2017 17:55,17:55,12,0,0,38TH AVENUE WEST & IRVING STREET NORTH,1,1,1,0,1,1,0,,35,0,0,0,0,0,4,2,14
,2017_58937,39.753882,-104.99139,9/15/2017 2:00,2:00,6,0,0,LARIMER STREET & 21ST STREET,1,3,0,0,1,4,0,,,0,0,0,0,0,4,2,13
,2017_58938,39.727251,-104.9788035,4/30/2017 18:20,18:20,12,0,0,WASHINGTON STREET NORTH & SEVENTH AVENUE EAST,1,1,0,0,1,1,0,,25,0,0,0,0,0,4,2,13
,2017_58939,39.716559,-104.9875155,4/30/2017 23:40,23:40,6,0,0,BROADWAY & ELLSWORTH AVENUE,1,3,0,0,1,4,0,,30,0,0,0,0,0,4,2,1
,2017_58940,39.75867,-104.97825,5/1/2017 7:48,7:48,12,0,0,CHAMPA STREET & 29TH STREET,1,1,0,0,1,4,0,,25,0,0,0,0,0,4,3,13
,2017_58941,39.732048,-104.988825,5/1/2017 14:31,14:31,12,0,0,10TH AVENUE WEST & ACOMA STREET NORTH,1,1,0,7,1,1,0,,30,0,0,0,0,0,4,2,8
,2017_58942,39.673323,-104.9368005,5/1/2017 15:02,15:02,3,0,0,BIRCH STREET SOUTH & WESLEY AVENUE EAST,1,1,0,0,1,1,0,,25,0,0,0,0,0,4,2,13
,2017_58944,39.698559,-104.987484,5/1/2017 15:30,15:30,12,0,0,BROADWAY & TENNESSEE AVENUE EAST,1,1,0,0,1,4,0,,30,0,0,0,0,0,4,3,13
,2017_58945,39.764466,-104.959773,5/1/2017 16:05,16:05,9,0,1,YORK STREET 3300 BLOCK NORTH & BRUCE RANDOLPH AVENUE,1,1,0,0,1,1,0,,30,0,0,0,1,2,4,1,1
,2017_58946,39.757653,-104.998635,5/1/2017 17:49,17:49,12,0,0,20TH STREET 1900 BLOCK & CHESTNUT PLACE,1,1,1,0,1,3,0,,30,0,0,0,0,0,4,3,3
,2017_58947,39.746547,-105.0076035,5/1/2017 17:58,17:58,3,0,0,AURARIA PARKWAY & NINTH STREET,1,1,1,0,1,1,0,,30,0,0,0,0,1,4,2,13
,2017_58948,39.7288474,-104.9894794,5/1/2017 20:25,20:25,15,0,0,EIGHTH AVENUE WEST & BANNOCK STREET NORTH,1,3,0,0,1,1,0,,30,0,0,0,0,0,4,2,13
,2017_58949,39.67083,-105.049782,5/1/2017 21:34,21:34,6,0,0,LAKERIDGE ROAD 4900 WEST & WOLFF STREET SOUTH,1,3,0,0,1,4,0,,25,0,0,0,0,0,4,2,3
,2017_58950,39.693015,-104.9827815,5/2/2017 0:00,0:00,12,0,0,LOGAN STREET 1200 BLOCK SOUTH & LOUISIANA AVENUE EAST,1,1,0,7,1,3,0,,30,0,0,0,0,0,4,2,14
,2017_58951,39.772611,-104.970618,4/1/2017 23:36,23:36,6,0,1,40TH STREET 1400 BLOCK & BLAKE STREET,1,4,0,0,1,4,0,,35,0,0,0,0,2,4,2,5
,2017_58952,39.678435,-104.9234265,5/2/2017 7:31,7:31,12,0,0,EVANS AVENUE 5400 BLOCK EAST & HUDSON STREET SOUTH,1,1,0,0,1,4,0,,35,0,0,0,0,0,4,3,1
,2017_58953,39.678435,-104.9234265,5/2/2017 7:31,7:31,12,0,0,EVANS AVENUE 5400 BLOCK EAST & HUDSON STREET SOUTH,1,1,0,0,1,4,0,,35,0,0,0,0,0,4,2,1
,2017_58954,39.711114,-104.9679378,5/2/2017 7:39,7:39,15,0,0,ALAMEDA AVENUE & 4200 EAST SHOPPING ENTRANCE,1,1,0,0,1,3,0,,,0,0,0,0,0,4,2,13
,2017_58955,39.729321,-105.019803,5/2/2017 7:44,7:44,3,0,0,EIGHTH AVENUE WEST & CANOSA COURT NORTH,1,1,0,0,1,1,0,,35,0,0,0,0,0,4,2,14
,2017_58956,39.756024,-105.017814,5/2/2017 7:45,7:45,3,0,0,27TH AVENUE & ALCOTT STREET WEST,1,1,1,0,1,2,0,,25,0,0,0,0,0,4,2,13
,2017_58957,39.83868479,-104.6719364,5/2/2017 8:50,8:50,5,0,0,8400 BLOCK PENA BOULEVARD OUTBOUND & 84TH AVENUE EAST,1,1,0,0,2,4,0,,35,0,0,0,0,0,4,1,14
,2017_58958,39.770523,-105.002964,5/2/2017 9:13,9:13,12,0,0,LIPAN / MARIPOSA ALLEY & 39TH AVENUE WEST,1,1,0,0,1,1,0,,15,0,0,0,0,0,4,2,14
,2017_58959,39.777993,-104.912901,5/2/2017 9:34,9:34,3,0,0,STAPLETON SOUTH DRIVE EAST & MONACO STREET NORTH,1,1,0,0,1,1,0,,35,0,0,0,0,0,4,2,13
,2017_58960,39.696687,-104.997942,5/2/2017 10:28,10:28,3,0,0,INCA STREET SOUTH & MISSISSIPPI AVENUE WEST,1,1,0,0,1,1,0,,25,0,0,0,0,0,4,2,13
,2017_58961,39.644523,-104.9159025,5/2/2017 11:13,11:13,6,0,0,HILLCREST DRIVE & MANSFIELD AVENUE EAST,1,1,1,0,1,4,0,,25,0,0,0,0,0,4,2,12
,2017_58962,39.713859,-104.987565,5/2/2017 11:40,11:40,15,0,0,BROADWAY STREET 100 BLOCK SOUTH & MAPLE AVENUE WEST,1,1,1,0,1,1,0,,35,0,0,0,0,0,4,2,13
,2017_58963,39.691143,-104.9570528,5/4/2017 1:58,1:58,6,0,0,ARKANSAS AVENUE & 3100 BLOCK WEST,1,3,0,0,1,4,0,,25,0,0,0,0,0,4,3,1
,2017_58964,39.671262,-104.9863545,5/2/2017 11:47,11:47,3,0,0,HARVARD AVENUE EAST & LINCOLN STREET SOUTH,1,1,0,0,1,1,0,,25,0,0,0,0,0,4,2,13
,2017_58965,39.680289,-104.987583,5/2/2017 12:05,12:05,3,0,0,ASBURY AVENUE WEST & BROADWAY SOUTH,1,1,0,0,1,1,0,,25,0,0,0,0,0,4,2,14
,2017_58966,39.748446,-105.0033735,5/2/2017 14:03,14:03,12,0,0,SPEER BOULEVARD NORTH & AURARIA PARKWAY,1,1,0,0,1,1,0,,35,0,0,0,0,0,4,2,13
,2017_58967,39.797559,-104.8307445,5/2/2017 14:13,14:13,3,0,0,RANDOLPH PLACE EAST & WORCHESTER STREET NORTH,1,1,0,0,1,1,0,,25,0,0,0,0,0,4,3,13
,2017_58968,39.713085,-104.9222655,5/2/2017 15:19,15:19,10,0,0,HOLLY STREET SOUTH & CEDAR AVENUE EAST,1,1,0,0,1,1,0,,25,0,0,0,0,0,4,2,13
,2017_58969,39.725343,-104.9183325,5/2/2017 15:19,15:19,12,0,0,SIXTH AVENUE EAST & JASMINE STREET NORTH,1,1,0,0,1,1,0,,,0,0,0,0,0,4,2,13
,2017_58970,39.75953738,-104.9597246,5/2/2017 15:27,15:27,12,0,0,YORK STREET 3000 BLOCK NORTH & 31ST AVENUE EAST,1,1,0,0,1,4,0,,30,0,0,0,0,1,4,2,12
,2017_58971,39.76218423,-105.036896,9/1/2017 12:19,12:19,6,0,0,NEWTON STREET 3200 BLOCK NORTH & 32ND AVENUE WEST,1,1,1,0,1,4,0,,,0,0,0,0,0,4,2,13
,2017_58972,39.697839,-104.9827815,5/2/2017 15:40,15:40,12,0,0,LOGAN STREET 1000 BLOCK SOUTH & BUCHTEL BOULEVARD EAST,1,1,0,0,1,4,0,,30,0,0,0,0,1,4,2,16
,2017_58973,39.733704,-104.972994,5/2/2017 16:30,16:30,6,0,0,DOWNING STREET NORTH & 11TH AVENUE EAST,1,1,1,0,1,4,0,,25,0,0,0,0,0,4,2,13
,2017_58974,39.70584,-105.0324525,5/2/2017 16:43,16:43,3,0,0,KNOX COURT SOUTH & CENTER AVENUE WEST,1,1,0,0,1,5,0,,15,0,0,0,0,0,4,2,1
,2017_58975,39.774744,-105.0439725,5/2/2017 17:22,17:22,6,0,0,TENNYSON STREET & 43RD AVENUE WEST,1,1,1,0,1,3,0,,30,0,0,0,0,0,4,3,3
,2017_58976,39.83338151,-104.771988,5/2/2017 17:40,17:40,12,0,0,TOWER ROAD 7500 BLOCK NORTH & PENA BOULEVARD,1,1,0,0,1,3,0,,40,0,0,0,0,0,4,3,3
,2017_58977,39.638664,-104.89266,5/2/2017 17:55,17:55,1,0,0,TAMARAC STREET SOUTH & QUINCY AVENUE EAST,1,1,1,0,1,2,0,,30,0,0,0,0,1,4,2,13
,2017_58978,39.753198,-104.9905665,5/2/2017 18:52,18:52,3,0,0,21ST STREET & LAWRENCE STREET,2,2,0,0,1,1,0,,30,0,0,0,0,1,4,2,13
,2017_58979,39.779757,-104.9317335,5/2/2017 19:13,19:13,3,0,0,DAHLIA STREET NORTH & STAPLETON SOUTH DRIVE,1,1,0,0,1,1,0,,30,0,0,0,0,0,4,2,3
,2017_58980,39.725649,-104.986314,5/2/2017 19:41,19:41,3,0,0,SIXTH AVENUE EAST & LINCOLN STREET NORTH,1,1,0,0,1,1,0,,35,0,0,0,0,0,4,2,1
,2017_58981,39.792789,-104.8237515,5/2/2017 20:30,20:30,6,0,0,CROWN BOULEVARD NORTH & MAXWELL PLACE EAST,1,3,0,0,1,4,0,,45,0,0,0,0,0,4,2,12
,2017_58982,39.760758,-104.9733405,5/3/2017 0:23,0:23,3,0,0,DOWING STREET & 31ST AVENUE,2,3,0,1,1,1,0,,30,0,0,0,0,1,4,2,5
,2017_58983,39.77298,-105.0287805,5/3/2017 6:02,6:02,5,0,0,41ST AVENUE 3100 BLOCK WEST & HOOKER STREET NORTH,2,2,0,1,3,4,0,,25,0,0,0,0,0,4,1,5
,2017_58984,39.776679,-105.038082,5/3/2017 7:45,7:45,3,0,0,OSCEOLA STREET NORTH & 44TH AVENUE WEST,2,1,0,1,1,1,0,,25,0,0,0,0,0,4,2,13
,2017_58985,39.711393,-104.9111505,5/3/2017 7:47,7:47,12,0,0,ALAMEDA AVENUE 6600 BLOCK EAST & MAGNOLIA STREET SOUTH,2,1,0,1,1,4,0,,30,0,0,0,0,0,4,2,7
,2017_58986,39.798396,-104.786415,5/3/2017 8:00,8:00,12,0,0,56TH AVENUE EAST & PENA BOULEVARD,2,1,0,1,1,4,0,,45,0,0,0,0,0,4,2,3
,2017_58987,39.75849,-105.039324,5/3/2017 8:00,8:00,3,0,0,29TH AVENUE WEST & PERRY STREET NORTH,2,1,0,1,1,1,0,,25,0,0,0,0,0,4,2,13
,2017_58988,39.724137,-104.986314,5/3/2017 8:16,8:16,3,0,0,FIFTH AVENUE EAST & LINCOLN STREET NORTH,1,1,0,1,1,1,0,,25,0,0,0,0,0,4,2,13
,2017_58989,39.725649,-104.986314,5/3/2017 8:25,8:25,12,0,0,LINCOLN STREET NORTH & SIXTH AVENUE EAST,2,1,0,1,1,4,0,,,0,0,0,0,0,4,2,13
,2017_58990,39.798396,-104.786415,5/3/2017 8:30,8:30,12,0,0,56TH AVENUE EAST & PENA BOULEVARD NORTH,2,1,0,1,1,4,0,,30,0,0,0,0,0,4,2,1
,2017_58991,39.744468,-105.0000435,5/3/2017 9:00,9:00,12,0,0,SPEER BOULEVARD 1100 BLOCK NORTH & ARAPAHOE STREET,2,1,0,1,1,4,0,,35,0,0,0,0,1,4,2,12
,2017_58992,39.71835,-104.9745915,5/3/2017 9:13,9:13,3,0,0,SPEER BOULEVARD & CORONA STREET NORTH,2,1,0,1,1,1,0,,30,0,0,0,0,1,4,2,12
,2017_58993,39.719412,-104.9535405,5/5/2017 9:30,9:30,6,0,0,SECOND AVENUE 2900 BLOCK EAST & FILLMORE STREET,1,1,1,0,1,4,0,,,0,0,0,0,0,4,2,13
,2017_58994,39.772755,-104.9593815,5/3/2017 9:45,9:45,12,0,0,40TH AVENUE 2300 BLOCK EAST & YORK STREET NORTH,2,1,0,1,1,4,0,,35,0,0,0,0,0,4,2,7
,2017_58995,39.736863,-104.9941215,5/3/2017 10:35,10:35,6,0,0,ELATI STREET & 13TH AVENUE WEST,2,1,0,2,1,4,0,,25,0,0,0,0,0,4,2,13
,2017_58996,39.667563,-104.940711,5/3/2017 10:46,10:46,12,0,0,YALE AVENUE 4100 EAST & COLORADO BOULEVARD SOUTH,2,1,1,1,1,3,0,,30,0,0,0,0,0,4,2,13
,2017_58997,39.769272,-105.00057,5/3/2017 11:08,11:08,12,0,0,38TH AVENUE 1100 BLOCK WEST & KALAMATH STREET NORTH,2,1,1,2,1,4,0,,30,0,0,0,0,1,4,2,13
,2017_58998,39.733686,-104.977602,5/3/2017 11:17,11:17,1,0,0,11TH AVENUE EAST & CLARKSON STREET NORTH,2,1,0,1,1,1,0,,25,0,0,0,0,0,4,2,7
,2017_58999,39.688875,-104.973435,5/3/2017 12:23,12:23,12,0,0,BUCHTEL BOULEVARD EAST & DOWNING STREET SOUTH,1,1,0,0,1,3,0,,30,0,0,0,0,1,4,2,13
,2017_59000,39.678435,-104.9251905,5/3/2017 12:41,12:41,12,0,1,EVANS AVENUE EAST & GRAPE STREET SOUTH,1,1,0,0,1,4,0,,30,0,0,0,0,2,4,3,13
,2017_59001,39.759579,-105.0017805,5/3/2017 13:00,13:00,3,0,0,20TH STREET & LITTLE RAVEN STREET,1,1,1,0,1,1,0,,30,0,0,0,0,0,4,2,13
,2017_59002,39.676608,-104.959386,5/3/2017 13:10,13:10,12,0,0,UNIVERSITY BOULEVARD 2100 BLOCK SOUTH & WARREN AVENUE EAST,1,1,1,0,1,4,0,,30,0,0,0,0,0,4,2,13
,2017_59003,39.762117,-105.034572,5/3/2017 13:44,13:44,3,0,0,LOWELL BOULEVARD NORTH & 32ND AVENUE WEST,1,1,1,0,1,1,0,,30,0,0,0,0,0,4,2,13
,2017_59004,39.77500867,-104.9253247,5/6/2017 3:38,3:38,5,0,0,SMITH ROAD WEST & MONOCOT STREET NORTH,1,1,0,0,1,1,0,,35,0,0,0,0,0,4,1,8
,2017_59005,39.730509,-104.9941125,5/3/2017 15:26,15:26,14,0,0,ELATI STREET NORTH & NINTH AVENUE WEST,1,1,1,0,1,2,0,,25,0,0,0,0,0,4,2,13
,2017_59006,39.772008,-104.969691,6/1/2017 16:12,16:12,3,0,0,40TH STREET & WALNUT STREET,1,1,0,0,1,1,0,,35,0,0,0,0,1,4,2,8
,2017_59007,39.778722,-104.9222925,5/3/2017 15:31,15:31,12,0,0,STAPLETON NORTH DRIVE EAST & HOLLY STREET NORTH,1,1,0,0,1,4,0,,40,0,0,0,0,0,4,2,13
,2017_59008,39.790323,-104.8526955,5/3/2017 15:36,15:36,3,0,0,51ST AVENUE EAST & NOME STREET NORTH,1,1,0,0,1,1,0,,25,0,0,0,0,0,4,2,13
,2017_59009,39.758454,-105.022053,5/3/2017 16:40,16:40,12,0,0,DECATUR STREET NORTH & 29TH AVENUE,1,1,0,1,1,4,0,,20,0,0,0,0,0,4,2,13
,2017_59010,39.758499,-105.034617,5/3/2017 16:46,16:46,12,0,0,29TH AVENUE WEST & LOWELL BOULEVARD NORTH,1,1,0,0,1,3,0,,30,0,0,0,0,0,4,2,2
,2017_59011,39.783609,-104.7913916,5/3/2017 17:22,17:22,12,0,0,GREEN VALLEY RANCH BOULEVARD EAST & PENA BOULEVARD NORTH,1,1,0,0,1,4,0,,40,0,0,0,0,1,4,2,13
,2017_59012,39.72627,-105.0002055,5/3/2017 17:56,17:56,12,0,0,SIXTH AVENUE 500 BLOCK WEST & KALAMATH STREET SOUTH,1,1,0,0,1,4,0,,35,0,0,0,0,0,4,3,14
,2017_59013,39.744072,-104.988285,5/3/2017 18:06,18:06,6,0,0,TREMONT PLACE & 17TH STREET,1,1,0,0,1,4,0,,25,0,0,0,0,0,4,5,4
,2017_59014,39.772008,-104.969691,5/3/2017 18:15,18:15,3,0,0,40TH STREET & WALNUT STREET,1,1,0,0,1,1,0,,25,0,0,0,0,0,4,2,8
,2017_59015,39.769398,-105.0299505,5/3/2017 18:50,18:50,12,0,0,38TH AVENUE WEST & IRVING STREET NORTH,1,1,0,0,1,4,0,,35,0,0,0,0,0,4,2,13
,2017_59016,39.7030443,-104.9079099,5/3/2017 18:52,18:52,6,0,0,ONEIDA WAY SOUTH & 3287 SOUTH ONEIDA WAY,1,1,0,0,1,4,0,,25,0,0,0,0,0,4,2,12
,2017_59017,39.748941,-104.9995305,5/3/2017 21:06,21:06,6,0,0,15TH STREET & MARKET STREET,1,1,0,0,1,3,0,,30,0,0,0,0,0,4,4,13
,2017_59018,39.774267,-105.0054345,5/3/2017 22:15,22:15,6,0,0,OSAGE STREET & 42ND AVENUE WEST,1,4,0,0,1,4,0,,25,0,0,0,0,0,4,2,13
,2017_59019,39.784806,-104.8416255,5/3/2017 23:48,23:48,5,0,0,ANDREWS DRIVE EAST & TUCSON STREET NORTH,1,3,0,0,2,1,0,,35,0,0,0,0,0,4,1,1
,2017_59020,39.720222,-105.0151905,5/4/2017 5:08,5:08,3,0,0,SECOND AVENUE WEST & YUMA STREET NORTH,1,2,0,0,1,1,0,,25,0,0,0,0,0,4,2,13
,2017_59021,39.780198,-105.0415965,8/6/2017 1:04,1:04,6,0,0,RALEIGH STREET NORTH & 46TH AVENUE WEST,1,3,1,0,1,4,0,,,0,0,0,0,0,4,2,13
,2017_59022,39.624219,-104.91192,5/4/2017 7:12,7:12,12,0,0,MONACO STREET 4500 SOUTH & BELLEVIEW AVENUE EAST,1,1,0,0,1,4,0,,35,0,0,0,0,0,4,2,13
,2017_59023,39.689514,-105.0203655,5/4/2017 7:16,7:16,6,0,0,CLAY STREET & FLORIDA AVENUE WEST,1,1,0,0,4,4,0,,,0,0,0,0,0,4,2,13
,2017_59024,39.725649,-104.986314,5/4/2017 7:26,7:26,10,0,0,SPEER BOULEVARD & LINCOLN STREET NORTH,1,1,1,0,1,1,0,,30,0,0,0,0,0,4,2,13
,2017_59025,39.747447,-104.9081355,5/4/2017 7:32,7:32,3,0,0,ONEIDA STREET NORTH & MONTVIEW BOULEVARD EAST,1,1,0,0,1,1,0,,25,0,0,0,0,0,4,2,7
,2017_59026,39.706884,-104.875353,5/4/2017 7:41,7:41,10,0,0,DAYTON STREET & CENTER AVENUE EAST,1,1,0,0,1,2,0,,30,0,0,0,0,0,4,2,1
,2017_59027,39.741624,-104.9634765,5/4/2017 7:55,7:55,3,0,0,16TH AVENUE EAST & RACE STREET NORTH,1,1,0,0,1,1,0,,30,0,0,0,0,0,4,2,7
,2017_59028,39.738366,-104.9598225,5/4/2017 8:50,8:50,6,0,0,YORK STREET & 14TH AVENUE EAST,1,1,0,0,1,4,0,,30,0,0,0,0,0,4,4,3
,2017_59029,39.717819,-104.944932,5/4/2017 9:02,9:02,6,0,0,MONROE STREET & FIRST AVENUE EAST,1,1,0,0,1,4,0,,25,0,0,0,0,0,4,2,13
,2017_59030,39.767382,-104.90346,5/8/2017 16:08,16:08,15,0,0,36TH AVENUE EAST & QUEBEC STREET NORTH,2,1,0,1,1,1,0,,35,0,0,0,0,1,4,2,16
,2017_59031,39.736827,-104.99166,5/4/2017 9:10,9:10,15,0,0,13TH AVENUE WEST & CHEROKEE STREET NORTH,1,1,0,0,1,4,0,,25,0,0,0,0,0,4,2,13
,2017_59032,39.750786,-104.9970735,5/4/2017 9:34,9:34,15,0,0,MARKET STREET & 17TH STREET,1,1,0,0,1,4,0,,25,0,0,0,0,0,4,2,14
,2017_59033,39.711105,-104.97924,5/4/2017 9:38,9:38,15,0,0,ALAMEDA AVENUE 700 BLOCK EAST & WASHINGTON STREET SOUTH,1,1,0,0,1,4,0,,30,0,0,0,0,0,4,2,16
,2017_59034,39.782385,-104.847093,5/4/2017 9:44,9:44,1,0,1,47TH AVENUE EAST & PEORIA STREET NORTH,1,1,0,0,1,1,0,,35,0,0,0,0,2,4,2,13
,2017_59035,39.711366,-104.912964,5/4/2017 10:08,10:08,1,0,0,ALAMEDA AVENUE EAST & MONACO STREET SOUTH,2,1,0,0,1,1,0,,35,0,0,0,0,0,4,2,16
,2017_59036,39.698388,-104.959332,5/4/2017 12:27,12:27,15,0,0,UNIVERSITY BOULEVARD 1000 BLOCK SOUTH & TENNESSEE AVENUE EAST,1,1,0,0,1,4,0,,30,0,0,0,0,0,4,2,1
,2017_59037,39.741984,-104.954742,5/4/2017 12:46,12:46,6,0,0,DETROIT STREET NORTH & 16TH AVENUE EAST,1,1,0,0,1,4,0,,25,0,0,0,0,0,4,2,7
,2017_59038,39.764457,-104.942862,5/4/2017 13:49,13:49,6,0,0,BRUCE RANDOLPH AVENUE & JACKSON STREET NORTH,1,1,0,0,1,4,0,,30,0,0,0,0,0,4,3,14
,2017_59039,39.678363,-104.959404,5/4/2017 13:58,13:58,15,0,0,UNIVERSITY BOULEVARD & EVANS AVENUE EAST,1,1,0,0,1,3,0,,30,0,0,0,0,0,4,2,13
,2017_59040,39.776715,-105.034644,5/4/2017 14:31,14:31,3,0,0,LOWELL BOULEVARD NORTH & 44TH AVENUE WEST,1,1,1,0,1,1,0,,30,0,0,0,0,0,4,2,7
,2017_59041,39.763224,-105.004134,5/4/2017 14:40,14:40,6,0,0,33RD AVENUE & NAVAJO STREET NORTH,1,1,1,0,1,2,0,,25,0,0,0,0,0,4,2,13
,2017_59042,39.676608,-104.959386,5/4/2017 14:45,14:45,12,0,0,UNIVERSITY BOULEVARD 2100 BLOCK SOUTH & WARREN AVENUE EAST,1,1,1,0,1,4,0,,30,0,0,0,0,0,4,3,1
,2017_59043,39.83338151,-104.771988,5/4/2017 14:59,14:59,12,0,0,TOWER ROAD NORTH & PENA BOULEVARD,1,1,0,0,1,1,0,,45,0,0,0,0,0,4,2,13
,2017_59044,39.782394,-104.848956,5/4/2017 15:11,15:11,1,0,0,47TH AVENUE EAST & PARIS STREET NORTH,1,1,0,0,1,1,0,,35,0,0,0,0,0,4,2,7
,2017_59045,39.75453,-104.987421,5/4/2017 16:00,16:00,1,0,0,BROADWAY NORTH & PARK AVENUE WEST,1,1,0,0,1,1,0,,30,0,0,0,0,1,4,2,13
,2017_59046,39.765645,-104.9094225,5/4/2017 16:27,16:27,3,0,0,35TH AVENUE EAST & NEWPORT STREET NORTH,1,1,0,0,1,1,0,,25,0,0,0,0,0,4,2,7
,2017_59047,39.709269,-104.973372,5/4/2017 16:33,16:33,12,0,0,DOWNING STREET 400 BLOCK SOUTH & DAKOTA AVENUE EAST,1,1,0,0,1,4,0,,30,0,0,0,0,0,4,2,13
,2017_59048,39.753999,-104.9842935,8/7/2017 16:15,16:15,12,0,0,CHAMPA STREET & 24TH STREET,2,1,0,1,1,1,0,,,0,0,0,0,0,4,2,13
,2017_59049,39.685671,-104.941818,5/4/2017 16:33,16:33,10,0,0,MEXICO AVENUE EAST & HARRISON STREET SOUTH,1,1,0,0,1,1,0,,25,0,0,0,0,0,4,2,8