id,drcog_id,latitude,longitude,crashtime,time,crashtype,numbkilled,numbinjurd,drcoglocat,rdconditin,lightngcon,roadcntgrd,weatherco,location,roaddescrp,constrzone,schoolzone,splimit,bikeinv,pedinv,sctrinv,motoinv,svrty,rdsystem,ttlvehcls,hcf
,2017_59050,39.705696,-104.987583,5/4/2017 16:52,16:52,12,0,0,CENTER AVENUE EAST & BROADWAY STREET SOUTH,1,1,0,0,1,4,0,,30,0,0,0,0,0,4,2,8
,2017_59051,39.79571674,-104.9032445,5/4/2017 17:30,17:30,12,0,0,QUEBEC 5500 BLOCK NORTH & 56TH AVENUE EAST,1,1,0,0,1,3,0,,40,0,0,0,0,0,4,2,13
,2017_59052,39.747447,-104.9081355,5/4/2017 18:07,18:07,3,0,0,MONTVIEW BOULEVARD & ONEIDA STREET NORTH,1,1,0,0,1,1,0,,35,0,0,0,0,0,4,2,13
,2017_59053,39.754719,-104.908122,5/4/2017 19:36,19:36,12,0,0,26TH AVENUE EAST & ONEIDA STREET NORTH,1,1,0,0,1,1,0,,,0,0,0,0,1,4,2,13
,2017_59055,39.748887,-104.9874525,5/4/2017 20:48,20:48,15,0,0,20TH STREET & BROADWAY NORTH,1,3,0,0,1,1,0,,,0,0,0,0,0,4,2,13
,2017_59056,39.703833,-104.9500125,5/4/2017 22:26,22:26,6,0,0,EXPOSITION AVENUE & STEELE STREET SOUTH,1,3,0,0,1,4,0,,30,0,0,0,0,0,4,2,5
,2017_59057,39.762,-104.912865,5/4/2017 23:08,23:08,3,0,0,MLK BOULEVARD EAST & MONACO STREET NORTH,1,3,0,0,1,1,0,,30,0,0,0,0,0,4,2,16
,2017_59058,39.753576,-104.9940135,5/5/2017 1:37,1:37,6,0,0,MARKET STREET & 1949 MARKET STREET,1,3,0,0,5,4,0,,,0,0,0,0,0,3,2,13
,2017_59059,39.74796,-104.9885415,5/5/2017 7:59,7:59,10,0,0,CALIFORNIA STREET & 19TH STREET,1,1,0,0,1,4,0,,25,0,0,0,0,0,4,2,14
,2017_59060,39.720105,-104.9775525,5/5/2017 7:59,7:59,15,0,1,SPEER BOULEVARD EAST & THIRD AVENUE EAST / PEARL STREET INSCT,1,1,0,0,1,4,0,,35,0,0,0,0,2,4,3,13
,2017_59061,39.782385,-104.847093,5/5/2017 8:55,8:55,5,0,0,47TH AVENUE EAST & PEORIA STREET NORTH,1,1,0,0,2,1,0,,35,0,0,0,0,0,4,2,13
,2017_59062,39.741948,-104.8846725,5/5/2017 9:05,9:05,3,0,0,16TH AVENUE EAST & YOSEMITE STREET NORTH,1,1,0,0,1,1,0,,25,0,0,0,0,0,4,2,13
,2017_59063,39.741318,-104.9919615,5/5/2017 9:13,9:13,3,0,0,14TH STREET & TREMONT PLACE,1,1,0,0,1,1,0,,30,0,0,0,0,0,4,2,16
,2017_59064,39.716235,-104.949963,5/5/2017 9:29,9:29,15,0,0,STEELE STREET 000 BLOCK SOUTH & ELLSWORTH AVENUE EAST,1,1,0,0,1,4,0,,30,0,0,0,0,0,4,2,16
,2017_59065,39.703887,-104.912964,5/5/2017 10:00,10:00,12,0,0,MONACO STREET 600 BLOCK SOUTH & EXPOSITION AVENUE EAST,1,1,1,0,1,3,0,,35,0,0,0,0,0,4,3,16
,2017_59066,39.780207,-105.0404355,5/5/2017 10:00,10:00,3,0,0,46TH AVENUE WEST & QUITMAN STREET NORTH,1,1,0,0,1,1,0,,25,0,0,0,0,0,4,2,14
,2017_59067,39.776562,-105.0439815,5/5/2017 11:07,11:07,6,0,0,44TH AVENUE 4300 BLOCK WEST & TENNYSON STREET NORTH,1,1,1,0,1,4,0,,25,0,0,0,0,0,4,2,16
,2017_59068,39.726594,-104.987412,5/5/2017 11:20,11:20,10,0,0,BROADWAY NORTH & SPEER BOULEVARD,1,1,1,0,1,1,0,,30,0,0,0,0,0,4,2,8
,2017_59069,39.758499,-105.034617,5/5/2017 11:58,11:58,1,0,0,29TH AVENUE WEST & LOWELL BOULEVARD NORTH,1,1,0,0,1,1,0,,35,0,0,0,0,0,4,2,14
,2017_59070,39.784005,-104.84712,5/5/2017 12:00,12:00,3,0,0,PEORIA STREET NORTH & ALBROOK DRIVE EAST,1,1,0,0,1,2,0,,30,0,0,0,0,0,4,2,16
,2017_59071,39.718332,-104.987502,5/5/2017 13:15,13:15,3,0,0,BROADWAY NORTH & FIRST AVENUE WEST,1,1,0,0,1,1,0,,30,0,0,0,0,0,4,2,13
,2017_59072,39.736863,-104.996484,5/5/2017 14:25,14:25,3,0,0,13TH AVENUE WEST & SPEER BOULEVARD NORTH,1,1,0,0,1,1,0,,35,0,0,0,0,0,4,2,12
,2017_59073,39.729078,-104.9706045,5/5/2017 14:36,14:36,12,0,0,EIGHTH AVENUE 1400 BLOCK EAST & LAFAYETTE STREET NORTH,1,1,1,0,1,4,0,,30,0,0,0,0,0,4,3,3
,2017_59074,39.762108,-105.0487425,5/15/2017 18:50,18:50,3,0,0,32ND AVENUE WEST & WOLFF STREET NORTH,1,1,0,0,1,1,0,,,0,0,0,0,0,4,2,13
,2017_59076,39.711141,-104.9863905,5/5/2017 15:20,15:20,15,0,0,LINCOLN STREET & ALAMEDA AVENUE EAST,1,1,0,0,1,4,0,,30,0,0,0,0,0,4,2,13
,2017_59077,39.754494,-104.9696235,5/5/2017 15:38,15:38,3,0,0,26TH AVENUE EAST & HUMBOLDT STREET NORTH,1,1,0,0,1,1,0,,30,0,0,0,0,0,4,2,13
,2017_59078,39.750786,-104.9970735,5/5/2017 15:45,15:45,3,0,0,17TH STREET & MARKET STREET,1,1,0,0,1,1,0,,30,0,0,0,0,0,4,2,12
,2017_59079,39.762108,-105.032241,5/5/2017 15:50,15:50,6,0,0,32ND AVENUE WEST & JULIAN STREET NORTH,1,1,0,0,1,4,0,,30,0,0,0,0,0,4,2,13
,2017_59080,39.72726,-104.9861565,5/5/2017 16:00,16:00,6,0,0,LINCOLN STREET NORTH & SEVENTH AVENUE EAST,1,1,0,0,1,4,0,,25,0,0,0,1,0,4,2,13
,2017_59081,39.678507,-104.9722875,5/5/2017 16:10,16:10,3,0,0,AMRION STREET SOUTH & EVANS AVENUE EAST,1,1,0,0,1,1,0,,35,0,0,0,0,1,4,2,13
,2017_59082,39.736863,-105.005322,5/5/2017 16:19,16:19,3,0,0,OSAGE STREET NORTH & 13TH AVENUE WEST,1,1,0,0,1,1,0,,30,0,0,0,0,0,4,2,13
,2017_59083,39.747465,-104.9746905,5/5/2017 16:23,16:23,6,0,0,20TH AVENUE & OGDEN STREET,1,1,0,0,1,4,0,,25,0,0,0,0,1,4,4,10
,2017_59084,39.783609,-104.772222,5/5/2017 16:59,16:59,1,0,0,GREEN VALLEY RANCH BOULEVARD & TOWER ROAD NORTH,1,1,0,0,1,2,0,,35,0,0,0,0,0,4,2,13
,2017_59085,39.667455,-104.9344155,5/5/2017 17:58,17:58,3,0,1,CHERRY STREET SOUTH & YALE AVENUE EAST,1,1,0,0,1,1,0,,25,0,0,0,0,2,4,2,1
,2017_59086,39.759282,-104.993892,5/5/2017 18:30,18:30,15,0,0,PARK AVENUE & WEWATTA STREET,1,1,0,0,1,1,0,,35,0,0,0,0,0,4,2,8
,2017_59087,39.742245,-104.99076,5/5/2017 18:40,18:40,15,0,0,15TH STREET & TREMONT PLACE,1,1,0,0,1,4,0,,25,0,0,0,0,0,4,2,13
,2017_59088,39.760326,-105.0346035,5/5/2017 21:00,21:00,6,0,0,LOWELL BOULEVARD NORTH & 30TH AVENUE WEST,1,3,0,0,1,4,0,,25,0,0,0,0,0,4,2,5
,2017_59089,39.743388,-104.987394,5/5/2017 21:29,21:29,15,0,0,COURT PLACE & BROADWAY NORTH,1,3,0,0,1,1,0,,30,0,0,0,0,0,4,2,13
,2017_59090,39.780144,-104.829624,5/5/2017 22:15,22:15,6,0,0,CRYSTAL STREET NORTH & ELK PLACE EAST,1,3,0,0,1,3,0,,25,0,0,0,0,0,4,4,5
,2017_59091,39.770298,-104.9789115,5/5/2017 23:15,23:15,3,0,0,35TH STREET & BRIGHTON BOULEVARD NORTH,1,3,0,0,1,1,0,,25,0,0,0,0,0,4,2,8
,2017_59092,39.678453,-104.945193,5/5/2017 23:15,23:15,12,0,0,EVANS AVENUE EAST & MONROE STREET SOUTH,1,3,0,0,1,1,0,,30,0,0,0,0,0,4,2,13
,2017_59093,39.710151,-104.870754,5/5/2017 23:18,23:18,3,0,0,ALAMEDA AVENUE EAST & GALENA WAY SOUTH,1,3,0,0,1,3,0,,30,0,0,0,0,0,4,2,14
,2017_59094,39.769272,-105.006456,5/6/2017 0:15,0:15,12,0,0,38TH AVENUE WEST & PECOS STREET NORTH,1,3,0,0,1,3,0,,35,0,0,0,0,0,4,2,5
,2017_59095,39.752892,-104.9921415,5/6/2017 1:45,1:45,12,0,0,LARIMER STREET 2000 BLOCK & 20TH STREET,1,3,0,7,1,4,0,,30,0,0,0,0,0,4,2,16
,2017_59096,39.741426,-104.9988915,5/6/2017 2:13,2:13,5,0,1,STOUT STREET & SPEER BOULEVARD,1,3,0,0,2,4,0,,30,0,0,0,0,2,4,1,5
,2017_59097,39.689487,-105.04107,5/6/2017 2:30,2:30,6,0,0,QUITMAN STREET & FLORIDA AVENUE WEST,1,3,0,0,1,4,0,,30,0,0,0,0,0,4,3,1
,2017_59098,39.83338151,-104.771988,5/6/2017 5:47,5:47,15,0,0,PENA BOULEVARD & TOWER ROAD,1,2,0,0,1,4,0,,65,0,0,0,0,0,4,2,14
,2017_59099,39.674808,-104.9330745,5/6/2017 7:00,7:00,6,0,0,ILIFF AVENUE EAST & DEXTER STREET SOUTH,1,3,0,0,1,4,0,,30,0,0,0,0,0,4,2,13
,2017_59100,39.781782,-104.772267,5/6/2017 7:10,7:10,12,0,0,TOWER ROAD NORTH & 47TH AVENUE EAST,1,1,0,0,1,3,0,,40,0,0,0,0,0,4,2,13
,2017_59101,39.70653203,-104.9875954,5/6/2017 7:25,7:25,5,0,0,BROADWAY SOUTH & 2651 BLOCK SOUTH,1,1,0,0,3,1,0,,35,0,0,0,0,0,4,1,13
,2017_59102,39.742245,-104.99076,5/6/2017 8:45,8:45,15,0,0,TREMONT PLACE & 15TH STREET,1,1,0,0,1,4,0,,25,0,0,0,0,0,4,2,16
,2017_59103,39.7170765,-104.8955513,5/6/2017 9:05,9:05,10,0,0,LOWRY BOULEVARD EAST ROUNDABOUT & FAIRMOUNT DRIVE EAST,1,1,0,0,1,1,0,,15,0,0,0,0,0,4,2,13
,2017_59104,39.749319,-104.9903145,5/6/2017 9:47,9:47,15,0,0,19TH STREET & CHAMPA STREET,1,1,1,0,1,4,0,,25,0,0,0,0,0,4,2,13
,2017_59105,39.748023,-105.0006915,5/7/2017 0:32,0:32,15,0,0,MARKET STREET & 14TH STREET,1,3,0,0,1,4,0,,25,0,0,0,0,0,4,2,7
,2017_59106,39.83868479,-104.6719364,5/6/2017 10:10,10:10,12,0,0,PENA BOULEVARD INBOUND 8300 BLOCK & 8400 PENA BOULEVARD DOOR,1,1,0,0,1,4,0,,15,0,0,0,0,0,4,2,1
,2017_59107,39.736908,-105.012342,5/7/2017 16:30,16:30,6,0,0,13TH AVENUE WEST & UMATILLA STREET NORTH,2,1,0,0,1,4,0,,35,0,0,0,0,0,4,2,13
,2017_59108,39.748122,-104.993595,5/6/2017 11:52,11:52,12,0,0,CURTIS STREET & 17TH STREET,1,1,0,0,1,1,1,,30,0,0,0,0,1,4,2,13
,2017_59109,39.770523,-105.0041925,5/6/2017 12:05,12:05,6,0,0,NAVAJO STREET NORTH & 39TH AVENUE WEST,1,1,0,0,1,3,0,,25,0,0,0,0,0,4,2,13
,2017_59110,39.770685,-105.0038415,5/6/2017 12:05,12:05,6,0,0,NAVAJO STREET NORTH 3900 BLOCK & 39TH AVENUE WEST,1,1,0,0,1,3,0,,25,0,0,0,0,0,4,2,13
,2017_59111,39.789279,-104.8471785,5/6/2017 12:30,12:30,3,0,0,PEORIA STREET NORTH & 51ST AVENUE EAST,1,1,0,0,1,1,0,,40,0,0,0,0,0,4,2,13
,2017_59112,39.719403,-104.9498415,5/6/2017 13:30,13:30,15,0,0,SECOND AVENUE & STEELE STREET NORTH,1,1,0,0,1,4,0,,20,0,0,0,0,0,4,3,13
,2017_59113,39.734919,-105.0393015,5/6/2017 14:10,14:10,6,0,0,PERRY STREET NORTH & 12TH AVENUE WEST,1,1,1,0,1,4,0,,25,0,0,0,0,0,4,2,5
,2017_59114,39.780162,-105.0064425,5/6/2017 17:21,17:21,1,0,0,46TH AVENUE WEST & PECOS STREET NORTH,1,1,0,0,1,1,0,,25,0,0,0,0,0,4,2,13
,2017_59115,39.744801,-104.9861205,5/6/2017 17:49,17:49,10,0,0,LINCOLN STREET NORTH & 18TH AVENUE EAST,1,1,0,0,1,1,0,,45,0,0,0,0,0,4,2,14
,2017_59116,39.744837,-104.974803,5/6/2017 20:40,20:40,12,0,0,PARK AVENUE & 18TH AVENUE EAST,1,1,0,0,1,4,0,,30,0,0,0,0,1,4,2,13
,2017_59117,39.772953,-104.99481,5/6/2017 22:30,22:30,10,0,0,41ST AVENUE WEST & FOX STREET NORTH,1,3,0,0,1,1,1,,30,0,0,0,0,0,4,2,13
,2017_59118,39.725649,-104.986314,5/6/2017 23:23,23:23,3,0,0,SIXTH AVENUE EAST & LINCOLN STREET NORTH,1,3,0,0,1,1,0,,30,0,0,0,0,0,4,2,13
,2017_59119,39.75453,-104.987421,5/7/2017 0:04,0:04,1,0,0,BROADWAY NORTH & PARK AVENUE WEST,1,1,0,7,1,1,0,,30,0,0,0,0,0,4,2,7
,2017_59120,39.733839,-104.9873895,5/7/2017 2:00,2:00,1,0,0,11TH AVENUE EAST & BROADWAY STREET NORTH,1,3,1,0,1,1,0,,30,0,0,0,0,0,4,2,3
,2017_59121,39.77614197,-104.8469535,5/7/2017 2:25,2:25,14,0,1,PEORIA STREET NORTH FRONTAGE EAST NOT CDOT & 3800 BLOCK NORTH,1,3,0,0,1,4,0,,25,0,0,0,0,2,4,2,5
,2017_59122,39.630996,-105.0390225,5/7/2017 2:50,2:50,6,0,1,WAGONTRAIL DRIVE WEST & NEWTON STREET SOUTH,1,3,0,0,2,4,0,,25,0,0,0,0,2,4,3,5
,2017_59123,39.696615,-104.912973,5/7/2017 3:20,3:20,6,0,0,MONACO STREET SOUTH & MISSISSIPPI AVENUE EAST,1,3,0,0,1,4,0,,35,0,0,0,0,0,4,2,2
,2017_59124,39.691422,-104.912901,5/7/2017 6:15,6:15,3,0,0,CHERRY CREEK NORTH DRIVE EAST & MONACO STREET SOUTH,1,2,0,0,1,1,0,,35,0,0,0,0,1,4,2,5
,2017_59125,39.725649,-104.986314,5/7/2017 11:50,11:50,15,0,0,SIXTH AVENUE EAST & LINCOLN STREET NORTH,1,1,0,0,1,1,0,,30,0,0,0,0,0,4,2,13
,2017_59126,39.769398,-105.0299505,5/7/2017 11:55,11:55,1,0,0,38TH AVENUE 3300 BLOCK WEST & IRVING STREET NORTH,1,1,0,0,1,2,0,,35,0,0,0,0,0,4,2,16
,2017_59127,39.769407,-105.0474645,5/7/2017 12:15,12:15,5,0,0,38TH AVENUE & WINONA COURT,1,1,0,0,3,2,1,,35,0,0,0,0,0,4,1,7
,2017_59128,39.716622,-105.0203835,5/7/2017 12:55,12:55,6,0,0,ELLSWORTH AVENUE WEST & CLAY STREET,1,1,0,0,1,4,0,,,0,0,0,0,0,4,2,13
,2017_59129,39.725694,-104.9985945,5/7/2017 13:36,13:36,15,0,0,SANTA FE DRIVE NORTH & SIXTH AVENUE WEST,1,1,0,0,1,1,0,,35,0,0,0,0,0,4,2,16
,2017_59130,39.767382,-104.90346,5/7/2017 15:10,15:10,10,0,0,QUEBEC STREET NORTH & 36TH AVENUE EAST,2,1,0,1,1,1,0,,35,0,0,0,0,0,4,2,7
,2017_59131,39.709026,-104.875443,5/7/2017 15:13,15:13,10,0,0,DAYTON STREET & ALAMEDA AVENUE EAST,2,1,0,1,1,2,0,,25,0,0,0,0,0,4,2,13
,2017_59132,39.755565,-104.987448,5/7/2017 16:45,16:45,3,0,0,LAWRENCE STREET & BROADWAY STREET NORTH,2,1,0,1,1,1,0,,30,0,0,0,0,0,4,2,16
,2017_59133,39.678444,-104.9209965,5/7/2017 16:56,16:56,12,0,0,EVANS AVENUE EAST & IVANHOE STREET SOUTH,2,1,0,1,1,1,0,,35,0,0,0,0,0,4,2,3
,2017_59134,39.776562,-105.0439815,5/13/2017 21:24,21:24,6,0,0,44TH AVENUE WEST & TENNYSON STREET NORTH,1,3,0,0,1,4,0,,,0,0,0,0,1,4,4,13
,2017_59135,39.678435,-104.922234,5/7/2017 17:28,17:28,12,0,0,EVANS AVENUE 5700 EAST & HOLLY STREET SOUTH,2,1,0,0,1,4,0,,35,0,0,0,0,0,4,2,16
,2017_59137,39.69666,-104.8917105,5/7/2017 20:46,20:46,3,0,0,VALENTIA STREET & MISSISSIPPI AVENUE EAST,1,3,0,0,1,2,0,,35,0,0,0,0,0,4,2,13
,2017_59138,39.748878,-104.987448,5/7/2017 21:48,21:48,15,0,0,20TH STREET 700 BLOCK & BROADWAY STREET NORTH,1,3,0,7,1,4,0,,25,0,0,0,0,0,4,2,8
,2017_59139,39.74166,-104.981094,5/7/2017 22:09,22:09,3,0,0,PENNSYLVANIA STREET NORTH & 16TH AVENUE EAST,1,1,0,0,1,1,0,,30,0,0,0,0,0,4,2,13
,2017_59140,39.762027,-104.9826015,5/8/2017 8:00,8:00,15,0,0,WALNUT STREET & 29TH STREET,1,1,0,0,1,4,0,,30,0,0,0,0,0,4,2,13
,2017_59141,39.725649,-104.986314,5/8/2017 8:15,8:15,12,0,0,SIXTH AVENUE 00 BLOCK EAST & LINCOLN AVENUE NORTH,1,1,0,0,1,4,0,,30,0,0,0,0,0,4,2,16
,2017_59142,39.74483072,-104.9597645,5/8/2017 8:20,8:20,12,0,0,YORK STREET 1800 BLOCK NORTH & 18TH AVENUE EAST,1,1,0,0,1,4,0,,30,0,0,0,0,0,4,3,7
,2017_59143,39.740175,-104.9547285,5/8/2017 9:00,9:00,6,0,0,DETROIT STREET & COLFAX AVENUE EAST,1,1,0,0,1,4,0,,,0,0,0,0,0,4,2,13
,2017_59144,39.733038,-104.99292,5/8/2017 10:05,10:05,15,0,0,SPEER BOULEVARD NORTH & DELAWARE STREET NORTH,1,1,0,0,1,3,0,,30,0,0,0,0,0,4,2,16
,2017_59145,39.844602,-104.6809395,5/8/2017 10:45,10:45,6,0,0,PENA BOULEVARD INBOUND & 8400 BLOCK,1,1,0,0,1,4,0,,,0,0,0,0,0,4,2,13
,2017_59146,39.728934,-104.992866,5/11/2017 17:43,17:43,12,0,0,EIGHTH AVENUE WEST & DELAWARE STREET NORTH,1,1,1,0,1,1,0,,30,0,0,0,0,0,4,2,16
,2017_59147,39.774105,-104.882778,5/8/2017 11:05,11:05,12,0,0,CENTRAL PARK BOULEVARD 3900 BLOCK NORTH & 40TH AVENUE EAST,1,1,1,0,1,4,0,,30,0,0,0,0,0,4,2,16
,2017_59148,39.753045,-105.04629,8/10/2017 21:00,21:00,5,0,0,BYRON PLACE WEST & VRAIN STREET NORTH,1,3,0,0,2,4,0,,25,0,0,0,0,0,4,1,13
,2017_59149,39.736863,-104.9799015,5/8/2017 11:20,11:20,10,0,0,13TH AVENUE EAST & PEARL STREET NORTH,1,1,0,0,1,1,0,,30,0,0,0,0,0,4,2,13
,2017_59150,39.736566,-105.0322455,5/8/2017 11:31,11:31,6,0,0,13TH AVENUE WEST & KNOX COURT NORTH,1,1,0,0,1,4,0,,30,0,0,0,0,0,4,2,1
,2017_59151,39.678435,-104.912892,5/8/2017 11:40,11:40,15,0,0,EVANS AVENUE EAST & MONACO STREET SOUTH,1,1,0,0,1,4,0,,35,0,0,0,0,0,4,2,14
,2017_59152,39.729213,-104.9339925,5/8/2017 11:59,11:59,10,0,0,CHERRY STREET NORTH & EIGHTH AVENUE EAST,1,1,0,0,1,1,0,,25,0,0,0,0,0,4,2,13
,2017_59153,39.738321,-104.917248,5/8/2017 12:11,12:11,10,0,0,14TH AVENUE EAST & KEARNEY STREET NORTH,1,1,0,0,1,1,0,,30,0,0,0,0,0,4,2,8
,2017_59154,39.748932,-105.001254,5/8/2017 12:16,12:16,15,0,0,BLAKE STREET & 14TH STREET,1,1,0,0,1,3,0,,25,0,0,0,0,0,4,2,16
,2017_59155,39.744837,-104.976144,5/8/2017 12:55,12:55,10,0,0,18TH AVENUE EAST & EMERSON STREET NORTH,1,1,0,0,1,1,0,,35,0,0,0,0,0,4,2,4
,2017_59156,39.703851,-104.95935,5/8/2017 13:31,13:31,15,0,0,EXPOSITION AVENUE EAST & UNIVERSITY BOULEVARD SOUTH,1,1,0,0,1,4,0,,,0,0,0,0,0,4,2,13
,2017_59157,39.643425,-104.893929,5/8/2017 14:00,14:00,12,0,0,TAMARAC DRIVE SOUTH & PRINCETON AVENUE EAST,1,1,0,0,1,1,0,,30,0,0,0,0,1,4,2,10
,2017_59158,39.729087,-104.986152,5/8/2017 14:27,14:27,3,0,0,EIGHTH AVENUE EAST & LINCOLN STREET NORTH,2,1,1,1,1,1,0,,15,0,0,0,0,0,4,2,14
,2017_59159,39.713364,-105.039693,5/8/2017 15:16,15:16,3,0,0,CEDAR AVENUE WEST & PERRY STREET SOUTH,2,1,1,2,1,3,0,,25,0,0,0,0,0,4,2,13
,2017_59161,39.738258,-104.9394915,5/8/2017 15:24,15:24,15,0,0,14TH AVENUE EAST & ALBION STREET NORTH,6,1,0,2,1,1,0,,30,0,0,0,0,0,4,2,14
,2017_59162,39.678489,-104.9875605,5/8/2017 15:27,15:27,12,0,0,EVANS AVENUE WEST & BROADWAY STREET SOUTH,2,1,0,1,1,4,0,,25,0,0,0,0,0,4,2,13
,2017_59163,39.705696,-104.982804,5/8/2017 15:40,15:40,3,0,0,CENTER AVENUE EAST & LOGAN STREET SOUTH,2,1,0,1,1,1,0,,25,0,0,0,0,0,4,2,13
,2017_59164,39.766266,-104.973633,5/8/2017 18:25,18:25,3,0,0,35TH STREET & LAWRENCE STREET,2,1,0,1,1,1,0,,30,0,0,0,0,0,4,2,13
,2017_59165,39.714714,-104.9791905,5/8/2017 16:05,16:05,3,0,0,WASHINGTON STREET 100 BLOCK SOUTH & BAYAUD AVENUE EAST,2,1,0,1,1,2,0,,25,0,0,0,0,0,4,3,7
,2017_59166,39.775842,-104.8222935,5/8/2017 16:17,16:17,9,0,1,ANDREWS DRIVE & DURHAM COURT NORTH,2,1,0,2,1,4,0,,25,0,0,0,0,2,4,2,13
,2017_59167,39.748491,-104.984424,5/8/2017 17:14,17:14,3,0,0,GLEMARM PLACE & 21ST STREET,2,1,0,1,1,1,0,,35,0,0,0,0,0,4,2,14
,2017_59168,39.707478,-104.912946,5/8/2017 17:15,17:15,12,0,0,MONACO STREET SOUTH & VIRGINIA AVENUE EAST,2,1,0,1,1,3,0,,35,0,0,0,0,1,4,2,3
,2017_59169,39.689316,-104.950035,5/8/2017 17:34,17:34,12,0,0,FLORIDA AVENUE EAST & STEELE STREET SOUTH,2,1,0,1,1,4,0,,30,0,0,0,0,0,4,2,16
,2017_59170,39.711114,-104.9605605,5/8/2017 17:42,17:42,3,0,0,ALAMEDA AVENUE & YORK STREET SOUTH,2,2,0,1,1,1,0,,25,0,0,0,0,0,4,2,13
,2017_59171,39.743226,-104.9721525,5/8/2017 17:45,17:45,3,0,0,17TH AVENUE EAST & MARION STREET NORTH,2,1,0,1,1,1,0,,25,0,0,0,0,0,4,2,13
,2017_59172,39.790305,-104.863302,5/9/2017 3:03,3:03,5,0,0,51ST AVENUE EAST & IRONTON STREET NORTH,2,3,1,0,2,4,0,,30,0,0,0,0,0,4,1,1
,2017_59173,39.747456,-104.885802,5/8/2017 17:59,17:59,3,0,0,MONTVIEW BOULEVARD EAST & XENIA STREET NORTH,2,1,0,1,1,1,0,,25,0,0,0,0,0,4,2,3
,2017_59174,39.69846,-104.9129235,5/8/2017 18:12,18:12,15,0,0,MONACO STREET SOUTH & TENNESSEE AVENUE EAST,2,1,0,1,1,1,0,,25,0,0,0,0,1,4,2,13
,2017_59175,39.77892,-104.9541255,5/8/2017 18:23,18:23,3,0,0,45TH AVENUE EAST & CLAYTON STREET NORTH,2,1,0,1,1,1,0,,25,0,0,0,0,0,4,2,13
,2017_59176,39.83661322,-104.6679149,5/10/2017 13:45,13:45,9,0,0,PENA BOULEVARD 7600 BLOCK & HARRY B COMBS PARKWAY,2,1,0,1,1,4,0,,45,0,0,0,0,0,4,1,1
,2017_59177,39.74481,-104.977566,5/10/2017 9:15,9:15,15,0,0,18TH AVENUE 736 EAST & CLARKSON STREET NORTH,1,1,0,0,1,4,0,,35,0,0,0,0,0,4,2,13
,2017_59178,39.774942,-104.9780205,5/8/2017 19:05,19:05,15,0,0,38TH STREET & ARKINS COURT,2,1,0,1,1,4,0,,30,0,0,0,0,0,4,2,3
,2017_59179,39.759579,-105.0017805,5/8/2017 20:17,20:17,1,0,0,20TH STREET & LITTLE RAVEN STREET,2,3,1,0,1,1,0,,35,0,0,0,0,0,4,2,13
,2017_59180,39.718404,-104.903784,5/8/2017 20:25,20:25,5,0,0,QUEBEC STREET NORTH & FIRST AVENUE EAST,2,3,0,1,2,4,0,,35,0,0,0,0,0,4,1,7
,2017_59181,39.757887,-104.9917545,5/8/2017 21:30,21:30,10,0,0,PARK AVENUE WEST & WAZEE STREET,1,3,1,0,1,1,0,,30,0,0,0,0,0,4,2,8
,2017_59182,39.798234,-104.7721815,5/8/2017 22:00,22:00,5,0,0,56TH AVENUE & TOWER ROAD NORTH,2,3,0,0,3,4,0,,40,0,0,0,0,0,4,1,13
,2017_59183,39.711186,-104.997132,5/8/2017 22:35,22:35,5,0,0,SANTA FE DRIVE SOUTH & ALAMEDA AVENUE WEST,2,3,0,0,3,1,0,,35,0,0,0,0,0,4,1,5
,2017_59184,39.736863,-104.982336,5/8/2017 22:45,22:45,3,0,0,13TH AVENUE EAST & LOGAN STREET NORTH,2,3,0,1,1,1,0,,,0,0,0,0,0,4,2,13
,2017_59185,39.755205,-105.0129315,5/8/2017 23:47,23:47,12,0,0,SPEER BOULEVARD & I25,2,3,0,0,1,4,0,,,0,0,0,0,0,4,2,13
,2017_59186,39.754845,-105.0334605,5/9/2017 1:39,1:39,5,0,0,KING STREET NORTH & 26TH AVENUE WEST,2,3,0,1,3,3,0,,25,0,0,0,0,0,4,1,2
,2017_59187,39.701889,-105.0514605,5/9/2017 7:17,7:17,13,0,1,YATES STREET SOUTH & OHIO AVENUE WEST,1,1,0,0,3,4,0,,25,0,0,0,0,2,4,4,13
,2017_59188,39.77794247,-104.95827,5/9/2017 7:30,7:30,12,0,0,32ND AVENUE 2400 BLOCK EAST & JOSEPHINE STREET NORTH,1,1,1,0,1,4,0,,30,0,0,0,0,0,4,2,7
,2017_59189,39.769542,-105.0370335,5/9/2017 7:43,7:43,12,0,0,38TH AVENUE WEST & NEWTON STREET NORTH,2,1,0,0,1,3,0,,35,0,0,0,0,0,4,2,5
,2017_59190,39.73842,-104.9787315,5/9/2017 8:16,8:16,6,0,0,WASHINGTON STREET & 14TH AVENUE,1,1,0,0,1,4,0,,25,0,0,0,0,0,4,2,14
,2017_59191,39.709314,-104.98761,5/9/2017 8:23,8:23,3,0,0,DAKOTA AVENUE EAST & BROADWAY STREET SOUTH,1,1,0,0,1,1,0,,25,0,0,0,0,0,4,2,16
,2017_59192,39.762009,-104.9585625,5/9/2017 8:39,8:39,5,0,0,MLK BOULEVARD & JOSEPHINE STREET NORTH,1,1,0,0,1,1,1,,25,0,0,0,0,0,4,1,13