id,drcog_id,latitude,longitude,crashtime,time,crashtype,numbkilled,numbinjurd,drcoglocat,rdconditin,lightngcon,roadcntgrd,weatherco,location,roaddescrp,constrzone,schoolzone,splimit,bikeinv,pedinv,sctrinv,motoinv,svrty,rdsystem,ttlvehcls,hcf
,2017_59193,39.631329,-104.885316,5/9/2017 8:52,8:52,1,0,0,YOSEMITE STREET SOUTH & UNION AVENUE EAST,1,1,1,1,1,1,0,,35,0,0,0,0,0,4,3,7
,2017_59194,39.772908,-104.9486445,5/9/2017 9:00,9:00,12,0,0,40TH AVENUE 3300 BLOCK EAST & ADAMS STREET NORTH,1,1,1,0,1,4,0,,35,0,0,0,0,0,4,2,3
,2017_59195,39.736908,-105.012342,5/9/2017 9:12,9:12,10,0,0,13TH AVENUE WEST & UMATILLA STREET NORTH,1,1,0,0,1,1,0,,30,0,0,0,0,0,4,2,13
,2017_59196,39.644739,-104.8851225,5/9/2017 10:33,10:33,3,0,0,YOSEMITE STREET SOUTH & MANSFIELD AVENUE EAST,14,1,0,0,1,1,0,,35,0,0,0,0,0,4,2,13
,2017_59197,39.755754,-104.990211,5/9/2017 11:01,11:01,12,0,0,MARKET STREET 2200 BLOCK & 22ND STREET,1,1,0,0,1,4,0,,25,0,0,0,0,0,4,3,13
,2017_59198,39.783177,-105.0439635,5/9/2017 11:05,11:05,3,0,0,48TH AVENUE SOUTH WEST & TENNYSON STREET NORTH,1,1,0,0,1,1,0,,35,0,0,0,0,0,4,2,14
,2017_59199,39.719394,-104.955858,5/9/2017 11:50,11:50,3,0,0,SECOND AVENUE EAST & CLAYTON STREET NORTH,1,1,0,0,1,1,0,,25,0,0,0,0,0,4,2,13
,2017_59200,39.754665,-104.9361255,5/9/2017 11:59,11:59,12,0,0,26TH AVENUE EAST & BIRCH STREET NORTH,1,1,0,0,1,1,0,,30,0,0,0,0,0,4,2,8
,2017_59201,39.718206,-104.954625,5/9/2017 12:05,12:05,1,0,0,FIRST AVENUE EAST & DETROIT STREET NORTH,1,1,0,0,1,1,0,,30,0,0,0,0,0,4,2,13
,2017_59202,39.730473,-104.912811,5/9/2017 12:18,12:18,6,0,0,MONACO PARKWAY NORTHBOUND LANE & NINTH AVENUE EAST,1,1,0,0,1,4,0,,30,0,0,0,0,0,4,2,7
,2017_59203,39.705759,-105.0015105,5/9/2017 13:10,13:10,3,0,0,LIPAN STREET SOUTH & CENTER AVENUE WEST,1,1,1,0,1,1,0,,30,0,0,0,0,0,4,2,13
,2017_59204,39.78702,-104.892291,5/9/2017 14:27,14:27,15,0,0,49TH PLACE EAST & VALENTIA STREET NORTH,1,1,0,0,1,1,0,,25,0,0,0,0,0,4,2,13
,2017_59205,39.7170765,-104.8955513,5/9/2017 14:33,14:33,15,0,0,LOWRY BOULEVARD EAST & FAIRMOUNT DRIVE EAST,1,1,0,0,1,6,0,,15,0,0,0,0,0,4,2,13
,2017_59206,39.7821206,-104.9592915,5/9/2017 14:35,14:35,1,0,0,YORK STREET & 3400 BLOCK NORTH,1,1,0,0,1,2,0,,30,0,0,0,0,0,4,2,3
,2017_59207,39.696624,-104.9874525,5/9/2017 14:40,14:40,12,0,0,BROADWAY STREET SOUTH & MISSISSIPPI AVENUE EAST,1,1,0,0,1,1,0,,25,0,0,0,0,0,4,2,12
,2017_59208,39.748878,-104.987448,5/9/2017 15:25,15:25,12,0,0,BROADWAY STREET NORTH & 20TH STREET,1,1,0,0,1,3,0,,30,0,0,0,0,1,4,2,8
,2017_59209,39.725649,-104.986314,5/9/2017 15:46,15:46,15,0,0,SIXTH AVENUE EAST & LINCOLN STREET NORTH,1,1,0,0,1,1,0,,30,0,0,0,0,0,4,2,13
,2017_59210,39.747456,-104.884695,5/9/2017 16:00,16:00,15,0,0,MONTVIEW BOULEVARD EAST & CENTRAL PARK BOULEVARD,1,1,0,0,1,1,0,,35,0,0,0,0,0,4,2,13
,2017_59211,39.838023,-104.7097305,5/9/2017 16:45,16:45,5,0,0,78TH AVENUE & CALAWBA COURT NORTH,1,1,0,0,2,4,0,,45,0,0,0,0,0,4,1,13
,2017_59212,39.678516,-105.0017625,5/9/2017 16:46,16:46,3,0,0,EVANS AVENUE WEST & LIPAN STREET SOUTH,1,1,0,0,1,1,0,,25,0,0,0,0,0,4,2,13
,2017_59213,39.759579,-105.0017805,5/9/2017 16:49,16:49,15,0,0,20TH STREET & LITTLE RAVEN STREET,1,1,0,0,1,3,0,,30,0,0,0,0,0,4,2,13
,2017_59214,39.747708,-104.990616,5/9/2017 17:23,17:23,12,0,0,18TH STREET & STOUT STREET,1,1,0,0,1,3,0,,25,0,0,0,0,0,4,3,3
,2017_59215,39.641427,-105.0533865,5/9/2017 17:25,17:25,6,0,0,OBERLIN DRIVE WEST & SHERIDAN BOULEVARD SOUTH,1,1,0,0,1,4,0,,,0,0,0,0,0,4,2,13
,2017_59216,39.729114,-104.959071,5/9/2017 17:51,17:51,3,0,0,EIGHTH AVENUE EAST & JOSEPHINE STREET NORTH,1,1,0,0,1,1,0,,30,0,0,0,0,0,4,2,13
,2017_59217,39.67308,-104.9875335,5/9/2017 18:00,18:00,6,0,0,BROADWAY SOUTH & WESLEY AVENUE WEST,1,1,0,0,1,2,0,,35,0,0,0,0,0,4,2,13
,2017_59218,39.67126885,-104.9781445,5/9/2017 18:24,18:24,6,0,0,HARVARD AVENUE & 10000 BLOCK EAST,1,1,1,0,1,4,0,,30,0,0,0,0,0,4,2,1
,2017_59219,39.769263,-105.020523,5/9/2017 20:27,20:27,12,0,0,38TH AVENUE WEST & CLAY STREET NORTH,1,3,0,0,1,3,0,,35,0,0,0,0,1,4,2,13
,2017_59220,39.83346903,-104.692932,5/9/2017 21:12,21:12,12,0,0,PENA BOULEVARD & JACKSON GAP STREET NORTH,1,3,0,0,1,4,0,,35,0,0,0,0,0,4,2,13
,2017_59221,39.714957,-105.046866,5/13/2017 23:00,23:00,6,0,0,BAYAUD AVENUE WEST & WINONA COURT SOUTH,1,3,1,0,1,4,0,,,0,0,0,0,0,4,2,13
,2017_59222,39.790107,-104.8660335,5/9/2017 21:28,21:28,3,0,0,51ST AVENUE EAST & HAVANA STREET NORTH,1,3,1,0,1,1,0,,30,0,0,0,0,0,4,2,5
,2017_59223,39.667626,-104.912964,5/9/2017 22:51,22:51,15,0,0,MONACO STREET 2600 BLOCK SOUTH & YALE AVENUE EAST,1,3,0,0,1,2,0,,35,0,0,0,0,0,4,2,1
,2017_59224,39.758814,-104.983272,5/10/2017 3:25,3:25,3,0,0,LAWRENCE STREET & 27TH STREET,1,1,0,0,1,1,0,,30,0,0,0,0,0,4,2,1
,2017_59225,39.761784,-104.9405175,5/10/2017 7:35,7:35,12,0,0,MLK BOULEVARD & COLORADO BOULEVARD NORTH,1,1,0,0,1,3,0,,35,0,0,0,0,0,4,2,13
,2017_59226,39.691134,-104.9734215,5/10/2017 7:35,7:35,3,0,0,ARKANSAS AVENUE EAST & DOWNING STREET SOUTH,1,1,1,0,1,1,0,,25,0,0,0,0,0,4,2,13
,2017_59227,39.732984,-105.0394815,5/10/2017 7:38,7:38,3,0,0,10TH AVENUE WEST & PERRY STREET NORTH,1,1,0,0,1,1,0,,25,0,0,0,0,0,4,2,14
,2017_59229,39.758463,-105.0520725,5/10/2017 8:02,8:02,6,0,0,ZENOBIA STREET NORTHBOUND 2900 BLOCK NORTH & 29TH AVENUE WEST,1,1,0,0,1,3,0,,25,0,0,0,0,0,4,2,14
,2017_59230,39.758337,-105.009291,5/10/2017 8:15,8:15,10,0,0,CENTRAL STREET & 16TH STREET,1,1,0,0,1,4,0,,30,0,0,0,0,0,4,2,7
,2017_59231,39.760551,-104.9001615,5/10/2017 8:20,8:20,12,0,0,ROSLYN STREET NORTH & MLK BOULEVARD,1,1,0,0,1,1,0,,35,0,0,0,0,0,4,2,13
,2017_59232,39.736782,-104.955084,5/10/2017 8:30,8:30,15,0,0,13TH AVENUE 2600 BLOCK EAST & CLAYTON STREET NORTH,1,1,0,0,1,4,0,,35,0,0,0,0,0,4,3,13
,2017_59233,39.703833,-104.9500125,5/10/2017 8:34,8:34,6,0,0,STEELE STREET 715 SOUTH & EXPOSITION AVENUE EAST,1,1,0,0,1,4,0,,25,0,0,0,0,0,4,2,13
,2017_59234,39.74616,-104.987385,5/10/2017 9:55,9:55,10,0,0,19TH AVENUE EAST & BROADWAY NORTH,1,1,0,0,1,1,0,,30,0,0,0,0,1,4,2,13
,2017_59235,39.733839,-104.987394,5/10/2017 10:00,10:00,12,0,0,11TH AVENUE WEST & BROADWAY STREET NORTH,1,1,0,0,1,1,0,,,0,0,0,0,0,4,2,13
,2017_59236,39.758247,-104.987457,5/10/2017 10:34,10:34,12,0,0,WALNUT STREET 2400 BLOCK & BROADWAY STREET NORTH,1,1,0,7,1,4,0,,30,0,0,0,0,1,4,2,8
,2017_59237,39.703932,-104.9804325,5/10/2017 10:35,10:35,15,0,0,EXPOSITION AVENUE & PEARL STREET SOUTH,1,1,0,0,1,4,0,,25,0,0,0,0,0,4,2,1
,2017_59238,39.74075888,-104.9959996,5/10/2017 11:30,11:30,12,0,0,WELTON STREET 1200 BLOCK & 13TH STREET,2,1,0,1,1,4,0,,25,0,0,0,0,1,4,2,13
,2017_59239,39.7821206,-104.9592915,5/10/2017 11:49,11:49,12,0,0,YORK STREET & 1300 BLOCK NORTH,2,1,0,1,1,4,0,,30,0,0,0,0,0,4,2,13
,2017_59240,39.676608,-104.959386,5/10/2017 12:00,12:00,12,0,0,UNIVERSITY BOULEVARD 2200 BLOCK SOUTH & WARREN AVENUE EAST,1,1,1,0,1,3,0,,30,0,0,0,0,0,4,3,13
,2017_59241,39.725343,-105.0092415,5/10/2017 12:35,12:35,12,0,0,RARITAN WAY & SIXTH AVENUE WEST FRONTAGE NOT CDOT,2,1,1,1,1,4,0,,25,0,0,0,0,0,4,2,13
,2017_59242,39.844602,-104.6809395,5/10/2017 16:32,16:32,5,0,0,PENA BOULEVARD & HARRY COMBS PARKWAY,2,1,1,0,3,4,0,,35,0,0,0,0,0,4,1,1
,2017_59243,39.746403,-105.0014385,5/10/2017 12:55,12:55,10,0,0,SPEER BOULEVARD & LARIMER STREET,1,1,0,0,1,2,0,,35,0,0,0,0,1,4,2,13
,2017_59244,39.678435,-104.9251905,5/10/2017 13:06,13:06,15,0,0,EVANS AVENUE 5400 BLOCK EAST & GRAPE STREET SOUTH,2,1,1,1,1,3,0,,30,0,0,0,0,0,4,2,16
,2017_59245,39.728934,-104.9906115,5/10/2017 14:00,14:00,3,0,0,EIGHTH AVENUE WEST & SPEER BOULEVARD NORTH,1,1,0,0,1,1,0,,35,0,0,0,0,0,4,2,13
,2017_59246,39.780342,-104.963463,5/10/2017 14:11,14:11,5,0,0,46TH AVENUE EAST & RACE STREET NORTH,1,1,1,0,2,4,0,,30,0,0,0,0,0,4,1,14
,2017_59247,39.747357,-104.999841,5/10/2017 14:15,14:15,15,0,0,LARIMER STREET & 14TH STREET,1,1,0,0,1,5,0,,30,0,0,0,0,0,4,2,8
,2017_59248,39.783609,-104.772222,5/10/2017 14:19,14:19,3,0,0,TOWER ROAD NORTH & GREEN VALLEY RANCH BOULEVARD EAST,2,1,0,1,1,1,0,,40,0,0,0,0,0,4,2,7
,2017_59249,39.83338151,-104.771988,5/10/2017 14:50,14:50,5,0,0,PENA BOULEVARD & TOWER ROAD,2,1,0,1,2,4,0,,65,0,0,0,0,0,4,1,7
,2017_59250,39.728934,-104.9906115,5/10/2017 14:53,14:53,12,0,0,SPEER BOULEVARD 700 BLOCK NORTH & EIGHTH AVENUE WEST,2,1,0,1,1,3,0,,30,0,0,0,0,0,4,2,13
,2017_59251,39.755088,-104.988114,5/10/2017 15:22,15:22,15,0,0,LAWRENCE STREET & PARK AVENUE WEST,2,1,0,1,1,4,0,,,0,0,0,0,0,4,2,13
,2017_59252,39.657042,-104.8848255,5/10/2017 15:29,15:29,12,0,0,YOSEMITE STREET 3200 BLOCK SOUTH & EASTMAN PLACE EAST,1,1,1,7,1,3,0,,35,0,0,0,0,0,4,2,3
,2017_59253,39.790242,-105.010191,5/10/2017 15:40,15:40,15,0,0,SHOSHONE STREET & 1300 BLOCK SOUTH,2,1,0,1,1,4,0,,25,0,0,0,0,1,4,2,14
,2017_59255,39.729114,-104.9566815,5/10/2017 15:54,15:54,12,0,0,EIGHTH AVENUE EAST & ELIZABETH STREET NORTH,2,1,0,1,1,1,0,,60,0,0,0,0,0,4,3,3
,2017_59256,39.768147,-104.972121,5/10/2017 15:54,15:54,3,0,0,37TH AVENUE EAST & MARION STREET NORTH,2,1,0,0,1,1,0,,30,0,0,0,0,0,4,2,13
,2017_59257,39.790305,-104.863302,5/10/2017 15:58,15:58,10,0,0,51ST AVENUE EAST & IRONTON STREET NORTH,2,1,0,1,1,1,0,,25,0,0,0,0,1,4,2,13
,2017_59258,39.747456,-104.888214,5/10/2017 17:07,17:07,12,0,0,MONTVIEW BOULEVARD EAST & WILLOW STREET NORTH,2,1,0,1,1,1,0,,30,0,0,0,0,0,4,2,12
,2017_59259,39.750723,-104.9745735,5/10/2017 17:50,17:50,3,0,0,23RD AVENUE EAST & OGDEN STREET NORTH,2,1,0,1,1,1,0,,25,0,0,0,0,0,4,2,13
,2017_59260,39.713877,-104.9899815,5/10/2017 17:51,17:51,3,0,0,MAPLE AVENUE WEST & BANNOCK STREET SOUTH,2,1,0,1,1,1,0,,25,0,0,0,0,0,4,2,12
,2017_59261,39.703851,-104.95935,5/10/2017 18:00,18:00,12,0,0,UNIVERSITY BOULEVARD SOUTH & EXPOSITION AVENUE EAST,2,1,0,1,1,4,0,,35,0,0,0,0,0,4,2,13
,2017_59262,39.834405,-104.715504,5/10/2017 18:00,18:00,5,0,0,PENA BOULEVARD 7500 BLOCK & GUN CLUB ROAD NORTH,2,1,0,1,2,4,0,,65,0,0,0,0,0,4,1,8
,2017_59263,39.755187,-104.9809815,5/10/2017 18:02,18:02,3,0,0,26TH STREET & STOUT STREET,2,1,0,1,1,1,0,,30,0,0,0,0,0,4,2,13
,2017_59264,39.769281,-105.002964,5/17/2017 6:00,6:00,6,0,0,MARIPOSA STREET NORTH & 38TH AVENUE WEST,1,4,0,0,1,3,0,,25,0,0,0,0,0,4,2,14
,2017_59265,39.680253,-104.9579325,5/10/2017 18:18,18:18,3,0,0,JOSEPHINE STREET SOUTH & ASBURY AVENUE EAST,2,1,0,1,1,1,0,,25,0,0,0,0,0,4,2,1
,2017_59266,39.746403,-105.0014385,5/10/2017 18:35,18:35,15,0,0,LARIMER STREET & SPEER BOULEVARD,1,1,0,1,1,1,0,,35,0,0,0,0,0,4,2,13
,2017_59267,39.748257,-104.998662,5/10/2017 20:58,20:58,12,0,0,LARIMER STREET & 15TH STREET,2,3,0,1,1,1,0,,30,0,0,0,0,0,4,2,13
,2017_59268,39.713859,-104.987565,5/10/2017 21:10,21:10,3,0,0,MAPLE AVENUE EAST & BROADWAY SOUTH,2,3,0,1,1,1,0,,35,0,0,0,0,0,4,2,13
,2017_59269,39.83346903,-104.692932,5/11/2017 4:00,4:00,5,0,0,PENA BOULEVARD 8100 BLOCK & JACKSON GAP,1,3,0,0,3,4,0,,65,0,0,0,0,0,4,1,7
,2017_59270,39.696705,-104.9991345,5/11/2017 6:36,6:36,12,0,0,MISSISSIPPI AVENUE 1000 BLOCK WEST & JASON STREET SOUTH,1,1,1,0,1,4,0,,30,0,0,0,0,0,4,2,13
,2017_59271,39.717792,-104.9508225,5/11/2017 6:39,6:39,12,0,0,STEELE STREET NORTH & FIRST AVENUE EAST,1,1,0,0,1,1,0,,30,0,0,0,0,0,4,2,6
,2017_59272,39.69117,-104.9804505,5/11/2017 7:42,7:42,12,0,0,ARKANSAS AVENUE EAST & PEARL STREET SOUTH,1,1,0,0,1,2,0,,25,0,0,0,0,0,4,2,1
,2017_59273,39.710466,-105.03738,5/11/2017 7:52,7:52,3,0,0,NEWTON STREET SOUTH & WEST NEVADA PLACE,1,1,0,0,1,1,0,,25,0,0,0,0,1,4,2,16
,2017_59274,39.777993,-104.912901,5/11/2017 8:44,8:44,3,0,0,STAPLETON SOUTH DRIVE EAST & MONACO STREET NORTH,1,1,0,0,1,1,0,,30,0,0,0,0,0,4,2,16
,2017_59275,39.74652,-104.9939235,5/11/2017 9:09,9:09,15,0,0,CHAMPA STREET & 16TH STREET,1,1,0,0,1,4,0,,25,0,0,0,0,0,4,2,13
,2017_59276,39.749985,-105.0283845,5/11/2017 9:10,9:10,6,0,0,22ND AVENUE WEST & HOOKER STREET NORTH,1,1,0,0,1,4,0,,25,0,0,0,0,0,4,2,13
,2017_59277,39.844602,-104.6809395,5/11/2017 10:55,10:55,15,0,0,PENA BOULEVARD 8000 BLOCK & 80TH AVENUE EAST,1,1,0,0,1,4,0,,45,0,0,0,0,0,4,2,16
,2017_59278,39.737259,-104.8893705,5/11/2017 11:10,11:10,3,0,0,13TH AVENUE EAST & WABASH STREET NORTH,1,1,0,0,1,1,0,,25,0,0,0,0,1,4,2,16
,2017_59279,39.79290082,-104.9451602,5/11/2017 11:14,11:14,14,0,0,MONROE STREET & 1300 BLOCK NORTH,1,5,0,0,1,4,0,,25,0,0,0,0,0,4,2,13
,2017_59280,39.674835,-104.9594175,5/11/2017 11:42,11:42,3,0,0,UNIVERSITY BOULEVARD SOUTH & ILIFF AVENUE EAST,1,1,0,0,1,1,0,,30,0,0,0,0,0,4,2,16
,2017_59282,39.698415,-104.976945,5/11/2017 12:53,12:53,3,0,0,TENNESSEE AVENUE EAST & EMERSON STREET SOUTH,1,1,0,0,1,1,0,,25,0,0,0,0,0,4,2,13
,2017_59283,39.785598,-105.025203,5/11/2017 13:20,13:20,12,0,0,49TH AVENUE WB 2900 BLOCK WEST & FEDERAL BOULEVARD NORTH,1,1,0,0,1,1,0,,35,0,0,0,0,0,4,2,14
,2017_59284,39.78341097,-104.9316178,5/11/2017 14:00,14:00,6,0,0,48TH AVENUE EAST & 4000 BLOCK,1,1,0,0,3,4,0,,,0,0,0,0,0,4,2,13
,2017_59285,39.711159,-104.9900175,5/11/2017 14:02,14:02,12,0,0,ALAMEDA AVENUE 100 BLOCK WEST & BANNOCK STREET SOUTH,1,1,1,7,1,4,0,,35,0,0,0,0,0,4,4,13
,2017_59286,39.783609,-104.772222,5/11/2017 15:08,15:08,3,0,0,GREEN VALLEY RANCH BOULEVARD & TOWER ROAD NORTH,1,1,0,0,1,2,0,,35,0,0,0,0,0,4,2,13
,2017_59287,39.678624,-105.0250365,5/11/2017 15:15,15:15,3,0,0,EVANS AVENUE & FEDERAL BOULEVARD SOUTH,1,1,0,0,1,2,0,,30,0,0,0,0,0,4,2,13
,2017_59288,39.720915,-104.98626,5/11/2017 15:20,15:20,6,0,0,LINCOLN STREET NORTH & THIRD AVENUE EAST,1,1,1,0,1,4,0,,30,0,0,0,0,0,4,2,13
,2017_59289,39.687579,-104.9804505,5/13/2017 10:35,10:35,5,0,0,IOWA AVENUE EAST & PEARL STREET SOUTH,1,1,0,0,3,1,0,,25,0,0,0,0,0,4,1,16
,2017_59290,39.783609,-104.7913916,5/11/2017 15:25,15:25,12,0,0,GREEN VALLEY RANCH BOULEVARD 16300 BLOCK EAST & PENA BOULEVARD,1,1,0,0,1,4,0,,35,0,0,0,0,1,4,3,3
,2017_59291,39.776427,-104.8469535,5/11/2017 15:52,15:52,12,0,0,PEORIA STREET NORTH & 44TH AVENUE EAST,1,1,0,0,1,1,0,,,0,0,0,0,0,4,2,13
,2017_59292,39.7182555,-104.9590868,5/11/2017 17:05,17:05,12,0,0,UNIVERSITY BOULEVARD & JOSEPHINE STREET ALLEY,1,1,0,0,1,5,0,,20,0,0,0,0,0,4,2,13
,2017_59293,39.790575,-104.813136,5/11/2017 17:10,17:10,10,0,0,53RD AVENUE EAST & ALTURA STREET NORTH,1,1,0,0,1,1,0,,25,0,0,0,0,0,4,2,1
,2017_59294,39.729132,-104.9528745,5/11/2017 17:38,17:38,3,0,0,EIGHTH AVENUE EAST & FILLMORE STREET NORTH,1,1,0,0,1,1,0,,60,0,0,0,0,0,4,2,13
,2017_59295,39.755745,-104.989014,5/11/2017 18:18,18:18,10,0,0,PARK AVENUE WEST & LARIMER STREET,1,1,0,0,1,1,0,,25,0,0,0,0,1,4,2,8
,2017_59296,39.69203614,-104.961744,5/11/2017 18:20,18:20,10,0,0,GAYLORD STREET SOUTH & EVANS AVENUE EAST,1,1,0,0,1,1,0,,30,0,0,0,0,0,4,2,7
,2017_59297,39.729114,-104.9578965,5/11/2017 18:36,18:36,12,0,0,EIGHTH AVENUE EAST & COLUMBINE STREET NORTH,1,1,0,0,1,4,0,,30,0,0,0,0,0,4,2,13
,2017_59298,39.75237,-104.984631,5/11/2017 18:41,18:41,3,0,0,PARK AVENUE WEST & STOUT STREET,1,1,0,0,1,1,0,,30,0,0,0,0,1,4,4,3
,2017_59299,39.73190582,-104.9861681,5/11/2017 21:10,21:10,12,0,0,LINCOLN STREET & 700 BLOCK NORTH,1,3,0,0,1,4,0,,35,0,0,0,0,0,4,2,3
,2017_59300,39.707478,-104.912946,5/12/2017 0:00,0:00,8,0,0,MONACO STREET & VIRGINIA AVENUE EAST,1,1,0,0,6,4,0,,30,0,0,0,0,1,4,2,10
,2017_59301,39.664755,-105.0557535,5/12/2017 1:40,1:40,5,0,0,AMHERST AVENUE WEST & DEPEW STREET SOUTH,1,4,1,0,1,1,0,,30,0,0,0,0,0,4,1,13
,2017_59302,39.659211,-105.043383,5/12/2017 2:30,2:30,12,0,0,RALEIGH STREET SOUTH & DARTMOUTH AVENUE WEST,1,4,0,0,1,1,0,,30,0,0,0,0,0,4,2,1
,2017_59303,39.71715983,-105.0086025,5/12/2017 5:35,5:35,6,0,0,RARITAN STREET & 1300 BLOCK SOUTH,1,2,0,0,1,4,0,,,0,0,0,0,0,4,2,14
,2017_59304,39.713076,-104.9339655,8/18/2017 18:22,18:22,5,0,0,CHERRY CREEK NORTH DRIVE EAST & CEDAR AVENUE EAST,1,1,0,0,3,4,0,,30,0,0,0,0,0,4,1,1
,2017_59305,39.780828,-105.0058125,5/12/2017 6:28,6:28,12,0,0,PECOS STREET 4600 BLOCK NORTH & 46TH AVENUE WEST,1,1,0,0,1,1,0,,30,0,0,0,0,0,4,2,13
,2017_59306,39.756411,-104.987421,5/12/2017 7:42,7:42,3,0,0,BROADWAY STREET NORTH & 24TH STREET,1,1,0,0,1,1,0,,30,0,0,0,0,0,4,2,1
,2017_59307,39.700359,-105.029802,5/12/2017 8:05,8:05,10,0,0,IRVING STREET & KENTUCKY AVENUE WEST,1,1,0,0,1,2,0,,25,0,0,0,0,0,4,2,13
,2017_59308,39.755952,-104.899005,5/12/2017 8:18,8:18,6,0,0,SYRACUSE STREET NORTH & 28TH AVENUE EAST,1,2,0,0,1,4,0,,25,0,0,0,0,0,4,2,14
,2017_59309,39.778335,-104.9793615,5/12/2017 9:00,9:00,3,0,0,45TH AVENUE EAST & WASHINGTON STREET NORTH,1,1,0,0,1,3,0,,35,0,0,0,0,0,4,2,14
,2017_59310,39.682755,-104.959332,5/12/2017 9:10,9:10,12,0,0,UNIVERSITY BOULEVARD 1800 BLOCK SOUTH & BUCHTEL BOULEVARD EAST,1,1,0,0,1,3,0,,30,0,0,0,0,1,4,3,13
,2017_59311,39.73689,-105.010425,5/12/2017 9:30,9:30,1,0,0,13TH AVENUE & SHOSHONE STREET APPROXIMATELY,1,1,0,0,1,2,0,,30,0,0,0,0,0,4,2,14
,2017_59312,39.69414,-104.9176935,5/12/2017 9:39,9:39,12,0,0,CHERRY CREEK NORTH DRIVE 6300 BLOCK & KEARNEY STREET SOUTH,1,1,0,0,1,4,0,,,0,0,0,0,0,4,2,1
,2017_59313,39.689487,-105.025086,5/12/2017 10:17,10:17,3,0,0,FLORIDA AVENUE & FEDERAL BOULEVARD SOUTH,1,1,0,0,1,2,0,,30,0,0,0,0,0,4,2,13
,2017_59314,39.725595,-104.9578605,5/12/2017 11:33,11:33,15,0,0,SIXTH AVENUE & COLUMBINE STREET NORTH,1,1,1,0,1,3,0,,30,0,0,0,0,0,4,2,13
,2017_59315,39.711186,-104.997132,5/12/2017 12:23,12:23,12,0,0,ALAMEDA AVENUE WEST & SANTA FE DRIVE SOUTH,1,1,0,0,1,1,0,,,0,0,0,0,0,4,2,1
,2017_59316,39.741957,-104.903451,5/12/2017 12:37,12:37,12,0,0,QUEBEC STREET NORTH & 16TH AVENUE EAST,1,1,0,0,1,1,0,,35,0,0,0,0,0,4,2,13
,2017_59317,39.74698238,-104.9597561,5/12/2017 12:56,12:56,15,0,0,YORK STREET 2000 BLOCK NORTH & 21ST AVENUE,1,1,0,0,1,4,0,,30,0,0,0,0,0,4,2,14
,2017_59318,39.747456,-104.992722,5/14/2017 15:25,15:25,12,0,0,17TH STREET & CHAMPA STREET,1,1,0,0,1,1,0,,25,0,0,0,0,0,4,2,13
,2017_59319,39.71950109,-104.95944,5/12/2017 13:15,13:15,12,0,0,UNIVERSITY BOULEVARD & 2000 BLOCK SOUTH,1,1,0,0,1,4,0,,25,0,0,0,0,0,4,2,13
,2017_59320,39.746772,-104.998221,5/12/2017 13:44,13:44,15,0,0,LAWRENCE STREET 1400 BLOCK & 15TH STREET,1,1,0,0,1,4,1,,25,0,0,0,0,0,4,2,7
,2017_59321,39.741894,-104.9832,5/12/2017 14:05,14:05,12,0,0,GRANT STREET 1600 BLOCK NORTH & 17TH AVENUE EAST,1,1,0,7,1,2,0,,25,0,0,0,0,0,4,2,16
,2017_59322,39.77295075,-104.994511,5/12/2017 14:07,14:07,10,0,0,BROADWAY & 41TH AVENUE WEST,1,1,1,0,1,1,0,,30,0,0,0,0,0,4,2,13
,2017_59323,39.674835,-104.912973,5/12/2017 14:35,14:35,12,0,0,MONACO STREET 2200 BLOCK SOUTH & ILIFF AVENUE EAST,1,1,0,7,1,3,0,,35,0,0,0,0,0,4,2,16
,2017_59324,39.680271,-104.9652315,5/12/2017 15:31,15:31,3,0,0,HIGH STREET SOUTH & ASBURY AVENUE EAST,1,1,0,7,1,1,0,,25,0,0,0,0,0,4,2,16
,2017_59325,39.716235,-104.949963,5/12/2017 15:51,15:51,3,0,0,STEELE STREET SOUTH & ELLSWORTH AVENUE EAST,1,1,0,0,1,1,0,,30,0,0,0,0,0,4,3,16
,2017_59326,39.781854,-104.9786325,5/12/2017 16:20,16:20,1,0,0,47TH AVENUE EAST & WASHINGTON STREET NORTH,1,1,0,0,1,1,0,,25,0,0,0,0,0,4,2,13
,2017_59327,39.685698,-104.9500935,5/12/2017 16:25,16:25,12,0,0,STEELE STREET SOUTH & MEXICO AVENUE EAST,1,1,0,0,1,4,0,,30,0,0,0,0,0,4,2,7
,2017_59328,39.738402,-104.912802,5/12/2017 16:28,16:28,12,0,0,14TH AVENUE EAST & MONACO STREET NORTH,1,1,0,0,1,4,0,,30,0,0,0,0,0,4,3,13
,2017_59329,39.747447,-104.8893165,5/12/2017 17:07,17:07,12,0,0,MONTVIEW BOULEVARD EAST & WABASH STREET NORTH,1,1,0,0,1,4,0,,30,0,0,0,0,0,4,2,13
,2017_59330,39.745566,-104.995152,5/12/2017 17:30,17:30,15,0,0,15TH STREET & CHAMPA STREET,1,1,0,0,1,1,0,,25,0,0,0,0,0,4,2,13
,2017_59331,39.780207,-105.0357915,5/12/2017 17:39,17:39,15,0,0,MEADE STREET NORTH & 46TH AVENUE WEST,1,1,0,0,1,1,0,,30,0,0,0,0,0,4,2,13