id,drcog_id,latitude,longitude,crashtime,time,crashtype,numbkilled,numbinjurd,drcoglocat,rdconditin,lightngcon,roadcntgrd,weatherco,location,roaddescrp,constrzone,schoolzone,splimit,bikeinv,pedinv,sctrinv,motoinv,svrty,rdsystem,ttlvehcls,hcf
,2017_59332,39.754863,-105.039324,5/12/2017 18:12,18:12,3,0,0,26TH AVENUE 2 & PERRY STREET NORTH,1,1,0,0,1,1,0,,30,0,0,0,0,0,4,2,13
,2017_59333,39.754305,-104.9942745,5/12/2017 18:20,18:20,12,0,0,20TH STREET & BLAKE STREET,1,1,0,0,1,1,0,,25,0,0,0,0,0,4,2,13
,2017_59334,39.678426,-104.9395905,5/12/2017 18:31,18:31,1,0,1,EVANS AVENUE EAST & ALBION STREET SOUTH,1,1,0,0,1,1,0,,35,0,0,0,0,2,4,2,13
,2017_59335,39.725658,-104.9891625,5/12/2017 19:00,19:00,15,0,0,SIXTH AVENUE & ACOMA STREET NORTH,1,1,0,0,1,4,0,,30,0,0,0,0,0,4,2,13
,2017_59336,39.738267,-104.924601,5/12/2017 19:11,19:11,3,0,0,14TH AVENUE EAST & GRAPE STREET NORTH,1,1,0,0,1,1,0,,30,0,0,0,0,0,4,2,7
,2017_59337,39.657474,-104.900085,5/12/2017 19:20,19:20,3,0,0,EASTMAN AVENUE EAST & TAMARAC DRIVE SOUTH,1,1,1,0,1,1,0,,,0,0,0,0,0,4,2,13
,2017_59338,39.754809,-104.990193,5/12/2017 19:36,19:36,12,0,0,22ND STREET 1300 BLOCK & LARIMER STREET,1,3,0,0,1,4,0,,25,0,0,0,0,0,4,2,13
,2017_59339,39.743253,-104.981103,5/13/2017 1:14,1:14,3,0,0,17TH AVENUE EAST & PENNSYLVANIA STREET NORTH,1,3,0,0,1,1,0,,25,0,0,0,0,1,4,2,5
,2017_59340,39.753612,-104.993451,5/13/2017 2:54,2:54,12,0,0,20TH STREET & MARKET STREET,1,3,0,0,1,4,0,,35,0,0,0,0,0,4,2,16
,2017_59341,39.78288,-104.7555,5/13/2017 8:16,8:16,3,0,0,GREEN VALLEY RANCH BOULEVARD EAST & HIMALAYA ROAD NORTH,1,1,0,0,1,1,0,,40,0,0,0,0,1,4,2,13
,2017_59342,39.678498,-104.9664015,5/13/2017 9:47,9:47,1,0,1,WILLIAMS STREET SOUTH & EVANS AVENUE EAST,1,1,0,0,1,3,0,,35,0,0,0,0,2,4,2,13
,2017_59343,39.684015,-105.0262515,5/13/2017 10:35,10:35,14,0,0,BAILS AVENUE & GROVE STREET SOUTH,1,1,1,0,1,1,0,,25,0,0,0,0,0,4,2,13
,2017_59344,39.730464,-104.970636,8/20/2017 19:00,19:00,6,0,0,LAFAYETTE STREET 800 BLOCK NORTH & NINTH AVENUE EAST,1,3,0,0,1,4,0,,,0,0,0,0,0,4,2,13
,2017_59345,39.782385,-104.847093,5/13/2017 10:54,10:54,1,0,1,47TH AVENUE EAST & PEORIA STREET NORTH,1,1,0,0,1,1,0,,35,0,0,0,0,2,4,2,8
,2017_59346,39.685662,-104.9394825,5/13/2017 11:33,11:33,3,0,0,MEXICO AVEE & ALBION STREET SOUTH,1,1,0,0,1,1,0,,25,0,0,0,0,0,4,2,13
,2017_59347,39.749805,-104.909346,5/14/2017 9:03,9:03,6,0,0,22ND AVENUE EAST & NEWPORT STREET NORTH,1,2,0,0,1,3,0,,25,0,0,0,0,0,4,2,1
,2017_59348,39.745755,-105.000174,5/13/2017 11:38,11:38,15,0,0,SPEER BOULEVARD NORTH & LAWRENCE STREET,1,1,0,0,1,3,0,,30,0,0,0,0,0,4,2,13
,2017_59349,39.737268,-104.9034645,5/13/2017 12:00,12:00,12,0,0,QUEBEC STREET NORTH & 13TH AVENUE EAST,1,3,0,0,1,1,0,,60,0,0,0,0,0,4,2,13
,2017_59350,39.737268,-104.9034645,5/13/2017 12:00,12:00,12,0,0,QUEBEC STREET NORTH & 13TH AVENUE EAST,1,3,0,0,1,1,0,,60,0,0,0,0,0,4,2,13
,2017_59351,39.743244,-104.9598315,5/13/2017 12:12,12:12,15,0,0,YORK STREET NORTH & 17TH AVENUE EAST,1,1,0,0,1,1,0,,30,0,0,0,0,1,4,2,16
,2017_59352,39.775032,-104.809923,5/13/2017 14:35,14:35,12,0,0,CHAMBERS ROAD 4500 BLOCK NORTH & ANDREWS DRIVE EAST,1,1,0,0,1,4,0,,40,0,0,0,0,0,4,4,7
,2017_59353,39.740085,-104.9128065,5/13/2017 14:55,14:55,12,0,0,MONACO STREET NORTH & COLFAX AVENUE EAST,1,1,0,0,1,4,0,,30,0,0,0,0,1,4,2,14
,2017_59354,39.749886,-104.998311,5/14/2017 15:12,15:12,3,0,0,16TH STREET & MARKET STREET,1,1,0,0,1,1,0,,30,0,0,0,0,0,4,2,13
,2017_59355,39.714768,-104.912892,5/13/2017 16:00,16:00,12,0,0,BAYAUD AVENUE EAST & MONACO STREET SOUTH,1,1,0,0,1,1,0,,30,0,0,0,0,1,4,4,14
,2017_59356,39.711393,-104.9111505,5/13/2017 16:03,16:03,12,0,0,ALAMEDA AVENUE 6500 BLOCK EAST & MAGNOLIA STREET SOUTH,1,1,0,0,1,4,0,,40,0,0,0,0,1,4,2,5
,2017_59357,39.718179,-104.959314,5/13/2017 18:11,18:11,12,0,0,UNIVERSITY BOULEVARD SOUTH & FIRST AVENUE EAST,1,1,0,0,1,3,0,,35,0,0,0,0,1,4,2,3
,2017_59358,39.747429,-104.897574,5/13/2017 18:42,18:42,12,0,0,MONTVIEW BOULEVARD EAST & SPRUCE STREET NORTH,1,1,0,0,1,1,0,,30,0,0,0,0,0,4,2,13
,2017_59359,39.78927,-104.7708225,5/13/2017 19:30,19:30,6,0,0,50TH PLACE & 18629 EAST 50TH PLACE,1,2,0,0,1,4,0,,10,0,0,0,0,0,4,2,13
,2017_59360,39.710214,-105.003882,5/14/2017 10:29,10:29,6,0,0,NAVAJO STREET SOUTH & NEVADA PLACE WEST,1,1,0,0,1,4,0,,25,0,0,0,0,0,4,2,13
,2017_59361,39.722535,-104.987502,5/13/2017 19:37,19:37,15,0,0,BROADWAY NORTH & FOURTH AVENUE EAST,1,3,0,0,1,4,0,,30,0,0,0,0,0,4,2,14
,2017_59362,39.725631,-104.9874435,5/13/2017 20:01,20:01,12,0,0,SIXTH AVENUE EAST & BROADWAY NORTH,1,2,0,0,1,1,0,,30,0,0,0,0,0,4,2,3
,2017_59363,39.748446,-105.0033735,5/13/2017 21:59,21:59,1,0,0,SPEER BOULEVARD & AURARIA PARKWAY,1,3,0,0,1,1,0,,30,0,0,0,0,0,4,2,13
,2017_59364,39.745305,-104.9971905,5/13/2017 21:59,21:59,10,0,0,14TH STREET & CURTIS STREET,1,3,0,0,1,3,0,,30,0,0,0,0,0,4,2,8
,2017_59365,39.748257,-104.998662,5/13/2017 23:15,23:15,15,0,0,15TH STREET & LARIMER STREET,1,3,0,0,1,1,0,,30,0,0,0,0,0,4,2,5
,2017_59366,39.75579,-104.998761,5/13/2017 23:25,23:25,5,0,0,WEWATTA STREET & 19TH STREET,1,3,1,0,2,3,1,,,0,0,0,0,0,4,1,5
,2017_59367,39.772008,-104.969691,5/14/2017 0:19,0:19,3,0,0,40TH STREET & WALNUT STREET,1,3,0,0,1,1,0,,25,0,0,0,0,0,4,2,8
,2017_59368,39.735612,-104.9023215,5/14/2017 2:00,2:00,6,0,0,12TH AVENUE EAST & QUINCE STREET NORTH,1,1,0,0,1,1,0,,,0,0,0,0,0,4,2,13
,2017_59369,39.729087,-104.987412,5/14/2017 2:09,2:09,12,0,0,BROADWAY STREET 800 BLOCK NORTH & EIGHTH AVENUE EAST,1,3,0,0,1,4,0,,30,0,0,0,0,0,4,2,13
,2017_59370,39.76536244,-105.0381491,5/14/2017 3:35,3:35,6,0,0,OSCEOLA STREET & 900 BLOCK NORTH,1,4,0,0,1,4,0,,30,0,0,0,0,0,4,2,14
,2017_59371,39.73324347,-104.9752663,5/14/2017 3:41,3:41,6,0,0,OGDEN STREET NORTH & 1700 BLOCK NORTH,1,3,0,0,1,3,0,,20,0,0,0,0,1,4,4,5
,2017_59372,39.689406,-104.988744,5/14/2017 4:43,4:43,6,0,0,FLORIDA AVENUE WEST & ACOMA STREET SOUTH,1,1,0,0,1,4,0,,25,0,0,0,0,0,4,3,1
,2017_59373,39.743244,-104.9598315,5/14/2017 8:33,8:33,3,0,0,17TH AVENUE 2300 BLOCK EAST & YORK STREET NORTH,1,1,0,0,1,1,0,,30,0,0,0,0,0,4,2,2
,2017_59374,39.75721913,-105.015767,5/14/2017 8:55,8:55,12,0,0,ZUNI STREET 2800 BLOCK NORTH & 29TH AVENUE WEST,2,1,0,0,1,3,0,,30,0,0,0,0,0,4,2,13
,2017_59375,39.69117,-104.982795,5/14/2017 13:20,13:20,3,0,0,ARKANSAS AVENUE EAST & LOGAN STREET SOUTH,1,1,0,0,1,1,0,,30,0,0,0,0,0,4,2,3
,2017_59376,39.718278,-104.973777,5/14/2017 13:29,13:29,12,0,0,SPEER BOULEVARD EAST & DOWNING STREET NORTH,1,1,0,0,1,4,0,,30,0,0,0,0,0,4,2,16
,2017_59377,39.769407,-105.0440445,5/14/2017 14:14,14:14,1,0,0,TENNYSON STREET NORTH & 38TH AVENUE WEST APPROXIMATELY,1,1,0,0,1,2,0,,30,0,0,0,0,0,4,2,13
,2017_59378,39.73925455,-105.0213076,5/14/2017 14:27,14:27,12,0,2,MORRISON ROAD & 4500 BLOCK SOUTH,1,1,0,0,1,4,0,,35,0,0,0,0,2,4,2,3
,2017_59379,39.747438,-104.90346,5/14/2017 15:56,15:56,1,0,0,QUEBEC STREET NORTH & MONTVIEW BOULEVARD EAST,1,1,1,0,1,1,0,,30,0,0,0,0,0,4,3,14
,2017_59380,39.662118,-105.0228045,5/14/2017 16:50,16:50,6,0,0,CORNELL AVENUE & DECATUR STREET SOUTH,1,1,0,0,1,4,0,,,0,0,0,0,0,4,2,13
,2017_59381,39.744801,-104.9861205,5/14/2017 18:00,18:00,3,0,1,18TH AVENUE EAST & LINCOLN STREET NORTH,1,1,1,0,1,1,0,,30,0,0,0,0,2,4,2,4
,2017_59382,39.743856,-104.990436,5/14/2017 18:39,18:39,15,0,0,GLENARM PLACE & 16TH STREET,1,1,0,0,1,1,0,,25,0,0,0,0,0,4,2,13
,2017_59383,39.704922,-105.027534,5/14/2017 19:20,19:20,3,0,0,GILL PLACE WEST & HAZEL COURT SOUTH,1,1,0,0,1,1,0,,25,0,0,0,0,0,4,2,1
,2017_59384,39.75075,-104.984946,5/14/2017 19:44,19:44,3,0,0,22ND STREET & CALIFORNIA STREET,1,2,0,0,1,1,0,,35,0,0,0,0,0,4,2,14
,2017_59385,39.741633,-104.969691,5/14/2017 21:05,21:05,6,0,0,HUMBOLDT & 16TH AVENUE EAST,1,3,0,0,1,4,0,,25,0,0,0,0,1,4,2,5
,2017_59386,39.725631,-104.9874435,5/14/2017 22:22,22:22,3,0,1,BROADWAY STREET NORTH & SIXTH AVENUE WEST,1,3,0,0,1,1,0,,30,0,0,0,0,2,4,2,16
,2017_59387,39.76811503,-105.0157953,5/14/2017 23:45,23:45,12,0,0,ZUNI STREET 3700 BLOCK NORTH & 38TH AVENUE WEST,1,3,1,0,1,4,0,,30,0,0,0,0,1,4,2,5
,2017_59388,39.756141,-104.991912,5/15/2017 0:00,0:00,6,0,0,BLAKE STREET & 22ND STREET,1,5,0,0,1,4,0,,30,0,0,0,0,1,4,4,13
,2017_59389,39.693114,-105.014583,5/15/2017 0:33,0:33,6,0,0,WYANDOT STREET & LOUISIANA AVENUE WEST,1,3,0,0,3,4,0,,25,0,0,0,0,0,4,2,5
,2017_59390,39.693096,-105.010722,5/15/2017 1:22,1:22,6,0,0,LOUISIANA AVENUE 1800 BLOCK WEST & SHOSHONE AVENUE SOUTH,1,3,0,0,1,4,0,,25,0,0,0,0,0,4,3,14
,2017_59391,39.729087,-104.986152,5/15/2017 17:00,17:00,15,0,0,EIGHTH STREET EAST & LINCOLN STREET NORTH,1,1,0,0,1,1,0,,,0,0,0,0,0,4,2,13
,2017_59392,39.709026,-104.875443,5/15/2017 6:58,6:58,12,0,0,DAYTON STREET 600 BLOCK SOUTH & ALAMEDA AVENUE EAST,1,1,0,0,1,4,0,,25,0,0,0,0,0,4,3,14
,2017_59393,39.736863,-104.996484,5/15/2017 9:30,9:30,12,0,0,13TH AVENUE 600 BLOCK WEST & SPEER BOULEVARD NORTH,1,1,0,0,1,4,0,,30,0,0,0,0,0,4,2,7
,2017_59394,39.741606,-104.9591925,5/15/2017 10:05,10:05,12,0,0,JOSEPHINE STREET NORTH & 16TH AVENUE EAST,1,1,0,0,1,1,0,,35,0,0,0,0,0,4,2,5
,2017_59395,39.757068,-104.978574,5/15/2017 10:25,10:25,12,0,0,STOUT STREET & 28TH STREET,1,1,0,0,1,1,0,,,0,0,0,0,1,4,2,13
,2017_59396,39.72726,-104.987403,5/15/2017 10:49,10:49,3,0,0,SPEER BOULEVARD EAST & BROADWAY STREET NORTH,1,1,0,0,1,1,0,,30,0,0,0,0,0,4,2,16
,2017_59397,39.748914,-105.0354405,5/15/2017 10:50,10:50,5,0,0,MEADE STREET 2100 BLOCK NORTH & 22ND AVENUE WEST,1,1,1,0,3,4,0,,25,0,0,0,0,0,4,1,12
,2017_59398,39.729087,-104.986152,5/15/2017 11:43,11:43,12,0,0,EIGHTH AVENUE 100 BLOCK EAST & LINCOLN STREET NORTH,1,1,0,0,1,4,0,,30,0,0,0,0,0,4,2,13
,2017_59399,39.743793,-104.9734035,5/15/2017 12:04,12:04,12,0,0,DOWNING STREET 1700 BLOCK NORTH & PARK AVENUE WEST,1,1,0,0,1,4,0,,,0,0,0,0,0,4,2,8
,2017_59400,39.678435,-104.922234,5/15/2017 12:27,12:27,15,0,0,HOLLY STREET SOUTH & EVANS AVENUE EAST,1,1,0,0,1,3,0,,30,0,0,0,0,0,4,2,13
,2017_59401,39.729177,-104.8962915,5/15/2017 12:31,12:31,3,0,0,EIGHTH AVENUE EAST & TRENTON STREET NORTH,1,1,0,0,1,1,0,,25,0,0,0,0,0,4,2,13
,2017_59402,39.743244,-104.9598315,5/16/2017 9:55,9:55,15,0,0,17TH AVENUE 2200 BLOCK EAST & YORK STREET,1,1,0,0,1,4,0,,,0,0,0,0,0,4,2,13
,2017_59404,39.714768,-104.9899725,5/15/2017 13:32,13:32,3,0,0,BANNOCK STREET SOUTH & BAYAUD AVENUE WEST,1,1,1,0,1,1,0,,25,0,0,0,0,0,4,2,3
,2017_59405,39.745566,-104.995152,5/15/2017 14:30,14:30,10,0,0,15TH STREET & CHAMPA STREET,1,1,0,0,1,1,0,,30,0,0,0,0,0,4,2,7
,2017_59406,39.711186,-104.9482305,5/15/2017 14:40,14:40,12,0,0,CHERRY CREEK SOUTH DRIVE & ALAMEDA AVENUE EAST,1,1,0,0,1,1,0,,25,0,0,0,0,0,4,2,13
,2017_59407,39.780243,-105.0346035,5/15/2017 15:09,15:09,12,0,0,46TH AVENUE 3500 BLOCK WEST & LOWELL BOULEVARD NORTH,1,1,1,0,1,2,0,,30,0,0,0,0,0,4,2,3
,2017_59408,39.714651,-104.949972,5/15/2017 15:21,15:21,12,0,0,STEELE STREET NORTH & BAYAUD AVENUE EAST,1,1,0,0,1,1,0,,25,0,0,0,0,0,4,2,12
,2017_59409,39.736836,-104.912811,5/15/2017 15:39,15:39,3,0,0,MONACO STREET NORTH & 13TH AVENUE EAST,1,1,0,0,1,1,0,,30,0,0,0,0,0,4,2,13
,2017_59410,39.702006,-104.959341,5/15/2017 16:00,16:00,12,0,0,UNIVERSITY BOULEVARD 700 BLOCK SOUTH & OHIO AVENUE EAST,1,1,0,0,1,4,0,,30,0,0,0,0,1,4,3,12
,2017_59411,39.770523,-104.8942035,6/13/2017 6:15,6:15,5,0,0,ULSTER STREET & SMITH ROAD,1,1,0,0,1,4,0,,25,0,0,0,0,0,4,1,13
,2017_59412,39.725334,-104.912793,5/15/2017 16:33,16:33,15,0,0,SIXTH AVENUE PARKWAY EASTBOUND & MONACO PARKWAY SOUTHBOUND LNS,1,1,0,0,1,3,0,,30,0,0,0,0,0,4,2,13
,2017_59413,39.747501,-104.9775615,5/15/2017 16:53,16:53,12,0,0,20TH AVENUE 700 BLOCK EAST & CLARKSON STREET NORTH,1,1,0,0,1,4,0,,35,0,0,0,0,0,4,2,14
,2017_59414,39.71835,-104.9745915,5/15/2017 18:20,18:20,3,0,0,CORONA STREET NORTH & SPEER BOULEVARD EAST,1,1,0,0,1,1,0,,35,0,0,0,1,0,4,2,13
,2017_59415,39.763215,-105.0096105,5/15/2017 18:37,18:37,3,0,0,33RD AVENUE WEST & SHOSHONE STREET NORTH,1,1,1,0,1,5,0,,25,0,0,0,0,0,4,2,13
,2017_59416,39.783609,-104.772222,5/15/2017 21:49,21:49,3,0,0,GREEN VALLEY RANCH BOULEVARD EAST & TOWER ROAD NORTH,1,3,1,0,1,1,0,,40,0,0,0,0,0,4,2,2
,2017_59417,39.736872,-105.000183,5/15/2017 22:30,22:30,6,0,0,KALAMATH STREET NORTH & 13TH AVENUE WEST,1,3,0,0,1,4,0,,,0,0,0,0,0,4,2,13
,2017_59418,39.733686,-104.977602,5/15/2017 22:50,22:50,12,0,0,11TH AVENUE 700 BLOCK EAST & CLARKSON STREET NORTH,1,1,0,0,1,3,0,,25,0,0,0,0,0,4,2,3
,2017_59419,39.703887,-104.9827905,5/15/2017 23:30,23:30,6,0,0,LOGAN STREET SOUTH & EXPOSITION AVENUE EAST,1,3,0,0,3,4,0,,30,0,0,0,0,0,4,2,5
,2017_59420,39.756672,-104.997276,5/16/2017 2:25,2:25,5,0,0,WEWATTA STREET & 20TH STREET,1,3,0,0,2,4,1,,35,0,0,0,0,0,4,1,13
,2017_59421,39.725649,-104.986314,5/16/2017 7:17,7:17,10,0,0,SPEER BOULEVARD & LINCOLN STREET NORTH,1,1,0,0,1,1,0,,35,0,0,0,0,0,4,2,8
,2017_59422,39.760929,-104.866983,5/16/2017 7:29,7:29,6,0,0,31ST AVENUE & HANOVER STREET,1,1,0,0,1,2,0,,25,0,0,0,0,0,4,2,13
,2017_59423,39.757158,-105.0158205,5/16/2017 8:01,8:01,1,0,0,ZUNI STREET NORTH & 28TH AVENUE WEST,1,1,1,0,1,2,0,,30,0,0,0,0,0,4,2,13
,2017_59424,39.732885,-104.9046525,5/16/2017 8:02,8:02,3,0,0,11TH AVENUE EAST & POPLAR STREET NORTH,1,1,0,0,1,1,0,,25,0,0,0,0,1,4,2,13
,2017_59425,39.793437,-104.9015115,5/16/2017 8:14,8:14,12,0,0,53RD AVENUE EAST & ROSLYN STREET NORTH,1,1,0,0,1,1,0,,35,0,0,0,0,0,4,2,13
,2017_59426,39.728934,-104.9906115,5/16/2017 10:34,10:34,3,0,0,EIGHTH AVENUE WEST & SPEER BOULEVARD NORTH,1,1,0,0,1,1,0,,35,0,0,0,0,1,4,2,14
,2017_59427,39.787425,-105.0439455,9/13/2017 2:15,2:15,6,0,0,TENNYSON STREET NORTH & 50TH AVENUE WEST,1,3,0,0,1,4,0,,25,0,0,0,0,0,4,2,14
,2017_59428,39.743244,-104.986107,5/16/2017 10:47,10:47,12,0,0,LINCOLN STREET NORTH & 17TH AVENUE EAST,1,1,0,0,1,4,0,,55,0,0,0,0,0,4,2,1
,2017_59429,39.711348,-104.9035005,5/16/2017 11:20,11:20,15,0,0,ALAMEDA AVENUE EAST & QUEBEC STREET SOUTH,1,1,0,0,1,3,0,,,0,0,0,0,0,4,2,13
,2017_59430,39.75093,-105.0021,5/16/2017 12:45,12:45,12,0,0,15TH STREET & WYNKOOP STREET,1,1,0,0,1,1,0,,25,0,0,0,0,0,4,2,13
,2017_59431,39.647502,-104.884983,5/16/2017 13:20,13:20,1,0,0,LEHIGH AVENUE EAST & YOSEMITE STREET SOUTH,1,1,0,0,1,1,0,,25,0,0,0,0,0,4,2,13
,2017_59432,39.743226,-104.9734125,5/16/2017 14:05,14:05,3,0,1,17TH AVENUE EAST & DOWNING STREET NORTH,1,1,0,0,1,1,0,,30,0,0,0,0,2,4,2,13
,2017_59433,39.711186,-104.997132,5/16/2017 14:35,14:35,12,0,0,SANTA FE DRIVE SOUTH NORTHBOUND SLIP OFF & ALAMEDA AVENUE WEST EASTBOUND,1,1,0,0,1,3,0,,35,0,0,0,0,0,4,2,13
,2017_59434,39.718179,-104.959314,5/16/2017 14:55,14:55,15,0,0,FIRST AVENUE EAST & UNIVERSITY BOULEVARD,1,1,0,0,1,4,0,,25,0,0,0,0,0,4,2,13
,2017_59435,39.692925,-104.937372,5/16/2017 15:25,15:25,15,0,0,BELLAIRE STREET SOUTH & LOUISANA AVENUE EAST,1,1,0,0,1,4,0,,25,0,0,0,0,0,4,2,12
,2017_59436,39.722544,-104.9850135,5/19/2017 23:49,23:49,6,0,0,SHERMAN STREET NORTH & FOURTH AVENUE EAST,1,3,0,0,1,4,0,,25,0,0,0,0,0,4,2,5
,2017_59437,39.667464,-104.931603,5/16/2017 16:03,16:03,1,0,0,YALE AVENUE EAST & DAHLIA STREET SOUTH,1,1,1,0,1,1,0,,30,0,0,0,0,0,4,2,13
,2017_59438,39.682152,-104.9565015,5/16/2017 16:20,16:20,3,0,1,BUCHTEL BOULEVARD EAST & COLUMBINE STREET SOUTH,1,1,0,0,1,1,0,,30,0,0,0,0,2,4,2,7
,2017_59439,39.711141,-104.9863905,5/16/2017 16:30,16:30,3,0,0,ALAMEDA AVENUE EAST & LINCOLN STREET SOUTH,1,1,0,0,1,1,0,,,0,0,0,0,0,4,2,13
,2017_59440,39.787389,-104.9782905,5/16/2017 16:55,16:55,3,0,0,WASHINGTON STREET NORTH & 50TH AVENUE NORTH,1,1,1,0,1,2,0,,35,0,0,0,1,1,4,2,13
,2017_59441,39.775032,-104.809923,5/16/2017 17:06,17:06,3,0,0,ANDREWS DRIVE EAST & CHAMBERS ROAD NORTH,2,1,0,1,1,1,0,,40,0,0,0,0,1,4,2,1
,2017_59442,39.755304,-104.973372,5/16/2017 18:04,18:04,3,0,0,DOWNING STREET NORTH & TREMONT PLACE,1,1,0,0,1,1,0,,25,0,0,0,0,0,4,2,3
,2017_59443,39.7116,-104.9408055,5/16/2017 18:20,18:20,12,0,1,ALAMEDA AVENUE 4100 BLOCK EAST & COLORADO BOULEVARD SOUTH,1,1,0,0,1,4,0,,35,0,0,0,0,2,4,4,13
,2017_59444,39.735252,-104.988825,5/16/2017 18:44,18:44,6,0,0,12TH AVENUE WEST & ACOMA STREET NORTH,1,2,0,0,1,4,0,,30,0,0,0,0,0,4,2,1
,2017_59445,39.66777,-105.0629715,5/16/2017 19:10,19:10,6,0,0,JOSLIN COURT SOUTH & YALE AVENUE WEST,1,2,0,0,1,4,0,,25,0,0,0,0,0,4,2,3
,2017_59446,39.758409,-105.0158835,5/16/2017 19:35,19:35,1,0,0,29TH AVENUE WEST & ZUNI STREET NORTH,1,1,0,0,1,1,0,,35,0,0,0,0,1,4,2,13
,2017_59447,39.670326,-105.0386715,5/17/2017 7:50,7:50,3,0,0,VASSAR AVENUE WEST & PATTON COURT SOUTH,1,1,0,0,1,1,0,,25,0,0,0,0,0,4,2,13
,2017_59448,39.718197,-104.9558355,5/17/2017 8:08,8:08,14,0,0,CLAYTON LANE NORTH & FIRST AVENUE EAST,1,1,0,0,1,4,0,,25,0,0,0,0,0,4,2,13
,2017_59449,39.712896,-104.9734035,5/17/2017 8:24,8:24,12,0,0,DOWNING STREET SOUTH & CEDAR AVENUE EAST,1,1,0,0,1,1,0,,30,0,0,0,0,0,4,3,3
,2017_59450,39.759507,-104.969655,5/17/2017 8:25,8:25,6,0,1,HUMBOLDT STREET NORTH & 30TH AVENUE EAST,1,1,0,0,1,4,0,,25,0,0,0,0,2,4,3,2
,2017_59451,39.729078,-104.9848605,5/17/2017 8:27,8:27,12,0,0,SHERMAN STREET NORTH & EIGHTH STREET EAST,1,1,2,0,1,1,0,,,0,0,0,0,0,4,2,1
,2017_59452,39.761874,-104.9775615,5/17/2017 8:30,8:30,3,0,0,ARAPAHOE STREET & 31ST STREET,1,1,0,0,1,1,0,,30,0,0,0,0,0,4,2,1
,2017_59453,39.705669,-105.0391305,5/17/2017 8:30,8:30,6,0,0,PATTON COURT SOUTH & CENTER AVENUE WEST,1,1,0,0,1,4,0,,25,0,0,0,0,0,4,2,13
,2017_59454,39.735243,-104.98617,5/17/2017 8:47,8:47,15,0,0,LINCOLN STREET NORTH & 12TH AVENUE EAST,1,1,0,0,1,4,0,,25,0,0,0,0,0,4,2,14
,2017_59455,39.844602,-104.6809395,5/17/2017 8:52,8:52,6,0,0,PENA BOULEVARD INBOUND & 8400 BLOCK,1,1,0,0,1,4,0,,15,0,0,0,0,0,4,2,1
,2017_59456,39.694779,-104.967513,5/17/2017 8:55,8:55,6,0,0,GILPIN STREET SOUTH & ARIZONA STREET EAST,1,1,1,0,1,4,0,,25,0,0,0,0,0,4,2,13
,2017_59457,39.729114,-104.959071,5/17/2017 9:20,9:20,3,0,0,EIGHTH AVENUE EAST & JOSEPHINE STREET NORTH,1,1,0,0,1,1,0,,30,0,0,0,0,0,4,2,8
,2017_59458,39.779757,-104.9317335,5/17/2017 10:32,10:32,12,0,0,STAPLETON DRIVE EAST & DAHILA STREET NORTH,1,1,0,0,1,1,0,,35,0,0,0,0,0,4,2,16
,2017_59459,39.7199385,-104.8909343,5/17/2017 10:49,10:49,15,0,0,LOWRY BOULEVARD 8200 BLOCK EAST & UINTA WAY NORTH,1,1,0,0,1,4,0,,25,0,0,0,0,0,4,2,13
,2017_59460,39.67126974,-104.9801693,5/17/2017 10:52,10:52,3,0,0,WASHINGTON / PEARL STREET ALLEY & ALAMEDA AVENUE EAST,1,1,0,0,1,5,0,,25,0,0,0,0,0,4,2,2
,2017_59461,39.76610063,-105.0487703,5/17/2017 11:30,11:30,12,0,0,WOLFF STREET & 4400 BLOCK SOUTH,1,1,1,0,1,4,0,,25,0,0,0,0,0,4,2,1
,2017_59462,39.750714,-104.970897,5/17/2017 11:35,11:35,3,0,1,23RD AVENUE EAST & LAFYETTE STREET NORTH,1,1,0,0,1,1,0,,25,0,0,0,0,2,4,2,7
,2017_59463,39.712896,-104.9769225,5/17/2017 12:12,12:12,10,0,0,EMERSON STREET SOUTH & CEDAR AVENUE EAST,1,1,1,0,1,1,0,,30,0,0,0,0,0,4,2,1
,2017_59464,39.735603,-104.884695,5/17/2017 12:42,12:42,6,0,0,12TH AVENUE EAST & YOSEMITE STREET NORTH,1,1,0,0,1,3,0,,25,0,0,0,0,0,4,2,13
,2017_59465,39.718377,-104.9921325,5/23/2017 10:42,10:42,6,0,0,CHEROKEE STREET NORTH & FIRST AVENUE WEST,1,1,0,0,1,4,0,,25,0,0,0,0,0,4,2,1
,2017_59466,39.667464,-104.930424,5/17/2017 14:34,14:34,1,0,0,YALE AVENUE EAST & ELM STREET SOUTH,1,1,0,0,1,1,0,,30,0,0,0,0,0,4,2,13
,2017_59467,39.783609,-104.7913916,5/17/2017 14:43,14:43,12,0,0,PENA BOULEVARD & GREEN VALLEY RANCH BOULEVARD EAST,1,1,0,0,1,1,0,,35,0,0,0,0,0,4,2,16
,2017_59468,39.71835,-104.9837715,5/17/2017 14:45,14:45,3,0,0,FIRST AVENUE EAST & GRANT STREET NORTH,1,1,0,0,1,1,0,,25,0,0,0,0,0,4,2,13
,2017_59469,39.682017,-104.959395,5/17/2017 15:17,15:17,12,0,0,UNIVERSITY BOULEVARD SOUTH & JEWELL AVENUE EAST,1,1,0,0,1,1,0,,35,0,0,0,0,1,4,2,13