id,drcog_id,latitude,longitude,crashtime,time,crashtype,numbkilled,numbinjurd,drcoglocat,rdconditin,lightngcon,roadcntgrd,weatherco,location,roaddescrp,constrzone,schoolzone,splimit,bikeinv,pedinv,sctrinv,motoinv,svrty,rdsystem,ttlvehcls,hcf
,2017_59470,39.738672,-104.8846635,5/17/2017 16:10,16:10,12,0,0,14TH AVENUE EAST & YOSEMITE STREET NORTH,1,1,0,0,1,1,0,,25,0,0,0,0,0,4,2,8
,2017_59471,39.740085,-105.005214,5/17/2017 16:12,16:12,10,0,0,OSAGE STREET NORTH & COLFAX AVENUE WEST,1,1,0,0,1,2,0,,25,0,0,0,0,0,4,2,1
,2017_59472,39.678462,-104.956515,5/17/2017 16:48,16:48,12,0,0,EVANS AVENUE EAST & COLUMBINE STREET SOUTH,1,1,0,0,1,4,0,,30,0,0,0,0,0,4,4,1
,2017_59473,39.64752,-105.0532515,5/17/2017 17:10,17:10,12,0,0,SHERIDAN BOULEVARD 3800 BLOCK SOUTH & LEHIGH AVENUE WEST,1,1,0,0,1,4,0,,35,0,0,0,0,1,4,2,3
,2017_59474,39.751452,-104.9979645,5/18/2017 5:53,5:53,6,0,0,BLAKE STREET & 17TH STREET,2,2,0,1,1,4,0,,25,0,0,0,0,0,4,2,13
,2017_59475,39.774384,-104.748102,5/17/2017 17:30,17:30,12,0,0,42ND AVENUE 20500 BLOCK EAST & KIRK STREET NORTH,1,1,0,0,1,4,0,,35,0,0,0,0,0,4,2,12
,2017_59476,39.72820138,-104.9874076,5/17/2017 17:46,17:46,15,0,0,BROADWAY NORTH & 1000 BLOCK NORTH,1,1,0,0,1,4,0,,30,0,0,0,0,0,4,3,4
,2017_59477,39.760758,-104.9733405,5/17/2017 18:16,18:16,15,0,0,31ST AVENUE EAST & DOWNING NORTH,1,1,0,0,1,4,0,,30,0,0,0,0,1,4,2,13
,2017_59478,39.738375,-104.964741,5/17/2017 19:09,19:09,3,0,0,HIGH STREET NORTH & 14TH AVENUE EAST,1,2,0,0,1,1,0,,25,0,0,0,0,0,4,2,13
,2017_59479,39.736827,-104.9672115,5/17/2017 20:59,20:59,6,0,0,GILPIN STREET NORTH & 13TH AVENUE EAST,2,3,0,1,1,4,0,,,0,0,0,0,0,4,2,13
,2017_59480,39.744225,-104.9933835,5/17/2017 21:38,21:38,3,0,0,CALIFORNIA STREET & 15TH STREET,2,3,0,1,5,2,0,,15,0,0,0,0,0,3,2,13
,2017_59481,39.705525,-105.040863,5/17/2017 22:40,22:40,15,0,0,MORRISON ROAD & QUITMAN STREET SOUTH,2,3,0,1,1,4,0,,30,0,0,0,0,0,4,3,13
,2017_59482,39.729114,-104.961303,8/29/2017 12:00,12:00,6,0,0,GAYLORD STREET NORTH & EIGHTH AVENUE EAST,1,1,0,0,1,4,0,,30,0,0,0,0,0,4,2,13
,2017_59483,39.742848,-104.9721615,5/17/2017 23:13,23:13,3,0,0,MARION STREET NORTH & PARK AVENUE WEST,2,3,0,1,1,1,0,,,0,0,0,0,0,4,2,7
,2017_59484,39.744801,-104.9861205,5/17/2017 23:35,23:35,15,0,0,LINCOLN STREET NORTH & 18TH AVENUE EAST,2,3,0,1,1,1,0,,35,0,0,0,0,0,4,2,13
,2017_59485,39.678498,-104.987565,5/17/2017 23:37,23:37,12,0,0,EVANS AVENUE WEST & BROADWAY SOUTH,2,3,0,1,1,1,0,,,0,0,0,0,0,4,2,13
,2017_59486,39.834405,-104.715504,5/18/2017 1:00,1:00,5,0,0,PENA BOULEVARD & GUN CLUB,2,3,1,1,3,4,0,,65,0,0,0,0,0,4,1,13
,2017_59487,39.844602,-104.6809395,5/18/2017 4:30,4:30,15,0,0,PENA BOULEVARD OUTBOUND & 8400 BLOCK,2,3,0,1,1,4,0,,45,0,0,0,0,0,4,2,7
,2017_59488,39.756141,-104.991912,5/18/2017 5:13,5:13,3,0,0,22ND STREET & BLAKE STREET,2,1,0,1,1,1,0,,25,0,0,0,0,0,4,2,13
,2017_59489,39.714714,-104.973444,5/18/2017 6:35,6:35,12,0,0,DOWNING STREET SOUTH & BAYAUD AVENUE EAST,2,3,0,2,1,4,0,,30,0,0,0,0,0,4,2,13
,2017_59490,39.678435,-104.9251905,5/18/2017 7:30,7:30,12,0,0,EVANS AVENUE 5000 BLOCK EAST & GRAPE STREET SOUTH,2,1,0,1,1,4,0,,35,0,0,0,0,0,4,2,3
,2017_59491,39.689316,-104.952384,5/18/2017 7:33,7:33,3,0,0,FLORIDA AVENUE EAST & MILWAUKEE,2,1,0,1,1,5,0,,25,0,0,0,0,0,4,2,14
,2017_59492,39.798396,-104.786415,5/18/2017 7:45,7:45,12,0,0,56TH AVENUE EAST & PENA BOULEVARD,2,1,0,2,1,1,0,,55,0,0,0,0,0,4,3,13
,2017_59493,39.748023,-105.0006915,9/13/2017 12:38,12:38,6,0,0,MARKET STREET & 14TH STREET,1,1,0,0,1,4,0,,30,0,0,0,0,0,4,2,1
,2017_59494,39.718332,-104.981463,5/18/2017 7:51,7:51,10,0,0,FIRST AVENUE EAST & PENNSYLVANIA STREET NORTH,2,1,0,1,1,1,0,,30,0,0,0,0,0,4,2,8
,2017_59495,39.719385,-104.9461605,5/18/2017 8:01,8:01,12,0,0,SECOND AVENUE EAST & MADISON STREET NORTH,2,1,1,1,1,2,0,,25,0,0,0,0,0,4,2,13
,2017_59496,39.72564,-104.982381,5/18/2017 8:08,8:08,12,0,0,SIXTH AVENUE 400 BLOCK EAST & LOGAN STREET NORTH,2,1,0,2,1,4,0,,30,0,0,0,0,0,4,2,16
,2017_59497,39.725658,-104.9863095,5/18/2017 8:31,8:31,10,0,0,SPEER BOULEVARD & SIXTH AVENUE EAST,2,1,0,2,1,1,0,,25,0,0,0,0,0,4,2,3
,2017_59498,39.725487,-105.039414,5/18/2017 8:40,8:40,3,0,0,SIXTH AVENUE WEST SERVICE ROAD & PERRY STREET,2,1,1,7,1,1,0,,25,0,0,0,0,0,4,2,13
,2017_59499,39.744828,-104.969655,5/18/2017 8:45,8:45,12,0,0,18TH AVENUE EAST & HUMBOLDT STREET NORTH,2,1,0,1,1,3,0,,25,0,0,0,0,0,4,2,8
,2017_59500,39.714957,-105.043266,5/18/2017 9:37,9:37,5,0,0,BAYAUD AVENUE WEST & STUART STREET SOUTH,2,1,1,2,2,1,0,,25,0,0,0,0,0,4,1,12
,2017_59501,39.689532,-105.047973,5/18/2017 10:23,10:23,3,0,0,WOLFF STREET SOUTH & FLORIDA AVENUE WEST,2,1,0,2,1,1,0,,25,0,0,0,0,0,4,2,5
,2017_59502,39.678426,-104.9395905,5/18/2017 10:24,10:24,1,0,0,EVANS AVENUE EAST & ALBION STREET SOUTH,2,1,0,2,1,1,0,,35,0,0,0,0,0,4,2,13
,2017_59503,39.72627,-105.0002055,5/18/2017 11:15,11:15,14,0,0,KALAMATH STREET NORTH & SIXTH AVENUE,2,1,1,1,1,1,0,,35,0,0,0,0,0,4,2,9
,2017_59504,39.761784,-104.9405175,5/18/2017 11:17,11:17,10,0,0,MLK BOULEVARD & COLORADO BOULEVARD,2,1,0,1,1,3,0,,30,0,0,0,0,0,4,2,12
,2017_59505,39.736872,-105.0028065,5/18/2017 11:43,11:43,3,0,1,13TH AVENUE WEST & MARIPOSA STREET NORTH,2,1,0,1,1,1,0,,30,0,0,0,0,2,4,2,13
,2017_59506,39.678435,-104.922234,5/18/2017 12:21,12:21,15,0,0,EVANS AVENUE 5600 BLOCK EAST & HOLLY STREET SOUTH,2,1,0,2,1,4,0,,30,0,0,0,0,1,4,2,13
,2017_59507,39.725649,-104.986314,5/18/2017 12:58,12:58,10,0,0,LINCOLN STREET NORTH & SPEER BOULEVARD,2,1,0,1,1,1,0,,30,0,0,0,0,0,4,2,1
,2017_59508,39.680226,-104.959404,5/18/2017 12:59,12:59,15,0,0,UNIVERSITY BOULEVARD & ASBURY AVENUE EAST,2,1,0,1,1,4,0,,35,0,0,0,0,0,4,2,8
,2017_59509,39.755745,-104.989014,5/18/2017 13:05,13:05,10,0,0,PARK AVENUE WEST & LARIMER / LAWRENCE ALLEY,2,1,0,1,1,5,0,,30,0,0,0,0,0,4,2,8
,2017_59510,39.736746,-104.9439735,5/18/2017 13:07,13:07,10,0,0,13TH AVENUE EAST & GARFIELD STREET NORTH,2,1,0,1,1,1,0,,60,0,0,0,0,0,4,2,13
,2017_59511,39.711222,-104.903505,5/18/2017 13:16,13:16,3,0,0,QUEBEC STREET SOUTH & ALAMEDA AVENUE EAST,2,1,1,1,1,1,0,,30,0,0,0,0,1,4,2,3
,2017_59512,39.743478,-104.9128155,5/18/2017 13:33,13:33,3,0,0,MONACO PARKWAY NORTH & 17TH AVENUE EAST,2,1,0,0,1,1,0,,30,0,0,0,0,0,4,2,13
,2017_59513,39.674826,-104.9175765,5/18/2017 13:35,13:35,6,0,0,ILIFF AVENUE EAST & KEARNEY STREET SOUTH,2,1,1,2,1,4,0,,25,0,0,0,0,0,4,2,3
,2017_59514,39.7170765,-104.8955513,5/18/2017 13:40,13:40,15,0,0,FAIRMOUNT DRIVE EAST & LOWRY BOULEVARD EAST ROUNDABOUT,4,1,0,2,1,6,0,,35,0,0,0,0,0,4,2,13
,2017_59515,39.738375,-104.9622525,5/18/2017 13:50,13:50,3,0,0,VINE STREET NORTH & 14TH STREET EAST,2,1,0,1,1,1,0,,30,0,0,0,0,1,4,2,7
,2017_59516,39.783609,-104.772222,5/18/2017 14:51,14:51,3,0,0,GREEN VALLEY RANCH BOULEVARD & TOWER ROAD NORTH,2,1,0,1,1,2,0,,35,0,0,0,0,1,4,2,13
,2017_59517,39.722616,-104.982624,5/18/2017 15:09,15:09,15,0,0,SPEER BOULEVARD & LOGAN STREET NORTH,2,1,0,4,1,4,0,,25,0,0,0,0,0,4,2,14
,2017_59518,39.745134,-105.0299145,5/18/2017 17:25,17:25,3,0,0,18TH AVENUE WEST & IRVING STREET NORTH,4,1,0,2,1,1,0,,30,0,0,0,0,0,4,2,13
,2017_59519,39.763782,-104.925771,5/18/2017 17:53,17:53,3,0,0,33RD AVENUE EAST & GLENCOE STREET NORTH,2,1,0,1,1,1,0,,30,0,0,0,0,0,4,2,14
,2017_59520,39.780243,-105.0346035,5/18/2017 18:02,18:02,12,0,0,LOWELL BOULEVARD NORTH & 46TH AVENUE WEST,2,1,0,2,1,4,0,,25,0,0,0,0,0,4,2,13
,2017_59521,39.718152,-105.032484,5/18/2017 18:30,18:30,3,0,0,FIRST AVENUE WEST & KNOX COURT NORTH,4,1,0,2,1,1,0,,,0,0,0,0,0,4,2,13
,2017_59522,39.777993,-104.912901,5/18/2017 18:40,18:40,3,0,0,STAPLETON SOUTH DRIVE EAST & MONACO STREET NORTH,2,1,0,1,1,1,0,,30,0,0,0,0,0,4,2,13
,2017_59523,39.834405,-104.715504,5/18/2017 18:55,18:55,15,0,0,PENA BOULEVARD & GUN CLUB ROAD NORTH,2,2,0,2,1,4,0,,55,0,0,0,0,1,4,2,1
,2017_59524,39.718404,-104.903784,5/18/2017 20:25,20:25,3,0,0,FIRST AVENUE EAST & QUEBEC STREET NORTH,2,3,0,2,1,1,0,,35,0,0,0,0,0,4,2,7
,2017_59525,39.771774,-104.903442,5/18/2017 21:10,21:10,3,0,0,SMITH ROAD EAST & QUEBEC STREET NORTH,2,3,0,2,1,1,0,,,0,0,0,0,0,4,2,13
,2017_59526,39.737268,-104.8846815,5/19/2017 0:35,0:35,6,0,0,13TH AVENUE & YOSEMITE STREET NORTH,2,3,1,1,2,1,0,,30,0,0,0,0,0,4,2,13
,2017_59527,39.73833,-104.9161455,5/19/2017 0:45,0:45,6,0,0,KRAMERIA STREET NORTH & 14TH AVENUE EAST,2,3,0,2,1,4,0,,35,0,0,0,0,0,4,2,14
,2017_59528,39.838059,-104.7154635,5/19/2017 5:30,5:30,5,0,0,78TH AVENUE EAST & GUN CLUB ROAD NORTH,2,2,0,2,1,1,0,,15,0,0,0,0,0,4,1,13
,2017_59529,39.760551,-104.9001615,5/19/2017 7:27,7:27,3,0,0,ROSLYN STREET NORTH & MLK BOULEVARD,2,1,0,2,1,1,0,,35,0,0,0,0,0,4,2,14
,2017_59530,39.743217,-104.96475,5/23/2017 15:53,15:53,6,0,0,HIGH STREET NORTH & 17TH AVENUE,1,1,0,0,1,4,0,,,0,0,0,0,0,4,2,13
,2017_59531,39.783762,-104.798043,5/19/2017 7:49,7:49,1,0,0,GREEN VALLEY RANCH BOULEVARD EAST & MEMPHIS STREET NORTH,2,1,0,2,1,1,0,,30,0,0,0,0,0,4,2,14
,2017_59532,39.670317,-105.035904,5/19/2017 15:35,15:35,6,0,0,VASSAR AVENUE WEST & MEADE STREET SOUTH,1,1,0,0,1,4,0,,25,0,0,0,0,0,4,2,12
,2017_59533,39.759426,-104.9937435,5/19/2017 7:57,7:57,12,0,0,PARK AVENUE WEST 3400 BLOCK & DELGANY STREET,1,1,0,1,1,4,0,,35,0,0,0,0,0,4,2,14
,2017_59534,39.73527,-104.9987025,5/19/2017 8:05,8:05,12,0,0,SANTE FE DRIVE NORTH & 12TH AVENUE,2,1,0,1,1,4,0,,35,0,0,0,0,1,4,2,10
,2017_59535,39.771045,-104.922333,5/19/2017 8:08,8:08,3,0,0,HOLLY STREET NORTH & 39TH AVENUE EAST,2,1,0,1,1,2,0,,25,0,0,0,0,1,4,2,13
,2017_59536,39.74481,-104.977566,5/19/2017 8:48,8:48,3,0,0,CLARKSON STREET NORTH & 18TH AVENUE EAST,1,1,0,0,1,1,0,,30,0,0,0,0,0,4,2,3
,2017_59537,39.774483,-104.738274,5/19/2017 8:59,8:59,6,0,0,41ST PLACE & ORLEANS STREET APPROXIMATELY,2,1,0,2,1,4,0,,30,0,0,0,0,1,4,2,14
,2017_59538,39.781782,-104.772267,5/19/2017 9:17,9:17,12,0,0,TOWER ROAD NORTH & 47TH AVENUE EAST,1,1,0,0,1,1,0,,40,0,0,0,0,1,4,2,7
,2017_59539,39.79755,-104.8298535,5/19/2017 9:50,9:50,15,0,0,RANDOLPH PLACE EAST & ZANADU STREET NORTH,2,1,0,0,1,4,0,,25,0,0,0,0,1,4,2,13
,2017_59541,39.787389,-104.9782905,5/19/2017 12:03,12:03,12,0,0,WASHINGTON STREET NORTH & 50TH AVENUE WEST,1,1,1,0,1,4,0,,,0,0,0,0,0,4,2,13
,2017_59542,39.729204,-104.9394735,5/19/2017 12:14,12:14,12,0,0,EIGHTH AVENUE EAST & ALBION STREET NORTH,1,1,0,0,1,3,0,,25,0,0,0,0,0,4,2,16
,2017_59543,39.711339,-104.921127,5/19/2017 13:25,13:25,12,0,0,ALAMEDA AVENUE 5700 BLOCK EAST & IVY AVENUE EAST,1,1,0,0,1,3,0,,35,0,0,0,0,0,4,2,3
,2017_59544,39.75498,-104.995143,5/19/2017 13:47,13:47,12,0,0,20TH STREET & WAZEE STREET,1,1,1,0,1,3,0,,25,0,0,0,0,0,4,2,3
,2017_59545,39.711186,-104.997132,5/19/2017 15:00,15:00,15,0,0,SANTA FE DRIVE SOUTH & ALAMEDA AVENUE WEST,1,1,0,0,1,4,0,,35,0,0,0,0,0,4,2,1
,2017_59546,39.795525,-104.835654,5/19/2017 15:23,15:23,5,0,0,UVALDA STREET NORTH & OLMSTED PLACE  13102 EAST,2,1,0,1,3,4,0,,25,0,0,0,0,0,4,1,1
,2017_59547,39.738456,-104.9902425,5/19/2017 15:44,15:44,12,0,0,14TH AVENUE 200 BLOCK WEST & BANNOCK STREET NORTH,1,1,0,0,1,3,0,,,0,0,0,0,0,4,2,13
,2017_59548,39.716235,-104.949963,5/19/2017 16:17,16:17,15,0,0,STEELE STREET NORTH & ELLSWORTH AVENUE EAST,2,1,0,0,1,4,0,,,0,0,0,0,0,4,2,16
,2017_59549,39.749247,-104.92227,5/19/2017 16:27,16:27,3,0,0,22ND AVENUE EAST & HOLLY STREET NORTH,1,1,0,0,1,1,0,,25,0,0,0,0,1,4,2,13
,2017_59550,39.762009,-105.008022,5/19/2017 17:01,17:01,6,0,0,QUIVAS STREET NORTH & 32ND AVENUE WEST,1,1,1,0,1,3,0,,25,0,0,0,0,0,4,2,13
,2017_59551,39.656367,-105.050556,5/19/2017 17:15,17:15,3,0,0,DARTMOUTH AVENUE WEST & ZURICH COURT SOUTH,1,1,0,0,1,2,0,,25,0,0,0,0,0,4,2,13
,2017_59552,39.744072,-104.988285,5/19/2017 17:29,17:29,15,0,0,17TH STREET & TREMONT PLACE,1,1,0,0,1,1,0,,30,0,0,0,0,0,4,2,13
,2017_59553,39.715668,-104.9899635,5/19/2017 19:42,19:42,6,0,0,ARCHER PLACE WEST & BANNOCK STREET SOUTH,1,2,0,0,1,4,0,,25,0,0,0,0,0,4,2,13
,2017_59554,39.694734,-104.976954,5/19/2017 19:50,19:50,3,0,0,ARIZONA AVENUE EAST & EMERSON STREET SOUTH,1,2,0,0,1,1,0,,25,0,0,0,0,0,4,2,8
,2017_59555,39.714759,-104.9875425,5/20/2017 1:00,1:00,6,0,0,BAYAUD AVENUE WEST & BROADWAY SOUTH,1,3,0,0,1,4,0,,25,0,0,0,0,0,4,2,13
,2017_59556,39.776427,-104.8469535,5/20/2017 1:19,1:19,5,0,0,PEORIA STREET NORTH & 44TH AVENUE EAST,1,3,0,0,3,4,0,,35,0,0,0,0,0,4,1,5
,2017_59557,39.7452195,-104.997303,5/20/2017 1:27,1:27,6,0,0,CURTIS STREET & 1400 BLOCK,1,3,0,0,1,4,0,,25,0,0,0,0,0,4,2,5
,2017_59558,39.7510791,-105.0092053,5/21/2017 20:15,20:15,5,0,0,ELITCH CIRCLE & 2050 APPROXIMATELY,2,3,0,1,3,4,0,,25,0,0,0,0,0,4,1,3
,2017_59559,39.649113,-104.8849155,5/20/2017 10:24,10:24,3,0,0,KENYON AVENUE EAST & YOSEMITE STREET SOUTH,1,1,0,0,1,1,0,,35,0,0,0,0,0,4,2,13
,2017_59560,39.729267,-104.9161545,5/20/2017 12:01,12:01,12,0,0,EIGHTH AVENUE EAST & KRAMERIA STREET NORTH,1,1,0,0,1,3,0,,30,0,0,0,0,1,4,2,16
,2017_59562,39.711186,-104.997132,5/20/2017 13:30,13:30,15,0,0,SANTA FE DRIVE SOUTH & ALAMEDA AVENUE WEST,1,1,0,0,1,1,0,,35,0,0,0,0,0,4,2,13
,2017_59563,39.763206,-105.02361,5/20/2017 14:07,14:07,3,0,0,33RD AVENUE WEST & ELIOT STREET NORTH,1,1,0,0,1,1,0,,25,0,0,0,0,0,4,2,13
,2017_59564,39.71835,-104.912784,5/20/2017 15:30,15:30,12,0,0,MONACO STREET NORTH & FIRST AVENUE EAST,1,1,0,0,1,4,0,,35,0,0,0,0,0,4,2,13
,2017_59565,39.776427,-104.8469535,5/20/2017 15:36,15:36,1,0,0,PEORIA STREET NORTH & 44TH AVENUE EAST,1,1,0,0,1,1,0,,40,0,0,0,0,0,4,2,13
,2017_59566,39.713859,-104.987565,5/20/2017 16:48,16:48,1,0,0,MAPLE AVENUE EAST & BROADWAY SOUTH,1,1,0,0,1,1,0,,25,0,0,0,0,0,4,2,13
,2017_59567,39.73203,-104.9752575,5/20/2017 17:12,17:12,6,0,0,10TH AVENUE EAST 900 BLOCK & OGDEN STREET NORTH,1,1,0,0,1,4,0,,25,0,0,0,0,0,4,2,14
,2017_59568,39.70584,-105.0324525,5/20/2017 20:30,20:30,3,0,0,KNOX COURT SOUTH & CENTER AVENUE WEST,1,3,0,0,1,1,0,,25,0,0,0,0,0,4,2,14
,2017_59569,39.784158,-104.831307,5/20/2017 22:47,22:47,6,0,1,CROWN BOULEVARD 4860 NORTH & ANDREWS DRIVE EAST,1,3,0,0,1,4,0,,25,0,0,0,0,2,4,3,9
,2017_59570,39.784005,-104.84712,5/20/2017 23:37,23:37,3,0,0,PEORIA STREET 4700 BLOCK NORTH & ALBROOK DRIVE EAST,1,3,1,0,1,2,0,,10,0,0,0,0,1,4,2,16
,2017_59571,39.689217,-105.0003,5/21/2017 1:20,1:20,1,0,0,FLORIDA AVENUE WEST & PLATTE RIVER DRIVE SOUTH,1,3,0,0,1,1,0,,35,0,0,0,0,0,4,2,13
,2017_59572,39.752946,-104.992614,5/21/2017 1:53,1:53,3,0,0,20TH STREET & LARIMER STREET,1,4,0,0,1,1,0,,25,0,0,0,0,0,4,2,4
,2017_59573,39.747348,-104.9998455,5/21/2017 9:05,9:05,12,0,0,14TH STREET 1300 BLOCK & LARIMER STREET,1,1,0,0,1,4,0,,30,0,0,0,0,0,4,2,13
,2017_59574,39.751704,-104.9837445,5/21/2017 10:03,10:03,3,0,0,PARK AVENUE WEST & CALIFORNIA STREET,1,1,0,0,1,1,0,,35,0,0,0,0,0,4,2,13
,2017_59575,39.744927,-104.935482,5/21/2017 10:35,10:35,6,0,0,18TH AVENUE EAST & CLERMONT STREET NORTH,1,1,0,0,1,4,0,,25,0,0,0,0,0,4,2,13
,2017_59576,39.736476,-104.9394915,5/21/2017 11:01,11:01,3,0,0,13TH AVENUE EAST & ALBION STREET NORTH,1,1,0,0,1,1,0,,25,0,0,0,0,0,4,2,13
,2017_59577,39.660192,-104.902281,5/21/2017 12:00,12:00,6,0,0,TAMARAC DRIVE SOUTH & DARTMOUTH AVENUE EAST,1,1,0,0,1,4,0,,30,0,0,0,0,0,4,2,13
,2017_59578,39.76185884,-104.9187495,5/21/2017 13:30,13:30,6,0,0,JASMINE STREET & 1400 BLOCK NORTH,1,1,0,0,1,4,0,,25,0,0,0,0,0,4,2,8
,2017_59579,39.740085,-104.9034735,5/21/2017 14:01,14:01,12,0,0,QUEBEC STREET 1400 BLOCK NORTH & COLFAX AVENUE EAST,1,1,0,0,1,4,0,,30,0,0,0,0,0,4,2,3
,2017_59580,39.780162,-105.0064425,5/21/2017 16:04,16:04,12,0,0,PECOS STREET NORTH & 46TH AVENUE WEST,1,1,1,0,1,1,0,,30,0,0,0,0,0,4,2,1
,2017_59581,39.741966,-104.8893345,5/21/2017 16:39,16:39,14,0,0,WABASH STREET NORTH & 16TH AVENUE EAST,1,1,0,0,6,4,0,,25,0,0,0,0,0,4,2,3
,2017_59582,39.709629,-105.0350355,5/21/2017 17:36,17:36,12,0,0,MORRISON ROAD & LOWELL BOULEVARD SOUTH,1,1,0,0,1,4,0,,35,0,0,0,0,0,4,2,12
,2017_59583,39.761118,-105.008094,5/21/2017 18:31,18:31,3,0,0,18TH STREET & BOULDER STREET,1,1,2,0,1,1,0,,25,0,0,0,0,1,4,2,13
,2017_59584,39.778794,-104.824692,5/21/2017 18:55,18:55,15,0,0,46TH AVENUE EAST & ANDREWS DRIVE EAST,1,1,0,0,1,4,0,,35,0,0,0,0,0,4,2,13
,2017_59585,39.696741,-105.009381,5/22/2017 6:45,6:45,15,0,0,MISSISSIPPI AVENUE 1700 BLOCK WEST & RARITAN STREET SOUTH,1,1,0,0,1,4,0,,30,0,0,0,0,0,4,2,13
,2017_59586,39.75105938,-104.9033846,5/22/2017 7:10,7:10,15,0,0,QUEBEC STREET 2300 BLOCK NORTH & 23RD AVENUE EAST,1,1,0,0,1,4,0,,30,0,0,0,0,0,4,2,13
,2017_59587,39.733704,-104.9810535,5/22/2017 7:35,7:35,3,0,0,11TH AVENUE EAST & PENNSYLVANIA STREET NORTH,1,1,0,0,1,1,0,,30,0,0,0,0,0,4,2,13
,2017_59588,39.678444,-104.9579415,5/22/2017 8:00,8:00,12,0,0,EVANS AVENUE 2400 BLOCK EAST & JOSEPHINE STREET SOUTH,1,1,0,7,1,1,0,,30,0,0,0,0,0,4,3,16
,2017_59589,39.769461,-105.041682,5/23/2017 10:30,10:30,5,0,1,38TH AVENUE 4200 BLOCK WEST & RALEIGH STREET NORTH,1,1,0,0,3,4,0,,35,0,0,0,0,2,4,1,5
,2017_59590,39.769272,-105.0135255,5/22/2017 8:13,8:13,12,0,0,38TH AVENUE WEST & VALLEJO STREET NORTH ROAD SOUTH,1,1,1,0,1,3,0,,30,0,0,0,0,0,4,2,8
,2017_59591,39.696588,-104.9734035,5/22/2017 9:52,9:52,6,0,0,DOWNING STREET SOUTH & MISSISSIPPI AVENUE EAST,1,1,0,0,1,4,0,,25,0,0,0,0,0,4,2,14
,2017_59592,39.761964,-104.903451,5/22/2017 9:54,9:54,3,0,0,QUEBEC STREET NORTH & MLK BOULEVARD,1,1,0,0,1,1,0,,30,0,0,0,0,0,4,2,8
,2017_59593,39.785652,-104.893254,5/22/2017 10:35,10:35,15,0,0,UINTA STREET NORTH & NORTHFIELD BOULEVARD,1,1,0,0,1,1,0,,,0,0,0,0,0,4,2,13
,2017_59594,39.767418,-104.9222835,5/22/2017 23:58,23:58,5,0,0,36TH AVENUE EAST & HOLLY STREET NORTH,1,3,0,0,3,1,0,,25,0,0,0,0,0,4,2,14
,2017_59595,39.689397,-104.9827905,5/22/2017 10:43,10:43,3,0,0,FLORIDA AVENUE EAST & LOGAN STREET SOUTH,1,1,0,7,1,1,0,,25,0,0,0,0,1,4,2,16
,2017_59596,39.759462,-104.9511735,5/22/2017 11:40,11:40,5,0,0,STREET PAUL STREET 2950 NORTH & 30TH AVENUE EAST,1,1,0,0,2,5,0,,25,0,0,0,0,0,4,1,12
,2017_59597,39.736872,-105.000183,5/22/2017 12:32,12:32,3,0,0,13TH AVENUE WEST & KALAMATH STREET NORTH,1,1,1,0,1,1,0,,30,0,0,0,0,0,4,2,1
,2017_59598,39.669462,-104.987682,5/22/2017 13:23,13:23,6,0,0,VASSAR AVENUE WEST & BROADWAY SOUTH,1,1,0,0,1,5,0,,25,0,0,0,0,0,4,2,14
,2017_59599,39.7172835,-104.8960418,5/22/2017 14:45,14:45,15,0,0,RAMPART WAY NORTH & LOWRY BOULEVARD EAST ROUNDABOUT,2,1,0,0,1,6,0,,25,0,0,0,0,0,4,2,13
,2017_59600,39.769272,-105.0096015,5/22/2017 14:52,14:52,10,0,0,38TH AVENUE WEST & SHOSHONE STREET NORTH,1,1,1,0,1,1,0,,30,0,0,0,0,0,4,2,13
,2017_59601,39.692988,-104.973417,5/22/2017 14:56,14:56,3,0,0,LOUISIANA AVENUE EAST & DOWNING STREET SOUTH,1,1,1,0,1,1,0,,30,0,0,0,0,0,4,2,3
,2017_59602,39.759489,-104.9841405,5/22/2017 15:00,15:00,6,0,0,LARIMER STREET & 27TH STREET,1,1,0,0,1,4,0,,25,0,0,0,1,0,4,2,13
,2017_59603,39.78386325,-104.7945905,5/22/2017 15:00,15:00,12,0,0,GREEN VALLEY RANCH BOULEVARD 16500 BLOCK EAST & AIRPORT WAY NORTH,1,1,0,0,1,4,0,,40,0,0,0,0,1,4,3,13
,2017_59604,39.738456,-104.9976405,5/22/2017 15:10,15:10,3,0,0,14TH AVENUE WEST & SPEER BOULEVARD NORTH,1,1,0,0,1,1,0,,30,0,0,0,0,0,4,2,2
,2017_59605,39.729303,-105.0223531,5/22/2017 15:18,15:18,12,0,0,EIGHTH AVENUE WEST & 800 BLOCK WEST,1,1,1,0,1,4,0,,30,0,0,0,0,0,4,2,13
,2017_59606,39.783762,-104.798043,5/22/2017 16:00,16:00,12,0,0,GREEN VALLEY RANCH BOULEVARD 16500 BLOCK EAST & MEMPHIS STREET NORTH,2,1,0,1,1,4,0,,40,0,0,0,0,0,4,2,13
,2017_59607,39.783609,-104.772222,5/22/2017 16:05,16:05,3,0,0,GREEN VALLEY RANCH BOULEVARD & TOWER ROAD NORTH,2,1,0,1,1,3,0,,35,0,0,0,0,1,4,2,14
,2017_59608,39.765636,-105.0017445,5/22/2017 16:30,16:30,14,0,0,LIPAN STREET NORTH & 35TH AVENUE WEST,1,1,0,0,1,1,0,,25,0,0,0,0,0,4,2,13