id,drcog_id,latitude,longitude,crashtime,time,crashtype,numbkilled,numbinjurd,drcoglocat,rdconditin,lightngcon,roadcntgrd,weatherco,location,roaddescrp,constrzone,schoolzone,splimit,bikeinv,pedinv,sctrinv,motoinv,svrty,rdsystem,ttlvehcls,hcf
,2017_59609,39.83338151,-104.771988,9/4/2017 0:48,0:48,5,0,0,PENA BOULEVARD OUTBOUND & TOWER ROAD,1,3,0,0,2,4,0,,65,0,0,0,0,0,4,1,6
,2017_59610,39.711168,-104.99238,5/22/2017 16:35,16:35,12,0,0,CHEROKEE STREET 300 BLOCK SOUTH & ALAMEDA AVENUE EAST,1,1,0,0,1,3,0,,25,0,0,0,0,0,4,2,13
,2017_59611,39.768129,-104.9597505,5/22/2017 16:52,16:52,3,0,0,37TH AVENUE EAST & YORK STREET NORTH,1,1,0,7,1,1,0,,,0,0,0,0,0,4,2,1
,2017_59612,39.718332,-104.966784,5/22/2017 16:59,16:59,12,0,0,FIRST AVENUE EAST & GILPIN STREET NORTH,1,1,0,0,1,3,0,,35,0,0,0,0,0,4,2,13
,2017_59613,39.678543,-104.985225,5/22/2017 17:25,17:25,12,0,0,EVANS AVENUE EAST & SHERMAN STREET SOUTH,1,1,0,7,1,1,0,,35,0,0,0,0,1,4,2,16
,2017_59614,39.741957,-104.886981,5/22/2017 17:33,17:33,3,0,0,16TH AVENUE EAST & XANTHIA STREET NORTH,2,1,0,1,1,1,0,,25,0,0,0,0,0,4,2,3
,2017_59615,39.7962951,-104.889474,5/22/2017 17:47,17:47,3,0,0,177TH AVENUE EAST & WABASH STREET NORTH,2,1,0,1,1,1,0,,25,0,0,0,0,0,4,2,3
,2017_59616,39.709026,-104.875443,5/22/2017 17:59,17:59,3,0,0,ALAMEDA AVENUE EAST & DAYTON STREET SOUTH,2,1,0,1,1,2,0,,35,0,0,0,0,0,4,2,7
,2017_59617,39.781944,-104.983524,7/13/2017 1:30,1:30,5,0,1,47TH AVENUE & GRANT STREET NORTH,1,3,0,0,2,4,0,,30,0,0,0,0,2,4,1,5
,2017_59618,39.783609,-104.7913916,5/22/2017 18:08,18:08,12,0,0,GREEN VALLEY RANCH BOULEVARD 16900 BLOCK EAST & PENA BOULEVARD NORTH,2,1,0,1,1,4,0,,45,0,0,0,0,0,4,2,7
,2017_59619,39.718404,-104.903784,5/22/2017 18:12,18:12,12,0,0,FIRST AVENUE EAST & QUEBEC STREET NORTH,2,1,0,1,1,3,0,,25,0,0,0,0,0,4,2,13
,2017_59620,39.718206,-104.954625,5/22/2017 18:27,18:27,12,0,0,FIRST AVENUE EAST & DETROIT STREET NORTH,2,1,0,1,1,4,0,,30,0,0,0,0,0,4,3,16
,2017_59621,39.678444,-104.9579415,5/22/2017 18:41,18:41,15,0,0,EVANS AVENUE EAST & JOSEPHINE STREET SOUTH,2,1,0,1,1,3,0,,35,0,0,0,0,0,4,2,1
,2017_59622,39.793509,-104.903334,5/22/2017 18:50,18:50,5,0,0,53RD PLACE EAST & QUEBEC STREET NORTH,2,1,0,1,3,4,0,,25,0,0,0,0,0,4,1,14
,2017_59623,39.761964,-104.903451,5/22/2017 19:01,19:01,3,0,0,MLK BOULEVARD EAST & QUEBEC STREET NORTH,2,1,0,1,1,1,0,,35,0,0,0,0,1,4,2,3
,2017_59624,39.798396,-104.786415,5/22/2017 19:20,19:20,12,0,0,PENA BOULEVARD & 56TH AVENUE EAST,2,2,0,1,1,3,0,,35,0,0,0,0,0,4,2,13
,2017_59626,39.708135,-104.879142,5/23/2017 5:43,5:43,12,0,0,ALAMEDA AVENUE 9300 BLOCK EAST & CLINTON STREET SOUTH,1,2,0,0,1,4,0,,40,0,0,0,0,0,4,2,13
,2017_59627,39.709026,-104.875443,5/23/2017 7:33,7:33,12,0,0,ALAMEDA AVENUE EAST & DAYTON STREET,1,1,0,0,1,4,0,,25,0,0,0,0,0,4,2,14
,2017_59628,39.732993,-105.0405435,5/25/2017 6:38,6:38,5,0,0,10TH AVENUE & QUITMAN STREET NORTH / RALEIGH ALLEY,1,1,1,0,3,4,0,,,0,0,0,0,0,4,1,13
,2017_59629,39.798387,-104.866074,5/23/2017 7:43,7:43,1,0,0,56TH AVENUE EAST & HAVANA STREET NORTH,1,1,0,0,1,1,0,,45,0,0,0,0,0,4,2,13
,2017_59630,39.72393,-104.8839413,5/23/2017 7:52,7:52,10,0,0,LOWRY BOULEVARD EAST ROUNDABOUT & YOSEMITE STREET NORTH,1,1,0,0,1,6,0,,30,0,0,0,0,0,4,2,14
,2017_59631,39.702033,-104.976936,5/23/2017 8:32,8:32,3,0,0,OHIO STREET EAST & EMERSON STREET SOUTH,1,1,0,0,1,1,0,,25,0,0,0,0,0,4,2,13
,2017_59632,39.74184,-104.96313,5/23/2017 10:36,10:36,6,0,0,RACE STREET 1600 BLOCK NORTH & 16TH AVENUE EAST,1,1,0,0,1,4,0,,25,0,0,0,0,0,4,2,8
,2017_59633,39.74009707,-104.9823053,5/23/2017 11:18,11:18,15,0,0,LOGAN STREET 1500 BLOCK NORTH & 16TH AVENUE EAST,1,1,0,0,1,4,0,,30,0,0,0,0,0,4,2,13
,2017_59634,39.737268,-104.904621,5/23/2017 11:30,11:30,6,0,0,13TH AVENUE EAST & POPLAR STREET NORTH,1,1,0,0,1,4,0,,20,0,0,0,0,0,4,2,7
,2017_59635,39.744072,-104.988285,5/23/2017 12:43,12:43,12,0,0,17TH STREET & TREMONT PLACE,1,1,0,0,1,4,0,,25,0,0,0,0,0,4,2,13
,2017_59636,39.743172,-104.9895405,5/23/2017 13:02,13:02,15,0,0,TREMONT PLACE & 16TH STREET,1,1,0,0,1,4,0,,,0,0,0,0,0,4,2,13
,2017_59637,39.749886,-104.998311,5/23/2017 14:05,14:05,6,0,0,MARKET STREET & 16TH STREET,1,1,0,0,1,4,0,,25,0,0,0,0,0,4,2,5
,2017_59638,39.777984,-104.774481,5/23/2017 14:12,14:12,6,0,0,45TH AVENUE EAST & YAMPA STREET NORTH,1,1,0,0,1,4,0,,25,0,0,0,0,0,4,2,4
,2017_59639,39.728286,-105.046281,7/22/2017 3:36,3:36,6,0,0,VRAIN STREET 600 BLOCK & SEVENTH STREET WEST,1,3,0,0,1,4,0,,25,0,0,0,0,0,4,3,13
,2017_59640,39.71934,-104.996331,5/23/2017 14:27,14:27,3,0,0,SECOND AVENUE WEST & GALAPAGO STREET NORTH,1,1,0,0,1,1,0,,25,0,0,0,0,0,4,2,13
,2017_59641,39.678363,-104.959404,5/23/2017 14:41,14:41,12,0,0,UNIVERSITY BOULEVARD 2100 BLOCK SOUTH & EVANS AVENUE EAST,1,1,0,0,1,4,0,,30,0,0,0,0,0,4,2,3
,2017_59642,39.718278,-104.973777,5/23/2017 14:45,14:45,12,0,0,SPEER BOULEVARD EAST & DOWNING STREET NORTH,1,1,0,0,1,1,0,,35,0,0,0,0,0,4,2,8
,2017_59643,39.673098,-104.973462,5/23/2017 14:56,14:56,1,0,0,DOWNING STREET & WESLEY AVENUE EAST,1,1,1,0,1,1,0,,30,0,0,0,0,0,4,2,13
,2017_59644,39.751452,-104.9979645,5/23/2017 15:18,15:18,10,0,0,17TH STREET & BLAKE STREET,1,1,0,0,1,5,0,,30,0,0,0,0,0,4,2,13
,2017_59645,39.776553,-105.015861,5/23/2017 15:21,15:21,3,0,0,44TH AVENUE WEST & ZUNI STREET NORTH,1,1,1,0,1,1,0,,30,0,0,0,0,1,4,2,1
,2017_59646,39.778911,-104.951925,5/23/2017 15:42,15:42,3,0,0,45TH AVENUE EAST & MILWAUKEE STREET NORTH,1,1,0,0,1,1,0,,25,0,0,0,0,0,4,2,3
,2017_59647,39.78477504,-105.0082383,5/23/2017 16:00,16:00,3,0,0,QUIVAS STREET & 3700 BLOCK NORTH,1,1,0,0,1,2,0,,25,0,0,0,0,0,4,2,13
,2017_59648,39.725622,-104.983605,5/23/2017 16:05,16:05,15,0,0,SIXTH AVENUE EAST & GRANT STREET NORTH,1,1,0,0,1,1,0,,30,0,0,0,0,0,4,2,1
,2017_59649,39.689559,-105.0520905,5/23/2017 16:06,16:06,3,0,0,FLORIDA AVENUE WEST & ZENOBIA STREET SOUTH,1,1,0,0,1,2,0,,25,0,0,0,0,0,4,2,7
,2017_59650,39.773097,-104.8079115,5/23/2017 17:15,17:15,12,0,0,40TH AVENUE 15400 BLOCK EAST & ANDREWS ROAD NORTH,1,1,0,0,1,4,0,,40,0,0,0,0,0,4,2,7
,2017_59651,39.7053,-104.912982,5/23/2017 17:48,17:48,1,0,0,MONACO STREET SOUTH & CENTER AVENUE EAST,1,1,1,0,1,2,0,,30,0,0,0,0,0,4,2,13
,2017_59652,39.761964,-104.903451,5/23/2017 17:57,17:57,15,0,0,QUEBEC STREET NORTH & MLK BOULEVARD EAST,1,1,0,0,1,4,0,,35,0,0,0,0,0,4,2,14
,2017_59653,39.724101,-104.9823855,5/23/2017 18:06,18:06,12,0,0,FIFTH AVENUE EAST & LOGAN STREET NORTH,1,1,0,0,1,1,0,,25,0,0,0,0,0,4,2,13
,2017_59654,39.707469,-104.968701,5/23/2017 18:44,18:44,15,0,0,FRANKLIN STREET SOUTH & VIRGINIA AVENUE EAST,1,1,0,0,1,4,0,,25,0,0,0,0,0,4,2,13
,2017_59655,39.730437,-104.988852,5/23/2017 19:11,19:11,6,0,0,NINTH AVENUE WEST & ACOMA STREET,1,1,0,0,1,4,0,,25,0,0,0,0,0,4,2,13
,2017_59656,39.783609,-104.7913916,5/23/2017 19:52,19:52,12,0,0,GREEN VALLEY RANCH BOULEVARD EAST & PENA BOULEVARD,1,2,0,0,1,4,0,,,0,0,0,0,0,4,2,13
,2017_59657,39.783609,-104.7913916,5/23/2017 19:52,19:52,12,0,0,GREEN VALLEY RANCH BOULEVARD EAST & PENA BOULEVARD,1,2,0,0,1,4,0,,40,0,0,0,0,0,4,2,13
,2017_59658,39.729087,-104.986152,5/24/2017 2:13,2:13,10,0,0,LINCOLN STREET NORTH & EIGHTH AVENUE EAST,1,3,1,0,1,1,0,,35,0,0,0,0,0,4,2,8
,2017_59659,39.744828,-104.967225,5/24/2017 3:35,3:35,6,0,0,GILPIN STREET NORTH & 18TH AVENUE EAST,1,3,0,0,1,4,0,,25,0,0,0,0,0,4,3,13
,2017_59660,39.776427,-104.8469535,5/24/2017 5:30,5:30,15,0,0,PEORIA STREET NORTH & 44TH AVENUE EAST,1,2,1,0,1,1,0,,40,0,0,0,0,0,4,2,1
,2017_59661,39.74616,-104.987385,5/24/2017 7:00,7:00,10,0,0,19TH AVENUE & BROADWAY,1,1,0,0,1,1,0,,30,0,0,0,0,0,4,2,13
,2017_59662,39.660363,-104.959431,5/24/2017 7:00,7:00,12,0,0,UNIVERSITY BOULEVARD SOUTH & DARTMOUTH AVENUE EAST,1,1,0,0,1,1,0,,,0,0,0,0,0,4,2,13
,2017_59663,39.747555,-104.9799015,5/24/2017 7:33,7:33,15,0,0,20TH AVENUE 600 BLOCK EAST & PEARL STREET NORTH,1,1,0,0,1,4,0,,30,0,0,0,0,1,4,2,13
,2017_59664,39.703968,-105.0430905,5/24/2017 7:37,7:37,3,0,0,STUART STREET SOUTH & MORRISON ROAD,1,1,0,0,1,1,0,,30,0,0,0,0,0,4,2,14
,2017_59665,39.676572,-105.049494,5/24/2017 7:45,7:45,3,0,0,WARREN AVENUE WEST & XAVIER STREET SOUTH,1,1,0,0,1,1,0,,25,0,0,0,0,0,4,2,7
,2017_59666,39.78441,-104.813532,5/24/2017 7:55,7:55,3,0,0,GATEWAY AVENUE EAST & FONTANA COURT NORTH,1,1,0,0,1,1,0,,25,0,0,0,0,0,4,2,8
,2017_59667,39.729069,-104.97411,5/24/2017 8:16,8:16,12,0,0,EIGHTH AVENUE EAST & CORONA STREET NORTH,1,1,0,0,1,3,0,,,0,0,0,0,0,4,3,7
,2017_59668,39.749319,-104.9903145,5/24/2017 8:20,8:20,12,0,0,19TH STREET 800 BLOCK & CHAMPA STREET,1,1,0,0,1,4,0,,30,0,0,0,0,0,4,2,14
,2017_59669,39.751218,-105.022053,5/24/2017 8:22,8:22,12,0,0,23RD AVENUE WEST & DECATUR STREET NORTH,1,1,0,0,1,3,0,,35,0,0,0,0,0,4,2,14
,2017_59670,39.73842,-104.977674,5/24/2017 8:31,8:31,6,0,0,14TH AVENUE EAST & CLARKSON STREET NORTH,1,1,0,0,1,4,0,,30,0,0,0,0,0,4,2,13
,2017_59671,39.678498,-104.987565,5/24/2017 8:35,8:35,15,0,0,BROADWAY SOUTH & EVANS AVENUE WEST,1,1,0,0,1,1,0,,35,0,0,0,0,1,4,2,13
,2017_59672,39.754863,-105.041673,5/24/2017 9:18,9:18,3,0,0,26TH AVENUE WEST & RALEIGH STREET NORTH,1,1,0,0,1,1,0,,35,0,0,0,0,1,4,2,14
,2017_59673,39.66435,-104.912982,5/24/2017 9:55,9:55,5,0,0,MONACO STREET SOUTH & BATES AVENUE EAST,1,1,0,0,2,4,1,,35,0,0,0,0,0,4,1,10
,2017_59674,39.716226,-104.908149,5/24/2017 12:58,12:58,6,0,0,ONEIDA STREET & 2255 SOUTH ONEIDA STREET,1,1,0,0,1,4,0,,25,0,0,0,0,0,4,2,13
,2017_59675,39.751434,-104.9858325,5/24/2017 13:01,13:01,3,0,0,22ND STREET & STOUT STREET / CALIFORNIA STREET ALLEY,1,1,0,0,1,5,0,,,0,0,0,0,1,4,2,8
,2017_59676,39.707514,-104.98761,5/24/2017 13:21,13:21,12,0,0,BROADWAY STREET SOUTH & VIRGINIA AVENUE EAST,1,1,0,0,1,3,0,,35,0,0,0,0,0,4,2,13
,2017_59677,39.757896,-104.8906935,5/24/2017 14:33,14:33,12,0,0,29TH AVENUE EAST & CENTRAL PARK BOULEVARD NORTH,1,1,0,0,1,1,0,,35,0,0,0,0,0,4,2,7
,2017_59678,39.689298,-104.943033,5/24/2017 15:20,15:20,3,0,0,JACKSON STREET SOUTH & FLORIDA AVENUE EAST,1,1,0,0,1,1,0,,25,0,0,0,0,0,4,2,13
,2017_59679,39.782385,-104.847093,5/24/2017 15:55,15:55,12,0,0,47TH AVENUE EAST & PEORIA STREET NORTH,1,1,0,0,1,3,0,,40,0,0,0,0,0,4,2,14
,2017_59680,39.717819,-104.9473755,5/24/2017 16:00,16:00,3,0,0,FIRST AVENUE EAST & COOK STREET NORTH,1,1,0,0,1,1,0,,30,0,0,0,0,0,4,3,13
,2017_59681,39.680289,-104.987583,5/24/2017 16:02,16:02,3,0,0,ASBURY AVENUE EAST & SOUTH BROADWAY STREET,1,1,0,0,1,1,0,,25,0,0,0,0,1,4,3,13
,2017_59683,39.711168,-104.99238,5/24/2017 16:03,16:03,12,0,1,ALAMEDA AVENUE 300 BLOCK WEST & CHEROKEE STREET SOUTH,1,1,0,0,1,4,0,,35,0,0,0,0,2,4,3,13
,2017_59684,39.734163,-104.90346,5/24/2017 16:04,16:04,12,0,0,QUEBEC STREET NORTH & RICHTHOFEN PLACE EAST,1,1,0,0,1,1,0,,,0,0,0,0,0,4,3,3
,2017_59685,39.73842,-104.9787315,5/24/2017 16:07,16:07,3,0,0,14TH AVENUE EAST & WASHINGTON STREET NORTH,1,1,0,0,1,1,0,,30,0,0,0,0,0,4,2,8
,2017_59686,39.711159,-104.9900175,5/24/2017 17:17,17:17,1,0,1,ALAMEDA AVENUE WEST & BANNOCK STREET SOUTH,1,1,0,0,1,1,0,,35,0,0,0,0,2,4,2,13
,2017_59687,39.678498,-104.971104,5/24/2017 18:14,18:14,10,0,0,EVANS AVENUE EAST & LAFAYETTE STREET SOUTH,1,1,0,0,1,4,0,,35,0,0,0,0,0,4,2,13
,2017_59688,39.741426,-104.9988915,5/24/2017 20:16,20:16,3,0,0,SPEER BOULEVARD & STOUT STREET,1,2,0,0,1,1,0,,,0,0,0,0,0,4,3,7
,2017_59689,39.83558738,-104.7184684,5/24/2017 20:22,20:22,3,0,0,WENATCHEE STREET 7600 BLOCK NORTH & PENA BOULEVARD,1,3,0,0,1,3,0,,15,0,0,0,0,0,4,2,8
,2017_59690,39.691179,-104.9815935,5/24/2017 21:50,21:50,6,0,0,PENNSYLVANIA STREET SOUTH & ARKANSAS AVENUE EAST,1,4,0,0,1,4,0,,,0,0,0,0,0,4,2,13
,2017_59691,39.718278,-104.973777,5/24/2017 22:20,22:20,12,0,0,SPEER BOULEVARD 1200 BLOCK EAST & DOWNING STREET NORTH,1,3,0,0,1,4,0,,35,0,0,0,0,0,4,2,13
,2017_59692,39.711186,-104.9482305,5/24/2017 23:17,23:17,12,0,0,CHERRY CREEK DRIVE NORTH 3400 BLOCK EAST & ALAMEDA AVENUE EAST,1,3,0,0,1,1,0,,30,0,0,0,0,0,4,2,13
,2017_59693,39.755088,-104.988114,5/25/2017 7:05,7:05,12,0,0,PARK AVENUE WEST & LAWRENCE STREET,1,1,0,7,1,1,0,,30,0,0,0,0,1,4,2,3
,2017_59694,39.761964,-104.903451,5/25/2017 9:13,9:13,12,0,0,QUEBEC STREET NORTH & MLK BOULEVARD EAST,1,1,0,0,1,3,0,,35,0,0,0,0,1,4,2,13
,2017_59695,39.720924,-104.9874975,5/25/2017 9:37,9:37,3,0,0,THIRD AVENUE EAST & BROADWAY STREET NORTH,1,1,0,0,1,1,0,,30,0,0,0,0,0,4,2,13
,2017_59696,39.741813,-104.987826,5/25/2017 10:28,10:28,6,0,0,CLEVELAND PLACE & 16TH STREET MALL,1,1,0,0,1,1,0,,,0,0,0,0,0,4,2,13
,2017_59697,39.731031,-104.9339835,5/25/2017 10:42,10:42,6,0,0,CHERRY STREET NORTH & NINTH AVENUE EAST,1,5,0,0,1,4,0,,25,0,0,0,0,0,4,2,13
,2017_59698,39.775023,-104.810697,5/25/2017 10:50,10:50,12,0,0,ANDREWS DRIVE EAST & GRANBY WAY NORTH,1,1,0,0,1,1,0,,25,0,0,0,0,1,4,2,1
,2017_59699,39.769542,-105.0358365,5/25/2017 11:52,11:52,15,0,0,38TH AVENUE WEST & MEADE STREET NORTH,1,1,1,0,1,1,0,,30,0,0,0,0,0,4,2,13
,2017_59700,39.745134,-104.9857515,5/25/2017 13:17,13:17,12,0,0,LINCOLN STREET 1800 BLOCK NORTH & 19TH AVENUE EAST,1,1,0,0,1,4,0,,30,0,0,0,0,1,4,2,13
,2017_59701,39.778794,-104.824692,5/25/2017 13:18,13:18,3,0,0,46TH AVENUE EAST & ANDREWS DRIVE,1,1,0,0,1,1,0,,25,0,0,0,0,0,4,2,7
,2017_59702,39.747438,-104.90346,5/25/2017 13:34,13:34,12,0,0,MONTVIEW BOULEVARD EAST & QUEBEC STREET NORTH,1,1,0,0,1,4,0,,30,0,0,0,0,0,4,2,3
,2017_59703,39.71835,-104.9607225,5/25/2017 13:56,13:56,12,0,0,FIRST AVENUE 2200 BLOCK EAST & GAYLORD STREET,1,1,1,0,1,4,0,,30,0,0,0,0,1,4,3,3
,2017_59704,39.682755,-104.959332,5/25/2017 14:05,14:05,12,0,0,UNIVERSITY BOULEVARD 1900 BLOCK SOUTH & BUCHTEL BOULEVARD EAST,1,1,0,0,1,3,0,,30,0,0,0,0,0,4,2,13
,2017_59705,39.774015,-104.9128335,1/14/2017 13:54,13:54,3,0,0,SANDOWN ROAD EAST & MONACO STREET NORTH,1,5,1,7,1,1,0,,30,0,0,0,0,0,4,2,16
,2017_59706,39.712977,-104.986341,5/25/2017 15:30,15:30,10,0,0,LINCOLN STREET SOUTH & CEDAR AVENUE EAST,1,1,0,0,1,1,0,,30,0,0,0,0,0,4,2,13
,2017_59707,39.713508,-104.998284,5/25/2017 15:52,15:52,12,0,0,CEDAR AVENUE 900 BLOCK WEST & SANTA FE DRIVE SOUTH,1,1,0,0,1,4,0,,30,0,0,0,0,0,4,2,16
,2017_59708,39.781944,-104.958162,5/25/2017 16:00,16:00,8,0,0,47TH AVENUE EAST & JOSEPHINE STREET NORTH,1,1,0,0,1,4,0,,,0,0,0,0,0,4,2,13
,2017_59709,39.718404,-104.9985855,5/25/2017 16:10,16:10,10,0,0,FIRST AVENUE WEST & SANTA FE DRIVE SOUTH,1,1,0,0,1,1,0,,30,0,0,0,0,0,4,2,1
,2017_59710,39.725334,-104.912793,5/25/2017 16:45,16:45,12,0,0,SIXTH AVENUE EAST & MONACO PARKWAY NORTH,1,1,0,0,1,1,0,,30,0,0,0,0,0,4,2,13
,2017_59711,39.777408,-104.903613,5/25/2017 16:55,16:55,12,0,0,QUEBEC STREET & 1730 NORTH QUEBEC STREET,1,1,0,0,1,4,0,,30,0,0,0,0,1,4,2,1
,2017_59712,39.667626,-104.912964,5/25/2017 16:55,16:55,15,0,0,YALE AVENUE EAST & MONACO STREET SOUTH,1,1,1,0,1,4,0,,30,0,0,0,0,0,4,2,14
,2017_59713,39.768948,-104.995332,5/25/2017 17:00,17:00,12,0,0,38TH AVENUE WEST & FOX STREET NORTH,1,1,1,0,1,1,0,,30,0,0,0,0,1,4,2,16
,2017_59714,39.745611,-104.885811,5/25/2017 17:31,17:31,3,0,0,19TH AVENUE EAST & XENIA STREET,1,1,0,0,1,1,0,,25,0,0,0,0,1,4,3,13
,2017_59715,39.743388,-104.9873895,5/25/2017 17:45,17:45,15,0,0,17TH AVENUE EAST & BROADWAY STREET NORTH,1,1,0,1,1,1,0,,30,0,0,0,0,0,4,2,13
,2017_59716,39.716514,-104.982633,5/25/2017 17:46,17:46,12,0,0,BLOCK NORTH LOGAN STREET & ELLSWORTH AVENUE EAST,1,1,0,0,1,4,0,,30,0,0,0,0,0,4,2,13
,2017_59717,39.798297,-104.88447,5/25/2017 17:48,17:48,15,0,0,CENTRAL PARK BOULEVARD NORTH & 56TH AVENUE EAST,1,2,0,0,1,3,0,,45,0,0,0,0,0,4,3,5
,2017_59718,39.641139,-104.9028705,5/25/2017 17:56,17:56,12,0,2,PRINCETON AVENUE 7200 BLOCK EAST & QUEBEC STREET SOUTH,1,1,0,0,1,1,0,,25,0,0,0,0,2,4,2,14
,2017_59719,39.74004,-104.983596,5/25/2017 18:00,18:00,12,0,0,GRANT STREET 1500 BLOCK NORTH & COLFAX AVENUE,1,1,0,0,1,4,0,,30,0,0,0,0,0,4,2,12
,2017_59720,39.759696,-104.995431,6/12/2017 16:00,16:00,6,0,0,30TH AVENUE WEST & FOX STREET NORTH,1,1,0,0,1,4,0,,25,0,0,0,0,0,4,2,13
,2017_59721,39.75237,-104.984631,5/25/2017 19:40,19:40,3,0,0,PARK AVENUE WEST & STOUT STREET,2,3,0,0,1,1,0,,30,0,0,0,0,0,4,2,16
,2017_59722,39.72726,-104.9861565,5/25/2017 20:10,20:10,15,0,0,SEVENTH AVENUE EAST & LINCOLN STREET NORTH,1,3,0,0,1,1,0,,25,0,0,0,0,0,4,2,13
,2017_59723,39.729303,-105.0337305,5/25/2017 20:28,20:28,14,0,0,LINLEY COURT / KING STREET NORTH ALLEY & EIGHTH AVENUE WEST,1,3,0,0,1,5,0,,,0,0,0,0,0,4,2,13
,2017_59724,39.731652,-104.91282,5/26/2017 0:50,0:50,5,0,0,MONACO STREET NORTH & 10TH AVENUE EAST,2,3,0,1,1,1,0,,30,0,0,0,0,0,4,1,13
,2017_59725,39.736638,-105.0439635,5/26/2017 1:04,1:04,5,0,0,TENNYSON STREET & 13TH AVENUE WEST,2,3,0,1,1,4,0,,25,0,0,0,0,0,4,1,13
,2017_59726,39.649581,-105.034635,5/26/2017 2:30,2:30,6,0,0,LOWELL BOULEVARD SOUTH & KENYON AVENUE WEST,1,4,0,1,1,4,0,,25,0,0,0,0,0,4,3,5
,2017_59727,39.732984,-105.0394815,5/26/2017 7:36,7:36,15,0,0,10TH AVENUE WEST & PERRY STREET NORTH ROAD SOUTH,1,1,1,0,1,4,0,,30,0,0,0,0,0,4,2,13
,2017_59728,39.736872,-105.0015825,5/26/2017 7:39,7:39,3,0,0,LIPAN STREET NORTH & 13TH AVENUE WEST,1,1,0,0,1,1,0,,25,0,0,0,0,0,4,2,14
,2017_59729,39.678363,-104.959404,5/26/2017 8:53,8:53,3,0,0,EVANS AVENUE 2300 BLOCK EAST & UNIVERSITY BOULEVARD SOUTH,1,1,0,0,1,5,0,,30,0,0,0,0,0,4,2,7
,2017_59730,39.738402,-104.912802,5/26/2017 9:26,9:26,15,0,0,MONACO STREET NORTH & 14TH AVENUE EAST,1,1,0,0,1,1,0,,25,0,0,0,0,0,4,2,14
,2017_59731,39.79044255,-104.968863,6/12/2017 16:00,16:00,6,0,0,RACE COURT & FRANKLIN STREET,1,1,0,0,1,4,0,,25,0,0,0,0,0,4,2,14
,2017_59732,39.723435,-104.983794,5/26/2017 9:32,9:32,15,0,0,GRANT STREET 500 BLOCK NORTH & SPEER BOULEVARD EAST,1,1,0,0,1,4,0,,30,0,0,0,0,0,4,2,13
,2017_59733,39.743262,-104.9835915,5/26/2017 9:45,9:45,6,0,0,GRANT STREET & 17TH AVENUE EAST,1,1,0,0,1,4,0,,25,0,0,0,0,0,4,2,13
,2017_59734,39.740094,-104.905755,5/26/2017 10:00,10:00,6,0,0,PONTIAC STREET & COLFAX AVENUE EAST,1,1,0,0,1,4,0,,20,0,0,0,0,0,4,2,7
,2017_59735,39.7859126,-104.9800304,5/26/2017 10:05,10:05,6,0,0,PEARL STREET & 1700 BLOCK NORTH,1,1,0,0,1,4,0,,30,0,0,0,0,0,4,2,13
,2017_59736,39.785553,-104.9782905,5/30/2017 19:55,19:55,5,0,0,WASHINGTON STREET NORTH & 49TH AVENUE EAST,1,2,0,0,2,4,0,,,0,0,0,0,0,4,1,13
,2017_59737,39.678444,-104.9579415,5/26/2017 10:37,10:37,12,0,0,EVANS AVENUE 2400 BLOCK EAST & JOSEPHINE STREET SOUTH,1,1,1,0,1,4,0,,35,0,0,0,0,0,4,3,3
,2017_59738,39.754845,-105.0520725,5/26/2017 10:44,10:44,12,0,0,26TH AVENUE WEST & ZENOBIA STREET NORTH,1,1,0,0,1,1,0,,35,0,0,0,0,1,4,3,14
,2017_59739,39.718377,-104.992812,5/26/2017 11:06,11:06,15,0,0,DELAWARE STREET NORTH & FIRST AVENUE EAST,1,1,0,0,1,4,0,,25,0,0,0,0,0,4,3,14
,2017_59740,39.773709,-104.974488,5/26/2017 11:11,11:11,6,0,0,39TH STREET & BRIGHTON BOULEVARD,1,1,0,0,3,1,1,,25,0,0,0,0,0,4,2,13
,2017_59741,39.736746,-104.9428935,5/26/2017 11:25,11:25,10,0,0,13TH AVENUE EAST & JACKSON STREET NORTH,1,1,0,0,1,1,0,,25,0,0,0,0,0,4,2,13
,2017_59742,39.72924,-104.9239035,5/26/2017 11:30,11:30,12,0,0,EIGHTH AVENUE EAST & HUDSON STREET NORTH,1,1,0,7,1,1,0,,30,0,0,0,0,0,4,3,14
,2017_59743,39.725604,-104.949783,7/21/2017 21:15,21:15,6,0,0,STEELE STREET NORTH & SIXTH AVENUE EAST,2,3,0,0,1,4,0,,,0,0,0,0,0,4,2,13
,2017_59744,39.777255,-104.8460535,5/26/2017 11:58,11:58,12,0,0,PEORIA STREET 4400 BLOCK NORTH & 44TH AVENUE EAST,1,1,0,0,1,1,0,,30,0,0,0,0,0,4,3,13
,2017_59745,39.725694,-104.9985945,5/26/2017 12:05,12:05,12,0,1,SANTA FE DRIVE NORTH & SIXTH AVENUE WEST,1,1,0,0,1,4,0,,30,0,0,0,0,2,4,4,13