id,drcog_id,latitude,longitude,crashtime,time,crashtype,numbkilled,numbinjurd,drcoglocat,rdconditin,lightngcon,roadcntgrd,weatherco,location,roaddescrp,constrzone,schoolzone,splimit,bikeinv,pedinv,sctrinv,motoinv,svrty,rdsystem,ttlvehcls,hcf
,2017_59746,39.725424,-104.903793,5/26/2017 16:40,16:40,1,0,0,SIXTH AVENUE EAST & QUEBEC STREET NORTH,1,1,0,0,1,1,0,,30,0,0,0,0,0,4,2,14
,2017_59747,39.691152,-104.987493,5/26/2017 12:42,12:42,12,0,0,BROADWAY STREET 1400 BLOCK SOUTH & ARKANSAS AVENUE EAST,1,1,1,7,1,4,0,,30,0,0,0,0,0,4,3,3
,2017_59748,39.682017,-104.959395,5/26/2017 13:40,13:40,12,0,0,UNIVERSITY BOULEVARD 1900 BLOCK SOUTH & JEWELL AVENUE EAST,1,1,0,0,1,4,0,,30,0,0,0,0,0,4,2,3
,2017_59749,39.77312829,-104.9892215,5/26/2017 13:50,13:50,15,0,0,BROADWAY & 1900 BLOCK NORTH,1,1,0,0,1,4,0,,30,0,0,0,0,0,4,2,13
,2017_59750,39.678516,-104.9757615,5/26/2017 13:55,13:55,12,0,0,EVANS AVENUE EAST & OGDEN STREET SOUTH,1,1,0,0,1,1,0,,35,0,0,0,0,1,4,2,13
,2017_59751,39.700206,-104.9272335,5/26/2017 19:58,19:58,5,0,1,KENTUCKY AVENUE & CHERRY CREEK DRIVE SOUTH APPROXIMATELY,1,1,0,0,2,4,0,,,0,0,0,0,2,4,1,5
,2017_59752,39.748185,-104.9864445,5/26/2017 13:57,13:57,10,0,0,20TH STREET & WELTON STREET,1,1,0,0,1,3,0,,35,0,0,0,0,0,4,2,13
,2017_59753,39.741633,-104.969691,5/26/2017 15:11,15:11,3,0,0,16TH AVENUE EAST & HUMBOLDT STREET NORTH,1,1,0,0,1,1,1,,25,0,0,0,0,1,4,2,14
,2017_59754,39.700233,-104.91291,5/26/2017 15:20,15:20,12,0,0,MONACO STREET 900 BLOCK SOUTH & KENTUCKY AVENUE EAST,1,1,0,0,1,4,0,,35,0,0,0,0,0,4,2,3
,2017_59755,39.667725,-104.9787631,5/26/2017 15:45,15:45,10,0,0,YALE AVENUE & 4100 EAST,1,1,0,0,1,1,0,,30,0,0,0,0,0,4,2,1
,2017_59756,39.656718,-105.049674,5/26/2017 16:21,16:21,1,0,0,DARTMOUTH AVENUE WEST & ZENOBIA STREET SOUTH,1,1,0,0,1,1,0,,25,0,0,0,0,0,4,2,7
,2017_59757,39.656718,-105.049674,5/26/2017 16:21,16:21,1,0,0,DARTMOUTH AVENUE WEST & ZENIBIA STREET SOUTH,1,1,0,0,1,1,0,,25,0,0,0,0,0,4,2,7
,2017_59758,39.716577,-105.0001965,6/2/2017 16:45,16:45,6,0,0,ELLSWORTH AVENUE & KALAMATH STREET SOUTH,2,1,0,1,1,4,0,,,0,0,0,0,0,4,2,13
,2017_59759,39.700296,-104.979267,5/26/2017 18:15,18:15,6,0,0,WASHINGTON STREET SOUTH & KENTUCKY AVENUE EAST,1,1,0,0,1,4,0,,25,0,0,0,0,0,4,3,3
,2017_59760,39.682269,-105.0099615,5/26/2017 18:39,18:39,6,0,0,JEWELL AVENUE WEST & SHOSHONE STREET SOUTH,1,1,1,0,1,4,0,,30,0,0,0,0,0,4,2,3
,2017_59761,39.747429,-104.9128245,5/26/2017 18:40,18:40,12,0,0,MONACO PARKWAY NORTH & MONTVIEW BOULEVARD EAST,1,1,0,0,1,3,0,,35,0,0,0,0,1,4,3,5
,2017_59762,39.738483,-105.0498225,5/26/2017 18:43,18:43,12,0,0,XAVIER STREET NORTH & 14TH AVENUE WEST,1,1,0,0,1,1,0,,25,0,0,0,0,0,4,2,13
,2017_59763,39.709026,-104.875443,5/26/2017 22:31,22:31,12,0,0,ALAMEDA AVENUE EAST & DAYTON STREET SOUTH,1,3,0,0,1,4,0,,,0,0,0,0,0,4,2,5
,2017_59764,39.76929,-105.0252435,5/26/2017 23:30,23:30,12,0,0,38TH AVENUE WEST & FEDERAL BOULEVARD NORTH,1,3,0,0,1,4,0,,35,0,0,0,0,0,4,3,5
,2017_59765,39.765744,-104.964714,5/27/2017 1:16,1:16,6,0,0,HIGH STREET NORTH & 35TH AVENUE EAST,1,3,0,0,1,4,0,,25,0,0,0,0,0,4,4,2
,2017_59766,39.759489,-104.9876505,5/27/2017 2:00,2:00,6,0,1,BLAKE STREET & BROADWAY NORTH,1,3,0,0,1,4,0,,,0,0,0,0,2,4,2,14
,2017_59767,39.753333,-104.995521,5/27/2017 2:47,2:47,15,0,0,BLAKE STREET & 19TH STREET,1,3,0,0,1,1,0,,30,0,0,0,0,0,4,2,13
,2017_59768,39.778047,-104.8471245,5/27/2017 5:25,5:25,12,0,0,45TH AVENUE EAST & PEORIA STREET NORTH,1,2,0,0,1,3,0,,40,0,0,0,0,1,4,2,5
,2017_59769,39.772476,-105.044013,6/6/2017 14:15,14:15,6,0,0,41ST AVENUE & TENNYSON STREET NORTH,1,1,1,0,1,4,0,,25,0,0,0,0,0,4,2,13
,2017_59770,39.682062,-104.9151105,5/27/2017 10:15,10:15,6,0,0,LINDEN COURT & 2667 SOUTH LINDEN COURT,1,1,0,0,1,4,0,,25,0,0,0,0,0,4,2,14
,2017_59771,39.709449,-105.032457,5/27/2017 12:04,12:04,6,0,0,KNOX COURT & DAKOTA AVENUE WEST,2,1,1,1,1,4,0,,25,0,0,0,0,0,4,2,12
,2017_59772,39.743388,-104.9873895,10/2/2017 10:10,10:10,6,0,0,BROADWAY & 17TH AVENUE EAST,1,1,0,0,1,4,0,,30,0,0,0,0,0,4,2,13
,2017_59773,39.64556428,-105.0530039,5/27/2017 12:30,12:30,12,0,0,LOGAN & 1100 BLOCK,2,1,0,1,1,4,0,,25,0,0,0,0,0,4,2,13
,2017_59774,39.75939908,-104.8902505,5/27/2017 14:25,14:25,12,0,0,CENTRAL PARK BL 3100 BLOCK NORTH & 32ND AVENUE EAST,2,1,0,1,1,4,0,,30,0,0,0,0,0,4,2,7
,2017_59775,39.743262,-104.9775525,5/27/2017 15:10,15:10,12,0,0,17TH AVENUE 700 BLOCK EAST & CLARKSON STREET NORTH,2,1,0,0,1,4,0,,25,0,0,0,0,0,4,2,13
,2017_59776,39.798396,-104.786415,5/27/2017 15:19,15:19,12,0,0,PENA BOULEVARD EASTBOUND / NORTHBOUND OFF RAMP & 56TH AVENUE EAST,2,1,0,0,1,1,0,,45,0,0,0,0,1,4,2,13
,2017_59777,39.676608,-104.959386,5/27/2017 15:40,15:40,15,0,0,WARREN AVENUE EAST & UNIVERSITY BOULEVARD SOUTH,1,1,0,0,1,4,0,,25,0,0,0,0,0,4,2,7
,2017_59778,39.712995,-105.022674,5/27/2017 15:44,15:44,6,0,0,CEDAR AVENUE WEST & DECATUR STREET SOUTH,1,1,0,0,1,4,0,,25,0,0,0,0,0,4,2,4
,2017_59779,39.755988,-104.9033115,5/27/2017 16:00,16:00,3,0,0,28TH AVENUE & QUEBEC STREET,1,1,0,0,1,2,0,,,0,0,0,0,0,4,2,13
,2017_59780,39.725649,-104.9081715,5/27/2017 16:28,16:28,6,0,0,SIXTH AVENUE EAST & ONEIDA STREET NORTH,1,1,0,0,1,4,0,,30,0,0,0,0,1,4,4,3
,2017_59781,39.75948,-104.959782,5/27/2017 17:05,17:05,1,0,0,YORK STREET NORTH & 30TH AVENUE EAST,1,1,0,0,1,1,0,,30,0,0,0,0,0,4,2,13
,2017_59782,39.748446,-105.0033735,5/27/2017 17:08,17:08,1,0,0,SPEER BOULEVARD NORTH & AURORIA PARKWAY,1,1,0,0,1,1,0,,30,0,0,0,0,0,4,2,13
,2017_59783,39.638727,-104.904081,5/27/2017 17:15,17:15,12,0,0,QUINCY AVENUE EAST & EASTMOOR DRIVE EAST,1,1,1,0,1,3,0,,35,0,0,0,0,0,4,2,1
,2017_59784,39.759876,-104.890752,5/27/2017 17:20,17:20,3,0,0,CENTRAL PARK BOULEVARD NORTH & MLK BOULEVARD EAST,1,1,0,0,1,1,0,,30,0,0,0,0,0,4,2,3
,2017_59785,39.767382,-104.90346,5/27/2017 18:34,18:34,15,0,0,36TH AVENUE EAST & QUEBEC STREET,1,1,0,0,1,1,0,,30,0,0,0,0,0,4,2,13
,2017_59786,39.733839,-104.987394,5/27/2017 19:43,19:43,12,0,0,11TH AVENUE 600 BLOCK WEST & BROADWAY STREET NORTH,1,1,0,0,1,4,0,,25,0,0,0,0,0,4,2,13
,2017_59787,39.707064,-104.8854105,5/27/2017 20:55,20:55,1,0,1,ALAMEDA AVENUE EAST & XENIA STREET SOUTH,1,3,0,0,1,2,0,,,0,0,0,0,2,4,2,13
,2017_59788,39.712923,-104.968683,5/27/2017 21:10,21:10,12,0,0,FRANKLIN STREET SOUTH ALLEY & CEDAR AVENUE EAST,1,2,0,0,1,5,0,,,0,0,0,0,0,4,2,13
,2017_59789,39.73383,-104.986161,5/27/2017 22:00,22:00,15,0,0,LINCOLN STREET NORTH & 11TH AVENUE EAST,1,3,0,0,1,4,0,,35,0,0,0,0,0,4,2,13
,2017_59790,39.75309,-104.9976225,5/27/2017 22:23,22:23,5,0,0,18TH STREET & WAZEE STREET,1,3,0,0,4,7,0,,20,0,0,0,0,0,4,1,10
,2017_59791,39.744801,-104.9861205,5/27/2017 22:41,22:41,3,0,0,18TH AVENUE EAST & M LINCOLN STREET,1,3,0,0,1,1,0,,,0,0,0,0,0,4,2,3
,2017_59792,39.775842,-104.8222935,5/28/2017 1:00,1:00,6,0,0,DURHAM COURT 4300 BLOCK NORTH & ANDREWS DRIVE EAST,1,4,0,0,1,4,0,,15,0,0,0,0,0,4,3,13
,2017_59793,39.739995,-104.9659965,5/28/2017 1:40,1:40,6,0,1,WILLIAMS STREET NORTH & COLFAX AVENUE EAST,1,3,0,0,1,4,0,,25,0,0,0,0,2,4,2,5
,2017_59794,39.703869,-104.9863005,5/28/2017 2:15,2:15,3,0,0,LINCOLN STREET SOUTH & EXPOSITION AVENUE EAST,1,3,0,0,1,1,0,,30,0,0,0,0,0,4,2,5
,2017_59795,39.72820138,-104.9874076,5/30/2017 14:35,14:35,6,0,0,BROADWAY NORTH & 1300 BLOCK NORTH,1,1,0,0,1,4,0,,30,0,0,0,0,0,4,2,8
,2017_59796,39.728934,-104.9906115,5/28/2017 2:16,2:16,10,0,0,EIGHTH AVENUE WEST & SPEER BOULEVARD,1,3,0,0,1,1,0,,30,0,0,0,0,0,4,2,13
,2017_59797,39.658788,-105.037794,5/28/2017 10:30,10:30,6,0,0,FLOYD AVENUE WEST & OSCEOLA STREET SOUTH,1,1,0,0,1,4,0,,25,0,0,0,0,0,4,2,10
,2017_59798,39.788559,-104.895063,5/28/2017 11:00,11:00,6,0,0,50TH AVENUE 7900 BLOCK EAST & TAMARAC STREET NORTH,1,1,0,0,1,4,0,,25,0,0,0,0,0,4,2,7
,2017_59799,39.743856,-104.990436,5/28/2017 13:50,13:50,15,0,0,GLENARM PLACE & 16TH STREET,1,1,0,0,1,4,0,,25,0,0,0,0,0,4,2,7
,2017_59800,39.73833,-104.9450535,5/28/2017 16:56,16:56,3,0,0,14TH AVENUE EAST & MONROE STREET NORTH,1,1,0,0,1,1,0,,25,0,0,0,0,0,4,2,3
,2017_59801,39.769281,-105.002964,10/9/2017 16:53,16:53,6,0,0,MARIPOSA STREET NORTH & 38TH AVENUE WEST 3700 BLOCK,2,1,1,2,1,4,0,,25,0,0,0,0,0,4,2,13
,2017_59802,39.736854,-104.9848515,5/28/2017 17:30,17:30,15,0,0,13TH STREET 200 BLOCK EAST & SHERMAN STREET NORTH,1,1,0,0,1,4,0,,30,0,0,0,0,0,4,2,14
,2017_59803,39.724002,-105.0509205,5/28/2017 18:20,18:20,3,0,0,FIFTH AVENUE WEST & YATES STREET NORTH,1,1,0,7,1,1,0,,30,0,0,0,0,0,4,2,16
,2017_59804,39.711114,-104.980383,5/28/2017 19:20,19:20,5,0,0,ALAMEDA AVENUE EAST & PEARL STREET SOUTH,1,1,0,0,3,4,0,,30,0,0,0,0,0,4,1,7
,2017_59805,39.746547,-105.0076035,5/28/2017 19:45,19:45,3,0,0,AURARIA PARKWAY WEST & NINTH STREET,1,1,0,0,1,1,0,,25,0,0,0,0,0,4,2,13
,2017_59806,39.798234,-104.7721815,5/28/2017 20:25,20:25,12,0,0,56TH AVENUE EAST & TOWER ROAD NORTH,1,2,0,0,1,1,0,,40,0,0,0,0,0,4,2,14
,2017_59807,39.783609,-104.772222,5/28/2017 22:24,22:24,1,0,0,GREEN VALLEY RANCH BOULEVARD & TOWER ROAD,1,3,0,0,1,1,0,,35,0,0,0,0,1,4,2,13
,2017_59808,39.769398,-105.0299505,5/29/2017 0:25,0:25,3,0,1,38TH AVENUE WEST & IRVING STREET NORTH,1,3,0,0,1,1,0,,35,0,0,0,0,2,4,2,5
,2017_59809,39.744828,-104.969655,5/29/2017 9:20,9:20,10,0,0,18TH AVENUE EAST & HUMBOLDT STREET NORTH,1,1,0,0,1,1,0,,30,0,0,0,1,1,4,2,13
,2017_59810,39.760758,-105.015816,5/29/2017 10:04,10:04,1,0,0,31ST AVENUE WEST & ZUNI STREET NORTH,1,1,0,0,1,3,0,,35,0,0,0,0,1,4,3,14
,2017_59811,39.707469,-104.968701,5/29/2017 11:28,11:28,6,0,0,FRANKLIN STREET SOUTH & VIRGINA AVENUE EAST,1,1,1,0,1,4,0,,30,0,0,0,0,0,4,2,13
,2017_59812,39.762027,-104.9826015,5/29/2017 12:19,12:19,10,0,0,WALNUT STREET & 29TH STREET,1,1,0,0,1,1,0,,30,0,0,0,0,0,4,2,8
,2017_59813,39.767382,-104.90346,5/29/2017 12:36,12:36,10,0,0,QUEBEC STREET NORTH & 36TH AVENUE EAST,1,1,0,0,1,3,0,,35,0,0,0,0,0,4,2,13
,2017_59814,39.679578,-105.044094,5/29/2017 13:10,13:10,12,0,0,EVANS AVENUE WEST & TENNYSON STREET SOUTH,1,1,0,0,1,1,0,,30,0,0,0,0,0,4,2,4
,2017_59815,39.730608,-104.985963,5/30/2017 6:44,6:44,15,0,0,LINCOLN STREET 900 BLOCK NORTH & 10TH AVENUE EAST,1,1,1,0,1,4,0,,30,0,0,0,0,0,4,2,13
,2017_59816,39.678363,-104.959404,5/29/2017 13:31,13:31,12,0,0,UNIVERSITY BOULEVARD 2000 BLOCK SOUTH & EVANS AVENUE EAST,1,1,0,0,1,4,0,,30,0,0,0,0,1,4,4,13
,2017_59817,39.698406,-104.9640525,5/29/2017 13:42,13:42,14,0,0,TENNESSEE AVENUE & RACE STREET SOUTH,1,1,1,0,1,4,0,,25,0,0,0,0,0,4,3,13
,2017_59818,39.68397,-104.973453,5/29/2017 14:39,14:39,1,0,0,DOWNING STREET SOUTH & COLORADO AVENUE WEST,2,1,0,1,1,1,0,,30,0,0,0,0,1,4,2,14
,2017_59819,39.759579,-105.0017805,5/29/2017 16:47,16:47,12,0,0,20TH STREET & LITTLE RAVEN STREET,1,1,1,0,1,1,0,,35,0,0,0,0,0,4,2,8
,2017_59820,39.733686,-104.977602,5/29/2017 17:20,17:20,3,0,0,11TH AVENUE EAST & CLARKSON STREET NORTH,1,1,0,0,1,1,0,,30,0,0,0,0,0,4,2,13
,2017_59821,39.751704,-104.9837445,5/29/2017 17:55,17:55,12,0,0,CALIFORNIA STREET & PARK AVENUE WEST,1,1,0,0,1,4,0,,25,0,0,0,0,0,4,3,3
,2017_59822,39.748068,-104.987961,5/29/2017 18:20,18:20,15,0,0,CALIFORNIA STREET 1900 BLOCK & 19TH STREET,1,1,0,0,1,4,0,,25,0,0,0,0,0,4,2,7
,2017_59823,39.751056,-104.995026,6/7/2017 18:10,18:10,12,0,0,18TH STREET & LARIMER STREET,1,1,0,0,1,1,0,,,0,0,0,0,0,4,2,13
,2017_59824,39.68199,-104.980194,5/29/2017 18:25,18:25,12,0,0,PEARL STREET 1900 BLOCK NORTH & 2OTH AVENUE EAST,1,1,0,0,1,4,0,,25,0,0,0,0,0,4,2,13
,2017_59825,39.798297,-104.7999735,5/29/2017 19:25,19:25,14,0,0,56TH AVENUE 16000 BLOCK EAST & LAREDO STREET NORTH APPROXIMATELY,1,2,0,0,1,4,0,,45,0,0,0,0,0,4,2,5
,2017_59826,39.724137,-104.986314,5/29/2017 21:04,21:04,15,0,0,LINCOLN STREET NORTH & FIFTH AVENUE EAST,1,3,0,0,1,4,0,,30,0,0,0,0,1,4,2,13
,2017_59827,39.760722,-104.957325,5/29/2017 21:31,21:31,3,0,0,31ST AVENUE EAST & COLUMBINE STREET NORTH,1,3,0,0,1,1,0,,25,0,0,0,0,1,4,2,3
,2017_59828,39.777993,-104.7720735,5/29/2017 22:03,22:03,1,0,0,TOWER ROAD NORTH & 45TH AVENUE EAST,1,3,0,0,1,1,0,,,0,0,0,0,0,4,2,13
,2017_59829,39.745953,-104.9984505,5/29/2017 22:05,22:05,6,0,0,14TH STREET & 1100 14TH STREET,1,3,0,0,1,4,0,,30,0,0,0,0,0,4,2,13
,2017_59830,39.76695,-104.9745015,5/30/2017 7:23,7:23,10,0,0,35TH STREET & LARIMER STREET,1,1,0,0,1,1,0,,30,0,0,0,0,0,4,2,13
,2017_59831,39.735081,-104.9418225,5/30/2017 7:32,7:32,3,0,0,HARRISON STREET NORTH & 12TH AVENUE EAST,1,1,0,0,1,1,0,,25,0,0,0,0,0,4,2,16
,2017_59832,39.794625,-104.736861,5/30/2017 7:40,7:40,6,0,0,54TH AVENUE EAST & ORLEANS STREET NORTH,1,1,0,0,1,4,0,,25,0,0,0,0,0,4,3,14
,2017_59833,39.743784,-104.9500395,5/30/2017 8:03,8:03,15,0,0,17TH AVENUE EAST & STEELE STREET NORTH,1,1,0,0,1,4,0,,30,0,0,0,0,0,4,2,13
,2017_59834,39.82518494,-104.6955041,5/30/2017 8:10,8:10,12,0,0,PEND BOULEVARD 7700 BLOCK & JACKSON GAP STREET,1,1,1,0,1,4,0,,15,0,0,0,0,0,4,2,13
,2017_59835,39.753801,-104.890734,5/30/2017 8:34,8:34,1,0,0,25TH DRIVE EAST & CENTRAL PARK BOULEVARD NORTH,1,1,0,0,1,1,0,,25,0,0,0,0,0,4,2,13
,2017_59836,39.711366,-104.912964,5/30/2017 8:39,8:39,12,0,0,ALAMEDA AVENUE 6400 BLOCK EAST & MONACO STREET SOUTH,1,1,0,0,1,4,0,,25,0,0,0,0,0,4,2,14
,2017_59837,39.734667,-104.935014,5/30/2017 9:35,9:35,6,0,0,12TH AVENUE 4400 BLOCK EAST & CLERMONT STREET NORTH,1,1,0,0,1,4,0,,25,0,0,0,0,0,4,2,1
,2017_59838,39.703851,-104.95935,5/30/2017 10:00,10:00,12,0,0,UNIVERSITY BOULEVARD SOUTH & EXPOSITION AVENUE EAST,1,1,0,0,1,1,0,,35,0,0,0,0,0,4,2,13
,2017_59839,39.738303,-104.94288,5/30/2017 10:06,10:06,10,0,0,14TH AVENUE EAST & JACKSON STREET NORTH,1,1,0,0,1,2,0,,35,0,0,0,0,0,4,2,8
,2017_59840,39.740022,-104.998824,5/30/2017 10:33,10:33,12,0,0,SPEER BOULEVARD 1400 BLOCK NORTH & COLFAX AVENUE WEST,2,1,0,0,1,4,0,,60,0,0,0,0,0,4,3,13
,2017_59841,39.729276,-104.9128155,5/30/2017 11:19,11:19,3,0,0,MONACO STREET NORTH ROAD WEST & EIGHTH AVENUE EAST,1,1,0,0,1,1,0,,30,0,0,0,0,0,4,2,6
,2017_59842,39.749193,-104.997402,5/30/2017 11:50,11:50,6,0,0,LARIMER STREET & 16TH STREET MALL,1,1,0,0,1,4,0,,30,0,0,0,0,0,4,2,14
,2017_59843,39.743775,-104.886981,5/30/2017 11:55,11:55,3,0,0,17TH AVENUE EAST & XANTHIA STREET NORTH,1,1,0,0,1,1,0,,25,0,0,0,0,0,4,2,13
,2017_59844,39.720915,-104.99859,5/30/2017 12:00,12:00,12,0,0,THIRD AVENUE WEST & SANTA FE DRIVE,1,1,0,0,1,3,0,,25,0,0,0,0,0,4,2,13
,2017_59845,39.738276,-104.9361435,5/30/2017 12:07,12:07,15,0,0,14TH AVENUE EAST & BIRCH STREET NORTH,1,1,0,0,1,4,0,,30,0,0,0,0,0,4,2,16
,2017_59846,39.775023,-104.810697,6/27/2017 12:30,12:30,15,0,0,ANDREWS DRIVE EAST & GRANBY WAY NORTH,1,1,0,0,1,3,0,,,0,0,0,0,0,4,2,13
,2017_59847,39.754053,-105.001524,5/30/2017 13:20,13:20,12,0,0,WEWATTA STREET & 17TH STREET,1,1,0,0,1,3,1,,25,0,0,0,0,0,4,2,8
,2017_59848,39.725649,-104.986314,5/30/2017 13:30,13:30,3,0,0,LINCOLN STREET NORTH & SPEER BOULEVARD EAST,1,1,0,0,1,1,0,,35,0,0,0,0,0,4,2,16
,2017_59849,39.706911,-104.8778145,5/30/2017 14:40,14:40,12,0,0,CLINTON STREET 500 BLOCK SOUTH & CENTER AVENUE EAST,1,1,0,0,1,3,0,,25,0,0,0,0,1,4,2,10
,2017_59850,39.749832,-104.986152,5/30/2017 14:43,14:43,10,0,0,21ST STREET & CALIFORNIA STREET,1,1,0,0,1,3,0,,30,0,0,0,0,0,4,2,8
,2017_59851,39.769551,-105.034617,5/30/2017 15:00,15:00,12,0,0,38TH AVENUE 3500 BLOCK WEST & LOWELL BOULEVARD NORTH,1,1,0,0,1,1,0,,35,0,0,0,0,1,4,2,12
,2017_59852,39.787416,-105.0204645,5/30/2017 15:31,15:31,3,0,0,CLAY STREET NORTH & 50TH AVENUE WEST,1,1,1,0,1,1,0,,30,0,0,0,0,0,4,2,13
,2017_59853,39.74917933,-104.9973087,5/30/2017 15:45,15:45,15,0,0,LARIMER STREET 1600 BLOCK & 16TH STREET,1,1,0,0,1,4,0,,25,0,0,0,0,0,4,2,13
,2017_59854,39.727314,-105.0002235,5/30/2017 15:56,15:56,15,0,0,KALAMATH STREET NORTH & SEVENTH AVENUE WEST,1,1,0,0,1,4,0,,30,0,0,0,0,0,4,2,13
,2017_59855,39.678462,-104.956515,5/30/2017 16:39,16:39,12,0,0,EVANS AVENUE 2500 BLOCK EAST & COLUMBINE STREET SOUTH,1,1,0,0,1,4,0,,35,0,0,0,0,1,4,3,13
,2017_59856,39.751344,-104.997501,5/30/2017 16:56,16:56,15,0,0,BLAKE STREET 1700 BLOCK & 17TH STREET,1,1,0,0,1,3,0,,25,0,0,0,0,0,4,2,13
,2017_59857,39.763251,-104.973363,5/30/2017 16:59,16:59,1,0,0,DOWNING STREET NORTH & 33RD AVENUE EAST,1,1,0,0,1,1,0,,25,0,0,0,0,0,4,2,14
,2017_59858,39.778929,-104.758137,6/21/2017 13:00,13:00,6,0,0,GENOA STREET & SCOTT PLACE EAST,1,1,0,0,1,4,0,,25,0,0,0,0,0,4,2,13
,2017_59859,39.747456,-104.884695,5/30/2017 17:13,17:13,10,0,0,CENTRAL PARK BOULEVARD & MONTVIEW BOULEVARD,1,1,0,0,1,1,0,,30,0,0,0,0,0,4,2,13
,2017_59860,39.678426,-104.937435,5/30/2017 17:45,17:45,12,0,0,EVANS AVENUE 4200 BLOCK EAST & BELLAIRE STREET SOUTH,1,1,0,0,1,4,0,,35,0,0,0,0,0,4,2,13
,2017_59861,39.762306,-104.9805405,5/30/2017 18:03,18:03,1,0,0,LARIMER STREET & 30TH STREET,1,1,1,0,1,1,0,,30,0,0,0,0,0,4,2,3
,2017_59862,39.631356,-104.8923,5/30/2017 18:25,18:25,3,0,0,DTC BOULEVARD & UNION AVENUE EAST,1,1,0,0,1,1,0,,25,0,0,0,0,0,4,2,13
,2017_59863,39.698406,-104.961753,6/1/2017 10:15,10:15,6,0,0,GAYLORD SOUTH 1000 BLOCK & TENNESSEE AVENUE EAST,1,1,0,0,1,4,0,,25,0,0,0,0,0,4,2,13
,2017_59864,39.667626,-104.912964,5/30/2017 18:39,18:39,1,0,0,MONACO STREET SOUTH & YALE AVENUE EAST,1,1,0,0,1,1,0,,30,0,0,0,0,1,4,3,13
,2017_59865,39.719394,-104.954625,5/30/2017 19:05,19:05,15,0,0,DETROIT STREET & SECOND AVENUE EAST,1,1,0,0,1,4,0,,25,0,0,0,0,0,4,2,13
,2017_59866,39.747456,-104.884695,5/30/2017 19:21,19:21,12,0,0,YOSEMITE STREET & MONTVIEW BOULEVARD,1,1,0,0,1,1,0,,30,0,0,0,0,0,4,2,13
,2017_59867,39.723435,-104.983794,5/30/2017 20:50,20:50,3,0,0,SPEER BOULEVARD & GRANT STREET NORTH,1,3,0,0,1,1,0,,35,0,0,0,0,0,4,2,13
,2017_59868,39.782394,-104.848956,5/30/2017 21:35,21:35,10,0,0,47TH AVENUE EAST & PARIS STREET NORTH,1,3,0,0,1,1,0,,35,0,0,0,0,0,4,2,13
,2017_59869,39.83338151,-104.771988,5/31/2017 6:15,6:15,12,0,0,TOWER ROAD NORTH & PENA BOULEVARD,1,1,0,0,1,1,0,,45,0,0,0,0,0,4,2,13
,2017_59870,39.729132,-104.9517225,5/31/2017 6:36,6:36,5,0,0,EIGHTH AVENUE 3005 EAST & MILWAUKEE STREET NORTH,1,2,0,0,3,6,0,,30,0,0,0,0,0,4,1,13
,2017_59871,39.783609,-104.7913916,5/31/2017 6:50,6:50,1,0,2,GREEN VALLEY RANCH BOULEVARD & PENA BOULEVARD OUTBOUND,1,1,0,0,1,1,0,,35,0,0,0,0,2,4,2,1
,2017_59872,39.748932,-105.001254,5/31/2017 7:30,7:30,10,0,0,14TH STREET & BLAKE STREET,1,1,0,0,1,1,0,,25,0,0,0,0,0,4,2,13
,2017_59873,39.678435,-104.9127435,5/31/2017 8:10,8:10,3,0,0,MONACO STREET & EVANS AVENUE EAST,1,1,0,0,1,2,0,,35,0,0,0,0,0,4,2,7
,2017_59874,39.779919,-104.846454,5/31/2017 8:18,8:18,15,0,0,PEORIA STREET 4600 BLOCK & 47TH AVENUE EAST,1,1,0,0,1,4,0,,35,0,0,0,0,0,4,2,13
,2017_59875,39.667464,-104.931603,5/31/2017 8:30,8:30,3,0,0,DAHLIA STREET SOUTH & YALE AVENUE EAST,1,1,0,0,1,1,0,,30,0,0,0,0,0,4,2,13
,2017_59876,39.689316,-104.950035,5/31/2017 8:46,8:46,6,0,0,STEELE STREET SOUTH & FLORIDA AVENUE EAST,1,1,0,0,1,3,0,,20,0,0,0,0,0,4,2,1
,2017_59877,39.7821206,-104.9592915,5/31/2017 8:51,8:51,12,0,0,YORK STREET & 600 BLOCK NORTH,1,1,1,0,1,3,0,,30,0,0,0,0,0,4,2,13
,2017_59878,39.69657,-104.960556,5/31/2017 9:42,9:42,3,0,0,YORK STREET SOUTH & MISSISSIPPI AVENUE EAST,1,1,0,0,1,1,0,,25,0,0,0,0,0,4,2,14
,2017_59879,39.667464,-104.931603,5/31/2017 9:46,9:46,3,0,0,YALE AVENUE EAST & DAHLIA STREET SOUTH,1,1,0,0,1,1,0,,30,0,0,0,0,0,4,2,13
,2017_59880,39.73190582,-104.9861681,5/31/2017 10:50,10:50,15,0,0,LINCOLN STREET & 1700 BLOCK NORTH,1,1,0,0,1,4,0,,30,0,0,0,0,0,4,2,8
,2017_59881,39.78341097,-104.9316178,5/31/2017 11:29,11:29,12,0,0,48TH AVENUE EAST & 6804 BLOCK EAST,1,1,0,0,1,2,0,,30,0,0,0,0,0,4,2,14
,2017_59882,39.718386,-105.000192,5/31/2017 11:38,11:38,3,0,2,FIRST AVENUE WEST & KALAMATH STREET NORTH,1,1,0,0,1,1,0,,25,0,0,0,0,2,4,2,13