id,drcog_id,latitude,longitude,crashtime,time,crashtype,numbkilled,numbinjurd,drcoglocat,rdconditin,lightngcon,roadcntgrd,weatherco,location,roaddescrp,constrzone,schoolzone,splimit,bikeinv,pedinv,sctrinv,motoinv,svrty,rdsystem,ttlvehcls,hcf
,2017_59883,39.750192,-105.0047415,5/31/2017 11:40,11:40,12,0,0,SPEER BOULEVARD 1600 BLOCK NORTH & WEWATTA STREET,1,1,0,0,1,4,0,,35,0,0,0,0,0,4,2,13
,2017_59884,39.716235,-104.949963,6/3/2017 22:09,22:09,1,0,0,STEELE STREET SOUTH & ELLSWORTH AVENUE EAST,1,3,0,0,1,1,0,,30,0,0,0,0,0,4,2,13
,2017_59885,39.75559659,-105.0103035,5/31/2017 12:18,12:18,12,0,0,PLATTE STREET 1400 BLOCK & 15TH STREET,1,1,1,0,1,4,0,,30,0,0,0,0,0,4,2,13
,2017_59886,39.673008,-104.9593905,5/31/2017 13:10,13:10,3,0,0,WESLEY AVENUE EAST & UNIVERSITY BOULEVARD SOUTH,1,1,1,0,1,1,0,,25,0,0,0,0,0,4,2,13
,2017_59887,39.754863,-105.040494,5/31/2017 13:20,13:20,10,0,1,26TH AVENUE WEST & QUITMAN STREET NORTH,1,1,1,0,1,1,0,,30,0,0,0,1,2,4,2,13
,2017_59888,39.667563,-104.9237145,5/31/2017 13:23,13:23,1,0,0,YALE AVENUE EAST & HUDSON STREET SOUTH,1,1,1,0,1,1,0,,35,0,0,0,0,0,4,2,3
,2017_59889,39.678444,-104.908194,5/31/2017 14:29,14:29,12,0,0,EVANS AVENUE EAST & ONEIDA STREET SOUTH,1,1,1,0,1,4,0,,35,0,0,0,0,0,4,3,1
,2017_59890,39.631356,-104.8923,5/31/2017 14:50,14:50,15,0,0,UNION AVENUE EAST & DTC BOULEVARD SOUTH,1,1,1,0,1,1,0,,30,0,0,0,0,0,4,2,13
,2017_59891,39.743757,-104.906952,5/31/2017 14:50,14:50,8,0,0,17TH AVENUE EAST & OLIVE STREET NORTH,1,1,0,0,1,1,0,,1,0,0,0,0,0,4,2,13
,2017_59892,39.70215,-104.9875605,5/31/2017 15:04,15:04,3,0,0,BROADWAY STREET SOUTH & OHIO AVENUE,1,1,1,0,1,2,0,,,0,0,0,0,0,4,2,13
,2017_59893,39.725604,-104.9602005,5/31/2017 15:20,15:20,15,0,0,SIXTH AVENUE EAST & YORK STREET NORTH,1,1,0,0,1,3,0,,30,0,0,0,0,0,4,2,13
,2017_59894,39.725631,-104.979942,5/31/2017 15:57,15:57,6,0,0,PEARL STREET NORTH & SIXTH AVENUE EAST,1,1,0,0,1,4,0,,25,0,0,0,0,0,4,2,7
,2017_59895,39.733443,-104.959845,5/31/2017 16:14,16:14,3,0,0,YORK STREET NORTH & 11TH AVENUE EAST,1,1,0,0,1,1,0,,25,0,0,0,0,0,4,2,3
,2017_59896,39.689478,-105.0273945,5/31/2017 17:00,17:00,3,0,0,FLORIDA AVENUE WEST & HAZEL COURT SOUTH,1,1,0,0,1,2,0,,,0,0,0,0,0,4,2,13
,2017_59897,39.631356,-104.8923,5/31/2017 17:19,17:19,1,0,0,UNION AVENUE EAST & DTC BOULEVARD SOUTH,1,1,0,0,1,3,0,,30,0,0,0,0,0,4,2,13
,2017_59898,39.765249,-104.8988925,5/31/2017 17:36,17:36,3,0,0,SYRACUSE STREET NORTH & 35TH AVENUE EAST,1,1,0,0,1,2,0,,25,0,0,0,0,0,4,2,13
,2017_59899,39.674835,-104.9594175,5/31/2017 17:57,17:57,12,0,0,UNIVERSITY BL 2200 BLOCK SOUTH & ILIFF AVENUE EAST,1,1,0,0,1,4,0,,30,0,0,0,0,0,4,2,1
,2017_59900,39.777426,-104.8239135,5/31/2017 18:15,18:15,12,0,0,44TH AVENUE EAST & ANDREWS DRIVE EAST,2,1,0,1,1,4,0,,25,0,0,0,0,0,4,2,14
,2017_59901,39.751047,-104.931702,5/31/2017 19:32,19:32,3,0,0,23RD AVENUE EAST & DAHLIA STREET NORTH,1,1,0,0,1,1,0,,25,0,0,0,0,0,4,2,3
,2017_59902,39.762018,-104.959773,5/31/2017 21:21,21:21,3,0,0,YORK STREET NORTH & MLK BOULEVARD EAST,1,3,0,0,1,1,0,,30,0,0,0,0,0,4,3,3
,2017_59903,39.738447,-104.986143,6/1/2017 2:30,2:30,3,0,0,14TH AVENUE EAST & LINCOLN STREET NORTH,1,3,1,0,1,1,0,,35,0,0,0,0,1,4,2,16
,2017_59904,39.751731,-104.9958765,6/1/2017 8:20,8:20,5,0,0,18TH STREET & MARKET,1,1,0,0,3,4,0,,,0,0,0,0,0,4,1,13
,2017_59905,39.78207,-105.0416055,6/1/2017 11:09,11:09,6,0,0,RALEIGH STREET & 47TH AVENUE WEST,1,1,0,0,1,4,0,,25,0,0,0,0,0,4,2,5
,2017_59906,39.725532,-104.940801,6/1/2017 11:17,11:17,12,0,0,SIXTH AVENUE EAST & COLORADO BOULEVARD NORTH,1,1,0,0,1,4,0,,30,0,0,0,0,1,4,2,13
,2017_59907,39.722913,-105.0289515,6/1/2017 12:29,12:29,12,0,0,HOOKER STREET NORTH & FOURTH AVENUE WEST,1,5,1,0,1,4,0,,25,0,0,0,0,0,4,2,6
,2017_59908,39.698496,-104.995647,6/1/2017 12:58,12:58,15,0,0,GALAPAGO STREET & TENNESSEE AVENUE WEST,1,1,0,0,1,3,0,,25,0,0,0,0,0,4,2,3
,2017_59909,39.678435,-104.9407425,6/1/2017 13:15,13:15,12,0,0,EVANS AVENUE 400 BLOCK EAST & COLORADO BOULEVARD SOUTH,1,1,0,0,1,4,0,,35,0,0,0,0,0,4,2,14
,2017_59910,39.66768,-105.0349725,6/1/2017 13:30,13:30,15,0,0,LOWELL BOULEVARD SOUTH 2700 BLOCK & YALE AVENUE WEST,1,1,0,0,1,3,0,,30,0,0,0,0,0,4,2,7
,2017_59911,39.749994,-104.991156,6/1/2017 13:45,13:45,3,0,0,19TH STREET & CURTIS STREET,1,1,0,7,1,1,0,,30,0,0,0,0,0,4,2,14
,2017_59912,39.717909,-104.951223,6/1/2017 13:48,13:48,1,0,0,FIRST AVENUE EAST & STREET PAUL STREET,1,1,1,0,1,1,0,,25,0,0,0,0,0,4,2,3
,2017_59913,39.739221,-105.029838,6/1/2017 14:23,14:23,15,0,0,14TH AVENUE WEST & IRVING STREET NORTH,1,1,1,0,1,1,0,,30,0,0,0,0,0,4,2,13
,2017_59914,39.73851768,-104.9969761,6/30/2017 18:35,18:35,3,0,0,SPEER BOULEVARD & 1400 BLOCK NORTH,1,1,0,0,1,2,0,,40,0,0,0,0,0,4,2,13
,2017_59915,39.678426,-104.933673,6/1/2017 15:06,15:06,15,0,0,EVANS AVENUE EAST & I25 NORTHBOUND RAMP APPROXIMATELY,1,1,0,0,1,1,0,,35,0,0,0,0,0,4,2,13
,2017_59916,39.79636351,-104.8470428,6/1/2017 15:55,15:55,12,0,0,PEORIA STREET 5500 BLOCK NORTH & 55TH AVENUE EAST,2,1,0,1,1,4,0,,40,0,0,0,0,0,4,3,13
,2017_59917,39.77892,-104.9541255,6/1/2017 16:05,16:05,3,0,0,45TH AVENUE EAST & CLAYTON STREET NORTH,1,1,0,0,1,1,0,,25,0,0,0,0,1,4,3,5
,2017_59918,39.658203,-104.9328225,6/1/2017 16:30,16:30,6,0,0,DEXTER STREET & EASTMAN AVENUE EAST,1,1,0,0,1,4,0,,25,0,0,0,0,0,4,2,3
,2017_59919,39.780207,-105.0439635,6/1/2017 16:58,16:58,5,0,0,TENNYSON STREET & 46TH AVENUE WEST,1,1,0,0,2,4,1,,25,0,0,0,0,0,4,1,13
,2017_59920,39.700404,-105.0481305,6/1/2017 18:22,18:22,1,0,0,KENTUCKY AVENUE WEST & MORRISON ROAD,1,1,0,0,1,1,0,,30,0,0,0,0,0,4,2,13
,2017_59921,39.682305,-105.019173,6/5/2017 2:11,2:11,5,0,0,JEWELL AVENUE WEST & CANOSA COURT SOUTH,1,3,0,0,1,4,0,,,0,0,0,0,0,4,3,13
,2017_59922,39.698406,-104.9734035,6/1/2017 18:23,18:23,12,0,0,DOWNING STREET SOUTH & TENNESSEE AVENUE EAST,1,1,0,0,1,4,0,,30,0,0,0,0,0,4,2,1
,2017_59923,39.728943,-105.000183,6/1/2017 18:58,18:58,12,0,0,EIGHTH AVENUE WEST & KALAMATH STREET NORTH,1,1,0,0,1,4,0,,35,0,0,0,0,0,4,2,3
,2017_59924,39.741651,-104.9787315,6/1/2017 19:15,19:15,3,0,1,16TH AVENUE EAST & WASHINGTON STREET NORTH,1,5,0,7,1,1,0,,30,0,0,0,0,2,4,3,3
,2017_59925,39.652965,-105.062535,6/1/2017 19:35,19:35,12,0,0,HAMPDEN AVENUE WEST SOUTH FRTG ROAD NOT CDOT & HARLAN STREET SOUTH,1,1,1,0,1,1,0,,35,0,0,0,0,0,4,2,6
,2017_59926,39.775266,-104.7714705,7/2/2017 22:30,22:30,6,0,0,MITCHELL PLACE 18600 BLOCK EAST & ANDES COURT NORTH,1,3,0,0,1,4,0,,25,0,0,0,0,0,4,2,5
,2017_59927,39.711348,-104.9035005,6/1/2017 21:13,21:13,3,0,0,ALAMEDA AVENUE EAST & QUEBEC STREET SOUTH,1,3,0,0,1,1,0,,35,0,0,0,0,0,4,2,13
,2017_59928,39.720924,-104.9875065,6/1/2017 21:40,21:40,12,0,0,BROADWAY STREET NORTH & THIRD AVENUE EAST,1,3,0,0,1,3,0,,35,0,0,0,0,0,4,2,13
,2017_59929,39.725658,-104.9891625,6/1/2017 22:00,22:00,6,0,0,ACOMA STREET NORTH & SIXTH AVENUE WEST,1,3,0,0,1,4,0,,,0,0,0,0,0,4,2,13
,2017_59930,39.769398,-105.0299505,6/2/2017 6:16,6:16,3,0,0,38TH AVENUE & IRVING STREET NORTH,1,1,0,0,1,2,0,,30,0,0,0,0,0,4,2,13
,2017_59931,39.760785,-105.020154,6/2/2017 7:44,7:44,6,0,0,CAITHNESS PLACE WEST 2640 & DUNKELD PLACE,1,1,0,0,1,4,0,,,0,0,0,0,0,4,2,13
,2017_59932,39.725532,-104.940801,6/2/2017 8:17,8:17,12,0,0,SIXTH AVENUE EAST & COLORADO BOULEVARD NORTH,1,1,0,0,1,3,0,,30,0,0,0,0,0,4,2,7
,2017_59933,39.737259,-104.8905405,6/2/2017 8:27,8:27,3,0,0,VERBENA STREET NORTH & 13TH AVENUE EAST,1,1,0,0,1,1,0,,25,0,0,0,0,1,4,2,16
,2017_59934,39.775032,-104.809923,6/2/2017 9:15,9:15,12,0,0,CHAMBERS ROAD NORTH & ANDREWS DRIVE EAST,1,1,0,0,1,1,0,,40,0,0,0,0,0,4,2,13
,2017_59935,39.689325,-104.8967235,6/2/2017 10:19,10:19,12,0,0,FLORIDA AVENUE EAST & QUEBEC WAY SOUTH,1,1,0,0,1,1,0,,30,0,0,0,0,0,4,2,12
,2017_59936,39.714804,-105.0062535,6/2/2017 10:56,10:56,12,0,0,BAYAUD AVENUE 1300 BLOCK WEST & PECOS STREET,1,1,0,0,1,4,0,,25,0,0,0,0,0,4,2,1
,2017_59937,39.749463,-104.973381,6/2/2017 11:06,11:06,1,0,0,DOWNING STREET NORTH & 22ND AVENUE EAST,1,1,0,0,1,1,0,,35,0,0,0,0,0,4,2,14
,2017_59938,39.703059,-105.0367815,6/2/2017 12:05,12:05,3,0,0,WALSH PLACE WEST & NEWTON STREET SOUTH,1,1,0,0,1,1,0,,25,0,0,0,0,0,4,2,12
,2017_59939,39.747564,-105.034581,6/2/2017 12:25,12:25,3,0,0,20TH AVENUE WEST & LOWELL BOULEVARD NORTH,1,1,1,0,1,1,0,,25,0,0,0,0,0,4,2,13
,2017_59940,39.624192,-104.89473,6/2/2017 12:32,12:32,1,0,0,ULSTER STREET SOUTH & BELLEVIEW AVENUE EAST,1,1,1,0,1,3,0,,30,0,0,0,0,0,4,2,13
,2017_59941,39.76182,-104.911722,6/2/2017 12:39,12:39,12,0,0,MLK BOULEVARD EAST & MAGNOLIA STREET NORTH,1,1,0,0,1,1,0,,35,0,0,0,0,0,4,2,7
,2017_59942,39.770046,-104.968413,6/2/2017 13:15,13:15,3,0,0,16TH AVENUE & HUMBOLDT / FRANKLIN ALLEY,1,1,0,0,1,5,0,,30,0,0,0,0,0,4,2,13
,2017_59943,39.765726,-104.9948415,6/2/2017 14:05,14:05,12,0,0,PARK AVENUE WEST 3000 BLOCK & GLOBEVILLE ROAD,1,1,1,0,1,4,0,,35,0,0,0,0,0,4,2,16
,2017_59944,39.736863,-104.9799015,6/2/2017 14:06,14:06,3,0,0,13TH AVENUE EAST & PEARL STREET NORTH,1,1,1,0,1,1,0,,30,0,0,0,0,1,4,2,13
,2017_59945,39.759327,-104.9005125,6/2/2017 14:12,14:12,1,0,0,29TH DRIVE 7400 BLOCK EAST & ROSLYN STREET NORTH,2,1,0,1,1,2,0,,25,0,0,0,0,0,4,2,8
,2017_59946,39.673053,-104.965254,6/2/2017 14:45,14:45,14,0,0,HIGH STREET 2300 BLOCK SOUTH & WESLEY AVENUE EAST,2,1,1,0,1,4,0,,30,0,0,0,0,0,4,2,13
,2017_59947,39.719268,-104.877171,6/2/2017 15:47,15:47,5,0,0,YOSEMITE WAY & DALLAS STREET NORTH,1,1,0,0,3,4,0,,30,0,0,0,0,1,4,1,14
,2017_59948,39.769335,-105.0520635,6/2/2017 16:30,16:30,6,0,0,ZENOBIA STREET & 38TH AVENUE WEST,2,1,0,1,1,4,0,,,0,0,0,0,0,4,2,13
,2017_59949,39.709305,-104.968692,6/2/2017 16:31,16:31,3,0,0,FRANKLIN STREET SOUTH & DAKOTA AVENUE EAST,2,1,0,1,1,1,0,,25,0,0,0,0,1,4,2,14
,2017_59950,39.709269,-104.978061,6/2/2017 17:02,17:02,3,0,0,DAKOTA AVENUE EAST & CLARKSON STREET SOUTH,2,1,1,1,1,1,0,,25,0,0,0,0,1,4,2,14
,2017_59951,39.743748,-104.943033,6/2/2017 17:02,17:02,12,0,0,17TH AVENUE EAST & JACKSON STREET NORTH,2,1,0,0,1,1,0,,30,0,0,0,0,1,4,2,13
,2017_59952,39.749643,-105.000084,6/2/2017 17:29,17:29,15,0,0,BLAKE STREET 1500 BLOCK & 16TH STREET,1,1,0,0,1,4,0,,25,0,0,0,0,0,4,2,13
,2017_59953,39.695652,-104.903595,6/2/2017 18:01,18:01,12,0,0,QUEBEC STREET 1000 BLOCK SOUTH & MISSISSIPPI AVENUE EAST,1,1,1,0,1,4,0,,35,0,0,0,0,0,4,2,13
,2017_59954,39.84455113,-104.6811125,6/2/2017 18:52,18:52,15,0,0,PENA BOULEVARD & 8100 PENA BOULEVARD,1,1,1,0,1,4,0,,45,0,0,0,0,0,4,2,8
,2017_59955,39.678624,-105.0250365,6/2/2017 19:07,19:07,12,0,0,EVANS AVENUE WEST & FEDERAL BOULEVARD SOUTH,1,1,0,0,1,4,0,,,0,0,0,0,0,4,2,13
,2017_59956,39.76695,-104.9745015,6/2/2017 21:29,21:29,3,0,0,35TH STREET & LARIMER STREET,1,3,0,0,1,1,0,,25,0,0,0,0,0,4,2,13
,2017_59957,39.742506,-104.988681,6/3/2017 5:03,5:03,3,0,0,16TH STREET & COURT PLACE,1,3,0,0,1,1,0,,20,0,0,0,0,1,4,2,5
,2017_59958,39.783609,-104.7913916,6/3/2017 5:30,5:30,4,0,0,PENA BOULEVARD 5300 BLOCK & GREEN VALLEY RANCH BOULEVARD,1,1,0,1,1,4,0,,35,0,0,0,0,0,4,1,13
,2017_59959,39.68595,-105.025077,6/3/2017 6:38,6:38,6,0,0,MEXICO AVENUE & FEDERAL BOULEVARD SOUTH,1,1,0,0,1,4,0,,25,0,0,0,0,0,4,2,5
,2017_59960,39.729258,-104.915052,6/3/2017 8:18,8:18,3,0,2,LEYDEN STREET NORTH & EIGHTH AVENUE EAST,1,1,0,0,1,1,0,,25,0,0,0,0,2,4,2,16
,2017_59961,39.844602,-104.6809395,6/3/2017 8:30,8:30,6,0,0,PENA BOULEVARD INBOUND & 8400 BLOCK,1,1,0,0,1,4,0,,10,0,0,0,0,0,4,2,14
,2017_59962,39.735144,-104.9823225,6/5/2017 5:57,5:57,6,0,1,LOGAN STREET & 12TH AVENUE EAST,1,1,0,0,1,4,0,,,0,0,0,0,2,4,3,14
,2017_59963,39.75460538,-104.9733146,6/3/2017 8:40,8:40,12,0,0,DOWNING STREET 2600 BLOCK NORTH & 26TH AVENUE EAST,1,1,0,0,1,3,0,,30,0,0,0,0,0,4,2,13
,2017_59964,39.741966,-104.8858155,6/3/2017 9:49,9:49,3,0,0,XENIA STREET NORTH & 16TH AVENUE EAST,1,1,0,0,1,1,0,,25,0,0,0,0,1,4,2,13
,2017_59965,39.776697,-105.0438015,6/3/2017 12:15,12:15,12,0,0,TENNYSON STREET 4400 BLOCK NORTH & 44TH AVENUE WEST,1,1,0,0,1,4,0,,30,0,0,0,0,0,4,2,13
,2017_59966,39.753711,-104.98635,6/3/2017 12:20,12:20,12,0,0,PARK AVENUE WEST & CURTIS STREET,1,1,0,0,1,1,0,,30,0,0,0,0,1,4,2,13
,2017_59967,39.751218,-105.022053,6/3/2017 13:31,13:31,3,0,0,23RD AVENUE WEST & DECATUR STREET NORTH,1,1,0,7,1,1,0,,30,0,0,0,0,0,4,2,16
,2017_59968,39.774636,-104.7720825,6/3/2017 13:48,13:48,12,0,0,43RD AVENUE EAST & TOWER ROAD NORTH,1,1,0,0,1,1,0,,40,0,0,0,0,0,4,2,3
,2017_59969,39.78430089,-104.8046805,6/18/2017 2:40,2:40,6,0,0,48TH PLACE & 15700 BLOCK EAST,1,3,0,0,1,4,0,,25,0,0,0,0,0,4,2,14
,2017_59970,39.700575,-105.012594,6/5/2017 23:13,23:13,6,0,0,UMATILLA WAY   800 BK SOUTH & ALYS AVENUE WEST,1,3,0,0,1,4,0,,25,0,0,0,0,0,4,3,5
,2017_59971,39.752154,-104.9988465,6/3/2017 15:08,15:08,15,0,1,17TH STREET & WAZEE STREET,1,1,0,0,1,4,0,,25,0,0,0,1,2,4,2,13
,2017_59972,39.707505,-104.98635,6/3/2017 15:10,15:10,3,0,0,VIRGINIA AVENUE EAST & LINCOLN STREET SOUTH,1,1,0,0,1,1,0,,30,0,0,0,0,0,4,2,8
,2017_59973,39.730032,-104.9034735,6/3/2017 15:14,15:14,12,0,0,EIGHTH PLACE EAST & QUEBEC STREET NORTH,1,1,0,0,1,4,0,,30,0,0,0,0,0,4,2,7
,2017_59974,39.720978,-104.9558535,6/3/2017 17:04,17:04,6,0,0,CLAYTON STREET NORTH & THIRD AVENUE EAST,1,1,0,0,1,4,0,,25,0,0,0,0,0,4,2,1
,2017_59975,39.758256,-104.9634,6/3/2017 19:25,19:25,3,0,1,29TH AVENUE EAST & RACE STREET NORTH,1,3,0,0,1,1,0,,25,0,0,0,0,2,4,2,1
,2017_59976,39.750237,-104.9874075,6/3/2017 20:15,20:15,15,0,0,STOUT STREET & BROADWAY NORTH,1,2,0,0,1,1,0,,35,0,0,0,0,0,4,2,14
,2017_59977,39.692988,-104.9757705,6/3/2017 20:49,20:49,6,0,0,OGDEN STREET 1200 BLOCK SOUTH & LOUISIANA AVENUE EAST,1,4,0,0,1,4,0,,,0,0,0,0,0,4,2,13
,2017_59978,39.755088,-104.988114,6/3/2017 22:50,22:50,12,0,0,LAWRENCE STREET 2200 BLOCK & PARK AVENUE WEST,1,3,0,0,1,3,0,,25,0,0,0,0,0,4,2,14
,2017_59979,39.764421,-105.011181,6/3/2017 23:58,23:58,6,0,0,34TH AVENUE & TEJON STREET NORTH,1,3,0,0,1,4,0,,35,0,0,0,0,0,4,2,5
,2017_59980,39.664314,-105.0633315,6/4/2017 0:00,0:00,3,0,0,JOPLIN COURT SOUTH & AMHERST AVENUE WEST,1,3,0,0,1,1,0,,25,0,0,0,0,1,4,2,13
,2017_59981,39.712995,-104.987574,6/4/2017 0:37,0:37,12,0,0,BROADWAY STREET SOUTH & CEDAR AVENUE EAST,1,3,0,0,1,4,0,,35,0,0,0,0,0,4,2,3
,2017_59982,39.785607,-105.034581,6/4/2017 1:20,1:20,6,0,0,LOWELL BOULEVARD 4907 NORTH & 49TH AVENUE WEST,1,3,0,0,1,4,0,,30,0,0,0,0,0,4,2,13
,2017_59983,39.793212,-104.835681,6/4/2017 3:02,3:02,6,0,0,55TH AVENUE & UVALDA STREET NORTH,1,3,0,0,1,4,0,,,0,0,0,0,0,4,3,13
,2017_59984,39.758049,-105.02055,6/4/2017 8:00,8:00,3,0,1,SPEER BOULEVARD & CLAY STREET NORTH,1,1,1,0,1,1,0,,35,0,0,0,1,2,4,2,13
,2017_59985,39.741687,-104.9835735,6/4/2017 9:20,9:20,15,0,0,GRANT STREET NORTH & 16TH AVENUE EAST,1,1,0,0,1,1,0,,30,0,0,0,0,0,4,2,13
,2017_59986,39.71124,-105.0238305,6/4/2017 12:00,12:00,12,0,0,ELIOT STREET 200 BLOCK SOUTH & ALAMEDA AVENUE WEST,1,1,0,0,1,4,0,,25,0,0,0,0,0,4,2,13
,2017_59987,39.78458426,-104.884983,6/4/2017 13:28,13:28,8,0,1,YOSEMITE STREET & IRVINGTON PLACE EAST,1,1,0,0,6,4,0,,30,0,0,0,0,2,4,2,3
,2017_59988,39.789306,-104.8429035,6/4/2017 13:47,13:47,15,0,0,SCRANTON COURT & 51ST AVENUE EAST,1,1,0,0,1,4,0,,25,0,0,0,0,0,4,2,13
,2017_59989,39.720924,-104.982615,6/4/2017 15:35,15:35,3,0,0,LOGAN STREET NORTH & THIRD AVENUE EAST,1,1,0,0,1,1,0,,25,0,0,0,0,1,4,2,13
,2017_59990,39.758499,-105.0276015,6/4/2017 22:02,22:02,12,0,0,29TH AVENUE 3100 BLOCK WEST & HAZEL COURT NORTH,1,3,0,7,1,3,0,,30,0,0,0,0,0,4,2,16
,2017_59991,39.753576,-104.9813325,6/5/2017 0:18,0:18,6,0,0,CALIFORNIA STREET & 25TH STREET,1,3,0,0,1,4,0,,25,0,0,0,0,0,4,2,3
,2017_59992,39.766968,-104.972103,6/5/2017 6:02,6:02,3,0,0,36TH AVENUE EAST & MARION STREET NORTH,1,1,0,0,1,1,0,,25,0,0,0,0,0,4,2,13
,2017_59993,39.782394,-104.848956,6/5/2017 7:51,7:51,1,0,0,47TH AVENUE EAST & PARIS STREET NORTH,1,1,0,0,1,1,0,,35,0,0,0,0,0,4,2,1
,2017_59994,39.746349,-105.031521,6/5/2017 8:53,8:53,6,0,0,JULIAN STREET & 19TH AVENUE WEST,1,1,0,0,1,5,0,,25,0,0,0,0,0,4,2,14
,2017_59995,39.75669,-104.9998815,6/5/2017 10:36,10:36,12,0,0,CHESTNUT PLACE & 19TH STREET,1,1,0,0,1,4,0,,25,0,0,0,0,0,4,2,13
,2017_59996,39.770298,-104.9789115,6/5/2017 10:51,10:51,12,0,0,BRIGHTON BOULEVARD NORTH & 35TH STREET,1,1,0,0,1,2,0,,20,0,0,0,0,0,4,2,7
,2017_59997,39.725568,-104.971752,6/5/2017 10:52,10:52,12,0,0,SIXTH AVENUE EAST & MARION STREET NORTH,1,1,1,0,1,1,0,,30,0,0,0,0,0,4,2,13
,2017_59998,39.678444,-104.931612,6/5/2017 11:12,11:12,15,0,0,EVANS AVENUE 4800 BLOCK EAST & DAHLIA STREET SOUTH,1,1,1,0,1,2,0,,30,0,0,0,0,0,4,2,1
,2017_59999,39.740652,-104.9911335,6/5/2017 11:27,11:27,15,0,0,14TH STREET 300 BLOCK & COURT PLACE,1,1,0,0,1,4,0,,25,0,0,0,0,0,4,2,7
,2017_60000,39.680316,-104.9734215,6/5/2017 11:40,11:40,6,0,0,DOWNING STREET & ASBURY AVENUE EAST,1,1,0,0,1,4,0,,,0,0,0,0,0,4,2,13
,2017_60001,39.773097,-104.8079115,6/5/2017 12:20,12:20,3,0,0,40TH AVENUE EAST & ANDREWS WAY EAST,1,1,0,0,1,1,0,,,0,0,0,0,0,4,2,13
,2017_60002,39.678516,-104.9757615,6/5/2017 13:03,13:03,12,0,0,EVANS AVENUE 1000 BLOCK EAST & OGDEN STREET,1,1,0,0,1,3,0,,,0,0,0,0,0,4,3,13
,2017_60003,39.678363,-104.959404,6/5/2017 13:30,13:30,12,0,0,UNIVERSITY BOULEVARD SOUTH & EVANS AVENUE EAST,1,1,0,0,1,4,0,,35,0,0,0,0,0,4,2,13
,2017_60004,39.660642,-104.9356665,6/5/2017 13:45,13:45,6,0,0,BIRCH STREET 3000 BLOCK SOUTH & DARTMOUTH AVENUE EAST,1,1,1,0,1,4,0,,,0,0,0,0,0,4,2,13
,2017_60005,39.782844,-104.9035095,6/5/2017 14:05,14:05,15,0,0,47TH AVENUE EAST & QUEBEC STREET NORTH,1,1,0,0,1,1,0,,35,0,0,0,0,0,4,2,7
,2017_60006,39.743415,-104.95926,6/5/2017 14:38,14:38,5,0,0,17TH AVENUE EAST & JOSEPHINE STREET NORTH,1,1,0,0,3,1,0,,30,0,0,0,0,0,4,2,1
,2017_60007,39.844602,-104.6809395,6/5/2017 15:32,15:32,15,0,0,PENA BOULEVARD 7700 BLOCK & 78TH AVENUE EAST,1,1,0,7,1,4,0,,45,0,0,0,0,0,4,2,7
,2017_60008,39.703887,-104.912964,6/5/2017 16:17,16:17,12,0,0,MONACO STREET 600 BLOCK SOUTH & EXPOSITION AVENUE EAST,1,1,1,0,1,4,0,,35,0,0,0,0,0,4,2,3
,2017_60009,39.785724,-104.883093,6/5/2017 17:16,17:16,12,0,0,NORTHFIELD BOULEVARD 9100 BLOCK EAST & CENTRAL PARK BOULEVARD NORTH,1,1,0,0,1,3,0,,35,0,0,0,0,0,4,2,13
,2017_60010,39.713004,-105.0168105,6/5/2017 17:33,17:33,3,0,0,ALCOTT STREET SOUTH & CEDAR AVENUE WEST,1,1,0,0,1,1,0,,25,0,0,0,0,0,4,2,13
,2017_60011,39.711105,-104.975694,6/5/2017 17:40,17:40,1,0,0,ALAMEDA AVENUE EAST & OGDEN STREET SOUTH,1,1,0,0,1,1,0,,30,0,0,0,0,0,4,2,13
,2017_60012,39.706659,-105.0027277,6/16/2017 21:58,21:58,6,0,0,CUSTER PLACE & 3118 WEST,1,3,0,0,1,4,0,,,0,0,0,0,0,4,3,13
,2017_60013,39.703887,-104.912964,6/5/2017 18:19,18:19,12,0,0,MONACO STREET 700 BLOCK SOUTH & EXPOSITION AVENUE EAST,1,1,0,0,1,4,0,,35,0,0,0,0,0,4,2,13
,2017_60014,39.763782,-104.924601,6/5/2017 20:30,20:30,6,0,0,33RD AVENUE & GRAPE STREET NORTH,1,1,0,0,1,4,0,,30,0,0,0,0,0,4,2,7
,2017_60015,39.743595,-104.992524,6/6/2017 7:34,7:34,15,0,0,WELTON STREET & 15TH STREET,1,1,0,0,1,1,0,,25,0,0,0,0,0,4,2,13
,2017_60016,39.783816,-105.0533235,6/6/2017 8:00,8:00,12,0,0,5200 BLOCK WEST 48TH AVENUE & SHERIDAN BOULEVARD NORTH,1,1,0,0,1,4,0,,30,0,0,0,0,0,4,2,4
,2017_60017,39.753198,-104.9905665,6/6/2017 9:16,9:16,12,0,0,LAWRENCE STREET & 21ST STREET,1,1,0,0,1,1,0,,,0,0,0,0,0,4,2,8
,2017_60018,39.785733,-104.8385025,6/6/2017 9:49,9:49,3,0,0,TITAN COURT NORTH & ANDREWS DRIVE EAST,1,1,0,0,1,1,0,,25,0,0,0,0,0,4,2,13
,2017_60019,39.719331,-104.998581,6/6/2017 10:47,10:47,6,0,0,SECOND AVENUE & SANTA FE DRIVE SOUTH,1,1,1,0,1,4,0,,25,0,0,0,0,0,4,2,7
,2017_60020,39.71835,-104.9745915,6/6/2017 11:50,11:50,15,0,0,SPEER BOULEVARD EAST & CORONA STREET NORTH,1,1,0,0,1,1,0,,30,0,0,0,0,0,4,2,8