id,drcog_id,latitude,longitude,crashtime,time,crashtype,numbkilled,numbinjurd,drcoglocat,rdconditin,lightngcon,roadcntgrd,weatherco,location,roaddescrp,constrzone,schoolzone,splimit,bikeinv,pedinv,sctrinv,motoinv,svrty,rdsystem,ttlvehcls,hcf
,2017_60021,39.628935,-105.085791,6/6/2017 12:45,12:45,12,0,0,AMMONS STREET 4800 BLOCK SOUTH & LAYTON AVENUE WEST,1,1,0,0,1,4,0,,25,0,0,0,0,0,4,2,14
,2017_60022,39.698388,-104.959332,6/6/2017 14:20,14:20,12,0,0,UNIVERSITY BOULEVARD SOUTH & TENNESSEE AVENUE EAST,1,1,1,0,1,4,0,,,0,0,0,0,0,4,2,3
,2017_60023,39.678498,-104.999454,6/6/2017 15:10,15:10,15,0,0,EVANS AVENUE 900 BLOCK WEST & JASON STREET SOUTH,1,1,0,0,1,4,0,,30,0,0,0,0,0,4,2,13
,2017_60024,39.770253,-104.9719725,6/6/2017 16:05,16:05,3,0,0,38TH STREET / MARION STREET & WALNUT STREET,1,1,0,0,1,2,0,,35,0,0,0,0,0,4,2,8
,2017_60025,39.777993,-104.912901,6/6/2017 16:40,16:40,12,0,0,MONACO STREET NORTH & STAPLETON SOUTH DRIVE EAST,1,1,0,0,1,1,0,,30,0,0,0,0,0,4,3,14
,2017_60026,39.747501,-104.9861115,6/6/2017 17:54,17:54,15,0,0,20TH AVENUE EAST & LINCOLN STREET NORTH,1,1,1,7,1,1,0,,30,0,0,0,0,0,4,2,16
,2017_60027,39.736836,-104.9902335,6/6/2017 17:55,17:55,3,0,0,13TH AVENUE WEST & BANNOCK STREET NORTH,1,1,0,0,1,1,0,,3,0,0,0,0,0,4,2,13
,2017_60028,39.744774,-104.9598225,9/18/2017 9:45,9:45,15,0,0,YORK STREET NORTH & 18TH AVENUE EAST,1,1,0,0,1,1,0,,30,0,0,0,0,0,4,2,1
,2017_60029,39.657042,-104.8848255,6/6/2017 18:17,18:17,12,0,0,YOSEMITE STREET SOUTH & EASTMAN PLACE EAST,1,1,0,7,1,3,0,,35,0,0,0,0,1,4,2,14
,2017_60030,39.757653,-104.998635,6/6/2017 21:55,21:55,15,0,0,20TH STREET & CHESTNUT PLACE,1,3,0,0,1,1,0,,30,0,0,0,0,0,4,2,8
,2017_60031,39.743415,-104.95926,6/6/2017 22:52,22:52,3,0,0,17TH AVENUE EAST & JOSEPHINE STREET NORTH,1,3,0,0,1,1,0,,30,0,0,0,0,1,4,3,14
,2017_60032,39.8379015,-104.771925,6/22/2017 17:40,17:40,15,0,0,TOWER ROAD & 59TH AVENUE EAST,1,1,0,0,1,4,0,,,0,0,0,0,0,4,2,13
,2017_60033,39.769245,-104.9164155,8/16/2017 6:43,6:43,5,0,1,38TH AVENUE EAST & KRAMERIA STREET NORTH,1,1,0,0,2,1,0,,25,0,0,0,0,2,4,1,10
,2017_60034,39.783609,-104.7913916,6/7/2017 6:30,6:30,12,0,0,GREEN VALLEY RANCH BOULEVARD EAST & PENA BOULEVARD,1,1,0,0,1,4,0,,40,0,0,0,0,0,4,2,14
,2017_60035,39.747393,-104.9211315,6/7/2017 7:58,7:58,3,0,1,IVANHOE STREET NORTH & MONTVIEW BOULEVARD EAST,1,1,0,0,1,1,0,,35,0,0,0,0,2,4,2,13
,2017_60036,39.720987,-104.9594445,6/7/2017 9:35,9:35,15,0,0,UNIVERSITY BOULEVARD & THIRD AVENUE EAST,1,1,0,0,1,4,0,,30,0,0,0,0,0,4,2,13
,2017_60037,39.678444,-104.9579415,6/7/2017 10:04,10:04,1,0,0,EVANS AVENUE EAST & JOSEPHINE STREET SOUTH,1,1,0,0,1,1,0,,30,0,0,0,0,0,4,2,13
,2017_60038,39.725847,-104.898843,6/7/2017 11:06,11:06,12,0,0,SIXTH AVENUE EAST & SYRACUSE STREET NORTH,1,1,0,0,1,1,0,,30,0,0,0,0,0,4,2,8
,2017_60039,39.689523,-105.0156945,6/7/2017 17:13,17:13,12,0,0,ZUNI STREET SOUTH & FLORIDA AVENUE WEST,1,1,0,0,1,1,0,,30,0,0,0,0,0,4,2,13
,2017_60040,39.685896,-104.991993,6/7/2017 11:20,11:20,12,0,0,SANTA FE DRIVE 300 BLOCK SOUTH & CHEROKEE STREET SOUTH,1,1,0,0,1,4,0,,35,0,0,0,0,0,4,2,3
,2017_60041,39.685905,-105.020361,6/7/2017 11:44,11:44,15,0,0,CLAY STREET & MEXICO AVENUE WEST,1,1,1,0,1,4,0,,25,0,0,0,0,0,4,2,13
,2017_60042,39.711105,-104.9745645,6/7/2017 11:55,11:55,12,0,0,ALAMEDA BOULEVARD EAST & CORONA STREET SOUTH,1,1,0,0,1,1,0,,30,0,0,0,1,0,4,2,13
,2017_60043,39.744801,-104.9861205,6/7/2017 12:00,12:00,6,0,0,LINCOLN STREET & 18TH AVENUE EAST,1,1,0,0,1,4,0,,30,0,0,0,0,0,4,2,7
,2017_60044,39.729114,-104.960232,6/7/2017 12:09,12:09,12,0,0,YORK STREET NORTH & EIGHTH AVENUE EAST,1,1,1,0,1,4,0,,30,0,0,0,0,0,4,2,7
,2017_60045,39.682161,-104.9805045,6/9/2017 13:00,13:00,6,0,0,PEARL STREET & JEWELL AVENUE EAST,1,1,0,0,1,4,0,,25,0,0,0,0,0,4,2,1
,2017_60046,39.724137,-104.986314,6/7/2017 14:00,14:00,3,0,0,FIFTH AVENUE EAST & LINCOLN STREET NORTH,1,1,0,0,1,1,0,,25,0,0,0,0,0,4,3,13
,2017_60047,39.702006,-104.959341,6/7/2017 14:14,14:14,12,0,0,UNIVERSITY BL 700 BLOCK SOUTH & OHIO AVENUE EAST,1,1,1,0,1,4,0,,30,0,0,0,0,0,4,2,3
,2017_60048,39.7114965,-104.946282,6/7/2017 14:15,14:15,12,0,0,CHERRY CREEK NORTH DRIVE & MADISON STREET SOUTH,1,1,0,0,1,4,0,,30,0,0,0,0,0,4,2,13
,2017_60049,39.762,-104.919966,6/7/2017 14:23,14:23,10,0,0,IVY STREET NORTH & MLK BOULEVARD,1,1,0,0,1,4,0,,25,0,0,0,0,0,4,2,3
,2017_60050,39.720456,-104.9791185,6/7/2017 15:03,15:03,3,0,2,SPEER BOULEVARD EAST & WASHINGTON STREET NORTH,1,1,0,0,1,1,0,,35,0,0,0,0,2,4,2,13
,2017_60051,39.674754,-104.875281,6/7/2017 16:04,16:04,1,0,0,DAYTON WAY SOUTH & ILIFF AVENUE EAST,1,1,0,0,1,1,0,,35,0,0,0,0,0,4,4,13
,2017_60052,39.776643,-105.026436,6/7/2017 16:21,16:21,3,0,0,GREEN COURT NORTH & 44TH AVENUE WEST,1,1,1,0,1,1,0,,25,0,0,0,0,0,4,2,7
,2017_60053,39.678678,-105.0180255,6/7/2017 17:16,17:16,12,0,0,EVANS AVENUE 2600 BLOCK WEST & BRYANT STREET SOUTH,1,1,0,0,1,4,0,,35,0,0,0,0,1,4,2,14
,2017_60054,39.774519,-104.922315,6/7/2017 17:20,17:20,12,0,0,SMITH ROAD EAST & HOLLY STREET NORTH,1,1,0,0,1,1,0,,50,0,0,0,0,0,4,2,13
,2017_60055,39.74481,-104.9810715,6/7/2017 17:38,17:38,3,0,0,18TH AVENUE EAST & PENNSYLVANIA STREET NORTH,1,1,0,7,1,1,0,,30,0,0,0,0,0,4,2,16
,2017_60056,39.744846,-104.987394,6/7/2017 17:45,17:45,3,0,0,BROADWAY STREET NORTH & TREMONT PLACE,1,1,0,0,1,1,0,,30,0,0,0,0,0,4,3,13
,2017_60057,39.752109,-105.0346125,6/7/2017 17:48,17:48,6,0,0,LOWELL BOULEVARD & 24TH AVENUE WEST,1,1,1,0,1,4,0,,25,0,0,0,0,0,4,2,13
,2017_60058,39.798396,-104.786415,6/7/2017 17:49,17:49,12,0,1,56TH AVENUE 17600 EAST & PENA BOULEVARD NORTH,1,1,0,0,1,4,0,,45,0,0,0,0,2,4,3,2
,2017_60059,39.772872,-104.7960135,6/7/2017 18:05,18:05,3,0,0,40TH AVENUE EAST & AIRPORT WAY NORTH,1,1,0,0,1,1,0,,40,0,0,0,0,0,4,2,3
,2017_60060,39.671208,-104.960583,6/7/2017 18:22,18:22,3,0,0,YORK STREET SOUTH & HARVARD AVENUE EAST,1,2,0,0,1,1,0,,25,0,0,0,0,0,4,2,13
,2017_60061,39.738456,-104.9976405,6/7/2017 23:55,23:55,3,0,0,14TH AVENUE WEST & SPEER BOULEVARD NORTH,1,3,0,0,1,1,0,,30,0,0,0,0,0,4,2,4
,2017_60062,39.769551,-105.034617,6/8/2017 0:45,0:45,8,0,0,38TH AVENUE & LOWELL BOULEVARD NORTH,1,3,0,0,1,4,0,,35,0,0,0,0,0,4,2,13
,2017_60063,39.638619,-104.9040945,6/8/2017 1:33,1:33,12,0,0,QUINCY AVENUE 7300 BLOCK EAST & QUEBEC STREET SOUTH,1,3,0,0,1,4,0,,35,0,0,0,0,0,4,4,13
,2017_60064,39.837969,-104.6928825,6/8/2017 6:00,6:00,12,0,1,JACKSON GAP STREET NORTH & 78TH AVENUE EAST,1,1,0,0,1,1,0,,35,0,0,0,0,2,4,2,14
,2017_60065,39.712932,-104.9827815,6/8/2017 7:00,7:00,6,0,0,CEDAR AVENUE EAST & LOGAN STREET SOUTH,1,4,0,0,1,4,0,,,0,0,0,0,0,4,2,13
,2017_60066,39.624219,-104.8898565,6/8/2017 7:09,7:09,1,0,0,BELLEVIEW AVENUE EAST & DTC BOULEVARD SOUTH,1,1,1,0,1,1,0,,35,0,0,0,0,1,4,2,13
,2017_60067,39.690819,-105.0203565,6/8/2017 7:20,7:20,3,0,0,ARKANSAS AVENUE WEST & CLAY STREET SOUTH,1,1,0,0,1,1,0,,25,0,0,0,0,0,4,2,13
,2017_60068,39.736863,-104.9718555,6/8/2017 8:40,8:40,12,0,0,13TH AVENUE EAST & MARION STREET NORTH,1,1,0,0,1,4,0,,30,0,0,0,0,0,4,2,7
,2017_60069,39.746547,-105.0076035,6/8/2017 9:50,9:50,1,0,0,AURARIA PARKWAY & NINTH STREET,1,1,0,0,1,1,0,,35,0,0,0,0,0,4,2,13
,2017_60070,39.782772,-104.8502025,6/8/2017 10:06,10:06,12,0,0,OAKLAND STREET 4700 BLOCK NORTH & 47TH AVENUE EAST,1,1,0,0,1,3,0,,30,0,0,0,0,0,4,2,13
,2017_60071,39.667464,-104.9286105,6/8/2017 11:05,11:05,6,0,0,YALE CIRCLE & YALE AVENUE EAST,1,1,0,0,1,4,0,,,0,0,0,0,0,4,2,13
,2017_60072,39.725667,-104.99283,6/8/2017 11:43,11:43,15,0,0,SIXTH AVENUE WEST & DELAWARE STREET NORTH,1,1,0,0,1,1,0,,30,0,0,0,0,0,4,2,1
,2017_60073,39.69675,-105.0127245,6/8/2017 12:18,12:18,3,0,0,MISSISSIPPI AVENUE WEST & TEJON STREET SOUTH,1,1,0,0,1,1,0,,35,0,0,0,0,0,4,2,13
,2017_60074,39.709296,-104.9663205,6/8/2017 13:05,13:05,6,0,0,WILLIAM STREET 400 BLOCK SOUTH & DAKOTA AVENUE EAST,1,1,1,0,1,4,0,,25,0,0,0,0,0,4,2,13
,2017_60075,39.642183,-104.907285,6/8/2017 13:23,13:23,3,0,0,ONEIDA STREET SOUTH & EASTMOOR DRIVE EAST,1,1,1,0,1,1,0,,30,0,0,0,0,0,4,2,13
,2017_60076,39.752262,-105.003522,6/8/2017 13:36,13:36,12,0,0,DELGANY STREET 1500 BLOCK & 15TH STREET,1,1,0,0,1,4,0,,25,0,0,0,0,0,4,2,8
,2017_60077,39.759489,-104.9876505,6/15/2017 21:45,21:45,12,0,0,BLAKE STREET & BROADWAY STREET NORTH,1,3,0,0,1,4,0,,30,0,0,0,0,0,4,2,1
,2017_60078,39.7368,-104.9598225,6/8/2017 14:15,14:15,6,0,0,13TH AVENUE & YORK STREET NORTH,1,1,0,0,1,4,0,,30,0,0,0,0,0,4,2,1
,2017_60079,39.736773,-104.956272,6/8/2017 14:28,14:28,6,0,0,13TH AVENUE EAST & ELIZABETH STREET NORTH,1,1,0,0,1,4,0,,35,0,0,0,0,0,4,2,13
,2017_60080,39.725649,-104.986314,6/8/2017 14:56,14:56,12,0,0,SPEER BOULEVARD 100 BLOCK EAST & LINCOLN STREET,1,1,0,0,1,4,0,,35,0,0,0,0,0,4,2,13
,2017_60081,39.738366,-104.9598225,6/8/2017 16:46,16:46,12,0,0,YORK STREET NORTH & 14TH AVENUE EAST,1,1,0,0,1,1,0,,25,0,0,0,0,0,4,2,13
,2017_60082,39.711141,-104.987592,6/8/2017 17:09,17:09,15,0,0,ALAMEDA AVENUE 0 BLOCK WEST & BROADWAY STREET SOUTH,1,1,0,0,1,4,0,,30,0,0,0,0,0,4,2,13
,2017_60083,39.691494,-104.9223015,6/8/2017 17:11,17:11,12,0,0,HOLLY STREET SOUTH & IVANHOE WAY SOUTH,1,1,0,0,1,1,0,,35,0,0,0,0,1,4,3,14
,2017_60084,39.715659,-104.9875335,6/8/2017 18:39,18:39,12,0,0,BROADWAY STREET SOUTH & ARCHER PLACE WEST,1,1,0,1,1,1,0,,30,0,0,0,0,0,4,2,13
,2017_60085,39.78166604,-104.9269824,6/13/2017 6:30,6:30,6,0,0,FOREST STREET & 4275 NORTH,1,1,1,0,5,7,0,,1,0,0,0,0,0,3,2,14
,2017_60086,39.703932,-105.0395535,6/8/2017 19:20,19:20,14,0,0,PERRY STREET 600 BLOCK SOUTH & EXPOSITION AVENUE WEST,1,2,0,0,1,4,0,,25,0,0,0,0,0,4,2,13
,2017_60087,39.83358199,-104.7220845,6/8/2017 21:06,21:06,15,0,0,PENA BOULEVARD 7500 BLOCK & GUN CLUB ROAD,1,3,0,0,1,4,0,,65,0,0,0,0,0,4,2,1
,2017_60088,39.674889,-104.973471,6/9/2017 6:25,6:25,3,0,0,ILIFF AVENUE EAST & DOWNING STREET SOUTH,1,1,0,0,1,1,0,,30,0,0,0,0,1,4,2,12
,2017_60089,39.778047,-104.8471245,6/9/2017 6:34,6:34,12,0,0,45TH AVENUE EAST & PEORIA STREET NORTH,1,1,0,0,1,4,0,,,0,0,0,0,1,4,3,13
,2017_60090,39.711105,-104.97339,6/9/2017 7:53,7:53,12,0,0,DOWNING STREET & ALAMEDA AVENUE EAST,1,1,0,0,1,1,0,,30,0,0,0,0,0,4,2,7
,2017_60091,39.737259,-104.908131,6/9/2017 8:35,8:35,10,0,0,13TH AVENUE EAST & ONEIDA STREET NORTH,1,1,0,0,1,1,0,,30,0,0,0,0,0,4,2,13
,2017_60092,39.757608,-104.9865705,6/9/2017 8:50,8:50,3,0,0,25TH STREET & LARIMER STREET,1,1,0,0,1,1,0,,25,0,0,0,0,0,4,2,13
,2017_60093,39.693744,-104.9780835,6/9/2017 9:33,9:33,12,0,0,BUCHTEL BOULEVARD EAST & SOUTH CLARKSON,1,1,0,0,1,4,0,,30,0,0,0,0,0,4,2,16
,2017_60094,39.736935,-104.95827,6/9/2017 10:40,10:40,12,0,0,JOSEPHINE STREET 1300 BLOCK NORTH & 13TH AVENUE EAST,1,1,0,0,1,4,0,,30,0,0,0,0,0,4,2,7
,2017_60095,39.680226,-104.959404,6/9/2017 10:40,10:40,15,0,0,UNIVERSITY BOULEVARD 2000 BLOCK SOUTH & ASBURY AVENUE,1,1,0,0,1,4,0,,25,0,0,0,0,0,4,2,14
,2017_60096,39.75075,-104.984946,6/9/2017 10:47,10:47,5,0,0,22ND STREET & CALIFORNIA STREET,1,1,0,0,2,1,0,,25,0,0,0,0,0,4,1,14
,2017_60097,39.748653,-104.9894235,6/9/2017 10:55,10:55,5,0,0,STOUT STREET & 19TH STREET,1,1,0,0,3,1,0,,30,0,0,0,0,0,4,1,14
,2017_60098,39.768093,-104.949891,6/9/2017 10:57,10:57,12,0,0,STEELE STREET NORTH & 37TH AVENUE EAST,1,1,0,0,1,3,0,,25,0,0,0,0,0,4,2,16
,2017_60099,39.767985,-104.8469625,6/9/2017 11:30,11:30,1,0,0,37TH AVENUE 12100 BLOCK EAST & PEORIA STREET NORTH,1,1,0,0,1,2,0,,30,0,0,0,0,0,4,2,13
,2017_60100,39.754728,-104.9034015,6/9/2017 12:57,12:57,12,0,0,QUEBEC STREET NORTH & 26TH AVENUE EAST,1,1,0,0,1,3,0,,45,0,0,0,0,0,4,2,7
,2017_60101,39.678453,-104.945193,6/9/2017 15:47,15:47,1,0,0,MONROE STREET SOUTH & EVANS AVENUE EAST,1,1,0,0,1,1,0,,35,0,0,0,0,0,4,2,14
,2017_60102,39.718305,-104.979114,6/9/2017 15:48,15:48,6,0,0,WASHINGTON STREET NORTH & FIRST AVENUE EAST,1,1,1,1,1,1,0,,25,0,0,0,0,0,4,3,14
,2017_60103,39.736863,-104.9718555,6/9/2017 15:50,15:50,12,0,0,13TH AVENUE EAST & MARION STREET NORTH,1,1,1,0,1,3,0,,,0,0,0,0,0,4,2,13
,2017_60104,39.698559,-104.987484,6/9/2017 15:52,15:52,12,0,0,BROADWAY STREET 900 BLOCK SOUTH & TENNESSEE AVENUE EAST,1,1,1,0,1,3,0,,30,0,0,0,0,0,4,2,3
,2017_60105,39.744072,-104.9882805,6/9/2017 16:45,16:45,12,0,0,17TH STREET & TREMONT STREET,1,1,0,0,1,3,0,,,0,0,0,0,0,4,2,13
,2017_60106,39.678435,-104.9234265,6/9/2017 16:55,16:55,12,0,0,EVANS AVENUE EAST & HUDSON STREET SOUTH,1,1,0,0,1,4,0,,30,0,0,0,0,1,4,2,7
,2017_60107,39.743262,-104.9775525,6/9/2017 17:34,17:34,15,0,0,17TH AVENUE EAST & CLARKSON STREET NORTH,1,1,0,0,1,1,0,,25,0,0,0,0,0,4,2,13
,2017_60108,39.749985,-105.0299505,6/9/2017 17:38,17:38,3,0,0,IRVING STREET NORTH & 22ND AVENUE WEST,1,1,0,0,1,1,0,,30,0,0,0,0,0,4,2,13
,2017_60109,39.728934,-104.9906115,6/9/2017 17:57,17:57,12,0,0,SPEER BOULEVARD NORTH & EIGHTH AVENUE WEST,1,1,0,0,1,1,0,,30,0,0,0,0,0,4,2,2
,2017_60110,39.755745,-104.989014,6/9/2017 18:07,18:07,12,0,0,PARK AVENUE WEST & LARIMER STREET,1,1,0,0,1,1,0,,30,0,0,0,0,0,4,2,13
,2017_60111,39.700395,-105.0437565,6/9/2017 18:30,18:30,15,0,0,KENTUCKY AVENUE WEST & TENNYSON STREET SOUTH,1,1,0,0,1,3,0,,35,0,0,0,0,0,4,2,1
,2017_60112,39.748392,-104.991516,6/9/2017 21:45,21:45,3,0,1,18TH STREET & CHAMPA STREET,1,3,0,0,1,1,0,,30,0,0,0,0,2,4,2,3
,2017_60113,39.711222,-104.903505,6/9/2017 21:55,21:55,12,0,0,QUEBEC STREET SOUTH & ALAMEDA AVENUE EAST,1,3,0,0,1,4,0,,24,0,0,0,0,0,4,2,13
,2017_60114,39.844602,-104.6809395,6/10/2017 1:20,1:20,15,0,0,PENA BOULEVARD OUTBOUND & 5000 BLOCK,1,3,0,0,1,4,0,,65,0,0,0,0,0,4,2,7
,2017_60115,39.743244,-104.9598315,6/10/2017 2:21,2:21,12,0,0,17TH AVENUE & YORK STREET NORTH APPROXIMATELY,1,3,0,0,1,3,0,,,0,0,0,0,0,4,2,13
,2017_60116,39.73419,-104.889411,6/10/2017 3:29,3:29,6,0,0,WABASH STREET & RICHTHOFEN PLACE,1,3,0,0,1,4,0,,30,0,0,0,0,1,4,3,2
,2017_60117,39.68226,-105.008913,6/10/2017 6:44,6:44,6,0,0,JEWELL AVENUE WEST 1700 BLOCK & RARITAN STREET SOUTH,1,1,2,0,1,4,0,,,0,0,0,0,0,4,2,2
,2017_60118,39.777669,-104.95827,6/10/2017 6:46,6:46,3,0,0,44TH AVENUE EAST & JOSEPHINE STREET NORTH,1,1,0,0,1,1,0,,25,0,0,0,0,0,4,2,16
,2017_60119,39.711366,-104.912964,9/21/2017 8:20,8:20,12,0,0,ALAMEDA AVENUE EAST & MONACO STREET SOUTH,1,1,0,0,1,3,0,,30,0,0,0,0,0,4,2,13
,2017_60120,39.67866,-105.020352,6/10/2017 8:05,8:05,3,0,0,EVANS AVENUE WEST & CLAY STREET SOUTH,1,1,0,0,1,1,0,,35,0,0,0,0,0,4,2,13
,2017_60121,39.759579,-105.0017805,6/10/2017 8:55,8:55,12,0,0,20TH STREET & LITTLE RAVEN STREET,1,1,0,0,1,4,0,,30,0,0,0,0,1,4,3,6
,2017_60122,39.741966,-104.902263,6/10/2017 8:56,8:56,3,0,0,QUINCE STREET NORTH & 16TH AVENUE EAST,1,1,0,0,1,1,0,,25,0,0,0,0,0,4,2,16
,2017_60123,39.671568,-104.8753035,6/10/2017 9:27,9:27,6,0,0,HARVARD AVENUE & DAYTON STREET SOUTH,1,1,1,0,1,4,0,,25,0,0,0,0,0,4,2,5
,2017_60124,39.781935,-104.9570235,6/10/2017 11:58,11:58,10,0,0,COLUMBINE STREET & 47TH AVENUE EAST,1,1,0,0,1,4,0,,25,0,0,0,0,0,4,2,13
,2017_60125,39.700404,-105.021522,6/10/2017 12:06,12:06,3,0,0,DALE COURT SOUTH & KENTUCKY AVENUE WEST,1,1,0,0,1,1,0,,25,0,0,0,0,0,4,2,3
,2017_60126,39.783618,-104.774463,6/10/2017 14:06,14:06,3,0,0,GREEN VALLEY RANCH BOULEVARD EAST & YAMPA STREET NORTH,1,1,0,0,1,1,0,,40,0,0,0,0,0,4,2,3
,2017_60127,39.77330738,-104.8096856,6/10/2017 15:30,15:30,12,0,0,CHAMBERS ROAD 4000 BLOCK NORTH & 40TH AVENUE EAST,1,1,0,0,1,4,0,,40,0,0,0,0,0,4,2,3
,2017_60128,39.775032,-104.809923,6/10/2017 15:37,15:37,12,0,0,CHAMBERS ROAD 4500 BLOCK NORTH & ANDREWS DRIVE EAST,1,1,0,0,1,4,0,,35,0,0,0,0,0,4,3,7
,2017_60129,39.765609,-104.9240205,6/10/2017 15:55,15:55,3,0,0,35TH AVENUE EAST & HUDSON STREET NORTH,1,1,0,0,1,1,0,,25,0,0,0,0,0,4,2,7
,2017_60130,39.707361,-105.0133455,6/10/2017 18:14,18:14,5,0,0,VIRGINIA AVENUE WEST & VALLEJO STREET SOUTH,1,1,0,0,3,1,0,,25,0,0,0,0,0,4,1,14
,2017_60131,39.709296,-104.9827815,6/10/2017 20:28,20:28,6,0,0,LOGAN STREET 400 BLOCK SOUTH & DAKOTA AVENUE EAST,1,2,0,0,1,4,0,,30,0,0,0,0,0,4,6,5
,2017_60132,39.763233,-104.9671755,6/10/2017 21:47,21:47,6,0,0,33RD AVENUE & GILPIN STREET NORTH,1,4,0,0,1,4,0,,25,0,0,0,0,0,4,2,13
,2017_60133,39.735252,-104.9848605,6/10/2017 23:28,23:28,3,0,0,SHERMAN STREET NORTH & 12TH AVENUE EAST,1,3,0,0,1,1,0,,,0,0,0,1,1,4,2,8
,2017_60134,39.742191,-104.9873715,6/10/2017 23:45,23:45,12,0,0,CLEVELANDL PLACE & BROADWAY STREET NORTH,1,3,0,7,1,3,0,,30,0,0,0,0,0,4,2,5
,2017_60135,39.707064,-104.8854105,6/11/2017 6:03,6:03,12,0,1,ALAMEDA AVENUE EAST & XENIA STREET SOUTH,1,1,0,7,1,1,0,,35,0,0,0,0,2,4,2,16
,2017_60136,39.724101,-104.995197,6/11/2017 7:00,7:00,6,0,0,FOX STREET & FIFTH AVENUE WEST,1,1,0,0,1,4,0,,25,0,0,0,0,0,4,2,13
,2017_60137,39.777669,-104.959413,6/11/2017 8:54,8:54,10,0,0,44TH AVENUE EAST & YORK STREET NORTH,1,1,0,0,1,1,0,,30,0,0,0,0,0,4,2,13
,2017_60138,39.718152,-105.032484,6/11/2017 15:57,15:57,3,0,1,FIRST AVENUE WEST & KNOX COURT NORTH,1,1,0,0,1,1,0,,30,0,0,0,1,2,4,3,13
,2017_60139,39.727296,-104.975226,6/11/2017 17:08,17:08,15,0,0,OGDEN STREET & SEVENTH AVENUE EAST,1,1,1,0,1,4,0,,,0,0,0,0,0,4,3,13
,2017_60140,39.733902,-104.9872635,6/11/2017 17:55,17:55,15,0,0,BROADWAY STREET 1100 BLOCK NORTH & 11TH AVENUE EAST,1,1,0,0,1,4,0,,30,0,0,0,0,0,4,2,13
,2017_60141,39.743262,-104.9835915,6/11/2017 18:24,18:24,12,0,0,GRANT STREET NORTH & 17TH AVENUE EAST,1,1,0,0,1,1,0,,30,0,0,0,0,0,4,2,13
,2017_60142,39.780162,-105.0080355,6/11/2017 18:24,18:24,3,0,0,46TH AVENUE WEST & QUIVAS STREET NORTH,1,1,1,0,1,1,0,,35,0,0,0,0,0,4,2,13
,2017_60143,39.765726,-104.9948415,6/11/2017 18:36,18:36,1,0,0,PARK AVENUE WEST & BROADWAY STREET NORTH,1,1,0,0,1,1,0,,30,0,0,0,0,0,4,2,13
,2017_60144,39.741606,-104.98995,6/11/2017 18:40,18:40,6,0,0,COURT PLACE & 15TH STREET,1,1,0,0,1,4,0,,20,0,0,0,0,0,4,2,13
,2017_60145,39.669597,-104.8736655,6/11/2017 18:41,18:41,3,0,0,DAYTON WAY & VASSAR AVENUE EAST,1,1,0,0,1,2,0,,25,0,0,0,0,0,4,2,14
,2017_60146,39.776517,-104.9853105,6/11/2017 22:00,22:00,6,0,0,44TH AVENUE 200 BLOCK EAST & SHERMAN STREET NORTH,1,3,0,0,1,4,0,,,0,0,0,0,0,4,2,13
,2017_60147,39.692952,-104.9350905,6/12/2017 0:00,0:00,9,0,0,LOUISIANA AVENUE EAST & CLERMONT STREET SOUTH,1,1,0,0,1,1,0,,25,0,0,0,0,0,4,2,13
,2017_60148,39.678444,-104.931612,6/12/2017 7:42,7:42,12,0,0,EVANS AVENUE 4800 BLOCK EAST & DAHLIA STREET SOUTH,1,1,0,0,1,4,0,,30,0,0,0,0,0,4,2,13
,2017_60149,39.72393,-104.8839413,6/12/2017 7:55,7:55,15,0,0,LOWRY BOULEVARD EAST & YOSEMITE STREET NORTH,1,1,1,0,1,6,0,,30,0,0,0,0,0,4,2,13
,2017_60150,39.744855,-104.987394,6/12/2017 8:00,8:00,15,0,0,BROADWAY NORTH & 18TH AVENUE EAST,1,1,0,0,1,3,0,,,0,0,0,0,0,4,2,13
,2017_60151,39.754602,-104.976954,6/12/2017 9:18,9:18,6,0,0,CLARKSON STREET & 26TH AVENUE EAST,1,1,0,0,1,4,0,,25,0,0,0,0,0,4,2,1
,2017_60152,39.728943,-105.000183,6/12/2017 9:45,9:45,12,0,0,EIGHTH AVENUE WEST & KALAMATH STREET NORTH,1,1,0,0,1,1,0,,30,0,0,0,0,0,4,2,14
,2017_60153,39.746178,-104.976576,6/12/2017 10:57,10:57,12,0,0,19TH AVENUE EAST & PARK AVENUE WEST,1,1,0,0,1,1,0,,30,0,0,0,0,0,4,2,13
,2017_60154,39.753198,-105.0025905,6/12/2017 11:11,11:11,12,0,0,16TH STREET & WEWATTA STREET,1,1,0,0,1,1,0,,25,0,0,0,0,0,4,2,13
,2017_60155,39.776535,-104.9864535,8/24/2017 13:11,13:11,6,0,0,44TH AVENUE EAST & LINCOLN STREET NORTH,1,1,0,0,1,4,0,,,0,0,0,0,0,4,2,13
,2017_60156,39.754728,-104.9034015,6/12/2017 11:58,11:58,3,0,0,26TH AVENUE EAST & QUEBEC STREET NORTH,1,1,0,0,1,1,0,,30,0,0,0,0,0,4,2,13
,2017_60157,39.689451,-105.0355305,6/12/2017 12:00,12:00,1,0,0,FLORIDA AVENUE WEST & MEADE STREET SOUTH,1,1,0,0,1,1,0,,30,0,0,0,0,0,4,2,8