id,drcog_id,latitude,longitude,crashtime,time,crashtype,numbkilled,numbinjurd,drcoglocat,rdconditin,lightngcon,roadcntgrd,weatherco,location,roaddescrp,constrzone,schoolzone,splimit,bikeinv,pedinv,sctrinv,motoinv,svrty,rdsystem,ttlvehcls,hcf
,2017_60158,39.748446,-105.0033735,6/12/2017 12:33,12:33,15,0,0,SPEER BOULEVARD NORTH & AURURIA PARKWAY,1,1,0,0,1,1,0,,25,0,0,0,0,0,4,2,13
,2017_60159,39.798234,-104.7721815,6/12/2017 13:10,13:10,15,0,0,56TH AVENUE 18500 BLOCK EAST & TOWER ROAD,1,1,0,0,1,4,0,,25,0,0,0,0,0,4,2,13
,2017_60160,39.78378,-104.809653,6/12/2017 14:22,14:22,1,0,0,GREEN VALLEY RANCH BOULEVARD EAST & CHAMBERS ROAD NORTH,1,1,0,0,1,1,0,,35,0,0,0,0,0,4,2,13
,2017_60161,39.719385,-105.000201,6/12/2017 14:38,14:38,6,0,0,KALAMATH STREET NORTH & SECOND AVENUE WEST,1,1,0,0,1,4,0,,35,0,0,0,0,0,4,2,16
,2017_60162,39.755745,-104.989014,6/12/2017 14:54,14:54,10,0,0,PARK AVENUE WEST & LARIMER STREET,1,1,0,0,1,1,0,,30,0,0,0,0,0,4,2,13
,2017_60163,39.736863,-105.005322,6/12/2017 14:55,14:55,3,0,0,13TH AVENUE WEST & OSAGE STREET NORTH,1,1,0,0,1,1,0,,30,0,0,0,0,0,4,2,13
,2017_60164,39.790098,-104.8067235,6/12/2017 17:43,17:43,12,0,0,53RD AVENUE EAST & IDALIA STREET NORTH,1,1,0,0,1,1,0,,25,0,0,0,0,0,4,2,13
,2017_60165,39.754863,-105.041673,6/12/2017 17:47,17:47,12,0,0,26TH AVENUE 4200 BLOCK WEST & RALEIGH STREET NORTH,1,1,0,7,1,3,0,,25,0,0,0,0,1,4,3,16
,2017_60166,39.7510065,-104.8982423,8/26/2017 2:14,2:14,6,0,0,23RD AVENUE & 1800 BLOCK,1,3,0,0,1,4,0,,30,0,0,0,0,0,4,2,13
,2017_60167,39.698388,-104.959332,6/12/2017 18:25,18:25,12,0,0,UNIVERSITY BOULEVARD 900 BLOCK SOUTH & TENNESSEE AVENUE EAST,1,1,0,0,1,4,0,,30,0,0,0,0,0,4,2,16
,2017_60168,39.749463,-104.973381,6/12/2017 19:10,19:10,3,0,0,22ND AVENUE EAST & DOWNING STREET NORTH,1,2,0,0,1,1,0,,25,0,0,0,0,0,4,2,13
,2017_60169,39.73842,-104.987394,6/12/2017 22:15,22:15,10,0,0,BROADWAY SOUTH & 14TH AVENUE WEST,1,3,1,0,1,1,0,,30,0,0,0,0,0,4,2,13
,2017_60170,39.70512,-105.0070725,6/12/2017 22:40,22:40,6,0,0,QUIVAS STREET & 620 SOUTH QUIVAS STREET,1,3,0,0,1,4,0,,35,0,0,0,0,0,4,4,13
,2017_60171,39.738384,-104.9672115,6/13/2017 0:46,0:46,6,0,0,14TH AVENUE 1600 BLOCK EAST & GILPIN STREET NORTH,1,3,0,0,1,4,0,,25,0,0,0,0,0,4,4,5
,2017_60172,39.711186,-104.997132,6/13/2017 6:39,6:39,1,0,0,ALAMEDA AVENUE WEST & SANTA FE DRIVE SOUTH,1,1,0,0,1,1,0,,35,0,0,0,0,0,4,2,3
,2017_60173,39.72411,-104.9985945,6/13/2017 7:42,7:42,12,0,0,SANTA FE DRIVE NORTH & FIFTH AVENUE WEST,1,1,0,0,1,1,0,,20,0,0,0,0,0,4,2,13
,2017_60174,39.750786,-104.9970735,6/13/2017 9:17,9:17,3,0,0,17TH STREET & MARKET STREET,1,1,0,0,1,1,0,,25,0,0,0,0,0,4,2,7
,2017_60175,39.783609,-104.7913916,6/13/2017 10:25,10:25,12,0,0,PENA BOULEVARD & GREEN VALLEY RANCH BOULEVARD EAST,1,1,0,0,1,1,0,,30,0,0,0,0,0,4,2,13
,2017_60176,39.678363,-104.9536845,6/13/2017 10:42,10:42,3,0,0,EVANS AVENUE EAST & FILLMORE STREET SOUTH,1,1,0,0,1,1,0,,35,0,0,0,0,1,4,2,3
,2017_60177,39.751209,-105.0000435,6/13/2017 11:35,11:35,12,0,0,WAZEE STREET & 16TH STREET,1,1,0,0,1,2,0,,25,0,0,0,0,0,4,2,13
,2017_60178,39.744846,-104.987394,6/13/2017 11:56,11:56,15,0,0,BROADWAY NORTH & TREMONT PLACE,1,1,0,0,1,1,0,,25,0,0,0,0,0,4,2,13
,2017_60179,39.718197,-104.955831,6/13/2017 14:15,14:15,12,0,0,FIRST AVENUE 2600 BLOCK EAST & CLAYTON STREET NORTH,1,1,0,0,1,3,0,,30,0,0,0,0,0,4,2,13
,2017_60180,39.73691268,-104.9835264,6/13/2017 16:20,16:20,12,0,0,GRANT STREET 1300 BLOCK NORTH & 12TH AVENUE EAST,1,1,0,0,1,4,0,,30,0,0,0,0,0,4,2,13
,2017_60181,39.700224,-104.959323,6/13/2017 16:20,16:20,1,0,0,UNIVERSITY BOULEVARD SOUTH & KENTUCKY AVENUE,1,1,0,0,1,1,0,,30,0,0,0,0,0,4,2,13
,2017_60182,39.678435,-104.9251905,6/13/2017 16:37,16:37,12,0,0,EVANS AVENUE 5400 BLOCK EAST & GRAPE STREET,1,1,0,0,1,4,0,,35,0,0,0,0,0,4,2,13
,2017_60183,39.760128,-104.9850315,6/13/2017 16:39,16:39,10,0,0,27TH STREET & WALNUT STREET,1,1,0,0,1,1,0,,35,0,0,0,0,0,4,2,8
,2017_60185,39.728952,-105.001623,6/13/2017 17:48,17:48,12,0,0,EIGHTH AVENUE WEST & LIPAN STREET NORTH,1,1,0,0,1,4,0,,30,0,0,0,0,0,4,2,13
,2017_60186,39.743937,-105.03306,6/13/2017 17:51,17:51,3,0,0,KING STREET NORTH & 17TH AVENUE WEST,1,1,0,0,1,1,0,,25,0,0,0,0,0,4,2,13
,2017_60187,39.78378,-104.80176,6/13/2017 20:24,20:24,12,0,0,GREEN VALLEY RANCH BOULEVARD 16000 BLOCK EAST & KITTREDGE STREET NORTH,1,1,0,0,1,4,0,,30,0,0,0,0,0,4,2,3
,2017_60188,39.711186,-104.892912,6/13/2017 22:08,22:08,12,0,3,ALAMEDA AVENUE EAST & FAIRMOUNT DRIVE EAST,1,3,0,0,1,4,0,,35,0,0,0,0,2,4,2,1
,2017_60189,39.74676075,-104.99172,6/13/2017 22:30,22:30,12,0,0,STOUT STREET 1700 BLOCK & 18TH STREET,1,3,0,0,1,4,0,,30,0,0,0,0,0,4,2,3
,2017_60190,39.724515,-105.0312735,6/17/2017 22:10,22:10,6,0,0,JULIAN STREET NORTH & FIFTH AVENUE WEST,1,3,1,0,1,4,0,,25,0,0,0,0,0,4,2,10
,2017_60191,39.83346903,-104.692932,6/13/2017 23:41,23:41,1,0,0,JACKSON GAP STREET NORTH & PENA BOULEVARD,1,3,0,0,1,1,0,,30,0,0,0,0,0,4,2,8
,2017_60192,39.685698,-104.9500935,6/14/2017 7:25,7:25,3,0,0,STEELE STREET SOUTH & MEXICO AVENUE EAST,1,1,1,0,1,1,0,,25,0,0,0,0,0,4,2,3
,2017_60193,39.746952,-104.973354,6/14/2017 7:58,7:58,1,0,1,DOWNING STREET NORTH & 20TH AVENUE,1,1,0,0,1,1,0,,30,0,0,0,0,2,4,2,8
,2017_60194,39.74506348,-104.9751936,6/14/2017 8:07,8:07,15,0,0,PARK AVENUE 1800 BLOCK & 18TH AVENUE EAST,1,1,0,0,1,4,0,,30,0,0,0,0,0,4,2,3
,2017_60195,39.678444,-104.908194,6/14/2017 8:31,8:31,12,0,0,EVANS AVENUE 6800 BLOCK EAST & ONEIDA STREET SOUTH,1,1,1,0,1,4,0,,35,0,0,0,0,0,4,2,13
,2017_60196,39.743253,-104.9823225,6/14/2017 8:35,8:35,12,0,0,LOGAN STREET & 17TH AVENUE EAST,1,1,0,0,1,4,0,,,0,0,0,0,0,4,2,13
,2017_60197,39.768948,-104.995332,6/14/2017 9:51,9:51,12,0,0,38TH AVENUE WEST & FOX STREET,1,1,0,0,1,1,0,,35,0,0,0,0,1,4,2,14
,2017_60198,39.646692,-104.8895235,6/14/2017 10:43,10:43,6,0,0,LEHIGH AVENUE & WABASH STREET SOUTH,1,1,1,0,1,4,0,,25,0,0,0,0,1,4,2,10
,2017_60199,39.825486,-104.7719655,6/16/2017 23:30,23:30,15,0,0,TOWER ROAD NORTH & 71ST AVENUE EAST,1,3,0,0,1,1,0,,,0,0,0,0,0,4,2,8
,2017_60200,39.711366,-104.912964,6/14/2017 11:02,11:02,15,0,0,ALAMEDA AVENUE EAST & MONACO STREET,1,1,0,0,1,1,0,,25,0,0,0,0,0,4,2,13
,2017_60201,39.702942,-104.9129415,6/14/2017 11:48,11:48,12,0,0,MONACO PARKWAY 700 BLOCK SOUTH & LEETSDALE DRIVE EAST,1,1,1,0,1,4,0,,30,0,0,0,0,0,4,2,5
,2017_60202,39.734676,-104.9394915,6/14/2017 11:53,11:53,3,0,0,ALBION STREET NORTH & 12TH AVENUE EAST,1,1,0,0,1,1,0,,25,0,0,0,0,0,4,2,7
,2017_60203,39.775815,-104.93172,6/14/2017 13:26,13:26,12,0,0,DAHLIA STREET NORTH & SMITH ROAD EAST,1,1,0,0,1,1,0,,,0,0,0,0,0,4,2,14
,2017_60204,39.729087,-104.986152,6/14/2017 15:30,15:30,15,0,0,LINCOLN STREET & EIGHTH AVENUE EAST,1,1,0,0,1,4,0,,,0,0,0,0,0,4,2,13
,2017_60205,39.669462,-104.9875335,6/14/2017 15:36,15:36,12,0,0,BROADWAY SOUTH & VASSAR AVENUE EAST,1,1,0,0,1,4,0,,35,0,0,0,0,0,4,2,13
,2017_60206,39.796299,-104.847264,6/14/2017 15:44,15:44,1,0,0,PEORIA STREET NORTH & 55TH AVENUE EAST,1,1,0,0,1,1,0,,40,0,0,0,0,0,4,3,13
,2017_60207,39.687543,-104.9875245,6/14/2017 15:47,15:47,1,0,2,BROADWAY STREET SOUTH & IOWA AVENUE EAST,1,1,0,0,1,1,0,,35,0,0,0,0,2,4,2,14
,2017_60208,39.651102,-104.8848435,6/14/2017 16:12,16:12,3,0,0,JEFFERSON AVENUE EAST & YOSEMITE STREET SOUTH,1,1,1,0,1,1,0,,25,0,0,0,0,0,4,2,13
,2017_60209,39.711141,-105.022692,6/14/2017 17:10,17:10,6,0,0,DECATUR STREET SOUTH & ALAMEDA AVENUE WEST,1,1,0,0,1,4,0,,25,0,0,0,0,0,4,2,7
,2017_60210,39.714993,-105.0517935,6/14/2017 17:32,17:32,15,0,0,ZENOBIA STREET SOUTH & BAYAUD AVENUE WEST,1,1,0,0,1,4,0,,,0,0,0,0,0,4,2,13
,2017_60211,39.700206,-104.9272335,6/14/2017 20:50,20:50,1,0,0,KENTUCKY AVENUE EAST & CHERRY CREEK SOUTH DRIVE EAST,1,2,0,0,1,1,0,,30,0,0,0,0,0,4,2,13
,2017_60212,39.736827,-104.963454,6/14/2017 21:50,21:50,3,0,0,13TH AVENUE EAST & RACE STREET NORTH,1,3,0,0,1,1,0,,25,0,0,0,0,0,4,2,1
,2017_60213,39.772962,-104.975442,6/15/2017 0:51,0:51,3,0,0,38TH STREET & BRIGHTON BOULEVARD NORTH,1,3,0,0,1,1,0,,25,0,0,0,0,0,4,2,3
,2017_60214,39.716559,-104.9875155,6/15/2017 1:29,1:29,8,0,0,BROADWAY SOUTH & ELLSWORTH AVENUE EAST,1,3,0,0,1,4,0,,,0,0,0,1,0,4,2,13
,2017_60215,39.74743542,-105.0051799,6/15/2017 2:12,2:12,5,0,0,AURARIA PARKWAY 1100 BLOCK & 12TH STREET,1,3,0,0,2,4,0,,35,0,0,0,0,0,4,1,13
,2017_60216,39.798396,-104.786415,6/15/2017 3:58,3:58,5,0,0,PENA BOULEVARD & 56TH AVENUE,1,3,0,0,2,4,0,,55,0,0,0,0,0,4,1,14
,2017_60217,39.791052,-105.0158475,6/15/2017 6:16,6:16,3,0,0,52ND AVENUE WEST & ZUNI STREET NORTH,1,1,0,7,1,1,0,,25,0,0,0,0,0,4,2,16
,2017_60218,39.75948,-104.959782,6/15/2017 7:34,7:34,14,0,0,YORK STREET & 30TH AVENUE EAST,1,1,0,0,1,4,0,,35,0,0,0,0,0,4,2,13
,2017_60219,39.74274,-105.04053,10/9/2017 17:53,17:53,6,0,0,QUITMAN STREET & 16TH AVENUE WEST,2,1,1,2,1,4,0,,25,0,0,0,0,0,4,2,13
,2017_60220,39.718206,-104.954625,6/15/2017 7:42,7:42,12,0,0,FIRST AVENUE EAST & DETROIT STREET NORTH,1,1,0,7,1,1,0,,30,0,0,0,0,0,4,2,14
,2017_60221,39.737268,-104.9034645,6/15/2017 8:32,8:32,10,0,0,13TH AVENUE & QUEBEC STREET,1,1,0,0,1,2,0,,30,0,0,0,0,0,4,2,13
,2017_60222,39.700206,-104.9272335,6/15/2017 8:34,8:34,12,0,0,KENTUCKY AVENUE EAST & CHERRY CREEK SOUTH DRIVE EAST,1,1,0,0,1,3,0,,35,0,0,0,0,0,4,3,16
,2017_60223,39.733443,-104.959845,6/15/2017 8:58,8:58,3,0,0,YORK STREET NORTH & 11TH AVENUE EAST,1,1,0,0,1,1,0,,25,0,0,0,0,0,4,2,7
,2017_60224,39.693015,-104.9827815,6/15/2017 10:05,10:05,15,0,0,LOGAN STREET & LOUISIANA AVENUE EAST,1,1,0,0,1,4,0,,30,0,0,0,0,0,4,2,13
,2017_60225,39.702942,-104.9129415,6/15/2017 10:12,10:12,15,0,0,MONACO & LEETSDALE DRIVE,1,1,1,0,1,4,0,,,0,0,0,0,0,4,2,13
,2017_60226,39.690927,-104.9762205,6/15/2017 10:17,10:17,6,0,0,CLARKSON STREET 1300 BLOCK NORTH & 14TH AVENUE,1,1,0,0,1,4,0,,25,0,0,0,0,0,4,2,14
,2017_60227,39.665691,-104.9360805,6/15/2017 11:37,11:37,12,0,0,CLERMONT STREET 2700 BLOCK SOUTH & SOUTH BROOK DRIVE,1,1,1,0,1,3,0,,25,0,0,0,0,1,4,2,3
,2017_60228,39.784878,-104.815197,6/15/2017 11:55,11:55,3,0,0,GATEWAY AVENUE EAST & ENID WAY NORTH,1,1,0,0,1,1,0,,25,0,0,0,0,0,4,2,7
,2017_60229,39.760803,-104.985864,6/15/2017 17:48,17:48,3,0,0,BLAKE STREET & 27TH STREET,1,1,1,0,1,1,0,,30,0,0,0,0,0,4,2,8
,2017_60230,39.750192,-105.0047415,6/15/2017 11:55,11:55,15,0,0,SPEER BOULEVARD 1700 BLOCK & WEWATTA STREET,1,1,0,0,1,4,0,,35,0,0,0,0,0,4,2,13
,2017_60231,39.755709,-104.9598,6/15/2017 12:21,12:21,3,0,0,YORK STREET NORTH & 27TH AVENUE EAST,1,1,0,0,1,1,0,,30,0,0,0,0,0,4,2,7
,2017_60232,39.685761,-104.9875425,6/15/2017 12:25,12:25,6,0,0,MEXICO AVENUE EAST & BROADWAY SOUTH,1,1,1,0,1,4,0,,25,0,0,0,0,0,4,2,8
,2017_60233,39.712266,-104.997654,6/15/2017 13:12,13:12,5,0,0,SANTA FE DRIVE SOUTH & BYERS PLACE WEST,1,1,0,0,3,3,0,,25,0,0,0,0,0,4,1,14
,2017_60234,39.762,-104.912865,6/15/2017 14:36,14:36,1,0,7,MLK BOULEVARD & MONACO STREET NORTH,1,1,0,0,1,1,0,,30,0,0,0,0,2,4,3,7
,2017_60235,39.752154,-104.9988465,6/15/2017 14:42,14:42,15,0,0,17TH STREET & WAZEE STREET,1,1,0,0,1,1,0,,30,0,0,0,0,0,4,2,7
,2017_60236,39.754926,-104.9830605,6/15/2017 15:00,15:00,6,0,0,CHAMPA STREET & 25TH STREET,1,1,0,1,1,4,0,,,0,0,0,0,0,4,3,13
,2017_60237,39.78531,-104.8432545,6/15/2017 15:50,15:50,5,0,0,ANDREWS DRIVE & SCRANTON COURT / SCRANTON STREET PARKWAY,1,1,0,0,2,4,0,,35,0,0,0,0,0,4,1,5
,2017_60238,39.689298,-104.939514,6/15/2017 16:00,16:00,1,0,0,FLORIDA AVENUE EAST & ALBION STREET SOUTH,1,1,0,0,1,1,0,,30,0,0,0,0,0,4,2,13
,2017_60239,39.722616,-104.982624,6/15/2017 16:06,16:06,15,0,0,LOGAN STREET NORTH & SPEER BOULEVARD EAST,1,1,0,0,1,4,0,,30,0,0,0,0,0,4,2,8
,2017_60240,39.683907,-104.9652135,6/15/2017 16:13,16:13,6,0,0,WILLIAMS / HIGH ALLEY SOUTH & COLORADO AVENUE EAST,1,1,0,0,1,5,0,,35,0,0,0,0,0,4,2,14
,2017_60241,39.75705,-104.992893,6/15/2017 16:54,16:54,12,0,0,22ND STREET & WAZEE STREET,1,1,0,0,1,1,0,,35,0,0,0,0,0,4,2,3
,2017_60242,39.725631,-104.9874435,6/15/2017 16:55,16:55,5,0,0,SIXTH AVENUE WEST & BROADWAY NORTH,1,1,0,0,3,1,0,,30,0,0,0,0,0,4,1,13
,2017_60243,39.72411,-105.000192,6/15/2017 17:12,17:12,3,0,0,FIFTH AVENUE WEST & KALAMATH STREET NORTH,1,1,0,0,1,1,0,,35,0,0,0,0,0,4,2,13
,2017_60244,39.747447,-104.8905135,6/15/2017 17:24,17:24,12,0,0,MONTVIEW BOULEVARD EAST & VERBENA STREET NORTH,1,1,0,0,1,1,0,,35,0,0,0,0,0,4,3,3
,2017_60245,39.736809,-104.9574375,6/15/2017 17:47,17:47,6,0,0,COLUMBINE STREET & 13TH AVENUE EAST,1,1,0,0,1,4,0,,,0,0,0,0,0,4,2,13
,2017_60246,39.711159,-104.9900175,6/15/2017 17:50,17:50,1,0,0,BANNOCK STREET SOUTH & ALAMEDA AVENUE WEST,1,1,0,0,1,1,0,,30,0,0,0,0,1,4,2,13
,2017_60247,39.738456,-105.0346125,6/15/2017 18:26,18:26,6,0,0,14TH AVENUE WEST & LOWELL BOULEVARD NORTH,1,1,0,0,1,4,0,,,0,0,0,0,0,4,2,13
,2017_60248,39.708135,-104.879142,10/20/2017 18:05,18:05,5,0,0,ALAMEDA AVENUE EAST & CLINTON STREET SOUTH,1,3,0,7,3,1,0,,35,0,0,0,0,1,4,1,5
,2017_60249,39.732822,-104.8847355,6/15/2017 19:28,19:28,1,0,1,11TH AVENUE EAST & YOSEMITE STREET NORTH,1,1,0,0,1,1,0,,35,0,0,0,0,2,4,3,7
,2017_60250,39.744882,-104.99427,6/15/2017 21:20,21:20,10,0,0,15TH STREET & STOUT STREET,1,3,0,0,1,1,0,,30,0,0,0,0,0,4,2,8
,2017_60251,39.71133231,-104.8929106,6/18/2017 5:12,5:12,5,0,0,FAIRMOUNT DRIVE EAST & 8014 EAST ALLEY,1,4,0,0,1,5,0,,25,0,0,0,0,0,4,1,7
,2017_60252,39.711141,-104.9863905,6/15/2017 22:33,22:33,12,0,0,ALAMEDA AVENUE EAST & LINCOLN STREET SOUTH,1,3,0,0,1,4,0,,30,0,0,0,0,0,4,3,3
,2017_60253,39.725613,-104.9613435,6/15/2017 22:37,22:37,12,0,0,SIXTH AVENUE 2100 BLOCK EAST & GAYLORD STREET NORTH,1,3,0,0,1,4,0,,30,0,0,0,0,0,4,2,14
,2017_60254,39.716514,-104.978043,6/16/2017 2:00,2:00,6,0,0,CLARKSON STREET SOUTH & ELLSWORTH AVENUE EAST,1,4,0,0,1,4,0,,25,0,0,0,0,0,4,5,5
,2017_60255,39.736854,-104.97762,6/16/2017 7:50,7:50,3,0,0,13TH AVENUE EAST & CLARKSON STREET NORTH,1,1,0,0,1,1,0,,30,0,0,0,0,0,4,2,13
,2017_60256,39.73725,-104.898753,6/16/2017 8:00,8:00,15,0,0,13TH AVENUE & SYRACUSE STREET NORTH,1,1,0,0,1,1,0,,30,0,0,0,0,0,4,2,8
,2017_60257,39.743955,-104.9954625,6/16/2017 8:40,8:40,15,0,0,14TH STREET 700 BLOCK & STOUT STREET,1,1,0,1,1,2,0,,30,0,0,0,0,0,4,2,8
,2017_60258,39.74481,-104.977566,6/16/2017 9:05,9:05,12,0,0,18TH AVENUE 600 BLOCK EAST & CLARKSON STREET NORTH,1,1,0,0,1,3,0,,35,0,0,0,0,0,4,2,13
,2017_60259,39.748617,-104.903451,6/16/2017 10:52,10:52,15,0,0,QUEBEC STREET NORTH & 21ST AVENUE EAST,1,1,0,0,1,4,0,,30,0,0,0,0,0,4,2,2
,2017_60260,39.738447,-104.9916645,6/16/2017 10:57,10:57,6,0,0,CHEROKEE STREET & 14TH AVENUE WEST,1,1,0,0,1,4,0,,30,0,0,0,0,0,4,2,7
,2017_60261,39.779757,-104.9317335,6/16/2017 11:30,11:30,15,0,0,STAPLETON NORTH DRIVE & DAHLIA STREET NORTH,1,1,0,0,1,4,0,,25,0,0,0,0,0,4,2,13
,2017_60262,39.743262,-104.9775525,6/16/2017 12:35,12:35,6,0,0,CLARKSON STREET NORTH & 17TH AVENUE EAST,1,1,0,0,1,4,0,,30,0,0,0,0,0,4,2,3
,2017_60263,39.736863,-104.9695335,6/16/2017 14:11,14:11,12,0,0,13TH AVENUE EAST & HUMBOLDT STREET NORTH,1,1,0,0,1,1,0,,30,0,0,0,0,0,4,2,1
,2017_60264,39.667626,-104.912964,6/16/2017 14:32,14:32,15,0,0,MONACO STREET & YALE AVENUE EAST,1,1,0,0,1,4,0,,30,0,0,0,0,0,4,2,14
,2017_60265,39.74292,-104.991642,6/16/2017 14:34,14:34,3,0,0,GLENARM PLACE & 15TH STREET,1,1,0,0,1,2,0,,30,0,0,0,0,0,4,2,8
,2017_60266,39.678552,-104.9828715,6/16/2017 14:45,14:45,12,0,0,EVANS AVENUE 300 BLOCK EAST & LOGAN STREET SOUTH,1,1,1,0,1,3,0,,35,0,0,0,0,0,4,2,2
,2017_60267,39.755745,-104.989014,6/16/2017 14:50,14:50,12,0,1,PARK AVENUE WEST & LARIMER STREET,1,1,0,0,1,1,0,,30,0,0,0,0,2,4,2,3
,2017_60268,39.667707,-104.987511,6/16/2017 15:00,15:00,12,0,0,BROADWAY SOUTH & YALE AVENUE,1,1,0,0,1,1,0,,35,0,0,0,0,0,4,2,12
,2017_60269,39.755088,-104.988114,6/16/2017 15:30,15:30,15,0,0,PARK AVENUE WEST & LAWRENCE STREET,1,1,0,0,1,1,0,,30,0,0,0,0,0,4,3,7
,2017_60270,39.678543,-104.985225,6/16/2017 17:25,17:25,12,0,0,EVANS AVENUE 200 BLOCK EAST & SHERMAN STREET SOUTH,1,1,0,0,1,4,0,,35,0,0,0,0,0,4,3,7
,2017_60271,39.682062,-104.934663,6/16/2017 17:58,17:58,12,0,0,JEWELL AVENUE EAST & CLERMONT STREET SOUTH,1,1,0,0,1,4,0,,30,0,0,0,0,0,4,2,13
,2017_60272,39.797541,-104.8289625,6/16/2017 18:00,18:00,6,0,0,XAPARY WAY & RANDOLPH PLACE EAST,1,1,0,0,1,4,0,,25,0,0,0,0,0,4,2,13
,2017_60273,39.75498,-104.995143,6/16/2017 19:10,19:10,12,0,0,20TH STREET & WAZEE STREET,1,1,0,0,1,1,0,,,0,0,0,0,0,4,2,13
,2017_60274,39.741606,-104.98995,6/16/2017 19:55,19:55,15,0,0,COURT PLACE & 15TH STREET,1,1,0,0,1,4,0,,25,0,0,0,0,0,4,2,13
,2017_60275,39.757896,-104.8906935,6/16/2017 20:02,20:02,3,0,0,29TH AVENUE EAST & CENTRAL PARK AVENUE,1,1,0,0,1,1,0,,35,0,0,0,0,0,4,2,4
,2017_60276,39.689415,-105.0015735,6/16/2017 21:26,21:26,3,0,0,FLORIDA AVENUE WEST & LIPAN STREET SOUTH,1,2,1,0,1,1,0,,25,0,0,0,0,0,4,2,13
,2017_60277,39.75867,-104.97825,6/17/2017 1:50,1:50,12,0,0,29TH STREET & CHAMPA STREET,1,3,0,0,1,1,0,,30,0,0,0,0,0,4,2,13
,2017_60278,39.780162,-105.0064425,6/17/2017 7:30,7:30,12,0,0,46TH AVENUE 1700 BLOCK WEST & PECOS STREET NORTH,1,1,0,0,1,3,0,,30,0,0,0,0,0,4,2,12
,2017_60279,39.756456,-105.0093135,6/17/2017 23:56,23:56,3,0,0,15TH STREET & PLATTE STREET,1,3,0,0,1,1,0,,30,0,0,0,0,0,4,2,5
,2017_60280,39.741669,-104.9848245,6/17/2017 10:12,10:12,3,0,1,SHERMAN STREET NORTH & 16TH AVENUE EAST,1,1,0,0,1,1,0,,30,0,0,0,0,2,4,3,4
,2017_60281,39.744657,-104.9963625,6/17/2017 10:25,10:25,6,0,0,14TH STREET & CHAMPA STREET,1,1,0,0,1,4,0,,,0,0,0,0,0,4,4,13
,2017_60282,39.709296,-104.9827815,6/17/2017 12:55,12:55,12,0,0,LOGAN STREET 400 BLOCK SOUTH & DAKOTA AVENUE EAST,1,1,0,0,1,4,0,,30,0,0,0,0,0,4,3,3
,2017_60283,39.746547,-105.0076035,6/17/2017 13:04,13:04,15,0,0,AURARIA PARKWAY & NINTH STREET,1,1,0,0,1,1,0,,35,0,0,0,0,0,4,4,4
,2017_60284,39.73869,-104.88699,6/17/2017 13:56,13:56,10,0,0,14TH AVENUE EAST & XANTHIA STREET NORTH,1,1,0,0,1,1,0,,35,0,0,0,0,1,4,2,13
,2017_60285,39.776526,-105.0090345,6/17/2017 14:45,14:45,6,0,0,RARITAN WAY & 44TH AVENUE WEST,1,1,0,0,1,4,0,,25,0,0,0,0,0,4,2,12
,2017_60286,39.773916,-104.818626,6/17/2017 16:05,16:05,6,0,0,ANDREWS DRIVE & FREEPORT WAY NORTH,1,1,0,0,3,4,0,,25,0,0,0,0,0,4,2,3
,2017_60287,39.757086,-104.990715,6/17/2017 16:31,16:31,15,0,0,PARK AVENUE WEST & BLAKE STREET,1,1,0,0,1,1,0,,,0,0,0,0,0,4,3,13
,2017_60288,39.754674,-104.933907,6/17/2017 17:16,17:16,3,0,0,26TH AVENUE EAST & CHERRY STREET NORTH,1,1,0,0,1,1,0,,25,0,0,0,0,0,4,2,13
,2017_60289,39.744801,-104.9861205,6/17/2017 18:20,18:20,15,0,0,18TH AVENUE EAST & LINCOLN NORTH,1,1,0,0,1,1,0,,30,0,0,0,0,0,4,2,13
,2017_60290,39.760317,-104.932512,6/17/2017 21:22,21:22,6,0,0,30TH AVENUE & 4705 EAST 30TH AVENUE,1,3,0,0,1,4,0,,30,0,0,0,0,0,4,2,13
,2017_60291,39.766959,-104.9727555,6/17/2017 22:55,22:55,3,0,0,LAWRENCE STREET & 36TH AVENUE EAST,1,3,0,0,1,1,0,,35,0,0,0,0,0,4,2,13
,2017_60292,39.720987,-104.9594445,6/18/2017 6:18,6:18,3,0,0,THIRD AVENUE EAST & UNIVERSITY BOULEVARD NORTH,1,1,0,0,1,1,0,,25,0,0,0,0,0,4,2,13
,2017_60293,39.718143,-105.0432705,6/18/2017 10:19,10:19,12,0,0,FIRST AVENUE WEST & STUART STREET NORTH,1,1,0,0,1,4,0,,,0,0,0,0,0,4,2,1
,2017_60294,39.638727,-104.904081,6/18/2017 10:58,10:58,15,0,0,EASTMOOR DRIVE EAST & QUINCY AVENUE EAST,1,1,0,0,1,4,0,,30,0,0,0,0,0,4,2,13
,2017_60295,39.656367,-105.050556,6/18/2017 12:01,12:01,3,0,0,ZURICH COURT SOUTH & DARTMOUTH AVENUE WEST,1,1,0,0,1,3,0,,30,0,0,0,0,0,4,2,8
,2017_60296,39.632904,-104.900391,6/21/2017 19:30,19:30,5,0,0,ULSTER STREET SOUTH & TECHNOLOGY WAY EAST,1,4,0,0,2,4,0,,35,0,0,0,0,0,4,1,5
,2017_60297,39.749463,-104.973381,6/18/2017 13:39,13:39,3,0,0,DOWNING STREET NORTH & 22ND AVENUE EAST,1,1,0,0,1,1,0,,35,0,0,0,0,0,4,2,14