id,drcog_id,latitude,longitude,crashtime,time,crashtype,numbkilled,numbinjurd,drcoglocat,rdconditin,lightngcon,roadcntgrd,weatherco,location,roaddescrp,constrzone,schoolzone,splimit,bikeinv,pedinv,sctrinv,motoinv,svrty,rdsystem,ttlvehcls,hcf
,2017_60298,39.711366,-104.912964,6/18/2017 14:46,14:46,12,0,0,ALAMEDA AVENUE EAST & MONACO STREET SOUTH,1,1,0,0,1,4,0,,,0,0,0,0,0,4,2,13
,2017_60299,39.749616,-105.0003405,6/18/2017 17:00,17:00,6,0,0,BLAKE STREET & 15TH STREET,1,1,0,0,1,4,0,,30,0,0,0,0,0,4,2,13
,2017_60300,39.768156,-104.9671755,9/28/2017 15:20,15:20,6,0,0,37TH AVENUE EAST & GILPINST NORTH,1,1,0,0,1,3,0,,15,0,0,0,0,0,4,2,13
,2017_60301,39.77171824,-104.90281,6/18/2017 18:15,18:15,15,0,0,QUEBEC STREET & 2900 BLOCK NORTH,1,1,0,0,1,1,0,,30,0,0,0,0,0,4,2,7
,2017_60302,39.678462,-104.9976135,6/19/2017 3:29,3:29,5,0,0,PLATTE RIVER DRIVE SOUTH & EVANS AVENUE WEST,1,3,0,0,3,4,0,,15,0,0,0,0,0,4,1,14
,2017_60303,39.736845,-104.9741505,6/19/2017 7:47,7:47,6,0,0,CORONA STREET & 13TH AVENUE EAST,1,1,0,0,1,4,0,,25,0,0,0,0,0,4,3,14
,2017_60304,39.789279,-104.8471785,6/19/2017 8:20,8:20,3,0,0,51ST AVENUE EAST & PEORIA STREET NORTH,1,1,0,0,1,1,0,,30,0,0,0,0,1,4,2,5
,2017_60305,39.766851,-105.000597,6/19/2017 12:56,12:56,6,0,0,36TH AVENUE & KALAMATH STREET NORTH,1,1,1,0,1,4,0,,25,0,0,0,0,0,4,2,13
,2017_60306,39.685743,-104.9828355,6/22/2017 17:10,17:10,6,0,0,MEXICO AVENUE & LOGAN STREET SOUTH,1,5,0,0,1,3,0,,,0,0,0,0,0,4,2,13
,2017_60307,39.654063,-104.90886,6/19/2017 17:14,17:14,10,0,0,ONEIDA WAY & GIRARD AVENUE EAST,1,1,0,0,1,4,0,,25,0,0,0,0,0,4,2,13
,2017_60308,39.740013,-104.970915,6/19/2017 17:15,17:15,6,0,0,LAFAYETTE STREET & COLFAX AVENUE EAST,1,1,0,0,1,4,0,,25,0,0,0,0,0,4,2,13
,2017_60309,39.759579,-105.0017805,6/19/2017 18:38,18:38,12,0,0,20TH STREET 2150 BLOCK & LITTLE RAVEN STREET,1,1,1,0,1,4,0,,35,0,0,0,0,0,4,2,13
,2017_60310,39.765636,-104.9034645,6/19/2017 20:12,20:12,5,0,0,35TH AVENUE EAST & QUEBEC STREET NORTH,1,1,0,0,1,4,0,,25,0,0,0,0,0,4,1,13
,2017_60311,39.711141,-104.9863905,6/19/2017 22:21,22:21,3,0,0,ALAMEDA AVENUE EAST & LINCOLN STREET SOUTH,1,3,0,0,1,1,0,,35,0,0,0,0,0,4,2,13
,2017_60312,39.780207,-105.0170535,6/19/2017 23:26,23:26,5,0,0,ALCOTT STREET & 46TH AVENUE WEST,1,3,0,0,3,4,0,,30,0,0,0,0,0,4,2,9
,2017_60313,39.712905,-104.981553,6/20/2017 2:40,2:40,3,0,1,PENNSYLVANIA STREET SOUTH & CEDAR AVENUE EAST,1,3,0,0,1,1,0,,25,0,0,0,0,2,4,3,13
,2017_60314,39.678543,-104.985225,6/20/2017 6:40,6:40,12,0,0,EVANS AVENUE 100 BLOCK EAST & SHERMAN STREET SOUTH,1,1,0,0,1,4,0,,30,0,0,0,0,0,4,2,16
,2017_60315,39.714714,-104.9757435,6/20/2017 7:00,7:00,6,0,0,OGDEN STREET SOUTH & BAYAUD AVENUE EAST,1,1,0,0,1,4,0,,25,0,0,0,0,0,4,2,13
,2017_60316,39.753621,-105.0267825,6/20/2017 7:37,7:37,6,0,0,GROVE STREET & 25TH AVENUE WEST,1,1,0,0,1,4,0,,25,0,0,0,0,0,4,2,14
,2017_60317,39.765564,-104.9305815,6/20/2017 8:29,8:29,3,0,0,35TH AVENUE EAST & EUDORA STREET NORTH,1,1,0,0,1,1,0,,30,0,0,0,0,0,4,2,1
,2017_60318,39.769272,-105.006456,6/20/2017 8:41,8:41,3,0,0,38TH AVENUE WEST & PECOS STREET NORTH,1,1,0,0,1,1,0,,35,0,0,0,0,0,4,2,13
,2017_60319,39.74743542,-105.0051799,6/20/2017 9:02,9:02,12,0,0,AURARIA PARKWAY 1100 BLOCK & 11TH STREET,1,1,0,0,1,3,0,,35,0,0,0,0,0,4,2,13
,2017_60320,39.754449,-104.9598,6/20/2017 10:30,10:30,6,0,0,26TH AVENUE & 1013 EAST 26TH AVENUE,1,1,0,0,1,4,0,,25,0,0,0,0,0,4,2,13
,2017_60321,39.735108,-104.947272,6/21/2017 9:43,9:43,3,0,0,COOK STREET NORTH & 12TH AVENUE EAST,1,1,0,0,1,1,0,,25,0,0,0,0,0,4,2,13
,2017_60322,39.703851,-104.95935,6/20/2017 10:41,10:41,3,0,0,BONNIE BRAE BOULEVARD 700 BLOCK SOUTH & UNIVERSITY BOULEVARD SOUTH,1,1,0,0,1,2,0,,,0,0,0,0,0,4,2,14
,2017_60323,39.725343,-104.911632,6/20/2017 11:05,11:05,6,0,0,SIXTH AVENUE PARKWAY & MAGNOLIA STREET NORTH,1,1,0,0,1,4,0,,,0,0,0,0,0,4,2,13
,2017_60324,39.756141,-104.991912,6/20/2017 11:47,11:47,10,0,0,22ND STREET & BLAKE STREET,1,1,0,0,1,1,0,,30,0,0,0,0,0,4,2,8
,2017_60325,39.741966,-104.89284,6/20/2017 12:21,12:21,3,0,0,UINTA STREET NORTH & 16TH AVENUE EAST,1,1,0,0,1,1,0,,25,0,0,0,0,0,4,2,7
,2017_60326,39.75471,-104.9128335,6/20/2017 12:33,12:33,6,0,0,MONACO STREET & 26TH AVENUE EAST,1,1,0,1,1,4,0,,30,0,0,0,0,0,4,2,13
,2017_60327,39.742713,-105.026823,6/20/2017 12:35,12:35,6,0,0,GROVE STREET & 16TH AVENUE WEST,1,1,0,0,1,2,0,,25,0,0,0,0,0,4,2,14
,2017_60328,39.763251,-105.0052725,6/20/2017 12:59,12:59,6,0,0,OSAGE STREET & 33RD AVENUE WEST,1,1,0,0,1,2,0,,25,0,0,0,0,0,4,2,13
,2017_60329,39.744837,-104.9647635,6/20/2017 14:43,14:43,3,0,0,18TH AVENUE EAST & HIGH STREET NORTH,1,1,0,0,1,1,0,,30,0,0,0,0,0,4,2,13
,2017_60330,39.762027,-104.97213,6/20/2017 15:41,15:41,3,0,0,MLK BOULEVARD & MARION STREET,1,1,0,0,1,1,0,,30,0,0,0,0,0,4,2,13
,2017_60331,39.714759,-104.9875425,6/20/2017 16:25,16:25,12,0,0,BROADWAY STREET 0000 BLOCK SOUTH & BAYAUD AVENUE EAST,1,1,0,0,1,4,0,,30,0,0,0,0,0,4,2,13
,2017_60332,39.772755,-104.9593815,6/30/2017 0:19,0:19,5,0,0,40TH AVENUE 2200 BLOCK EAST & YORK STREET NORTH,2,3,3,1,2,4,0,,30,0,0,0,0,0,4,1,13
,2017_60333,39.765564,-104.929362,6/20/2017 16:47,16:47,3,0,0,35TH AVENUE EAST & ELM STREET NORTH,1,1,0,0,1,1,0,,30,0,0,0,0,0,4,2,13
,2017_60334,39.723705,-104.8837095,6/20/2017 18:04,18:04,15,0,0,LOWRY BOULEVARD EAST ROUNDABOUT & YOSEMITE WAY NORTH,1,1,0,0,1,1,0,,35,0,0,0,0,0,4,2,8
,2017_60335,39.833838,-104.7468689,6/20/2017 23:21,23:21,5,0,0,PENA BOULEVARD & E470,1,3,0,0,3,4,0,,65,0,0,0,0,0,4,1,4
,2017_60336,39.725424,-104.903793,6/21/2017 6:16,6:16,1,0,1,SIXTH AVENUE EAST & QUEBEC STREET NORTH,1,1,0,0,1,1,0,,35,0,0,0,1,2,4,2,13
,2017_60337,39.771063,-104.8470435,6/21/2017 6:47,6:47,3,0,0,39TH AVENUE EAST & PEORIA STREET NORTH,1,1,0,0,1,1,0,,45,0,0,0,0,0,4,2,16
,2017_60338,39.725784,-105.0394455,6/22/2017 10:45,10:45,6,0,1,PERRY STREET & SIXTH AVENUE WEST FRONTAGE NOT CDOT,1,1,0,0,1,4,0,,25,0,0,0,0,2,4,2,3
,2017_60339,39.696759,-105.0138765,6/21/2017 7:15,7:15,15,0,0,MISSISSIPPI AVENUE WEST & VALLEJO STREET SOUTH,1,1,0,0,1,4,0,,30,0,0,0,0,0,4,2,3
,2017_60340,39.736746,-104.9439735,6/21/2017 7:30,7:30,6,0,0,13TH AVENUE & GARFIELD STREET NORTH,1,1,0,0,1,4,0,,30,0,0,0,0,0,4,2,12
,2017_60341,39.729231,-104.922801,6/21/2017 7:34,7:34,12,0,0,EIGHTH AVENUE EAST & HOLLY STREET NORTH,1,1,0,0,1,1,0,,30,0,0,0,0,0,4,2,7
,2017_60342,39.73190582,-104.9861681,6/21/2017 7:40,7:40,15,0,0,LINCOLN STREET & 1000 BLOCK NORTH,1,1,0,0,1,4,0,,30,0,0,0,1,0,4,2,13
,2017_60343,39.730266,-105.019281,6/21/2017 8:09,8:09,12,0,0,BARBERRY PLACE 2600 BLOCK WEST & BRYANT STREET,1,1,0,0,1,4,0,,25,0,0,0,0,0,4,2,14
,2017_60344,39.729087,-104.987412,6/22/2017 13:15,13:15,15,0,0,EIGHTH AVENUE EAST & BROADWAY NORTH,1,1,0,6,1,1,0,,,0,0,0,0,0,4,2,13
,2017_60345,39.735252,-104.9941305,7/10/2017 10:31,10:31,6,0,0,ELATI STREET & 12TH AVENUE WEST,1,1,0,0,1,4,0,,25,0,0,0,0,0,4,2,13
,2017_60346,39.69657,-104.9407425,6/21/2017 8:15,8:15,3,0,0,MISSISSIPPI AVENUE & COLORADO BOULEVARD SOUTH,1,1,0,0,1,2,0,,25,0,0,0,0,0,4,2,13
,2017_60347,39.725658,-104.984865,6/21/2017 8:34,8:34,15,0,0,SIXTH AVENUE EAST & SHERMAN STREET NORTH,1,1,0,0,1,1,0,,30,0,0,0,0,0,4,2,8
,2017_60348,39.754773,-104.9780115,6/21/2017 8:39,8:39,12,0,0,WELTON STREET & 27TH STREET,1,1,0,0,1,3,0,,25,0,0,0,0,0,4,2,7
,2017_60349,39.738339,-104.946165,6/21/2017 8:59,8:59,3,0,0,14TH AVENUE EAST & MADISON STREET NORTH,1,1,0,0,1,1,0,,25,0,0,0,0,1,4,2,8
,2017_60350,39.711186,-104.997132,6/21/2017 9:07,9:07,15,0,0,SANTA FE DRIVE SOUTH & ALAMEDA AVENUE WEST,1,1,0,0,1,1,0,,30,0,0,0,0,1,4,2,14
,2017_60351,39.755952,-104.899005,6/21/2017 9:25,9:25,3,0,0,28TH AVENUE EAST & SYRACUSE STREET NORTH,1,1,0,0,1,1,0,,25,0,0,0,0,0,4,2,7
,2017_60352,39.782385,-104.847093,6/21/2017 10:30,10:30,1,0,0,47TH AVENUE EAST & PEORIA STREET NORTH,1,1,0,0,1,1,0,,40,0,0,0,0,0,4,2,13
,2017_60353,39.760785,-105.020154,6/21/2017 10:37,10:37,5,0,0,DUNKEL PLACE & CAITHNESS PLACE WEST,1,1,0,0,3,4,0,,25,0,0,0,0,0,4,1,14
,2017_60354,39.83338151,-104.771988,6/21/2017 10:59,10:59,12,0,0,TOWER ROAD NORTH & PENA BOULEVARD,1,1,1,0,1,4,0,,40,0,0,0,0,0,4,2,1
,2017_60355,39.678444,-104.931612,6/21/2017 11:03,11:03,12,0,0,EVANS AVENUE 5000 BLOCK EAST & DAHLIA STREET SOUTH,1,1,0,0,1,4,0,,35,0,0,0,0,0,4,3,16
,2017_60356,39.735027,-104.9598315,6/21/2017 11:40,11:40,15,0,0,YORK STREET & 12TH AVENUE EAST,1,1,0,0,1,4,0,,25,0,0,0,0,0,4,2,7
,2017_60357,39.769398,-105.0299505,6/21/2017 11:50,11:50,12,0,0,38TH AVENUE WEST & IRVING,1,2,0,0,1,4,0,,35,0,0,0,0,0,4,2,13
,2017_60358,39.71835,-104.9745915,6/21/2017 12:05,12:05,3,0,0,CORONA STREET NORTH & SPEER BOULEVARD EAST,1,1,0,0,1,1,0,,30,0,0,0,0,0,4,2,13
,2017_60359,39.676608,-104.959386,6/21/2017 12:07,12:07,12,0,0,UNIVERSITY BOULEVARD 2200 BLOCK SOUTH & WARREN AVENUE EAST,1,1,0,0,1,3,0,,30,0,0,0,0,0,4,2,1
,2017_60360,39.783816,-104.7816855,6/21/2017 12:20,12:20,12,0,0,TELLURIDE STREET NORTH & GREEN VALLEY RANCH BOULEVARD EAST,1,1,0,0,1,3,0,,25,0,0,0,0,0,4,2,7
,2017_60361,39.737259,-104.908131,6/21/2017 13:07,13:07,15,0,0,13TH AVENUE 6800 BLOCK EAST & ONEIDA STREET,1,1,0,0,1,4,0,,,0,0,0,0,0,4,2,13
,2017_60362,39.785724,-104.883093,6/21/2017 13:19,13:19,3,0,0,CENTRAL PARK BOULEVARD NORTH & NORTHFIELD BOULEVARD EAST,1,1,0,0,1,1,0,,40,0,0,0,0,0,4,2,13
,2017_60363,39.696579,-104.959323,6/21/2017 13:30,13:30,12,0,0,UNIVERSITY BOULEVARD & MISSISSIPPI AVENUE EAST,1,1,0,1,1,4,0,,30,0,0,0,0,0,4,2,13
,2017_60364,39.781782,-104.772267,6/21/2017 13:54,13:54,3,0,0,TOWER ROAD NORTH & 47TH AVENUE EAST,1,1,0,0,1,1,0,,40,0,0,0,0,0,4,2,3
,2017_60365,39.736836,-104.9902335,6/21/2017 14:05,14:05,10,0,0,BANNOCK STREET & 13TH AVENUE WEST,1,1,0,0,1,4,0,,30,0,0,0,0,0,4,2,8
,2017_60366,39.696624,-104.9874525,6/21/2017 14:12,14:12,15,0,0,BROADWAY STREET 1000 BLOCK SOUTH & MISSISSIPPI AVENUE,1,1,0,0,1,4,1,,30,0,0,0,0,0,4,2,14
,2017_60367,39.72564,-104.9811345,6/21/2017 15:10,15:10,3,0,0,PENNSYLVANIA STREET NORTH & SIXTH AVENUE EAST,1,1,0,0,1,1,0,,25,0,0,0,0,0,4,2,13
,2017_60368,39.733848,-104.992956,6/21/2017 15:31,15:31,6,0,0,DELAWARE STREET & 11TH AVENUE WEST,1,1,0,0,1,2,0,,,0,0,0,0,0,4,2,13
,2017_60369,39.766977,-104.968422,6/21/2017 15:41,15:41,15,0,0,36TH AVENUE & FRANKLIN STREET NORTH,1,1,0,0,1,4,0,,25,0,0,0,0,0,4,2,13
,2017_60370,39.748122,-104.993595,6/21/2017 15:55,15:55,10,0,0,17TH STREET & CURTIS STREET,1,1,0,0,1,3,0,,30,0,0,0,0,0,4,2,8
,2017_60371,39.74598,-104.9980725,6/21/2017 15:57,15:57,15,0,0,ARAPAHOE STREET & 14TH STREET,1,1,0,0,1,4,0,,25,0,0,0,0,0,4,2,1
,2017_60372,39.720933,-105.000192,6/21/2017 16:06,16:06,15,0,0,THIRD AVENUE WEST & KALAMATH STREET NORTH,1,1,0,0,1,1,0,,30,0,0,0,0,0,4,2,13
,2017_60373,39.728934,-104.992866,6/21/2017 16:31,16:31,3,0,0,EIGHTH AVENUE WEST & DELAWARE STREET NORTH,1,1,0,0,1,1,0,,40,0,0,0,0,1,4,2,8
,2017_60374,39.682287,-105.053202,6/21/2017 16:40,16:40,3,0,0,JEWELL AVENUE WEST & SHERIDAN BOULEVARD SOUTH,1,1,0,0,1,2,0,,30,0,0,0,0,1,4,2,7
,2017_60375,39.729204,-104.9383035,6/21/2017 18:23,18:23,12,0,0,EIGHTH AVENUE EAST & ASH STREET,1,1,0,0,1,1,0,,30,0,0,0,0,0,4,2,12
,2017_60376,39.740022,-104.998824,6/21/2017 18:35,18:35,12,0,0,SPEER BOULEVARD 1400 BLOCK NORTH & COLFAX AVENUE WEST,1,1,1,0,1,4,0,,35,0,0,0,0,0,4,2,3
,2017_60377,39.616758,-105.0716205,6/21/2017 18:51,18:51,5,0,0,GRANT RANCH BOULEVARD WEST & DORADO DRIVE WEST,1,1,0,0,2,4,0,,30,0,0,0,0,0,4,1,3
,2017_60378,39.689343,-104.9223105,6/22/2017 9:59,9:59,12,0,0,HOLLY STREET SOUTH & FLORIDA AVENUE EAST,1,1,0,0,1,4,0,,30,0,0,0,0,0,4,2,14
,2017_60379,39.713094,-104.9129415,6/21/2017 21:24,21:24,1,0,0,MONACO STREET SOUTH & CEDAR AVENUE EAST,1,3,0,0,1,1,0,,35,0,0,0,0,0,4,2,1
,2017_60380,39.833208,-104.6797155,7/10/2017 11:54,11:54,5,0,0,PENA BOULEVARD & 75TH AVENUE EAST,1,1,0,0,2,4,0,,55,0,0,0,0,0,4,1,2
,2017_60381,39.752676,-104.9946705,6/21/2017 22:35,22:35,15,0,0,19TH STREET & MARKET STREET,1,3,0,0,1,1,0,,30,0,0,0,0,0,4,2,13
,2017_60382,39.783645,-104.7675465,6/22/2017 1:34,1:34,5,0,1,GREEN VALLEY RANCH BOULEVARD EAST & ANDES COURT NORTH,1,3,1,0,2,1,0,,35,0,0,0,0,2,4,1,5
,2017_60383,39.738474,-105.039324,6/22/2017 6:22,6:22,14,0,0,14TH AVENUE 4000 BLOCK WEST & PERRY STREET NORTH,1,1,0,0,1,4,0,,25,0,0,0,0,1,4,2,5
,2017_60385,39.744828,-104.967225,6/22/2017 8:40,8:40,1,0,0,18TH AVENUE EAST & GILPIN STREET NORTH,1,1,0,0,1,1,0,,30,0,0,0,0,0,4,2,13
,2017_60386,39.728907,-104.998644,6/22/2017 9:07,9:07,3,0,0,EIGHTH AVENUE WEST & SANTA FE DRIVE NORTH,1,1,0,0,1,3,0,,35,0,0,0,1,1,4,2,14
,2017_60387,39.77570929,-104.846904,6/22/2017 9:41,9:41,12,0,0,PEORIA STREET 4300 BLOCK NORTH & 44TH AVENUE EAST,1,1,0,0,1,3,0,,35,0,0,0,0,0,4,2,12
,2017_60388,39.678435,-104.912892,6/22/2017 9:49,9:49,12,0,0,EVANS AVENUE & MONACO STREET SOUTH,1,1,0,0,1,4,0,,30,0,0,0,0,0,4,2,14
,2017_60389,39.778794,-104.824692,6/24/2017 1:13,1:13,6,0,0,ANDREWS DRIVE EAST & 46TH AVENUE EAST,1,3,0,0,1,1,0,,25,0,0,0,0,0,4,2,5
,2017_60390,39.74742,-104.916321,6/22/2017 10:25,10:25,3,0,1,KRAMERIA STREET NORTH & MONTVIEW BOULEVARD EAST,1,1,0,0,1,1,0,,25,0,0,0,0,2,4,2,15
,2017_60391,39.798396,-104.786415,6/22/2017 10:35,10:35,5,0,1,PENA BOULEVARD & 56TH AVENUE EAST,1,1,3,0,3,4,0,,65,0,0,0,0,2,4,1,10
,2017_60392,39.711366,-104.912964,6/22/2017 11:56,11:56,12,0,0,MONACO STREET SOUTH & ALAMEDA AVENUE EAST,1,1,0,0,1,3,0,,35,0,0,0,0,0,4,2,13
,2017_60393,39.738375,-104.964741,6/27/2017 10:42,10:42,6,0,0,14TH AVENUE & HIGH STREET NORTH,1,1,0,0,1,4,0,,30,0,0,0,0,0,4,2,8
,2017_60395,39.711186,-104.997132,6/22/2017 12:34,12:34,15,0,0,SANTA FE DRIVE SOUTH & ALAMEDA AVENUE WEST,1,1,1,0,1,3,0,,35,0,0,0,0,1,4,3,1
,2017_60396,39.711366,-104.912964,6/22/2017 12:45,12:45,1,0,0,ALAMEDA AVENUE EAST & MONACO STREET SOUTH,1,1,0,0,1,1,0,,35,0,0,0,0,0,4,2,13
,2017_60397,39.683997,-104.9793255,6/22/2017 13:20,13:20,3,0,0,COLORADO AVENUE 600 BLOCK EAST & WASHINGTON STREET SOUTH,1,1,0,0,1,5,0,,15,0,0,0,0,0,4,2,13
,2017_60398,39.7754056,-105.0204354,6/22/2017 14:16,14:16,12,0,0,CLAY STREET 4300 BLOCK NORTH & 44TH AVENUE WEST,1,1,0,0,1,3,0,,25,0,0,0,0,0,4,2,1
,2017_60399,39.689514,-105.0203655,6/22/2017 14:24,14:24,3,0,0,CLAY STREET SOUTH & FLORIDA AVENUE WEST,1,1,1,0,1,1,0,,25,0,0,0,0,1,4,2,7
,2017_60400,39.69666,-104.8917105,6/22/2017 14:42,14:42,15,0,0,MISSISSIPPI AVENUE 8000 BLOCK EAST & VALENTIA STREET SOUTH,1,1,0,0,1,4,0,,30,0,0,0,0,0,4,2,13
,2017_60401,39.72393,-104.8839413,6/22/2017 16:00,16:00,15,0,0,LOWRY BOULEVARD EAST ROUNDABOUT & YOSEMITE STREET NORTH,1,1,0,0,1,6,0,,15,0,0,0,0,0,4,2,8
,2017_60402,39.776607,-105.020523,6/22/2017 16:35,16:35,3,0,0,CLAY STREET NORTH & 44TH AVENUE WEST,1,1,0,0,1,1,0,,25,0,0,0,0,0,4,2,13
,2017_60403,39.716235,-104.949963,7/4/2017 12:17,12:17,5,0,0,STEELE STREET & ELLSWORTH AVENUE EAST,1,1,1,0,2,4,0,,30,0,0,0,0,0,4,1,1
,2017_60404,39.76929,-105.0252435,6/22/2017 17:03,17:03,12,0,0,38TH AVENUE & FEDERAL BOULEVARD NORTH,1,1,0,0,1,4,0,,35,0,0,0,0,0,4,2,13
,2017_60405,39.678552,-104.9828715,6/25/2017 2:40,2:40,12,0,0,EVANS AVENUE & LOGAN STREET SOUTH,1,3,0,0,1,3,0,,,0,0,0,0,0,4,2,13
,2017_60406,39.768147,-104.972121,6/22/2017 17:24,17:24,3,0,1,37TH AVENUE EAST & MARION STREET NORTH,1,1,0,0,1,1,0,,40,0,0,0,0,2,4,2,7
,2017_60407,39.762864,-104.9270558,7/1/2017 15:30,15:30,6,0,0,THRILL PLACE & 5253 EAST,1,1,0,0,1,4,0,,,0,0,0,0,0,4,2,13
,2017_60408,39.766014,-104.975712,6/22/2017 17:40,17:40,3,0,0,34TH STREET & LARIMER STREET,1,1,0,0,1,1,0,,25,0,0,0,0,0,4,2,13
,2017_60409,39.765636,-105.01119,6/22/2017 18:01,18:01,3,0,0,TEJON STREET NORTH & 35TH AVENUE WEST,1,1,0,0,1,1,0,,30,0,0,0,0,0,4,2,13
,2017_60410,39.682017,-104.959395,6/22/2017 18:40,18:40,12,0,0,UNIVERSITY BOULEVARD 1900 BLOCK SOUTH & JEWELL AVENUE EAST,1,1,0,0,1,4,0,,30,0,0,0,0,1,4,3,3
,2017_60411,39.72933,-105.019236,6/22/2017 18:46,18:46,10,0,0,EIGHTH AVENUE WEST & BRYANT STREET NORTH,1,1,0,0,1,1,0,,35,0,0,0,0,0,4,2,1
,2017_60412,39.696615,-104.912973,6/22/2017 21:00,21:00,6,0,0,MONACO STREET SOUTH & MISSISSIPPI AVENUE EAST,1,3,0,0,1,4,0,,35,0,0,0,0,1,4,2,5
,2017_60413,39.676788,-105.02271,6/22/2017 22:25,22:25,3,0,0,WARREN AVENUE & DECATUR STREET,1,3,0,0,1,2,0,,25,0,0,0,0,1,4,2,13
,2017_60414,39.701322,-105.0250905,6/22/2017 22:44,22:44,6,0,0,ADA PLACE WEST & FEDERAL BOULEVARD SOUTH,1,3,0,0,1,4,0,,25,0,0,0,0,1,4,2,14
,2017_60415,39.733839,-104.9873895,6/22/2017 22:47,22:47,6,0,0,11TH AVENUE & 2190 EAST 11TH AVENUE,1,3,0,0,1,4,0,,30,0,0,0,0,0,4,2,5
,2017_60416,39.732021,-104.981031,6/22/2017 23:00,23:00,6,0,0,10TH AVENUE & PENNSYLVANIA STREET NORTH,1,3,0,0,1,4,0,,30,0,0,0,0,0,4,2,7
,2017_60417,39.83358199,-104.7220845,6/23/2017 6:40,6:40,5,0,0,PENA BOULEVARD 7500 BLOCK & 75TH AVENUE EAST,2,1,0,1,2,4,0,,55,0,0,0,0,0,4,1,14
,2017_60418,39.678363,-104.9536845,6/23/2017 6:55,6:55,12,0,0,EVANS AVENUE 2900 BLOCK EAST & FILLMORE STREET SOUTH,2,1,0,1,1,4,0,,35,0,0,0,0,0,4,2,13
,2017_60419,39.687804,-104.962851,6/23/2017 7:35,7:35,5,0,0,IOWA AVENUE EAST & VINE STREET SOUTH,2,1,0,1,3,1,0,,25,0,0,0,0,0,4,1,3
,2017_60420,39.733695,-104.9787135,6/23/2017 8:39,8:39,3,0,0,11TH AVENUE EAST & WASHINGTON STREET NORTH,2,1,0,1,1,1,0,,30,0,0,0,0,0,4,2,1
,2017_60421,39.712932,-104.9827815,6/23/2017 11:12,11:12,3,0,0,LOGAN STREET SOUTH & CEDAR AVENUE EAST,1,1,0,0,1,1,0,,25,0,0,0,0,0,4,2,7
,2017_60422,39.775167,-104.7424005,6/23/2017 11:23,11:23,4,0,0,42ND AVENUE EAST & MALAYA STREET NORTH,1,1,0,0,1,4,0,,25,0,0,0,0,0,4,2,3
,2017_60423,39.678462,-104.956515,6/23/2017 11:49,11:49,3,0,0,COLUMBINE STREET SOUTH & EVANS AVENUE EAST,1,1,0,0,1,1,0,,30,0,0,0,0,0,4,2,13
,2017_60424,39.785607,-105.034581,6/23/2017 12:20,12:20,5,0,0,LOWELL BOULEVARD & 49TH AVENUE WEST,1,1,0,0,1,4,0,,35,0,0,0,0,0,4,2,13
,2017_60425,39.742848,-104.9721615,6/23/2017 13:02,13:02,3,0,0,PARK AVENUE & MARION STREET NORTH,1,1,0,0,1,1,0,,40,0,0,0,0,0,4,2,7
,2017_60426,39.88808971,-104.6754949,6/23/2017 13:45,13:45,12,0,0,71ST AVENUE 26700 BLOCK EAST & QUEENSBURG STREET NORTH,1,1,0,0,1,4,0,,,0,0,0,0,0,4,4,12
,2017_60427,39.76929,-105.0252435,6/23/2017 14:44,14:44,15,0,0,38TH AVENUE & FEDERAL BOULEVARD NORTH,1,1,0,0,6,4,0,,35,0,0,0,0,0,4,2,1
,2017_60428,39.741633,-104.967225,6/23/2017 14:47,14:47,3,0,0,16TH AVENUE EAST & GILPIN STREET NORTH,1,1,0,0,1,1,0,,30,0,0,0,0,0,4,2,1
,2017_60429,39.751452,-104.9979645,6/23/2017 15:10,15:10,15,0,0,17TH STREET 1500 BLOCK & BLAKE STREET,1,5,0,0,1,4,0,,30,0,0,0,0,0,4,2,13
,2017_60430,39.780621,-104.841774,6/23/2017 15:20,15:20,6,0,0,TULSA COURT NORTH & 46TH AVENUE EAST,1,1,0,0,1,3,0,,,0,0,0,0,0,4,2,13
,2017_60431,39.741606,-104.98995,6/23/2017 15:31,15:31,12,0,0,COURT PLACE & 15TH STREET,1,1,0,0,1,3,0,,30,0,0,0,0,0,4,2,8
,2017_60432,39.769263,-105.004161,7/5/2017 14:45,14:45,5,0,0,38TH AVENUE & NAVAJO STREET NORTH,1,1,0,0,1,4,0,,35,0,0,0,0,0,4,1,14
,2017_60433,39.78341097,-104.9316178,6/23/2017 16:56,16:56,12,0,0,46TH AVENUE EAST & 48TH AVENUE EAST,1,1,0,0,1,4,0,,30,0,0,0,0,1,4,2,14
,2017_60434,39.774528,-104.9223105,6/23/2017 17:17,17:17,5,0,0,HOLLY STREET NORTH & SMITH ROAD EAST,1,1,0,0,1,4,0,,30,0,0,0,0,0,4,1,16
,2017_60435,39.729114,-104.942916,6/23/2017 18:30,18:30,12,0,0,EIGHTH AVENUE EAST & JACKSON STREET NORTH,1,1,0,0,1,4,0,,35,0,0,0,0,1,4,2,5
,2017_60436,39.755952,-104.899005,6/23/2017 18:48,18:48,3,0,0,28TH AVENUE EAST & SYRACUSE STREET NORTH,1,1,0,0,1,1,0,,30,0,0,0,0,0,4,2,14