id,drcog_id,latitude,longitude,crashtime,time,crashtype,numbkilled,numbinjurd,drcoglocat,rdconditin,lightngcon,roadcntgrd,weatherco,location,roaddescrp,constrzone,schoolzone,splimit,bikeinv,pedinv,sctrinv,motoinv,svrty,rdsystem,ttlvehcls,hcf
,2017_60437,39.765726,-104.9948415,6/23/2017 19:34,19:34,1,0,0,GLOBEVILLE ROAD NORTH & PARK AVENUE WEST,1,1,0,0,1,1,0,,35,0,0,0,0,1,4,3,14
,2017_60438,39.765636,-104.9034645,6/23/2017 20:00,20:00,3,0,0,35TH AVENUE EAST & QUEBEC STREET NORTH,1,2,0,0,1,1,0,,,0,0,0,0,0,4,2,13
,2017_60439,39.762954,-104.981373,6/23/2017 20:04,20:04,10,0,0,30TH STREET & WALNUT STREET,1,1,0,0,1,1,0,,30,0,0,0,1,1,4,2,13
,2017_60440,39.71655,-105.033681,6/23/2017 20:05,20:05,6,0,0,KING STREET & 870 NORTH KING STREET,1,3,0,0,1,4,0,,30,0,0,0,0,0,4,2,14
,2017_60441,39.738393,-104.9684445,6/23/2017 21:03,21:03,15,0,0,14TH AVENUE EAST & FRANKLIN STREET NORTH,1,3,0,0,1,4,0,,30,0,0,0,0,0,4,2,13
,2017_60442,39.75498,-104.995143,6/23/2017 21:57,21:57,1,0,0,20TH STREET & WAZEE STREET,1,3,1,0,1,1,0,,30,0,0,0,0,0,4,2,13
,2017_60443,39.760749,-104.959782,6/23/2017 22:13,22:13,1,0,0,31ST AVENUE EAST & YORK STREET NORTH,1,3,0,0,1,1,0,,30,0,0,0,0,1,4,2,7
,2017_60444,39.678363,-104.959404,6/23/2017 22:59,22:59,8,0,0,EVANS AVENUE EAST & UNIVERSITY BOULEVARD SOUTH,1,3,0,0,1,1,0,,35,0,0,0,0,0,4,2,1
,2017_60445,39.741642,-104.9721525,6/24/2017 0:36,0:36,3,0,0,MARION STREET NORTH & 16TH AVENUE EAST,1,4,0,0,1,1,0,,25,0,0,0,0,1,4,2,5
,2017_60446,39.759984,-104.8788135,6/24/2017 2:30,2:30,12,0,0,MLK BOULEVARD EAST & BELLER STREET NORTH,1,4,0,0,1,1,0,,35,0,0,0,0,0,4,2,16
,2017_60447,39.783879,-104.8117905,6/24/2017 8:29,8:29,3,0,0,GATEWAY AVENUE EAST & FRASER WAY NORTH,1,1,0,0,1,1,0,,25,0,0,0,0,0,4,2,13
,2017_60448,39.742245,-104.99076,6/24/2017 16:45,16:45,6,0,0,TREMONT PLACE & 15TH STREET,1,1,0,0,3,3,0,,25,0,0,0,0,0,4,2,1
,2017_60449,39.700242,-104.987511,6/24/2017 10:40,10:40,15,0,0,BROADWAY SOUTH & KENTUCKY AVENUE WEST,1,1,0,0,1,4,0,,30,0,0,0,0,0,4,2,13
,2017_60450,39.725622,-104.977566,6/24/2017 11:27,11:27,10,0,0,SIXTH AVENUE EAST & CLARKSON STREET NORTH,1,1,0,0,1,2,0,,30,0,0,0,0,0,4,2,13
,2017_60451,39.678426,-104.9395905,6/24/2017 12:09,12:09,1,0,1,EVANS AVENUE EAST & ALBION STREET SOUTH,1,1,0,0,1,1,0,,35,0,0,0,0,2,4,2,8
,2017_60452,39.656484,-105.0612525,6/24/2017 13:15,13:15,12,0,0,DARTMOUTH AVENUE WEST & HOBART WAY SOUTH,1,1,0,0,1,1,0,,25,0,0,0,0,0,4,3,13
,2017_60453,39.680289,-104.987583,6/24/2017 13:20,13:20,12,0,0,BROADWAY STREET 1900 BLOCK SOUTH & ASBURY AVENUE WEST,1,1,0,0,1,4,0,,35,0,0,0,0,0,4,2,13
,2017_60454,39.744801,-104.9861205,6/24/2017 14:05,14:05,10,0,0,LINCOLN STREET NORTH & 18TH AVENUE EAST,1,1,0,0,1,1,0,,30,0,0,0,0,0,4,2,8
,2017_60455,39.837969,-104.6928825,6/24/2017 14:10,14:10,3,0,0,78TH AVENUE & JACKSON GAP ROAD,1,1,0,0,1,2,0,,45,0,0,0,0,0,4,2,13
,2017_60456,39.751731,-104.9958765,6/24/2017 14:38,14:38,12,0,0,MARKET STREET & 18TH STREET,1,1,0,0,1,4,0,,25,0,0,0,0,1,4,2,13
,2017_60457,39.72627,-105.0002055,6/24/2017 14:53,14:53,10,0,0,KALAMATH STREET NORTH & SIXTH AVENUE WEST,1,1,0,0,1,1,0,,30,0,0,0,0,0,4,2,13
,2017_60458,39.741678,-104.982354,6/24/2017 16:04,16:04,10,0,0,LOGAN STREET NORTH & 16TH AVENUE EAST,1,1,0,0,1,1,0,,35,0,0,0,0,0,4,2,14
,2017_60459,39.73383,-104.984874,6/25/2017 4:29,4:29,12,0,0,SHERMAN STREET & 11TH AVENUE EAST,1,3,1,0,1,4,0,,,0,0,0,0,0,4,2,13
,2017_60460,39.689334,-104.912901,6/24/2017 16:13,16:13,14,0,0,MONACO STREET & FLORIDA AVENUE EAST,1,1,0,0,1,2,0,,30,0,0,0,0,0,4,2,13
,2017_60461,39.743775,-104.8951845,6/24/2017 16:31,16:31,1,0,1,17TH AVENUE EAST & TAMARAC STREET NORTH,1,1,0,0,1,1,0,,30,0,0,0,0,2,4,2,1
,2017_60462,39.748122,-105.0042735,6/24/2017 16:42,16:42,12,0,0,AURARIA PARKWAY & 12TH STREET,1,1,0,0,1,1,0,,35,0,0,0,0,0,4,2,13
,2017_60463,39.744846,-104.9748075,6/24/2017 18:06,18:06,12,0,0,18TH AVENUE EAST & OGDEN STREET NORTH,1,1,0,0,1,4,0,,45,0,0,0,0,0,4,2,14
,2017_60464,39.774204,-104.994801,6/24/2017 18:32,18:32,6,0,0,FOX STREET & 42ND AVENUE WEST,1,1,0,0,1,4,0,,35,0,0,0,0,1,4,4,5
,2017_60465,39.763233,-105.008013,6/24/2017 18:45,18:45,6,0,0,QUIVAS STREET NORTH & 33RD AVENUE WEST,1,1,0,0,1,4,0,,25,0,0,0,0,0,4,2,13
,2017_60466,39.744657,-104.9963625,6/24/2017 20:00,20:00,15,0,0,CHAMPA STREET & 14TH STREET,1,2,0,0,1,1,0,,30,0,0,0,0,0,4,2,14
,2017_60467,39.732282,-104.98338,6/24/2017 21:33,21:33,15,0,0,GRANT STREET 1000 BLOCK NORTH & 11TH AVENUE EAST,1,3,1,0,1,4,0,,35,0,0,0,0,0,4,2,3
,2017_60468,39.781782,-104.775615,6/24/2017 23:30,23:30,6,0,0,47TH AVENUE EAST & WALDEN WAY NORTH,1,3,0,0,1,4,0,,,0,0,0,0,0,4,2,13
,2017_60469,39.696687,-104.996835,6/25/2017 0:04,0:04,12,0,0,MISSISSIPPI AVENUE WEST & HURON STREET SOUTH,1,3,0,0,1,4,0,,35,0,0,0,0,0,4,2,5
,2017_60470,39.752262,-104.991804,6/25/2017 22:40,22:40,5,0,1,LAWRENCE STREET & 20TH STREET,1,3,0,0,2,7,0,,30,0,0,0,0,2,4,1,5
,2017_60471,39.716235,-104.922252,6/25/2017 1:00,1:00,4,0,0,HOLLY STREET & 951 SOUTH HOLLY STREET,1,3,0,0,1,4,0,,30,0,0,0,0,0,4,2,3
,2017_60472,39.719349,-104.9862645,6/25/2017 1:09,1:09,3,0,0,LINCOLN STREET NORTH & SECOND AVENUE EAST,1,3,0,0,1,1,0,,35,0,0,0,0,0,4,2,2
,2017_60473,39.69909,-105.0082155,6/25/2017 1:15,1:15,6,0,0,QUIETO WAY & KENTUCKY AVENUE WEST,1,4,0,0,1,4,0,,25,0,0,0,0,0,4,2,5
,2017_60474,39.71835,-104.9745915,6/25/2017 7:51,7:51,3,0,0,CORONA STREET NORTH & SPEER BOULEVARD EAST NORTHBOUND,1,1,0,0,1,1,0,,30,0,0,0,0,0,4,2,13
,2017_60475,39.735243,-104.9873805,6/25/2017 10:47,10:47,15,0,0,BROADWAY STREET & 12TH AVENUE WEST,1,1,0,0,1,4,0,,30,0,0,0,0,0,4,5,13
,2017_60476,39.780207,-104.985252,6/25/2017 13:27,13:27,6,0,0,LINCOLN STREET 4600 BLOCK NORTH & 46TH AVENUE WEST,1,1,0,0,1,4,0,,25,0,0,0,0,0,4,2,3
,2017_60477,39.656853,-105.066783,6/27/2017 17:52,17:52,5,0,0,KENDALL STREET SOUTH & WEST FLORA PLACE,1,1,0,0,2,4,0,,25,0,0,0,0,1,4,1,1
,2017_60478,39.729717,-104.9912235,6/25/2017 13:30,13:30,12,0,0,BANNOCK STREET NORTH & SPEER BOULEVARD NORTH,1,1,0,0,1,3,0,,30,0,0,0,0,0,4,2,13
,2017_60479,39.707496,-104.9827905,6/25/2017 14:10,14:10,6,0,0,LOGAN STREET & VIRGINIA AVENUE EAST,1,1,0,0,1,4,0,,30,0,0,0,0,0,4,3,3
,2017_60480,39.676482,-105.0437835,6/25/2017 14:30,14:30,6,0,0,TENNYSON WAY & WARREN AVENUE WEST,1,1,0,0,1,4,0,,25,0,0,0,1,0,4,2,13
,2017_60481,39.7467,-104.9989815,6/25/2017 15:53,15:53,15,0,0,14TH STREET & LAWRENCE STREET,1,1,0,0,1,1,0,,,0,0,0,0,0,4,3,13
,2017_60482,39.728934,-104.9906115,6/25/2017 19:29,19:29,3,0,1,EIGHTH AVENUE WEST & SPEER BOULEVARD NORTH,1,2,0,0,1,1,0,,35,0,0,0,0,2,4,2,14
,2017_60483,39.794067,-104.810553,6/25/2017 20:55,20:55,6,0,0,GRANBY STREET 5500 NORTH & LACKLAND PLACE EAST,1,2,0,0,1,4,0,,,0,0,0,0,0,4,2,13
,2017_60484,39.6432,-104.885154,6/25/2017 22:38,22:38,12,0,0,YOSEMITE STREET SOUTH & NASSAU AVENUE EAST,1,3,0,0,1,1,0,,,0,0,0,0,0,4,2,7
,2017_60485,39.707667,-105.0350625,6/25/2017 23:41,23:41,6,0,0,VIRGINIA AVENUE & LOWELL BOULEVARD SOUTH,1,4,0,0,1,4,0,,25,0,0,0,0,0,4,2,14
,2017_60486,39.798297,-104.88447,6/25/2017 23:48,23:48,12,0,0,56TH AVENUE & CENTRAL PARK BOULEVARD,1,3,0,0,1,4,0,,,0,0,0,0,0,4,2,13
,2017_60487,39.706587,-105.046083,6/26/2017 4:03,4:03,6,0,0,CUSTER PLACE WEST & UTICA STREET SOUTH,1,3,0,0,1,4,0,,25,0,0,0,0,0,4,3,2
,2017_60488,39.741597,-104.9598135,6/26/2017 6:51,6:51,3,0,0,16TH AVENUE EAST & YORK STREET NORTH,1,1,0,0,1,1,0,,30,0,0,0,0,1,4,2,7
,2017_60489,39.678435,-104.922234,6/26/2017 7:08,7:08,1,0,0,HOLLY STREET SOUTH & EVANS AVENUE EAST,1,1,0,0,1,1,0,,35,0,0,0,0,0,4,3,4
,2017_60490,39.718368,-105.0532785,6/26/2017 7:14,7:14,12,0,2,FIRST AVENUE 5100 BLOCK WEST & SHERIDAN BOULEVARD NORTH,1,1,1,0,1,4,0,,30,0,0,0,0,2,4,3,16
,2017_60491,39.743388,-104.9234355,6/26/2017 7:57,7:57,3,0,0,17TH AVENUE EAST & HUDSON STREET NORTH,1,1,0,0,1,1,0,,25,0,0,0,0,1,4,2,8
,2017_60492,39.7368,-104.9598225,6/26/2017 8:06,8:06,15,0,0,13TH AVENUE & YORK STREET NORTH,1,1,0,0,1,4,0,,30,0,0,0,0,0,4,2,13
,2017_60493,39.724137,-104.986314,6/26/2017 8:24,8:24,14,0,0,FIFTH AVENUE EAST & LINCOLN STREET NORTH,1,1,0,0,1,1,0,,25,0,0,0,0,0,4,2,3
,2017_60494,39.755988,-104.9868855,6/26/2017 8:36,8:36,3,0,0,24TH STREET & LAWRENCE STREET,1,1,0,0,1,1,0,,25,0,0,0,0,0,4,2,1
,2017_60495,39.745755,-105.000174,6/26/2017 8:39,8:39,15,0,0,SPEER BOULEVARD NORTH & LAWRENCE STREET,1,1,0,0,1,3,0,,35,0,0,0,0,0,4,2,14
,2017_60496,39.67128,-104.9828355,6/26/2017 9:15,9:15,3,0,0,LOGAN STREET SOUTH & HARVARD AVENUE EAST,1,1,0,0,1,1,0,,25,0,0,0,0,0,4,2,4
,2017_60497,39.778389,-105.0497865,6/26/2017 10:55,10:55,6,0,0,XAVIER STREET & 45TH STREET,1,1,0,0,1,4,0,,25,0,0,0,0,0,4,2,14
,2017_60498,39.778722,-104.9222925,6/26/2017 11:34,11:34,10,0,0,HOLLY STREET NORTH & STAPLETON NORTH DRIVE EAST,1,1,0,0,1,1,0,,30,0,0,0,0,0,4,2,13
,2017_60499,39.719529,-104.899473,6/26/2017 12:07,12:07,12,0,0,ROSLYN STREET NORTH & FIRST AVENUE EAST,1,1,0,0,1,3,0,,25,0,0,0,0,0,4,2,13
,2017_60500,39.696624,-104.9827815,7/2/2017 17:57,17:57,9,0,1,MISSISSIPPI AVENUE EAST & LOGAN STREET SOUTH,1,1,0,0,1,1,0,,30,0,0,0,0,2,4,1,5
,2017_60501,39.76747082,-104.9325516,7/4/2017 5:20,5:20,6,0,0,DEXTER COURT & 3526 NORTH ADA PLACE,1,2,0,0,1,4,0,,25,0,0,0,0,0,4,3,2
,2017_60502,39.73842,-104.987394,6/26/2017 12:45,12:45,15,0,0,14TH AVENUE 000 BLOCK WEST & BROADWAY STREET NORTH,1,1,0,0,1,4,0,,30,0,0,0,0,0,4,2,13
,2017_60503,39.741606,-104.98995,6/26/2017 13:15,13:15,6,0,0,15TH STREET 200 BLOCK & COURT PLACE,1,1,0,0,1,4,0,,,0,0,0,0,0,4,2,13
,2017_60504,39.651102,-104.8848435,6/26/2017 13:27,13:27,3,0,0,YOSEMITE STREET SOUTH & JEFFERSON AVENUE EAST,1,1,0,0,1,1,0,,35,0,0,0,0,1,4,2,14
,2017_60505,39.735243,-104.9873805,6/26/2017 13:50,13:50,10,0,0,BROADWAY NORTH & 12TH AVENUE,1,1,0,0,1,1,0,,30,0,0,0,0,0,4,2,13
,2017_60506,39.713508,-104.998284,6/26/2017 14:23,14:23,15,0,0,SANTA FE DRIVE SOUTH & CEDAR AVENUE WEST,1,1,0,0,1,4,0,,35,0,0,0,0,0,4,2,13
,2017_60507,39.773862,-105.043995,10/27/2017 9:00,9:00,6,0,0,42ND AVENUE & TENNYSON STREET NORTH,14,5,0,0,1,4,0,,25,0,0,0,0,0,4,2,13
,2017_60508,39.695283,-104.912973,6/26/2017 14:44,14:44,6,0,1,MONACO STREET & ARIZONA AVENUE EAST,1,1,0,0,1,4,0,,35,0,0,0,0,2,4,2,14
,2017_60509,39.754755,-105.0045075,6/26/2017 15:01,15:01,6,0,0,BASSETT CIRCLE & 16TH STREET,1,1,0,0,1,4,0,,25,0,0,0,0,0,4,2,8
,2017_60510,39.711546,-104.9461605,6/26/2017 15:45,15:45,12,0,0,ALAMEDA AVENUE EAST & MADISON STREET SOUTH,1,1,0,0,1,4,0,,30,0,0,0,0,0,4,2,13
,2017_60511,39.689505,-105.0227325,6/26/2017 16:47,16:47,12,0,0,FLORIDA AVENUE WEST & DECATUR STREET SOUTH,1,1,1,0,1,1,0,,30,0,0,0,0,0,4,2,12
,2017_60512,39.741426,-104.9988915,6/27/2017 9:36,9:36,3,0,0,SPEER BOULEVARD NORTH & STOUT STREET,1,1,0,0,1,1,0,,35,0,0,0,0,0,4,2,12
,2017_60513,39.742002,-104.99283,6/26/2017 16:50,16:50,12,0,0,GLENARM STREET & 14TH STREET,1,1,0,0,1,3,0,,30,0,0,0,0,0,4,3,3
,2017_60514,39.728232,-105.0394635,6/26/2017 16:53,16:53,3,0,1,SEVENTH AVENUE WEST & PERRY STREET NORTH,1,1,0,0,1,1,0,,25,0,0,0,0,2,4,3,5
,2017_60515,39.748257,-104.998662,6/26/2017 17:02,17:02,6,0,0,LARIMER STREET & 15TH STREET,1,1,0,0,1,4,0,,25,0,0,0,0,0,4,2,13
,2017_60516,39.771063,-104.8470435,6/26/2017 17:07,17:07,10,0,0,39TH AVENUE EAST & PEORIA STREET NORTH,1,1,0,0,1,4,0,,25,0,0,0,0,0,4,2,8
,2017_60517,39.762108,-105.0300315,6/26/2017 17:15,17:15,5,0,0,32ND AVENUE WEST & IRVING STREET NORTH,1,1,0,0,3,1,0,,30,0,0,0,0,0,4,1,3
,2017_60518,39.714723,-104.981517,6/26/2017 18:27,18:27,6,0,0,BAYAUD AVENUE EAST & PENNSYLVANIA STREET SOUTH,1,3,0,0,1,4,0,,25,0,0,0,0,0,4,2,14
,2017_60519,39.758949,-104.8807755,6/26/2017 18:32,18:32,5,0,0,29TH PLACE EAST & ALTON COURT NORTH,1,1,0,0,3,1,0,,25,0,0,0,0,0,4,1,7
,2017_60520,39.774348,-104.8401405,6/26/2017 19:20,19:20,12,0,0,42ND AVENUE & CROWN BOULEVARD,1,2,3,0,1,4,0,,25,0,0,0,0,0,4,2,13
,2017_60521,39.794922,-104.8039515,6/26/2017 20:46,20:46,6,0,0,OLMSTED PLACE EAST & JASPER STREET NORTH,1,2,1,0,1,1,0,,25,0,0,0,0,0,4,2,13
,2017_60522,39.771063,-104.8470435,7/10/2017 23:50,23:50,12,0,0,DENVER PLACE EAST & PEORIA STREET NORTH,1,3,1,0,1,1,0,,25,0,0,0,0,0,4,2,13
,2017_60523,39.711204,-105.032745,6/27/2017 6:54,6:54,12,0,0,MORRISON ROAD & ALAMEDA AVENUE WEST,1,1,0,0,1,4,0,,35,0,0,0,0,0,4,3,13
,2017_60524,39.711114,-104.9686965,6/27/2017 8:02,8:02,3,0,0,FRANKLIN STREET SOUTH & ALAMEDA AVENUE EAST,1,1,0,0,1,1,0,,30,0,0,0,0,0,4,2,14
,2017_60525,39.624192,-104.885334,6/27/2017 8:17,8:17,12,0,0,YOSEMITE STREET 5000 BLOCK SOUTH & BELLEVIEW AVENUE EAST,1,1,0,0,1,3,0,,35,0,0,0,0,0,4,2,1
,2017_60526,39.678624,-105.0250365,6/27/2017 8:18,8:18,3,0,0,EVANS AVENUE WEST & FEDERAL BOULEVARD SOUTH,1,1,0,0,1,2,0,,30,0,0,0,0,0,4,2,14
,2017_60527,39.720924,-104.982615,6/27/2017 8:39,8:39,3,0,0,THIRD AVENUE EAST & LOGAN STREET NORTH,1,1,0,0,1,1,0,,30,0,0,0,0,0,4,2,13
,2017_60528,39.753621,-105.0252705,6/27/2017 9:45,9:45,6,0,0,25TH AVENUE WEST & FEDERAL BOULEVARD NORTH,1,1,0,0,1,4,0,,30,0,0,0,0,0,4,2,3
,2017_60529,39.736872,-105.0028065,6/27/2017 9:45,9:45,9,0,0,13TH AVENUE WEST & MARIPOSA STREET NORTH,1,1,0,0,1,1,0,,25,0,0,0,0,0,4,1,13
,2017_60530,39.740427,-104.9931315,6/27/2017 10:10,10:10,6,0,0,13TH STREET & TREMONT PLACE,1,1,0,0,1,4,0,,30,0,0,0,0,0,4,2,1
,2017_60531,39.778839,-104.9269725,6/27/2017 13:17,13:17,12,0,0,STAPLETON NORTH DRIVE EAST & FOREST STREET NORTH,1,1,0,0,1,1,0,,35,0,0,0,0,0,4,2,13
,2017_60532,39.651102,-104.8848435,6/27/2017 13:30,13:30,3,0,0,JEFFERSON AVENUE EAST & YOSEMITE STREET SOUTH,1,1,0,0,1,1,0,,25,0,0,0,0,0,4,2,13
,2017_60533,39.750804,-104.98743,6/27/2017 13:38,13:38,3,0,0,21ST STREET & BROADWAY NORTH,1,1,0,0,1,1,0,,25,0,0,0,0,0,4,2,13
,2017_60534,39.77667,-105.0299055,6/27/2017 14:15,14:15,3,0,0,44TH AVENUE WEST & IRVING STREET NORTH,1,1,0,7,1,1,0,,30,0,0,0,0,0,4,2,16
,2017_60535,39.75849,-105.044004,6/27/2017 16:30,16:30,12,0,0,TENNYSON STREET NORTH & 29TH AVENUE WEST,1,1,0,0,1,1,0,,25,0,0,0,0,0,4,2,14
,2017_60536,39.728952,-105.001623,6/27/2017 17:19,17:19,3,0,0,LIPAN STREET NORTH & EIGHTH AVENUE WEST,1,1,0,0,1,1,0,,25,0,0,0,0,0,4,2,13
,2017_60537,39.791637,-104.959224,6/27/2017 17:52,17:52,12,0,0,YORK STREET NORTH & BRIGHTON BOULEVARD NORTH,1,1,0,0,1,3,0,,30,0,0,0,0,0,4,2,3
,2017_60538,39.71871,-104.973282,6/27/2017 21:30,21:30,3,0,0,FIRST AVENUE EAST & DOWNING STREET SOUTH,1,3,0,0,1,3,0,,30,0,0,0,0,0,4,2,13
,2017_60539,39.764637,-105.025284,6/30/2017 1:01,1:01,6,0,0,34TH AVENUE & FEDERAL BOULEVARD NORTH,1,3,0,0,1,4,0,,25,0,0,0,0,0,4,3,14
,2017_60540,39.736863,-104.981085,6/28/2017 0:11,0:11,6,0,0,PENNSYLVANIA STREET & 13TH AVENUE EAST,1,3,1,0,1,4,0,,25,0,0,0,0,0,4,2,7
,2017_60541,39.775176,-104.8096305,6/28/2017 6:53,6:53,15,0,0,CHAMBERS ROAD 4500 BLOCK NORTH & 46TH AVENUE EAST,1,1,0,0,1,4,0,,35,0,0,0,0,0,4,2,13
,2017_60542,39.844602,-104.6809395,6/28/2017 7:30,7:30,12,0,0,PENA BOULEVARD 4000 BLOCK & 40TH AVENUE EAST,1,1,0,0,1,3,0,,45,0,0,0,0,0,4,2,14
,2017_60543,39.729267,-104.9069475,6/28/2017 7:41,7:41,12,0,0,EIGHTH AVENUE EAST & OLIVE STREET NORTH,1,1,0,0,1,1,0,,30,0,0,0,0,1,4,2,13
,2017_60544,39.733623,-104.9941215,6/28/2017 8:30,8:30,12,0,0,SPEER BOULEVARD NORTH & 11TH AVENUE WEST,1,1,0,0,1,3,0,,35,0,0,0,0,0,4,2,13
,2017_60545,39.731652,-104.91282,6/28/2017 10:00,10:00,3,0,0,MONACO NORTH & 10TH AVENUE EAST,1,1,0,0,1,1,0,,25,0,0,0,0,0,4,2,7
,2017_60546,39.709026,-104.875443,6/28/2017 12:25,12:25,12,0,0,ALAMEDA AVENUE & DAYTON STREET SOUTH,1,1,0,0,1,4,0,,40,0,0,0,0,0,4,2,13
,2017_60547,39.775212,-104.987673,6/28/2017 12:30,12:30,12,0,1,BROADWAY STREET 4240 NORTH & 43RD AVENUE EAST,1,1,0,0,1,2,0,,30,0,0,0,0,2,4,2,3
,2017_60548,39.711366,-104.912964,6/28/2017 13:21,13:21,1,0,0,MONACO STREET SOUTH & ALAMEDA AVENUE EAST,1,1,0,0,1,1,0,,35,0,0,0,1,1,4,2,13
,2017_60549,39.649419,-104.9270445,6/28/2017 13:59,13:59,12,0,0,HAPPY CANYON ROAD EAST & GRAPE STREET SOUTH,1,1,0,0,1,4,0,,30,0,0,0,0,0,4,2,4
,2017_60550,39.75822,-104.973363,7/1/2017 13:00,13:00,15,0,0,WELTON STREET 3000 BLOCK NORTH & DOWNING STREET NORTH,1,1,0,0,1,4,0,,30,0,0,0,0,0,4,2,1
,2017_60551,39.72627,-105.0002055,6/28/2017 14:41,14:41,12,0,0,SIXTH AVENUE 900 BLOCK WEST & KALAMATH STREET NORTH,1,1,0,0,1,3,0,,30,0,0,0,0,1,4,3,13
,2017_60552,39.738447,-104.986143,6/28/2017 14:50,14:50,12,0,0,14TH AVENUE 0 BLOCK EAST & LINCOLN STREET,1,1,0,0,1,3,0,,30,0,0,0,0,0,4,2,3
,2017_60553,39.783609,-104.7913916,6/28/2017 15:30,15:30,12,0,0,PENA BOULEVARD 4700 BLOCK & GREEN VALLEY RANCH BOULEVARD,1,1,0,0,1,3,0,,35,0,0,0,0,0,4,2,1
,2017_60554,39.674835,-104.912973,6/28/2017 16:25,16:25,12,0,0,MONACO STREET 2200 BLOCK SOUTH & ILIFF AVENUE EAST,1,1,0,0,1,4,0,,35,0,0,0,0,0,4,2,13
,2017_60555,39.71115,-104.987592,6/29/2017 2:05,2:05,15,0,0,BROADWAY SOUTH & ALAMEDA AVENUE WEST,1,3,0,0,1,3,0,,30,0,0,0,0,0,4,2,13
,2017_60556,39.678498,-104.971104,6/29/2017 6:57,6:57,3,0,0,LAFAYETTE STREET SOUTH & EVANS AVENUE EAST,1,1,0,0,1,1,0,,25,0,0,0,0,0,4,2,13
,2017_60557,39.743784,-104.897565,6/29/2017 8:39,8:39,3,0,0,SPRUCE STREET NORTH & 17TH AVENUE EAST,1,1,0,0,1,1,0,,25,0,0,0,0,0,4,2,14
,2017_60558,39.738438,-104.9929335,6/29/2017 10:16,10:16,3,0,0,DELAWARE STREET & 14TH AVENUE WEST,1,1,0,0,1,2,0,,25,0,0,0,0,0,4,2,13
,2017_60559,39.72411,-104.9985945,6/29/2017 12:47,12:47,15,0,0,SANTA FE DRIVE NORTH & FIFTH AVENUE WEST,1,1,0,0,1,3,0,,40,0,0,0,0,1,4,2,13
,2017_60560,39.711105,-104.97339,6/29/2017 13:00,13:00,12,0,0,DOWNING STREET 300 BLOCK SOUTH & ALAMEDA AVENUE EAST,1,1,0,0,1,4,0,,30,0,0,0,0,1,4,2,13
,2017_60561,39.719385,-105.000201,6/29/2017 13:06,13:06,1,0,0,KALAMATH STREET NORTH & SECOND AVENUE WEST,1,1,0,0,1,1,0,,30,0,0,0,1,1,4,2,8
,2017_60562,39.770505,-105.0135345,6/29/2017 13:10,13:10,3,0,0,39TH AVENUE WEST & VALLEJO STREET NORTH,1,1,0,0,1,1,0,,25,0,0,0,0,0,4,2,13
,2017_60563,39.7516125,-105.0028998,6/29/2017 13:30,13:30,6,0,0,WEWATTA STREET 1500 BLOCK & 15TH STREET,1,1,0,0,1,4,0,,30,0,0,0,0,0,4,2,7
,2017_60564,39.844602,-104.6809395,8/26/2017 3:53,3:53,5,0,0,PENA BOULEVARD & 80TH AVENUE,2,3,0,0,2,2,0,,15,0,0,0,0,0,4,1,13
,2017_60565,39.80698464,-104.8845532,6/28/2017 15:40,15:40,12,0,0,CENTRAL PARK BOULEVARD 3900 BLOCK NORTH & 39TH AVENUE EAST,1,1,1,0,1,4,0,,35,0,0,0,0,0,4,3,13
,2017_60566,39.771135,-105.0520635,6/30/2017 4:00,4:00,5,0,0,ZENOBIA STREET & 39TH AVENUE WEST,1,3,0,0,1,4,0,,,0,0,0,0,0,4,1,13
,2017_60567,39.707505,-104.98635,6/29/2017 15:36,15:36,12,0,0,LINCOLN STREET SOUTH & VIRGINIA AVENUE EAST,1,1,0,0,1,4,0,,,0,0,0,0,0,4,2,13
,2017_60568,39.704013,-105.0298335,6/29/2017 19:13,19:13,3,0,0,IRVING STREET SOUTH & EXPOSITION AVENUE WEST,1,1,0,0,1,1,0,,25,0,0,0,0,0,4,2,3
,2017_60569,39.76924477,-104.9176392,6/29/2017 16:50,16:50,12,0,0,38TH AVENUE & 3500 BLOCK WEST,1,1,0,0,1,4,0,,35,0,0,0,0,0,4,3,3
,2017_60570,39.759876,-104.890752,6/29/2017 17:13,17:13,3,0,0,MLK BOULEVARD EAST & CENTRAL PARK BOULEVARD NORTH,1,1,0,0,1,1,0,,35,0,0,0,0,0,4,2,13
,2017_60571,39.725649,-105.005763,6/29/2017 17:20,17:20,12,0,0,SIXTH AVENUE WEST & OSAGE STREET NORTH,1,1,0,0,1,4,0,,35,0,0,0,0,0,4,2,3
,2017_60572,39.743793,-104.9734035,6/29/2017 17:33,17:33,12,0,0,PARK AVENUE & DOWNING STREET NORTH,1,1,0,0,1,1,0,,30,0,0,0,0,0,4,2,4
,2017_60573,39.743208,-104.969673,6/29/2017 17:50,17:50,12,0,0,17TH AVENUE EAST & HUMBOLDT STREET NORTH,1,1,0,0,1,1,0,,40,0,0,0,0,1,4,2,1
,2017_60574,39.718206,-104.953554,6/29/2017 19:00,19:00,12,0,0,FIRST AVENUE 2800 BLOCK EAST & FILLMORE STREET NORTH,1,1,0,0,1,4,0,,30,0,0,0,0,0,4,2,13
,2017_60576,39.743244,-104.9598315,6/30/2017 0:00,0:00,12,0,0,17TH AVENUE EAST & YORK STREET NORTH,2,3,0,1,1,1,0,,30,0,0,0,0,0,4,2,14