id,drcog_id,latitude,longitude,crashtime,time,crashtype,numbkilled,numbinjurd,drcoglocat,rdconditin,lightngcon,roadcntgrd,weatherco,location,roaddescrp,constrzone,schoolzone,splimit,bikeinv,pedinv,sctrinv,motoinv,svrty,rdsystem,ttlvehcls,hcf
,2017_60577,39.757086,-104.990715,6/30/2017 5:38,5:38,3,0,0,PARK AVENUE WEST & BLAKE STREET,1,1,0,0,1,1,0,,25,0,0,0,0,0,4,2,13
,2017_60578,39.691143,-104.9500215,7/11/2017 1:10,1:10,6,0,0,STEELE STREET & ARKANSAS AVENUE EAST,1,3,0,0,1,4,0,,25,0,0,0,0,0,4,2,5
,2017_60579,39.71835,-104.9745915,6/30/2017 7:34,7:34,12,0,0,SPEER BOULEVARD 1100 BLOCK EAST & CORONA STREET SOUTH,1,1,0,0,1,4,0,,35,0,0,0,0,0,4,2,3
,2017_60580,39.678444,-104.9209965,6/30/2017 7:34,7:34,12,0,0,EVANS AVENUE 5700 BLOCK EAST & IVANHOE STREET SOUTH,1,1,1,0,1,4,0,,30,0,0,0,0,0,4,4,1
,2017_60581,39.750993,-104.9123925,6/30/2017 7:56,7:56,12,0,0,MONACO STREET NORTH & 23RD AVENUE EAST,1,1,0,0,1,3,0,,30,0,0,0,0,0,4,2,14
,2017_60582,39.749436,-104.9659335,6/30/2017 8:05,8:05,12,0,0,WILLIAMS STREET & 22ND AVENUE EAST,1,1,0,0,1,3,0,,30,0,0,0,0,0,4,2,13
,2017_60583,39.77119462,-105.0520084,6/30/2017 8:07,8:07,6,0,0,ZENOBIA STREET 3900 BLOCK NORTH & 39TH AVENUE WEST,1,1,0,0,1,4,0,,25,0,0,0,0,0,4,3,5
,2017_60584,39.678453,-104.915952,6/30/2017 8:20,8:20,12,0,0,EVANS AVENUE 6500 BLOCK EAST & LEYDEN STREET EAST,1,1,0,0,1,3,0,,35,0,0,0,0,0,4,2,13
,2017_60585,39.711366,-104.912964,6/30/2017 8:27,8:27,3,0,0,MONACO STREET SOUTH & ALAMEDA AVENUE EAST,1,1,0,0,1,2,0,,35,0,0,0,0,1,4,2,13
,2017_60586,39.726864,-104.9034735,6/30/2017 9:54,9:54,1,0,0,QUEBEC STREET NORTH & SEVENTH AVENUE EAST,1,1,1,0,1,1,0,,35,0,0,0,0,0,4,2,13
,2017_60587,39.747843,-104.995674,6/30/2017 10:10,10:10,5,0,0,ARAPAHOE STREET & 16TH STREET,1,2,0,0,1,4,1,,25,0,0,0,0,0,4,1,13
,2017_60588,39.759075,-104.981184,6/30/2017 11:27,11:27,3,0,0,28TH STREET & ARAPAHOE STREET,1,1,0,0,1,1,0,,25,0,0,0,1,0,4,2,13
,2017_60589,39.778047,-104.8471245,6/30/2017 12:27,12:27,12,0,0,PEORIA STREET NORTH & 45TH AVENUE EAST,1,1,0,0,1,1,0,,,0,0,0,0,0,4,2,13
,2017_60590,39.780324,-104.8098645,6/30/2017 14:00,14:00,12,0,0,CHAMBERS ROAD 4900 BLOCK NORTH & BOLLING DRIVE EAST,1,1,0,0,1,4,0,,,0,0,0,0,0,4,2,10
,2017_60591,39.761964,-104.903451,6/30/2017 15:10,15:10,3,0,0,MLK BOULEVARD EAST & QUEBEC STREET NORTH,1,1,0,0,1,1,0,,35,0,0,0,0,0,4,2,14
,2017_60592,39.678435,-104.922234,6/30/2017 15:16,15:16,3,0,0,HOLLY STREET SOUTH & EVANS AVENUE EAST,1,1,0,0,1,1,0,,35,0,0,0,0,0,4,2,13
,2017_60593,39.712905,-104.981553,6/30/2017 15:45,15:45,3,0,0,CEDAR AVENUE EAST & PENNSYLVANIA STREET SOUTH,1,1,0,0,1,1,0,,30,0,0,0,0,0,4,2,13
,2017_60594,39.707487,-104.959323,6/30/2017 17:15,17:15,12,0,0,UNIVERSITY BOULEVARD 400 BLOCK SOUTH & VIRGINIA STREET EAST,1,1,0,0,1,3,0,,30,0,0,0,0,1,4,2,13
,2017_60595,39.624192,-104.885334,6/30/2017 17:20,17:20,12,0,0,BELLEVIEW AVENUE EAST & YOSEMITE STREET SOUTH,1,1,0,0,1,1,0,,35,0,0,0,0,0,4,2,8
,2017_60596,39.768948,-104.995332,6/30/2017 18:18,18:18,12,0,0,38TH AVENUE 700 BLOCK WEST & FOX STREET NORTH,1,1,0,0,1,4,0,,35,0,0,0,0,1,4,2,5
,2017_60597,39.763746,-104.975154,6/30/2017 18:30,18:30,3,0,0,33RD STREET & ARAPAHOE STREET NORTH,1,1,0,0,1,1,0,,25,0,0,0,0,0,4,2,8
,2017_60598,39.674835,-104.912973,6/30/2017 18:55,18:55,3,0,0,MONACO STREET SOUTH & ILIFF AVENUE EAST,1,1,0,0,1,1,0,,30,0,0,0,0,0,4,2,13
,2017_60599,39.711141,-104.9863905,6/30/2017 20:31,20:31,12,0,0,ALAMEDA AVENUE 100 BLOCK EAST & LINCOLN STREET SOUTH,1,2,0,0,1,4,0,,30,0,0,0,0,0,4,2,8
,2017_60600,39.696768,-105.0413805,7/1/2017 4:00,4:00,6,0,0,MISSISSIPPI AVENUE WEST & QUITMAN STREET SOUTH,1,3,0,0,1,4,0,,25,0,0,0,0,0,4,2,12
,2017_60601,39.774681,-104.9732415,7/1/2017 8:09,8:09,5,0,0,BRIGHTON BOULEVARD NORTH & 40TH STREET,1,3,0,0,3,4,1,,30,0,0,0,0,0,4,1,13
,2017_60602,39.679182,-105.0383205,7/1/2017 9:08,9:08,12,0,0,EVANS AVENUE WEST & PATTON COURT SOUTH,1,1,0,0,1,3,0,,30,0,0,0,0,0,4,2,3
,2017_60603,39.728934,-104.9906115,7/1/2017 9:43,9:43,3,0,0,SPEER BOULEVARD & EIGHTH AVENUE WEST,1,1,0,0,1,1,0,,30,0,0,0,0,0,4,2,13
,2017_60604,39.798261,-104.847282,7/1/2017 11:00,11:00,12,0,0,PEORIA STREET NORTH & 56TH AVENUE EAST,1,1,0,0,1,4,0,,35,0,0,0,0,0,4,2,14
,2017_60605,39.747429,-104.898771,7/1/2017 11:50,11:50,3,0,0,SYRACUSE STREET NORTH & MONTVIEW BOULEVARD EAST,1,1,0,0,1,1,0,,30,0,0,0,0,1,4,2,3
,2017_60606,39.689478,-105.0390675,7/1/2017 12:00,12:00,12,0,0,FLORIDA AVENUE WEST & PATTON COURT SOUTH,1,1,0,0,1,1,0,,35,0,0,0,0,1,4,3,13
,2017_60607,39.720924,-104.985,7/1/2017 13:19,13:19,15,0,0,THIRD AVENUE EAST & SHERMAN STREET NORTH,1,1,0,0,1,1,0,,30,0,0,0,0,1,4,2,16
,2017_60608,39.678435,-104.922234,7/1/2017 14:44,14:44,12,0,1,EVANS AVENUE 3500 BLOCK EAST & HOLLY STREET SOUTH,1,1,0,0,1,3,0,,30,0,0,0,0,2,4,2,14
,2017_60609,39.783609,-104.7913916,7/1/2017 14:44,14:44,12,0,0,GREEN VALLEY RANCH BOULEVARD 16800 BLOCK EAST & PENA BOULEVARD NORTH,1,1,0,0,1,4,0,,25,0,0,0,0,0,4,2,12
,2017_60610,39.711186,-104.997132,7/2/2017 10:31,10:31,12,0,0,SANTA FE DRIVE SOUTH & ALAMEDA AVENUE WEST,1,1,0,0,1,1,0,,35,0,0,0,0,0,4,2,3
,2017_60611,39.728934,-104.9906115,7/1/2017 17:06,17:06,3,0,0,SPEER BOULEVARD NORTH & EIGHTH AVENUE WEST,1,1,0,0,1,1,0,,35,0,0,0,0,0,4,3,12
,2017_60612,39.754683,-104.928192,7/1/2017 18:06,18:06,14,0,0,FAIRFAX STREET NORTH & 26TH AVENUE EAST,1,1,0,0,1,4,0,,25,0,0,0,0,0,4,2,13
,2017_60613,39.696759,-105.0274935,7/1/2017 18:25,18:25,3,0,0,HAZEL COURT SOUTH & MISSISSIPPI AVENUE WEST,1,1,0,0,1,1,0,,30,0,0,0,0,0,4,2,13
,2017_60614,39.743244,-104.9798925,7/1/2017 18:30,18:30,3,0,0,PEARL STREET NORTH & 17TH AVENUE EAST,1,1,0,0,1,1,0,,20,0,0,0,0,0,4,2,14
,2017_60615,39.711312,-104.931612,7/1/2017 18:36,18:36,12,0,0,ALAMEDA AVENUE EAST & DAHLIA STREET SOUTH,1,3,0,0,1,1,0,,35,0,0,0,0,0,4,2,13
,2017_60616,39.741615,-104.9684535,7/1/2017 20:26,20:26,3,0,0,FRANKLIN STREET & 16TH AVENUE EAST,1,2,0,0,1,2,0,,25,0,0,0,0,0,4,2,13
,2017_60617,39.779577,-104.8471335,7/1/2017 20:47,20:47,12,0,0,46TH AVENUE EAST & PEORIA STREET NORTH,1,3,0,0,1,4,0,,35,0,0,0,0,0,4,3,13
,2017_60618,39.725631,-104.9874435,7/1/2017 21:35,21:35,15,0,0,BROADWAY NORTH & SIXTH AVENUE EAST,1,3,0,0,1,1,0,,30,0,0,0,0,0,4,2,13
,2017_60619,39.711114,-104.959305,7/1/2017 22:05,22:05,15,0,0,ALAMEDA AVENUE EAST & UNIVERSITY BOULEVARD SOUTH,1,3,0,0,1,1,0,,25,0,0,0,0,0,4,2,8
,2017_60620,39.709026,-104.875443,7/2/2017 0:41,0:41,1,0,0,ALAMEDA AVENUE EAST & DAYTON STREET SOUTH,1,3,0,0,1,1,0,,35,0,0,0,0,0,4,2,13
,2017_60621,39.73842,-104.9752845,7/2/2017 1:21,1:21,6,0,0,14TH AVENUE & OGDEN STREET NORTH,1,3,0,0,1,4,0,,30,0,0,0,0,1,4,3,5
,2017_60622,39.771774,-104.903442,8/4/2017 22:05,22:05,15,0,0,QUEBEC STREET & SMITH ROAD EAST,1,1,0,0,1,4,0,,,0,0,0,0,0,4,2,13
,2017_60623,39.729285,-105.032511,7/2/2017 2:30,2:30,5,0,0,EIGHTH AVENUE 3300 BLOCK WEST & KNOX COURT NORTH,1,3,0,0,3,4,0,,25,0,0,0,0,0,4,1,13
,2017_60624,39.75003,-105.0049305,7/2/2017 8:00,8:00,15,0,0,SPEER BOULEVARD & CHOPPER CIRCLE,1,1,0,0,1,1,0,,,0,0,0,0,0,4,3,13
,2017_60625,39.762009,-105.01317,7/2/2017 9:00,9:00,6,0,0,VALLEJO STREET & 32ND AVENUE WEST,1,1,0,0,1,4,0,,25,0,0,0,0,0,4,2,13
,2017_60626,39.722112,-104.911731,7/2/2017 10:30,10:30,6,0,0,MAGNOLIA STREET NORTH & FOURTH AVENUE EAST,1,1,0,0,1,4,0,,,0,0,0,0,0,4,2,13
,2017_60627,39.745566,-104.995152,7/2/2017 11:21,11:21,3,0,0,15TH STREET & CHAMPA STREET,1,1,0,0,1,1,0,,30,0,0,0,0,0,4,2,9
,2017_60628,39.73851768,-104.9969761,7/2/2017 14:30,14:30,12,0,0,SPEER BOULEVARD & 1100 BLOCK NORTH,1,1,0,0,1,4,0,,35,0,0,0,0,0,4,2,13
,2017_60629,39.678417,-104.9642147,7/2/2017 16:00,16:00,12,0,0,EVANS AVENUE & 300 BLOCK EAST,1,1,0,0,1,4,0,,35,0,0,0,0,0,4,2,3
,2017_60630,39.78288,-104.7555,7/2/2017 17:23,17:23,1,0,0,GREEN VALLEY RANCH BOULEVARD & HIMALAYA ROAD NORTH,1,1,0,0,1,1,0,,40,0,0,0,0,0,4,2,7
,2017_60631,39.758535,-104.9853915,7/4/2017 9:01,9:01,6,0,0,LARIMER STREET & 26TH STREET,1,1,0,0,1,4,0,,30,0,0,0,0,0,4,2,13
,2017_60632,39.737925,-105.0311205,7/2/2017 19:00,19:00,12,0,0,HOWARD PLACE WEST & JULIAN STREET NORTH,1,2,0,0,1,4,0,,25,0,0,0,0,0,4,2,13
,2017_60633,39.762027,-104.9826015,7/2/2017 20:00,20:00,6,0,0,29TH STREET & WALNUT STREET,1,3,0,0,1,4,0,,25,0,0,0,0,0,4,2,3
,2017_60634,39.729717,-104.9912235,7/2/2017 20:03,20:03,3,0,0,SPEER BOULEVARD NORTH & BANNOCK STREET NORTH,1,1,0,0,1,1,0,,35,0,0,0,0,0,4,2,13
,2017_60635,39.787434,-105.025194,7/2/2017 20:32,20:32,3,0,0,REGIS BOULEVARD WEST ALLEY & FEDERAL BOULEVARD NORTH,1,3,0,0,1,5,0,,25,0,0,0,0,0,4,2,14
,2017_60636,39.6927,-104.976954,7/3/2017 6:50,6:50,1,0,0,EMERSON STREET SOUTH & BUCHTEL BOULEVARD EAST,1,1,0,0,1,1,0,,30,0,0,0,0,0,4,2,3
,2017_60637,39.895056,-104.6754405,7/3/2017 7:43,7:43,5,0,0,QUEENSBURG STREET & 109TH AVENUE NORTH,1,1,3,0,1,4,0,,45,0,0,0,0,1,4,1,14
,2017_60638,39.711186,-104.997132,7/3/2017 9:18,9:18,12,0,0,ALAMEDA AVENUE 1000 BLOCK WEST & SANTA FE DRIVE SOUTH,1,1,0,0,1,3,0,,30,0,0,0,0,0,4,2,13
,2017_60639,39.66429198,-104.9127543,7/3/2017 10:07,10:07,12,0,0,MONACO STREET 2900 BLOCK NORTH & 30TH AVENUE EAST,1,1,0,0,1,4,0,,30,0,0,0,0,0,4,2,3
,2017_60640,39.719394,-104.94738,7/3/2017 12:00,12:00,6,0,0,COOK STREET NORTH & SECOND AVENUE EAST,1,1,0,0,1,4,0,,25,0,0,0,0,0,4,2,14
,2017_60641,39.702204,-105.045579,7/3/2017 13:35,13:35,5,0,0,MORRISON ROAD & OHIO AVENUE WEST,1,1,0,0,3,2,0,,30,0,0,0,0,0,4,1,14
,2017_60642,39.745566,-104.995152,7/3/2017 13:44,13:44,3,0,0,15TH STREET & CHAMPA STREET,1,1,0,0,1,1,0,,30,0,0,0,0,0,4,2,13
,2017_60643,39.844602,-104.6809395,11/4/2017 5:40,5:40,4,0,0,PENA BOULEVARD OUTBOUND & E470,1,4,0,0,1,4,0,,65,0,0,0,0,0,4,1,7
,2017_60644,39.682242,-105.0452235,7/3/2017 13:49,13:49,5,0,0,JEWELL AVENUE WEST & UTICA STREET SOUTH,1,1,0,7,3,1,0,,60,0,0,0,0,0,4,1,5
,2017_60645,39.780972,-104.888034,7/3/2017 14:07,14:07,3,0,0,46TH AVENUE EAST & WILLOW STREET NORTH,1,1,0,0,1,1,0,,25,0,0,0,0,0,4,2,13
,2017_60646,39.758445,-105.0213735,7/3/2017 14:50,14:50,12,0,0,29TH AVENUE 2800 BLOCK WEST & SPEER BOULEVARD,1,1,0,0,1,1,0,,30,0,0,0,0,0,4,2,13
,2017_60647,39.730482,-104.960223,7/3/2017 15:18,15:18,1,0,0,YORK STREET 900 BLOCK NORTH & NINTH AVENUE EAST,1,1,0,0,1,2,0,,30,0,0,0,0,0,4,2,3
,2017_60649,39.682071,-104.9170545,7/3/2017 15:48,15:48,12,0,0,JEWELL AVENUE EAST & KEARNEY STREET SOUTH,1,1,0,7,1,3,0,,25,0,0,0,0,0,4,2,4
,2017_60650,39.678498,-104.9664015,7/3/2017 17:20,17:20,12,0,0,EVANS AVENUE 1800 BLOCK EAST & WILLIAMS STREET SOUTH,1,1,0,0,1,4,0,,35,0,0,0,0,0,4,2,13
,2017_60651,39.727314,-105.0002235,7/3/2017 17:30,17:30,3,0,0,KALAMATH STREET NORTH & SEVENTH AVENUE WEST,1,1,0,0,1,1,0,,25,0,0,0,0,0,4,2,13
,2017_60652,39.782115,-104.9773725,7/3/2017 17:35,17:35,12,0,0,WASHINGTON STREET 4700 BLOCK NORTH & 48TH AVENUE WEST,1,1,0,0,1,4,0,,30,0,0,0,0,0,4,2,13
,2017_60653,39.682062,-104.922234,7/3/2017 19:45,19:45,6,0,1,HOLLY STREET & JEWELL AVENUE EAST,1,1,0,0,1,4,0,,30,0,0,0,0,2,4,2,5
,2017_60654,39.736863,-104.9941215,7/3/2017 22:07,22:07,14,0,0,ELATI STREET & 13TH AVENUE WEST,1,4,0,0,1,4,0,,25,0,0,0,0,0,4,2,13
,2017_60655,39.74421363,-104.9932905,7/3/2017 22:30,22:30,15,0,0,CALIFORNIA STREET 1500 BLOCK & CALIFORNIA STREET,1,3,0,0,1,4,0,,30,0,0,0,0,0,4,2,14
,2017_60656,39.688569,-105.0087735,7/3/2017 23:00,23:00,6,0,0,RARITAN STREET & GUNNISON PLACE WEST,1,3,0,0,1,4,0,,,0,0,0,0,0,4,2,13
,2017_60657,39.761595,-105.005691,7/3/2017 23:55,23:55,9,0,1,CENTRAL STREET 1900 BLOCK & 20TH STREET,1,3,0,0,3,4,0,,25,0,0,0,1,2,4,1,7
,2017_60658,39.78918,-104.834844,7/4/2017 1:37,1:37,6,0,0,UVALDA STREET & VICTOR WAY NORTH,1,3,1,0,1,4,0,,25,0,0,0,0,0,4,2,13
,2017_60659,39.651102,-104.8848435,7/4/2017 11:06,11:06,3,0,0,JEFFERSON AVENUE & YOSEMITE STREET SOUTH,1,1,0,0,1,2,0,,,0,0,0,0,1,4,2,13
,2017_60660,39.779298,-104.948082,7/4/2017 11:10,11:10,3,0,0,16TH AVENUE & ADAMS / COOK STREET NORTH ALLEY,1,1,1,0,1,5,0,,25,0,0,0,0,0,4,2,7
,2017_60661,39.667725,-105.041763,7/4/2017 11:55,11:55,1,0,0,RALEIGH STREET SOUTH & YALE AVENUE WEST,1,1,0,0,1,1,0,,30,0,0,0,0,0,4,2,14
,2017_60662,39.711348,-104.9035005,7/4/2017 12:56,12:56,15,0,0,QUEBEC STREET 300 BLOCK SOUTH & ALAMEDA AVENUE EAST,1,1,3,0,1,4,0,,30,0,0,0,0,0,4,2,14
,2017_60663,39.754485,-104.9708835,7/4/2017 13:07,13:07,3,0,0,26TH AVENUE EAST & LAFAYETTE STREET NORTH,1,1,0,0,1,1,0,,25,0,0,0,0,0,4,2,13
,2017_60664,39.709449,-105.039702,7/4/2017 13:15,13:15,12,0,0,PERRY STREET & DAKOTA AVENUE WEST,1,1,0,0,1,4,0,,25,0,0,0,0,0,4,2,13
,2017_60665,39.793212,-104.835681,7/4/2017 13:20,13:20,1,0,0,55TH AVENUE EAST & UVALDA STREET NORTH,1,1,0,0,1,1,0,,30,0,0,0,0,0,4,2,3
,2017_60666,39.693024,-104.987466,7/4/2017 14:04,14:04,6,0,1,BROADWAY SOUTH & LOUISANA AVENUE EAST,1,1,0,0,1,4,0,,30,0,0,0,0,2,4,2,5
,2017_60667,39.640257,-104.887782,7/4/2017 15:04,15:04,6,0,0,OXFORD DRIVE EAST & WISTERIA WAY,1,1,0,0,1,4,0,,25,0,0,0,0,0,4,2,1
,2017_60668,39.717045,-104.903793,7/4/2017 15:38,15:38,1,0,0,QUEBEC STREET NORTH & LOWRY BOULEVARD EAST,1,1,0,0,1,1,0,,35,0,0,0,0,1,4,2,8
,2017_60669,39.72825,-105.0221205,7/4/2017 16:20,16:20,5,0,0,SEVERN PLACE 2800 BLOCK WEST & DECATUR STREET NORTH,1,1,1,0,2,4,0,,25,0,0,0,0,0,4,1,1
,2017_60670,39.735099,-104.919453,7/4/2017 17:13,17:13,3,0,0,12TH AVENUE EAST & JERSEY STREET NORTH,1,1,0,0,1,1,0,,25,0,0,0,0,0,4,2,14
,2017_60671,39.781944,-104.983524,7/4/2017 21:10,21:10,5,0,0,47TH AVENUE EAST & GRANT STREET NORTH,1,3,0,0,2,4,0,,25,0,0,0,0,0,4,1,13
,2017_60673,39.761118,-105.008094,7/5/2017 6:33,6:33,3,0,0,18TH STREET & BOULDER STREET,1,1,0,0,1,1,0,,25,0,0,0,0,0,4,2,14
,2017_60674,39.7170765,-104.8955513,7/5/2017 6:40,6:40,12,0,0,LOWRY BOULEVARD 7600 BLOCK EAST & FAIRMONT DRIVE,1,1,0,0,1,4,0,,30,0,0,0,0,0,4,2,7
,2017_60675,39.751209,-105.025284,7/5/2017 6:54,6:54,3,0,0,23RD AVENUE 2900 BLOCK WEST & FEDERAL BOULEVARD,1,1,0,0,1,5,0,,30,0,0,0,0,1,4,2,14
,2017_60676,39.711447,-104.9449725,7/5/2017 8:03,8:03,12,0,0,ALAMEDA AVENUE EAST & MONROE STREET SOUTH,1,1,0,0,1,1,0,,35,0,0,0,0,0,4,2,16
,2017_60677,39.73686833,-104.9711579,7/5/2017 9:15,9:15,12,0,0,13TH AVENUE & 700 BLOCK EAST,1,1,0,0,1,3,0,,30,0,0,0,0,1,4,2,13
,2017_60678,39.678444,-104.931612,7/5/2017 9:42,9:42,12,0,0,EVANS AVENUE EAST & DAHLIA STREET SOUTH,1,1,0,0,1,1,0,,35,0,0,0,0,0,4,3,13
,2017_60679,39.673377,-105.019371,7/5/2017 9:58,9:58,5,0,0,WESLEY AVENUE 2667 WEST & CLAY STREET SOUTH,1,1,0,0,2,4,0,,25,0,0,0,0,0,4,1,16
,2017_60680,39.772881,-104.9429205,7/5/2017 10:26,10:26,12,0,0,40TH AVENUE EAST & JACKSON STREET NORTH,1,1,0,0,1,1,0,,30,0,0,0,0,0,4,2,3
,2017_60681,39.758049,-105.02055,7/5/2017 11:40,11:40,3,0,0,CLAY STREET NORTH & SPEER BOULEVARD NORTH,1,1,1,0,1,1,0,,25,0,0,0,0,1,4,2,13
,2017_60682,39.77038668,-104.9947751,7/5/2017 11:45,11:45,5,0,1,FOX STREET 3800 BLOCK NORTH & 39TH AVENUE WEST,1,1,0,0,4,1,0,,30,0,0,0,0,2,4,1,8
,2017_60683,39.725631,-104.9874435,7/5/2017 12:07,12:07,10,0,1,BROADWAY NORTH & SIXTH AVENUE EAST,1,1,0,0,1,1,0,,,0,0,0,1,2,4,2,13
,2017_60684,39.779577,-104.8471335,7/5/2017 12:31,12:31,12,0,0,46TH AVENUE EAST & PEORIA STREET NORTH,1,1,0,0,1,3,0,,30,0,0,0,0,0,4,2,3
,2017_60685,39.77658,-104.994801,7/5/2017 13:16,13:16,3,0,0,44TH AVENUE 500 BLOCK WEST & FOX STREET NORTH,1,1,1,0,1,5,0,,20,0,0,0,0,1,4,2,13
,2017_60686,39.83346903,-104.692932,7/5/2017 14:04,14:04,12,0,0,PENA BOULEVARD 7500 BLOCK & JACKSON GAP STREET,1,1,0,0,1,1,0,,40,0,0,0,0,0,4,2,1
,2017_60687,39.779946,-104.9444505,7/5/2017 14:11,14:11,6,0,0,46TH AVENUE & 12931 EAST 46TH AVENUE,1,1,0,0,1,4,0,,25,0,0,0,0,0,4,2,7
,2017_60688,39.72587237,-105.002834,7/5/2017 14:11,14:11,12,0,0,SIXTH AVENUE WEST & MARIPOSA STREET NORTH,1,1,1,0,1,4,0,,35,0,0,0,0,0,4,2,13
,2017_60689,39.735621,-104.9034645,7/5/2017 14:15,14:15,12,0,0,QUEBEC STREET NORTH & 12TH AVENUE EAST,1,1,0,0,1,1,0,,,0,0,0,0,0,4,2,13
,2017_60690,39.695652,-104.903595,7/5/2017 15:02,15:02,3,0,1,QUEBEC STREET SOUTH & MISSISSIPPI AVENUE EAST,1,1,1,0,1,1,0,,30,0,0,0,0,2,4,2,3
,2017_60691,39.772872,-104.7960135,7/5/2017 15:34,15:34,12,0,0,40TH AVENUE 16900 BLOCK EAST & AIRPORT WAY NORTH,1,1,0,0,1,4,0,,30,0,0,0,0,1,4,2,3
,2017_60692,39.73869,-104.9034645,7/5/2017 15:55,15:55,12,0,0,QUEBEC STREET NORTH & 14TH AVENUE EAST,1,1,1,0,1,1,0,,30,0,0,0,0,0,4,3,1
,2017_60693,39.716568,-105.0015825,7/5/2017 16:00,16:00,15,0,0,RIO GRANDE BOULEVARD & ELLSWORTH AVENUE WEST,1,1,0,0,1,4,0,,25,0,0,0,0,0,4,2,13
,2017_60694,39.767346,-104.8905135,7/5/2017 16:15,16:15,12,0,0,CENTRAL PARK & 36TH AVENUE EAST,1,1,0,0,1,4,0,,,0,0,0,0,0,4,2,13
,2017_60695,39.691125,-104.959332,7/5/2017 16:34,16:34,12,0,0,UNIVERSITY BOULEVARD 1300 BLOCK SOUTH & ARKANSAS AVENUE EAST,1,1,0,0,1,1,0,,30,0,0,0,0,1,4,2,10
,2017_60696,39.76929,-105.001767,7/5/2017 16:51,16:51,5,0,0,38TH AVENUE WEST & LIPAN STREET NORTH,1,1,0,0,1,1,0,,35,0,0,0,0,0,4,1,14
,2017_60697,39.783609,-104.7913916,7/5/2017 16:51,16:51,12,0,0,GREEN VALLEY RANCH BOULEVARD EAST & PENA BOULEVARD,1,1,0,0,1,1,0,,30,0,0,0,0,1,4,2,3
,2017_60698,39.78929138,-105.0345236,7/5/2017 17:10,17:10,12,0,0,LOWELL BOULEVARD 5100 BLOCK NORTH & 52ND AVENUE WEST,1,1,0,0,1,4,0,,30,0,0,0,0,0,4,3,13
,2017_60699,39.678435,-104.9352615,7/5/2017 17:15,17:15,1,0,0,EVANS AVENUE EAST & CLERMONT STREET SOUTH,1,1,0,0,1,1,0,,35,0,0,0,0,0,4,2,13
,2017_60700,39.691287,-105.039063,7/5/2017 17:20,17:20,3,0,0,ARKANSAS AVENUE WEST & PATTON COURT SOUTH,1,1,0,0,1,1,0,,,0,0,0,0,1,4,2,13
,2017_60701,39.711105,-104.9745645,7/5/2017 17:29,17:29,12,0,0,ALAMEDA AVENUE EAST & CORONA STREET SOUTH,1,2,0,0,1,1,0,,30,0,0,0,0,0,4,4,14
,2017_60702,39.667626,-104.909742,7/5/2017 17:55,17:55,12,0,0,YALE AVENUE EAST & NIAGARA STREET SOUTH,1,1,0,0,1,1,0,,35,0,0,0,0,0,4,2,7
,2017_60703,39.752001,-104.9938155,7/5/2017 18:07,18:07,12,0,0,LARIMER STREET & 19TH STREET,1,1,0,0,1,3,0,,25,0,0,0,0,0,4,2,8
,2017_60704,39.765636,-104.9034645,7/8/2017 19:20,19:20,12,0,0,QUEBEC STREET NORTH & 35TH AVENUE EAST,1,2,0,0,1,1,0,,35,0,0,0,0,1,4,2,13
,2017_60705,39.738456,-104.9902425,7/13/2017 0:30,0:30,5,0,0,14TH AVENUE & BANNOCK STREET NORTH,1,1,0,0,2,4,0,,30,0,0,0,0,0,4,1,5
,2017_60706,39.754305,-104.9942745,7/5/2017 19:45,19:45,12,0,0,20TH STREET & BLAKE STREET,1,1,0,0,1,1,0,,25,0,0,0,0,0,4,2,13
,2017_60707,39.729114,-104.960232,7/5/2017 21:48,21:48,3,0,0,EIGHTH AVENUE EAST & YORK STREET NORTH,1,4,0,0,1,3,0,,,0,0,0,0,1,4,2,13
,2017_60708,39.745152,-105.026805,7/6/2017 0:33,0:33,6,0,1,18TH AVENUE WEST & GROVE STREET NORTH,1,4,0,0,1,4,0,,25,0,0,0,0,2,4,3,7
,2017_60709,39.7512,-105.0205275,7/15/2017 11:29,11:29,6,0,0,23RD AVENUE WEST & CLAY STREET NORTH,1,1,0,0,1,4,0,,,0,0,0,0,0,4,2,13
,2017_60710,39.777993,-104.912901,7/6/2017 7:21,7:21,3,0,0,STAPLETON DRIVE EAST & MONACO STREET NORTH,1,1,0,0,1,1,0,,30,0,0,0,0,1,4,2,13
,2017_60711,39.723705,-104.8837095,7/6/2017 8:00,8:00,3,0,0,LOWRY BOULEVARD EAST & NORTH YOSEMITE WAY,1,1,0,0,1,1,0,,35,0,0,0,0,0,4,2,3
,2017_60712,39.762252,-104.973003,7/6/2017 9:05,9:05,12,0,0,DOWNING STREET 3200 BLOCK NORTH & 33RD AVENUE EAST,1,1,0,0,1,4,0,,,0,0,0,0,0,4,3,14
,2017_60713,39.756456,-105.0093135,7/6/2017 10:06,10:06,12,0,0,15TH STREET & PLATTE STREET,1,1,0,0,1,1,0,,30,0,0,0,0,0,4,2,14
,2017_60714,39.729087,-104.987412,7/6/2017 10:26,10:26,15,0,1,BROADWAY STREET 800 BLOCK NORTH & EIGHTH AVENUE,1,1,0,0,1,4,0,,60,0,0,0,1,2,4,2,16
,2017_60715,39.753711,-104.98635,7/6/2017 11:00,11:00,6,0,0,CURTIS STREET 2300 BLOCK & PARK AVENUE WEST,1,1,0,0,1,4,0,,25,0,0,0,1,0,4,2,13