id,drcog_id,latitude,longitude,crashtime,time,crashtype,numbkilled,numbinjurd,drcoglocat,rdconditin,lightngcon,roadcntgrd,weatherco,location,roaddescrp,constrzone,schoolzone,splimit,bikeinv,pedinv,sctrinv,motoinv,svrty,rdsystem,ttlvehcls,hcf
,2017_60716,39.7512,-105.023601,7/6/2017 12:18,12:18,3,0,0,23RD AVENUE WEST & ELIOT STREET NORTH,1,1,0,0,1,1,0,,25,0,0,0,0,1,4,2,13
,2017_60717,39.720222,-105.0151905,7/6/2017 12:20,12:20,3,0,1,SECOND AVENUE WEST & YUMA STREET NORTH,1,1,0,0,1,1,0,,25,0,0,0,0,2,4,2,7
,2017_60718,39.696561,-104.875272,7/6/2017 12:22,12:22,12,0,0,MISSISSIPPI AVENUE 9700 BLOCK EAST & DAYTON STREET SOUTH,1,1,0,0,1,4,0,,35,0,0,0,0,0,4,2,16
,2017_60719,39.678444,-104.908194,7/6/2017 12:41,12:41,12,0,0,EVANS AVENUE 6800 BLOCK EAST & ONEIDA STREET SOUTH,1,1,1,0,1,4,0,,30,0,0,0,0,0,4,2,3
,2017_60721,39.748203,-104.9634315,7/6/2017 14:01,14:01,3,0,1,21ST AVENUE EAST & RACE STREET NORTH,1,1,0,0,1,1,0,,25,0,0,0,0,2,4,2,13
,2017_60722,39.70215,-104.9875605,7/6/2017 14:28,14:28,15,0,0,BROADWAY STREET 700 BLOCK SOUTH & OHIO AVENUE EAST,1,1,0,0,1,4,0,,30,0,0,0,0,0,4,2,14
,2017_60723,39.771774,-104.903442,7/6/2017 14:40,14:40,12,0,0,QUEBEC STREET NORTH & SMITH ROAD EAST,1,1,0,0,1,2,0,,45,0,0,0,0,0,4,2,1
,2017_60724,39.738456,-104.9976405,7/6/2017 15:45,15:45,5,0,0,SPEER BOULEVARD & 14TH AVENUE WEST,1,1,0,0,3,4,0,,30,0,0,0,0,0,4,1,13
,2017_60725,39.757158,-105.0158205,7/6/2017 16:09,16:09,15,0,0,ZUNI STREET & 28TH AVENUE WEST,1,1,1,0,1,4,0,,30,0,0,0,0,0,4,2,13
,2017_60726,39.711222,-104.904423,7/6/2017 16:20,16:20,12,0,0,ALAMEDA AVENUE EAST & POPLAR STREET SOUTH,1,1,1,0,1,4,0,,35,0,0,0,0,1,4,2,13
,2017_60727,39.75633,-105.015852,7/6/2017 16:37,16:37,3,0,0,SPEER BOULEVARD & ZUNI STREET NORTH,1,1,0,0,1,1,0,,35,0,0,0,0,0,4,2,7
,2017_60728,39.735243,-104.98617,7/6/2017 16:45,16:45,12,0,0,LINCOLN STREET NORTH & 12TH AVENUE EAST,1,1,0,0,1,3,0,,,0,0,0,0,1,4,3,13
,2017_60729,39.77794247,-104.95827,7/6/2017 16:50,16:50,12,0,0,JOSEPHINE STREET & 4400 BLOCK NORTH,1,1,0,0,1,4,0,,30,0,0,0,0,0,4,2,7
,2017_60730,39.736773,-104.946174,7/6/2017 17:03,17:03,3,0,1,13TH AVENUE EAST & MADISON STREET NORTH,1,1,0,0,1,1,0,,30,0,0,0,0,2,4,2,13
,2017_60731,39.729123,-104.9407875,7/6/2017 18:27,18:27,12,0,0,EIGHTH AVENUE EAST & COLORADO BOULEVARD NORTH,1,1,0,0,1,4,0,,30,0,0,0,0,0,4,2,7
,2017_60732,39.709413,-105.0298155,7/6/2017 19:35,19:35,15,0,0,DAKOTA AVENUE WEST & IRVING STREET SOUTH,1,1,0,0,1,4,0,,25,0,0,0,0,0,4,2,13
,2017_60733,39.747015,-104.989761,7/7/2017 11:58,11:58,15,0,0,CALIFORNIA STREET & 18TH STREET,1,1,0,0,1,3,0,,30,0,0,0,0,0,4,2,1
,2017_60734,39.795579,-104.7963105,7/6/2017 19:43,19:43,15,0,0,MAXWELL PLACE EAST & MEMPHIS STREET NORTH,1,1,0,0,1,3,0,,30,0,0,0,0,0,4,2,14
,2017_60735,39.743244,-104.978736,7/6/2017 21:11,21:11,15,0,0,17TH AVENUE EAST & WASHINGTON STREET NORTH,1,2,0,0,1,1,0,,25,0,0,0,0,0,4,2,16
,2017_60736,39.769272,-105.006456,7/6/2017 21:37,21:37,12,0,0,38TH AVENUE 1600 BLOCK WEST & PECOS STREET NORTH,1,3,0,0,1,4,0,,35,0,0,0,0,1,4,2,1
,2017_60737,39.729087,-104.987412,7/6/2017 23:22,23:22,3,0,0,BROADWAY SOUTH & EIGHTH AVENUE WEST,1,3,0,0,1,2,0,,,0,0,0,0,0,4,3,13
,2017_60738,39.762,-104.919966,7/7/2017 2:51,2:51,5,0,1,MLK BOULEVARD EAST & IVY STREET NORTH,1,3,0,0,2,1,0,,30,0,0,0,0,2,4,1,2
,2017_60739,39.678624,-105.0250365,7/7/2017 6:35,6:35,12,0,0,EVANS AVENUE 3000 BLOCK WEST & FEDERAL BOULEVARD SOUTH,1,1,0,0,1,4,0,,30,0,0,0,0,0,4,2,13
,2017_60740,39.844602,-104.6809395,7/7/2017 7:20,7:20,12,0,0,PENA BOULEVARD 4000 BLOCK & 40TH AVENUE EAST,1,1,0,0,1,1,0,,35,0,0,0,0,0,4,2,13
,2017_60741,39.73895282,-105.041673,7/7/2017 8:10,8:10,6,0,0,RALEIGH STREET & 17TH AVENUE WEST,1,1,0,0,1,2,0,,25,0,0,0,0,0,4,2,13
,2017_60742,39.761964,-104.903451,7/7/2017 8:33,8:33,15,0,0,QUEBEC STREET 3200 BLOCK NORTH & MLK BOULEVARD EAST,1,1,0,0,1,4,0,,30,0,0,0,0,0,4,2,14
,2017_60743,39.765258,-104.892543,7/7/2017 9:07,9:07,3,0,0,UINTA STREET NORTH & 35TH AVENUE EAST,1,1,0,0,1,1,0,,30,0,0,0,0,0,4,2,8
,2017_60744,39.650112,-104.8974165,7/9/2017 5:52,5:52,6,0,0,JEFFERSON AVENUE & 5544 EAST JEFFERSON AVENUE,1,2,0,0,1,4,0,,25,0,0,0,0,0,4,2,5
,2017_60745,39.711114,-104.9605605,7/7/2017 9:59,9:59,3,0,0,YORK STREET SOUTH & ALAMEDA AVENUE EAST,1,1,1,0,1,1,0,,25,0,0,0,0,0,4,2,7
,2017_60746,39.750192,-105.0047415,7/7/2017 10:39,10:39,3,0,0,SPEER BOULEVARD NORTH & WEWATTA STREET,1,1,0,0,1,1,0,,35,0,0,0,0,0,4,2,14
,2017_60747,39.720204,-104.903622,7/7/2017 11:07,11:07,3,0,1,QUEBEC STREET NORTH & SECOND AVENUE EAST,1,1,1,0,1,1,0,,35,0,0,0,0,2,4,2,3
,2017_60748,39.767382,-104.90346,7/7/2017 12:07,12:07,12,0,0,QUEBEC STREET NORTH & 36TH AVENUE EAST,1,1,0,0,1,3,0,,45,0,0,0,0,0,4,3,7
,2017_60749,39.767607,-104.975361,7/7/2017 12:44,12:44,3,0,0,35TH STREET & WALNUT STREET,1,1,0,0,1,1,0,,25,0,0,0,0,0,4,2,16
,2017_60750,39.748446,-105.0033735,7/7/2017 12:57,12:57,15,0,0,AURARIA PARKWAY 900 BLOCK & SPEER BOULEVARD,1,1,0,0,1,4,0,,35,0,0,0,0,0,4,2,13
,2017_60751,39.66309,-104.9644845,7/7/2017 13:10,13:10,3,0,1,RACE STREET SOUTH & CORNELL AVENUE EAST,1,1,0,0,1,3,0,,25,0,0,0,0,2,4,2,13
,2017_60752,39.703851,-104.95935,7/7/2017 13:29,13:29,12,0,0,EXPOSITION AVENUE 2400 BLOCK EAST & UNIVERSITY BOULEVARD SOUTH,1,1,1,0,1,3,0,,25,0,0,0,0,0,4,2,3
,2017_60753,39.738357,-104.9529735,7/7/2017 13:32,13:32,10,0,0,14TH AVENUE EAST & FILLMORE STREET NORTH,1,1,0,0,1,1,0,,30,0,0,0,0,1,4,2,7
,2017_60754,39.713103,-104.9141925,7/8/2017 14:45,14:45,6,0,0,CEDAR AVENUE EAST & LOCUST STREET SOUTH,1,1,0,0,1,4,0,,25,0,0,0,0,0,4,2,14
,2017_60755,39.714957,-105.039693,7/7/2017 14:30,14:30,6,0,0,PERRY STREET SOUTH & BAYAUD AVENUE WEST,1,1,0,0,1,1,0,,25,0,0,0,0,0,4,2,6
,2017_60756,39.75669,-104.9998815,7/7/2017 15:30,15:30,12,0,0,CHESTNUT PLACE & 19TH STREET,1,1,0,0,1,3,1,,25,0,0,0,0,0,4,2,14
,2017_60757,39.75669,-104.9998815,7/7/2017 15:30,15:30,12,0,0,CHESTNUT PLACE & 19TH STREET,1,1,0,0,1,3,0,,25,0,0,0,0,0,4,2,14
,2017_60758,39.720915,-104.98626,7/7/2017 16:26,16:26,6,0,1,LINCOLN STREET & THIRD AVENUE EAST,1,1,0,0,1,4,0,,30,0,0,0,0,2,4,3,14
,2017_60759,39.737259,-104.9104845,7/16/2017 3:59,3:59,5,0,0,13TH AVENUE EAST & NIAGARA STREET NORTH,1,3,0,0,2,4,0,,30,0,0,0,0,0,4,1,13
,2017_60760,39.741426,-104.9988915,7/7/2017 16:42,16:42,12,0,0,SPEER BOULEVARD NORTH & STOUT STREET,1,1,1,0,1,1,0,,30,0,0,0,0,1,4,2,13
,2017_60761,39.761118,-105.008094,7/7/2017 17:32,17:32,3,0,0,BOULDER STREET NORTH & 18TH STREET WEST,1,1,0,6,1,1,0,,25,0,0,0,0,0,4,2,13
,2017_60762,39.678426,-104.9395905,7/7/2017 17:46,17:46,3,0,0,EVANS AVENUE EAST & ALBION STREET SOUTH,1,1,0,0,1,2,0,,40,0,0,0,1,0,4,2,13
,2017_60763,39.730509,-104.998671,7/7/2017 18:10,18:10,3,0,0,SANTA FE DRIVE NORTH & NINTH AVENUE WEST,1,1,0,0,1,1,0,,25,0,0,0,0,0,4,2,13
,2017_60764,39.71655,-105.0384915,7/7/2017 18:14,18:14,6,0,0,OSCEOLA STREET & 1010 SOUTH OSCEOLA STREET,1,1,0,0,1,4,0,,30,0,0,0,0,0,4,3,14
,2017_60765,39.696732,-105.043707,7/7/2017 19:01,19:01,1,0,0,TENNYSON STREET SOUTH & MISSISSIPPI AVENUE WEST,1,1,0,0,1,1,0,,25,0,0,0,0,0,4,2,7
,2017_60766,39.683988,-104.976963,7/7/2017 20:13,20:13,6,0,0,EMERSON STREET & COLORADO AVENUE EAST,1,1,0,0,1,4,0,,25,0,0,0,0,0,4,2,5
,2017_60767,39.738816,-104.99499,7/7/2017 21:00,21:00,15,0,0,FOX STREET 1400 BLOCK NORTH & 14TH AVENUE EAST,1,3,0,0,1,4,0,,30,0,0,0,0,0,4,2,16
,2017_60768,39.745566,-104.995152,7/7/2017 21:45,21:45,12,0,0,CHAMPA STREET & 15TH STREET,1,3,0,0,1,4,0,,25,0,0,0,0,0,4,2,13
,2017_60769,39.725379,-105.0074505,7/7/2017 23:14,23:14,5,0,0,SIXTH AVENUE WEST FRONTAGE SOUTH NOT CDOT & QUIVAS STREET NORTH,1,4,0,0,4,1,0,,30,0,0,0,0,0,4,1,14
,2017_60770,39.752154,-104.9988465,7/8/2017 0:10,0:10,12,0,0,WAZEE STREET & 17TH STREET,1,3,0,0,1,4,0,,,0,0,0,0,0,4,3,13
,2017_60771,39.788532,-104.828274,7/8/2017 9:17,9:17,14,0,0,CROWN BOULEVARD NORTH & 51ST AVENUE EAST,1,1,0,0,1,4,0,,25,0,0,0,0,0,4,2,13
,2017_60772,39.750255,-105.001182,7/8/2017 10:00,10:00,6,0,0,15TH STREET & WAZEE STREET,1,1,0,0,3,4,0,,25,0,0,0,0,0,4,2,7
,2017_60773,39.75444,-104.9598,7/8/2017 12:26,12:26,3,0,0,26TH AVENUE EAST & YORK STREET NORTH,1,1,0,0,1,1,0,,30,0,0,0,0,0,4,2,13
,2017_60774,39.738393,-104.973048,10/11/2017 16:56,16:56,6,0,0,14TH AVENUE EAST & DOWNING STREET NORTH,1,1,0,0,1,4,0,,30,0,0,0,0,0,4,2,14
,2017_60775,39.735243,-104.98617,7/9/2017 0:10,0:10,12,0,0,12TH AVENUE EAST & LINCOLN STREET NORTH,1,5,0,0,1,3,0,,,0,0,0,0,0,4,2,13
,2017_60776,39.618297,-105.0913845,7/8/2017 12:51,12:51,1,0,0,CRESTLINE AVENUE & WADSWORTH BOULEVARD SOUTH,1,1,0,0,1,2,0,,20,0,0,0,1,1,4,2,8
,2017_60777,39.716559,-104.9875155,7/8/2017 12:55,12:55,12,0,0,BROADWAY STREET 0000 BLOCK NORTH & ELLSWORTH AVENUE EAST,1,1,0,0,1,4,0,,30,0,0,0,0,0,4,2,8
,2017_60778,39.765258,-104.892543,7/8/2017 14:00,14:00,3,0,0,UINTA STREET NORTH & 35TH AVENUE EAST,1,1,0,0,1,1,0,,,0,0,0,0,0,4,2,13
,2017_60779,39.729078,-104.982408,7/9/2017 6:55,6:55,12,0,0,LOGAN STREET 700 BLOCK NORTH & EIGHTH AVENUE EAST,1,1,0,0,1,1,0,,30,0,0,0,0,1,4,2,5
,2017_60780,39.685698,-104.912892,7/8/2017 15:41,15:41,12,0,0,MONACO STREET SOUTH & MEXICO AVENUE EAST,1,1,0,0,1,4,0,,30,0,0,0,0,0,4,3,7
,2017_60781,39.729087,-104.965884,7/8/2017 18:20,18:20,10,0,0,EIGHTH AVENUE EAST & WILLIAMS STREET NORTH,1,1,0,0,1,1,0,,30,0,0,0,0,0,4,2,1
,2017_60782,39.709305,-104.9863905,7/8/2017 19:14,19:14,15,0,0,LINCOLN STREET 300 BLOCK SOUTH & DAKOTA AVENUE EAST,1,1,0,0,1,4,0,,30,0,0,0,0,0,4,2,16
,2017_60783,39.674835,-104.9594175,7/8/2017 19:31,19:31,15,0,0,UNIVERSITY BOULEVARD SOUTH & ILIFF AVENUE EAST,1,1,0,0,1,1,0,,35,0,0,0,0,0,4,2,1
,2017_60784,39.723435,-104.983794,7/8/2017 19:38,19:38,12,0,0,GRANT STREET NORTH & SPEER BOULEVARD EAST,1,2,0,0,1,1,0,,30,0,0,0,0,0,4,2,8
,2017_60785,39.678156,-105.05727,7/8/2017 22:00,22:00,6,0,0,GREEN MEADOWS PLACE WEST & DEPEW STREET,1,1,0,0,1,4,0,,,0,0,0,0,0,4,2,13
,2017_60786,39.729087,-104.987412,7/8/2017 23:15,23:15,10,0,0,EIGHTH AVENUE EAST & BROADWAY NORTH,1,3,0,0,1,1,0,,,0,0,0,0,0,4,2,13
,2017_60787,39.783609,-104.7913916,7/8/2017 23:35,23:35,12,0,0,PENA BOULEVARD 5800 BLOCK & 48TH AVENUE,1,3,0,0,1,4,0,,55,0,0,0,0,0,4,2,7
,2017_60788,39.753612,-104.993451,7/8/2017 23:55,23:55,1,0,0,20TH STREET & MARKET STREET,1,1,0,0,1,1,0,,30,0,0,0,0,1,4,2,13
,2017_60789,39.725487,-105.0405435,7/9/2017 1:57,1:57,5,0,0,QUITMAN STREET NORTH & SIXTH AVENUE WEST FRONTAGE NORTH NOT CDOT,1,3,1,0,2,1,0,,25,0,0,0,0,0,4,1,1
,2017_60790,39.76853079,-104.9740798,7/9/2017 2:51,2:51,12,0,0,WALNUT STREET 3600 BLOCK & 36TH STREET,1,3,0,0,1,3,0,,25,0,0,0,0,0,4,2,3
,2017_60791,39.74166,-104.981094,7/9/2017 3:10,3:10,3,0,0,16TH AVENUE EAST & PENNSYLVANIA STREET NORTH,1,3,0,0,1,1,0,,25,0,0,0,0,0,4,2,13
,2017_60792,39.750984,-105.020523,7/9/2017 8:05,8:05,15,0,0,RIVER DRIVE WEST & CLAY STREET NORTH,1,1,0,0,1,4,0,,25,0,0,0,0,0,4,2,13
,2017_60793,39.7432567,-104.9633969,7/9/2017 8:30,8:30,5,0,0,RACE STREET 1700 BLOCK NORTH & 17TH AVENUE EAST,1,1,0,0,3,4,0,,30,0,0,0,0,0,4,1,13
,2017_60794,39.736872,-104.970681,7/9/2017 11:30,11:30,3,0,0,13TH AVENUE EAST & LAFAYETTE STREET NORTH,1,1,0,0,1,1,0,,30,0,0,0,0,0,4,2,13
,2017_60795,39.745593,-104.901093,7/9/2017 11:32,11:32,6,0,0,19TH AVENUE EAST & ROSLYN STREET NORTH,1,1,0,0,1,4,0,,20,0,0,0,0,0,4,3,7
,2017_60796,39.696624,-104.9874525,7/9/2017 12:15,12:15,12,0,0,BROADWAY STREET 1000 BLOCK SOUTH & MISSISSIPPI AVENUE EAST,1,1,0,0,1,4,0,,30,0,0,0,0,0,4,2,2
,2017_60797,39.780765,-104.9668335,7/16/2017 4:30,4:30,5,0,0,46TH AVENUE EAST & BRIGHTON BOULEVARD NORTH,1,3,1,0,2,4,0,,30,0,0,0,0,0,4,1,1
,2017_60798,39.751614,-105.002991,7/9/2017 13:09,13:09,12,0,0,15TH STREET & WEWATTA STREET,1,1,0,0,1,1,0,,25,0,0,0,0,0,4,2,13
,2017_60799,39.769335,-105.0276105,7/9/2017 13:44,13:44,3,0,0,38TH AVENUE WEST & GROVE STREET NORTH,1,1,1,0,1,1,0,,35,0,0,0,0,0,4,2,1
,2017_60800,39.689325,-104.8967235,7/9/2017 14:11,14:11,12,0,1,FLORIDA AVENUE EAST & QUEBEC WAY SOUTH,1,1,1,0,1,1,0,,30,0,0,0,0,2,4,2,10
,2017_60801,39.75444,-104.9598,7/9/2017 16:29,16:29,3,0,0,YORK STREET NORTH & 26TH AVENUE EAST,1,1,0,0,1,1,0,,30,0,0,0,0,0,4,2,3
,2017_60802,39.733623,-104.9941215,7/9/2017 16:54,16:54,12,0,0,SPEER BOULEVARD NORTH & 11TH AVENUE WEST,1,1,0,0,1,1,0,,30,0,0,0,0,0,4,3,13
,2017_60803,39.751704,-104.9837445,7/9/2017 18:47,18:47,12,0,0,CALIFORNIA STREET 2300 BLOCK & PARK AVENUE WEST,1,1,0,0,1,4,0,,35,0,0,0,0,0,4,2,12
,2017_60804,39.780639,-104.813451,7/9/2017 19:28,19:28,3,0,0,FONTANA COURT NORTH & BOLLING DRIVE EAST,1,3,1,0,1,1,0,,25,0,0,0,0,0,4,2,13
,2017_60805,39.69846,-105.026382,7/9/2017 21:00,21:00,6,0,0,GROVE STREET SOUTH & TENNESSEE AVENUE WEST,1,3,0,0,1,1,0,,25,0,0,0,0,0,4,3,9
,2017_60806,39.783609,-104.7913916,7/9/2017 21:44,21:44,12,0,0,PENA BOULEVARD & GREEN VALLEY RANCH BOULEVARD EAST,1,3,1,0,1,1,0,,40,0,0,0,0,0,4,2,14
,2017_60807,39.772962,-104.975442,7/9/2017 22:33,22:33,12,0,0,38TH STREET & BRIGHTON BOULEVARD,1,3,0,0,1,3,0,,30,0,0,0,0,0,4,2,3
,2017_60808,39.738375,-104.9622525,7/10/2017 6:05,6:05,3,0,0,14TH AVENUE EAST & VINE STREET NORTH,1,1,0,0,1,1,0,,25,0,0,0,0,0,4,2,13
,2017_60809,39.778722,-104.9222925,7/10/2017 7:05,7:05,3,0,0,HOLLY STREET NORTH & STAPLETON NORTH DRIVE EAST,1,1,0,0,1,1,0,,35,0,0,0,0,0,4,2,7
,2017_60810,39.77575178,-105.0287141,7/26/2017 13:24,13:24,6,0,0,HOOKER STREET 4300 BLOCK NORTH & 44TH AVENUE,14,5,0,0,1,4,0,,,0,0,0,0,0,4,2,13
,2017_60811,39.681486,-104.952231,7/10/2017 7:45,7:45,12,0,0,BUCHTEL BOULEVARD 2900 BLOCK EAST & MILWAUKEE STREET SOUTH,1,1,0,0,1,4,0,,30,0,0,0,0,0,4,3,3
,2017_60812,39.742596,-104.90346,7/10/2017 7:55,7:55,12,0,0,QUEBEC STREET 1600 BLOCK NORTH & BATAVIA PLACE,1,1,0,0,1,4,0,,30,0,0,0,0,1,4,4,13
,2017_60813,39.678489,-104.9687415,7/10/2017 7:55,7:55,3,0,1,EVANS AVENUE & FRANKLIN STREET SOUTH,1,1,0,0,1,2,0,,35,0,0,0,0,2,4,2,13
,2017_60814,39.771738,-105.0064335,7/10/2017 9:34,9:34,6,0,0,40TH AVENUE & PECOS STREET NORTH,1,1,0,0,1,4,0,,25,0,0,0,0,0,4,2,14
,2017_60815,39.653082,-104.884785,7/10/2017 9:42,9:42,12,0,0,YOSEMITE STREET SOUTH & HAMPDEN AVENUE EAST,1,1,1,0,1,4,0,,35,0,0,0,0,0,4,2,13
,2017_60816,39.731292,-104.9034735,7/10/2017 10:06,10:06,5,0,0,QUEBEC STREET NORTH & 10TH AVENUE EAST,1,1,0,0,2,3,0,,30,0,0,0,0,0,4,1,3
,2017_60817,39.767049,-104.9843205,7/10/2017 12:02,12:02,6,0,0,ARKINS COURT & 31ST,1,1,1,0,1,1,1,,30,0,0,0,0,0,4,2,7
,2017_60818,39.678435,-104.9352615,7/10/2017 13:29,13:29,3,0,0,EVANS AVENUE EAST & CLERMONT STREET SOUTH,1,1,0,0,1,1,0,,35,0,0,0,0,0,4,2,13
,2017_60819,39.75559659,-105.0103035,7/10/2017 13:47,13:47,12,0,0,PLATTE STREET 1400 BLOCK & 15TH STREET,1,1,1,0,1,4,0,,60,0,0,0,0,0,4,2,13
,2017_60820,39.757608,-104.9865705,7/10/2017 13:50,13:50,12,0,0,25TH STREET 1300 BLOCK & LARIMER STREET,1,1,0,0,1,4,0,,25,0,0,0,0,0,4,2,13
,2017_60821,39.729312,-105.03513,7/10/2017 14:12,14:12,10,0,0,LOWELL BOULEVARD & EIGHTH AVENUE WEST,1,1,1,0,1,2,0,,25,0,0,0,0,0,4,2,13
,2017_60822,39.781782,-104.772267,7/10/2017 14:30,14:30,3,0,0,47TH AVENUE 18500 BLKE & TOWER ROAD NORTH,1,1,0,0,1,1,0,,25,0,0,0,0,0,4,2,8
,2017_60823,39.714804,-105.0109515,7/10/2017 14:38,14:38,3,0,0,BAYAUD AVENUE WEST & TEJON STREET SOUTH,1,1,0,0,1,1,0,,25,0,0,0,0,0,4,2,13
,2017_60824,39.761964,-104.903451,7/10/2017 15:16,15:16,15,0,0,MLK BOULEVARD EAST & QUEBEC STREET NORTH,1,1,0,0,1,4,0,,35,0,0,0,0,0,4,2,3
,2017_60825,39.715659,-104.9875335,7/10/2017 15:32,15:32,12,0,0,BROADWAY STREET SOUTH & ARCHER PLACE WEST,1,1,0,0,1,4,0,,30,0,0,0,0,0,4,3,13
,2017_60826,39.780621,-104.841774,7/10/2017 15:43,15:43,8,0,0,46TH AVENUE 12900 BLOCK EAST & TULSA COURT NORTH,1,1,0,0,1,4,0,,25,0,0,0,0,1,4,2,16
,2017_60827,39.64762425,-104.9023514,7/10/2017 16:28,16:28,3,0,0,QUINCY AVENUE & 7800 BLOCK WEST,1,1,0,0,1,2,0,,40,0,0,0,0,0,4,2,13
,2017_60828,39.778047,-104.8471245,7/10/2017 17:32,17:32,12,0,0,PEORIA STREET NORTH & 45TH AVENUE EAST,1,1,0,0,1,1,0,,35,0,0,0,0,0,4,2,3
,2017_60829,39.678435,-104.9251905,7/10/2017 18:00,18:00,15,0,0,EVANS AVENUE EAST & GRAPE STREET SOUTH,1,1,0,0,1,1,0,,35,0,0,0,0,0,4,2,13
,2017_60830,39.732039,-104.972994,7/10/2017 20:23,20:23,6,0,1,10TH AVENUE & DOWNING STREET NORTH,1,2,0,0,1,4,0,,25,0,0,0,1,2,4,2,5
,2017_60831,39.76330735,-104.9658154,7/10/2017 21:21,21:21,6,0,0,33RD AVENUE & 1805 EAST 33RD AVENUE,1,4,0,0,5,5,0,,20,0,0,0,0,0,3,2,9
,2017_60832,39.739986,-104.986125,7/11/2017 6:27,6:27,15,0,0,LINCOLN STREET 1400 BLOCK NORTH & COLFAX AVENUE EAST,1,1,0,0,1,4,0,,30,0,0,0,0,0,4,2,13
,2017_60833,39.7859126,-104.9800304,7/11/2017 9:00,9:00,6,0,0,PEARL STREET & 900 BLOCK NORTH,1,1,0,0,1,4,0,,25,0,0,0,0,0,4,3,14
,2017_60834,39.740985,-104.9697315,7/14/2017 18:10,18:10,3,0,0,PARK AVENUE & HUMBOLDT STREET,1,1,1,7,1,1,0,,30,0,0,0,0,0,4,2,3
,2017_60836,39.678435,-104.922234,7/11/2017 12:45,12:45,12,0,0,EVANS AVENUE EAST & HOLLY STREET SOUTH,1,1,0,7,1,1,0,,35,0,0,0,0,0,4,2,16
,2017_60837,39.733695,-105.0040935,7/11/2017 13:26,13:26,6,0,0,11TH AVENUE 1100 BLOCK WEST & NAVAJO STREET NORTH,1,1,0,0,1,4,0,,25,0,0,0,0,0,4,2,13
,2017_60838,39.772899,-104.94756,7/26/2017 10:16,10:16,6,0,0,COOK STREET & 5075 NORTH COOK STREET,1,1,0,0,1,4,0,,25,0,0,0,0,0,4,2,13
,2017_60839,39.736863,-104.982336,7/11/2017 14:10,14:10,10,0,0,LOGAN STREET & 13TH AVENUE EAST,1,1,1,0,1,2,0,,30,0,0,0,0,0,4,2,3
,2017_60840,39.768156,-104.973354,7/11/2017 14:24,14:24,15,0,0,DOWNING STREET NORTH & 37TH AVENUE EAST,1,1,0,7,1,1,0,,30,0,0,0,0,0,4,2,16
,2017_60841,39.750192,-105.0047415,10/13/2017 9:46,9:46,1,0,0,SPEER BOULEVARD & WEWATTA STREET,1,1,1,0,1,1,0,,35,0,0,0,0,0,4,2,13
,2017_60842,39.774294,-104.8193505,7/11/2017 15:13,15:13,6,0,0,EUGENE WAY NORTH & ANDREWS DRIVE EAST,1,1,0,0,1,4,0,,25,0,0,0,0,0,4,2,13
,2017_60843,39.761946,-104.946264,7/11/2017 15:30,15:30,5,0,0,MLK BOULEVARD EAST & MADISON NORTH,1,1,0,7,2,4,0,,35,0,0,0,0,1,4,1,16
,2017_60844,39.764502,-104.9659335,7/11/2017 17:02,17:02,3,0,0,BRUCE RANDOLPH AVENUE EAST & WILLIAMS STREET NORTH,1,1,0,7,1,1,0,,30,0,0,0,0,1,4,2,14
,2017_60845,39.744846,-104.987394,7/11/2017 17:50,17:50,3,0,0,BROADWAY NORTH & TREMONT PLACE,1,1,0,0,1,1,0,,30,0,0,0,0,0,4,2,13
,2017_60846,39.73190582,-104.9861681,7/12/2017 11:00,11:00,15,0,0,LINCOLN STREET & 1900 BLOCK NORTH,1,1,1,0,1,4,0,,,0,0,0,0,0,4,3,13
,2017_60847,39.729267,-104.9034735,7/12/2017 18:44,18:44,12,0,0,QUEBEC STREET 800 BLOCK NORTH & EIGHTH AVENUE EAST,1,1,0,0,1,4,0,,30,0,0,0,0,0,4,2,14
,2017_60848,39.74568638,-104.9034251,7/11/2017 18:31,18:31,12,0,0,QUEBEC STREET 1800 BLOCK NORTH & 19TH AVENUE EAST,1,1,0,0,1,4,0,,30,0,0,0,0,1,4,3,3
,2017_60849,39.718206,-104.954625,7/11/2017 19:30,19:30,14,0,0,DETROIT STREET & FIRST AVENUE EAST,1,1,0,0,6,3,0,,30,0,0,0,0,0,4,2,10
,2017_60850,39.725496,-104.878611,7/11/2017 21:08,21:08,3,0,0,ALTON WAY & LOWRY BOULEVARD,1,1,0,0,1,1,0,,35,0,0,0,0,0,4,2,7
,2017_60851,39.638664,-104.89266,7/11/2017 21:50,21:50,1,0,0,QUINCY AVENUE EAST & TAMARAC STREET SOUTH,1,3,0,0,1,1,0,,20,0,0,0,0,0,4,2,13
,2017_60852,39.750255,-105.001182,7/11/2017 21:58,21:58,1,0,0,15TH STREET & WAZEE STREET,1,3,0,0,1,3,0,,25,0,0,0,0,1,4,2,7
,2017_60853,39.716568,-105.027552,7/11/2017 22:50,22:50,3,0,0,HAZEL COURT & 1812 SOUTH HAZEL COURT,1,2,0,0,1,2,0,,20,0,0,0,0,0,4,2,13
,2017_60854,39.75975,-104.9820525,7/12/2017 0:36,0:36,3,0,1,28TH STREET & LAWRENCE STREET,1,3,0,0,1,1,0,,30,0,0,0,0,2,4,2,13