id,drcog_id,latitude,longitude,crashtime,time,crashtype,numbkilled,numbinjurd,drcoglocat,rdconditin,lightngcon,roadcntgrd,weatherco,location,roaddescrp,constrzone,schoolzone,splimit,bikeinv,pedinv,sctrinv,motoinv,svrty,rdsystem,ttlvehcls,hcf
,2017_60855,39.738357,-104.9573835,7/12/2017 3:04,3:04,6,0,0,14TH AVENUE EAST & COLUMBINE STREET NORTH,1,3,0,0,1,4,0,,35,0,0,0,0,0,4,3,3
,2017_60856,39.654279,-104.8988205,7/12/2017 7:29,7:29,3,0,0,TAMARAC STREET SOUTH & GIRARD AVENUE EAST,1,1,0,0,1,1,0,,35,0,0,0,0,0,4,2,13
,2017_60857,39.773016,-105.0054255,7/12/2017 8:00,8:00,6,0,0,41ST AVENUE WEST & OSAGE STREET NORTH,1,3,0,0,1,4,0,,25,0,0,0,0,0,4,2,14
,2017_60858,39.674835,-104.9594175,7/12/2017 8:36,8:36,1,0,0,UNIVERSITY BOULEVARD SOUTH & ILIFF AVENUE EAST,1,1,1,0,1,1,0,,30,0,0,0,0,0,4,2,14
,2017_60859,39.77490155,-105.0322724,7/12/2017 9:46,9:46,6,0,1,KNOX COURT & 960 BLOCK NORTH,1,1,0,0,1,4,0,,25,0,0,0,0,2,4,2,3
,2017_60860,39.736476,-104.9361615,7/12/2017 9:48,9:48,5,0,1,13TH AVENUE 4400 BLOCK EAST & BIRCH STREET NORTH,1,1,0,0,3,4,0,,30,0,0,0,0,2,4,1,16
,2017_60861,39.778686,-104.912874,7/12/2017 12:31,12:31,12,0,0,MONACO STREET NORTH & STAPLETON NORTH DRIVE EAST,1,1,0,0,1,3,0,,35,0,0,0,0,0,4,2,13
,2017_60862,39.738375,-104.961015,7/12/2017 13:50,13:50,12,0,0,14TH AVENUE EAST & GAYLORD STREET NORTH,1,1,0,0,1,3,0,,30,0,0,0,0,0,4,2,8
,2017_60863,39.678507,-104.973444,7/12/2017 14:03,14:03,15,0,0,EVANS AVENUE EAST & DOWNING STREET,1,1,0,0,1,1,0,,30,0,0,0,0,0,4,2,7
,2017_60864,39.68577,-104.9875425,7/12/2017 14:24,14:24,15,0,0,BROADWAY STREET 1700 BLOCK SOUTH & MEXICO AVENUE WEST,1,1,0,0,1,4,0,,35,0,0,0,0,0,4,2,13
,2017_60865,39.696732,-105.02037,7/12/2017 14:32,14:32,3,0,0,CLAY STREET SOUTH & MISSISSIPPI AVENUE WEST,1,1,0,0,1,1,0,,35,0,0,0,0,0,4,3,7
,2017_60866,39.737268,-104.8846815,7/12/2017 15:34,15:34,3,0,0,YOSEMITE STREET NORTH & 13TH AVENUE EAST,1,1,0,7,1,1,0,,30,0,0,0,0,0,4,2,16
,2017_60867,39.75237,-104.984631,7/12/2017 15:34,15:34,12,0,0,PARK AVENUE WEST 700 & STOUT STREET,1,1,0,0,1,3,0,,30,0,0,0,0,1,4,2,7
,2017_60868,39.74744149,-104.8958575,7/12/2017 15:38,15:38,12,0,0,MONTVIEW BOULEVARD & 7200 BLOCK EAST,1,1,0,0,1,4,0,,30,0,0,0,0,0,4,5,12
,2017_60869,39.7611,-104.983794,7/12/2017 16:21,16:21,3,0,0,WALNUT STREET & 28TH STREET,1,1,0,0,1,1,0,,25,0,0,0,0,1,4,2,3
,2017_60870,39.719322,-104.979123,7/12/2017 16:33,16:33,3,0,0,WASHINGTON STREET NORTH & SECOND AVENUE EAST,1,1,0,0,1,1,0,,,0,0,0,0,1,4,2,3
,2017_60871,39.732093,-104.9439825,7/12/2017 17:40,17:40,3,0,0,10TH AVENUE EAST & GARFIELD STREET NORTH,1,1,0,0,1,1,0,,25,0,0,0,0,0,4,2,7
,2017_60872,39.724137,-104.9875065,7/12/2017 21:41,21:41,10,0,0,BROADWAY NORTH & FIFTH AVENUE EAST,1,3,0,0,1,4,0,,30,0,0,0,0,0,4,3,8
,2017_60873,39.742596,-104.90346,7/12/2017 22:48,22:48,8,0,0,QUEBEC STREET & BATAVIA PLACE EAST,1,3,0,0,1,4,0,,30,0,0,0,0,0,4,2,5
,2017_60874,39.667626,-104.908572,7/13/2017 6:47,6:47,12,0,0,YALE AVENUE 6700 BLOCK EAST & NORMAN COURT SOUTH,1,1,0,0,1,4,0,,30,0,0,0,0,0,4,2,3
,2017_60875,39.759282,-104.993892,7/13/2017 7:06,7:06,12,0,0,PARK AVENUE WEST & WEWATTA STREET,1,1,0,0,1,4,0,,35,0,0,0,0,0,4,2,3
,2017_60876,39.756141,-104.991912,7/13/2017 7:57,7:57,15,0,0,22ND STREET & BLAKE STREET,1,1,0,0,1,4,0,,30,0,0,0,0,0,4,2,13
,2017_60877,39.79188,-104.944824,7/13/2017 8:10,8:10,6,0,0,MONROE STREET 5200 BLOCK NORTH & 52ND AVENUE NORTH,1,1,0,0,1,4,0,,25,0,0,0,0,0,4,2,14
,2017_60878,39.732984,-105.0394815,7/13/2017 10:02,10:02,3,0,0,10TH AVENUE WEST & PERRY STREET NORTH,1,1,0,0,1,1,0,,25,0,0,0,0,0,4,2,14
,2017_60879,39.728934,-104.9906115,1/22/2017 3:00,3:00,3,0,0,SPEER BOULEVARD & EIGHTH AVENUE WEST,1,3,1,7,1,1,0,,35,0,0,0,0,0,4,2,16
,2017_60880,39.798396,-104.786415,7/14/2017 7:28,7:28,12,0,0,56TH AVENUE EAST & PENA BOULEVARD,1,1,0,0,1,4,0,,35,0,0,0,0,0,4,2,1
,2017_60881,39.741822,-104.9859225,7/13/2017 10:10,10:10,15,0,0,LINCOLN STREET 1600 BLOCK NORTH & 16TH AVENUE EAST,1,1,0,0,1,4,0,,30,0,0,0,0,0,4,2,13
,2017_60882,39.79458,-104.76468,7/13/2017 10:50,10:50,6,0,0,CEYLON COURT NORTH & 55TH AVENUE EAST,1,1,1,0,1,3,0,,30,0,0,0,0,0,4,2,8
,2017_60883,39.772863,-104.9406435,7/13/2017 11:44,11:44,15,0,0,40TH AVENUE EAST & COLORADO BOULEVARD NORTH,1,1,0,0,1,2,0,,30,0,0,0,0,0,4,2,7
,2017_60884,39.729087,-104.9706045,7/13/2017 11:53,11:53,10,0,0,EIGHTH AVENUE EAST & LAFAYETTE STREET NORTH,1,1,0,0,1,1,0,,30,0,0,0,0,0,4,2,14
,2017_60885,39.671271,-104.9734845,7/13/2017 12:00,12:00,12,0,0,HARVARD AVENUE 1200 BLOCK EAST & DOWNING STREET SOUTH,1,1,0,0,1,3,0,,30,0,0,0,0,0,4,2,10
,2017_60886,39.738429,-104.981112,7/13/2017 12:02,12:02,12,0,0,14TH AVENUE 400 BLOCK EAST & PENNSYLVANIA STREET NORTH,1,1,0,0,1,4,0,,30,0,0,0,0,0,4,2,13
,2017_60887,39.624192,-104.885334,7/13/2017 12:04,12:04,12,0,0,YOSEMITE STREET SOUTH & BELLEVIEW AVENUE EAST,1,1,1,0,1,1,0,,30,0,0,0,0,0,4,2,3
,2017_60888,39.678543,-104.980482,7/13/2017 12:19,12:19,6,0,0,PEARL STREET & EVANS AVENUE EAST,1,1,0,0,1,4,0,,25,0,0,0,0,0,4,2,12
,2017_60889,39.751056,-104.92227,7/13/2017 13:58,13:58,6,0,0,HOLLY STREET & 23RD AVENUE EAST,1,1,0,0,1,4,0,,20,0,0,0,0,1,4,2,2
,2017_60890,39.77289,-104.9393609,7/13/2017 14:00,14:00,6,0,2,40TH AVENUE & 10700 BLOCK EAST,1,1,0,0,1,4,0,,40,0,0,0,0,2,4,2,15
,2017_60891,39.718152,-105.028794,8/7/2017 12:42,12:42,3,0,0,FIRST AVENUE WEST & HOOKER STREET NORTH,1,1,1,0,1,1,0,,,0,0,0,0,1,4,2,13
,2017_60892,39.772953,-105.0005925,7/13/2017 15:51,15:51,5,0,0,KALAMATH STREET NORTH & 41ST AVENUE WEST,1,1,1,0,2,1,0,,25,0,0,0,0,0,4,2,2
,2017_60893,39.687498,-104.9605425,7/13/2017 16:32,16:32,3,0,0,IOWA AVENUE EAST & YORK STREET SOUTH,1,1,0,0,1,1,0,,20,0,0,0,0,0,4,2,13
,2017_60894,39.798234,-104.7721815,7/13/2017 16:35,16:35,15,0,0,56TH AVENUE EAST & TOWER ROAD NORTH,1,1,0,0,1,4,0,,45,0,0,0,0,0,4,2,13
,2017_60895,39.678489,-104.9875605,7/13/2017 16:43,16:43,15,0,1,EVANS AVENUE 000 BLOCK WEST & BROADWAY STREET SOUTH,1,1,0,0,1,4,0,,35,0,0,0,1,2,4,2,13
,2017_60896,39.772854,-104.865894,7/13/2017 17:10,17:10,1,0,0,HAVANA STREET NORTH & 40TH AVENUE EAST,1,1,0,1,1,1,0,,30,0,0,0,0,0,4,2,8
,2017_60897,39.736755,-104.9161545,7/13/2017 17:35,17:35,10,0,0,13TH AVENUE EAST & KRAMERIA STREET NORTH,1,1,0,0,1,1,0,,30,0,0,0,0,0,4,2,8
,2017_60898,39.753621,-105.0267825,7/13/2017 18:34,18:34,6,0,0,25TH AVENUE WEST & GROVE STREET NORTH,1,1,0,0,1,4,0,,25,0,0,0,0,0,4,2,13
,2017_60899,39.720123,-104.875371,7/13/2017 19:10,19:10,12,0,0,DAYTON STREET NORTH & THIRD AVENUE EAST,1,1,0,0,1,4,0,,25,0,0,0,0,1,4,2,7
,2017_60900,39.728934,-104.9906115,7/13/2017 19:49,19:49,3,0,1,EIGHTH AVENUE WEST & SPEER BOULEVARD NORTH,1,1,0,0,1,1,0,,30,0,0,0,0,2,4,3,13
,2017_60901,39.798234,-104.7721815,7/13/2017 21:00,21:00,3,0,0,56TH AVENUE EAST & TOWER ROAD NORTH,1,3,0,0,1,1,0,,45,0,0,0,0,1,4,2,4
,2017_60902,39.765627,-105.0189705,7/14/2017 1:15,1:15,6,0,0,BRYANT STREET NORTH & 35TH AVENUE WEST,1,4,0,0,1,4,0,,35,0,0,0,0,0,4,2,3
,2017_60903,39.743244,-104.976171,7/14/2017 13:49,13:49,12,0,0,17TH AVENUE 800 BLOCK EAST & EMERSON STREET NORTH,1,1,0,0,1,4,0,,30,0,0,0,0,0,4,2,1
,2017_60904,39.747456,-104.884695,7/14/2017 1:50,1:50,12,0,1,MONTVIEW BOULEVARD 8800 BLOCK EAST & YOSEMITE STREET NORTH,1,4,0,0,1,4,0,,35,0,0,0,0,2,4,3,5
,2017_60905,39.761883,-104.990994,7/14/2017 1:59,1:59,5,0,0,WEWATTA WAY & DENARGO STREET,1,4,0,0,3,4,0,,30,0,0,0,0,0,4,1,13
,2017_60906,39.837969,-104.6928825,7/14/2017 4:00,4:00,12,0,0,JACKSON GAP ROAD NORTHBOUND MERGE LANE & 78TH AVENUE EASTBOUND,1,3,0,0,1,1,0,,35,0,0,0,0,0,4,2,7
,2017_60907,39.756123,-104.979771,7/14/2017 16:50,16:50,3,0,0,27TH STREET & STOUT STREET,1,1,0,0,1,1,0,,25,0,0,0,0,0,4,2,1
,2017_60908,39.779919,-104.846454,7/14/2017 8:57,8:57,12,0,0,PEORIA STREET 4600 BLOCK NORTH & 47TH AVENUE NORTH,1,1,0,0,1,4,0,,30,0,0,0,0,0,4,2,14
,2017_60909,39.730419,-104.986143,7/14/2017 9:54,9:54,5,0,0,NINTH AVENUE EAST & LINCOLN STREET NORTH,1,1,0,0,3,1,0,,30,0,0,0,0,0,4,1,13
,2017_60910,39.723435,-104.983794,7/14/2017 10:00,10:00,15,0,0,GRANT STREET NORTH & SPEER BOULEVARD EAST,1,1,0,0,1,1,0,,30,0,0,0,0,0,4,2,13
,2017_60911,39.67792255,-104.9935123,7/14/2017 10:40,10:40,10,0,0,SANTA FE DRIVE SOUTH & 1400 BLOCK NORTH,1,1,0,0,1,2,0,,30,0,0,0,0,0,4,2,13
,2017_60912,39.758427,-105.0131655,7/14/2017 18:12,18:12,6,0,0,VALLEJO STREET NORTH & 29TH AVENUE WEST,1,1,1,0,1,4,0,,25,0,0,0,0,0,4,3,3
,2017_60913,39.618297,-105.0913845,7/14/2017 11:05,11:05,15,0,0,CRESTLINE AVENUE & WADSWORTH BOULEVARD SOUTH,1,1,0,0,1,4,0,,25,0,0,0,0,0,4,2,13
,2017_60914,39.653082,-104.884785,7/14/2017 11:58,11:58,15,0,0,YOSEMITE STREET 3500 BLOCK SOUTH & HAMPDEN AVENUE EAST,1,1,1,0,1,4,0,,35,0,0,0,0,0,4,2,8
,2017_60915,39.731013,-104.9351445,7/14/2017 12:00,12:00,12,0,0,CLERMONT STREET NORTH & NINTH AVENUE EAST,1,1,0,0,1,2,0,,25,0,0,0,0,0,4,2,13
,2017_60916,39.772854,-104.941701,7/14/2017 12:25,12:25,5,0,0,HARRISON STREET & 40TH AVENUE,1,1,0,0,3,4,0,,25,0,0,0,0,0,4,1,13
,2017_60917,39.624192,-104.885334,7/14/2017 12:48,12:48,12,0,0,YOSEMITE STREET SOUTH & BELLEVIEW AVENUE EAST,1,1,1,0,1,1,0,,35,0,0,0,0,0,4,2,3
,2017_60918,39.754926,-104.9830605,7/14/2017 12:49,12:49,12,0,0,25TH STREET & CHAMPA STREET,1,1,1,0,1,1,0,,35,0,0,0,0,0,4,2,14
,2017_60919,39.744855,-104.987394,7/14/2017 13:20,13:20,15,0,0,18TH AVENUE & BROADWAY NORTH,1,1,0,0,1,3,0,,30,0,0,0,0,0,4,2,3
,2017_60920,39.7821206,-104.9592915,7/14/2017 14:20,14:20,10,0,0,YORK STREET & 900 BLOCK NORTH,1,1,1,0,1,2,0,,25,0,0,0,0,0,4,2,8
,2017_60921,39.71466,-104.946174,7/14/2017 14:30,14:30,6,0,0,BAYAUD AVENUE & MADISON STREET SOUTH,1,1,1,0,1,3,0,,25,0,0,0,0,0,4,3,3
,2017_60922,39.741426,-104.9988915,7/14/2017 16:00,16:00,3,0,0,SPEER BOULEVARD NORTH & STOUT STREET,1,1,0,0,1,1,0,,35,0,0,0,0,0,4,2,13
,2017_60923,39.729276,-104.9128155,7/14/2017 16:45,16:45,15,0,0,EIGHTH AVENUE EAST & MONACO STREET NORTH,2,1,0,1,1,3,0,,30,0,0,0,0,0,4,2,16
,2017_60924,39.678426,-104.9899545,7/14/2017 17:35,17:35,12,0,0,EVANS AVENUE 100 BLOCK WEST & BANNOCK STREET SOUTH,1,1,0,7,1,4,0,,35,0,0,0,0,1,4,2,3
,2017_60925,39.761973,-104.906952,7/14/2017 17:40,17:40,12,0,0,MLK BOULEVARD & OLIVE STREET NORTH,1,1,0,0,1,4,0,,35,0,0,0,0,0,4,2,1
,2017_60926,39.718404,-104.903784,7/14/2017 18:06,18:06,12,0,1,FIRST AVENUE & QUEBEC STREET NORTH,1,1,0,0,1,4,0,,25,0,0,0,1,2,4,2,13
,2017_60927,39.73192344,-104.9918406,7/14/2017 19:10,19:10,15,0,0,SPEER BOULEVARD NORTH & 10TH AVENUE WEST,1,1,0,0,1,4,0,,30,0,0,0,0,0,4,2,3
,2017_60928,39.783771,-104.8096575,7/14/2017 19:28,19:28,15,0,0,CHAMBERS ROAD NORTH & GREEN VALLEY RANCH BOULEVARD EAST,1,1,0,0,1,4,0,,45,0,0,0,0,0,4,2,5
,2017_60929,39.751578,-104.990841,7/14/2017 19:30,19:30,3,0,0,20TH STREET & ARAPAHOE STREET,1,2,0,0,1,1,0,,30,0,0,0,0,1,4,2,13
,2017_60930,39.770208,-105.020514,7/14/2017 19:38,19:38,6,0,0,CLAY STREET 3800 BLOCK NORTH & DENVER PLACE WEST,1,1,0,0,1,3,0,,30,0,0,0,0,0,4,2,13
,2017_60931,39.748941,-104.9995305,7/14/2017 22:10,22:10,15,0,0,MARKET STREET & 15TH STREET,1,3,0,0,1,4,0,,30,0,0,0,0,0,4,2,13
,2017_60932,39.753801,-104.890734,7/14/2017 22:45,22:45,3,0,0,CENTRAL PARK BOULEVARD NORTH & 25TH DRIVE EAST,1,3,0,0,1,1,0,,35,0,0,0,0,0,4,2,13
,2017_60933,39.760767,-104.9721255,7/14/2017 23:30,23:30,12,0,0,MARION STREET & 31ST AVENUE EAST,1,3,0,0,1,4,0,,25,0,0,0,0,0,4,2,5
,2017_60934,39.72044179,-105.018651,7/15/2017 8:45,8:45,6,0,0,BRYANT STREET & 3400 BLOCK NORTH,1,1,0,0,1,4,0,,30,0,0,0,0,0,4,3,13
,2017_60935,39.678435,-104.922234,7/15/2017 11:35,11:35,12,0,0,HOLLY STREET 2100 BLOCK SOUTH & EVANS AVENUE EAST,1,1,0,0,1,3,0,,30,0,0,0,0,0,4,2,2
,2017_60936,39.728898,-104.997582,7/15/2017 12:30,12:30,15,0,0,EIGHTH AVENUE WEST & INCA STREET NORTH,1,1,0,0,1,4,0,,35,0,0,0,0,0,4,2,13
,2017_60937,39.687579,-104.9887845,7/15/2017 13:01,13:01,3,0,0,IOWA AVENUE WEST & ACOMA STREET SOUTH,1,1,0,0,1,1,0,,25,0,0,0,0,0,4,2,13
,2017_60939,39.765726,-104.9948415,7/15/2017 17:20,17:20,12,0,0,PARK AVENUE WEST & GLOBEVILLE ROAD NORTH,1,1,2,0,1,3,0,,35,0,0,0,0,0,4,2,12
,2017_60940,39.746403,-105.0014385,7/15/2017 17:28,17:28,12,0,0,SPEER BOULEVARD NORTH & LARIMER STREET,1,1,0,0,1,4,0,,35,0,0,0,0,0,4,3,3
,2017_60941,39.746403,-105.0014385,7/15/2017 19:20,19:20,12,0,0,SPEER BOULEVARD 1200 BLOCK NORTH & LARIMER STREET,1,1,0,0,1,3,0,,30,0,0,0,0,0,4,2,14
,2017_60942,39.758211,-104.959791,7/28/2017 22:35,22:35,6,0,0,29TH AVENUE & YORK STREET NORTH,1,3,0,0,1,4,0,,35,0,0,0,0,0,4,2,5
,2017_60943,39.736755,-104.9161545,7/15/2017 22:34,22:34,3,0,0,13TH AVENUE EAST & KRAMERIA STREET NORTH,1,3,0,0,1,1,0,,25,0,0,0,0,0,4,2,1
,2017_60944,39.75633,-105.015852,7/15/2017 22:40,22:40,12,0,0,SPEER BOULEVARD 2400 BLOCK NORTH & ZUNI STREET NORTH,1,3,1,0,1,4,0,,35,0,0,0,0,0,4,2,13
,2017_60945,39.844602,-104.6809395,7/16/2017 0:00,0:00,6,0,0,PENA BOULEVARD & 8400 BLOCK,1,1,0,0,1,4,0,,15,0,0,0,0,0,4,2,7
,2017_60946,39.745305,-104.9971905,7/16/2017 1:44,1:44,12,0,0,14TH STREET & CURTIS STREET,1,3,0,0,1,3,0,,,0,0,0,0,0,4,2,13
,2017_60947,39.758499,-105.034617,7/16/2017 7:00,7:00,3,0,0,29TH AVENUE WEST & LOWELL BOULEVARD NORTH,1,1,0,0,1,1,0,,30,0,0,0,0,0,4,2,13
,2017_60948,39.785724,-104.883093,7/16/2017 11:55,11:55,3,0,1,NORTHFIELD BOULEVARD EAST & CENTRAL PARK BOULEVARD NORTH,1,1,0,0,1,1,0,,35,0,0,0,0,2,4,2,1
,2017_60949,39.767382,-104.90346,7/20/2017 15:30,15:30,12,0,0,QUEBEC STREET NORTH & 36TH AVENUE EAST,1,1,0,0,1,1,0,,35,0,0,0,0,0,4,2,1
,2017_60951,39.706731,-105.039144,7/16/2017 14:50,14:50,3,0,0,MORRISON ROAD & PATTON COURT SOUTH,1,1,0,0,1,1,0,,25,0,0,0,0,1,4,2,4
,2017_60952,39.632922,-105.0900615,7/16/2017 15:18,15:18,3,0,0,BALSAM WAY SOUTH & TUFTS AVENUE WEST,1,1,0,0,1,1,0,,15,0,0,0,0,1,4,2,14
,2017_60953,39.770298,-104.9789115,7/17/2017 6:00,6:00,5,0,0,BRIGHTON BOULEVARD & 35TH STREET,1,2,0,0,3,4,0,,25,0,0,0,0,0,4,1,1
,2017_60954,39.758418,-104.996511,7/17/2017 6:01,6:01,3,0,0,29TH AVENUE WEST & GALAPAGO STREET NORTH,1,1,0,0,1,1,0,,25,0,0,0,0,0,4,2,13
,2017_60955,39.744828,-104.969655,7/17/2017 8:53,8:53,3,0,0,18TH AVENUE EAST & HUMBOLDT STREET NORTH,1,1,0,0,1,1,0,,30,0,0,0,0,0,4,2,13
,2017_60956,39.741903,-104.915133,7/17/2017 9:00,9:00,12,0,0,16TH AVENUE EAST & LEYDEN STREET NORTH,1,1,0,0,1,4,0,,25,0,0,0,0,0,4,2,7
,2017_60957,39.667626,-104.910921,7/17/2017 10:27,10:27,12,0,0,YALE AVENUE EAST & MAGNOLIA STREET SOUTH,1,1,0,0,1,4,0,,30,0,0,0,0,0,4,2,13
,2017_60958,39.73383,-104.9902515,7/17/2017 10:54,10:54,1,0,0,11TH AVENUE WEST & BANNOCK STREET NORTH,1,1,0,0,1,1,0,,30,0,0,0,0,0,4,2,7
,2017_60959,39.712995,-104.987574,7/17/2017 10:56,10:56,6,0,0,CEDAR AVENUE & BROADWAY SOUTH,1,1,1,0,1,4,0,,25,0,0,0,0,0,4,2,14
,2017_60960,39.729069,-104.97411,7/17/2017 11:00,11:00,15,0,0,CORONA STREET & EIGHTH AVENUE EAST,1,1,0,0,1,1,0,,25,0,0,0,0,0,4,2,14
,2017_60961,39.748446,-105.0033735,7/17/2017 11:30,11:30,15,0,0,AURARIA PARKWAY 1100 BLOCK & SPEER BOULEVARD NORTH,1,1,0,0,1,4,0,,60,0,0,0,0,0,4,2,8
,2017_60962,39.753234,-104.9781465,7/17/2017 11:54,11:54,3,0,0,GLENARM PLACE & 25TH AVENUE EAST,1,1,0,0,1,1,0,,25,0,0,0,0,0,4,3,3
,2017_60963,39.75669,-104.999652,7/17/2017 11:57,11:57,12,0,0,CHESTNUT STREET 1900 BLOCK & 20TH STREET,1,1,0,0,1,4,0,,25,0,0,0,0,0,4,2,13
,2017_60964,39.757887,-104.9844735,7/17/2017 12:28,12:28,12,0,0,26TH STREET & LAWRENCE STREET,1,1,0,0,1,4,0,,25,0,0,0,0,0,4,2,8
,2017_60965,39.678489,-104.9875605,7/17/2017 14:00,14:00,15,0,0,BROADWAY STREET 2100 BLOCK SOUTH & EVANS AVENUE EAST,1,1,0,0,1,4,0,,35,0,0,0,0,0,4,2,1
,2017_60966,39.738357,-104.9573835,7/17/2017 14:14,14:14,3,0,1,COLUMBINE STREET NORTH & 14TH AVENUE EAST,1,1,0,0,1,1,0,,25,0,0,0,0,2,4,2,3
,2017_60967,39.718134,-105.0396975,7/17/2017 15:19,15:19,3,0,0,PERRY STREET NORTH & FIRST AVENUE WEST,1,1,0,0,1,1,0,,35,0,0,0,0,0,4,2,13
,2017_60968,39.794796,-104.8125465,7/17/2017 17:01,17:01,3,0,0,FAIRPLAY STREET NORTH & MAXWELL PLACE EAST,1,1,0,0,1,1,0,,30,0,0,0,0,1,4,2,3
,2017_60969,39.756141,-104.991912,7/17/2017 17:27,17:27,15,0,0,22ND STREET & BLAKE STREET,1,1,0,0,1,1,0,,25,0,0,0,0,0,4,2,13
,2017_60970,39.67866,-105.020352,7/17/2017 17:29,17:29,3,0,0,EVANS AVENUE WEST & CLAY STREET SOUTH,1,1,0,0,1,2,0,,30,0,0,0,0,0,4,2,7
,2017_60971,39.71152266,-104.9063552,7/17/2017 17:43,17:43,3,0,0,ALAMEDA AVENUE EAST & OLIVE STREET SOUTH,1,1,0,0,1,1,0,,35,0,0,0,0,1,4,2,8
,2017_60972,39.757086,-104.990715,7/17/2017 18:42,18:42,15,0,0,BLAKE STREET & PARK AVENUE WEST,1,1,0,0,1,1,0,,35,0,0,0,1,0,4,2,13
,2017_60973,39.761118,-105.008094,7/18/2017 7:44,7:44,3,0,0,18TH STREET & BOULDER STREET,1,1,1,0,1,1,0,,25,0,0,0,0,0,4,2,13
,2017_60974,39.691152,-104.987493,7/30/2017 1:00,1:00,6,0,0,ARKANSAS AVENUE & BROADWAY SOUTH,1,3,0,0,1,4,0,,,0,0,0,0,0,4,2,13
,2017_60975,39.696597,-104.9219055,7/18/2017 8:19,8:19,12,0,0,HOLLY STREET SOUTH & CHERRY CREEK NORTH DRIVE EAST,1,1,0,0,1,1,0,,30,0,0,0,0,0,4,2,13
,2017_60976,39.751542,-104.9874255,7/18/2017 9:15,9:15,10,0,0,CHAMPA STREET NORTH & BROADWAY NORTH,1,1,0,0,1,1,0,,25,0,0,0,0,0,4,2,13
,2017_60977,39.765717,-104.959773,7/18/2017 10:20,10:20,3,0,0,YORK STREET NORTH & 35TH AVENUE EAST,1,1,0,0,1,1,0,,25,0,0,0,0,0,4,3,7
,2017_60978,39.718026,-104.9522265,7/18/2017 11:05,11:05,12,0,0,FIRST AVENUE 2900 BLOCK EAST & MILWAUKEE STREET NORTH,1,1,0,0,1,4,0,,30,0,0,0,0,0,4,2,13
,2017_60979,39.725667,-104.99283,8/1/2017 17:25,17:25,15,0,0,SIXTH AVENUE WEST & DELAWARE STREET NORTH,1,1,0,0,1,1,0,,,0,0,0,0,0,4,2,13
,2017_60980,39.725775,-105.035112,7/18/2017 13:05,13:05,6,0,1,SIXTH AVENUE WEST NORTH FRONTAGE  & LOWELL STREET NORTH,1,1,0,0,1,1,0,,30,0,0,0,0,2,4,2,10
,2017_60981,39.689289,-104.959341,7/18/2017 13:30,13:30,3,0,4,UNIVERSITY BOULEVARD SOUTH & FLORIDA AVENUE EAST,1,1,0,0,1,1,0,,30,0,0,0,0,2,4,2,13
,2017_60982,39.667464,-104.931603,7/18/2017 14:00,14:00,12,0,0,YALE AVENUE 4800 BLOCK EAST & DAHLIA STREET SOUTH,1,1,0,0,1,3,0,,30,0,0,0,0,0,4,2,3
,2017_60983,39.762954,-104.981373,7/18/2017 14:14,14:14,3,0,0,WALNUT STREET & 30TH STREET,1,1,0,0,1,1,0,,30,0,0,0,0,0,4,2,8
,2017_60984,39.761964,-104.903451,7/18/2017 15:32,15:32,12,0,0,MLK BOULEVARD EAST & QUEBEC STREET NORTH,1,1,0,0,1,4,0,,35,0,0,0,0,0,4,2,14
,2017_60985,39.729285,-105.0251625,7/18/2017 15:38,15:38,3,0,0,EIGHTH AVENUE 3000 BLOCK WEST & FEDERAL BOULEVARD NORTH,1,1,1,0,1,2,0,,30,0,0,0,0,1,4,2,13
,2017_60986,39.728934,-104.9906115,7/18/2017 16:24,16:24,12,0,0,SPEER BOULEVARD NORTH & EIGHTH AVENUE WEST,1,1,0,0,1,1,0,,30,0,0,0,0,0,4,2,13
,2017_60987,39.711141,-104.9863905,7/18/2017 16:44,16:44,12,0,0,LINCOLN STREET 300 BLOCK SOUTH & ALAMEDA AVENUE EAST,1,1,0,0,1,4,0,,30,0,0,0,0,0,4,2,13
,2017_60988,39.750363,-104.981985,7/18/2017 18:30,18:30,3,0,1,PARK AVENUE WEST & GLENARM PLACE,1,1,0,0,1,1,0,,30,0,0,0,1,2,4,2,13
,2017_60989,39.749319,-104.9903145,7/19/2017 11:54,11:54,12,0,0,19TH STREET 800 BLOCK & CHAMPA STREET NORTH,1,1,0,0,1,4,0,,25,0,0,0,0,0,4,2,14
,2017_60990,39.754827,-105.0191775,7/19/2017 10:06,10:06,3,0,0,26TH AVENUE WEST & BRYANT STREET NORTH,1,1,0,0,1,1,0,,35,0,0,0,0,1,4,2,14
,2017_60991,39.68226,-105.025032,7/18/2017 19:18,19:18,12,0,0,JEWELL AVENUE WEST & FEDERAL BOULEVARD SOUTH,1,1,0,0,1,4,0,,25,0,0,0,0,0,4,3,3
,2017_60992,39.752262,-104.991804,7/18/2017 21:31,21:31,12,0,0,20TH STREET & LAWRENCE STREET,1,3,0,0,1,3,0,,30,0,0,0,0,1,4,3,5
,2017_60993,39.769272,-105.006456,7/18/2017 23:15,23:15,1,0,0,38TH AVENUE WEST & PECOS STREET NORTH,1,3,0,0,1,1,0,,35,0,0,0,0,0,4,2,13
,2017_60994,39.653046,-104.9316705,7/19/2017 7:20,7:20,12,0,0,HAPPY CANYON ROAD 3500 BLOCK SOUTH & HAMPDEN AVENUE EAST,1,1,0,0,1,4,0,,25,0,0,0,0,0,4,2,13