id,drcog_id,latitude,longitude,crashtime,time,crashtype,numbkilled,numbinjurd,drcoglocat,rdconditin,lightngcon,roadcntgrd,weatherco,location,roaddescrp,constrzone,schoolzone,splimit,bikeinv,pedinv,sctrinv,motoinv,svrty,rdsystem,ttlvehcls,hcf
,2017_60995,39.748653,-104.9894235,7/19/2017 7:40,7:40,15,0,0,19TH STREET & STOUT STREET,1,1,0,0,1,1,0,,25,0,0,0,0,0,4,2,13
,2017_60996,39.76011,-104.899023,7/19/2017 8:00,8:00,12,0,0,MLK BOULEVARD EAST & SYRACUSE STREET NORTH,1,1,0,0,1,1,0,,35,0,0,0,0,0,4,2,14
,2017_60997,39.678435,-104.9251905,7/19/2017 8:03,8:03,12,0,0,EVANS AVENUE 5000 BLOCK EAST & GRAPE STREET SOUTH,1,1,0,0,1,4,0,,35,0,0,0,0,0,4,3,2
,2017_60998,39.725649,-104.986314,7/19/2017 8:40,8:40,12,0,0,LINCOLN STREET NORTH & SIXTH AVENUE EAST,1,1,0,0,1,1,0,,30,0,0,0,0,0,4,2,3
,2017_60999,39.764475,-104.933151,7/20/2017 14:11,14:11,12,0,0,BRUCE RANDOLPH AVENUE & DEXTER STREET,1,1,0,0,1,1,0,,30,0,0,0,0,0,4,2,13
,2017_61000,39.656322,-104.922945,7/19/2017 9:08,9:08,3,0,0,HOLLY STREET SOUTH & FLOYD AVENUE EAST,1,1,0,0,1,1,0,,25,0,0,0,0,0,4,2,14
,2017_61001,39.739986,-104.987421,7/19/2017 9:25,9:25,12,0,0,BROADWAY 1500 BLOCK NORTH & COLFAX AVENUE EAST,1,1,0,0,1,4,0,,30,0,0,0,0,0,4,3,13
,2017_61002,39.751335,-104.9929605,7/19/2017 10:55,10:55,12,0,0,19TH STREET 1200 BLOCK & LAWRENCE STREET,1,1,0,0,1,4,0,,25,0,0,0,0,0,4,2,14
,2017_61003,39.66255,-105.05214,7/23/2017 3:51,3:51,6,0,0,ZURICH COURT SOUTH & BATES AVENUE WEST,1,2,1,0,1,4,0,,,0,0,0,0,0,4,2,13
,2017_61004,39.639762,-105.05331,7/19/2017 13:47,13:47,12,0,0,QUINCY AVENUE WEST & SHERIDAN BOULEVARD,1,1,0,0,1,1,0,,25,0,0,0,0,0,4,2,1
,2017_61005,39.678435,-104.9187915,7/19/2017 13:50,13:50,12,0,0,EVANS AVENUE 5800 EAST & JASMINE STREET,1,1,0,0,1,4,0,,30,0,0,0,0,0,4,2,3
,2017_61006,39.727692,-105.032484,7/19/2017 14:30,14:30,3,0,0,SEVENTH AVENUE 3400 BLOCK WEST & KNOX COURT NORTH,1,1,0,0,1,5,0,,10,0,0,0,0,0,4,2,7
,2017_61007,39.765726,-104.9948415,7/19/2017 17:00,17:00,15,0,0,PARK AVENUE WEST & GLOBEVILLE ROAD NORTH,1,1,0,0,1,1,0,,40,0,0,0,0,1,4,4,8
,2017_61008,39.735153,-104.973003,7/19/2017 18:00,18:00,6,0,0,DOWNING STREET & 12TH AVENUE EAST,1,1,0,0,1,4,0,,30,0,0,0,0,0,4,2,14
,2017_61009,39.66354,-104.912982,7/25/2017 9:34,9:34,6,0,0,MONACO STREET SOUTH & BETHANY PLACE EAST,1,1,0,0,1,4,0,,35,0,0,0,0,0,4,2,13
,2017_61010,39.76929,-105.001767,7/19/2017 18:40,18:40,12,0,0,38TH AVENUE WEST & LIPAN STREET NORTH,1,1,0,0,1,4,0,,35,0,0,0,0,0,4,2,12
,2017_61011,39.722913,-105.0289515,7/19/2017 19:57,19:57,5,0,0,HOOKER STREET NORTH & FOURTH AVENUE EAST,1,1,3,0,2,1,0,,25,0,0,0,0,0,4,1,12
,2017_61012,39.784689,-105.023943,7/19/2017 21:00,21:00,5,0,1,ELIOT STREET NORTH & 48TH AVENUE WEST,1,3,0,0,4,1,0,,25,0,0,0,0,2,4,1,16
,2017_61013,39.718332,-104.987502,7/19/2017 23:12,23:12,6,0,0,FIRST AVENUE 100 BLOCK EAST & BROADWAY STREET SOUTH,1,1,0,0,1,4,0,,25,0,0,0,0,0,4,2,13
,2017_61014,39.740004,-104.9776245,7/20/2017 2:14,2:14,6,0,0,CLARKSON STREET & COLFAX AVENUE EAST,1,3,0,0,1,4,0,,,0,0,0,0,0,4,2,13
,2017_61015,39.755754,-104.990211,7/20/2017 3:54,3:54,12,0,0,MARKET STREET 2200 BLOCK & 22ND AVENUE,1,1,0,0,1,4,0,,30,0,0,0,0,1,4,2,8
,2017_61016,39.678399,-104.993571,7/20/2017 8:07,8:07,12,0,0,EVANS AVENUE 500 WEST & SANTA FE DRIVE SOUTH,1,1,0,0,1,4,0,,35,0,0,0,0,0,4,2,1
,2017_61017,39.76579173,-104.9884029,8/12/2017 17:13,17:13,5,0,0,ARKINS COURT 2900 BLOCK & 29TH STREET,1,1,0,0,3,4,0,,25,0,0,0,0,1,4,1,5
,2017_61018,39.752262,-104.991804,7/20/2017 8:35,8:35,3,0,1,20TH STREET & LAWRENCE STREET,1,1,0,0,1,1,0,,30,0,0,0,0,2,4,2,3
,2017_61019,39.711204,-104.9222835,7/20/2017 8:38,8:38,12,0,0,ALAMEDA AVENUE 5500 BLOCK EAST & HOLLY STREET SOUTH,1,1,0,0,1,3,0,,35,0,0,0,0,0,4,2,14
,2017_61020,39.75466436,-104.935023,7/20/2017 9:43,9:43,5,0,0,CLERMONT STREET & 1400 NORTH,1,1,1,0,2,4,0,,20,0,0,0,0,0,4,1,12
,2017_61021,39.714768,-104.912892,7/23/2017 5:00,5:00,6,0,0,BAYAUD AVENUE EAST & MONACO PARKWAY SOUTH,1,3,0,0,1,4,0,,,0,0,0,1,0,4,2,13
,2017_61022,39.736809,-104.9574375,7/20/2017 9:46,9:46,12,0,0,13TH AVENUE EAST & COLUMBINE STREET NORTH,1,1,0,0,1,1,0,,35,0,0,0,0,0,4,2,3
,2017_61023,39.786219,-104.8469715,7/20/2017 10:10,10:10,12,0,0,ANDREWS DRIVE EAST & PEORIA STREET NORTH,1,1,0,0,1,1,0,,40,0,0,0,0,0,4,2,13
,2017_61024,39.743244,-104.986107,7/20/2017 10:55,10:55,12,0,0,LINCOLN STREET NORTH & 17TH AVENUE EAST,1,1,0,0,1,1,0,,30,0,0,0,0,0,4,2,8
,2017_61025,39.740076,-104.9383845,7/20/2017 11:03,11:03,12,0,0,ASH STREET 1400 BLOCK NORTH & COLFAX AVENUE EAST,1,1,0,0,1,4,0,,25,0,0,0,0,0,4,2,14
,2017_61026,39.832389,-104.6677725,7/20/2017 11:53,11:53,5,0,1,75TH AVENUE EAST & UNDERGROVE STREET NORTH,1,1,0,0,3,1,0,,25,0,0,0,0,2,4,1,2
,2017_61027,39.725667,-104.9921415,7/23/2017 12:35,12:35,15,0,0,CHEROKEE STREET NORTH 500 BLOCK & SIXTH AVENUE WEST,1,1,0,0,1,4,0,,20,0,0,0,0,0,4,2,13
,2017_61028,39.687543,-104.9875245,7/20/2017 12:39,12:39,12,0,0,BROADWAY STREET 1500 BLOCK SOUTH & IOWA AVENUE WEST,1,1,0,0,1,1,0,,30,0,0,0,0,0,4,2,14
,2017_61029,39.678435,-104.9127435,7/20/2017 13:20,13:20,12,0,0,MONACO STREET 2100 BLOCK SOUTH & EVANS AVENUE EAST,1,1,0,0,1,3,0,,35,0,0,0,0,0,4,3,13
,2017_61030,39.711114,-104.9686965,7/20/2017 14:25,14:25,3,0,0,FRANKLIN STREET SOUTH & ALAMEDA AVENUE EAST,1,1,1,0,1,1,0,,25,0,0,0,0,0,4,3,8
,2017_61031,39.718386,-105.000192,7/20/2017 16:00,16:00,3,0,0,KALAMATH STREET NORTH & FIRST AVENUE WEST,1,1,0,0,1,1,0,,35,0,0,0,0,0,4,2,13
,2017_61032,39.73190582,-104.9861681,7/20/2017 16:15,16:15,15,0,0,LINCOLN STREET & 1400 BLOCK NORTH,1,1,0,0,1,4,0,,40,0,0,0,0,0,4,2,8
,2017_61033,39.68946,-105.0297165,1/16/2017 18:21,18:21,14,0,0,IRVING STREET SOUTH & FLORIDA AVENUE WEST,4,3,0,0,1,4,0,,25,0,0,0,0,1,4,2,1
,2017_61034,39.674754,-104.875281,7/20/2017 16:30,16:30,12,0,0,ILIFF AVENUE 9700 BLOCK EAST & DAYTON WAY SOUTH,1,1,1,0,1,4,0,,40,0,0,0,0,0,4,3,3
,2017_61035,39.825126,-104.6915235,7/20/2017 17:53,17:53,12,0,0,JACKSON GAP STREET & 71ST AVENUE EAST,2,1,0,0,1,1,0,,35,0,0,0,0,0,4,2,7
,2017_61036,39.725586,-104.972922,7/20/2017 18:58,18:58,3,0,0,SIXTH AVENUE EAST & DOWNING STREET NORTH,1,1,0,0,1,1,0,,35,0,0,0,0,1,4,2,13
,2017_61037,39.75003,-105.0049305,7/20/2017 21:07,21:07,1,0,0,SPEER BOULEVARD NORTH & CHOPPER CIRCLE EAST,1,3,0,0,1,1,0,,35,0,0,0,0,0,4,2,13
,2017_61038,39.760722,-104.957325,7/20/2017 21:10,21:10,5,0,0,31ST AVENUE EAST & COLUMBINE STREET NORTH,2,3,0,1,2,1,0,,35,0,0,0,0,0,4,1,13
,2017_61039,39.736845,-104.9873715,7/21/2017 1:50,1:50,12,0,0,13TH AVENUE 0 BLOCK EAST & BROADWAY STREET NORTH,1,3,0,0,1,4,0,,30,0,0,0,0,1,4,2,14
,2017_61040,39.744882,-104.99427,8/23/2017 9:53,9:53,15,0,0,15TH STREET & STOUT STREET,1,1,0,0,1,4,0,,,0,0,0,0,0,4,2,13
,2017_61041,39.766905,-104.953644,7/21/2017 5:50,5:50,3,0,0,36TH AVENUE EAST & FILLMORE STREET NORTH,1,1,0,0,1,1,0,,25,0,0,0,0,0,4,2,13
,2017_61042,39.79026,-104.810553,7/21/2017 6:38,6:38,3,0,1,GRANBY WAY NORTH & 53RD AVENUE EAST,1,1,0,0,1,1,0,,30,0,0,0,0,2,4,2,1
,2017_61043,39.707667,-105.027534,7/21/2017 6:39,6:39,3,0,0,VIRGINIA AVENUE WEST & HAZEL COURT SOUTH,1,1,0,0,1,1,0,,25,0,0,0,0,0,4,2,2
,2017_61044,39.777669,-104.95827,8/28/2017 4:00,4:00,6,0,0,JOSEPHINE STREET NORTH & 44TH AVENUE EAST,1,3,0,0,1,4,0,,25,0,0,0,0,0,4,3,13
,2017_61045,39.728934,-104.9906115,7/21/2017 9:16,9:16,3,0,0,SPEER BOULEVARD NORTH & WEST EIGHTH AVENUE WB,1,1,0,0,1,1,0,,35,0,0,0,0,1,4,2,14
,2017_61046,39.72411,-105.000192,7/21/2017 9:29,9:29,1,0,0,FIFTH AVENUE WEST & KALAMATH STREET NORTH,1,1,0,0,1,1,0,,25,0,0,0,0,0,4,3,13
,2017_61047,39.73842,-104.9752845,7/21/2017 10:36,10:36,3,0,0,14TH AVENUE EAST & OGDEN STREET NORTH,1,5,0,0,1,1,0,,,0,0,0,0,1,4,2,13
,2017_61048,39.73222149,-104.9598047,7/21/2017 11:19,11:19,12,0,0,YORK STREET 1000 BLOCK NORTH & 11TH AVENUE WEST,1,1,0,0,1,4,0,,25,0,0,0,0,0,4,2,14
,2017_61049,39.74607,-104.968422,7/21/2017 11:25,11:25,12,0,0,19TH AVENUE 1600 BLOCK EAST & FRANKLIN STREET NORTH,1,1,0,0,1,4,0,,30,0,0,0,0,0,4,2,13
,2017_61050,39.772764,-104.903811,7/21/2017 17:26,17:26,15,0,0,QUEBEC STREET NORTH & SANDOWN ROAD EAST,1,1,0,0,1,1,0,,35,0,0,0,0,0,4,2,13
,2017_61051,39.746106,-104.9909715,7/21/2017 17:30,17:30,15,0,0,17TH STREET & CALIFORNIA STREET,1,1,0,0,1,4,0,,30,0,0,0,0,0,4,2,13
,2017_61052,39.745755,-105.000174,7/21/2017 18:00,18:00,12,0,0,SPEER BOULEVARD NORTH & LAWRENCE STREET,1,1,0,0,1,3,0,,35,0,0,0,0,0,4,2,13
,2017_61053,39.783609,-104.7913916,7/23/2017 5:12,5:12,5,0,0,GREEN VALLEY RANCH BOULEVARD EAST & PENA BOULEVARD SOUTHBOUND RAMPS,1,2,0,0,2,1,0,,40,0,0,0,0,0,4,1,13
,2017_61054,39.77213081,-104.8469707,7/21/2017 19:43,19:43,15,0,0,PEORIA STREET 4000 BLOCK NORTH & 39TH AVENUE EAST,1,1,0,0,1,4,0,,35,0,0,0,0,0,4,2,13
,2017_61055,39.75498,-104.995143,7/21/2017 22:57,22:57,12,0,0,20TH STREET & WAZEEE STREET,2,3,1,1,1,4,0,,30,0,0,0,0,1,4,2,13
,2017_61056,39.765726,-104.9948415,7/21/2017 23:31,23:31,1,0,0,BROADWAY STREET NORTH & PARK AVENUE WEST,2,3,0,0,1,1,0,,30,0,0,0,0,0,4,2,13
,2017_61057,39.674835,-104.9594175,7/22/2017 1:26,1:26,1,0,0,ILIFF AVENUE 2300 BLOCK EAST & UNIVERSITY BOULEVARD SOUTH,1,3,0,0,1,3,0,,25,0,0,0,0,1,4,2,13
,2017_61058,39.735144,-104.9798925,7/24/2017 6:55,6:55,3,0,0,PEARL STREET NORTH & 12TH AVENUE EAST,1,1,0,0,1,1,0,,25,0,0,0,0,0,4,2,14
,2017_61059,39.784005,-104.84712,7/22/2017 8:28,8:28,12,0,0,PEORIA STREET NORTH & ALBROOK DRIVE EAST,1,1,0,0,1,4,0,,40,0,0,0,0,0,4,3,1
,2017_61060,39.73842,-104.977674,7/22/2017 9:30,9:30,12,0,0,CLARKSON STREET 1300 NORTH & 14TH AVENUE EAST,1,1,0,0,1,3,0,,30,0,0,0,0,0,4,2,13
,2017_61061,39.765636,-104.9034645,7/22/2017 13:26,13:26,12,0,0,QUEBEC STREET NORTH & 35TH AVENUE EAST,1,1,0,0,1,1,0,,35,0,0,0,0,1,4,2,13
,2017_61062,39.714759,-104.9875425,7/22/2017 15:55,15:55,12,0,0,BROADWAY STREET 0 BLOCK SOUTH & BAYAUD AVENUE EAST,1,1,0,0,1,4,0,,30,0,0,0,0,0,4,2,13
,2017_61063,39.74274,-105.039324,7/22/2017 17:21,17:21,3,0,0,16TH AVENUE WEST & PERRY STREET NORTH,1,1,0,0,1,1,0,,30,0,0,0,0,0,4,2,14
,2017_61064,39.742713,-104.9530028,7/22/2017 18:56,18:56,1,0,0,YALE AVENUE 4100 BLOCK EAST & PRIVATE ROAD,1,2,0,0,1,1,0,,30,0,0,0,0,0,4,2,13
,2017_61065,39.783609,-104.7913916,7/22/2017 22:34,22:34,12,0,0,PENA BOULEVARD & GREEN VALLEY RANCH BOULEVARD EAST,1,3,0,0,1,4,0,,55,0,0,0,0,1,4,2,14
,2017_61066,39.732039,-104.971806,7/23/2017 0:00,0:00,3,0,0,10TH AVENUE EAST & MARION STREET NORTH,1,3,1,0,1,1,0,,30,0,0,0,0,0,4,2,13
,2017_61067,39.755088,-104.988114,7/23/2017 10:59,10:59,3,0,0,LAWRENCE STREET & PARK AVENUE WEST,1,1,0,0,1,1,0,,30,0,0,0,0,1,4,2,8
,2017_61068,39.728934,-105.0028425,7/23/2017 12:45,12:45,12,0,0,EIGHTH AVENUE WEST & MARIPOSA STREET NORTH,1,1,0,0,1,1,0,,35,0,0,0,0,0,4,2,3
,2017_61069,39.714777,-105.0001515,7/23/2017 14:41,14:41,12,0,0,KALAMATH STREET SOUTH & BAYAUD AVENUE WEST,1,1,0,0,1,4,0,,30,0,0,0,0,0,4,2,3
,2017_61070,39.762,-104.9573205,7/23/2017 15:51,15:51,3,0,0,MLK BOULEVARD & COLUMBINE / ELIZABETH ALLEY STREET NORTH,1,1,0,0,1,5,0,,,0,0,0,0,0,4,2,13
,2017_61071,39.767382,-104.90346,7/23/2017 16:16,16:16,12,0,0,36TH AVENUE EAST & QUEBEC STREET NORTH,1,1,0,0,1,4,0,,30,0,0,0,0,0,4,2,3
,2017_61072,39.782277,-104.8659255,7/23/2017 16:26,16:26,1,0,0,HAVANA STREET NORTH & 47TH AVENUE EAST,1,1,0,0,1,1,0,,35,0,0,0,0,0,4,2,13
,2017_61073,39.75741,-105.0105015,7/23/2017 16:30,16:30,12,0,0,CENTRAL STREET & 15TH STREET,1,1,1,0,1,1,0,,25,0,0,0,0,0,4,2,3
,2017_61074,39.7572878,-105.021987,7/23/2017 17:00,17:00,3,0,0,DECATUR 2800 BLOCK NORTH & 29TH AVENUE WEST,1,1,0,0,1,5,0,,25,0,0,0,0,0,4,2,1
,2017_61075,39.747438,-104.90346,7/23/2017 18:46,18:46,12,0,0,QUEBEC STREET NORTH & MONTVIEW BOULEVARD EAST,1,1,0,0,1,4,0,,30,0,0,0,0,0,4,2,3
,2017_61076,39.756411,-104.989833,7/23/2017 20:06,20:06,12,0,0,MARKET STREET 2200 BLOCK & PARK AVENUE WEST,1,2,0,0,1,4,0,,30,0,0,0,0,0,4,2,5
,2017_61077,39.764466,-104.959773,7/23/2017 20:44,20:44,12,0,0,YORK STREET NORTH & BRUCE RANDOLPH AVENUE EAST,1,3,0,0,1,3,0,,30,0,0,0,0,1,4,2,12
,2017_61078,39.783609,-104.772222,7/23/2017 21:29,21:29,12,0,0,GREEN VALLEY RANCH BOULEVARD EAST & TOWER ROAD NORTH,1,3,0,0,1,1,0,,40,0,0,0,0,0,4,2,1
,2017_61079,39.732039,-104.971806,7/23/2017 21:30,21:30,3,0,0,10TH AVENUE EAST & MARION STREET NORTH,1,3,0,0,1,1,0,,30,0,0,0,0,0,4,2,13
,2017_61080,39.71655,-105.032493,7/23/2017 23:30,23:30,6,0,0,KNOX COURT SOUTH & ELLSWORTH AVENUE WEST,1,3,0,0,1,4,0,,30,0,0,0,0,0,4,2,5
,2017_61081,39.83338151,-104.771988,8/1/2017 11:40,11:40,5,0,1,PENA BOULEVARD NORTHBOUND & TOWER ROAD EXIT GORE,1,1,0,0,2,4,0,,65,0,0,0,0,2,4,1,13
,2017_61082,39.772962,-104.975442,7/24/2017 6:28,6:28,12,0,0,38TH AVENUE EAST & BRIGHTON BOULEVARD NORTH,1,1,0,0,1,1,0,,30,0,0,0,0,0,4,2,7
,2017_61083,39.736476,-104.935014,7/24/2017 7:50,7:50,1,0,0,CLERMONT STREET NORTH & 13TH AVENUE EAST,1,1,0,0,1,1,0,,25,0,0,0,0,0,4,2,13
,2017_61084,39.83338151,-104.771988,7/24/2017 8:00,8:00,12,0,0,PENA BOULEVARD 7300 BLOCK & TOWER ROAD,1,1,0,0,1,3,0,,35,0,0,0,0,0,4,2,2
,2017_61085,39.756807,-104.980644,7/24/2017 8:47,8:47,12,0,0,CHAMPA STREET & 27TH STREET,1,1,0,0,1,3,0,,30,0,0,0,0,0,4,2,13
,2017_61086,39.667581,-104.9593905,7/24/2017 8:55,8:55,3,0,0,YALE AVENUE EAST & UNIVERSITY BOULEVARD SOUTH,1,1,0,0,1,1,0,,25,0,0,0,0,0,4,2,16
,2017_61087,39.769335,-105.0520635,7/24/2017 10:05,10:05,3,0,1,38TH AVENUE WEST & ZENOBIA STREET NORTH,1,1,0,0,1,1,0,,30,0,0,0,0,2,4,2,15
,2017_61088,39.738456,-104.9902425,7/24/2017 10:33,10:33,15,0,0,14TH AVENUE 300 BLOCK WEST & BANNOCK STREET,1,1,0,0,1,4,0,,25,0,0,0,0,0,4,2,14
,2017_61089,39.667563,-104.940711,7/24/2017 11:10,11:10,3,0,0,YALE AVENUE 4100 EAST & COLORADO BOULEVARD SOUTH,1,1,1,7,1,1,0,,30,0,0,0,0,0,4,2,7
,2017_61090,39.678435,-104.922234,7/24/2017 11:30,11:30,15,0,0,EVANS AVENUE & HOLLY STREET SOUTH,1,1,1,0,1,3,0,,,0,0,0,0,0,4,2,13
,2017_61091,39.738438,-104.982345,7/24/2017 12:00,12:00,12,0,0,14TH AVENUE EAST & LOGAN STREET NORTH,1,1,0,7,1,1,0,,30,0,0,0,0,0,4,2,16
,2017_61092,39.71934,-104.987502,7/24/2017 12:03,12:03,12,0,0,13TH AVENUE 000 BLOCK 2 & BROADWAY STREET,1,1,0,7,1,4,0,,30,0,0,0,0,0,4,2,8
,2017_61093,39.7172835,-104.8960418,11/10/2017 3:30,3:30,5,0,0,LOWRY BOULEVARD EAST & RAMPART WAY NORTH,1,3,0,0,2,6,0,,35,0,0,0,0,0,4,1,5
,2017_61094,39.777147,-104.9786505,7/27/2017 17:38,17:38,12,0,0,WASHINGTON STREET 4400 BLOCK NORTH & 45TH AVENUE EAST,1,1,0,0,1,3,0,,30,0,0,0,0,0,4,2,13
,2017_61095,39.75822,-104.973363,7/29/2017 19:30,19:30,3,0,1,29TH AVENUE EAST & DOWNING STREET NORTH,1,1,0,0,1,1,0,,30,0,0,0,0,2,4,2,7
,2017_61096,39.729276,-104.9128155,7/24/2017 12:31,12:31,12,0,0,MONACO STREET NORTH & EIGHTH AVENUE EAST,1,1,0,0,1,4,0,,30,0,0,0,0,0,4,3,13
,2017_61097,39.748185,-104.9598045,7/24/2017 12:41,12:41,1,0,0,YORK STREET NORTH & 21ST AVENUE EAST,1,1,0,7,1,1,0,,30,0,0,0,0,1,4,2,16
,2017_61098,39.6531,-104.909085,7/24/2017 12:45,12:45,15,0,0,ONEIDA STREET 3400 BLOCK SOUTH & HAMPDEN AVENUE EAST,1,5,0,7,1,4,0,,25,0,0,0,0,0,4,2,16
,2017_61099,39.73347,-104.9350005,8/31/2017 16:35,16:35,6,0,0,HALE PARKWAY EAST & CLERMONT STREET NORTH,1,1,0,0,1,4,0,,,0,0,0,0,0,4,2,13
,2017_61100,39.676608,-104.959386,7/24/2017 13:10,13:10,12,0,0,UNIVERSITY BOULEVARD 2200 BLOCK SOUTH & WARREN AVENUE EAST,1,1,1,0,1,4,0,,35,0,0,0,0,0,4,3,12
,2017_61101,39.789234,-105.0239475,7/24/2017 13:13,13:13,3,0,0,51ST AVENUE WEST & ELIOT STREET NORTH,1,1,0,7,1,1,0,,25,0,0,0,0,0,4,2,1
,2017_61102,39.667707,-105.029874,4/21/2017 1:03,1:03,6,0,0,IRVING STREET SOUTH & YALE AVENUE WEST,1,1,1,5,1,4,0,,25,0,0,0,0,0,4,3,5
,2017_61103,39.785724,-104.883093,7/24/2017 14:40,14:40,3,0,0,NORTHFIELD BOULEVARD EAST & CENTRAL PARK BOULEVARD NORTH,1,1,0,0,1,1,0,,40,0,0,0,0,0,4,2,13
,2017_61104,39.67866,-105.020352,7/24/2017 15:10,15:10,12,0,0,EVANS AVENUE 2600 BLOCK WEST & CLAY STREET SOUTH,1,1,0,0,1,3,0,,35,0,0,0,0,0,4,3,13
,2017_61105,39.762,-104.912865,7/24/2017 15:10,15:10,12,0,0,MLK BOULEVARD EAST & MONACO STREET NORTH,1,1,0,7,1,1,0,,35,0,0,0,0,0,4,2,16
,2017_61106,39.727089,-104.9658705,7/24/2017 16:21,16:21,3,0,0,WILLIAMS STREET NORTH & SEVENTH AVENUE EAST,1,1,0,0,1,1,0,,25,0,0,0,0,0,4,2,13
,2017_61107,39.748014,-105.000462,7/24/2017 17:15,17:15,12,0,0,MARKET STREET 1400 BLOCK & 15TH STREET,1,1,0,0,1,4,0,,25,0,0,0,0,0,4,2,3
,2017_61108,39.678363,-104.959404,7/24/2017 21:56,21:56,12,0,0,UNIVERSITY BOULEVARD SOUTH & EVANS AVENUE EAST,1,3,0,0,1,1,0,,35,0,0,0,0,0,4,3,13
,2017_61109,39.798396,-104.786415,7/25/2017 6:01,6:01,12,0,0,56TH AVENUE 17000 BLOCK EAST & PENA BOULEVARD,1,1,0,0,1,4,0,,35,0,0,0,0,0,4,2,13
,2017_61110,39.738456,-104.995314,7/25/2017 7:00,7:00,3,0,0,14TH AVENUE WEST & FOX STREET NORTH,1,1,0,0,1,1,0,,25,0,0,0,0,0,4,2,13
,2017_61111,39.6243675,-104.8896855,7/25/2017 9:00,9:00,3,0,0,DTC PARKWAY 8300 BLOCK SOUTH & BELLEVIEW AVENUE EAST,1,1,0,0,1,2,0,,25,0,0,0,0,0,4,2,13
,2017_61112,39.709026,-104.875443,7/25/2017 9:00,9:00,12,0,0,ALAMEDA AVENUE 9700 BLOCK EAST & DAYTON STREET SOUTH,1,1,0,0,1,4,0,,40,0,0,0,0,0,4,2,13
,2017_61113,39.736863,-104.996484,7/25/2017 10:39,10:39,3,0,0,SPEER BOULEVARD NORTH & 13TH AVENUE WEST,1,1,0,7,1,1,0,,35,0,0,0,0,1,4,2,8
,2017_61114,39.689514,-105.0203655,7/25/2017 14:24,14:24,3,0,0,CLAY STREET SOUTH & FLORIDA AVENUE WEST,1,1,0,7,1,1,0,,25,0,0,0,0,0,4,2,4
,2017_61115,39.725658,-104.984865,7/25/2017 14:38,14:38,15,0,0,SIXTH AVENUE 200 BLOCK EAST & SHERMAN STREET NORTH,1,1,0,0,1,4,0,,30,0,0,0,0,0,4,2,13
,2017_61116,39.765618,-105.0346215,8/4/2017 22:00,22:00,6,0,0,LOWELL BOULEVARD & 35TH AVENUE WEST,1,3,0,0,1,4,0,,25,0,0,0,0,0,4,2,3
,2017_61117,39.678678,-105.01335,7/25/2017 14:53,14:53,12,0,0,EVANS AVENUE 2200 BL WEST & VELLEJO STREET SOUTH,1,1,0,1,1,4,0,,35,0,0,0,0,1,4,2,16
,2017_61118,39.744846,-104.987394,7/25/2017 15:00,15:00,15,0,0,TREMONT PLACE 1700 BLOCK & BROADWAY STREET,1,1,0,0,1,4,0,,30,0,0,0,0,0,4,2,13
,2017_61119,39.711339,-104.921127,7/25/2017 15:23,15:23,12,0,0,ALAMEDA AVENUE EAST & IVY STREET SOUTH,1,1,1,0,1,4,0,,35,0,0,0,0,1,4,2,13
,2017_61120,39.798396,-104.786415,7/25/2017 15:50,15:50,12,0,1,56TH AVENUE EAST & PENA BOULEVARD NORTH,1,1,0,1,1,4,0,,45,0,0,0,0,2,4,3,7
,2017_61121,39.747456,-104.992722,8/12/2017 15:33,15:33,3,0,0,CHAMPA STREET & 17TH STREET,1,1,0,0,1,1,0,,30,0,0,0,0,0,4,2,13
,2017_61122,39.738636,-104.9681115,7/25/2017 15:51,15:51,12,0,0,FRANKLIN STREET 1400 BLOCK NORTH & 14TH AVENUE EAST,1,1,0,0,1,4,0,,30,0,0,0,0,1,4,2,13
,2017_61123,39.729114,-104.9439825,7/25/2017 16:33,16:33,6,0,0,GARFIELD STREET 900 BLOCK NORTH & EIGHTH AVENUE EAST,1,1,0,0,1,4,0,,25,0,0,0,0,0,4,2,13
,2017_61124,39.716235,-104.949963,7/25/2017 16:40,16:40,1,0,0,STEELE STREET NORTH & ELLSWORTH AVENUE EAST,2,1,0,1,1,1,0,,30,0,0,0,0,0,4,2,13
,2017_61125,39.743784,-104.9476635,7/25/2017 17:05,17:05,12,0,0,17TH AVENUE EAST & COOK STREET NORTH,1,1,0,0,1,1,0,,30,0,0,0,0,0,4,2,3
,2017_61126,39.711366,-104.912964,7/25/2017 17:10,17:10,3,0,0,ALAMEDA AVENUE EAST & MONACO STREET SOUTH,2,1,0,1,1,3,0,,35,0,0,0,0,1,4,2,12
,2017_61127,39.729717,-104.9912235,7/25/2017 17:13,17:13,12,0,0,SPEER BOULEVARD NORTH & BANNOCK STREET NORTH,2,1,0,1,1,4,0,,30,0,0,0,0,0,4,3,13
,2017_61128,39.627432,-104.9112675,7/25/2017 17:33,17:33,12,0,0,MONACO STREET 4600 BLOCK SOUTH & UNION AVENUE EAST,2,1,0,1,1,4,0,,35,0,0,0,0,0,4,2,13
,2017_61129,39.736872,-105.0015825,7/25/2017 17:34,17:34,3,0,0,13TH AVENUE WEST & LIPAN STREET NORTH,2,1,0,1,1,1,0,,30,0,0,0,0,0,4,2,1