id,drcog_id,latitude,longitude,crashtime,time,crashtype,numbkilled,numbinjurd,drcoglocat,rdconditin,lightngcon,roadcntgrd,weatherco,location,roaddescrp,constrzone,schoolzone,splimit,bikeinv,pedinv,sctrinv,motoinv,svrty,rdsystem,ttlvehcls,hcf
,2017_61130,39.667716,-104.9828625,7/25/2017 17:38,17:38,12,0,0,LOGAN STREET SOUTH & YALE AVENUE EAST,2,1,0,1,1,3,0,,35,0,0,0,0,0,4,2,3
,2017_61131,39.785562,-104.9875515,7/26/2017 7:21,7:21,6,0,0,BROADWAY SOUTHBOUND & 49TH AVENUE WEST,1,1,0,0,1,3,0,,30,0,0,0,0,1,4,2,14
,2017_61132,39.678516,-104.9757615,7/26/2017 10:05,10:05,12,0,0,EVANS AVENUE 1000 BLOCK EAST & OGDEN STREET SOUTH,1,1,0,7,1,4,0,,35,0,0,0,0,0,4,2,16
,2017_61133,39.643119,-105.048621,7/26/2017 11:25,11:25,6,0,0,WOLFF STREET 4100 BLOCK SOUTH & OXFORD AVENUE WEST,1,1,1,0,1,4,0,,20,0,0,0,0,0,4,2,14
,2017_61134,39.747528,-104.978304,7/26/2017 11:30,11:30,3,0,0,20TH AVENUE EAST & WASHINGTON STREET NORTH,1,1,0,7,1,1,0,,30,0,0,0,0,0,4,2,8
,2017_61135,39.761838,-104.922261,7/26/2017 11:52,11:52,12,0,0,MLK BOULEVARD EAST & HOLLY STREET NORTH,1,1,0,7,1,3,0,,35,0,0,0,0,0,4,2,16
,2017_61136,39.757995,-104.9773725,7/26/2017 12:23,12:23,3,0,0,29TH STREET & STOUT STREET,1,1,1,7,1,1,0,,35,0,0,0,0,1,4,2,16
,2017_61137,39.769389,-105.0488235,7/26/2017 12:52,12:52,14,0,0,38TH AVENUE WEST & WOLFF STREET NORTH,1,1,0,0,1,4,0,,35,0,0,0,0,0,4,2,13
,2017_61138,39.741606,-104.9591925,7/26/2017 14:14,14:14,12,0,0,16TH AVENUE EAST & JOSEPHINE STREET NORTH,1,1,0,0,1,1,0,,25,0,0,0,0,0,4,2,12
,2017_61139,39.736746,-104.9418225,7/26/2017 15:00,15:00,10,0,0,13TH AVENUE EAST & HARRISON STREET NORTH,1,1,0,0,1,1,0,,30,0,0,0,0,1,4,2,13
,2017_61141,39.651165,-104.921784,1/18/2017 10:40,10:40,6,0,0,ITHICA PLACE EAST & IVANHOE STREET SOUTH,6,1,1,0,1,3,0,,25,0,0,0,0,0,4,2,7
,2017_61142,39.763827,-104.903451,7/26/2017 15:45,15:45,12,0,0,QUEBEC STREET NORTH & 33RD AVENUE EAST,1,1,0,0,1,1,0,,30,0,0,0,0,0,4,3,3
,2017_61143,39.83338151,-104.771988,7/26/2017 16:10,16:10,12,0,0,PENA BOULEVARD 7600 BLOCK & TOWER ROAD,1,1,0,0,1,4,0,,,0,0,0,0,0,4,2,12
,2017_61144,39.83338151,-104.771988,7/26/2017 16:10,16:10,12,0,0,PENA BOULEVARD 7600 BLOCK WB OFF RAMP & TOWER ROAD,1,1,1,0,1,8,0,,35,0,0,0,0,0,4,2,13
,2017_61145,39.747447,-104.9081355,7/26/2017 16:11,16:11,3,0,0,ONEIDA STREET NORTH & MONTVIEW BOULEVARD EAST,1,1,0,0,1,1,0,,25,0,0,0,0,0,4,2,3
,2017_61146,39.763827,-104.9081715,7/26/2017 16:35,16:35,3,0,0,ONEIDA STREET NORTH & 33RD AVENUE EAST,1,1,0,0,1,1,0,,25,0,0,0,0,1,4,2,8
,2017_61147,39.729087,-104.965884,7/26/2017 16:42,16:42,12,0,0,EIGHTH AVENUE EAST & WILLIAMS STREET NORTH,1,1,0,0,1,4,0,,30,0,0,0,0,0,4,2,13
,2017_61148,39.760677,-104.98086,7/26/2017 20:30,20:30,3,0,0,29TH STREET & LAWRENCE STREET,2,3,0,1,1,1,0,,,0,0,0,0,0,4,2,13
,2017_61149,39.678435,-104.9407425,7/26/2017 20:51,20:51,3,0,0,EVANS AVENUE EAST & COLORADO BOULEVARD SOUTH,2,3,0,1,1,2,0,,35,0,0,0,0,0,4,2,13
,2017_61150,39.68946,-105.0297165,7/26/2017 21:39,21:39,10,0,0,IRVING STREET SOUTH & FLORIDA AVENUE WEST,2,3,0,1,1,2,0,,,0,0,0,0,0,4,2,13
,2017_61151,39.738474,-105.048684,7/26/2017 21:54,21:54,6,0,0,WOLFF STREET 1400 NORTH & 14TH AVENUE WEST,2,3,0,1,1,4,0,,25,0,0,0,0,0,4,2,14
,2017_61152,39.698559,-104.987484,9/6/2017 8:30,8:30,5,0,0,TENNESSEE AVENUE EAST & BROADWAY STREET SOUTH,1,1,0,0,3,1,0,,35,0,0,0,0,0,4,1,10
,2017_61153,39.725334,-104.912793,7/26/2017 22:17,22:17,1,0,0,SIXTH AVENUE EAST & MONACO STREET NORTH,2,3,0,1,1,1,0,,30,0,0,0,0,0,4,2,13
,2017_61154,39.678435,-104.9352615,7/26/2017 22:24,22:24,1,0,0,EVANS AVENUE EAST & CLERMONT STREET SOUTH,2,3,0,1,1,1,0,,35,0,0,0,0,0,4,2,13
,2017_61155,39.682017,-104.959395,7/26/2017 23:43,23:43,3,0,0,UNIVERSITY BOULEVARD SOUTH & JEWELL AVENUE EAST,2,3,0,0,1,1,0,,35,0,0,0,0,1,4,2,13
,2017_61156,39.722535,-104.987502,7/27/2017 5:30,5:30,15,0,0,BROADWAY STREET NORTH & FOURTH AVENUE EAST,1,2,0,0,1,4,0,,35,0,0,0,0,0,4,2,8
,2017_61157,39.798396,-104.786415,7/27/2017 6:40,6:40,15,0,0,56TH AVENUE EAST & PENA BOULEVARD APPROXIMATELY,1,1,0,0,1,4,0,,35,0,0,0,0,0,4,2,1
,2017_61158,39.724533,-105.0394635,7/27/2017 6:41,6:41,3,0,0,FIFTH AVENUE WEST & PERRY STREET NORTH,1,1,0,0,1,1,0,,25,0,0,0,0,0,4,2,13
,2017_61159,39.74481,-104.9610015,7/27/2017 7:03,7:03,15,0,0,18TH AVENUE EAST & GAYLORD STREET NORTH,1,5,0,0,1,1,0,,,0,0,0,0,0,4,2,13
,2017_61160,39.725586,-104.964804,7/27/2017 7:56,7:56,15,0,0,SIXTH AVENUE EAST & HIGH STREET NORTH,1,1,0,0,1,4,0,,35,0,0,0,0,0,4,2,13
,2017_61161,39.736863,-104.981085,7/27/2017 8:22,8:22,12,0,0,13TH AVENUE 500 BLOCK EAST & PENNSYLVANIA STREET,1,1,0,0,1,3,0,,30,0,0,0,0,0,4,3,3
,2017_61162,39.624174,-104.888754,7/27/2017 9:50,9:50,12,0,0,BELLEVIEW AVENUE 8500 BLOCK EAST & WABASH STREET SOUTH,1,1,0,0,1,3,0,,35,0,0,0,0,0,4,2,12
,2017_61163,39.747456,-104.884695,7/27/2017 10:42,10:42,12,0,0,CENTRAL PARK BOULEVARD 2200 BLOCK NORTH & MONTVIEW BOULEVARD EAST,1,1,0,0,1,4,0,,25,0,0,0,0,0,4,2,14
,2017_61164,39.774015,-104.9128335,7/27/2017 11:01,11:01,10,0,0,MONACO STREET & 42ND AVENUE EAST / SANDOWN ROAD EAST,1,1,0,0,1,2,0,,30,0,0,0,0,0,4,2,13
,2017_61165,39.674754,-104.875281,7/27/2017 12:30,12:30,12,0,0,DAYTON WAY SOUTH & ILIFF AVENUE EAST,1,1,0,0,1,1,0,,30,0,0,0,0,0,4,2,13
,2017_61166,39.75739729,-105.0104083,7/27/2017 12:45,12:45,6,0,0,CENTRAL STREET 1500 BLOCK & 15TH STREET,1,1,0,0,1,4,0,,,0,0,0,1,0,4,2,13
,2017_61167,39.765744,-104.964714,8/7/2017 17:24,17:24,6,0,0,35TH AVENUE EAST & HIGH STREET NORTH,2,1,0,1,1,4,0,,30,0,0,0,0,0,4,2,12
,2017_61168,39.689523,-105.0156945,8/1/2017 17:45,17:45,12,0,0,ZUNI STREET SOUTH & FLORIDA AVENUE WEST,1,1,0,0,1,1,0,,30,0,0,0,0,0,4,2,13
,2017_61169,39.728898,-104.997582,7/27/2017 13:32,13:32,15,0,0,EIGHTH AVENUE 700 BLOCK WEST & INCA STREET NORTH,1,1,0,0,1,4,0,,30,0,0,0,0,0,4,2,13
,2017_61170,39.742245,-104.99076,7/27/2017 13:50,13:50,12,0,0,15TH STREET 300 BLOCK & TREMONT PLACE,1,1,0,0,1,3,0,,25,0,0,0,0,0,4,2,8
,2017_61171,39.711186,-104.997132,7/27/2017 14:30,14:30,12,0,0,SANTA FE DRIVE SOUTH & ALAMEDA AVENUE WEST,1,1,1,0,1,1,0,,30,0,0,0,0,0,4,2,13
,2017_61172,39.729087,-104.986152,7/27/2017 14:50,14:50,12,0,0,EIGHTH AVENUE EAST & LINCOLN STREET NORTH,1,1,2,0,1,3,0,,30,0,0,0,0,0,4,2,13
,2017_61173,39.768489,-104.86575,7/27/2017 14:50,14:50,5,0,0,HAVANA STREET NORTH & SMITH ROAD EAST,1,1,0,0,1,1,0,,35,0,0,0,0,0,4,1,13
,2017_61174,39.722382,-104.903811,7/27/2017 15:02,15:02,15,0,0,FOURTH AVENUE EAST & QUEBEC STREET NORTH,1,1,0,0,1,4,0,,30,0,0,0,0,0,4,2,13
,2017_61175,39.738672,-104.9057865,7/27/2017 16:28,16:28,1,0,0,PONTIAC STREET NORTH & 14TH AVENUE EAST,1,1,0,0,1,1,0,,30,0,0,0,0,0,4,2,13
,2017_61176,39.738321,-104.917248,7/27/2017 17:16,17:16,3,0,0,14TH AVENUE EAST & KEARNEY STREET NORTH,1,1,0,0,1,1,0,,25,0,0,0,0,0,4,2,7
,2017_61177,39.756456,-105.0093135,7/27/2017 17:28,17:28,3,0,0,15TH STREET & PLATTE STREET,1,1,0,0,1,1,0,,25,0,0,0,0,0,4,2,13
,2017_61178,39.772764,-104.903811,10/2/2017 8:15,8:15,15,0,0,QUEBEC STREET NORTH & SANDOWN ROAD EAST,1,1,0,0,1,1,0,,,0,0,0,0,0,4,2,13
,2017_61179,39.729312,-105.015933,7/27/2017 17:30,17:30,12,0,0,ZUNI STREET 800 BLOCK NORTH & EIGHTH AVENUE WEST,1,1,0,0,1,3,0,,35,0,0,0,0,0,4,2,1
,2017_61181,39.760173,-104.8941315,7/27/2017 18:42,18:42,12,0,0,MLK BOULEVARD EAST & ULSTER STREET NORTH,1,1,0,0,1,3,0,,35,0,0,0,0,0,4,2,3
,2017_61182,39.63510253,-104.8877487,7/27/2017 22:00,22:00,12,0,0,VERBENA STREET NORTH & 1455 BLOCK,1,3,0,0,1,4,0,,,0,0,0,0,0,4,2,13
,2017_61183,39.725604,-104.9602005,7/27/2017 22:00,22:00,9,0,0,SIXTH AVENUE EAST & YORK STREET NORTH,1,3,0,0,2,4,0,,30,0,0,0,0,0,4,1,16
,2017_61184,39.714759,-104.9875425,7/28/2017 0:29,0:29,15,0,0,BROADWAY STREET 000 BLOCK SOUTH & BAYAUD AVENUE EAST,1,3,0,0,1,4,0,,30,0,0,0,0,0,4,2,13
,2017_61185,39.743262,-104.9835915,7/28/2017 8:15,8:15,15,0,0,GRANT STREET NORTH & 17TH AVENUE EAST,1,1,0,0,1,3,0,,30,0,0,0,0,0,4,2,8
,2017_61186,39.747393,-104.9199345,7/28/2017 8:35,8:35,8,0,0,MONTVIEW BOULEVARD 5800 BLOCK EAST & IVY STREET NORTH,1,1,0,0,1,4,0,,25,0,0,0,0,0,4,2,14
,2017_61187,39.708135,-104.879142,7/28/2017 8:46,8:46,12,0,0,CLINTON STREET 400 BLOCK SOUTH & ALAMEDA AVENUE EAST,1,1,0,0,1,4,0,,25,0,0,0,0,0,4,2,14
,2017_61188,39.729069,-104.972958,7/28/2017 10:35,10:35,3,0,1,EIGHTH AVENUE EAST & DOWNING STREET NORTH,1,1,0,0,1,1,0,,3,0,0,0,0,2,4,2,8
,2017_61189,39.736872,-105.0028065,7/28/2017 10:39,10:39,3,0,0,13TH AVENUE WEST & MARIPOSA STREET NORTH,1,1,0,0,1,1,0,,25,0,0,0,0,0,4,2,13
,2017_61190,39.7512,-105.023601,7/28/2017 12:42,12:42,3,0,0,23RD AVENUE WEST & ELIOT STREET NORTH,1,1,0,0,1,1,0,,30,0,0,0,0,0,4,2,14
,2017_61191,39.687543,-104.9875245,7/28/2017 12:47,12:47,12,0,0,BROADWAY STREET 1500 BLOCK SOUTH & IOWA STREET EAST,1,1,0,0,1,4,0,,30,0,0,0,0,0,4,2,12
,2017_61192,39.678435,-104.9127435,7/28/2017 12:55,12:55,12,0,0,MONACO STREET 2100 BLOCK SOUTH & EVANS AVENUE EAST,1,1,0,0,1,3,0,,35,0,0,0,0,0,4,2,13
,2017_61193,39.738672,-104.9057865,7/28/2017 13:20,13:20,3,0,0,14TH AVENUE EAST & PONTIAC STREET NORTH,1,1,0,0,1,1,0,,25,0,0,0,0,0,4,2,13
,2017_61194,39.780216,-105.020514,7/28/2017 16:59,16:59,12,0,0,46TH AVENUE WEST & CLAY STREET NORTH,2,1,0,1,1,1,0,,30,0,0,0,0,0,4,2,13
,2017_61195,39.798279,-104.9015565,7/28/2017 18:56,18:56,12,0,0,56TH AVENUE 7500 BLOCK EAST & ROSLYN STREET NORTH,2,1,0,0,1,4,0,,45,0,0,0,0,0,4,3,3
,2017_61196,39.696687,-104.996835,7/28/2017 19:25,19:25,6,0,0,HURON STREET SOUTH & MISSISSIPPI AVENUE WEST,1,1,0,0,1,4,0,,25,0,0,0,0,0,4,2,5
,2017_61197,39.76095719,-105.0043439,7/28/2017 22:14,22:14,12,0,0,20TH STREET & I25,1,3,1,0,1,3,0,,35,0,0,0,0,0,4,3,3
,2017_61198,39.733713,-104.971824,7/28/2017 23:23,23:23,3,0,2,MARION STREET NORTH & 11TH AVENUE EAST,1,3,0,0,1,1,0,,15,0,0,0,1,2,4,2,13
,2017_61199,39.725595,-104.9578605,7/29/2017 10:44,10:44,12,0,0,SIXTH AVENUE EAST & COLUMBINE STREET NORTH,1,1,0,0,1,3,0,,30,0,0,0,0,0,4,3,16
,2017_61200,39.725649,-104.986314,7/29/2017 10:51,10:51,12,0,0,SIXTH AVENUE EAST & LINCOLN STREET NORTH,2,1,0,1,1,1,0,,30,0,0,0,0,0,4,2,13
,2017_61201,39.740022,-104.9810715,7/29/2017 13:25,13:25,12,0,0,PENNSYLVANIA STREET & COLFAX AVENUE EAST,1,1,0,0,1,4,0,,25,0,0,0,0,0,4,2,13
,2017_61202,39.743775,-104.9034825,7/29/2017 13:51,13:51,12,0,0,QUEBEC STREET NORTH & 17TH AVENUE EAST,1,1,0,0,1,4,0,,30,0,0,0,0,0,4,2,13
,2017_61203,39.709026,-104.875443,7/29/2017 16:45,16:45,12,0,0,ALAMEDA AVENUE 9300 BLOCK EAST & DAYTON STREET SOUTH,1,1,0,0,1,4,0,,35,0,0,0,0,0,4,2,14
,2017_61204,39.762108,-105.041664,7/29/2017 16:49,16:49,3,0,0,32ND AVENUE WEST & RALEIGH STREET NORTH,1,1,0,0,1,1,0,,25,0,0,0,0,0,4,2,13
,2017_61205,39.732039,-104.9902425,7/29/2017 17:28,17:28,14,0,1,BANNOCK STREET & 10TH AVENUE WEST,1,1,0,0,1,2,0,,35,0,0,0,1,2,4,2,14
,2017_61206,39.71934,-104.987502,7/29/2017 21:30,21:30,3,0,0,SECOND AVENUE EAST & BROADWAY SOUTH,1,3,0,0,1,2,0,,25,0,0,0,0,0,4,2,3
,2017_61207,39.678624,-105.0250365,7/29/2017 23:05,23:05,12,0,0,EVANS AVENUE WEST & FEDERAL BOULEVARD SOUTH,1,3,0,0,1,3,0,,35,0,0,0,0,1,4,2,5
,2017_61208,39.740022,-105.000192,7/29/2017 23:19,23:19,12,0,0,KALAMATH STREET 1400 BLOCK NORTH & COLFAX AVENUE WEST,1,3,0,0,1,4,0,,40,0,0,0,0,1,4,2,3
,2017_61209,39.700296,-104.979267,7/30/2017 0:24,0:24,6,0,0,WASHINGTON STREET 800 BLOCK SOUTH & KENTUCKY AVENUE EAST,1,3,3,0,1,4,0,,,0,0,0,0,0,4,2,13
,2017_61210,39.685428,-105.0442515,7/30/2017 1:11,1:11,9,0,1,TENNYSON STREET SOUTH & MEXICO AVENUE WEST,1,3,0,0,1,1,0,,30,0,0,0,1,2,4,1,8
,2017_61211,39.69279,-104.969583,7/30/2017 11:00,11:00,6,0,0,HUMBOLDT STREET 1300 BLOCK NORTH & 14TH AVENUE EAST,1,1,0,0,1,4,0,,25,0,0,0,0,0,4,2,1
,2017_61212,39.761964,-104.903451,7/30/2017 13:57,13:57,3,0,0,MLK BOULEVARD EAST & QUEBEC STREET NORTH,1,1,0,0,1,3,0,,35,0,0,0,0,0,4,2,3
,2017_61213,39.773709,-104.9744925,7/30/2017 14:30,14:30,5,0,0,BRIGHTON BOULEVARD & 39TH AVENUE EAST,1,1,0,0,2,4,1,,,0,0,0,0,0,4,1,13
,2017_61214,39.7611,-105.0104925,7/30/2017 15:37,15:37,15,0,0,17TH STREET & ERIE STREET,2,1,1,1,1,1,0,,25,0,0,0,0,0,4,3,8
,2017_61215,39.729105,-104.988852,7/30/2017 16:17,16:17,15,0,0,EIGHTH AVENUE WEST & ACOMA STREET NORTH,1,1,0,0,1,1,0,,30,0,0,0,0,0,4,2,13
,2017_61216,39.75548786,-105.0014536,7/30/2017 17:57,17:57,12,0,0,CHESTNUT PLACE & 2000 BLOCK,2,1,0,0,1,3,0,,25,0,0,0,0,0,4,2,13
,2017_61217,39.791052,-104.8355865,7/30/2017 19:42,19:42,5,0,0,UVALDA STREET & 51ST AVENUE EAST,2,2,0,1,1,4,0,,35,0,0,0,0,0,4,1,13
,2017_61218,39.71304,-105.015681,8/5/2017 1:01,1:01,6,0,1,ZUNI STREET SOUTH & CEDAR AVENUE WEST,1,3,0,0,1,4,0,,25,0,0,0,0,2,4,4,5
,2017_61219,39.729087,-104.986152,7/30/2017 21:20,21:20,3,0,1,EIGHTH AVENUE EAST & LINCOLN STREET NORTH,1,3,0,0,1,1,0,,30,0,0,0,0,2,4,2,13
,2017_61220,39.718332,-104.981463,7/30/2017 21:24,21:24,3,0,0,FIRST AVENUE EAST & PENNSYLVANIA STREET NORTH,1,3,0,0,1,1,0,,25,0,0,0,0,0,4,2,8
,2017_61221,39.784005,-104.84712,7/31/2017 7:54,7:54,1,0,0,PEORIA STREET NORTH & ALBROOK DRIVE EAST,1,1,0,0,1,1,0,,35,0,0,0,0,0,4,2,13
,2017_61222,39.786228,-104.8488975,7/31/2017 8:40,8:40,3,0,2,PARIS STREET NORTH & 49TH AVENUE EAST,1,1,0,0,1,1,0,,25,0,0,0,0,2,4,2,13
,2017_61223,39.771972,-104.904513,7/31/2017 10:49,10:49,12,0,0,SMITH ROAD EAST & POPLAR STREET NORTH,1,1,0,0,1,1,0,,25,0,0,0,0,1,4,3,13
,2017_61224,39.722535,-104.987502,7/31/2017 12:10,12:10,1,0,0,FOURTH AVENUE EAST & BROADWAY STREET NORTH,1,1,0,0,1,1,0,,25,0,0,0,0,0,4,2,13
,2017_61225,39.725649,-104.986314,7/31/2017 12:20,12:20,10,0,0,LINCOLN STREET NORTH & SIXTH AVENUE EAST,1,1,0,0,1,1,0,,35,0,0,0,0,0,4,2,13
,2017_61226,39.73685738,-104.9609531,7/31/2017 12:30,12:30,6,0,0,GAYLORD STREET 1300 BLOCK NORTH & 13TH AVENUE EAST,1,1,0,0,1,4,0,,25,0,0,0,0,0,4,2,13
,2017_61227,39.748023,-105.0006915,7/31/2017 12:44,12:44,10,0,0,MARKET STREET & 14TH STREET,1,1,0,0,1,1,0,,25,0,0,0,0,0,4,2,13
,2017_61228,39.736755,-104.918355,7/31/2017 13:48,13:48,3,0,1,JASMINE STREET NORTH & 13TH AVENUE EAST,1,1,0,0,1,1,0,,25,0,0,0,0,2,4,2,13
,2017_61229,39.798315,-104.8754655,8/15/2017 5:38,5:38,5,0,0,56TH AVENUE EAST & DALLAS STREET NORTH,1,1,0,0,2,4,0,,45,0,0,0,0,0,4,1,1
,2017_61230,39.776427,-104.8469535,7/31/2017 14:26,14:26,1,0,0,PEORIA STREET & 44TH AVENUE EAST,1,1,0,0,1,1,0,,35,0,0,0,0,0,4,2,13
,2017_61231,39.725298,-104.9305005,8/1/2017 9:45,9:45,12,0,0,SIXTH AVENUE EAST & EUDORA STREET NORTH,1,1,0,0,1,4,0,,30,0,0,0,0,0,4,2,13
,2017_61232,39.76529688,-104.8902936,7/31/2017 14:39,14:39,12,0,0,CENTRAL PARK BOULEVARD 3500 BLOCK NORTH & 36TH AVENUE EAST,1,1,0,0,1,3,0,,35,0,0,0,0,0,4,4,12
,2017_61233,39.711186,-104.997132,7/31/2017 15:00,15:00,12,0,0,ALAMEDA AVENUE WEST & SANTA FE DRIVE SOUTH,1,1,0,0,1,4,0,,35,0,0,0,0,0,4,2,13
,2017_61234,39.678363,-104.959404,7/31/2017 15:21,15:21,12,0,0,UNIVERSITY BOULEVARD SOUTH & EVANS AVENUE EAST,1,1,0,0,1,4,0,,30,0,0,0,0,0,4,2,14
,2017_61235,39.769335,-105.0520635,7/31/2017 15:38,15:38,1,0,0,38TH AVENUE WEST & ZENOBIA STREET NORTH,1,1,0,0,1,1,0,,30,0,0,0,0,1,4,2,8
,2017_61236,39.691296,-105.02973,7/31/2017 17:17,17:17,3,0,0,ARKANSAS AVENUE WEST & IRVING STREET SOUTH,1,1,0,0,1,1,0,,25,0,0,0,0,0,4,2,13
,2017_61237,39.760038,-104.865813,7/31/2017 18:13,18:13,3,0,0,HAVANA STREET NORTH & MLK BOULEVARD EAST,1,1,0,0,1,1,0,,25,0,0,0,0,0,4,2,3
,2017_61238,39.795489,-104.8207635,7/31/2017 19:20,19:20,3,0,0,CROWN BOULEVARD NORTH & CRYSTAL WAY NORTH,1,2,0,0,1,1,0,,25,0,0,0,0,0,4,2,13
,2017_61239,39.716235,-104.949963,7/31/2017 21:50,21:50,1,0,0,STEELE STREET SOUTH & ELLSWORTH AVENUE EAST,1,3,0,0,1,1,0,,30,0,0,0,0,0,4,2,7
,2017_61240,39.781944,-104.958162,8/1/2017 0:35,0:35,5,0,0,47TH AVENUE 2400 BLOCK EAST & JOSEPHINE STREET,1,3,0,0,2,4,0,,25,0,0,0,0,0,4,1,5
,2017_61241,39.751056,-104.9211135,9/18/2017 15:20,15:20,6,0,0,IVANHOE STREET & 23RD AVENUE EAST,1,1,0,1,3,4,0,,25,0,0,0,0,0,4,3,14
,2017_61242,39.744837,-104.974803,8/1/2017 7:07,7:07,12,0,0,18TH AVENUE EAST & PARK AVENUE,1,1,0,0,1,1,0,,30,0,0,0,0,0,4,2,13
,2017_61243,39.736566,-105.0334065,8/1/2017 8:43,8:43,6,0,0,KING STREET & 13TH AVENUE WEST,1,1,0,0,1,4,0,,25,0,0,0,0,0,4,2,14
,2017_61244,39.771063,-104.8470435,8/1/2017 8:55,8:55,12,0,0,PEORIA STREET NORTH & 39TH AVENUE EAST,1,1,0,0,1,1,0,,30,0,0,0,1,0,4,2,14
,2017_61245,39.678435,-104.9251905,8/1/2017 11:50,11:50,12,0,0,EVANS AVENUE 5100 BLOCK EAST & GRAPE STREET SOUTH,1,1,0,0,1,4,0,,35,0,0,0,0,0,4,2,13
,2017_61246,39.755988,-104.9033115,8/1/2017 12:27,12:27,15,0,0,QUEBEC STREET NORTH & 28TH AVENUE EAST,1,1,0,0,1,1,0,,35,0,0,0,0,0,4,2,16
,2017_61247,39.711177,-105.018066,8/1/2017 13:50,13:50,12,0,0,BRYANT STREET & ALAMEDA AVENUE WEST,1,1,0,0,1,2,0,,25,0,0,0,0,0,4,2,13
,2017_61248,39.7593,-104.9859315,8/1/2017 15:37,15:37,12,0,0,WALNUT STREET 2600 BLOCK & 27TH STREET,1,1,1,0,1,4,0,,30,0,0,0,0,0,4,2,1
,2017_61249,39.678426,-104.9363145,8/1/2017 16:28,16:28,12,0,0,BIRCH STREET SOUTH & EVANS AVENUE EAST,1,1,0,0,1,1,0,,40,0,0,0,0,0,4,2,2
,2017_61250,39.742245,-104.99076,8/1/2017 19:02,19:02,3,0,0,15TH STREET & TREMONT PLACE,1,1,0,0,1,1,0,,25,0,0,0,0,0,4,2,13
,2017_61251,39.769506,-105.0381315,8/1/2017 22:16,22:16,6,0,0,38TH AVENUE WEST & OSCEOLA STREET NORTH,1,3,1,0,1,4,0,,,0,0,0,0,0,4,2,12
,2017_61252,39.775266,-105.0392925,8/6/2017 21:18,21:18,6,0,0,PERRY STREET NORTH & 43RD AVENUE WEST,1,4,0,0,1,4,0,,25,0,0,0,0,0,4,2,3
,2017_61253,39.756456,-105.0093135,8/2/2017 7:51,7:51,3,0,0,15TH STREET & PLATTE STREET,1,1,0,7,1,1,0,,30,0,0,0,0,0,4,2,14
,2017_61254,39.74464087,-104.9962689,8/2/2017 8:11,8:11,15,0,0,CHAMPA STREET 1400 BLOCK & 14TH STREET,1,1,0,7,1,4,0,,25,0,0,0,0,0,4,2,14
,2017_61255,39.728907,-104.998644,8/2/2017 8:34,8:34,12,0,0,EIGHTH AVENUE WEST & SANTA FE NORTH,1,1,0,0,1,1,0,,35,0,0,0,0,0,4,2,14
,2017_61256,39.773142,-104.9127615,8/2/2017 9:30,9:30,12,0,0,MONACO STREET SOUTH & SMITH ROAD EAST,1,1,0,0,1,3,0,,35,0,0,0,0,0,4,2,7
,2017_61257,39.729087,-104.986152,8/2/2017 9:35,9:35,12,0,0,LINCOLN STREET 700 BLOCK NORTH & EIGHTH AVENUE EAST,1,1,0,0,1,1,0,,25,0,0,0,0,0,4,2,14
,2017_61258,39.718026,-104.9522265,8/2/2017 9:44,9:44,12,0,0,MILWAUKEE STREET NORTH & FIRST AVENUE EAST,1,1,0,0,1,1,0,,30,0,0,0,0,0,4,2,13
,2017_61259,39.744819,-104.968422,8/2/2017 9:44,9:44,12,0,0,18TH AVENUE EAST & FRANKLIN STREET NORTH,1,1,0,0,1,4,0,,30,0,0,0,0,0,4,2,12
,2017_61260,39.749796,-104.903433,8/2/2017 10:48,10:48,3,0,0,22ND AVENUE EAST & QUEBEC STREET NORTH,1,1,0,0,1,1,0,,35,0,0,0,0,0,4,4,13
,2017_61261,39.750237,-104.9874075,8/2/2017 11:46,11:46,12,0,0,STOUT STREET 2000 BLOCK & BROADWAY STREET NORTH,1,1,0,0,1,3,0,,25,0,0,0,0,0,4,2,1
,2017_61262,39.693024,-104.987466,8/2/2017 13:35,13:35,10,0,0,BROADWAY STREET 1288 SOUTH & LOUISIANA AVENUE EAST APPROXIMATELY,1,1,0,0,1,4,0,,35,0,0,0,0,0,4,2,13
,2017_61263,39.738447,-104.986143,8/2/2017 13:58,13:58,3,0,0,14TH AVENUE EAST & LINCOLN STREET NORTH,1,1,0,0,1,1,0,,25,0,0,0,0,1,4,2,13
,2017_61264,39.769272,-105.0174225,8/2/2017 17:31,17:31,1,0,0,38TH AVENUE WEST & ALCOTT STREET NORTH,1,1,0,0,1,1,0,,25,0,0,0,0,1,4,2,7
,2017_61265,39.738276,-104.9361435,8/2/2017 20:00,20:00,3,0,0,14TH AVENUE EAST & BIRCH STREET NORTH,1,2,0,0,1,1,0,,25,0,0,0,0,0,4,2,14
,2017_61266,39.758445,-105.0213735,8/2/2017 20:59,20:59,1,0,0,29TH AVENUE WEST & SPEER BOULEVARD NORTH,1,3,0,0,1,1,0,,35,0,0,0,0,0,4,2,1
,2017_61267,39.736845,-104.98617,8/2/2017 22:50,22:50,3,0,0,LINCOLN STREET NORTH & 13TH AVENUE EAST,1,3,0,0,1,1,0,,30,0,0,0,0,1,4,2,4