id,drcog_id,latitude,longitude,crashtime,time,crashtype,numbkilled,numbinjurd,drcoglocat,rdconditin,lightngcon,roadcntgrd,weatherco,location,roaddescrp,constrzone,schoolzone,splimit,bikeinv,pedinv,sctrinv,motoinv,svrty,rdsystem,ttlvehcls,hcf
,2017_61268,39.781782,-104.772267,8/3/2017 6:20,6:20,5,0,0,TOWER ROAD NORTH & 47TH AVENUE EAST,1,2,0,1,2,1,0,,40,0,0,0,0,0,4,1,1
,2017_61270,39.678444,-104.931612,8/3/2017 7:11,7:11,12,0,0,DAHLIA STREET SOUTH & EVANS AVENUE EAST,1,1,0,0,1,1,0,,30,0,0,0,0,0,4,2,7
,2017_61271,39.760164,-104.89257,8/3/2017 9:14,9:14,12,0,0,MLK BOULEVARD 8300 BLOCK EAST & UINTAH STREET NORTH,1,1,0,0,1,4,0,,60,0,0,0,0,0,4,2,14
,2017_61272,39.73383,-104.99166,8/3/2017 9:25,9:25,3,0,0,11TH AVENUE & CHEROKEE STREET NORTH,1,1,0,0,1,2,0,,,0,0,0,0,0,4,2,13
,2017_61273,39.74448468,-104.9911981,8/3/2017 10:15,10:15,12,0,0,WELTON STREET 1600 BLOCK & 17TH STREET,1,1,0,0,1,4,0,,30,0,0,0,0,1,4,2,3
,2017_61274,39.83338151,-104.771988,8/3/2017 10:55,10:55,5,0,0,PENA BOULEVARD 7100 BLOCK & TOWER ROAD NORTH,1,1,0,0,2,4,0,,65,0,0,0,0,1,4,1,16
,2017_61275,39.745755,-105.000174,8/3/2017 11:17,11:17,12,0,0,SPEER BOULEVARD NORTH & LAWRENCE STREET,1,1,0,0,1,3,0,,35,0,0,0,0,1,4,3,14
,2017_61276,39.747501,-104.9861115,8/3/2017 12:45,12:45,15,0,0,LINCOLN STREET NORTH & 20TH AVENUE EAST,1,1,0,0,1,1,0,,25,0,0,0,0,0,4,2,8
,2017_61277,39.757815,-104.8563135,8/3/2017 12:45,12:45,12,0,0,HAVANA WAY & LIMA STREET NORTH,1,1,0,0,1,4,0,,,0,0,0,0,0,4,2,13
,2017_61278,39.711159,-104.9900175,8/3/2017 13:00,13:00,1,0,0,ALAMEDA AVENUE WEST & BANNOCK STREET SOUTH,1,1,0,0,1,1,0,,35,0,0,0,0,1,4,3,7
,2017_61279,39.728907,-104.998644,8/3/2017 14:27,14:27,12,0,0,SANTA FE DRIVE 700 BLOCK NORTH & EIGHTH AVENUE WEST,1,1,0,0,1,4,0,,30,0,0,0,0,0,4,2,13
,2017_61280,39.69666,-104.8917105,8/3/2017 15:20,15:20,12,0,0,MISSISSIPPI AVENUE 8300 BLOCK EAST & VALENTINA STREET EAST,1,1,0,0,1,4,0,,40,0,0,0,0,0,4,3,13
,2017_61281,39.794544,-104.86602,8/3/2017 15:50,15:50,1,0,1,HAVANA STREET NORTH & 54TH AVENUE EAST,1,1,0,0,1,1,0,,,0,0,0,0,2,4,2,13
,2017_61282,39.769407,-105.0440445,8/4/2017 21:00,21:00,6,0,0,38TH AVENUE WEST & TENNYSON STREET NORTH,1,3,0,0,1,5,0,,10,0,0,0,0,0,4,2,3
,2017_61283,39.729222,-104.931612,8/4/2017 10:32,10:32,12,0,0,DAHLIA STREET 800 BLOCK NORTH & EIGHTH AVENUE EAST,1,1,0,7,1,4,0,,25,0,0,0,0,0,4,2,14
,2017_61284,39.76529688,-104.8902936,8/3/2017 16:45,16:45,12,0,0,CENTRAL PARK BOULEVARD 3500 BLOCK & 36TH AVENUE EAST,1,1,0,0,1,4,0,,35,0,0,0,0,0,4,3,13
,2017_61285,39.631356,-104.8923,8/3/2017 17:47,17:47,1,0,0,DTC BOULEVARD SOUTH & UNION AVENUE EAST,1,1,0,0,1,1,0,,35,0,0,0,0,0,4,2,1
,2017_61286,39.714759,-104.9875425,8/3/2017 17:58,17:58,12,0,0,BROADWAY STREET 000 BLOCK SOUTH & BAYAUD AVENUE EAST,1,1,0,0,1,3,0,,30,0,0,0,0,0,4,2,14
,2017_61287,39.714939,-104.895522,8/3/2017 18:30,18:30,6,0,0,BAYAUD AVENUE 6000 BLOCK EAST & ULSTER STREET SOUTH,1,1,0,0,1,4,0,,,0,0,0,0,0,4,2,13
,2017_61288,39.744927,-104.935482,8/3/2017 19:01,19:01,6,0,0,18TH AVENUE EAST & CLERMONT STREET NORTH,1,1,0,0,1,3,0,,20,0,0,0,0,0,4,2,14
,2017_61289,39.767382,-104.90346,8/3/2017 19:40,19:40,12,0,0,36TH AVENUE EAST & QUEBEC STREET NORTH,1,1,0,0,1,1,0,,25,0,0,0,0,0,4,3,12
,2017_61290,39.728934,-104.9906115,8/3/2017 20:30,20:30,3,0,0,EIGHTH AVENUE EAST & SPEER BOULEVARD NORTH,1,3,1,0,1,1,0,,35,0,0,0,0,0,4,2,13
,2017_61291,39.711186,-104.997132,8/3/2017 21:25,21:25,15,0,0,ALAMEDA AVENUE WEST & SANTA FE DRIVE SOUTH,1,3,0,0,1,1,0,,35,0,0,0,0,0,4,2,13
,2017_61292,39.751002,-104.903442,8/4/2017 1:16,1:16,3,0,0,23RD AVENUE EAST & QUEBEC STREET NORTH,1,3,0,0,1,1,0,,30,0,0,0,0,1,4,2,16
,2017_61293,39.770514,-105.0006015,8/4/2017 2:04,2:04,5,0,0,KALAMATH STREET NORTH & 39TH AVENUE WEST,1,3,0,0,2,1,0,,25,0,0,0,0,0,4,1,1
,2017_61294,39.735252,-104.991696,8/4/2017 7:40,7:40,3,0,0,12TH AVENUE WEST & CHROKEE STREET NORTH,1,1,0,7,1,1,0,,25,0,0,0,0,0,4,2,14
,2017_61295,39.761946,-104.946264,8/4/2017 8:32,8:32,3,0,0,MLK BOULEVARD & MADISON STREET NORTH,1,1,0,0,1,1,0,,35,0,0,0,0,1,4,2,7
,2017_61296,39.778722,-104.9222925,8/4/2017 9:11,9:11,3,0,0,HOLLY STREET NORTH & STAPLETON NORTH DRIVE EAST,1,1,0,0,1,1,0,,30,0,0,0,0,0,4,2,13
,2017_61297,39.753054,-104.9854905,8/4/2017 10:21,10:21,12,0,0,CHAMPA STREET 2300 BLOCK & PARK AVENUE WEST,1,1,0,7,1,1,0,,25,0,0,0,0,0,4,2,16
,2017_61298,39.720933,-105.005574,8/4/2017 11:50,11:50,3,0,0,OSAGE STREET NORTH & THIRD AVENUE WEST,1,1,0,0,1,1,0,,30,0,0,0,0,0,4,2,8
,2017_61299,39.736872,-105.000183,8/4/2017 12:23,12:23,3,0,0,13TH AVENUE WEST & KALAMATH STREET NORTH,1,1,0,0,1,1,0,,35,0,0,0,0,1,4,2,14
,2017_61300,39.729078,-104.982408,8/4/2017 13:22,13:22,3,0,0,EIGHTH AVENUE EAST & LOGAN STREET NORTH,1,1,1,0,1,1,0,,30,0,0,0,0,1,4,2,6
,2017_61301,39.725334,-104.912793,8/4/2017 13:25,13:25,3,0,1,SIXTH AVENUE EAST & MONACO STREET NORTH,1,1,0,0,1,1,0,,30,0,0,0,0,2,4,2,13
,2017_61302,39.73690272,-104.9740935,8/4/2017 15:00,15:00,6,0,0,CORONA STREET NORTH 1300 BLOCK & 13TH AVENUE EAST,1,1,0,0,1,4,0,,30,0,0,0,0,0,4,2,13
,2017_61303,39.769272,-105.006456,8/4/2017 15:00,15:00,3,0,0,38TH AVENUE WEST & PECOS STREET NORTH,1,1,0,0,1,1,0,,35,0,0,0,0,0,4,2,16
,2017_61304,39.729312,-105.0132105,8/4/2017 15:06,15:06,3,0,0,EIGHTH AVENUE WEST & VALLEJO STREET NORTH,1,1,0,0,1,1,0,,35,0,0,0,0,0,4,2,16
,2017_61305,39.649113,-104.8849155,8/4/2017 16:32,16:32,12,0,0,YOSEMITE STREET SOUTH & KENYON AVENUE EAST,1,1,0,0,1,1,0,,45,0,0,0,0,0,4,2,2
,2017_61306,39.751731,-104.9958765,8/4/2017 16:36,16:36,12,0,0,18TH STREET 1300 BLOCK & MARKET STREET,1,1,3,0,1,4,0,,25,0,0,0,0,0,4,2,8
,2017_61307,39.762027,-104.97213,8/4/2017 17:00,17:00,12,0,0,MLK BOULEVARD EAST & MARION STREET NORTH,1,1,0,0,1,1,0,,30,0,0,0,0,0,4,2,1
,2017_61308,39.765726,-104.9948415,8/4/2017 17:55,17:55,12,0,0,PARK AVENUE WEST & GOLBEVILLE ROAD,1,1,0,0,1,1,0,,35,0,0,0,0,0,4,2,16
,2017_61309,39.77685,-104.768712,8/4/2017 18:16,18:16,12,0,0,ARGONNE STREET 4400 BLOCK NORTH & 45TH AVENUE EAST,1,1,0,0,1,4,0,,25,0,0,0,0,0,4,2,7
,2017_61310,39.765726,-104.9948415,8/4/2017 18:25,18:25,12,0,0,PARK AVENUE WEST & GLOBEVILLE ROAD,1,1,1,0,1,3,0,,35,0,0,0,0,1,4,2,12
,2017_61311,39.725595,-104.953428,8/4/2017 18:34,18:34,3,0,0,SIXTH AVENUE EAST & FILLMORE STREET NORTH,1,1,0,0,1,1,0,,,0,0,0,0,0,4,2,4
,2017_61312,39.724128,-104.9582655,8/5/2017 9:09,9:09,12,0,0,FIFTH AVENUE EAST & JOSEPHINE STREET NORTH,1,1,0,0,1,3,0,,25,0,0,0,0,0,4,2,7
,2017_61313,39.70537704,-105.0516645,8/5/2017 12:00,12:00,5,0,0,CENTER AVENUE 4900 BLOCK WEST & WEIR GULCH,1,1,1,0,3,4,0,,10,0,0,0,0,0,4,1,14
,2017_61314,39.765726,-104.9948415,8/5/2017 12:55,12:55,1,0,0,BROADWAY STREET NORTH & PARK AVENUE WEST,1,1,0,0,1,1,0,,30,0,0,0,0,0,4,2,13
,2017_61315,39.761964,-104.903451,8/5/2017 13:30,13:30,3,0,0,MLK BOULEVARD EAST & QUEBEC NORTH,1,1,0,0,1,1,0,,35,0,0,0,0,0,4,2,13
,2017_61316,39.747519,-104.9782995,8/5/2017 14:16,14:16,12,0,0,DENVER PARK ROAD & WASHINGTON PARK,1,1,0,0,1,7,0,,10,0,0,0,0,0,4,2,8
,2017_61317,39.676653,-104.9675715,8/5/2017 15:44,15:44,12,0,0,GILPIN STREET 2100 BLOCK SOUTH & WARREN AVENUE EAST,1,1,0,0,1,4,0,,25,0,0,0,0,0,4,2,7
,2017_61318,39.678435,-104.912892,8/5/2017 16:53,16:53,12,0,0,EVANS AVENUE 6400 BLOCK EAST & MONACO STREET SOUTH,1,1,0,0,1,4,0,,35,0,0,0,0,0,4,2,13
,2017_61319,39.781854,-104.9786325,8/5/2017 17:36,17:36,3,0,0,47TH AVENUE 600 BLOCK EAST & WASHINGTON STREET NORTH,1,1,0,0,1,5,0,,35,0,0,0,0,0,4,2,13
,2017_61321,39.776715,-105.0334245,8/5/2017 20:41,20:41,3,0,0,44TH AVENUE WEST & KING STREET / LOWELL BOULEVARD NORTH ALLEY,2,3,0,1,1,5,0,,30,0,0,0,0,0,4,2,13
,2017_61322,39.781656,-104.76315,8/5/2017 20:50,20:50,6,0,0,47TH AVENUE EAST & CEYLON COURT NORTH,2,4,0,1,1,3,0,,25,0,0,0,0,0,4,3,10
,2017_61323,39.798396,-104.786415,8/5/2017 22:30,22:30,15,0,0,PENA BOULEVARD & 56TH AVENUE EAST,1,3,0,0,1,4,0,,65,0,0,0,0,0,4,2,1
,2017_61324,39.713076,-104.9339655,8/6/2017 2:36,2:36,5,0,0,CHERRY CREEK NORTH DRIVE EAST & CEDAR AVENUE SOUTH OFFSET REF APPROXIMATELY,1,3,0,0,3,4,0,,,0,0,0,0,0,4,1,13
,2017_61325,39.733623,-104.9941215,8/6/2017 5:19,5:19,3,0,0,SPEER BOULEVARD NORTH & 11TH AVENUE WEST,1,3,0,0,1,1,0,,30,0,0,0,0,1,4,2,8
,2017_61326,39.83358199,-104.7220845,8/6/2017 10:16,10:16,15,0,0,PENA BOULEVARD 7500 BLOCK & E470,1,1,0,0,1,4,0,,65,0,0,0,0,0,4,2,8
,2017_61327,39.741957,-104.89401,9/15/2017 2:00,2:00,5,0,0,16TH AVENUE EAST & ULSTER STREET NORTH,1,3,0,0,3,1,0,,30,0,0,0,0,0,4,1,1
,2017_61328,39.748878,-104.987448,8/6/2017 12:15,12:15,10,0,0,BROADWAY STREET NORTH & 20TH STREET,1,1,0,0,1,1,0,,30,0,0,0,0,0,4,2,13
,2017_61329,39.786219,-104.8469715,8/6/2017 13:04,13:04,3,0,0,PEORIA STREET NORTH & ANDREWS DRIVE EAST,1,1,0,0,1,1,0,,40,0,0,0,0,0,4,2,13
,2017_61330,39.667626,-104.912964,8/6/2017 14:36,14:36,12,0,0,YALE AVENUE 6500 BLOCK EAST & MONACO STREET SOUTH,1,1,2,0,1,4,0,,35,0,0,0,0,0,4,3,13
,2017_61331,39.713364,-105.0420915,8/6/2017 15:55,15:55,3,0,0,RALEIGH STREET SOUTH & CEDAR AVENUE WEST,1,1,1,0,1,1,0,,25,0,0,0,0,0,4,2,13
,2017_61332,39.769155,-104.9733765,8/6/2017 17:14,17:14,8,0,0,WALNUT STREET & DOWNING STREET NORTH,1,1,0,0,1,1,0,,30,0,0,0,0,0,4,2,1
,2017_61333,39.667725,-104.9787631,8/6/2017 19:00,19:00,3,0,0,YALE AVENUE EAST & 4100 SHOPPING ENTRANCE,1,2,0,0,1,2,0,,25,0,0,0,0,0,4,2,3
,2017_61334,39.736827,-104.963454,8/6/2017 20:18,20:18,10,0,0,13TH AVENUE EAST & RACE STREET NORTH,1,2,0,0,1,1,0,,35,0,0,0,0,0,4,2,13
,2017_61335,39.725595,-104.9485725,8/7/2017 0:50,0:50,6,0,1,SIXTH AVENUE EAST & ADAMS STREET NORTH,1,3,0,0,1,4,0,,35,0,0,0,0,2,4,3,5
,2017_61336,39.751929,-104.9598,8/7/2017 6:05,6:05,3,0,1,24TH AVENUE EAST & YORK STREET NORTH,2,2,0,1,1,1,0,,25,0,0,0,0,2,4,2,13
,2017_61337,39.742596,-104.90346,8/7/2017 7:55,7:55,3,0,0,QUEBEC STREET WEST & BATAVIA PLACE EAST,2,1,0,1,1,1,0,,25,0,0,0,0,0,4,2,7
,2017_61338,39.707217,-104.8683015,8/7/2017 7:59,7:59,3,0,0,VIRGINIA AVENUE EAST & GALENA WAY SOUTH,2,1,0,1,1,1,0,,25,0,0,0,0,0,4,2,7
,2017_61339,39.716577,-105.0001965,8/7/2017 9:20,9:20,15,0,0,KALAMATH STREET NORTH & ELLSWORTH AVENUE WEST,2,1,0,1,1,1,0,,35,0,0,0,0,0,4,2,13
,2017_61340,39.7305,-104.946183,8/7/2017 9:47,9:47,3,0,0,NINTH AVENUE EAST & MADISON STREET NORTH,2,1,0,1,1,1,0,,25,0,0,0,0,0,4,2,7
,2017_61341,39.73112799,-105.025278,8/10/2017 16:08,16:08,12,0,0,ZUNI STREET NORTH & NINTH AVENUE WEST,2,1,0,0,1,4,0,,35,0,0,0,0,0,4,2,16
,2017_61342,39.712977,-104.986341,8/7/2017 10:20,10:20,12,0,0,LINCOLN STREET SOUTH & CEDAR AVENUE EAST,2,1,0,1,1,1,0,,30,0,0,0,0,0,4,2,13
,2017_61343,39.7199385,-104.8909343,8/7/2017 11:00,11:00,15,0,0,LOWRY BOULEVARD EAST & NORTH UNITA WAY,2,1,0,1,1,1,0,,30,0,0,0,0,0,4,2,13
,2017_61344,39.738276,-104.933844,8/7/2017 11:35,11:35,12,0,0,14TH AVENUE 4500 BLOCK EAST & CHERRY STREET NORTH,2,1,0,1,1,1,0,,30,0,0,0,0,0,4,3,13
,2017_61345,39.711114,-104.9686965,8/7/2017 11:36,11:36,3,0,0,ALAMEDA AVENUE EAST & FRANKLIN STREET SOUTH,2,1,0,1,1,1,0,,25,0,0,0,0,0,4,2,16
,2017_61346,39.689334,-104.916393,8/7/2017 11:47,11:47,12,0,0,FLORIDA AVENUE EAST & KRAMERIA STREET SOUTH,2,1,1,0,1,1,0,,30,0,0,0,0,0,4,2,3
,2017_61347,39.678516,-105.0017625,8/7/2017 12:11,12:11,3,0,0,EVANS AVENUE WEST & LIPAN STREET SOUTH,2,1,1,1,1,1,0,,30,0,0,0,0,0,4,3,13
,2017_61348,39.766932,-104.9659515,8/7/2017 12:17,12:17,3,0,0,36TH AVENUE EAST & WILLIAMS STREET NORTH,1,1,0,1,1,1,0,,25,0,0,0,0,0,4,2,13
,2017_61349,39.744882,-104.99427,8/7/2017 13:05,13:05,15,0,0,15TH STREET 800 BLOCK & STOUT STREET,2,1,0,1,1,4,0,,35,0,0,0,0,0,4,2,14
,2017_61350,39.736863,-104.996484,8/7/2017 13:30,13:30,3,0,0,SPEER BOULEVARD & 13TH AVENUE WEST,2,1,0,1,1,1,0,,35,0,0,0,0,0,4,2,13
,2017_61351,39.746952,-104.973354,8/7/2017 13:34,13:34,14,0,1,20TH AVENUE EAST & DOWNING STREET NORTH,1,1,0,0,1,1,0,,25,0,0,0,1,2,4,2,1
,2017_61352,39.83338151,-104.771988,8/7/2017 14:31,14:31,12,0,0,PENA BOULEVARD & TOWER ROAD NORTH,2,1,0,1,1,3,0,,35,0,0,0,0,1,4,2,13
,2017_61353,39.707487,-104.959323,8/7/2017 14:35,14:35,12,0,0,UNIVERSITY BL 500 BLOCK SOUTH & VIRGINIA AVENUE EAST,1,1,1,0,1,3,0,,30,0,0,0,0,0,4,2,3
,2017_61354,39.741939,-105.0520725,8/7/2017 15:00,15:00,15,0,0,ZENOBIA STREET NORTH & 16TH AVENUE WEST,1,1,0,1,1,1,0,,25,0,0,0,0,0,4,2,13
,2017_61355,39.75417,-104.9893335,8/7/2017 15:00,15:00,3,0,0,22ND STREET & LAWRENCE STREET,1,1,0,0,1,1,0,,35,0,0,0,0,0,4,2,13
,2017_61356,39.729258,-104.9216445,8/7/2017 15:18,15:18,3,0,0,EIGHTH AVENUE EAST & IVANHOE STREET NORTH,1,1,0,0,1,1,0,,25,0,0,0,0,0,4,2,3
,2017_61357,39.73842,-104.9752845,8/7/2017 15:18,15:18,3,0,0,14TH AVENUE EAST & OGDEN STREET NORTH,2,1,1,1,1,1,0,,30,0,0,0,0,0,4,2,13
,2017_61358,39.761235,-105.0345945,8/7/2017 15:52,15:52,3,0,0,31ST AVENUE WEST & LOWELL BOULEVARD NORTH,2,1,0,1,1,1,0,,25,0,0,0,0,0,4,2,13
,2017_61359,39.745755,-105.000174,8/7/2017 16:20,16:20,12,0,0,SPEER BOULEVARD NORTH & LAWRENCE STREET,2,1,0,1,1,3,0,,35,0,0,0,0,0,4,2,3
,2017_61360,39.806073,-104.88204,8/8/2017 9:11,9:11,12,0,0,BEELER STREET & 60TH AVENUE EAST,1,1,0,0,1,4,0,,25,0,0,0,0,0,4,2,7
,2017_61361,39.736476,-104.9372955,8/7/2017 16:26,16:26,3,0,0,13TH AVENUE EAST & BELLAIRE STREET NORTH,2,1,0,1,1,1,0,,25,0,0,0,0,0,4,2,14
,2017_61362,39.694752,-104.959323,8/7/2017 17:17,17:17,12,0,0,UNIVERSITY BOULEVARD 1200 BLOCK SOUTH & ARIZONA AVENUE EAST,2,1,0,1,1,4,0,,30,0,0,0,0,0,4,2,13
,2017_61363,39.728943,-105.000183,8/7/2017 17:39,17:39,12,0,0,EIGHTH AVENUE WEST & KALAMATH STREET NORTH,2,1,0,1,6,3,0,,30,0,0,0,0,0,4,2,13
,2017_61364,39.761964,-104.903451,8/7/2017 17:40,17:40,15,0,0,MLK BOULEVARD EAST & QUEBEC STREET NORTH,2,1,0,1,1,1,0,,35,0,0,0,0,0,4,2,3
,2017_61365,39.776625,-105.025221,8/7/2017 17:50,17:50,3,0,0,44TH AVENUE WEST & FEDERAL BOULEVARD NORTH,2,1,0,1,1,2,0,,25,0,0,0,0,0,4,2,13
,2017_61366,39.775032,-104.809923,8/7/2017 19:19,19:19,12,0,0,CHAMBERS ROAD NORTH & ANDREWS DRIVE EAST,2,3,0,1,1,4,0,,35,0,0,0,0,0,4,3,7
,2017_61367,39.718332,-104.987502,8/7/2017 20:10,20:10,3,0,0,FIRST AVENUE & BROADWAY NORTH,2,3,0,1,1,5,0,,30,0,0,0,0,0,4,2,13
,2017_61368,39.784878,-104.815197,8/7/2017 21:50,21:50,3,0,0,GATEWAY AVENUE EAST & ENID WAY NORTH,2,3,0,0,1,1,0,,25,0,0,0,0,0,4,2,13
,2017_61369,39.79017,-104.854896,8/8/2017 6:50,6:50,3,0,0,51ST AVENUE EAST & MOLINE STREET NORTH,1,1,0,0,1,1,0,,25,0,0,0,0,0,4,3,1
,2017_61370,39.633417,-104.893272,8/8/2017 7:39,7:39,1,0,0,DTC BOULEVARD SOUTH & TUFTS AVENUE EAST,1,1,0,0,1,1,0,,35,0,0,0,0,0,4,2,16
,2017_61371,39.756951,-104.98743,8/8/2017 7:41,7:41,5,0,0,BROADWAY 1300 BLOCK & LARIMER STREET,1,1,0,0,3,3,0,,25,0,0,0,0,0,4,1,14
,2017_61372,39.753054,-104.9854905,8/8/2017 8:08,8:08,15,0,0,CHAMPA STREET 2300 BLOCK & PARK AVENUE WEST,1,1,0,0,1,4,0,,5,0,0,0,0,0,4,2,14
,2017_61373,39.729222,-104.931612,8/8/2017 9:00,9:00,3,0,0,EIGHTH AVENUE EAST & DAHLIA STREET NORTH,1,1,0,0,1,1,0,,25,0,0,0,0,1,4,2,2
,2017_61374,39.734928,-105.0389415,8/18/2017 7:45,7:45,6,0,0,PERRY STREET 1200 BLOCK NORTH & 13TH AVENUE WEST,1,1,1,0,1,4,0,,30,0,0,0,0,0,4,2,1
,2017_61375,39.743217,-104.96475,8/8/2017 9:22,9:22,1,0,0,17TH AVENUE EAST & HIGH STREET NORTH,1,1,0,0,1,1,0,,25,0,0,0,0,0,4,2,13
,2017_61376,39.674835,-104.9594175,8/8/2017 10:15,10:15,3,0,0,UNIVERSITY BOULEVARD SOUTH & ILIFF AVENUE EAST,1,1,0,0,1,1,0,,30,0,0,0,0,0,4,2,3
,2017_61377,39.767382,-104.90346,8/8/2017 10:25,10:25,3,0,0,36TH AVENUE 7700 BLOCK EAST & QUEBEC STREET,1,1,0,0,1,1,0,,30,0,0,0,0,1,4,2,13
,2017_61378,39.747357,-104.999841,8/8/2017 11:16,11:16,6,0,0,14TH STREET & LARIMER STREET,1,1,0,0,1,4,0,,25,0,0,0,0,0,4,2,13
,2017_61379,39.736863,-105.005322,8/8/2017 11:53,11:53,3,0,0,13TH AVENUE WEST & OSAGE STREET NORTH,1,1,0,0,1,1,0,,25,0,0,0,0,0,4,2,13
,2017_61380,39.745755,-104.994423,8/8/2017 12:38,12:38,15,0,0,CHAMPA STREET 1500 BLOCK & 16TH STREET,1,1,0,0,1,4,0,,25,0,0,0,0,0,4,2,8
,2017_61381,39.729087,-104.986152,8/8/2017 14:24,14:24,15,0,1,EIGHTH AVENUE EAST & LINCOLN STREET NORTH,1,1,0,0,1,1,0,,35,0,0,0,0,2,4,2,12
,2017_61382,39.754053,-105.001524,8/8/2017 14:29,14:29,12,0,0,WEWATTA STREET & 17TH STREET,2,1,3,1,1,1,0,,25,0,0,0,0,0,4,2,1
,2017_61383,39.761964,-104.903451,8/8/2017 14:38,14:38,3,0,0,QUEBEC STREET NORTH & MLK BOULEVARD EAST,2,1,0,1,1,1,0,,35,0,0,0,0,0,4,2,13
,2017_61384,39.682143,-104.9734305,8/8/2017 15:39,15:39,12,0,0,DOWNING STREET SOUTH & JEWELL AVENUE EAST,2,1,1,0,1,1,0,,30,0,0,0,1,0,4,2,13
,2017_61385,39.678363,-104.959404,8/8/2017 15:55,15:55,12,0,0,UNIVERSITY BOULEVARD 2100 BLOCK SOUTH & EVANS AVENUE EAST,1,1,0,0,1,3,0,,30,0,0,0,0,0,4,2,1
,2017_61386,39.732039,-104.9902425,8/26/2017 11:00,11:00,3,0,0,10TH AVENUE & BANNOCK STREET,1,1,0,0,1,1,0,,30,0,0,0,0,0,4,2,16
,2017_61387,39.751983,-104.978142,8/8/2017 16:11,16:11,3,0,0,WASHINGTON STREET NORTH & 24TH AVENUE EAST,1,1,0,0,1,1,0,,25,0,0,0,0,0,4,2,13
,2017_61388,39.78654793,-104.8623235,8/8/2017 17:28,17:28,5,0,0,49TH AVENUE & 3100 BLOCK WEST,1,1,0,0,3,1,0,,25,0,0,0,0,0,4,1,1
,2017_61389,39.68577,-104.9875425,8/8/2017 17:57,17:57,12,0,0,BROADWAY STREET 1600 BLOCK SOUTH & MEXICO AVENUE EAST,1,1,0,7,1,4,0,,35,0,0,0,0,0,4,3,16
,2017_61390,39.681288,-104.9508315,8/8/2017 18:09,18:09,12,0,1,BUCHTEL BOULEVARD EAST & STREET PAUL STREET SOUTH,1,1,0,0,1,3,0,,35,0,0,0,0,2,4,2,1
,2017_61391,39.765726,-104.9948415,8/8/2017 18:44,18:44,12,0,0,PARK AVENUE WEST & GLOBEVILLE ROAD NORTH,1,1,0,0,1,4,0,,35,0,0,0,0,0,4,2,10
,2017_61392,39.739986,-104.986125,8/8/2017 18:53,18:53,15,0,0,LINCOLN STREET 1500 BLOCK NORTH & COLFAX AVENUE EAST,1,2,0,0,1,1,0,,35,0,0,0,0,0,4,2,14
,2017_61393,39.729069,-104.97411,8/8/2017 19:20,19:20,3,0,0,EIGHTH AVENUE EAST & CORONA STREET NORTH,1,1,1,0,1,1,0,,30,0,0,0,0,0,4,2,16
,2017_61394,39.68955,-105.051051,8/8/2017 21:26,21:26,3,0,0,YATE STREET SOUTH & FLORIDA AVENUE WEST,2,4,0,1,1,1,0,,30,0,0,0,0,0,4,2,13
,2017_61395,39.67866,-105.020352,8/12/2017 9:06,9:06,12,0,0,CLAY STREET 2100 BLOCK SOUTH & EVANS AVENUE WEST,1,1,0,0,1,4,0,,25,0,0,0,0,0,4,2,16
,2017_61396,39.736845,-104.98617,8/9/2017 1:30,1:30,3,0,0,13TH AVENUE EAST & LINCOLN STREET NORTH,1,3,0,0,1,1,0,,35,0,0,0,0,1,4,2,13
,2017_61397,39.729141,-104.88672,8/9/2017 2:35,2:35,5,0,0,YOSEMITE STREET NORTH & AKRON WAY NORTH,1,4,0,0,2,4,0,,30,0,0,0,0,0,4,1,14
,2017_61398,39.758445,-105.0213735,8/9/2017 2:47,2:47,12,0,0,29TH AVENUE WEST & SPEER BOULEVARD NORTH,1,3,0,0,1,3,0,,30,0,0,0,0,0,4,2,5
,2017_61399,39.754467,-105.00615,8/9/2017 7:04,7:04,12,0,0,LITTLE RAVEN STREET 1500 BLOCK & 15TH STREET,1,1,0,0,1,4,0,,25,0,0,0,0,0,4,2,16
,2017_61400,39.782331,-104.8280355,8/15/2017 21:44,21:44,6,0,0,CRYSTAL STREET NORTH & ANDREWS DRIVE NORTH,2,3,0,1,1,4,0,,25,0,0,0,0,0,4,2,5
,2017_61401,39.678372,-104.9437035,8/9/2017 7:50,7:50,12,0,0,EVANS AVENUE 2700 BLOCK EAST & JACKSON STREET SOUTH,1,1,0,0,1,4,0,,35,0,0,0,0,0,4,4,12
,2017_61402,39.732318,-104.9870205,8/9/2017 8:55,8:55,15,0,0,BROADWAY STREET 1000 BLOCK NORTH & 10TH AVENUE EAST,1,1,0,0,1,4,0,,25,0,0,0,0,0,4,2,14
,2017_61403,39.832011,-104.71554,8/9/2017 8:55,8:55,12,0,0,75TH AVENUE EAST & GUN CLUB ROAD NORTH,1,1,0,0,1,1,0,,45,0,0,0,0,0,4,2,14
,2017_61404,39.661479,-105.062913,8/29/2017 7:37,7:37,3,0,0,IVAN WAY SOUTH & BATES AVENUE WEST,1,1,0,0,1,1,0,,20,0,0,0,0,0,4,2,13
,2017_61405,39.673026,-104.961744,10/29/2017 17:05,17:05,6,0,0,WESLEY AVENUE EAST & GAYLORD STREET SOUTH,1,1,0,0,1,4,0,,30,0,0,0,0,0,4,2,10
,2017_61406,39.74752187,-104.9872997,8/9/2017 11:03,11:03,6,0,0,20TH AVENUE 100 BLOCK EAST & BROADWAY NORTH,1,1,0,0,1,4,0,,25,0,0,0,0,0,4,2,14