id,drcog_id,latitude,longitude,crashtime,time,crashtype,numbkilled,numbinjurd,drcoglocat,rdconditin,lightngcon,roadcntgrd,weatherco,location,roaddescrp,constrzone,schoolzone,splimit,bikeinv,pedinv,sctrinv,motoinv,svrty,rdsystem,ttlvehcls,hcf
,2017_61407,39.769272,-105.0174225,8/9/2017 11:19,11:19,3,0,0,ALCOTT STREET NORTH & 38TH AVENUE WEST,1,1,0,7,1,1,0,,25,0,0,0,0,0,4,2,1
,2017_61408,39.783609,-104.772222,8/9/2017 11:39,11:39,1,0,0,GREEN VALLEY RANCH BOULEVARD 15600 BLOCK EAST & TOWER ROAD NORTH,1,1,0,0,1,1,0,,30,0,0,0,0,0,4,2,13
,2017_61409,39.725658,-104.9908725,8/9/2017 12:03,12:03,12,0,0,SIXTH AVENUE 100 BLOCK WEST & BANNOCK STREET NORTH,1,1,0,0,1,4,0,,30,0,0,0,0,0,4,3,3
,2017_61410,39.723759,-104.9694345,8/9/2017 12:07,12:07,3,0,0,FIFTH AVENUE EAST & HUMBOLDT STREET NORTH,1,1,0,7,1,1,0,,25,0,0,0,0,1,4,2,13
,2017_61411,39.731022,-104.93046,8/9/2017 12:51,12:51,3,0,1,EUDORA STREET NORTH & NINTH AVENUE EAST,1,1,0,0,1,1,0,,25,0,0,0,0,2,4,2,1
,2017_61412,39.73689,-105.010425,8/9/2017 14:02,14:02,3,0,0,13TH AVENUE WEST & SHOSHONE STREET NORTH,1,1,0,0,1,1,0,,30,0,0,0,0,0,4,2,13
,2017_61413,39.754818,-105.020514,8/9/2017 14:30,14:30,3,0,0,26TH AVENUE WEST & CLAY STREET NORTH,1,1,1,0,1,1,1,,25,0,0,0,0,0,4,2,14
,2017_61414,39.738393,-104.973048,8/9/2017 14:57,14:57,12,0,0,14TH AVENUE EAST & DOWNING STREET NORTH,1,1,0,0,1,1,0,,30,0,0,0,0,0,4,2,1
,2017_61415,39.711366,-104.912964,8/9/2017 15:10,15:10,12,0,0,ALAMEDA AVENUE EAST & MONACO STREET SOUTH,1,1,0,0,1,1,0,,35,0,0,0,0,0,4,2,16
,2017_61416,39.75127243,-105.0175991,8/9/2017 16:30,16:30,12,0,0,23RD AVENUE WEST & ALCOTT STREET NORTH,1,1,0,0,1,4,0,,35,0,0,0,0,0,4,2,16
,2017_61417,39.765726,-104.9948415,8/9/2017 17:18,17:18,12,0,1,PARK AVENUE WEST & GLOBEVILLE ROAD,1,1,1,0,1,4,0,,35,0,0,0,0,2,4,2,3
,2017_61418,39.783609,-104.7913916,8/9/2017 17:21,17:21,12,0,0,PENA BOULEVARD 4800 BLOCK NORTH & GREEN VALLEY RANCH BOULEVARD EAST,1,1,0,0,1,4,0,,40,0,0,0,0,0,4,2,7
,2017_61419,39.747546,-104.9835735,8/9/2017 17:26,17:26,3,0,0,20TH AVENUE EAST & GRANT STREET NORTH,1,1,0,1,1,1,0,,30,0,0,0,0,0,4,2,16
,2017_61420,39.707478,-104.912946,8/9/2017 17:30,17:30,12,0,0,MONACO STREET 400 BLOCK SOUTH & VIRGINIA AVENUE EAST,1,1,0,0,1,4,0,,30,0,0,0,0,0,4,2,14
,2017_61421,39.740022,-105.000192,8/9/2017 17:40,17:40,15,0,0,KALAMATH STREET 1400 BLOCK NORTH & COLFAX AVENUE WEST,1,1,0,0,1,4,0,,25,0,0,0,0,0,4,2,13
,2017_61422,39.678435,-104.9127435,8/9/2017 17:45,17:45,12,0,0,EVANS AVENUE 6600 BLOCK EAST & MONACO PARKWAY SOUTH,1,1,0,0,1,4,0,,35,0,0,0,0,0,4,2,16
,2017_61423,39.719349,-104.983794,8/9/2017 17:59,17:59,12,0,0,SECOND AVENUE EAST & GRANT STREET NORTH,1,1,0,0,1,4,0,,25,0,0,0,0,0,4,2,1
,2017_61424,39.678507,-104.973444,8/9/2017 18:36,18:36,12,0,0,DOWNING STREET 2150 SOUTH & EVANS AVENUE EAST,1,1,0,0,1,3,0,,35,0,0,0,0,0,4,3,1
,2017_61425,39.70845,-104.9876505,8/9/2017 19:51,19:51,3,0,0,ALASKA PLACE WEST & BROADWAY STREET SOUTH,1,2,0,0,1,1,0,,30,0,0,0,0,0,4,2,8
,2017_61426,39.678435,-104.922234,8/10/2017 7:56,7:56,12,0,0,EVANS AVENUE 5700 BLOCK EAST & HOLLY STREET SOUTH,1,1,0,0,1,4,0,,30,0,0,0,0,0,4,2,13
,2017_61427,39.67866,-105.020352,8/10/2017 9:41,9:41,3,0,0,EVANS AVENUE WEST & CLAY STREET SOUTH,1,1,0,0,1,1,0,,25,0,0,0,0,0,4,2,13
,2017_61428,39.733659,-104.9976225,8/20/2017 2:30,2:30,6,0,0,11TH AVENUE WEST & INCA STREET NORTH,1,3,1,0,1,4,0,,25,0,0,0,0,0,4,2,13
,2017_61429,39.73690238,-104.9928761,8/10/2017 11:23,11:23,3,0,0,DELAWARE STREET 1300 BLOCK NORTH & 14TH AVENUE WEST,1,1,0,0,1,2,0,,30,0,0,0,0,0,4,2,13
,2017_61430,39.769551,-105.034617,8/10/2017 13:25,13:25,12,0,0,38TH AVENUE 3600 BLOCK WEST & LOWELL BOULEVARD NORTH,1,1,0,0,1,4,0,,35,0,0,0,0,0,4,3,14
,2017_61431,39.83346903,-104.692932,8/10/2017 14:07,14:07,12,0,0,PENA BOULEVARD 8400 & JACKSON GAP STREET,1,1,0,0,1,4,0,,15,0,0,0,0,0,4,2,7
,2017_61432,39.719394,-104.957064,8/10/2017 15:00,15:00,14,0,0,SECOND AVENUE EAST & COLUMBINE STREET NORTH,1,1,1,0,1,4,0,,25,0,0,0,0,0,4,2,13
,2017_61433,39.729267,-104.913936,8/10/2017 15:33,15:33,3,0,0,EIGHTH AVENUE EAST & LOCUST STREET NORTH,1,1,0,0,1,1,0,,25,0,0,0,0,1,4,2,1
,2017_61434,39.747582,-105.026814,8/10/2017 15:41,15:41,3,0,0,GROVE STREET NORTH & 20TH AVENUE WEST,2,1,0,0,1,1,0,,30,0,0,0,0,0,4,2,13
,2017_61435,39.709314,-105.020361,8/10/2017 16:05,16:05,3,0,0,CLAY STREET SOUTH & DAKOTA AVENUE WEST,2,1,0,1,1,1,0,,25,0,0,0,0,0,4,2,3
,2017_61436,39.703851,-104.95935,8/10/2017 16:07,16:07,15,0,0,EXPOSITION AVENUE EAST & UNIVERSITY BOULEVARD SOUTH,2,1,1,2,1,3,0,,30,0,0,0,0,0,4,2,13
,2017_61437,39.729267,-104.913936,8/10/2017 16:54,16:54,3,0,0,EIGHTH AVENUE EAST & LOCUST STREET NORTH,1,1,0,0,1,1,0,,25,0,0,0,0,0,4,2,1
,2017_61438,39.762117,-105.034572,8/17/2017 16:22,16:22,12,0,0,32ND AVENUE WEST & LOWELL BOULEVARD NORTH,1,1,0,0,1,1,0,,,0,0,0,0,1,4,2,16
,2017_61439,39.732039,-104.9902425,8/10/2017 18:06,18:06,3,0,0,10TH AVENUE 100 BLOCK WEST & BANNOCK STREET NORTH,1,1,0,0,1,5,0,,25,0,0,0,0,0,4,2,7
,2017_61440,39.744126,-104.9950125,8/10/2017 18:11,18:11,12,0,0,STOUT STREET 1400 BLOCK & 14TH STREET,1,1,0,0,1,4,0,,25,0,0,0,0,0,4,3,13
,2017_61441,39.709692,-104.912802,8/10/2017 19:28,19:28,12,0,0,MONACO STREET SOUTH & NEVADA PLACE EAST,1,1,0,0,1,4,0,,35,0,0,0,0,0,4,3,7
,2017_61442,39.747456,-104.992722,8/10/2017 21:16,21:16,3,0,0,17TH STREET & CHAMPA STREET,1,3,1,0,1,1,0,,30,0,0,0,0,1,4,2,10
,2017_61443,39.738348,-104.94837,8/10/2017 23:00,23:00,6,0,0,14TH AVENUE 3200 BLOCK EAST & ADAMS STREET NORTH,1,3,0,0,1,4,0,,,0,0,0,0,0,4,2,13
,2017_61444,39.678426,-104.9363145,8/10/2017 23:09,23:09,12,0,0,BIRCH STREET SOUTH & EVANS AVENUE EAST,1,3,0,0,1,3,0,,35,0,0,0,0,1,4,2,13
,2017_61445,39.83338151,-104.771988,8/11/2017 4:45,4:45,12,0,0,PENA BOULEVARD 6000 BLOCK & TOWER ROAD,1,3,0,0,1,4,0,,65,0,0,0,0,0,4,2,14
,2017_61446,39.698424,-104.908212,8/11/2017 6:13,6:13,3,0,0,TENNESSEE AVENUE EAST & ONEIDA STREET SOUTH,1,1,0,0,1,1,0,,25,0,0,0,0,0,4,2,13
,2017_61447,39.751731,-104.9958765,8/11/2017 16:33,16:33,12,0,0,18TH STREET 1200 BLOCK & MARKET STREET,1,1,0,0,1,3,0,,25,0,0,0,0,0,4,2,13
,2017_61448,39.798441,-104.762772,8/11/2017 7:13,7:13,15,0,0,56TH AVENUE 19200 BLOCK EAST & DUNKIRK STREET NORTH,1,1,0,0,1,4,0,,35,0,0,0,0,0,4,2,14
,2017_61449,39.742704,-104.9931405,8/11/2017 8:14,8:14,12,0,0,WELTON STREET 1400 BLOCK & 14TH STREET,1,1,0,0,1,4,0,,25,0,0,0,0,0,4,2,3
,2017_61450,39.746061,-104.9647725,8/18/2017 7:55,7:55,3,0,0,19TH AVENUE EAST & HIGH STREET NORTH,1,1,0,0,1,1,0,,30,0,0,0,0,1,4,2,16
,2017_61451,39.714714,-104.973444,8/12/2017 11:06,11:06,6,0,0,BAYAUD AVENUE EAST & DOWNING STREET SOUTH,1,1,0,0,1,4,0,,25,0,0,0,0,0,4,2,1
,2017_61452,39.725478,-105.01308,8/11/2017 8:57,8:57,15,0,0,SIXTH AVENUE WEST  & I25,1,1,1,0,1,4,0,,55,0,0,0,0,1,4,3,13
,2017_61453,39.75003,-105.0049305,8/11/2017 9:20,9:20,12,0,0,SPEER BOULEVARD & CHOPPER CIRCLE,1,1,0,0,1,1,0,,35,0,0,0,0,0,4,2,16
,2017_61454,39.678435,-104.9187915,8/11/2017 10:59,10:59,12,0,0,EVANS AVENUE 5800 BLOCK EAST & JASMINE STREET SOUTH,1,1,0,0,1,4,0,,35,0,0,0,0,0,4,2,14
,2017_61455,39.736872,-105.000183,8/11/2017 12:47,12:47,3,0,0,13TH AVENUE WEST & KALAMATH STREET NORTH,1,1,0,0,1,1,0,,30,0,0,0,0,0,4,2,1
,2017_61456,39.73169138,-104.9034161,8/11/2017 12:52,12:52,12,0,0,QUEBEC STREET 1000 BLOCK NORTH & 11TH AVENUE EAST,1,1,0,0,1,4,0,,35,0,0,0,0,0,4,2,3
,2017_61457,39.77171824,-104.90281,8/11/2017 14:03,14:03,5,0,0,QUEBEC STREET & 2400 BLOCK NORTH,1,1,0,0,1,4,0,,35,0,0,0,0,0,4,2,14
,2017_61458,39.682224,-105.030945,8/11/2017 14:11,14:11,12,0,0,JEWELL AVENUE 3300 BLOCK WEST & JULIAN STREET SOUTH,1,1,0,0,1,4,0,,30,0,0,0,0,0,4,2,13
,2017_61459,39.761964,-104.903451,8/11/2017 14:14,14:14,15,0,0,MLK BOULEVARD & QUEBEC STREET NORTH 7100 BLOCK EAST,1,1,0,0,1,4,0,,35,0,0,0,0,0,4,2,13
,2017_61460,39.753054,-104.9854905,8/11/2017 14:18,14:18,15,0,0,CHAMPA STREET & PARK AVENUE WEST,1,1,0,0,1,4,0,,30,0,0,0,0,0,4,2,7
,2017_61461,39.729213,-104.936004,8/11/2017 15:19,15:19,12,0,0,BIRCH STREET NORTH & EIGHTH AVENUE EAST,1,1,0,0,1,2,0,,25,0,0,0,0,0,4,2,13
,2017_61462,39.743244,-104.9598315,8/11/2017 22:50,22:50,3,0,0,17TH AVENUE EAST & YORK STREET NORTH,1,3,0,0,1,1,0,,30,0,0,0,0,0,4,2,13
,2017_61463,39.729717,-104.9912235,8/12/2017 1:20,1:20,15,0,0,SPEER BOULEVARD NORTH & BANNOCK STREET NORTH,1,3,0,0,1,1,0,,35,0,0,0,0,0,4,2,14
,2017_61464,39.761208,-104.976702,8/12/2017 7:25,7:25,5,0,0,CURTIS STREET & 31ST STREET,1,1,0,0,3,1,0,,25,0,0,0,0,0,4,1,5
,2017_61465,39.667473,-104.9272425,8/14/2017 17:22,17:22,12,0,0,YALE AVENUE EAST & GLENCOE STREET SOUTH,1,1,0,0,1,1,0,,5,0,0,0,0,1,4,2,16
,2017_61466,39.765726,-104.9948415,8/12/2017 11:52,11:52,1,0,1,PARK AVENUE WEST & BROADWAY STREET NORTH,1,1,0,0,1,1,0,,30,0,0,0,0,2,4,2,8
,2017_61467,39.718278,-104.973777,8/12/2017 12:33,12:33,12,0,0,SPEER BOULEVARD EAST & DOWNING STREET NORTH,1,1,1,0,1,1,0,,30,0,0,0,0,1,4,3,13
,2017_61468,39.711177,-104.9269635,8/12/2017 14:09,14:09,12,0,0,ALAMEDA AVENUE EAST & FOREST STREET SOUTH,1,1,0,0,1,1,0,,35,0,0,0,0,1,4,2,13
,2017_61470,39.732003,-104.978682,8/12/2017 18:18,18:18,3,0,0,WASHINGTON STREET NORTH & 10TH AVENUE EAST,1,1,0,0,1,1,0,,25,0,0,0,0,0,4,2,13
,2017_61471,39.684708,-105.0442425,8/13/2017 3:10,3:10,6,0,0,TENNYSON STREET 1866 SOUTH & COLORADO AVENUE WEST,1,4,1,0,3,4,0,,35,0,0,0,0,0,4,2,1
,2017_61472,39.743244,-104.986107,8/13/2017 8:15,8:15,3,0,1,17TH AVENUE EAST & LINCOLN STREET NORTH,1,1,0,0,1,1,0,,35,0,0,0,1,2,4,2,8
,2017_61473,39.786471,-104.820345,8/13/2017 9:45,9:45,6,0,0,DEEPHAVEN COURT NORTH & 51ST AVENUE WEST,1,1,0,0,1,4,0,,10,0,0,0,0,0,4,2,13
,2017_61474,39.757752,-104.97942,8/13/2017 11:20,11:20,12,0,0,CHAMPA STREET & 28TH STREET,1,1,0,0,1,1,0,,30,0,0,0,0,0,4,2,3
,2017_61475,39.705696,-104.982804,8/13/2017 12:30,12:30,3,0,0,CENTER AVENUE EAST & LOGAN STREET SOUTH,1,1,0,0,1,3,0,,30,0,0,0,0,0,4,2,8
,2017_61476,39.780207,-105.0439635,8/13/2017 13:05,13:05,12,0,0,46TH AVENUE WEST & TENNYSON STREET NORTH,1,1,0,0,1,1,0,,30,0,0,0,0,0,4,2,13
,2017_61477,39.713508,-104.998284,8/13/2017 13:30,13:30,12,0,0,SANTA FE DRIVE 200 BLOCK SOUTH & CEDAR AVENUE WEST,1,1,0,0,1,4,0,,30,0,0,0,0,0,4,2,13
,2017_61478,39.743748,-104.941881,8/13/2017 13:38,13:38,12,0,0,17TH AVENUE EAST & HARRISON STREET NORTH,1,1,0,0,1,4,0,,35,0,0,0,0,0,4,2,1
,2017_61479,39.746241,-104.9959755,8/20/2017 2:38,2:38,3,0,0,15TH STREET & CURTIS STREET,1,3,0,0,1,1,0,,30,0,0,0,0,0,4,2,13
,2017_61480,39.771774,-104.903442,8/13/2017 13:40,13:40,12,0,0,QUEBEC STREET 4100 BLOCK NORTH & SMITH ROAD EAST,1,1,2,0,1,4,0,,45,0,0,0,0,0,4,2,13
,2017_61481,39.738474,-105.048684,8/13/2017 15:08,15:08,3,0,0,WOLFF STREET NORTH & 14TH AVENUE WEST,1,1,0,7,1,1,0,,25,0,0,0,0,0,4,2,13
,2017_61482,39.755745,-104.989014,8/13/2017 15:51,15:51,12,0,0,PARK AVENUE 1300 BLOCK & WLARIMER STREET,2,1,0,1,1,3,0,,35,0,0,0,0,0,4,2,13
,2017_61483,39.77025706,-104.8996513,8/13/2017 17:01,17:01,12,0,0,36TH AVENUE EAST & SYRACUSE STREET NORTH,1,1,0,0,1,1,0,,30,0,0,0,0,0,4,2,12
,2017_61484,39.743775,-104.88933,8/13/2017 17:07,17:07,3,0,0,17TH AVENUE EAST & WABASH STREET NORTH,2,1,0,0,1,1,0,,30,0,0,0,0,1,4,2,3
,2017_61485,39.673017,-104.960565,10/23/2017 21:11,21:11,6,0,0,WESLEY AVENUE EAST & YORK STREET SOUTH,1,3,0,0,1,4,0,,20,0,0,0,0,0,4,2,13
,2017_61486,39.746187,-104.981085,8/13/2017 17:31,17:31,3,0,0,PENNSYLVANIA STREET NORTH & 19TH AVENUE EAST,1,1,0,0,1,1,0,,25,0,0,0,0,0,4,2,13
,2017_61487,39.743244,-104.986107,8/13/2017 17:47,17:47,3,0,0,LINCOLN STREET NORTH & 17TH AVENUE EAST,1,1,0,0,1,1,0,,30,0,0,0,0,0,4,2,12
,2017_61488,39.725595,-104.958261,8/13/2017 23:01,23:01,12,0,0,JOSEPHINE STREET NORTH & SIXTH AVENUE EAST,1,4,1,0,1,4,0,,30,0,0,0,0,0,4,2,14
,2017_61489,39.749571,-104.9882535,8/14/2017 3:33,3:33,5,0,0,STOUT STREET & 20TH STREET,1,3,0,0,1,4,0,,30,0,0,0,0,0,4,1,8
,2017_61490,39.738456,-104.9976405,8/14/2017 5:20,5:20,15,0,0,SPEER BOULEVARD NORTH & 14TH AVENUE WEST,1,1,0,0,1,1,0,,35,0,0,0,0,0,4,2,13
,2017_61491,39.786741,-104.8659615,8/14/2017 6:03,6:03,12,0,0,49TH AVENUE 10400 BLOCK EAST & HAVANA STREET NORTH,1,1,0,0,1,2,0,,25,0,0,0,0,0,4,2,14
,2017_61492,39.761964,-104.903451,8/14/2017 6:35,6:35,3,0,0,MLK BOULEVARD EAST & QUEBEC STREET NORTH,1,1,0,0,1,1,0,,35,0,0,0,0,0,4,2,13
,2017_61493,39.729078,-104.9694525,8/26/2017 10:15,10:15,5,0,1,EIGHTH AVENUE EAST & HUMBOLDT STREET NORTH,1,1,0,0,2,1,0,,30,0,0,0,0,2,4,1,7
,2017_61494,39.758526,-105.015672,8/14/2017 7:39,7:39,12,0,0,ZUNI STREET 2900 BLOCK NORTH & 29TH AVENUE WEST,1,1,0,0,1,4,0,,25,0,0,0,0,0,4,2,16
,2017_61495,39.744828,-104.9622435,8/14/2017 7:45,7:45,12,0,0,18TH AVENUE 2100 BLOCK EAST & VINE STREET NORTH,1,1,0,0,1,4,0,,30,0,0,0,0,0,4,2,3
,2017_61496,39.750705,-104.9634315,8/14/2017 7:53,7:53,3,0,0,RACE STREET NORTH & 23RD AVENUE EAST,1,1,0,0,1,1,0,,30,0,0,0,0,0,4,2,1
,2017_61497,39.758247,-104.987457,8/15/2017 20:16,20:16,12,0,0,BROADWAY STREET NORTH & WALNUT STREET,2,3,3,1,1,1,0,,30,0,0,0,0,0,4,2,3
,2017_61498,39.742596,-104.90346,8/14/2017 8:22,8:22,12,0,0,QUEBEC STREET 1600 BLOCK & BATAVIA PLACE,1,1,0,0,1,3,0,,,0,0,0,0,0,4,2,13
,2017_61499,39.761964,-104.903451,8/14/2017 8:40,8:40,3,0,0,MLK BOULEVARD EAST & QUEBEC STREET NORTH,1,1,0,0,1,1,0,,45,0,0,0,0,1,4,2,13
,2017_61500,39.769272,-105.0054165,8/14/2017 9:43,9:43,12,0,0,38TH AVENUE WEST & OSAGE STREET NORTH,1,1,1,0,1,4,0,,35,0,0,0,0,0,4,2,16
,2017_61501,39.780621,-104.841774,8/14/2017 9:55,9:55,12,0,0,46TH AVENUE EAST & ALBROOK DRIVE EAST,1,1,0,0,1,1,0,,25,0,0,0,0,0,4,2,13
,2017_61502,39.773178,-104.809932,8/14/2017 10:12,10:12,12,0,0,40TH AVENUE EAST & CHAMBERS ROAD NORTH,1,1,0,0,1,3,0,,40,0,0,0,0,0,4,2,12
,2017_61503,39.844602,-104.6809395,8/14/2017 10:55,10:55,15,0,0,PENA BOULEVARD 4300 BLOCK & 40TH AVENUE EAST,1,1,0,0,1,4,0,,65,0,0,0,0,0,4,2,3
,2017_61504,39.711186,-104.997132,8/14/2017 12:10,12:10,12,0,0,SANTA FE DRIVE SOUTH & ALAMEDA AVENUE WEST,1,1,0,0,1,1,0,,30,0,0,0,0,0,4,2,13
,2017_61505,39.728934,-104.9906115,8/14/2017 13:41,13:41,3,0,0,EIGHTH AVENUE WEST & SPEER BOULEVARD NORTH,1,1,0,0,1,1,0,,30,0,0,0,0,1,4,2,3
,2017_61506,39.781017,-104.749245,8/14/2017 14:19,14:19,5,0,1,GREEN VALLEY RANCH BOULEVARD 20300 BLOCK EAST & JEBEL STREET NORTH,1,1,0,0,3,4,0,,35,0,0,0,0,2,4,1,2
,2017_61507,39.733623,-104.9941215,8/14/2017 17:20,17:20,12,0,0,SPEER BOULEVARD NORTH & 11TH AVENUE WEST,1,1,0,0,1,1,0,,35,0,0,0,0,1,4,2,13
,2017_61508,39.742596,-104.90346,8/14/2017 17:45,17:45,12,0,0,QUEBEC STREET NORTH & BATAVIA PLACE EAST,1,1,0,0,1,3,0,,30,0,0,0,0,0,4,2,1
,2017_61509,39.761496,-104.974641,8/14/2017 20:54,20:54,3,0,0,CHAMPA STREET NORTH & 32ND STREET EAST,1,3,0,0,1,1,0,,30,0,0,0,0,0,4,2,8
,2017_61510,39.77361,-104.976297,8/14/2017 22:05,22:05,12,0,0,38TH STREET & DELGANY STREET,1,3,0,0,1,3,0,,25,0,0,0,0,0,4,3,3
,2017_61511,39.740085,-105.005214,8/15/2017 8:33,8:33,3,0,0,OSAGE STREET NORTH & COLFAX AVENUE WEST,1,1,0,0,1,2,0,,25,0,0,0,0,0,4,2,16
,2017_61512,39.74481,-104.9787225,8/27/2017 16:35,16:35,9,0,0,18TH AVENUE EAST & WASHINGTON STREET NORTH,1,1,0,0,1,1,0,,30,0,0,0,0,1,4,1,5
,2017_61513,39.750363,-104.981985,8/15/2017 9:00,9:00,12,0,0,GLENARM PLACE 2300 BLOCK & PARK AVENUE WEST,1,1,0,0,1,4,0,,25,0,0,0,0,0,4,2,7
,2017_61514,39.728934,-104.9906115,8/15/2017 9:22,9:22,12,0,0,EIGHTH AVENUE 100 BLOCK WEST & SPEER BOULEVARD,1,1,0,0,1,1,0,,30,0,0,0,0,0,4,2,16
,2017_61515,39.743379,-104.9275215,8/15/2017 9:42,9:42,3,0,0,17TH AVENUE EAST & FILBERT COURT NORTH,1,1,0,0,1,1,0,,35,0,0,0,0,0,4,2,1
,2017_61516,39.73383,-104.986161,8/15/2017 11:15,11:15,6,0,0,LINCOLN STREET NORTH & 11TH AVENUE EAST,1,1,1,0,1,4,0,,30,0,0,0,0,0,4,2,14
,2017_61517,39.725334,-104.912793,8/15/2017 12:04,12:04,12,0,0,MONACO STREET NORTH & SIXTH AVENUE EAST,1,1,0,0,1,3,0,,35,0,0,0,0,0,4,2,13
,2017_61518,39.751578,-104.990841,8/15/2017 13:07,13:07,3,0,0,20TH STREET & ARAPAHOE STREET,1,1,0,0,1,1,0,,25,0,0,0,0,0,4,2,12
,2017_61519,39.728934,-104.9906115,8/15/2017 15:07,15:07,15,0,0,EIGHTH AVENUE WEST & SPEER BOULEVARD NORTH,1,1,0,0,1,1,0,,30,0,0,0,0,0,4,2,16
,2017_61520,39.730455,-104.940783,8/15/2017 15:16,15:16,15,0,0,NINTH AVENUE EAST & COLORADO BOULEVARD NORTH,1,1,0,0,1,3,0,,25,0,0,0,0,0,4,2,16
,2017_61521,39.718404,-104.996331,8/15/2017 16:40,16:40,3,0,0,FIRST AVENUE WEST & GALAPAGO STREET NORTH,1,1,0,0,1,1,0,,25,0,0,0,0,0,4,2,8
,2017_61522,39.741426,-104.9988915,8/15/2017 18:35,18:35,12,0,0,STOUT STREET 1150 BLOCK & SPEER BOULEVARD NORTH,1,1,0,0,1,3,0,,35,0,0,0,0,1,4,2,13
,2017_61523,39.753711,-104.98635,8/15/2017 20:26,20:26,12,0,0,PARK WEST 1000 BLOCK & CURTIS STREET,1,2,0,0,1,4,0,,30,0,0,0,0,0,4,2,3
,2017_61524,39.738357,-104.958702,8/15/2017 20:54,20:54,3,0,0,14TH AVENUE EAST & JOSEPHINE STREET NORTH,1,3,1,0,1,1,0,,30,0,0,0,0,0,4,2,16
,2017_61525,39.74329418,-104.9978901,8/16/2017 8:40,8:40,3,0,0,CHAMPA STREET / STOUT STREET ALLEY & 1400 BLOCK,1,1,0,0,1,5,0,,15,0,0,0,0,0,4,2,16
,2017_61526,39.712995,-104.987574,8/16/2017 9:32,9:32,15,0,0,BROADWAY STREET SOUTH & CEDAR AVENUE EAST,1,1,0,0,1,3,0,,30,0,0,0,0,0,4,2,8
,2017_61527,39.631356,-104.8923,8/16/2017 11:04,11:04,12,0,0,TEMPLE DRIVE EAST & DTC BOULEVARD SOUTH,1,1,1,0,1,3,0,,35,0,0,0,0,0,4,2,2
,2017_61528,39.736863,-105.005322,8/16/2017 11:10,11:10,3,0,0,OSAGE STREET NORTH & 13TH AVENUE WEST,1,1,0,0,1,1,0,,30,0,0,0,0,0,4,2,16
,2017_61529,39.693114,-105.020361,8/16/2017 11:23,11:23,3,0,0,LOUISIANA AVENUE WEST & CLAY STREET SOUTH,1,1,0,0,1,1,0,,25,0,0,0,0,0,4,2,16
,2017_61530,39.74166,-104.981094,8/16/2017 12:00,12:00,3,0,0,16TH AVENUE EAST & PENNSYLVANIA STREET NORTH,1,1,0,0,1,1,0,,30,0,0,0,0,0,4,2,16
,2017_61531,39.769263,-105.020523,8/16/2017 12:55,12:55,1,0,0,38TH AVENUE WEST & CLAY STREET NORTH,1,1,0,0,1,1,0,,30,0,0,0,0,0,4,2,16
,2017_61532,39.711204,-105.0006645,8/16/2017 13:02,13:02,5,0,0,PLATTE RIVER DRIVE SOUTH 400 BLOCK & ALAMEDA AVENUE WEST,1,1,0,0,3,2,0,,30,0,0,0,0,0,4,1,14
,2017_61533,39.71115,-104.9851845,8/16/2017 13:07,13:07,3,0,0,ALAMEDA AVENUE EAST & SHERMAN STREET SOUTH,1,1,0,0,1,1,0,,30,0,0,0,0,1,4,2,16
,2017_61534,39.711114,-104.959305,8/16/2017 13:12,13:12,12,0,0,UNIVERSITY BOULEVARD 300 BLOCK SOUTH & ALAMEDA AVENUE EAST,1,1,1,0,1,4,0,,35,0,0,0,0,0,4,2,3
,2017_61535,39.656169,-105.0532335,8/16/2017 13:13,13:13,3,0,0,DARTMOUTH AVENUE WEST & SHERIDAN BOULEVARD SOUTH,1,1,0,0,1,2,0,,25,0,0,0,0,0,4,2,7
,2017_61536,39.634299,-105.109812,8/16/2017 13:25,13:25,12,0,1,KIPLING STREET 4600 BLOCK SOUTH & STANFORD AVENUE WEST,1,1,0,7,1,4,0,,45,0,0,0,0,2,4,3,1
,2017_61537,39.7116,-104.9413635,8/16/2017 15:37,15:37,15,0,0,ALAMEDA AVENUE EAST & HARRISON STREET SOUTH,1,1,0,0,1,4,0,,35,0,0,0,0,0,4,2,13
,2017_61538,39.714966,-105.032493,8/16/2017 16:35,16:35,12,0,0,BAYAUD AVENUE 3400 BLOCK WEST & KNOX COURT SOUTH,1,1,0,0,1,3,0,,30,0,0,0,0,0,4,2,14
,2017_61539,39.682755,-104.959332,8/16/2017 16:40,16:40,12,0,0,BUCHTEL BOULEVARD EAST & UNIVERSITY BOULEVARD SOUTH,1,1,0,0,1,3,0,,35,0,0,0,0,0,4,2,13
,2017_61540,39.665277,-105.0785955,8/16/2017 16:58,16:58,3,0,0,AMHERST AVENUE WEST & SOUTH WEBSTER AVENUE,1,1,0,0,1,1,0,,25,0,0,0,0,0,4,2,3
,2017_61541,39.711204,-105.0110055,8/16/2017 17:13,17:13,3,0,0,TEJON STREET SOUTH & ALAMEDA AVENUE WEST,1,1,0,0,1,2,0,,25,0,0,0,0,0,4,2,7
,2017_61542,39.776652,-105.0416505,10/4/2017 3:46,3:46,6,0,0,44TH AVENUE WEST & RALEIGH STREET NORTH,1,4,0,0,1,4,0,,,0,0,0,0,0,4,3,13