id,drcog_id,latitude,longitude,crashtime,time,crashtype,numbkilled,numbinjurd,drcoglocat,rdconditin,lightngcon,roadcntgrd,weatherco,location,roaddescrp,constrzone,schoolzone,splimit,bikeinv,pedinv,sctrinv,motoinv,svrty,rdsystem,ttlvehcls,hcf
,2017_61680,39.736476,-104.9303835,8/24/2017 11:02,11:02,3,0,1,EUDORA STREET NORTH & 13TH AVENUE EAST,1,1,0,7,1,1,0,,25,0,0,0,0,2,4,2,16
,2017_61681,39.763809,-104.9223015,8/24/2017 12:11,12:11,3,0,1,33RD AVENUE EAST & HOLLY STREET NORTH,1,1,0,0,1,1,0,,25,0,0,0,0,2,4,2,13
,2017_61682,39.760038,-104.865813,8/24/2017 13:58,13:58,3,0,0,MLK BOULEVARD EAST & HAVANA STREET NORTH,1,1,0,0,1,1,0,,30,0,0,0,0,0,4,2,16
,2017_61683,39.703896,-105.020361,8/24/2017 15:48,15:48,6,0,0,EXPOSITION AVENUE WEST & CLAY STREET SOUTH,1,1,0,0,1,4,0,,25,0,0,0,0,0,4,2,7
,2017_61684,39.71178,-105.03729,8/24/2017 17:10,17:10,3,0,0,NEWTON STREET SOUTH & BYERS PLACE WEST,1,1,1,0,1,1,0,,25,0,0,0,0,0,4,2,7
,2017_61685,39.769272,-105.0158655,8/24/2017 17:40,17:40,1,0,0,38TH AVENUE WEST & ZUNI STREET NORTH,1,1,0,0,1,1,0,,35,0,0,0,1,1,4,2,16
,2017_61686,39.696561,-104.94189,8/24/2017 18:04,18:04,3,0,1,MISSISSIPPI AVENUE EAST & HARRISON STREET SOUTH,1,2,0,0,1,1,0,,25,0,0,0,0,2,4,2,13
,2017_61687,39.74744149,-104.8958575,8/24/2017 20:25,20:25,12,0,0,MONTEVIEW BOULEVARD & 8800 BLOCK EAST,1,3,0,0,1,1,0,,30,0,0,0,0,1,4,2,1
,2017_61688,39.714732,-104.9863005,8/24/2017 21:55,21:55,12,0,0,LINCOLN STREET SOUTH & BAYAUD AVENUE EAST,1,3,0,0,1,1,0,,5,0,0,0,0,0,4,2,13
,2017_61689,39.768309,-105.032304,8/25/2017 3:10,3:10,5,0,1,JULIAN STREET NORTH & CLYDE PLACE WEST,1,3,1,0,3,4,0,,30,0,0,0,0,2,4,1,5
,2017_61690,39.783654,-104.764914,8/25/2017 6:25,6:25,12,0,1,GREEN VALLEY RANCH BOULEVARD EAST & ARGONNE STREET NORTH,1,1,0,0,1,1,0,,40,0,0,0,0,2,4,3,2
,2017_61691,39.78355263,-104.7869479,8/25/2017 6:40,6:40,1,0,1,GREEN VALLEY RANCH BOULEVARD 16900 BLOCK EAST & ON RAMP TO I/B PENA,1,1,0,0,1,3,0,,45,0,0,0,0,2,4,2,7
,2017_61692,39.778902,-104.9498505,8/25/2017 7:23,7:23,12,0,0,STEELE STREET NORTH & 45TH AVENUE EAST,1,1,0,0,1,1,0,,25,0,0,0,0,1,4,2,16
,2017_61693,39.767436,-104.9181337,8/25/2017 8:00,8:00,3,0,0,36TH AVENUE EAST & 7200 BLOCK,1,1,0,0,1,2,0,,25,0,0,0,0,0,4,2,13
,2017_61694,39.783609,-104.772222,8/25/2017 8:00,8:00,12,0,0,GREEN VALLEY RANCH BOULEVARD EAST & TOWER ROAD NORTH,1,1,0,0,1,1,0,,30,0,0,0,0,0,4,2,13
,2017_61695,39.73839968,-105.0417473,8/25/2017 8:44,8:44,15,0,0,14TH AVENUE 4200 BLOCK EAST & BELLEAIR STREET NORTH,1,1,0,0,1,4,0,,25,0,0,0,0,0,4,2,14
,2017_61696,39.787425,-105.0439455,8/25/2017 9:15,9:15,3,0,0,50TH AVENUE WEST & TENNYSON STREET NORTH,1,1,0,0,1,1,0,,30,0,0,0,0,0,4,2,3
,2017_61697,39.760677,-104.98086,8/25/2017 10:00,10:00,3,0,0,29TH STREET & LAWRENCE STREET,1,1,0,0,1,1,0,,25,0,0,0,0,0,4,2,14
,2017_61698,39.753009,-105.0402756,8/25/2017 11:47,11:47,5,0,0,BYRON PLACE & 4700 BLOCK WEST,1,1,0,0,1,2,1,,25,0,0,0,0,0,4,2,13
,2017_61699,39.783735,-105.0345945,8/25/2017 11:52,11:52,3,0,0,48TH AVENUE WEST & LOWELL BOULEVARD NORTH,1,1,0,0,1,1,0,,30,0,0,0,0,0,4,2,13
,2017_61700,39.725631,-104.9874435,8/25/2017 11:58,11:58,12,0,0,BROADWAY STREET NORTH & SIXTH AVENUE EAST,1,1,0,0,1,1,0,,30,0,0,0,0,1,4,3,1
,2017_61701,39.689514,-105.0203655,8/25/2017 13:15,13:15,3,0,0,CLAY STREET SOUTH & FLORIDA AVENUE WEST,1,1,0,0,1,1,0,,20,0,0,0,0,0,4,2,13
,2017_61702,39.737268,-104.9034645,8/25/2017 15:28,15:28,12,0,0,QUEBEC STREET NORTH & 13TH AVENUE EAST,1,1,0,0,1,1,0,,30,0,0,0,0,0,4,2,5
,2017_61703,39.678444,-104.931612,8/25/2017 16:15,16:15,12,0,0,EVANS AVENUE 5000 BLOCK EAST & DAHLIA STREET SOUTH,1,1,0,0,1,4,0,,35,0,0,0,0,0,4,2,13
,2017_61704,39.711159,-104.9900175,8/25/2017 16:35,16:35,1,0,0,ALAMEDA AVENUE WEST & BANNOCK STREET SOUTH,1,1,0,0,1,1,0,,30,0,0,0,0,0,4,2,13
,2017_61705,39.770496,-105.0017715,8/25/2017 19:20,19:20,3,0,0,39TH AVENUE 1200 BLOCK WEST & LIPAN STREET NORTH,1,1,0,0,1,5,0,,25,0,0,0,0,0,4,2,13
,2017_61706,39.687543,-104.98752,11/7/2017 8:09,8:09,5,0,0,IOWA AVENUE 100 BLOCK WEST & IOWA AVENUE WEST,2,1,1,0,3,4,0,,25,0,0,0,0,0,4,1,13
,2017_61707,39.76929,-105.0252435,8/25/2017 19:40,19:40,15,0,0,38TH AVENUE WEST & FEDERAL BOULEVARD NORTH,1,1,0,0,1,4,0,,35,0,0,0,0,0,4,2,13
,2017_61708,39.78021816,-104.8096754,8/25/2017 20:00,20:00,12,0,0,CHAMBERS ROAD 4700 BLOCK NORTH & 46TH AVENUE EAST,1,1,0,0,1,4,0,,40,0,0,0,0,0,4,3,13
,2017_61709,39.759876,-104.890752,8/25/2017 21:49,21:49,3,0,0,CENTRAL PARK BOULEVARD & MLK BOULEVARD EAST,1,3,0,0,1,1,0,,40,0,0,0,0,1,4,2,14
,2017_61710,39.743703,-104.9976135,9/6/2017 11:50,11:50,6,0,0,13TH STREET & CHAMPA STREET,1,1,0,0,1,4,0,,35,0,0,0,0,0,4,2,1
,2017_61711,39.752676,-104.9946705,8/25/2017 23:08,23:08,12,0,0,MARKET STREET & 19TH STREET,1,3,0,0,1,4,0,,30,0,0,0,0,0,4,2,13
,2017_61712,39.744801,-104.9861205,8/25/2017 23:37,23:37,3,0,0,18TH AVENUE EAST & LINCOLN STREET NORTH,1,3,0,0,1,1,0,,35,0,0,0,0,0,4,2,3
,2017_61713,39.75076279,-104.9646345,8/26/2017 1:18,1:18,6,0,0,HIGH STREET 2300 BLOCK NORTH & 23RD AVENUE EAST,1,3,0,0,1,4,0,,25,0,0,0,0,0,4,3,1
,2017_61714,39.798396,-104.786415,8/26/2017 4:15,4:15,5,0,0,PENA BOULEVARD 6200 BLOCK & 56TH AVENUE EAST,1,3,0,0,3,4,0,,65,0,0,0,0,0,4,1,14
,2017_61715,39.753189,-104.964714,8/29/2017 14:40,14:40,3,0,0,25TH AVENUE EAST & HIGH STREET NORTH,1,1,0,0,1,1,0,,25,0,0,0,0,0,4,2,8
,2017_61716,39.759876,-104.890752,8/26/2017 7:44,7:44,12,0,0,MLK BOULEVARD EAST & CENTRAL PARK BOULEVARD NORTH,1,1,1,0,1,3,0,,30,0,0,0,0,0,4,2,13
,2017_61717,39.738339,-104.947272,10/3/2017 12:00,12:00,6,0,0,14TH AVENUE  EAST & COOK STREET NORTH,1,1,0,0,1,4,0,,30,0,0,0,0,0,4,2,13
,2017_61718,39.736764,-104.9450625,8/26/2017 11:33,11:33,3,0,0,MONROE STREET NORTH & 13TH AVENUE EAST,1,1,0,0,1,1,0,,25,0,0,0,0,1,4,2,16
,2017_61719,39.678435,-104.9251905,8/26/2017 14:54,14:54,12,0,0,EVANS AVENUE 5300 BLOCK EAST & GRAPE STREET SOUTH,1,1,0,0,1,4,0,,30,0,0,0,0,0,4,3,13
,2017_61720,39.633417,-104.893272,8/26/2017 17:05,17:05,15,0,0,DTC BOULEVARD SOUTH & TUFTS AVENUE EAST,1,1,1,0,1,4,0,,35,0,0,0,0,0,4,2,13
,2017_61721,39.775032,-104.809923,8/26/2017 19:41,19:41,12,0,0,CHAMBERS ROAD NORTH & ANDREWS DRIVE EAST,1,3,0,0,1,1,0,,40,0,0,0,0,0,4,2,13
,2017_61722,39.732822,-104.8858515,8/26/2017 21:00,21:00,5,0,0,11TH AVENUE EAST & XENIA STREET NORTH,1,3,0,0,2,5,0,,25,0,0,0,0,0,4,1,5
,2017_61723,39.688875,-104.973435,8/26/2017 21:42,21:42,1,0,0,DOWNING STREET SOUTH & BUCHTEL BOULEVARD EAST,1,3,0,0,1,1,0,,30,0,0,0,0,0,4,2,16
,2017_61724,39.728934,-104.9906115,8/26/2017 22:01,22:01,15,0,0,SPEER BOULEVARD 800 BLOCK NORTH & EIGHTH AVENUE WEST,1,3,0,0,1,4,0,,35,0,0,0,0,0,4,2,16
,2017_61725,39.778047,-104.8471245,8/27/2017 0:38,0:38,12,0,0,45TH AVENUE EAST & PEORIA STREET NORTH,1,3,0,0,1,1,0,,45,0,0,0,0,1,4,2,13
,2017_61726,39.76095719,-105.0043439,8/27/2017 2:25,2:25,12,0,0,20TH STREET & I25 INTCH APPROXIMATELY,1,3,1,0,1,4,0,,40,0,0,0,0,1,4,3,5
,2017_61727,39.661587,-104.8828545,8/27/2017 3:20,3:20,5,0,0,CORNELL AVENUE EAST & SOUTH AKRON COURT,1,3,0,0,3,4,0,,25,0,0,0,0,0,4,1,1
,2017_61728,39.798396,-104.786415,8/27/2017 9:00,9:00,5,0,0,PENA BOULEVARD 5500 BLOCK & 56TH AVENUE EAST,1,1,0,0,2,4,0,,65,0,0,0,0,1,4,1,14
,2017_61729,39.714957,-105.0361155,8/27/2017 9:50,9:50,3,0,0,BAYAUD AVENUE WEST & MEADE STREET SOUTH,1,1,0,0,1,1,0,,30,0,0,0,0,0,4,2,13
,2017_61730,39.693015,-104.9827815,8/27/2017 16:22,16:22,15,0,0,LOUISIANA AVENUE 400 BLOCK EAST & LOGAN STREET SOUTH,1,1,0,0,1,3,0,,30,0,0,0,0,0,4,2,13
,2017_61731,39.831858,-104.6929545,8/27/2017 16:30,16:30,5,0,1,75TH AVENUE 26000 BLOCK EAST & JACKSON GAP STREET NORTH,1,1,1,0,3,4,0,,35,0,0,0,0,2,4,1,1
,2017_61732,39.740085,-104.8905225,8/27/2017 19:36,19:36,12,0,0,COLFAX AVENUE EAST & VERBENA STREET NORTH,1,1,0,0,1,4,0,,20,0,0,0,0,0,4,2,13
,2017_61733,39.787425,-105.023943,8/28/2017 0:00,0:00,3,0,0,ELIOT STREET NORTH & 50TH AVENUE WEST,1,1,0,7,1,1,0,,30,0,0,0,0,0,4,2,16
,2017_61734,39.772458,-105.039324,8/28/2017 1:50,1:50,6,0,0,41ST STREET 3900 BLOCK WEST & PERRY STREET NORTH,1,3,0,0,1,4,0,,,0,0,0,0,0,4,2,13
,2017_61735,39.778506,-104.9790915,8/28/2017 7:10,7:10,15,0,0,WASHINGTON STREET 4500 BLOCK NORTH & 45TH AVENUE EAST,1,1,0,0,1,4,0,,35,0,0,0,0,0,4,2,13
,2017_61736,39.69666,-104.8917105,8/28/2017 7:40,7:40,1,0,0,VALENTIA STREET 1100 BLOCK SOUTH & MISSISSIPPI AVENUE EAST,1,1,0,0,1,3,0,,35,0,0,0,0,1,4,3,3
,2017_61737,39.711348,-104.9035005,8/28/2017 7:44,7:44,12,0,0,QUEBEC STREET 500 BLOCK SOUTH & ALAMEDA AVENUE EAST,1,1,0,0,1,4,0,,30,0,0,0,0,1,4,3,14
,2017_61738,39.757464,-104.9815215,8/28/2017 8:37,8:37,1,0,0,27TH STREET & CURTIS STREET,1,1,0,0,1,1,0,,25,0,0,0,0,1,4,2,3
,2017_61739,39.789234,-105.0345855,8/28/2017 9:10,9:10,12,0,0,LOWELL BOULEVARD NORTH & 51ST AVENUE WEST,1,1,1,0,1,1,0,,30,0,0,0,0,0,4,4,5
,2017_61740,39.844602,-104.6809395,8/28/2017 9:45,9:45,5,0,0,PENA BOULEVARD INBOUND 8200 BLOCK & 80TH AVENUE EAST,1,1,0,0,1,4,0,,35,0,0,0,0,0,4,1,13
,2017_61741,39.79827,-104.897286,8/28/2017 10:10,10:10,5,0,0,56TH AVENUE EAST & SPRUCE STREET NORTH,1,1,0,7,1,1,0,,45,0,0,0,0,0,4,2,16
,2017_61742,39.71304,-105.015681,8/28/2017 12:00,12:00,5,0,0,ZUNI STREET 55 SOUTH & CEDAR AVENUE,1,1,0,0,1,6,0,,,0,0,0,0,0,4,1,13
,2017_61743,39.725667,-104.9921415,8/28/2017 12:42,12:42,15,0,0,SIXTH AVENUE 200 BLOCK WEST & CHEROKEE STREET NORTH,1,1,0,7,1,4,0,,30,0,0,0,0,0,4,2,16
,2017_61744,39.798387,-104.861304,8/28/2017 13:53,13:53,1,0,0,56TH AVENUE 11000 BLOCK EAST & JOLIET STREET NORTH,1,1,0,0,1,2,0,,45,0,0,0,0,0,4,2,13
,2017_61745,39.711447,-104.9449725,8/28/2017 13:57,13:57,3,0,1,ALAMEDA AVENUE EAST & MONROE STREET SOUTH,1,1,0,0,1,1,0,,35,0,0,0,0,2,4,2,16
,2017_61746,39.757887,-104.9917545,8/28/2017 14:54,14:54,15,0,0,PARK AVENUE WEST & WAZEE STREET,1,1,0,7,1,1,0,,35,0,0,0,0,0,4,2,14
,2017_61747,39.748536,-104.99652,8/28/2017 15:30,15:30,12,0,0,LAWRENCE STREET 1500 & 16TH STREET,1,1,0,0,1,4,0,,25,0,0,0,1,0,4,2,13
,2017_61748,39.721311,-105.043275,1/16/2017 9:30,9:30,6,0,0,STUART STREET NORTH & THIRD AVENUE,5,1,1,2,1,4,0,,25,0,0,0,0,0,4,2,13
,2017_61749,39.741597,-104.9622435,8/28/2017 15:49,15:49,1,0,0,16TH AVENUE EAST & VINE STREET NORTH,1,5,0,7,1,1,0,,25,0,0,0,0,0,4,2,16
,2017_61750,39.741948,-104.8846725,8/28/2017 16:35,16:35,12,0,0,YOSEMITE STREET NORTH & 16TH AVENUE EAST,1,1,0,0,1,1,0,,30,0,0,0,0,1,4,4,13
,2017_61751,39.725631,-104.979942,8/28/2017 17:00,17:00,6,0,0,SIXTH AVENUE EAST & PEARL STREET NORTH,1,1,0,0,1,4,0,,,0,0,0,0,0,4,2,13
,2017_61752,39.678435,-104.9352615,8/28/2017 17:24,17:24,3,0,0,EVANS AVENUE EAST & CLERMONT STREET SOUTH,1,1,0,7,1,3,0,,35,0,0,0,0,0,4,2,1
,2017_61753,39.759426,-104.9937435,8/28/2017 18:10,18:10,12,0,0,PARK AVENUE WEST & DELGANY STREET,1,1,0,7,1,4,0,,30,0,0,0,0,0,4,2,16
,2017_61754,39.75003,-105.0049305,8/28/2017 18:27,18:27,5,0,0,SPEER BOULEVARD NORTH & CHOPPER CIRCLE,1,1,1,0,3,4,0,,35,0,0,0,0,0,4,1,14
,2017_61755,39.689487,-105.0087825,8/28/2017 18:30,18:30,3,0,0,FLORIDA AVENUE WEST & RARITAN STREET SOUTH,1,1,0,0,1,1,0,,25,0,0,0,0,0,4,2,3
,2017_61756,39.7521,-105.039324,8/28/2017 18:58,18:58,3,0,0,24TH AVENUE WEST & PERRY STREET NORTH,1,1,0,0,1,1,0,,25,0,0,0,0,0,4,2,13
,2017_61757,39.798396,-104.786415,8/28/2017 20:25,20:25,1,0,0,56TH AVENUE EAST & PENA BOULEVARD NORTH,1,3,0,7,1,1,0,,40,0,0,0,0,1,4,2,16
,2017_61758,39.639564,-104.8852035,8/29/2017 6:33,6:33,12,0,0,YOSEMITE STREET SOUTH & I225 SOUTHBOUND RAMPS,1,1,0,0,1,3,0,,35,0,0,0,0,0,4,2,13
,2017_61759,39.745755,-105.000174,8/29/2017 7:02,7:02,15,0,0,SPEER BOULEVARD 1200 BLOCK NORTH & LAWRENCE STREET,1,1,0,7,1,4,0,,35,0,0,0,0,0,4,2,16
,2017_61760,39.735243,-104.98617,8/29/2017 7:55,7:55,3,0,0,12TH AVENUE EAST & LINCOLN STREET NORTH,1,1,0,0,1,1,0,,30,0,0,0,0,0,4,2,13
,2017_61761,39.768948,-104.995332,8/29/2017 7:57,7:57,12,0,0,FOX STREET NORTH & 38TH AVENUE WEST,1,1,0,0,1,4,0,,35,0,0,0,0,0,4,2,8
,2017_61762,39.631356,-104.8923,8/29/2017 8:00,8:00,1,0,1,DTC BOULEVARD SOUTH & UNION AVENUE EAST,1,1,0,0,1,1,0,,35,0,0,0,0,2,4,2,7
,2017_61763,39.785427,-105.006411,8/29/2017 8:08,8:08,3,0,0,DIXIE PLACE WEST & PECOS STREET NORTH,1,1,0,0,1,1,0,,25,0,0,0,0,0,4,2,13
,2017_61764,39.771423,-104.9594715,8/29/2017 8:16,8:16,12,0,0,YORK STREET 3900 BLOCK NORTH & 40TH AVENUE EAST,1,1,0,0,1,3,0,,30,0,0,0,0,1,4,2,16
,2017_61765,39.71295,-104.959332,8/29/2017 8:40,8:40,12,0,0,UNIVERSITY BOULEVARD 0000 BLOCK SOUTH & CEDAR AVENUE EAST,1,1,0,0,1,4,0,,30,0,0,0,0,0,4,2,13
,2017_61766,39.727296,-104.9602275,8/29/2017 8:50,8:50,12,0,0,YORK STREET NORTH & SEVENTH AVENUE EAST,1,1,1,0,1,1,0,,,0,0,0,0,1,4,2,7
,2017_61767,39.660363,-104.959431,8/29/2017 9:08,9:08,12,0,0,UNIVERSITY BOULEVARD SOUTH & DARTMOUTH AVENUE EAST,1,1,0,0,1,4,0,,35,0,0,0,0,0,4,2,13
,2017_61768,39.729717,-104.9912235,8/29/2017 12:20,12:20,12,0,0,SPEER BOULEVARD 200 BLOCK WEST & BANNOCK STREET NORTH,1,1,0,0,1,4,0,,30,0,0,0,0,0,4,2,3
,2017_61769,39.75305368,-104.9879372,8/29/2017 13:55,13:55,12,0,0,22ND STREET & 1300 BLOCK,1,1,0,0,1,3,0,,30,0,0,0,0,0,4,2,13
,2017_61770,39.790107,-104.8660335,8/29/2017 14:10,14:10,1,0,0,HAVANA STREET NORTH & 51ST AVENUE EAST,1,1,0,0,1,1,0,,35,0,0,0,0,0,4,2,13
,2017_61771,39.697956,-104.8823235,8/29/2017 14:48,14:48,1,0,0,MISSISSIPPI AVENUE EAST & ALTON STREET SOUTH,1,1,1,0,1,1,0,,30,0,0,0,0,0,4,2,13
,2017_61772,39.754836,-105.023601,8/29/2017 15:16,15:16,12,0,0,26TH AVENUE WEST & ELIOT STREET NORTH,1,1,0,0,1,1,0,,,0,0,0,0,0,4,2,13
,2017_61773,39.729114,-104.960232,8/29/2017 15:31,15:31,12,0,0,YORK STREET 800 BLOCK NORTH & EIGHTH AVENUE EAST,1,1,0,0,1,4,0,,35,0,0,0,0,0,4,2,14
,2017_61774,39.73298935,-105.00282,8/29/2017 15:50,15:50,15,0,0,MARIPOSA STREET & 1300 BLOCK NORTH APPROXIMATELY,1,1,0,0,1,4,0,,25,0,0,0,0,0,4,2,13
,2017_61775,39.631356,-104.8923,2/3/2017 9:35,9:35,12,0,0,UNION AVENUE EAST & DTC BOULEVARD,5,1,1,4,1,1,0,,30,0,0,0,0,0,4,2,1
,2017_61776,39.678435,-104.9251905,8/29/2017 15:52,15:52,12,0,0,EVANS AVENUE EAST & GRAPE STREET SOUTH,1,1,0,0,1,1,0,,35,0,0,0,0,0,4,3,7
,2017_61777,39.783654,-104.764914,8/29/2017 16:26,16:26,12,0,0,GREEN VALLEY RANCH BOULEVARD 18700 BLOCK EAST & ARGONNE STREET NORTH,1,1,0,0,1,4,0,,35,0,0,0,0,0,4,2,8
,2017_61778,39.740652,-104.9911335,8/29/2017 16:46,16:46,15,0,0,14TH STREET 300 BLOCK & COURT PLACE,1,1,0,0,1,3,0,,,0,0,0,0,0,4,2,13
,2017_61779,39.711366,-104.9141835,8/29/2017 18:11,18:11,12,0,0,ALAMEDA AVENUE EAST & LOCUST STREET SOUTH,1,1,0,0,1,1,0,,35,0,0,0,0,1,4,2,1
,2017_61780,39.76207623,-105.0157865,8/29/2017 18:33,18:33,12,0,0,ZUNI STREET NORTH 3200 BLOCK & 33RD AVENUE WEST,1,1,0,0,1,4,0,,30,0,0,0,0,0,4,2,13
,2017_61781,39.718278,-104.973777,8/29/2017 18:43,18:43,3,0,0,SPEER BOULEVARD EAST & DOWNING STREET NORTH,1,1,0,0,1,3,0,,35,0,0,0,0,0,4,2,13
,2017_61782,39.678435,-104.922234,8/29/2017 22:20,22:20,1,0,0,EVANS AVENUE EAST & HOLLY STREET SOUTH,1,3,0,0,1,1,0,,40,0,0,0,0,1,4,2,13
,2017_61783,39.775032,-104.809923,8/30/2017 6:49,6:49,12,0,0,CHAMBERS ROAD NORTH & ANDREWS DRIVE EAST,1,1,0,0,1,1,0,,35,0,0,0,0,0,4,2,7
,2017_61784,39.72587237,-105.002834,8/30/2017 7:32,7:32,12,0,0,SIXTH AVENUE 1300 BLOCK WEST & MARIPOSA STREET NORTH,1,1,1,0,1,4,0,,35,0,0,0,0,0,4,2,3
,2017_61785,39.75921,-104.974074,9/6/2017 15:50,15:50,6,0,0,31ST STREET & CALIFORNIA STREET,1,1,0,0,1,4,0,,30,0,0,0,0,0,4,2,3
,2017_61786,39.711204,-104.9222835,8/30/2017 7:35,7:35,12,0,0,HOLLY STREET 300 BLOCK SOUTH & ALAMEDA AVENUE EAST,1,1,1,0,1,4,0,,25,0,0,0,0,0,4,2,13
,2017_61787,39.736863,-104.976432,8/30/2017 8:14,8:14,15,0,0,13TH AVENUE 800 BLOCK EAST & EMERSON STREET NORTH,1,1,0,0,1,4,0,,25,0,0,0,0,0,4,2,14
,2017_61788,39.757752,-104.97942,8/30/2017 8:30,8:30,1,0,0,28TH STREET & CHAMPA STREET,1,1,0,0,1,1,0,,25,0,0,0,0,1,4,2,7
,2017_61789,39.762,-104.912865,8/30/2017 8:30,8:30,15,0,0,MONACO STREET 3000 BLOCK NORTH & MLK BOULEVARD EAST,1,1,0,0,1,4,0,,30,0,0,0,0,0,4,2,8
,2017_61790,39.716523,-104.981463,9/9/2017 23:34,23:34,6,0,0,PENNSYLVANIA STREET NORTH & ELLSWORTH AVENUE EAST,1,3,0,0,1,4,0,,,0,0,0,0,0,4,2,13
,2017_61791,39.725658,-104.9891625,8/30/2017 8:40,8:40,15,0,0,SIXTH AVENUE WEST & ACOMA STREET NORTH,1,1,0,0,1,1,0,,30,0,0,0,0,0,4,2,13
,2017_61792,39.746196,-104.9835825,8/30/2017 10:01,10:01,3,0,1,19TH AVENUE EAST & GRANT STREET NORTH,1,1,0,7,1,1,0,,30,0,0,0,0,2,4,2,3
,2017_61793,39.678507,-104.973444,8/30/2017 10:13,10:13,3,0,0,DOWNING STREET SOUTH & EVANS AVENUE EAST,1,1,0,0,1,1,0,,30,0,0,0,0,0,4,2,13
,2017_61794,39.772872,-104.7960135,8/30/2017 12:40,12:40,3,0,0,AIRPORT BOULEVARD NORTH & 40TH AVENUE EAST,1,1,0,0,1,1,0,,65,0,0,0,0,0,4,2,7
,2017_61795,39.738366,-104.9598225,8/30/2017 13:56,13:56,3,0,1,14TH AVENUE EAST & YORK STREET NORTH,1,1,0,0,1,1,0,,30,0,0,0,0,2,4,2,1
,2017_61796,39.748122,-105.0042735,8/30/2017 14:05,14:05,12,0,0,AURARIA PARKWAY & 12TH STREET,1,5,1,0,1,1,0,,40,0,0,0,0,0,4,2,13
,2017_61797,39.7053,-104.912982,8/30/2017 16:00,16:00,12,0,0,MONACO STREET SOUTH & CENTER AVENUE EAST,1,1,0,0,1,4,0,,30,0,0,0,0,0,4,3,14
,2017_61798,39.744882,-104.99427,8/30/2017 16:10,16:10,6,0,0,15TH STREET & STOUT STREET,1,1,0,6,1,4,1,,30,0,0,0,0,0,4,2,8
,2017_61799,39.782358,-104.8589955,8/30/2017 16:20,16:20,3,0,0,KINGSTON STREET NORTH & 47TH AVENUE EAST,1,1,1,0,1,1,0,,25,0,0,0,0,1,4,2,8
,2017_61800,39.745638,-104.9211225,8/30/2017 16:24,16:24,3,0,0,19TH AVENUE EAST & IVANHOE STREET NORTH,1,1,0,0,1,1,0,,25,0,0,0,0,0,4,2,1
,2017_61801,39.739995,-104.9647635,8/30/2017 16:51,16:51,6,0,0,HIGH STREET 1500 BLOCK NORTH & COLFAX AVENUE EAST,1,1,0,7,1,4,0,,25,0,0,0,0,0,4,2,16
,2017_61802,39.657042,-104.8848255,8/30/2017 16:56,16:56,12,0,0,YOSEMITE STREET 3300 BLOCK SOUTH & EASTMAN PLACE EAST,1,1,0,0,1,4,0,,35,0,0,0,0,0,4,2,13
,2017_61803,39.832011,-104.71554,8/30/2017 17:45,17:45,9,0,0,75TH AVENUE EAST & GUN CLUB ROAD,1,1,0,0,2,1,0,,1,0,0,0,0,0,4,2,13
,2017_61804,39.750462,-104.986593,8/31/2017 0:00,0:00,15,0,0,STOUT STREET 2100 BLOCK & 22ND STREET,1,1,0,7,1,4,0,,30,0,0,0,0,1,4,2,16
,2017_61805,39.781287,-104.742378,8/31/2017 7:40,7:40,3,0,0,MALAYA STREET NORTH & GREEN VALLEY RANCH BOULEVARD EAST,1,1,0,0,1,1,0,,35,0,0,0,0,0,4,2,16
,2017_61806,39.728934,-104.9906115,8/31/2017 8:19,8:19,3,0,0,EIGHTH AVENUE WEST & SPEER BOULEVARD NORTH,1,1,0,0,1,1,0,,25,0,0,0,0,0,4,2,13
,2017_61807,39.720222,-105.0151905,8/31/2017 8:45,8:45,3,0,0,SECOND AVENUE WEST & YUMA STREET NORTH,1,1,0,7,1,1,0,,25,0,0,0,0,1,4,2,7
,2017_61808,39.75444,-104.9598,8/31/2017 8:48,8:48,3,0,0,YORK STREET NORTH & 26TH AVENUE EAST,1,1,0,7,1,1,0,,30,0,0,0,0,0,4,2,16
,2017_61809,39.744828,-104.969655,8/31/2017 9:40,9:40,3,0,0,18TH AVENUE EAST & HUMBOLDT STREET NORTH,1,1,0,7,1,1,0,,30,0,0,0,0,1,4,2,14
,2017_61810,39.735252,-104.9835735,8/31/2017 10:40,10:40,12,0,0,GRANT STREET NORTH & 12TH AVENUE EAST,1,1,0,0,1,4,0,,35,0,0,0,0,1,4,2,3
,2017_61811,39.753054,-104.9854905,8/31/2017 10:58,10:58,15,0,0,CHAMPA STREET & PARK AVENUE WEST,1,1,0,0,1,4,0,,30,0,0,0,0,0,4,2,13
,2017_61812,39.734046,-104.991291,8/31/2017 12:00,12:00,15,0,0,CHEROKEE STREET NORTH 1100 BLOCK & 11TH AVENUE WEST,1,1,0,0,1,4,0,,25,0,0,0,0,1,4,3,13
,2017_61813,39.703113,-105.027534,8/31/2017 13:18,13:18,3,0,1,WALSH PLACE WEST & HAZEL COURT SOUTH,1,1,0,7,1,1,0,,25,0,0,0,0,2,4,2,3
,2017_61814,39.714651,-104.949972,8/31/2017 13:22,13:22,1,0,0,STEELE STREET SOUTH & BAYAUD AVENUE EAST,1,1,0,0,1,1,0,,35,0,0,0,0,0,4,2,13