id,drcog_id,latitude,longitude,crashtime,time,crashtype,numbkilled,numbinjurd,drcoglocat,rdconditin,lightngcon,roadcntgrd,weatherco,location,roaddescrp,constrzone,schoolzone,splimit,bikeinv,pedinv,sctrinv,motoinv,svrty,rdsystem,ttlvehcls,hcf
,2017_61815,39.711114,-104.959305,8/31/2017 13:58,13:58,1,0,0,ALAMEDA AVENUE EAST & UNIVERSITY BOULEVARD SOUTH,1,1,0,1,1,2,0,,30,0,0,0,0,0,4,2,13
,2017_61816,39.655917,-105.055596,8/31/2017 14:42,14:42,15,0,0,DARTMOUTH AVENUE WEST & COLGATE DRIVE WEST,1,1,0,7,1,3,0,,30,0,0,0,0,0,4,2,7
,2017_61817,39.714471,-104.903784,8/31/2017 15:43,15:43,12,0,0,QUEBEC STREET SOUTH & BAYAUD AVENUE EAST,1,1,0,0,1,4,0,,35,0,0,0,0,0,4,2,13
,2017_61818,39.747429,-104.899896,8/31/2017 16:00,16:00,12,0,0,MONTVIEW BOULEVARD EAST & ROSEMARY STREET NORTH,1,1,0,0,1,3,0,,30,0,0,0,0,0,4,2,7
,2017_61819,39.670335,-105.029856,10/3/2017 18:10,18:10,6,0,0,IRVING STREET SOUTH & VASSAR AVENUE WEST,1,2,0,0,1,3,0,,30,0,0,0,0,0,4,2,5
,2017_61820,39.733623,-104.9941215,8/31/2017 16:52,16:52,12,0,0,SPEER BOULEVARD NORTH & 11TH AVENUE WEST,1,1,1,0,1,3,0,,35,0,0,0,0,1,4,2,12
,2017_61821,39.689505,-105.0231555,8/31/2017 18:06,18:06,12,0,0,FLORIDA AVENUE WEST & ELIOT STREET SOUTH,1,1,0,0,1,1,0,,30,0,0,0,0,0,4,2,16
,2017_61822,39.649113,-104.8849155,8/31/2017 18:52,18:52,12,0,0,KENYON AVENUE EAST & YOSEMITE STREET SOUTH,1,2,1,0,1,1,0,,,0,0,0,0,0,4,2,13
,2017_61823,39.743937,-105.031494,8/31/2017 19:00,19:00,3,0,0,17TH AVENUE WEST & JULIAN STREET NORTH,1,1,0,0,1,1,0,,30,0,0,0,0,0,4,2,1
,2017_61824,39.780198,-105.050934,10/14/2017 6:30,6:30,6,0,0,YATES STREET & 46TH AVENUE WEST,1,3,0,0,1,4,0,,30,0,0,0,0,0,4,2,13
,2017_61825,39.774942,-104.9780205,9/1/2017 0:59,0:59,12,0,0,ARKINS COURT & 38TH STREET,1,4,0,0,1,1,0,,35,0,0,0,0,0,4,2,8
,2017_61826,39.741633,-104.967225,9/1/2017 4:45,4:45,15,0,0,16TH AVENUE 1600 BLOCK EAST & GILPIN STREET NORTH,1,3,1,0,1,4,0,,35,0,0,0,0,0,4,2,8
,2017_61827,39.702213,-105.02982,9/1/2017 8:35,8:35,3,0,0,OHIO AVENUE WEST & IRVING STREET SOUTH,1,1,0,0,1,1,0,,30,0,0,0,0,1,4,3,13
,2017_61828,39.667707,-104.987511,9/1/2017 9:35,9:35,12,0,0,BROADWAY STREET 2600 BLOCK SOUTH & YALE AVENUE EAST,1,1,0,0,1,3,0,,35,0,0,0,0,0,4,2,13
,2017_61829,39.79804384,-104.8920815,9/1/2017 14:04,14:04,12,0,0,56TH AVENUE EAST & VALENTIA STREET NORTH,1,1,0,0,1,1,0,,45,0,0,0,0,0,4,2,3
,2017_61830,39.750363,-104.981985,9/1/2017 14:52,14:52,3,0,1,GLENARM PLACE & PARK AVENUE WEST,1,1,0,0,1,1,0,,30,0,0,0,0,2,4,2,13
,2017_61832,39.74931894,-104.9902173,9/1/2017 15:05,15:05,12,0,0,CHAMPA STREET 1900 BLOCK & 20TH,1,1,0,7,1,4,0,,25,0,0,0,0,0,4,2,3
,2017_61833,39.73222149,-104.9598047,9/1/2017 15:35,15:35,15,0,0,YORK STREET 1000 BLOCK NORTH & 11TH AVENUE EAST,1,1,0,0,1,4,0,,30,0,0,0,0,0,4,2,13
,2017_61834,39.738456,-104.9976405,9/1/2017 15:42,15:42,14,0,0,14TH AVENUE WEST & SPEER BOULEVARD,1,1,0,0,1,1,0,,30,0,0,0,0,0,4,2,13
,2017_61835,39.711114,-104.959305,9/1/2017 16:12,16:12,12,0,0,UNIVERSITY BOULEVARD 300 BLOCK SOUTH & ALAMEDA AVENUE EAST,1,1,1,0,1,3,0,,30,0,0,0,0,1,4,2,14
,2017_61836,39.738357,-104.9529735,9/19/2017 15:22,15:22,10,0,0,14TH AVENUE EAST & FILLMORE STREET NORTH,1,1,0,0,1,1,0,,,0,0,0,0,0,4,2,13
,2017_61837,39.763827,-104.903451,9/1/2017 16:13,16:13,3,0,0,QUEBEC STREET NORTH & 33RD AVENUE EAST,1,1,0,0,1,1,0,,25,0,0,0,0,0,4,2,13
,2017_61838,39.667743,-105.047811,9/1/2017 16:19,16:19,12,0,0,YALE AVENUE WEST & WOLFF STREET SOUTH,1,1,1,0,1,3,0,,30,0,0,0,0,0,4,3,3
,2017_61839,39.733623,-104.9941215,9/1/2017 16:35,16:35,3,0,0,11TH AVENUE WEST & SPEER BOULEVARD NORTH,1,1,0,0,1,1,0,,30,0,0,0,0,0,4,2,13
,2017_61840,39.78378,-104.80176,9/1/2017 17:19,17:19,3,0,1,GREEN VALLEY RANCH BOULEVARD EAST & KITTREDGE STREET NORTH,1,1,0,0,1,1,0,,35,0,0,0,0,2,4,2,13
,2017_61841,39.743775,-104.8963815,9/1/2017 17:28,17:28,3,0,0,TRENTON STREET NORTH & 17TH AVENUE EAST,1,1,0,0,1,1,0,,25,0,0,0,0,0,4,2,14
,2017_61842,39.767382,-104.90346,9/1/2017 18:00,18:00,12,0,0,QUEBEC STREET NORTH & 36TH AVENUE EAST,1,1,1,0,1,4,0,,35,0,0,0,0,0,4,2,1
,2017_61843,39.755043,-105.000291,9/1/2017 18:32,18:32,6,0,0,18TH STREET 1800 BLOCK & WEWATTA STREET,1,1,0,0,1,2,0,,25,0,0,0,0,0,4,3,7
,2017_61844,39.749985,-105.033114,9/1/2017 19:52,19:52,3,0,0,22ND AVENUE WEST & KING STREET NORTH,1,4,0,0,1,1,0,,25,0,0,0,0,0,4,2,13
,2017_61845,39.771774,-104.903442,9/1/2017 21:05,21:05,3,0,0,SMITH ROAD EAST & QUEBEC STREET NORTH,1,3,0,0,1,1,0,,20,0,0,0,0,0,4,2,13
,2017_61846,39.740004,-104.975316,9/1/2017 21:11,21:11,12,0,0,OGDEN STREET 1500 BLOCK NORTH & COLFAX AVENUE EAST,1,3,0,0,1,4,0,,,0,0,0,0,0,4,2,13
,2017_61847,39.696588,-104.9640525,9/1/2017 21:44,21:44,3,0,0,MISSISSIPPI AVENUE EAST & RACE STREET SOUTH,1,3,0,0,1,1,0,,25,0,0,0,0,1,4,2,1
,2017_61848,39.749985,-105.0283845,9/1/2017 21:51,21:51,3,0,0,22ND AVENUE WEST & HOOKER STREET NORTH,1,3,0,0,1,1,0,,25,0,0,0,0,0,4,2,13
,2017_61849,39.707676,-105.032466,9/1/2017 22:22,22:22,3,0,0,VIRGINIA AVENUE WEST & KNOX COURT SOUTH,1,3,0,0,1,1,0,,25,0,0,0,0,0,4,2,13
,2017_61850,39.75003,-105.0049305,9/1/2017 23:35,23:35,1,0,0,SPEER BOULEVARD NORTH & CHOPPER CIRCLE,1,3,0,0,1,1,0,,35,0,0,0,0,0,4,2,3
,2017_61851,39.685599,-104.967243,9/2/2017 7:00,7:00,6,0,0,GILPIN STREET 1700 BLOCK NORTH & 17TH AVENUE EAST,1,1,1,0,1,4,0,,25,0,0,0,0,0,4,2,13
,2017_61852,39.743235,-104.967225,9/2/2017 7:50,7:50,6,0,0,17TH AVENUE EAST 1600 BLOCK & GILPIN STREET NORTH,1,2,0,0,1,4,0,,30,0,0,0,0,0,4,2,6
,2017_61853,39.844602,-104.6809395,9/2/2017 9:15,9:15,15,0,0,PENA BOULEVARD & 8400 BLOCK,1,1,0,0,1,4,0,,15,0,0,0,0,0,4,2,7
,2017_61854,39.721329,-105.0397155,9/2/2017 10:11,10:11,3,0,0,PERRY STREET NORTH & THIRD AVENUE WEST,1,1,1,0,1,1,0,,25,0,0,0,0,0,4,2,13
,2017_61855,39.743775,-104.886981,9/2/2017 12:52,12:52,3,0,0,17TH AVENUE EAST & XANTHIA STREET NORTH,1,1,0,0,1,1,0,,25,0,0,0,0,0,4,2,7
,2017_61856,39.638664,-104.89266,9/2/2017 13:10,13:10,12,0,0,TAMARAC DRIVE SOUTH & QUINCY AVENUE EAST,1,1,0,0,1,3,0,,30,0,0,0,0,0,4,2,13
,2017_61857,39.759876,-104.890752,9/2/2017 15:11,15:11,12,0,0,MLK BOULEVARD EAST & CENTRAL PARK BOULEVARD NORTH,1,1,0,0,1,1,0,,,0,0,0,0,0,4,2,13
,2017_61858,39.667626,-104.912964,9/2/2017 15:30,15:30,1,0,0,YALE AVENUE EAST & MONACO STREET SOUTH,1,1,1,0,1,1,0,,40,0,0,0,0,0,4,4,3
,2017_61859,39.743937,-105.03306,9/2/2017 16:53,16:53,3,0,0,17TH AVENUE WEST & KING STREET NORTH,1,1,0,0,1,1,0,,35,0,0,0,0,0,4,2,13
,2017_61860,39.762027,-104.97213,9/2/2017 17:00,17:00,15,0,0,MLK BOULEVARD EAST & MARION STREET NORTH,1,1,0,7,1,4,0,,30,0,0,0,0,0,4,2,16
,2017_61861,39.725334,-104.912793,9/2/2017 17:10,17:10,15,0,0,SIXTH AVENUE EAST & MONACO STREET NORTH,1,1,0,7,1,4,0,,30,0,0,0,0,0,4,2,1
,2017_61862,39.727305,-104.9986125,9/2/2017 17:27,17:27,10,0,0,SANTA FE DRIVE NORTH & SEVENTH AVENUE WEST,1,1,0,0,1,1,0,,,0,0,0,0,0,4,2,13
,2017_61863,39.77025706,-104.8996513,9/2/2017 21:23,21:23,1,0,0,36TH AVENUE EAST & SYRACUSE STREET NORTH,1,3,0,0,1,1,0,,30,0,0,0,0,1,4,2,7
,2017_61864,39.74009707,-104.9823053,9/2/2017 21:40,21:40,15,0,0,LOGAN STREET 1500 BLOCK NORTH & 16TH AVENUE EAST,1,3,0,7,1,4,0,,30,0,0,0,0,0,4,2,16
,2017_61865,39.735144,-104.975271,9/2/2017 21:46,21:46,3,0,0,12TH AVENUE EAST & OGDEN STREET NORTH,1,3,0,7,1,1,0,,25,0,0,0,0,0,4,2,16
,2017_61866,39.725586,-104.965857,9/2/2017 22:31,22:31,9,0,2,SIXTH AVENUE EAST & WILLIAMS STREET NORTH,1,3,0,7,1,1,0,,25,0,0,0,1,2,4,1,1
,2017_61867,39.753207,-104.993451,9/3/2017 2:10,2:10,12,0,0,MARKET STREET 1900 BLOCK & 20TH STREET,1,3,0,0,1,4,0,,30,0,0,0,0,0,4,2,16
,2017_61868,39.709296,-104.9827815,9/3/2017 13:20,13:20,3,0,0,LOGAN STREET SOUTH & DAKOTA AVENUE EAST,1,1,0,0,1,1,0,,25,0,0,0,0,0,4,2,13
,2017_61869,39.755745,-104.989014,9/3/2017 14:25,14:25,10,0,0,PARK AVENUE WEST & LARIMER STREET,1,1,0,0,1,1,0,,35,0,0,0,0,0,4,2,13
,2017_61870,39.760326,-105.0346035,9/3/2017 14:55,14:55,3,0,0,LOWELL BOULEVARD NORTH & 30TH AVENUE WEST,1,1,0,0,1,1,0,,25,0,0,0,0,0,4,2,13
,2017_61871,39.774519,-104.922315,9/3/2017 14:57,14:57,12,0,0,SMITH ROAD EAST & HOLLY STREET NORTH,1,1,0,0,1,3,0,,40,0,0,0,0,0,4,2,1
,2017_61872,39.762,-104.9318325,9/3/2017 15:17,15:17,1,0,0,MLK BOULEVARD EAST & DAHLIA STREET NORTH,1,1,0,0,1,1,0,,30,0,0,0,0,0,4,2,1
,2017_61873,39.769263,-105.004161,9/3/2017 16:58,16:58,3,0,1,38TH AVENUE WEST & NAVAJO STREET NORTH,1,1,0,0,1,1,0,,35,0,0,0,0,2,4,2,13
,2017_61874,39.700332,-105.032412,9/3/2017 17:45,17:45,12,0,0,KENTUCKY AVENUE WEST & KNOX COURT SOUTH,1,1,0,0,1,1,0,,30,0,0,0,0,1,4,2,1
,2017_61875,39.72564,-104.982381,9/3/2017 18:30,18:30,3,0,0,SIXTH AVENUE EAST & LOGAN STREET NORTH,1,1,0,0,1,1,0,,30,0,0,0,0,0,4,3,3
,2017_61876,39.71655,-105.0263235,9/3/2017 20:04,20:04,5,0,0,ELLSWORTH WEST & GROVE STREET NORTH,1,4,0,0,2,4,0,,30,0,0,0,0,0,4,1,5
,2017_61877,39.691269,-105.0442425,9/3/2017 21:30,21:30,3,0,0,ARKANSAS AVENUE WEST & TENNYSON STREET SOUTH,1,3,0,0,1,1,0,,25,0,0,0,0,1,4,2,5
,2017_61878,39.680226,-104.959404,9/3/2017 21:50,21:50,15,0,0,UNIVERSITY BOULEVARD SOUTH & ASBURY AVENUE EAST,1,3,0,0,1,4,0,,30,0,0,0,0,0,4,2,13
,2017_61879,39.709287,-104.9757255,9/3/2017 22:22,22:22,6,0,0,OGDEN STREET SOUTH & DAKOTA AVENUE EAST,1,3,0,0,1,4,0,,25,0,0,0,0,0,4,4,3
,2017_61880,39.722913,-105.0324705,9/3/2017 23:15,23:15,3,0,0,FOURTH AVENUE WEST & KNOX COURT NORTH,1,4,1,0,1,1,0,,25,0,0,0,0,0,4,2,5
,2017_61881,39.768282,-105.0108615,9/3/2017 23:40,23:40,12,0,0,TEJON STREET 3700 BLOCK NORTH & 38TH AVENUE WEST,1,3,0,0,1,4,0,,35,0,0,0,0,0,4,2,13
,2017_61882,39.738456,-104.9976405,9/4/2017 5:25,5:25,3,0,0,14TH AVENUE WEST & SPEER BOULEVARD NORTH,1,3,0,0,1,1,0,,35,0,0,0,0,0,4,2,8
,2017_61883,39.718305,-104.979114,9/4/2017 7:02,7:02,6,0,0,FIRST AVENUE 700 BLOCK EAST & WASHINGTON STREET NORTH,1,1,0,0,1,4,0,,,0,0,0,0,0,4,4,13
,2017_61884,39.736863,-104.9718555,9/4/2017 7:23,7:23,3,0,0,13TH AVENUE EAST & MARION STREET NORTH,1,2,0,0,1,1,0,,30,0,0,0,0,0,4,2,8
,2017_61885,39.785067,-104.8424445,9/4/2017 8:45,8:45,3,0,0,ANDREWS DRIVE EAST & TROY STREET NORTH,1,1,0,0,1,1,0,,35,0,0,0,0,0,4,2,8
,2017_61886,39.759876,-104.890752,9/4/2017 9:32,9:32,3,0,0,MLK BOULEVARD EAST & CENTRAL PARK BOULEVARD NORTH,1,1,0,0,1,1,0,,35,0,0,0,0,0,4,2,3
,2017_61887,39.786993,-104.886054,9/4/2017 10:00,10:00,3,0,0,XENIA STREET NORTH & 49TH PLACE EAST,1,1,0,0,1,1,0,,25,0,0,0,0,0,4,2,3
,2017_61888,39.78870703,-105.0063363,9/4/2017 12:09,12:09,12,0,0,PECOS STREET 5100 BLOCK NORTH & 51ST AVENUE WEST,1,1,1,0,1,4,0,,30,0,0,0,0,1,4,3,13
,2017_61889,39.678435,-104.922234,9/4/2017 12:14,12:14,14,0,0,EVANS AVENUE EAST & HOLLY STREET SOUTH,1,1,0,0,1,3,0,,25,0,0,0,0,0,4,2,1
,2017_61890,39.758184,-104.9476635,9/4/2017 12:50,12:50,6,0,0,29TH AVENUE EAST & COOK STREET NORTH,1,1,0,0,1,4,0,,25,0,0,0,0,0,4,2,14
,2017_61891,39.728943,-105.000183,9/4/2017 13:03,13:03,10,0,0,EIGHTH AVENUE WEST & KALAMATH STREET NORTH,1,1,1,0,1,1,0,,35,0,0,0,0,0,4,2,3
,2017_61892,39.67866,-105.020352,9/4/2017 13:43,13:43,1,0,1,EVANS AVENUE & CLAY STREET SOUTH,1,1,0,0,1,2,0,,35,0,0,0,1,2,4,2,7
,2017_61893,39.78594,-104.8185225,9/11/2017 7:50,7:50,6,0,0,51ST AVENUE EAST 14500 BLOCK & DURHAM COURT NORTH,1,1,0,0,1,4,0,,20,0,0,0,0,0,4,2,13
,2017_61894,39.682755,-104.959332,9/4/2017 13:56,13:56,1,0,0,UNIVERSITY BOULEVARD SOUTH & BUCHTEL BOULEVARD EAST,1,1,0,0,1,1,0,,30,0,0,0,0,0,4,2,8
,2017_61895,39.711312,-104.931612,9/4/2017 15:34,15:34,12,0,0,ALAMEDA AVENUE 4700 BLOCK EAST & DAHLIA STREET SOUTH,1,1,0,0,1,4,0,,35,0,0,0,0,0,4,2,12
,2017_61896,39.75444,-104.9598,9/4/2017 15:39,15:39,1,0,0,YORK STREET NORTH & 26TH AVENUE EAST,1,1,0,0,1,1,0,,30,0,0,0,0,0,4,2,5
,2017_61897,39.736809,-104.9574375,9/19/2017 21:00,21:00,3,0,0,13TH AVENUE EAST & COLUMBINE STREET NORTH,1,4,0,0,1,1,0,,,0,0,0,0,0,4,2,13
,2017_61898,39.744882,-104.99427,9/4/2017 17:10,17:10,12,0,0,STOUT STREET 1400 & 15TH STREET,1,1,0,0,1,4,0,,25,0,0,0,0,0,4,2,13
,2017_61899,39.733839,-104.987394,9/4/2017 18:13,18:13,3,0,0,ACOMA STREET / BROADWAY ALLEY & 11TH AVENUE WEST,1,1,0,0,1,5,0,,10,0,0,0,0,0,4,2,1
,2017_61900,39.67866,-105.020352,9/5/2017 6:45,6:45,12,0,0,CLAY STREET SOUTH & EVANS AVENUE WEST,1,2,0,0,1,3,0,,35,0,0,0,0,0,4,2,13
,2017_61901,39.735837,-104.98572,9/5/2017 6:50,6:50,12,0,0,LINCOLN STREET 1200 BLOCK NORTH & 13TH AVENUE EAST,1,1,0,0,1,2,0,,30,0,0,0,0,0,4,2,8
,2017_61902,39.756411,-104.987421,9/5/2017 7:18,7:18,12,0,0,24TH STREET 100 BLOCK EAST & BROADWAY NORTH,1,1,0,0,1,4,0,,25,0,0,0,0,0,4,2,14
,2017_61903,39.743937,-105.031494,9/5/2017 7:33,7:33,3,0,0,JULIAN STREET NORTH & 17TH AVENUE WEST,1,1,0,0,1,1,0,,30,0,0,0,0,0,4,2,13
,2017_61904,39.750678,-104.88852,9/5/2017 7:44,7:44,3,0,0,CENTRAL PARK BOULEVARD NORTH & XANTHIA WAY NORTH,1,1,0,0,1,1,0,,25,0,0,0,0,1,4,3,7
,2017_61905,39.733839,-104.987394,9/6/2017 11:55,11:55,12,0,0,BROADWAY STREET NORTH & 11TH AVENUE WEST,1,1,0,0,1,1,0,,35,0,0,0,0,0,4,2,16
,2017_61906,39.654279,-104.8988205,9/5/2017 8:45,8:45,12,0,0,TAMARAC DRIVE 3300 BLOCK SOUTH & GIRARD AVENUE EAST,1,1,0,0,1,4,0,,25,0,0,0,0,0,4,2,14
,2017_61907,39.75417,-104.9893335,9/5/2017 9:01,9:01,12,0,0,22ND STREET & LAWRENCE STREET,1,1,0,0,1,4,0,,30,0,0,0,0,0,4,2,13
,2017_61908,39.694734,-104.943024,9/6/2017 11:11,11:11,5,0,0,JACKSON STREET 1165 SOUTH & ARIZONA AVENUE EAST,1,1,0,0,3,4,0,,25,0,0,0,0,0,4,1,7
,2017_61909,39.744774,-104.9598225,9/5/2017 9:50,9:50,15,0,0,18TH AVENUE EAST & YORK STREET NORTH,1,1,0,0,1,1,0,,30,0,0,0,0,0,4,2,13
,2017_61910,39.748797,-104.9944635,9/5/2017 10:01,10:01,12,0,0,17TH STREET & ARAPAHOE STREET,1,1,0,0,1,4,0,,30,0,0,0,0,0,4,2,13
,2017_61911,39.667644,-104.968791,9/5/2017 10:41,10:41,12,0,0,YALE AVENUE EAST & FRANKLIN STREET SOUTH,1,1,1,0,1,1,0,,30,0,0,0,0,0,4,2,3
,2017_61912,39.778326,-104.9813145,9/5/2017 12:40,12:40,3,0,0,PENNSYLVANIA STREET NORTH & 45TH AVENUE EAST,1,1,0,0,1,1,0,,25,0,0,0,0,1,4,2,7
,2017_61913,39.754809,-104.990193,9/22/2017 23:55,23:55,6,0,0,22ND STREET & LARIMER STREET,1,4,0,0,1,4,0,,30,0,0,0,0,0,4,2,14
,2017_61914,39.735774,-104.9031405,9/5/2017 12:51,12:51,12,0,0,QUEBEC STREET 1200 BLOCK NORTH & 13TH AVENUE EAST,1,1,0,0,1,3,0,,30,0,0,0,0,1,4,2,16
,2017_61915,39.711168,-104.99238,9/5/2017 13:00,13:00,1,0,1,CHEROKEE STREET SOUTH & ALAMEDA AVENUE WEST,1,1,0,0,1,1,0,,35,0,0,0,0,2,4,3,13
,2017_61916,39.74020538,-104.9860856,9/5/2017 13:03,13:03,12,0,0,LINCOLN STREET 1500 BLOCK NORTH & 16TH AVENUE EAST,1,1,0,0,1,4,0,,30,0,0,0,0,0,4,3,14
,2017_61917,39.676662,-105.000615,9/5/2017 13:07,13:07,3,0,0,KALAMATH STREET SOUTH & WARREN AVENUE WEST,1,1,0,0,1,1,0,,25,0,0,0,0,0,4,4,1
,2017_61918,39.728907,-104.9964435,9/5/2017 13:59,13:59,12,0,0,EIGHTH AVENUE WEST & GALAPAGO STREET NORTH,1,1,0,0,1,4,0,,35,0,0,0,0,0,4,3,8
,2017_61919,39.694572,-104.97546,9/5/2017 14:30,14:30,12,0,0,OGDEN STREET 1200 BLOCK NORTH & 13TH AVENUE EAST,1,1,0,0,1,3,0,,25,0,0,0,0,0,4,2,13
,2017_61920,39.729078,-104.9848605,9/5/2017 14:31,14:31,12,0,0,EIGHTH AVENUE EAST & SHERMAN STREET NORTH,1,1,1,0,1,4,0,,30,0,0,0,0,0,4,2,13
,2017_61921,39.709305,-104.9863905,9/5/2017 14:37,14:37,3,0,0,DAKOTA AVENUE EAST & LINCOLN STREET SOUTH,1,1,1,0,1,1,0,,30,0,0,0,0,0,4,2,3
,2017_61922,39.737448,-104.898393,9/6/2017 3:34,3:34,6,0,0,SYRACRUSE STREET 1300 BLOCK NORTH & 13TH AVENUE EAST,1,3,0,0,1,4,0,,50,0,0,0,0,0,4,3,5
,2017_61923,39.83619265,-104.7717979,9/5/2017 15:21,15:21,15,0,0,TOWER ROAD 7200 BLOCK NORTH & 72ND AVENUE EAST,1,1,0,7,1,4,0,,45,0,0,0,0,0,4,2,2
,2017_61924,39.790647,-104.88114,11/10/2017 20:50,20:50,5,0,0,BEELER STREET NORTH & 51ST AVENUE EAST,1,3,0,0,4,1,0,,35,0,0,0,0,0,4,1,13
,2017_61925,39.703869,-104.9863005,9/5/2017 15:28,15:28,12,0,0,LINCOLN STREET 700 BLOCK SOUTH & EXPOSITION STREET EAST,1,1,1,0,1,4,0,,30,0,0,0,0,0,4,2,13
,2017_61926,39.733893,-104.982102,9/5/2017 15:48,15:48,12,0,0,LOGAN STREET 1100 BLOCK NORTH & 11TH AVENUE,1,1,0,7,1,4,0,,30,0,0,0,0,0,4,2,16
,2017_61927,39.678426,-104.9899545,9/5/2017 16:38,16:38,12,0,0,EVANS AVENUE 100 BLOCK WEST & BANNOCK STREET SOUTH,1,1,0,0,1,4,0,,35,0,0,0,0,0,4,2,13
,2017_61928,39.689478,-105.0273945,9/5/2017 16:41,16:41,12,0,3,FLORIDA AVENUE 3100 BLOCK WEST & HAZEL COURT SOUTH,1,1,0,0,1,4,0,,30,0,0,0,0,2,4,4,3
,2017_61929,39.776382,-104.9508225,9/5/2017 17:08,17:08,3,0,0,43RD AVENUE EAST & STREET PAUL STREET NORTH,1,1,0,0,1,1,0,,30,0,0,0,0,0,4,2,3
,2017_61930,39.738276,-104.923422,9/5/2017 17:41,17:41,12,0,0,HUDSON STREET NORTH & 14TH AVENUE EAST,1,1,0,0,1,3,0,,20,0,0,0,0,0,4,2,3
,2017_61931,39.767382,-104.90346,9/5/2017 20:00,20:00,12,0,0,36TH AVENUE EAST & QUEBEC STREET NORTH,1,3,0,0,1,4,0,,35,0,0,0,0,0,4,2,13
,2017_61933,39.730608,-105.03999,9/6/2017 1:24,1:24,5,0,0,NINTH AVENUE WEST & QUITMAN STREET NORTH,1,3,0,0,2,4,0,,25,0,0,0,0,0,4,1,13
,2017_61934,39.736863,-104.982336,9/6/2017 6:44,6:44,3,0,0,13TH AVENUE EAST & LOGAN STREET NORTH,1,1,0,0,1,1,0,,25,0,0,0,0,0,4,2,14
,2017_61935,39.795579,-104.7963105,9/6/2017 7:40,7:40,3,0,4,MEMPHIS STREET NORTH & MAXWELL PLACE EAST,1,1,0,0,1,1,0,,35,0,0,0,0,2,4,2,3
,2017_61936,39.736746,-104.9216625,9/6/2017 7:50,7:50,12,0,0,13TH AVENUE EAST & IVANHOE STREET NORTH,1,1,0,0,1,1,0,,30,0,0,0,0,0,4,3,16
,2017_61937,39.747438,-104.90346,9/6/2017 7:55,7:55,12,0,0,QUEBEC STREET 1900 BLOCK NORTH & MONTVIEW BOULEVARD EAST,1,1,0,0,1,4,0,,35,0,0,0,0,0,4,2,7
,2017_61938,39.751344,-104.997501,9/6/2017 10:13,10:13,15,0,0,BLAKE STREET 1700 BLOCK & 17TH STREET,1,1,0,0,1,4,0,,25,0,0,0,0,0,4,2,14
,2017_61939,39.703869,-104.9863005,9/6/2017 10:25,10:25,12,0,0,LINCOLN STREET 600 BLOCK SOUTH & EXPOSITION AVENUE EAST,1,1,0,0,1,4,0,,30,0,0,0,0,0,4,2,4
,2017_61940,39.79290113,-104.8470049,9/6/2017 11:00,11:00,5,0,0,PEORIA STREET NORTH 5300 BLOCK & 53RD AVENUE,1,1,0,0,2,4,0,,40,0,0,0,0,0,4,1,13
,2017_61941,39.728907,-104.9964435,9/6/2017 11:00,11:00,3,0,0,EIGHTH AVENUE WEST & GALAPAGO STREET NORTH,1,1,0,0,1,1,0,,35,0,0,0,0,1,4,2,16
,2017_61942,39.727269,-104.979951,9/6/2017 11:38,11:38,3,0,0,SEVENTH AVENUE EAST & PEARL STREET NORTH,1,1,1,0,1,1,0,,25,0,0,0,0,1,4,2,14
,2017_61943,39.757203,-104.9836005,9/6/2017 11:59,11:59,3,0,0,ARAPAHOE STREET & 26TH STREET,1,1,0,0,1,1,0,,25,0,0,0,0,0,4,2,13
,2017_61944,39.678498,-104.9664015,9/6/2017 12:25,12:25,12,0,0,EVANS AVENUE EAST & WILLIAMS STREET SOUTH,1,1,0,0,1,1,0,,30,0,0,0,0,0,4,2,13
,2017_61945,39.736845,-104.9730435,9/8/2017 15:50,15:50,12,0,0,13TH AVENUE 1200 BLOCK EAST & DOWNING STREET NORTH,1,1,0,0,1,3,0,,30,0,0,0,0,1,4,2,16
,2017_61946,39.680316,-104.9734215,9/6/2017 12:58,12:58,1,0,0,DOWNING STREET SOUTH & ASBURY AVENUE EAST,1,1,0,0,1,1,0,,35,0,0,0,0,0,4,2,13
,2017_61947,39.74893775,-104.9994373,9/25/2017 9:28,9:28,6,0,0,MARKET STREET 1500 BLOCK & 16TH STREET,1,1,0,0,1,4,0,,30,0,0,0,0,0,4,2,14
,2017_61948,39.746367,-104.9888655,9/6/2017 13:00,13:00,12,0,0,18TH STREET & WELTON STREET,1,1,3,0,1,1,0,,30,0,0,0,0,0,4,2,13
,2017_61949,39.736872,-104.9952825,9/6/2017 13:24,13:24,15,0,1,13TH AVENUE WEST & FOX STREET NORTH,1,1,1,0,1,4,0,,30,0,0,0,0,2,4,2,8
,2017_61950,39.751434,-104.9858325,9/6/2017 13:24,13:24,6,0,0,22ND STREET & STOUT STREET,1,1,0,0,1,4,0,,25,0,0,0,0,0,4,2,13
,2017_61951,39.751047,-104.9269545,9/6/2017 13:48,13:48,12,0,0,23RD AVENUE EAST & FOREST STREET NORTH,1,1,0,0,1,1,0,,30,0,0,0,0,0,4,2,14
,2017_61952,39.758463,-105.0520725,9/6/2017 14:15,14:15,3,0,0,ZENOBIA STREET NORTH & 29TH AVENUE WEST,1,1,0,0,1,1,0,,25,0,0,0,0,0,4,2,13
,2017_61953,39.776535,-104.982444,9/6/2017 14:59,14:59,3,0,1,LOGAN STREET NORTH & 44TH AVENUE WEST,1,1,1,0,1,1,0,,25,0,0,0,1,2,4,2,13