id,drcog_id,latitude,longitude,crashtime,time,crashtype,numbkilled,numbinjurd,drcoglocat,rdconditin,lightngcon,roadcntgrd,weatherco,location,roaddescrp,constrzone,schoolzone,splimit,bikeinv,pedinv,sctrinv,motoinv,svrty,rdsystem,ttlvehcls,hcf
,2017_61954,39.780324,-104.8098645,9/6/2017 15:00,15:00,12,0,0,CHAMBERS ROAD NORTH & BOLLING DRIVE EAST,1,1,0,0,1,4,0,,45,0,0,0,0,0,4,2,1
,2017_61955,39.70386,-104.9195745,9/6/2017 15:54,15:54,3,0,0,JERSEY STREET SOUTH & EXPOSITION AVENUE EAST,1,1,0,0,1,1,0,,25,0,0,0,0,0,4,2,3
,2017_61956,39.697713,-105.033024,9/6/2017 15:55,15:55,6,0,0,HOYE PLACE WEST & KING STREET SOUTH,1,1,0,0,3,1,0,,25,0,0,0,0,0,4,2,1
,2017_61957,39.77794247,-104.95827,9/6/2017 15:58,15:58,15,0,0,JOSEPHINE STREET NORTH & 4340 BLOCK,1,1,0,0,1,4,0,,,0,0,0,0,0,4,2,13
,2017_61958,39.79099042,-104.9891094,9/6/2017 16:40,16:40,3,0,0,BANNOCK STREET NORTH & 1100 BLOCK,1,1,0,0,1,2,0,,30,0,0,0,0,0,4,2,8
,2017_61959,39.73388775,-104.986104,9/6/2017 17:20,17:20,12,0,0,LINCOLN STREET 1100 BLOCK NORTH & 10TH AVENUE,1,1,0,0,1,4,0,,30,0,0,0,0,0,4,3,3
,2017_61960,39.775032,-104.809923,9/6/2017 17:30,17:30,15,0,0,CHAMBERS ROAD 4400 BLOCK NORTH & ANDREWS DRIVE EAST,1,1,0,0,1,4,0,,35,0,0,0,0,0,4,2,1
,2017_61961,39.72564,-104.982381,9/6/2017 17:37,17:37,3,0,0,SIXTH AVENUE EAST & LOGAN STREET NORTH,1,2,0,0,1,1,0,,30,0,0,0,0,0,4,2,8
,2017_61962,39.73059,-104.9784705,9/6/2017 17:47,17:47,12,0,1,WASHINGTON STREET 900 BLOCK NORTH & 10TH AVENUE EAST,1,1,0,0,1,4,0,,25,0,0,0,0,2,4,2,14
,2017_61963,39.729087,-104.986152,9/6/2017 18:50,18:50,10,0,0,EIGHTH AVENUE EAST & LINCOLN STREET NORTH,1,2,0,0,1,1,0,,30,0,0,0,0,0,4,2,13
,2017_61964,39.674835,-104.9539545,9/6/2017 22:12,22:12,6,0,0,ILIFF AVENUE EAST & FILLMORE STREET SOUTH,1,3,0,0,1,4,0,,30,0,0,0,0,0,4,2,13
,2017_61965,39.765726,-104.9948415,9/6/2017 23:25,23:25,12,0,0,PARK AVENUE WEST & GLOBEVILLE ROAD,1,3,0,0,1,1,0,,35,0,0,0,0,0,4,2,14
,2017_61966,39.747456,-104.884695,9/7/2017 6:10,6:10,1,0,0,MONTVIEW BOULEVARD EAST & CENTRAL PARK BOULEVARD NORTH,1,3,0,0,1,1,0,,30,0,0,0,0,0,4,2,13
,2017_61967,39.75121029,-104.999951,9/9/2017 18:01,18:01,6,0,0,WAZEE STREET 1600 BLOCK & 16TH STREET,1,1,0,0,1,4,0,,30,0,0,0,0,0,4,2,7
,2017_61968,39.706731,-105.039144,9/7/2017 6:29,6:29,3,0,0,MORRISON ROAD 3900 BLOCK & PATTON COURT SOUTH,1,1,0,0,1,2,0,,15,0,0,0,0,0,4,2,13
,2017_61969,39.738285,-104.9292135,9/7/2017 7:15,7:15,3,0,0,ELM STREET NORTH & 14TH AVENUE EAST,1,1,0,0,1,1,0,,25,0,0,0,0,0,4,2,7
,2017_61970,39.729258,-104.918364,9/7/2017 7:22,7:22,3,0,0,EIGHTH AVENUE EAST & JASMINE STREET NORTH,1,1,0,0,1,1,0,,30,0,0,0,0,0,4,2,13
,2017_61971,39.78244238,-104.8468826,9/7/2017 7:41,7:41,1,0,0,PEORIA STREET 4700 BLOCK NORTH & 47TH AVENUE EAST,1,1,0,0,1,2,0,,35,0,0,0,0,0,4,2,13
,2017_61972,39.679866,-104.911011,9/7/2017 7:48,7:48,3,0,0,NIAGARA STREET SOUTH & ASBURY AVENUE EAST,1,1,0,0,1,1,0,,25,0,0,0,0,0,4,2,13
,2017_61973,39.729717,-104.9912235,9/7/2017 7:57,7:57,3,0,0,BANNOCK STREET NORTH & SPEER BOULEVARD,1,1,0,0,1,1,0,,25,0,0,0,0,0,4,2,13
,2017_61974,39.763206,-105.020496,9/7/2017 14:20,14:20,6,0,0,33RD AVENUE WEST 2600 BLOCK & CLAY STREET NORTH,1,1,1,0,1,4,0,,,0,0,0,0,0,4,2,13
,2017_61975,39.711159,-104.9900175,9/7/2017 8:04,8:04,15,0,0,ALAMEDA AVENUE 100 BLOCK WEST & BANNOCK STREET SOUTH,1,1,0,0,1,3,0,,35,0,0,0,0,0,4,2,14
,2017_61976,39.781854,-104.9786325,9/7/2017 8:11,8:11,1,0,0,47TH AVENUE EAST & WASHINGTON STREET NORTH,1,1,0,0,1,1,0,,35,0,0,0,1,0,4,2,13
,2017_61977,39.736746,-104.9428935,9/7/2017 9:30,9:30,10,0,0,13TH AVENUE EAST & JACKSON STREET NORTH,1,1,0,0,1,1,0,,,0,0,0,0,0,4,2,13
,2017_61978,39.716541,-105.0263235,9/7/2017 9:34,9:34,12,0,0,GROVE STREET 900 BLOCK NORTH & GROVE STREET,1,1,0,0,1,5,0,,15,0,0,0,0,0,4,2,13
,2017_61979,39.752946,-104.992614,9/7/2017 9:40,9:40,12,0,0,20TH STREET & LARIMER STREET,2,1,0,0,1,3,0,,30,0,0,0,0,0,4,2,12
,2017_61980,39.7467,-104.9989815,9/7/2017 9:53,9:53,12,0,0,14TH STREET 1200 BLOCK & LAWRENCE STREET,1,1,0,0,1,5,0,,25,0,0,0,0,0,4,2,13
,2017_61981,39.760056,-104.896413,9/7/2017 10:19,10:19,1,0,0,MLK BOULEVARD EAST & TRENTON STREET NORTH,1,1,0,0,1,1,0,,30,0,0,0,0,0,4,2,13
,2017_61982,39.6404181,-105.029964,9/10/2017 22:10,22:10,6,0,0,IRVING STREET SOUTH & 1700 BLOCK,1,3,1,0,1,4,0,,25,0,0,0,0,0,4,2,12
,2017_61983,39.773097,-104.8079115,9/7/2017 12:25,12:25,12,0,0,40TH AVENUE 15500 BLOCK EAST & ANDREWS DRIVE EAST,1,1,0,0,1,4,0,,40,0,0,0,0,0,4,3,3
,2017_61984,39.749715,-104.9932665,9/7/2017 12:45,12:45,12,0,0,18TH STREET & ARAPAHOE STREET,1,1,0,0,1,3,0,,30,0,0,0,0,0,4,2,13
,2017_61985,39.724524,-105.03837,9/7/2017 13:18,13:18,3,0,0,OSCEOLA STREET NORTH & FIFTH AVENUE WEST,1,1,0,0,1,1,0,,25,0,0,0,0,1,4,2,8
,2017_61986,39.729087,-104.986152,9/7/2017 13:30,13:30,10,0,0,EIGHTH AVENUE EAST & LINCOLN STREET NORTH,1,1,0,0,1,1,0,,30,0,0,0,0,0,4,2,8
,2017_61987,39.709296,-104.9827815,9/7/2017 14:10,14:10,12,0,0,LOGAN STREET 400 BLOCK SOUTH & DAKOTA AVENUE EAST,1,1,0,0,1,3,0,,30,0,0,0,0,0,4,3,14
,2017_61988,39.792798,-104.948703,9/7/2017 15:35,15:35,6,0,0,53RD AVENUE 3300 BLOCK EAST & ADAMS STREET NORTH,1,1,1,0,1,3,0,,25,0,0,0,0,0,4,2,13
,2017_61989,39.678489,-104.9687415,9/7/2017 15:37,15:37,12,0,0,EVANS AVENUE EAST & FRANKLIN STREET SOUTH,1,1,0,0,1,4,0,,35,0,0,0,0,0,4,3,13
,2017_61990,39.780324,-104.8098645,9/7/2017 15:50,15:50,15,0,0,CHAMBERS ROAD NORTH 4800 BLOCK & BOLLING DRIVE EAST,1,1,0,0,1,4,0,,35,0,0,0,0,0,4,2,13
,2017_61991,39.755745,-104.989014,9/7/2017 16:04,16:04,10,0,0,PARK AVENUE WEST & LARIMER STREET,1,1,0,0,1,1,0,,30,0,0,0,0,0,4,2,8
,2017_61992,39.678453,-104.915952,9/7/2017 16:10,16:10,15,0,0,EVANS AVENUE 6300 BLOCK EAST & LEYDEN STREET SOUTH,1,1,0,0,1,4,0,,30,0,0,0,0,0,4,2,13
,2017_61993,39.711141,-104.987592,9/7/2017 16:19,16:19,12,0,0,BROADWAY STREET SOUTH & ALAMEDA AVENUE EAST,1,1,0,0,1,1,0,,30,0,0,0,0,0,4,2,13
,2017_61994,39.680316,-104.9828625,9/7/2017 16:40,16:40,3,0,0,ASBURY AVENUE EAST & LOGAN STREET SOUTH,1,1,0,0,1,1,0,,25,0,0,0,0,0,4,3,1
,2017_61995,39.724146,-104.989203,9/7/2017 16:53,16:53,6,0,0,FIFTH AVENUE WEST & ACOMA STREET NORTH,1,1,0,0,1,4,0,,25,0,0,0,0,0,4,2,12
,2017_61996,39.79818,-104.845023,9/7/2017 16:55,16:55,12,0,0,56TH AVENUE EAST & QUENTIN STREET NORTH,1,1,0,0,1,1,0,,40,0,0,0,0,1,4,3,13
,2017_61997,39.729105,-104.988852,9/7/2017 17:25,17:25,10,0,0,EIGHTH AVENUE WEST & ACOMA STREET NORTH,1,1,1,0,1,1,0,,30,0,0,0,0,0,4,2,8
,2017_61998,39.740022,-105.002793,9/7/2017 18:08,18:08,3,0,0,MARIPOSA STREET NORTH 1400 BLOCK & COLFAX AVENUE WEST,1,1,1,0,1,2,0,,,0,0,0,0,0,4,2,13
,2017_61999,39.724128,-104.9582655,9/7/2017 18:10,18:10,6,0,0,FIFTH AVENUE 2300 BLOCK & JOSEPHINE STREET NORTH,1,1,0,0,1,4,0,,25,0,0,0,0,0,4,2,13
,2017_62000,39.731292,-104.9034735,9/7/2017 18:11,18:11,12,0,0,QUEBEC STREET NORTH & 10TH AVENUE EAST,1,1,1,0,1,1,0,,35,0,0,0,0,0,4,2,7
,2017_62001,39.729078,-104.9848605,9/7/2017 19:00,19:00,3,0,0,EIGHTH AVENUE EAST & SHERMAN STREET NORTH,1,3,0,0,1,1,0,,30,0,0,0,0,0,4,2,14
,2017_62002,39.724137,-104.9875065,9/7/2017 22:05,22:05,15,0,0,BROADWAY STREET NORTH & FIFTH AVENUE EAST,1,3,0,0,1,1,0,,35,0,0,0,0,0,4,2,13
,2017_62003,39.678435,-104.922234,9/7/2017 22:37,22:37,3,0,1,HOLLY STREET SOUTH & EVANS AVENUE EAST,1,3,0,0,1,1,0,,35,0,0,0,0,2,4,2,14
,2017_62004,39.678435,-104.9407425,9/7/2017 22:40,22:40,12,0,0,EVANS AVENUE 3900 BLOCK EAST & COLORADO BOULEVARD SOUTH,1,3,0,0,1,4,0,,35,0,0,0,0,0,4,2,12
,2017_62005,39.798234,-104.7721815,9/8/2017 0:10,0:10,12,0,0,56TH AVENUE EAST & TOWER ROAD NORTH,1,3,0,0,1,1,0,,40,0,0,0,0,0,4,2,2
,2017_62006,39.78777809,-104.9386984,9/9/2017 2:20,2:20,6,0,0,ASH STREET NORTH & 700 BLOCK,1,3,0,0,1,4,0,,30,0,0,0,0,0,4,5,5
,2017_62007,39.775032,-104.809923,9/8/2017 6:30,6:30,3,0,0,ANDREWS DRIVE EAST & CHAMBERS ROAD NORTH,1,1,0,1,1,1,0,,40,0,0,0,0,1,4,2,5
,2017_62008,39.741948,-104.8846725,9/8/2017 8:28,8:28,3,0,0,16TH AVENUE EAST & YOSEMITE STREET NORTH,1,1,0,0,1,1,0,,25,0,0,0,0,1,4,2,7
,2017_62009,39.695895,-104.922234,9/8/2017 12:15,12:15,12,0,0,HOLLY STREET 1150 BLOCK SOUTH & CHERRY CREEK SOUTH DRIVE EAST,1,1,0,0,1,3,0,,30,0,0,0,0,1,4,2,12
,2017_62010,39.760299,-105.025293,9/8/2017 12:26,12:26,5,0,0,SPEER BOULEVARD NORTH & FEDERAL BOULEVARD,1,1,1,0,3,5,0,,,0,0,0,0,0,4,1,13
,2017_62011,39.783609,-104.7913916,9/8/2017 12:35,12:35,12,0,0,PENA BOULEVARD 4700 BLOCK & GREEN VALLEY RANCH BOULEVARD,1,1,0,0,1,4,0,,65,0,0,0,0,0,4,2,3
,2017_62012,39.758346,-104.9305635,9/8/2017 13:12,13:12,3,0,2,29TH AVENUE EAST & EUDORA STREET NORTH,1,1,0,0,1,1,0,,25,0,0,0,0,2,4,2,13
,2017_62013,39.716577,-105.0001965,9/8/2017 13:12,13:12,6,0,0,ELLSWORTH AVENUE WEST 900 BLOCK & KALAMATH STREET SOUTH,1,1,0,0,1,4,0,,25,0,0,0,0,0,4,2,14
,2017_62014,39.738375,-104.9622525,9/8/2017 13:20,13:20,3,0,0,14TH AVENUE EAST & VINE STREET NORTH,1,1,0,0,1,1,0,,30,0,0,0,0,0,4,2,13
,2017_62015,39.79277099,-104.9428621,9/8/2017 14:00,14:00,6,0,0,JACKSON STREET & 1058 NORTH,1,1,0,0,1,4,0,,25,0,0,0,0,0,4,2,13
,2017_62016,39.667626,-104.912964,9/8/2017 14:00,14:00,1,0,0,MONACO STREET SOUTH & YALE AVENUE EAST,1,1,0,0,1,1,0,,30,0,0,0,0,0,4,2,13
,2017_62017,39.77490155,-105.0322724,9/8/2017 14:31,14:31,3,0,0,KNOX COURT 3400 BLOCK SOUTH & HAMPDEN AVENUE WEST,1,1,0,0,1,1,0,,25,0,0,0,0,0,4,2,14
,2017_62018,39.711141,-104.9863905,9/8/2017 15:09,15:09,15,0,0,ALAMEDA AVENUE EAST & LINCOLN STREET SOUTH,1,1,0,0,1,4,1,,30,0,0,0,0,0,4,2,13
,2017_62019,39.691134,-104.9734215,9/8/2017 15:31,15:31,3,0,0,ARKANSAS AVENUE EAST & DOWNING STREET SOUTH,1,1,0,0,1,3,0,,25,0,0,0,0,1,4,2,14
,2017_62020,39.725631,-104.9874435,9/8/2017 16:00,16:00,15,0,0,SIXTH AVENUE 000 BLOCK WEST & BROADWAY STREET NORTH,1,1,0,0,1,4,0,,30,0,0,0,0,0,4,2,3
,2017_62021,39.785616,-105.033375,9/8/2017 16:05,16:05,6,0,0,49TH AVENUE WEST & KING STREET NORTH,1,1,0,0,1,4,0,,30,0,0,0,0,0,4,2,13
,2017_62022,39.700224,-104.921613,9/8/2017 16:07,16:07,3,0,0,KENTUCKY AVENUE EAST & HOLLY STREET SOUTH,1,1,0,0,1,1,0,,30,0,0,0,0,0,4,2,16
,2017_62023,39.678444,-104.9579415,9/8/2017 17:50,17:50,3,0,0,EVANS AVENUE EAST & JOSEPHINE STREET SOUTH,1,1,0,0,1,1,0,,35,0,0,0,0,0,4,2,16
,2017_62024,39.678516,-105.0017625,9/8/2017 17:51,17:51,12,0,0,EVANS AVENUE WEST & LIPAN STREET SOUTH,1,1,1,0,1,4,0,,35,0,0,0,0,1,4,2,10
,2017_62025,39.738672,-104.9093505,9/8/2017 19:25,19:25,5,0,0,14TH AVENUE EAST & NEWPORT STREET NORTH,1,2,0,0,2,3,0,,30,0,0,0,0,0,4,1,5
,2017_62026,39.733623,-104.9941215,9/8/2017 19:30,19:30,10,0,0,11TH AVENUE WEST & SPEER BOULEVARD NORTH,1,3,0,0,1,1,0,,30,0,0,0,0,0,4,2,13
,2017_62027,39.78204749,-104.9269322,9/8/2017 19:50,19:50,12,0,0,FOREST STREET NORTH 4700 BLOCK & 48TH AVENUE EAST,1,2,0,0,1,4,0,,15,0,0,0,0,0,4,2,13
,2017_62028,39.782358,-104.8589955,9/8/2017 21:09,21:09,3,0,2,KINGSTON STREET NORTH & 47TH AVENUE EAST,1,3,0,0,1,1,0,,45,0,0,0,0,2,4,2,14
,2017_62029,39.684987,-104.9035905,9/8/2017 21:34,21:34,3,0,0,QUEBEC STREET SOUTH & CHERRY CREEK SOUTH DRIVE EAST,2,3,0,0,1,1,0,,30,0,0,0,0,1,4,2,13
,2017_62030,39.738366,-104.9598225,9/8/2017 23:20,23:20,6,0,0,14TH AVENUE EAST & YORK STREET NORTH,1,3,0,0,1,4,0,,30,0,0,0,0,0,4,3,5
,2017_62031,39.762009,-105.009372,9/8/2017 23:35,23:35,3,0,0,18TH STREET & 32ND AVENUE WEST,1,3,1,0,1,1,0,,1,0,0,0,0,0,4,2,13
,2017_62032,39.730464,-104.970636,9/9/2017 2:10,2:10,6,0,1,FAFAYETTE STREET NORTH 900 BLOCK & NINTH AVENUE EAST,1,4,0,0,1,4,0,,,0,0,0,0,2,4,8,5
,2017_62033,39.736863,-104.9718555,9/9/2017 7:45,7:45,3,0,0,13TH AVENUE EAST & MARION STREET NORTH,1,1,0,7,1,1,0,,25,0,0,0,0,0,4,2,8
,2017_62034,39.67844667,-104.9972104,9/9/2017 8:25,8:25,15,0,0,EVANS AVENUE WEST & 3000 BLOCK,1,1,1,0,1,2,0,,30,0,0,0,0,0,4,2,1
,2017_62035,39.754836,-105.023601,9/9/2017 9:53,9:53,14,0,0,26TH AVENUE WEST & ELIOT STREET NORTH,1,1,0,0,1,2,0,,30,0,0,0,0,0,4,2,13
,2017_62036,39.740085,-104.9034735,9/9/2017 10:36,10:36,12,0,0,QUEBEC STREET 1500 BLOCK NORTH & COLFAX AVENUE EAST,1,1,0,0,1,3,0,,30,0,0,0,0,0,4,2,16
,2017_62037,39.744774,-104.9598225,9/9/2017 11:05,11:05,3,0,0,18TH AVENUE EAST & YORK STREET NORTH,1,1,0,0,1,1,0,,30,0,0,0,0,0,4,2,13
,2017_62038,39.769506,-105.0330735,9/9/2017 12:56,12:56,3,0,0,38TH AVENUE WEST & KING / LOWELL BOULEVARD NORTH ALLEY,1,1,0,0,1,5,0,,35,0,0,0,0,0,4,2,13
,2017_62039,39.715362,-104.894451,9/9/2017 13:44,13:44,15,0,0,FAIRMOUNT DRIVE 8000 BLOCK EAST & SPORT BOULEVARD EAST,1,1,0,0,1,4,0,,30,0,0,0,1,1,4,2,14
,2017_62040,39.798234,-104.7721815,9/9/2017 16:00,16:00,1,0,1,56TH AVENUE EAST & TOWER ROAD NORTH,1,1,0,0,1,1,0,,40,0,0,0,0,2,4,3,12
,2017_62041,39.83797287,-104.7013859,10/8/2017 21:29,21:29,5,0,0,78TH AVENUE EAST & 23520 BLOCK,2,3,0,0,2,2,0,,45,0,0,0,0,0,4,1,8
,2017_62042,39.678426,-104.9395905,9/9/2017 16:05,16:05,1,0,0,EVANS AVENUE EAST & ALBION STREET SOUTH,1,1,0,0,1,1,0,,35,0,0,0,0,0,4,2,13
,2017_62043,39.790107,-104.8660335,9/9/2017 19:25,19:25,10,0,0,51ST AVENUE EAST & HAVANA STREET NORTH,1,3,0,0,1,1,0,,40,0,0,0,0,0,4,2,13
,2017_62044,39.742263,-104.9993505,9/9/2017 20:30,20:30,15,0,0,SPEER BOULEVARD & CHAMPA STREET,1,3,0,0,1,4,0,,35,0,0,0,0,0,4,2,3
,2017_62045,39.742263,-104.9993505,9/9/2017 20:30,20:30,15,0,0,SPEER BOULEVARD 900 BLOCK NORTH & CHAMPA STREET,1,3,0,0,1,4,0,,35,0,0,0,0,0,4,2,3
,2017_62046,39.760317,-105.0322635,9/9/2017 20:45,20:45,6,0,0,JULIAN STREET NORTH & 30TH AVENUE WEST,1,4,0,0,1,4,0,,20,0,0,0,0,0,4,2,13
,2017_62047,39.75417,-104.9893335,9/9/2017 23:15,23:15,3,0,0,22ND STREET & LAWRENCE STREET,1,3,0,0,1,1,0,,30,0,0,0,0,0,4,2,13
,2017_62048,39.725334,-104.912793,9/10/2017 1:19,1:19,3,0,0,SIXTH AVENUE EAST & MONACO STREET NORTH,1,3,0,0,1,1,0,,30,0,0,0,0,1,4,2,1
,2017_62049,39.74013796,-104.9950591,9/10/2017 2:05,2:05,6,0,0,GLENARM PLACE 1200 BLOCK & 13TH STREET,1,3,0,0,1,4,0,,25,0,0,0,0,0,4,2,13
,2017_62050,39.725694,-104.9985945,9/10/2017 6:55,6:55,3,0,1,SIXTH AVENUE WEST & SANTA FE DRIVE NORTH,1,1,0,0,1,1,0,,35,0,0,0,0,2,4,2,13
,2017_62051,39.77214943,-105.0205018,9/10/2017 8:00,8:00,6,0,0,CLAY STREET NORTH & 4200 BLOCK,1,2,0,0,1,4,0,,,0,0,0,0,0,4,2,13
,2017_62052,39.759876,-104.890752,9/10/2017 8:15,8:15,3,0,0,MLK BOULEVARD EAST & CENTRAL PARK BOULEVARD NORTH,1,1,0,0,1,1,0,,35,0,0,0,0,1,4,2,14
,2017_62053,39.770523,-105.002964,9/10/2017 9:00,9:00,6,0,0,MARIPOSA STREET NORTH & 39TH AVENUE WEST,1,4,0,0,1,4,0,,25,0,0,0,0,0,4,2,13
,2017_62054,39.7720485,-104.9118975,9/10/2017 10:19,10:19,6,0,1,MAGNOLIA STREET NORTH & 2600 BLOCK,1,1,1,0,1,4,0,,25,0,0,0,0,2,4,2,10
,2017_62055,39.780135,-104.985783,9/10/2017 12:25,12:25,12,0,0,LINCOLN STREET NORTH & 46TH AVENUE EAST,1,1,0,0,1,1,0,,30,0,0,0,0,0,4,2,13
,2017_62056,39.772962,-104.975442,9/10/2017 13:19,13:19,3,0,0,38TH AVENUE EAST & BRIGHTON BOULEVARD NORTH,1,1,0,0,1,1,0,,25,0,0,0,0,0,4,2,12
,2017_62057,39.773178,-104.809932,9/11/2017 11:45,11:45,12,0,0,CHAMBERS ROAD NORTH & 40TH AVENUE EAST,1,1,0,0,1,3,0,,35,0,0,0,0,0,4,2,7
,2017_62058,39.725631,-104.9874435,9/10/2017 13:33,13:33,12,0,0,SIXTH AVENUE 0000 BLOCK EAST & BROADWAY STREET NORTH,1,1,0,0,1,4,0,,25,0,0,0,0,0,4,2,3
,2017_62059,39.730482,-104.960223,9/10/2017 14:49,14:49,10,0,0,YORK STREET NORTH & NINTH AVENUE EAST,1,1,0,0,1,2,0,,30,0,0,0,0,0,4,2,8
,2017_62060,39.735252,-104.991696,9/10/2017 16:06,16:06,12,0,0,12TH AVENUE WEST & CHEROKEE STREET NORTH,1,1,0,0,1,1,0,,25,0,0,0,0,0,4,2,13
,2017_62061,39.770199,-104.964372,9/27/2017 10:52,10:52,4,0,0,HIGH STREET 3800 BLOCK NORTH & 38TH AVENUE EAST,1,1,0,1,1,4,0,,25,0,0,0,0,0,4,1,16
,2017_62062,39.746169,-104.9775435,9/10/2017 17:13,17:13,3,0,0,19TH AVENUE EAST & CLARKSON STREET NORTH,1,1,0,0,1,1,0,,35,0,0,0,0,1,4,2,14
,2017_62063,39.746106,-104.9909715,9/10/2017 18:45,18:45,6,0,0,CALIFORNIA STREET & 17TH STREET,1,3,0,0,1,4,0,,,0,0,0,0,0,4,2,13
,2017_62064,39.783762,-104.798043,9/10/2017 19:15,19:15,12,0,0,GREEN VALLEY RANCH BOULEVARD 16300 BLOCK EAST & MEMPHIS STREET NORTH,1,2,0,0,1,4,0,,45,0,0,0,0,1,4,3,1
,2017_62065,39.778326,-104.985864,9/10/2017 20:19,20:19,8,0,0,45TH AVENUE EAST & LINCOLN STREET NORTH,1,3,0,0,1,1,0,,25,0,0,0,0,0,4,2,13
,2017_62066,39.65481,-105.064011,9/10/2017 23:11,23:11,6,0,0,IVAN WAY SOUTH & GIRARD AVENUE WEST,1,3,1,0,1,4,0,,30,0,0,0,0,0,4,2,2
,2017_62067,39.725649,-105.005763,9/10/2017 23:23,23:23,5,0,1,SIXTH AVENUE WEST & OSAGE STREET NORTH 1400 BLOCK,1,3,0,0,2,4,0,,45,0,0,0,0,2,4,1,5
,2017_62068,39.775032,-104.809923,9/11/2017 5:50,5:50,12,0,0,CHAMBERS ROAD 4500 BLOCK NORTH & ANDREWS DRIVE,1,4,0,7,1,4,0,,30,0,0,0,0,0,4,2,16
,2017_62069,39.761964,-104.903451,9/11/2017 6:00,6:00,3,0,0,QUEBEC STREET NORTH & MLK BOULEVARD EAST,1,2,0,0,1,1,0,,35,0,0,0,0,0,4,2,8
,2017_62070,39.752001,-104.9938155,9/11/2017 6:50,6:50,15,0,1,19TH STREET & LARIMER STREET,1,1,0,0,1,1,0,,30,0,0,0,1,2,4,2,13
,2017_62071,39.775032,-104.809923,9/11/2017 6:51,6:51,12,0,0,CHAMBERS ROAD 4400 BLOCK NORTH & ANDREWS DRIVE,1,1,0,0,1,4,0,,30,0,0,0,0,0,4,2,13
,2017_62072,39.700404,-105.0486705,9/11/2017 7:25,7:25,3,0,0,WOLFF STREET & KENTUCKY AVENUE,1,1,0,0,1,1,0,,35,0,0,0,0,1,4,2,13
,2017_62073,39.75471,-105.0153525,9/11/2017 7:40,7:40,12,0,0,ZUNI STREET 2600 BLOCK NORTH & 27TH AVENUE,1,1,0,0,1,4,0,,30,0,0,0,0,1,4,3,13
,2017_62074,39.783618,-104.777595,9/11/2017 7:50,7:50,12,0,0,GREEN VALLEY RANCH BOULEVARD 17700 BLOCK EAST & WALDEN STREET,1,1,0,0,1,4,0,,30,0,0,0,0,0,4,2,14
,2017_62075,39.71835,-104.962041,9/11/2017 8:23,8:23,12,0,0,FIRST AVENUE EAST & VINE STREET NORTH,1,1,0,0,1,4,0,,30,0,0,0,0,0,4,3,13
,2017_62076,39.775608,-104.9031405,9/11/2017 9:00,9:00,15,0,0,QUEBEC STREET 4200 BLOCK NORTH & I70 EASTBOUND RAMPS,1,1,1,0,1,4,0,,40,0,0,0,0,0,4,2,13
,2017_62077,39.76533298,-105.03929,9/11/2017 9:15,9:15,12,0,0,PERRY STREET NORTH & 1200 BLOCK,1,1,1,0,1,3,0,,25,0,0,0,0,0,4,2,13
,2017_62078,39.696624,-104.9874525,9/11/2017 9:17,9:17,12,0,0,BROADWAY STREET SOUTH & MISSISSIPPI AVENUE EAST,1,1,0,0,1,1,0,,30,0,0,0,0,0,4,2,13
,2017_62079,39.834405,-104.715504,10/6/2017 15:50,15:50,5,0,0,PENA BOULEVARD & GUN CLUB ROAD NORTH,1,1,0,0,1,4,0,,55,0,0,0,0,0,4,1,13
,2017_62080,39.762459,-104.897601,9/11/2017 10:02,10:02,6,0,0,SPRUCE STREET NORTH & 1920 BLOCK,1,1,0,0,1,4,0,,25,0,0,0,0,0,4,3,10
,2017_62081,39.778335,-104.9793615,9/11/2017 10:33,10:33,15,0,0,WASHINGTON STREET NORTH & 45TH AVENUE WEST,1,1,0,0,1,4,0,,35,0,0,0,0,0,4,2,13
,2017_62082,39.766824,-105.0064515,10/11/2017 3:25,3:25,6,0,0,PECOS STREET 3620 NORTH & 36TH AVENUE WEST,1,3,1,0,1,4,0,,30,0,0,0,0,0,4,3,13
,2017_62083,39.725658,-104.9891625,9/11/2017 11:00,11:00,15,0,0,SIXTH AVENUE 100 BLOCK WEST & ACOMA STREET NORTH,1,1,0,0,1,4,0,,30,0,0,0,0,0,4,2,13
,2017_62084,39.720924,-104.9875065,9/11/2017 11:21,11:21,12,0,0,BROADWAY STREET NORTH & THIRD AVENUE EAST,1,1,0,0,1,4,0,,30,0,0,0,0,0,4,2,13
,2017_62085,39.786219,-104.8469715,9/12/2017 16:11,16:11,1,0,0,PEORIA STREET NORTH & ANDREWS DRIVE EAST,1,1,0,0,1,1,0,,35,0,0,0,0,0,4,2,13
,2017_62086,39.743253,-104.981103,9/11/2017 11:55,11:55,1,0,0,17TH AVENUE EAST & PENNSYLVANIA STREET NORTH,1,1,0,0,1,1,0,,25,0,0,0,0,1,4,2,13
,2017_62087,39.741318,-104.9919615,9/11/2017 12:05,12:05,12,0,0,TREMONT PLACE & 14TH STREET,1,1,0,0,1,1,0,,30,0,0,0,0,0,4,2,13
,2017_62088,39.729087,-104.986152,9/11/2017 12:05,12:05,3,0,0,LINCOLN STREET NORTH & EIGHTH AVENUE EAST,1,1,1,0,1,1,0,,30,0,0,0,0,0,4,2,4
,2017_62089,39.769443,-104.95926,9/11/2017 13:03,13:03,12,0,1,YORK STREET 3800 BLOCK NORTH & 40TH AVENUE EAST,1,1,0,0,1,4,0,,30,0,0,0,0,2,4,2,4