id,drcog_id,latitude,longitude,crashtime,time,crashtype,numbkilled,numbinjurd,drcoglocat,rdconditin,lightngcon,roadcntgrd,weatherco,location,roaddescrp,constrzone,schoolzone,splimit,bikeinv,pedinv,sctrinv,motoinv,svrty,rdsystem,ttlvehcls,hcf
,2017_62090,39.747348,-104.9998455,9/11/2017 13:30,13:30,15,0,0,LARIMER STREET 1400 & 14TH STREET,1,1,0,0,1,4,0,,25,0,0,0,0,0,4,2,13
,2017_62091,39.692952,-104.9687946,9/11/2017 14:24,14:24,10,0,0,BUTCHEL BOULEVARD EAST & LOUISIANA AVENUE EAST,1,1,0,0,1,1,0,,30,0,0,0,0,0,4,2,13
,2017_62092,39.797586,-104.8356135,9/30/2017 2:51,2:51,5,0,0,UVALDA STREET 5500 BLOCK NORTH & RANDOLPH PLACE EAST,1,3,0,0,3,4,0,,30,0,0,0,0,0,4,1,14
,2017_62093,39.729114,-104.959071,9/11/2017 15:01,15:01,3,0,0,JOSEPHINE STREET NORTH & EIGHTH AVENUE EAST,1,1,0,0,1,1,0,,30,0,0,0,0,1,4,2,8
,2017_62094,39.736863,-104.981085,9/23/2017 1:40,1:40,12,0,0,13TH AVENUE EAST 400 BLOCK & PENNSYLVANIA STREET NORTH,1,3,0,0,1,1,0,,,0,0,0,0,0,4,2,13
,2017_62095,39.752964,-105.008193,9/11/2017 16:43,16:43,12,0,0,SPEER BOULEVARD 2000 BLOCK NORTH & LITTLE RAVEN STREET,1,1,0,0,1,3,0,,35,0,0,0,0,0,4,2,13
,2017_62096,39.711348,-104.9035005,9/11/2017 17:02,17:02,10,0,0,QUEBEC STREET NORTH 200 BLOCK NORTH & ALAMEDA AVENUE EAST,1,1,0,0,1,1,0,,,0,0,0,0,0,4,2,13
,2017_62097,39.772755,-104.9593815,9/11/2017 17:30,17:30,12,0,0,YORK STREET NORTH & 40TH AVENUE EAST,1,1,0,0,1,3,0,,,0,0,0,0,0,4,2,13
,2017_62098,39.740085,-104.928084,9/18/2017 16:45,16:45,6,0,0,FAIRFAX STREET 1400 BLOCK NORTH & COLFAX AVENUE EAST,1,1,0,0,1,4,0,,25,0,0,0,0,0,4,2,13
,2017_62099,39.725316,-104.9348655,9/11/2017 17:31,17:31,3,0,0,SIXTH AVENUE EAST & CLERMONT STREET NORTH,1,1,0,0,1,1,0,,30,0,0,0,0,0,4,2,13
,2017_62100,39.747159,-104.9943015,9/11/2017 17:44,17:44,15,0,0,CURTIS STREET 1600 BLOCK & 16TH STREET,1,1,0,0,1,2,0,,25,0,0,0,0,0,4,2,8
,2017_62101,39.739995,-104.9598135,9/11/2017 18:08,18:08,12,0,0,YORK STREET 1500 BLOCK NORTH & COLFAX AVENUE EAST,1,1,0,7,1,4,0,,30,0,0,0,0,0,4,2,12
,2017_62102,39.729213,-104.936004,9/11/2017 18:30,18:30,6,0,0,BIRCH STREET NORTH & EIGHTH AVENUE EAST,1,3,0,0,1,2,0,,,0,0,0,0,0,4,2,13
,2017_62104,39.730608,-105.03999,9/11/2017 23:30,23:30,6,0,0,QUITMAN STREET NORTH & NINTH AVENUE WEST,1,3,0,0,1,4,0,,25,0,0,0,0,0,4,2,13
,2017_62105,39.759579,-105.0017805,9/12/2017 2:05,2:05,12,0,0,20TH STREET 2100 BLOCK & LITTLE RAVEN STREET,1,3,1,0,1,4,0,,35,0,0,0,0,0,4,2,5
,2017_62106,39.7506525,-104.9918916,9/12/2017 5:45,5:45,12,0,0,ARAPAHOE STREET 1900 BLOCK & 19TH STREET,1,3,0,0,1,1,0,,25,0,0,0,0,0,4,2,13
,2017_62107,39.72627,-105.0002055,9/12/2017 6:28,6:28,12,0,0,SIXTH AVENUE 900 BLOCK WEST & KALAMATH STREET NORTH,1,1,0,0,1,4,0,,35,0,0,0,0,0,4,2,3
,2017_62108,39.798396,-104.786415,9/12/2017 6:30,6:30,15,0,0,PENA BOULEVARD & 56TH AVENUE EAST ON RAMP TO PENA,1,1,1,0,1,8,0,,,0,0,0,0,0,4,2,13
,2017_62109,39.718197,-104.9558355,9/12/2017 6:55,6:55,1,0,1,FIRST AVENUE EAST & CLAYTON LANE NORTH,1,1,0,0,1,1,0,,30,0,0,0,0,2,4,2,1
,2017_62110,39.775032,-104.809923,9/12/2017 7:41,7:41,1,0,0,CHAMBERS ROAD NORTH & ANDREWS DRIVE EAST,1,1,0,0,1,1,0,,30,0,0,0,0,0,4,2,13
,2017_62111,39.79575783,-104.8397685,9/12/2017 8:00,8:00,14,0,0,TROY STREET NORTH & 3700 BLOCK,1,1,0,0,1,4,0,,25,0,0,0,0,0,4,2,2
,2017_62112,39.725694,-104.9975415,9/12/2017 8:03,8:03,3,0,0,SIXTH AVENUE WEST & INCA STREET NORTH,1,1,0,0,1,1,0,,25,0,0,0,0,0,4,2,8
,2017_62113,39.714966,-105.031233,9/12/2017 8:04,8:04,3,0,1,JULIAN STREET SOUTH & BAYAUD AVENUE WEST,1,1,1,0,1,1,0,,25,0,0,0,0,2,4,2,13
,2017_62114,39.758814,-104.983272,9/12/2017 8:20,8:20,3,0,0,27TH STREET & LAWRENCE STREET,1,1,0,0,1,1,0,,25,0,0,0,0,0,4,2,13
,2017_62115,39.700404,-105.0250905,9/12/2017 8:35,8:35,15,0,0,KENTUCKY AVENUE WEST 3100 BLOCK & FEDERAL BOULEVARD SOUTH,1,1,0,0,1,4,0,,25,0,0,0,0,0,4,2,1
,2017_62116,39.74337,-104.932071,9/12/2017 9:37,9:37,3,0,0,17TH AVENUE & DAHLIA STREET,1,1,0,0,1,1,0,,,0,0,0,0,1,4,2,3
,2017_62117,39.69675,-105.0127245,9/12/2017 9:51,9:51,3,0,0,MISSISSIPPI AVENUE WEST & TEJON STREET SOUTH,1,1,0,0,1,1,0,,35,0,0,0,0,0,4,2,13
,2017_62118,39.746106,-104.9909715,9/12/2017 10:19,10:19,15,0,0,17TH STREET 700 BLOCK & CALIFORNIA STREET,1,1,0,0,1,4,0,,25,0,0,0,0,0,4,2,13
,2017_62119,39.73895235,-105.028089,9/12/2017 12:26,12:26,14,0,0,14TH AVENUE WEST 3100 BLOCK & GROVE STREET NORTH,1,1,0,0,1,4,0,,30,0,0,0,0,1,4,2,14
,2017_62120,39.729717,-104.9912235,9/12/2017 12:40,12:40,12,0,0,SPEER BOULEVARD NORTH & BANNOCK STREET NORTH,1,1,0,0,1,1,0,,35,0,0,0,0,0,4,2,16
,2017_62121,39.760749,-104.959782,9/12/2017 12:50,12:50,10,0,0,31ST AVENUE EAST & YORK STREET NORTH,1,1,0,0,1,1,0,,30,0,0,0,0,0,4,2,13
,2017_62122,39.738366,-104.9598225,9/12/2017 13:10,13:10,15,0,0,14TH AVENUE EAST & YORK STREET NORTH,1,1,3,0,1,4,0,,35,0,0,0,0,0,4,2,16
,2017_62123,39.749445,-104.995323,9/12/2017 13:39,13:39,6,0,0,LAWRENCE STREET & 17TH STREET,1,1,0,0,1,4,0,,25,0,0,0,0,0,4,2,13
,2017_62124,39.750192,-105.0047415,9/12/2017 13:45,13:45,15,0,0,SPEER BOULEVARD NORTH & WEWATTA STREET,1,1,0,0,1,1,0,,35,0,0,0,0,0,4,2,16
,2017_62125,39.743226,-104.970906,9/12/2017 13:50,13:50,3,0,0,17TH AVENUE EAST & LAFAYETTE STREET NORTH,1,1,0,0,1,1,0,,30,0,0,0,0,0,4,2,16
,2017_62126,39.724146,-104.989203,9/12/2017 15:06,15:06,3,0,0,FIFTH AVENUE WEST & ACOMA STREET NORTH,1,1,0,0,1,1,0,,25,0,0,0,0,0,4,2,13
,2017_62127,39.774105,-104.882778,9/12/2017 15:18,15:18,12,0,0,CENTRAL PARK BL 3800 BLOCK NORTH & 40TH AVENUE EAST,1,1,1,0,1,4,0,,30,0,0,0,0,0,4,3,16
,2017_62128,39.667626,-104.912964,9/12/2017 16:16,16:16,3,0,0,YALE AVENUE EAST & MONACO STREET SOUTH,1,1,0,0,1,2,0,,25,0,0,0,0,0,4,2,8
,2017_62129,39.747429,-104.9128245,9/12/2017 16:18,16:18,12,0,0,MONACO STREET NORTH & MONTVIEW BOULEVARD EAST,1,1,0,0,1,4,0,,30,0,0,0,0,0,4,2,13
,2017_62130,39.776562,-105.0439815,9/12/2017 17:31,17:31,12,0,0,44TH AVENUE WEST 4300 BLOCK & TENNYSON STREET NORTH,1,1,0,0,1,4,0,,25,0,0,0,0,0,4,2,13
,2017_62131,39.687372,-104.903604,9/12/2017 17:38,17:38,12,0,0,QUEBEC STREET 1600 BLOCK SOUTH & IOWA AVENUE EAST,1,1,0,0,1,4,0,,35,0,0,0,0,0,4,2,13
,2017_62132,39.75471,-104.9128335,9/12/2017 17:47,17:47,5,0,0,MONACO STREET NORTH & 26TH AVENUE EAST,1,1,0,0,3,1,0,,30,0,0,0,0,0,4,1,8
,2017_62133,39.748617,-104.903451,9/12/2017 17:48,17:48,12,0,0,QUEBEC STREET NORTH & 21ST AVENUE EAST,1,1,0,0,1,4,0,,30,0,0,0,0,0,4,2,1
,2017_62134,39.739986,-104.986125,9/12/2017 17:52,17:52,15,0,0,LINCOLN STREET & COLFAX AVENUE EAST,1,1,0,0,1,4,0,,,0,0,0,0,0,4,2,13
,2017_62135,39.729222,-104.932782,9/12/2017 18:41,18:41,3,0,0,EIGHTH AVENUE EAST & DEXTER STREET NORTH,1,1,0,0,1,1,0,,30,0,0,0,0,0,4,2,1
,2017_62136,39.751614,-105.002991,9/12/2017 19:45,19:45,12,0,0,15TH STREET & WEWATTA STREET,1,3,0,0,1,4,0,,25,0,0,0,0,0,4,2,13
,2017_62138,39.678678,-105.0180255,9/13/2017 6:30,6:30,15,0,0,EVANS AVENUE 2400 BLOCK WEST & BRYANT STREET SOUTH,1,1,0,0,1,4,0,,40,0,0,0,0,0,4,2,13
,2017_62139,39.714957,-105.0373035,9/13/2017 7:00,7:00,6,0,0,NEWTON STREET 65 SOUTH & BAYAUD AVENUE WEST,1,1,1,0,1,4,0,,25,0,0,0,0,0,4,2,1
,2017_62140,39.667626,-104.912964,9/13/2017 7:05,7:05,1,0,0,YALE AVENUE EAST & MONACO STREET SOUTH,1,2,0,0,1,1,0,,30,0,0,0,0,0,4,2,2
,2017_62141,39.674835,-104.912973,9/13/2017 7:09,7:09,1,0,0,MONACO STREET SOUTH & ILIFF AVENUE EAST,1,1,0,0,1,1,0,,35,0,0,0,0,0,4,2,3
,2017_62142,39.786408,-104.847156,9/13/2017 7:11,7:11,12,0,0,PEORIA STREET NORTH & 49TH AVENUE EAST,1,1,0,0,1,1,0,,30,0,0,0,0,0,4,2,12
,2017_62143,39.670047,-104.912973,9/13/2017 7:30,7:30,15,0,0,MONACO STREET 2500 BLOCK SOUTH & LA SALLE PLACE EAST,1,1,1,0,1,4,0,,35,0,0,0,0,0,4,2,3
,2017_62144,39.83338151,-104.771988,9/13/2017 7:30,7:30,15,0,0,PENA BOULEVARD & TOWER ROAD NORTH EXIT RAMP,1,1,1,0,1,4,0,,,0,0,0,0,0,4,2,13
,2017_62145,39.696759,-105.0297615,9/30/2017 5:34,5:34,5,0,0,MISSISSIPPI AVENUE WEST & IRVING STREET SOUTH,1,3,0,0,3,1,0,,25,0,0,0,0,0,4,1,1
,2017_62146,39.725658,-104.9863095,9/13/2017 7:32,7:32,3,0,0,SIXTH AVENUE EAST & SPEER BOULEVARD EAST,1,1,0,0,1,1,0,,30,0,0,0,0,0,4,2,1
,2017_62147,39.68226,-105.025032,9/13/2017 8:03,8:03,15,0,0,JEWELL AVENUE 2900 BLOCK WEST & FEDERAL BOULEVARD SOUTH,1,1,0,0,1,4,0,,25,0,0,0,0,0,4,2,14
,2017_62148,39.729087,-104.987412,9/13/2017 8:05,8:05,12,0,0,EIGHTH AVENUE 010 BLOCK EAST & BROADWAY STREET NORTH,1,1,0,0,1,3,0,,30,0,0,0,0,0,4,2,12
,2017_62149,39.724137,-104.986314,9/13/2017 8:28,8:28,3,0,0,FIFTH AVENUE EAST & LINCOLN STREET NORTH,1,1,0,0,1,1,0,,30,0,0,0,0,0,4,2,13
,2017_62150,39.750714,-104.973354,10/13/2017 19:00,19:00,12,0,0,DOWNING STREET NORTH & 23RD AVENUE EAST,1,2,0,0,1,3,0,,,0,0,0,0,0,4,2,13
,2017_62151,39.68112911,-104.9734253,9/13/2017 8:50,8:50,12,0,0,DOWNING STREET SOUTH & 1400 BLOCK,1,1,1,0,1,1,0,,35,0,0,0,0,0,4,2,13
,2017_62152,39.75498,-104.995143,9/13/2017 8:50,8:50,12,0,0,20TH STREET 1500 BLOCK & WAZEE STREET,1,1,1,0,1,4,0,,35,0,0,0,0,0,4,2,13
,2017_62153,39.77621548,-104.917577,9/13/2017 10:29,10:29,12,0,0,KEARNEY STREET NORTH & 3990 BLOCK,1,1,0,0,1,2,0,,30,0,0,0,0,0,4,2,13
,2017_62154,39.724137,-104.9875065,9/13/2017 11:39,11:39,6,0,0,FIFTH STREET 1201 & FIFTH STREET METERS,1,1,0,0,1,4,0,,25,0,0,0,0,0,4,2,13
,2017_62155,39.750192,-105.0047415,9/13/2017 13:00,13:00,1,0,0,SPEER BOULEVARD NORTHBOUND & WEWATTA STREET,1,1,0,0,1,1,0,,35,0,0,0,0,1,4,2,1
,2017_62156,39.745755,-104.994423,9/13/2017 13:25,13:25,15,0,0,CHAMPA STREET 1500 BLOCK & 16TH STREET MALL,1,1,0,0,1,4,0,,25,0,0,0,0,0,4,2,16
,2017_62157,39.736404,-105.040764,9/13/2017 13:46,13:46,5,0,0,QUITMAN STREET NORTH 1295 BLOCK & 13TH AVENUE WEST,1,1,0,0,3,4,0,,15,0,0,0,0,0,4,1,13
,2017_62158,39.73383,-104.9902515,9/13/2017 14:30,14:30,1,0,0,11TH AVENUE WEST & BANNOCK STREET NORTH,1,1,0,0,1,1,0,,30,0,0,0,0,0,4,2,16
,2017_62159,39.740085,-104.9128065,9/13/2017 14:50,14:50,12,0,0,MONACO STREET 1500 BLOCK NORTH & COLFAX AVENUE EAST,1,1,0,0,1,4,0,,30,0,0,0,0,0,4,2,1
,2017_62160,39.75003,-105.0049305,9/13/2017 15:00,15:00,15,0,0,SPEER BOULEVARD 600 BLOCK NORTH & SPEER BOULEVARD EAST,1,1,0,7,1,4,0,,35,0,0,0,0,0,4,2,7
,2017_62161,39.73842,-104.9787315,9/13/2017 15:12,15:12,3,0,0,14TH AVENUE EAST & WASHINGTON STREET NORTH,1,1,0,0,1,1,0,,30,0,0,0,0,0,4,2,1
,2017_62162,39.772962,-104.975442,9/13/2017 15:40,15:40,1,0,0,38TH STREET & BRIGHTON BOULEVARD NORTH,1,1,0,0,1,2,0,,30,0,0,0,0,0,4,2,1
,2017_62163,39.798396,-104.7873105,9/13/2017 16:02,16:02,12,0,0,PENA BOULEVARD 5500 BLOCK NORTH & 56TH AVENUE EAST,1,1,0,0,1,4,0,,15,0,0,0,0,0,4,2,7
,2017_62164,39.759426,-104.9937435,9/13/2017 16:30,16:30,1,0,1,PARK AVENUE WEST & DELGANY STREET,1,1,0,0,1,1,0,,35,0,0,0,0,2,4,2,3
,2017_62166,39.711348,-104.9035005,9/13/2017 16:45,16:45,15,0,0,ALAMEDA AVENUE EAST & QUEBEC STREET SOUTH,1,1,0,0,1,3,0,,35,0,0,0,0,0,4,2,14
,2017_62167,39.711366,-104.912964,9/13/2017 17:00,17:00,12,0,0,ALAMEDA AVENUE EAST & MONACO STREET SOUTH,1,1,0,0,1,3,0,,30,0,0,0,0,1,4,2,13
,2017_62168,39.783474,-104.9732865,9/13/2017 17:52,17:52,5,0,0,NATIONAL WESTERN DRIVE & 47TH AVENUE EAST,1,1,1,0,2,5,0,,30,0,0,0,0,0,4,1,5
,2017_62169,39.753819,-105.032691,9/13/2017 18:00,18:00,6,0,0,KING STREET NORTH 2500 BLOCK & 26TH AVENUE WEST,1,1,0,0,1,4,0,,,0,0,0,0,0,4,2,13
,2017_62170,39.74326881,-104.9981263,11/20/2017 7:35,7:35,12,0,0,CHAMPA STREET & 2800 BLOCK,1,1,0,0,1,3,0,,,0,0,0,0,0,4,2,13
,2017_62171,39.778722,-104.9222925,9/13/2017 20:00,20:00,3,0,0,HOLLY STREET NORTH & STAPLETON NORTH DRIVE EAST,1,3,0,0,1,1,0,,30,0,0,0,0,0,4,2,8
,2017_62172,39.713049,-105.0121935,9/13/2017 22:10,22:10,6,0,0,BYERS DRIVE WEST 2100 BLOCK & CEDAR AVENUE WEST,1,3,3,0,1,4,0,,,0,0,0,0,0,4,3,13
,2017_62173,39.718179,-104.959314,9/13/2017 23:00,23:00,12,0,0,FIRST AVENUE EAST & UNIVERSITY BOULEVARD NORTH,1,3,0,0,1,1,0,,30,0,0,0,0,0,4,2,13
,2017_62174,39.682305,-105.0133635,9/14/2017 0:13,0:13,12,0,0,JEWELL AVENUE WEST & VALLEJO STREET SOUTH,1,3,0,0,1,1,0,,25,0,0,0,0,0,4,2,13
,2017_62175,39.735333,-105.0414525,9/14/2017 0:36,0:36,6,0,0,RALEIGH STREET NORTH 1200 BLOCK & 13TH AVENUE WEST,1,3,0,0,1,4,0,,25,0,0,0,0,0,4,2,5
,2017_62176,39.69675,-105.0227055,9/14/2017 15:58,15:58,5,0,0,DECATUR STREET SOUTH & MISSISSIPPI AVENUE WEST,1,1,0,0,2,3,0,,15,0,0,0,0,0,4,1,7
,2017_62177,39.798396,-104.786415,9/14/2017 7:30,7:30,12,0,0,56TH AVENUE EAST & PENA BOULEVARD NORTH,1,1,0,0,1,4,0,,40,0,0,0,0,0,4,4,13
,2017_62178,39.760749,-104.959782,9/14/2017 8:14,8:14,12,0,0,31ST AVENUE 2300 BLOCK EAST & YORK STREET NORTH,1,1,0,0,1,4,0,,30,0,0,0,0,0,4,2,16
,2017_62179,39.73383,-104.9902515,9/14/2017 9:14,9:14,12,0,0,11TH AVENUE 200 BLOCK WEST & BANNOCK STREET NORTH,1,1,0,0,1,4,0,,25,0,0,0,0,0,4,2,13
,2017_62180,39.83338151,-104.771988,9/14/2017 9:50,9:50,5,0,0,PENA BOULEVARD 6900 BLOCK & TOWER ROAD,1,1,1,0,2,4,0,,55,0,0,0,0,0,4,1,13
,2017_62181,39.709692,-104.912802,9/14/2017 10:06,10:06,15,0,0,MONACO STREET 400 BLOCK SOUTH & NEVADA PLACE EAST,1,1,0,7,1,4,0,,25,0,0,0,0,0,4,2,14
,2017_62182,39.75696,-104.9585625,9/14/2017 10:38,10:38,6,0,0,28TH AVENUE EAST 2400 BLOCK & JOSEPHINE STREET NORTH,1,1,0,0,1,4,0,,25,0,0,0,0,0,4,2,13
,2017_62183,39.762009,-105.0189705,10/25/2017 13:09,13:09,6,0,0,32ND AVENUE WEST & BRYANT STREET,1,1,0,0,1,4,0,,25,0,0,0,0,0,4,2,13
,2017_62184,39.766653,-104.9765805,9/14/2017 11:39,11:39,3,0,0,34TH STREET & WALNUT STREET,1,1,0,7,1,1,0,,25,0,0,0,0,0,4,2,16
,2017_62185,39.778326,-104.985864,9/14/2017 13:00,13:00,3,0,0,45TH AVENUE EAST & LINCOLN STREET NORTH,1,1,0,0,1,1,0,,30,0,0,0,0,0,4,2,14
,2017_62186,39.711366,-104.912964,9/14/2017 13:40,13:40,10,0,0,ALAMEDA AVENUE EAST & MONACO STREET SOUTH,1,1,0,0,1,1,0,,,0,0,0,0,0,4,2,13
,2017_62187,39.783816,-104.7816855,9/14/2017 14:45,14:45,12,0,0,GREEN VALLEY RANCH BOULEVARD 17000 BLOCK EAST & TELLURIDE STREET,1,1,0,7,1,4,0,,40,0,0,0,0,0,4,2,12
,2017_62188,39.752343,-105.007563,9/14/2017 15:53,15:53,12,0,0,SPEER BOULEVARD 2000 BLOCK NORTH & ELITCH CIRCLE,1,1,0,7,1,4,0,,35,0,0,0,0,1,4,2,16
,2017_62189,39.7305,-104.959215,9/14/2017 17:11,17:11,6,0,0,JOSEPHINE STREET NORTH & NINTH AVENUE EAST,1,1,1,0,1,4,0,,30,0,0,0,0,0,4,2,3
,2017_62190,39.667626,-104.912964,9/14/2017 17:11,17:11,12,0,0,MONACO STREET SOUTH & YALE AVENUE EAST,1,1,0,7,1,4,0,,30,0,0,0,0,1,4,2,7
,2017_62191,39.673008,-104.9593905,9/14/2017 18:06,18:06,15,0,0,UNIVERSITY 2400 BLOCK SOUTH & WESLEY AVENUE  EAST,1,1,1,0,1,4,0,,30,0,0,0,0,0,4,2,14
,2017_62192,39.741669,-104.9873715,9/14/2017 23:47,23:47,10,0,0,BROADWAY STREET NORTH & 16TH AVENUE WEST,1,3,1,0,1,1,0,,35,0,0,0,0,0,4,2,15
,2017_62193,39.747456,-104.884695,9/15/2017 6:10,6:10,15,0,0,CENTRAL PARK BOULEVARD NORTH & MONTVIEW BOULEVARD EAST,1,1,0,0,1,1,0,,30,0,0,0,0,0,4,2,13
,2017_62194,39.678507,-104.973444,9/15/2017 7:23,7:23,3,0,0,EVANS AVENUE EAST & DOWNING STREET SOUTH,1,1,0,0,1,1,0,,35,0,0,0,0,1,4,2,14
,2017_62195,39.71304,-105.015681,9/15/2017 8:03,8:03,6,0,0,ZUNI STREET SOUTH 100 BLOCK & CEDAR STREET WEST,1,1,1,0,1,4,0,,25,0,0,0,0,0,4,2,13
,2017_62196,39.794274,-104.831271,9/15/2017 8:06,8:06,3,0,0,MAXWELL STREET EAST & WORCHESTER STREET NORTH,1,1,0,0,1,1,0,,25,0,0,0,0,0,4,2,13
,2017_62197,39.782385,-104.847093,9/15/2017 9:10,9:10,3,0,0,47TH AVENUE 12000 BLOCK EAST & PEORIA STREET NORTH,1,1,0,0,1,2,0,,30,0,0,0,0,1,4,2,13
,2017_62198,39.783879,-104.8117905,9/16/2017 8:50,8:50,15,0,0,GATEWAY AVENUE EAST & FRASER WAY NORTH,1,1,0,0,1,3,0,,35,0,0,0,0,0,4,2,7
,2017_62199,39.838059,-104.7154635,9/15/2017 9:50,9:50,12,0,0,GUN CLUB ROAD 7600 BLOCK & 78TH AVENUE EAST,1,1,0,0,1,4,0,,35,0,0,0,0,1,4,2,10
,2017_62200,39.747429,-104.897574,9/15/2017 11:00,11:00,3,0,0,MONTVIEW BOULEVARD EAST & SPRUCE STREET NORTH,1,1,0,0,1,1,0,,25,0,0,0,0,0,4,2,7
,2017_62201,39.761973,-104.905773,9/15/2017 11:53,11:53,12,0,0,PONTIAC STREET NORTH & MLK BOULEVARD EAST,1,1,0,0,1,1,0,,25,0,0,0,0,0,4,2,13
,2017_62202,39.760038,-104.865813,9/15/2017 12:45,12:45,12,0,0,MLK BOULEVARD 10500 BLOCK EAST & HAVANA STREET NORTH,1,1,0,0,1,4,0,,30,0,0,0,0,0,4,2,1
,2017_62203,39.732957,-105.0362325,9/16/2017 13:56,13:56,10,0,0,10TH AVENUE WEST & MEADE STREET NORTH,1,1,0,0,1,1,0,,,0,0,0,0,1,4,2,13
,2017_62204,39.70386,-104.903496,9/15/2017 14:12,14:12,15,0,0,QUEBEC STREET 800 BLOCK SOUTH & EXPOSITION AVENUE EAST,1,1,0,0,1,4,0,,30,0,0,0,0,0,4,2,14
,2017_62205,39.689523,-105.045192,9/15/2017 15:10,15:10,12,0,0,FLORIDA AVENUE WEST & UTICA STREET SOUTH,1,5,0,0,1,3,0,,30,0,0,0,0,0,4,2,4
,2017_62206,39.667644,-104.968791,9/15/2017 15:18,15:18,3,0,0,FRANKLIN STREET SOUTH & YALE AVENUE EAST,1,1,0,0,1,1,0,,25,0,0,0,0,0,4,2,16
,2017_62207,39.737439,-104.903082,9/15/2017 15:45,15:45,12,0,0,QUEBEC STREET 1300 BLOCK NORTH & 13TH AVENUE EAST,1,1,0,0,1,4,0,,30,0,0,0,0,1,4,2,7
,2017_62209,39.725649,-104.986314,9/15/2017 16:20,16:20,15,0,0,LINCOLN STREET NORTH & SPEER BOULEVARD EAST,1,1,0,0,1,2,0,,30,0,0,0,0,0,4,2,13
,2017_62210,39.79818,-104.845023,9/15/2017 16:31,16:31,12,0,0,56TH AVENUE 12300 BLOCK EAST & QUENTIN STREET NORTH,1,1,0,0,1,4,0,,45,0,0,0,0,0,4,2,3
,2017_62211,39.667626,-104.9036175,9/15/2017 16:33,16:33,1,0,0,YALE AVENUE EAST & QUEBEC STREET SOUTH,1,1,0,0,1,1,0,,30,0,0,0,0,0,4,2,13
,2017_62212,39.689379,-104.9804415,9/19/2017 18:40,18:40,6,0,0,PEARL STREET SOUTH 1400 BLOCK & FLORIDA AVENUE EAST,1,2,0,0,1,4,0,,20,0,0,0,0,0,4,2,13
,2017_62213,39.729717,-104.9912235,9/28/2017 0:10,0:10,3,0,0,BANNOCK STREET NORTH & SPEER BOULEVARD NORTH,2,3,0,1,1,1,0,,,0,0,0,0,0,4,2,13
,2017_62214,39.743784,-104.9500395,9/15/2017 17:32,17:32,1,0,1,17TH AVENUE EAST & STEELE STREET NORTH,2,1,0,0,1,1,0,,30,0,0,0,0,2,4,2,13
,2017_62215,39.756123,-104.979771,9/15/2017 17:50,17:50,3,0,0,27TH STREET & STOUT STREET,1,1,0,0,1,1,0,,25,0,0,0,0,0,4,2,5
,2017_62216,39.749571,-104.9882535,9/15/2017 17:57,17:57,15,0,0,20TH STREET & STOUT STREET,1,1,0,0,1,1,0,,35,0,0,0,0,0,4,3,13
,2017_62217,39.711105,-104.97924,9/15/2017 18:21,18:21,3,0,0,WASHINGTON SOUTH & ALAMEDA AVENUE EAST,1,1,0,7,1,1,0,,30,0,0,0,0,0,4,2,16
,2017_62218,39.705525,-105.040863,9/15/2017 18:23,18:23,12,0,0,MORRISON ROAD & QUITMAN STREET SOUTH,1,1,0,0,1,4,0,,30,0,0,0,0,0,4,2,1
,2017_62219,39.687516,-104.9593725,9/15/2017 18:41,18:41,12,0,0,UNIVERSITY BOULEVARD 1600 BLOCK SOUTH & IOWA AVENUE EAST,1,2,0,7,1,4,0,,30,0,0,0,0,0,4,2,16
,2017_62220,39.757986,-104.903451,9/15/2017 19:45,19:45,12,0,0,QUEBEC STREET NORTH & 29TH AVENUE EAST,1,3,0,0,1,4,0,,,0,0,0,0,0,4,3,8
,2017_62221,39.756285,-104.984262,9/15/2017 19:53,19:53,6,0,0,ARAPAHOE STREET 2500 BLOCK & 26TH STREET,1,3,0,0,1,4,0,,25,0,0,0,0,0,4,2,13
,2017_62222,39.678435,-104.9352615,9/15/2017 20:00,20:00,1,0,0,EVANS AVENUE 4400 BLOCK EAST & CLERMONT STREET SOUTH,1,3,0,0,1,3,0,,30,0,0,0,0,1,4,2,8
,2017_62223,39.83338151,-104.771988,9/15/2017 22:25,22:25,12,0,0,PENA BOULEVARD 6500 BLOCK & TOWER ROAD,1,3,1,0,1,4,0,,65,0,0,0,0,0,4,2,13
,2017_62224,39.76741353,-104.9234221,9/16/2017 0:22,0:22,6,0,0,HUDSON STREET & 3200 BLOCK NORTH,1,3,0,0,1,4,0,,30,0,0,0,0,0,4,2,13
,2017_62225,39.759507,-104.969655,9/16/2017 1:59,1:59,3,0,0,30TH AVENUE EAST & HUMBOLDT STREET NORTH,1,3,0,0,1,1,0,,30,0,0,0,0,0,4,2,13
,2017_62226,39.757653,-104.998635,9/16/2017 2:15,2:15,12,0,0,CHESTNUT PLACE & 20TH STREET,1,3,1,0,1,4,0,,25,0,0,0,0,1,4,2,13
,2017_62227,39.689469,-105.036714,9/16/2017 2:59,2:59,5,0,1,FLORIDA AVENUE & NEWTON STREET SOUTH,1,3,0,0,3,4,0,,35,0,0,0,0,2,4,1,5
,2017_62228,39.761964,-104.903451,9/16/2017 13:25,13:25,12,0,0,MARTIN LUTHER KING BOULEVARD EAST & QUEBEC STREET NORTH,1,1,0,0,1,1,0,,45,0,0,0,0,1,4,2,8