id,drcog_id,latitude,longitude,crashtime,time,crashtype,numbkilled,numbinjurd,drcoglocat,rdconditin,lightngcon,roadcntgrd,weatherco,location,roaddescrp,constrzone,schoolzone,splimit,bikeinv,pedinv,sctrinv,motoinv,svrty,rdsystem,ttlvehcls,hcf
,2017_62229,39.763224,-105.004134,9/16/2017 13:30,13:30,6,0,0,33RD AVENUE WEST 1300 BLOCK & NAVAJO STREET NORTH,1,1,0,0,1,5,0,,,0,0,0,0,0,4,2,13
,2017_62230,39.735162,-104.971824,9/16/2017 14:00,14:00,6,0,0,MARION STREET & 12TH AVENUE EAST,1,1,0,0,1,2,0,,25,0,0,0,0,0,4,2,13
,2017_62231,39.734676,-104.923431,9/20/2017 17:13,17:13,3,0,0,12TH AVENUE EAST & HUDSON STREET NORTH,1,1,0,0,1,1,0,,25,0,0,0,0,1,4,2,7
,2017_62232,39.676689,-104.973462,9/16/2017 14:05,14:05,12,0,0,DOWNING STREET 2100 BLOCK SOUTH & WARREN AVENUE EAST,1,1,0,0,1,3,0,,30,0,0,0,0,0,4,2,13
,2017_62233,39.678363,-104.959404,9/16/2017 14:21,14:21,15,0,0,UNIVERSITY BOULEVARD 2100 BLOCK SOUTH & EVANS AVENUE EAST,1,1,0,0,1,3,0,,30,0,0,0,0,0,4,2,13
,2017_62234,39.735252,-104.9929335,9/27/2017 11:50,11:50,6,0,0,12TH AVENUE WEST 300 BLOCK & DELAWARE STREET NORTH,2,1,0,1,1,4,0,,25,0,0,0,0,0,4,2,3
,2017_62235,39.678363,-104.959404,9/16/2017 16:20,16:20,12,0,0,UNIVERSITY BOULEVARD SOUTH & EVANS AVENUE EAST,1,1,0,0,1,1,0,,30,0,0,0,0,0,4,2,3
,2017_62236,39.767382,-104.90346,9/16/2017 18:28,18:28,15,0,0,36TH AVENUE EAST & QUEBEC STREET NORTH,1,2,0,0,1,3,0,,45,0,0,0,0,0,4,2,13
,2017_62237,39.776562,-105.0439815,9/16/2017 18:59,18:59,3,0,0,44TH AVENUE WEST & TENNYSON STREET NORTH,1,3,0,0,1,5,0,,5,0,0,0,0,0,4,2,13
,2017_62238,39.718152,-105.032484,9/16/2017 19:25,19:25,12,0,0,KNOX COURT NORTH & FIRST AVENUE WEST,1,3,0,0,1,1,0,,,0,0,0,0,0,4,2,3
,2017_62239,39.77829,-104.903604,9/16/2017 19:30,19:30,12,0,0,QUEBEC STREET NORTH & I70 EASTBOUND ON RAMP,1,3,0,0,1,4,0,,40,0,0,0,0,0,4,2,13
,2017_62240,39.741678,-104.982354,9/16/2017 20:19,20:19,15,0,0,LOGAN STREET NORTH & 16TH AVENUE EAST,2,3,0,0,1,1,0,,35,0,0,0,1,1,4,2,13
,2017_62241,39.749715,-104.9932665,9/17/2017 0:34,0:34,3,0,0,18TH STREET & ARAPAHOE STREET,1,3,0,0,1,1,0,,30,0,0,0,0,0,4,2,13
,2017_62242,39.75798412,-104.9894475,9/17/2017 13:01,13:01,6,0,0,BLAKE STREET 2400 BLOCK & 25TH STREET,1,1,0,0,1,4,0,,25,0,0,0,0,0,4,2,13
,2017_62243,39.725316,-104.922801,9/21/2017 17:08,17:08,6,0,0,HOLLY STREET NORTH & SIXTH AVENUE EAST,1,1,0,0,1,1,0,,30,0,0,0,0,0,4,2,14
,2017_62244,39.740022,-104.998824,9/17/2017 13:38,13:38,12,0,0,SPEER BOULEVARD NORTH & COLFAX AVENUE WEST,1,1,0,0,1,4,0,,35,0,0,0,0,0,4,3,13
,2017_62245,39.707514,-104.98761,9/17/2017 14:12,14:12,3,0,0,BROADWAY STREET SOUTH & VIRGINIA AVENUE EAST,1,1,0,0,1,1,0,,30,0,0,0,0,0,4,2,3
,2017_62246,39.700404,-105.0481305,9/17/2017 14:55,14:55,1,0,0,KENTUCKY AVENUE WEST & MORRISON ROAD,2,1,0,1,1,1,0,,35,0,0,0,0,0,4,2,7
,2017_62247,39.696732,-105.043707,9/21/2017 17:30,17:30,12,0,0,TENNYSON STREET & MISSISSIPPI AVENUE WEST,1,1,0,0,1,2,0,,,0,0,0,0,0,4,2,13
,2017_62248,39.748446,-105.0033735,9/17/2017 15:00,15:00,3,0,0,AURARIA PARKWAY & SPEER BOULEVARD,1,1,0,1,1,1,0,,35,0,0,0,0,1,4,3,13
,2017_62249,39.757653,-104.998635,9/17/2017 15:30,15:30,12,0,0,20TH STREET 1900 BLOCK & CHESTNUT PLACE,2,1,1,1,1,4,0,,35,0,0,0,0,0,4,2,13
,2017_62250,39.671208,-104.9593905,9/17/2017 16:35,16:35,12,0,1,UNIVERSITY BOULEVARD SOUTH & HARVARD AVENUE EAST,2,1,0,0,1,3,0,,5,0,0,0,0,2,4,2,4
,2017_62251,39.75126681,-105.0330661,9/17/2017 17:02,17:02,12,0,0,KING STREET 2300 BLOCK NORTH & 24TH AVENUE WEST,1,1,0,0,1,4,0,,5,0,0,0,0,0,4,2,13
,2017_62252,39.682233,-105.044274,9/17/2017 18:18,18:18,3,0,0,JEWELL AVENUE WEST & TENNYSON STREET SOUTH,1,1,0,0,1,1,0,,30,0,0,0,0,0,4,3,1
,2017_62253,39.748185,-104.98644,9/17/2017 18:31,18:31,15,0,0,20TH STREET & WENTON STREET,1,2,0,0,1,1,0,,5,0,0,0,0,0,4,2,13
,2017_62254,39.730428,-104.987394,9/17/2017 21:00,21:00,15,0,0,BROADWAY STREET 900 BLOCK NORTH & NINTH AVENUE WEST,1,3,0,0,1,4,0,,30,0,0,0,0,0,4,3,2
,2017_62255,39.76929,-105.001767,9/18/2017 2:47,2:47,5,0,0,38TH AVENUE WEST & LIPAN STREET NORTH,1,3,0,0,3,1,0,,35,0,0,0,0,0,4,1,13
,2017_62256,39.762,-104.912865,9/18/2017 6:56,6:56,3,0,0,MLK BOULEVARD EAST & MONACO STREET NORTH,1,1,0,0,1,1,0,,30,0,0,0,0,0,4,2,16
,2017_62257,39.782385,-104.847093,9/18/2017 7:05,7:05,15,0,0,47TH AVENUE EAST & PEORIA STREET NORTH,1,1,0,0,1,1,0,,30,0,0,0,0,0,4,2,13
,2017_62258,39.73222149,-104.9598047,9/18/2017 7:12,7:12,12,0,0,YORK STREET NORTH 1000 BLOCK & 11TH AVENUE EAST,1,1,1,0,1,4,0,,30,0,0,0,0,0,4,2,13
,2017_62259,39.69666,-104.8917105,9/18/2017 7:45,7:45,1,0,0,MISSISSIPPI AVENUE EAST & VALENTIA STREET SOUTH,1,1,0,0,1,1,0,,40,0,0,0,0,0,4,2,16
,2017_62260,39.75237,-104.984631,9/18/2017 8:17,8:17,12,0,0,PARK AVENUE WEST 700 BLOCK & STOUT STREET,2,1,0,0,1,4,0,,25,0,0,0,0,0,4,2,14
,2017_62261,39.787416,-105.021621,9/18/2017 9:10,9:10,12,0,0,50TH AVENUE WEST & DECATUR STREET NORTH,1,1,0,0,1,3,0,,35,0,0,0,0,0,4,2,8
,2017_62262,39.76283001,-104.9733612,9/18/2017 12:15,12:15,6,0,0,DOWNING STREET & 900 BLOCK NORTH,1,1,0,0,1,4,0,,30,0,0,0,0,0,4,2,13
,2017_62263,39.71835,-104.912784,9/18/2017 13:06,13:06,15,0,0,FIRST AVENUE EAST & MONACO STREET NORTH,1,1,0,0,1,3,0,,35,0,0,0,0,0,4,2,13
,2017_62264,39.709305,-104.9863905,9/18/2017 13:10,13:10,6,0,0,DAKOTA 000 BLOCK OF EAST & LINCOLN STREET SOUTH,1,1,0,0,1,4,0,,20,0,0,0,0,0,4,2,13
,2017_62265,39.711186,-104.9087025,9/18/2017 13:53,13:53,6,0,0,ALAMEDA AVENUE 6800 BLOCK EAST & NEWPORT WAY,1,1,0,0,1,4,0,,30,0,0,0,0,1,4,2,13
,2017_62266,39.73842,-104.976468,11/24/2017 23:40,23:40,6,0,0,14TH AVENUE & EMERSON STREET NORTH,1,3,0,0,1,4,0,,,0,0,0,0,0,4,2,13
,2017_62267,39.775032,-104.809923,9/18/2017 14:24,14:24,12,0,0,CHAMBERS ROAD 4500 BLOCK NORTH & ANDREWS DRIVE EAST,1,1,0,0,1,4,0,,35,0,0,0,0,0,4,2,13
,2017_62268,39.758409,-105.0158835,9/18/2017 16:00,16:00,12,0,0,29TH AVENUE WEST & ZUNI STREET NORTH,1,1,0,0,1,1,0,,25,0,0,0,0,0,4,2,13
,2017_62269,39.740985,-104.9697315,9/18/2017 16:35,16:35,3,0,0,PARK AVENUE & HUMBOLDT STREET NORTH,1,1,0,0,1,1,0,,30,0,0,0,0,0,4,2,8
,2017_62270,39.726864,-104.9034735,9/18/2017 16:39,16:39,12,0,0,QUEBEC STREET NORTH & SEVENTH AVENUE EAST,1,1,1,0,1,4,0,,30,0,0,0,0,0,4,3,13
,2017_62271,39.680226,-104.959404,9/18/2017 16:39,16:39,12,0,0,ASHBURY AVENUE EAST & UNIVERSITY BOULEVARD SOUTH,1,1,0,0,1,4,0,,25,0,0,0,0,0,4,2,13
,2017_62272,39.729321,-105.0139935,9/18/2017 16:45,16:45,12,0,0,EIGHTH AVENUE WEST & WYANDOT STREET NORTH,1,1,1,0,1,4,0,,35,0,0,0,1,0,4,3,13
,2017_62273,39.72384,-104.891742,9/18/2017 16:53,16:53,12,0,0,UINTA WAY 000 BLOCK NORTH & POWERHOUSE PLACE EAST,1,1,0,0,1,4,0,,25,0,0,0,0,0,4,4,16
,2017_62274,39.757698,-104.9005125,9/18/2017 17:00,17:00,3,0,0,29TH AVENUE EAST & ROSLYN STREET NORTH,1,1,0,0,1,1,0,,25,0,0,0,0,1,4,2,13
,2017_62275,39.750192,-105.0047415,9/18/2017 17:01,17:01,12,0,0,SPEER BOULEVARD NORTH & WEWATTA STREET,1,1,0,0,1,3,0,,35,0,0,0,0,0,4,2,13
,2017_62276,39.758454,-105.022053,9/18/2017 17:11,17:11,12,0,0,29TH AVENUE 2800 BLOCK WEST & DECATUR STREET NORTH,1,1,0,0,1,4,0,,,0,0,0,0,0,4,2,13
,2017_62277,39.761973,-104.905773,9/18/2017 17:16,17:16,3,0,0,MLK BOULEVARD EAST & PONTIAC STREET NORTH,1,1,0,0,1,1,0,,30,0,0,0,0,0,4,2,1
,2017_62278,39.740139,-104.991633,9/18/2017 18:00,18:00,6,0,0,COURT PLACE 1400 BLOCK & COLFAX AVENUE WEST,1,1,0,0,1,4,0,,25,0,0,0,0,0,4,2,13
,2017_62279,39.725694,-104.9985945,9/18/2017 21:05,21:05,3,0,0,SIXTH AVENUE WEST & SANTA FE DRIVE NORTH,1,3,0,0,1,3,0,,35,0,0,0,0,0,4,2,13
,2017_62280,39.728934,-104.9906115,9/18/2017 21:40,21:40,3,0,0,SPEER BOULEVARD NORTH & EIGHTH AVENUE WEST,1,3,0,0,1,1,0,,35,0,0,0,0,0,4,2,2
,2017_62281,39.729087,-104.986152,9/18/2017 22:08,22:08,3,0,0,EIGHTH AVENUE EAST & LINCOLN STREET NORTH,1,3,1,0,1,1,0,,30,0,0,0,0,0,4,2,13
,2017_62282,39.676626,-104.93307,9/19/2017 1:41,1:41,5,0,1,DEXTER STREET SOUTH & WARREN AVENUE EAST,1,4,0,0,4,1,0,,25,0,0,0,1,2,4,1,7
,2017_62283,39.769551,-105.034617,9/19/2017 6:57,6:57,3,0,0,38TH AVENUE WEST & LOWELL BOULEVARD NORTH,1,1,3,0,1,1,0,,35,0,0,0,0,0,4,2,16
,2017_62284,39.838059,-104.7154635,9/28/2017 0:44,0:44,5,0,0,78TH AVENUE 23300 BLOCK EAST & GUN CLUB ROAD NORTH,2,3,0,1,1,4,0,,45,0,0,0,0,0,4,1,14
,2017_62285,39.720915,-104.99859,9/19/2017 7:15,7:15,3,0,0,THIRD AVENUE EAST & SANTA FE DRIVE SOUTH,1,1,0,0,1,1,0,,30,0,0,0,0,0,4,2,1
,2017_62286,39.735432,-104.998392,9/19/2017 7:32,7:32,6,0,0,SANTA FE DRIVE NORTH 1200 BLOCK & 13TH AVENUE WEST,1,1,0,0,1,4,0,,30,0,0,0,0,0,4,2,13
,2017_62287,39.711186,-104.9482305,9/19/2017 7:33,7:33,12,0,0,CHERRY CREEK DRIVE SOUTH & ALAMEDA AVENUE EAST,1,1,0,0,1,4,0,,30,0,0,0,0,0,4,2,7
,2017_62288,39.79764,-104.83875,9/19/2017 7:34,7:34,3,0,0,RANDOLPH PLACE EAST & TUCSON STREET NORTH,1,1,3,0,1,1,0,,25,0,0,0,0,1,4,2,3
,2017_62289,39.765717,-104.959773,9/19/2017 7:40,7:40,3,0,0,35TH AVENUE EAST & YORK STREET NORTH,1,1,0,0,1,1,0,,25,0,0,0,0,1,4,2,16
,2017_62290,39.750705,-104.968413,9/19/2017 9:59,9:59,3,0,0,FRANKLIN STREET NORTH & 23RD AVENUE EAST,1,1,1,0,1,1,0,,25,0,0,0,0,0,4,2,13
,2017_62291,39.759498,-104.90346,9/19/2017 10:20,10:20,14,0,0,29TH DRIVE EAST 7300 BLOCK & QUEBEC STREET NORTH,1,5,0,0,1,2,0,,25,0,0,0,0,0,4,2,13
,2017_62292,39.754827,-105.025284,9/19/2017 12:08,12:08,12,0,0,26TH AVENUE WEST & FEDERAL BOULEVARD NORTH,1,1,0,0,1,3,0,,30,0,0,0,0,0,4,2,14
,2017_62293,39.74372186,-104.9733038,9/19/2017 12:35,12:35,10,0,1,PARK AVENUE & 1900 BLOCK,1,1,0,0,1,3,0,,30,0,0,0,0,2,4,2,13
,2017_62294,39.743388,-104.9873895,9/19/2017 12:40,12:40,12,0,0,17TH AVENUE EAST & BROADWAY NORTH,1,1,0,0,1,1,0,,,0,0,0,0,0,4,2,13
,2017_62295,39.744846,-104.9734035,9/19/2017 14:30,14:30,12,0,0,DOWNING STREET NORTH & 18TH AVENUE EAST,1,1,0,0,1,1,0,,5,0,0,0,0,0,4,2,13
,2017_62296,39.75471,-104.9128335,9/19/2017 14:32,14:32,12,0,0,MONACO STREET NORTH & 26TH AVENUE EAST,1,1,0,0,1,1,0,,30,0,0,0,0,1,4,2,3
,2017_62297,39.729078,-104.982408,9/19/2017 14:50,14:50,15,0,0,LOGAN STREET 700 BLOCK NORTH & EIGHTH AVENUE EAST,1,1,1,0,1,4,0,,30,0,0,0,0,0,4,2,3
,2017_62298,39.711159,-104.9900175,9/19/2017 14:57,14:57,12,0,0,ALAMEDA AVENUE WEST & BANNOCK STREET SOUTH,1,1,0,0,1,3,0,,30,0,0,0,0,0,4,2,13
,2017_62299,39.747438,-104.90346,9/19/2017 15:07,15:07,12,0,0,QUEBEC STREET NORTH & MONTVIEW BOULEVARD EAST,1,1,0,0,1,3,0,,30,0,0,0,0,0,4,2,4
,2017_62300,39.746772,-104.991813,9/19/2017 20:34,20:34,6,0,0,17TH STREET 800 BLOCK & STOUT STREET,1,3,0,0,1,4,0,,30,0,0,0,0,0,4,2,13
,2017_62301,39.769551,-105.034617,9/19/2017 15:45,15:45,12,0,0,38TH AVENUE 3400 BLOCK WEST & LOWELL BOULEVARD NORTH,1,1,0,0,1,4,0,,35,0,0,0,0,0,4,2,13
,2017_62302,39.713094,-104.9129415,9/19/2017 15:48,15:48,15,0,0,MONACO STREET SOUTH 100 BLOCK & CEDAR AVENUE EAST,1,1,0,0,1,4,0,,35,0,0,0,0,0,4,2,13
,2017_62303,39.747519,-104.9782995,9/19/2017 16:40,16:40,12,0,0,20TH AVENUE EAST & PARK AVENUE,1,1,0,0,1,1,0,,30,0,0,0,0,0,4,2,8
,2017_62304,39.769407,-105.0440445,9/19/2017 16:55,16:55,15,0,0,38TH AVENUE 4300 BLOCK WEST & TENNYSON STREET NORTH,1,1,0,0,1,4,0,,35,0,0,0,0,0,4,2,13
,2017_62305,39.7512,-105.023601,9/19/2017 17:11,17:11,1,0,0,23RD AVENUE WEST & ELIOT STREET NORTH,1,1,0,0,1,1,0,,25,0,0,0,0,0,4,2,13
,2017_62306,39.631356,-104.8923,2/3/2017 13:30,13:30,3,0,0,UNION AVENUE EAST & DTC BOULEVARD,1,1,0,7,1,1,0,,10,0,0,0,0,1,4,2,16
,2017_62307,39.74448468,-104.9911981,9/20/2017 9:42,9:42,12,0,0,WELTON STREET 1600 BLOCK & 17TH STREET,1,1,0,0,1,4,0,,30,0,0,0,0,0,4,2,13
,2017_62308,39.700224,-104.959323,9/19/2017 17:15,17:15,12,0,0,UNIVERSITY BOULEVARD SOUTH & KENTUCKY AVENUE EAST,1,1,0,0,1,1,0,,30,0,0,0,0,0,4,3,1
,2017_62309,39.702033,-104.9129325,9/19/2017 18:15,18:15,12,0,0,MONACO STREET 800 BLOCK SOUTH & OHIO AVENUE WEST,1,1,0,0,1,4,0,,35,0,0,0,0,1,4,2,13
,2017_62310,39.769551,-105.034617,9/19/2017 19:43,19:43,1,0,0,LOWELL BOULEVARD NORTH & 38TH AVENUE WEST,1,3,0,0,1,1,0,,25,0,0,0,0,0,4,2,13
,2017_62311,39.694761,-104.934006,9/19/2017 19:48,19:48,12,0,0,ARIZONA AVENUE 4500 BLOCK EAST & CHERRY STREET SOUTH,1,3,0,0,1,3,0,,25,0,0,0,0,0,4,2,1
,2017_62313,39.696624,-104.9874525,9/20/2017 7:30,7:30,12,0,0,MISSISSIPPI AVENUE 00 BLOCK & BROADWAY STREET SOUTH,1,1,1,0,1,4,0,,30,0,0,0,0,0,4,2,3
,2017_62314,39.693105,-105.039072,9/20/2017 7:45,7:45,3,0,0,PATTON COURT SOUTH & LOUISIANA AVENUE WEST,1,2,0,0,1,1,0,,25,0,0,0,0,0,4,2,14
,2017_62315,39.728934,-104.9906115,9/20/2017 7:48,7:48,3,0,0,EIGHTH AVENUE WEST & SPEER BOULEVARD NORTH,1,1,0,0,1,1,0,,25,0,0,0,0,0,4,2,13
,2017_62316,39.752667,-104.98743,9/20/2017 8:11,8:11,10,0,0,22ND STREET 1000 BLOCK & BROADWAY STREET NORTH,1,1,0,0,1,4,0,,25,0,0,0,0,0,4,2,14
,2017_62317,39.667464,-104.929416,9/20/2017 8:17,8:17,15,0,0,YALE AVENUE EAST 5100 BLOCK & FAIRFAX STREET SOUTH,1,1,0,0,1,4,0,,35,0,0,0,0,0,4,2,3
,2017_62318,39.76529688,-104.8902936,9/20/2017 8:21,8:21,12,0,1,CENTRAL PARK BOULEVARD 3500 BLOCK NORTH & 35TH AVENUE EAST,1,1,0,0,1,4,0,,30,0,0,0,0,2,4,4,13
,2017_62319,39.756141,-104.991912,9/20/2017 8:58,8:58,15,0,0,22ND STREET 1500 BLOCK & BLAKE STREET,1,1,0,0,1,4,0,,25,0,0,0,0,0,4,2,14
,2017_62320,39.707478,-104.903514,9/20/2017 9:45,9:45,12,0,0,QUEBEC STREET SOUTH & VIRGINIA AVENUE EAST,1,1,0,0,1,1,0,,30,0,0,0,0,0,4,2,13
,2017_62321,39.729222,-104.931612,9/20/2017 9:56,9:56,3,0,0,EIGHTH AVENUE EAST & DAHLIA STREET,1,1,0,0,1,1,0,,25,0,0,0,0,0,4,2,13
,2017_62322,39.743244,-104.986107,9/20/2017 10:09,10:09,15,0,0,LINCOLN STREET NORTH & 17TH AVENUE EAST,1,1,0,0,1,1,0,,30,0,0,0,0,0,4,2,13
,2017_62323,39.727314,-105.0002235,9/20/2017 11:21,11:21,15,0,0,KALAMATH STREET NORTH & SEVENTH AVENUE WEST,1,1,0,0,1,4,0,,25,0,0,0,0,0,4,2,2
,2017_62324,39.729267,-104.9034735,9/20/2017 11:35,11:35,12,0,0,QUEBEC STREET NORTH & EIGHTH AVENUE EAST,1,1,0,0,1,1,0,,30,0,0,0,0,0,4,2,13
,2017_62325,39.729087,-104.986152,9/20/2017 12:41,12:41,12,0,0,LINCOLN STREET NORTH & EIGHTH AVENUE EAST,1,1,0,0,1,4,0,,30,0,0,0,0,0,4,2,13
,2017_62326,39.753054,-104.9854905,9/20/2017 12:45,12:45,1,0,1,PARK AVENUE WEST & CHAMPA STREET,1,1,0,0,1,1,0,,30,0,0,0,1,2,4,2,13
,2017_62327,39.78774739,-105.0004787,9/20/2017 13:07,13:07,3,0,0,KALAMATH STREET NORTH & 77TH AVENUE WEST,1,1,0,0,1,1,0,,35,0,0,0,0,0,4,2,7
,2017_62328,39.75491207,-105.0345648,9/20/2017 13:35,13:35,6,0,0,LOWELL BOULEVARD NORTH 2600 BLOCK & 26TH AVENUE WEST,1,1,0,0,1,4,0,,25,0,0,0,0,0,4,2,14
,2017_62329,39.783816,-104.7816855,9/20/2017 13:40,13:40,3,0,0,GREEN VALLEY RANCH BOULEVARD EAST & TELLURIDE STREET NORTH,1,1,0,0,1,1,0,,40,0,0,0,0,0,4,2,3
,2017_62330,39.773178,-104.809932,9/20/2017 14:15,14:15,3,0,0,CHAMBERS ROAD NORTH & 40TH AVENUE EAST,1,1,0,0,1,1,0,,,0,0,0,0,0,4,5,13
,2017_62331,39.756672,-104.997276,9/20/2017 14:25,14:25,5,0,0,WEWATTA STREET & 20TH STREET,1,1,1,0,2,3,0,,30,0,0,0,0,1,4,1,2
,2017_62332,39.831858,-104.6929545,9/20/2017 15:01,15:01,5,0,0,75TH AVENUE 25000 BLOCK EAST & JACKSON GAP STREET,1,1,0,0,3,4,0,,45,0,0,0,0,0,4,1,7
,2017_62333,39.728052,-104.912811,9/20/2017 15:41,15:41,1,0,0,SEVERN PLACE EAST & MONACO STREET NORTH,1,1,0,0,1,1,0,,30,0,0,0,0,0,4,2,1
,2017_62334,39.781854,-104.9786325,9/20/2017 15:42,15:42,3,0,0,47TH AVENUE EAST & WASHINGTON STREET NORTH,1,1,0,0,1,5,0,,10,0,0,0,0,0,4,2,1
,2017_62335,39.678489,-104.9875605,9/20/2017 16:00,16:00,12,0,0,BROADWAY STREET 2100 BLOCK SOUTH & EVANS AVENUE EAST,1,1,0,0,1,4,0,,30,0,0,0,0,1,4,3,5
,2017_62337,39.754719,-104.908122,9/20/2017 18:55,18:55,12,0,0,26TH AVENUE EAST & ONEIDA STREET NORTH,1,4,0,0,1,3,0,,30,0,0,0,0,0,4,2,14
,2017_62338,39.761838,-104.9383125,10/5/2017 23:45,23:45,6,0,0,MLK BOULEVARD & ASH STREET NORTH,1,4,0,0,1,4,0,,35,0,0,0,0,0,4,2,13
,2017_62339,39.689442,-105.032502,9/20/2017 20:50,20:50,3,0,0,FLORIDA AVENUE WEST & KNOX STREET SOUTH,1,1,0,0,1,2,0,,35,0,0,0,0,0,4,2,13
,2017_62340,39.735027,-104.9598315,9/20/2017 23:22,23:22,15,0,0,YORK STREET NORTH & 12TH AVENUE EAST,1,3,0,0,1,1,0,,25,0,0,0,0,0,4,2,5
,2017_62341,39.784905,-104.9475825,9/21/2017 2:23,2:23,6,0,0,49TH AVENUE EAST & COOK STREET NORTH,1,3,1,0,1,4,0,,25,0,0,0,0,0,4,3,13
,2017_62342,39.743253,-104.9823225,9/21/2017 3:00,3:00,6,0,0,LOGAN STREET NORTH & 17TH AVENUE EAST APPROXIMATELY,1,4,0,0,1,1,0,,,0,0,0,0,0,4,2,13
,2017_62343,39.728934,-104.9906115,9/21/2017 7:05,7:05,15,0,0,SPEER BOULEVARD NORTH 800 BLOCK & EIGHTH AVENUE WEST,1,1,0,0,1,4,0,,25,0,0,0,0,0,4,2,14
,2017_62344,39.760299,-105.025293,9/21/2017 7:50,7:50,12,0,0,SPEER BOULEVARD NORTH & FEDERAL BOULEVARD NORTH,1,1,0,0,1,4,0,,30,0,0,0,0,0,4,2,13
,2017_62345,39.716235,-104.949963,9/22/2017 14:05,14:05,5,0,1,STEELE STREET 000 BLOCK & ELLSWORTH AVENUE EAST,1,1,0,0,2,1,0,,25,0,0,0,0,2,4,1,5
,2017_62346,39.727314,-105.0002235,9/24/2017 21:45,21:45,12,0,0,KALAMATH STREET NORTH & SEVENTH AVENUE WEST,2,3,0,0,1,4,0,,,0,0,0,0,0,4,2,13
,2017_62347,39.711186,-104.997132,9/21/2017 8:50,8:50,12,0,0,ALAMEDA AVENUE 900 BLOCK WEST & SANTA FE DRIVE SOUTH,1,1,0,2,1,1,0,,30,0,0,0,0,0,4,2,14
,2017_62348,39.73841438,-104.9550266,9/21/2017 8:58,8:58,12,0,0,CLAYTON STREET 1400 BLOCK NORTH & 14TH AVENUE EAST,1,1,0,0,1,4,0,,,0,0,0,0,0,4,2,13
,2017_62349,39.768147,-104.9708745,11/28/2017 22:30,22:30,6,0,0,LAFAYETTE STREET NORTH & 37TH AVENUE EAST,1,3,0,0,1,4,0,,,0,0,0,0,0,4,4,13
,2017_62350,39.742263,-104.9993505,9/21/2017 17:50,17:50,15,0,0,CHAMPA STREET & SPEER BOULEVARD NORTH,1,1,1,0,1,4,0,,35,0,0,0,0,0,4,2,13
,2017_62351,39.680226,-104.9508,9/21/2017 9:08,9:08,3,0,0,ASBURY AVENUE EAST & STREET PAUL STREET SOUTH,1,1,0,0,1,1,0,,25,0,0,0,0,0,4,2,13
,2017_62352,39.784005,-104.84712,9/21/2017 9:15,9:15,12,0,0,PEORIA STREET 4700 BLOCK NORTH & ALBROOK STREET,1,1,0,0,1,3,0,,40,0,0,0,0,0,4,2,16
,2017_62353,39.798315,-104.8754655,9/21/2017 9:15,9:15,3,0,0,56TH AVENUE EAST & DALLAS STREET NORTH,1,1,0,0,1,1,0,,35,0,0,0,0,0,4,2,13
,2017_62354,39.678435,-104.912892,9/21/2017 10:05,10:05,15,0,0,EVANS AVENUE EAST & MONCAO STREET SOUTH,1,1,0,0,1,1,0,,35,0,0,0,0,0,4,4,2
,2017_62355,39.733443,-104.959845,9/21/2017 10:42,10:42,6,0,0,YORIK STREET NORTH 1100 BLOCK & 11TH AVENUE EAST,1,1,0,0,1,4,0,,30,0,0,0,0,0,4,2,7
,2017_62356,39.678552,-104.9828715,9/21/2017 11:14,11:14,12,0,0,EVANS AVENUE 400 BLOCK EAST & LOGAN STREET SOUTH,1,1,0,0,1,4,0,,35,0,0,0,0,0,4,3,13
,2017_62357,39.720924,-104.982615,9/21/2017 12:05,12:05,6,0,0,LOGAN STREET & THIRD AVENUE NORTH,1,1,0,0,1,3,0,,,0,0,0,0,0,4,6,13
,2017_62358,39.678417,-104.9642147,9/21/2017 12:16,12:16,15,0,0,EVANS AVENUE EAST & 4100 BLOCK,1,1,0,0,1,4,0,,35,0,0,0,0,0,4,2,13
,2017_62359,39.736854,-104.9848515,10/4/2017 9:30,9:30,6,0,0,13TH AVENUE & SHERMAN STREET NORTH,1,1,1,0,1,4,0,,,0,0,0,0,0,4,2,5
,2017_62360,39.756141,-104.991912,9/21/2017 23:04,23:04,3,0,0,22ND STREET & BLAKE STREET,1,3,0,0,1,1,0,,30,0,0,0,0,0,4,2,13
,2017_62361,39.725586,-104.9636655,9/21/2017 15:56,15:56,12,0,0,SIXTH AVENUE 1900 BLOCK EAST & RACE STREET NORTH,1,1,1,0,1,4,0,,30,0,0,0,0,0,4,3,14
,2017_62362,39.725658,-104.9863095,9/21/2017 17:33,17:33,3,0,0,SPEER BOULEVARD EAST & SIXTH AVENUE EAST,1,3,0,0,1,1,0,,35,0,0,0,0,1,4,2,13
,2017_62363,39.769272,-105.0158655,9/21/2017 17:43,17:43,1,0,0,38TH AVENUE WEST & ZUNI STREET NORTH,1,1,0,0,1,1,0,,35,0,0,0,0,0,4,2,13
,2017_62364,39.729069,-104.97411,9/25/2017 21:51,21:51,3,0,0,CORONA STREET NORTH & EIGHTH AVENUE EAST,1,3,0,0,1,1,0,,,0,0,0,0,0,4,2,13
,2017_62365,39.751002,-104.903442,9/21/2017 18:16,18:16,3,0,0,QUEBEC STREET NORTH & 23RD AVENUE EAST,1,1,1,0,1,1,0,,35,0,0,0,0,1,4,2,1