id,drcog_id,latitude,longitude,crashtime,time,crashtype,numbkilled,numbinjurd,drcoglocat,rdconditin,lightngcon,roadcntgrd,weatherco,location,roaddescrp,constrzone,schoolzone,splimit,bikeinv,pedinv,sctrinv,motoinv,svrty,rdsystem,ttlvehcls,hcf
,2017_62366,39.77171824,-104.90281,9/21/2017 19:34,19:34,15,0,0,QUEBEC STREET & 4000 BLOCK NORTH,1,4,0,0,1,4,0,,,0,0,0,0,0,4,2,13
,2017_62367,39.786408,-104.847156,9/21/2017 20:45,20:45,1,0,0,PEORIA STREET NORTH & 49TH AVENUE EAST,1,3,0,0,1,1,0,,,0,0,0,0,0,4,2,13
,2017_62368,39.706884,-104.875353,9/21/2017 20:45,20:45,12,0,0,DAYTON STREET SOUTH & CENTER AVENUE EAST,1,3,0,0,1,4,0,,40,0,0,0,0,0,4,2,13
,2017_62369,39.624192,-105.0945435,9/21/2017 13:45,13:45,3,0,0,BELLEVIEW AVENUE WEST & DUDLEY STREET SOUTH,1,1,0,0,1,1,0,,35,0,0,0,0,0,4,3,3
,2017_62370,39.844602,-104.6809395,9/22/2017 10:15,10:15,1,0,0,40TH AVENUE EAST 16900 BLOCK & PENA BOULEVARD,1,1,1,0,1,3,0,,45,0,0,0,0,0,4,2,7
,2017_62371,39.776571,-105.013485,9/22/2017 10:25,10:25,6,0,0,44TH AVENUE 2139 WEST & VALLEJO STREET NORTH,1,1,0,0,1,4,0,,,0,0,0,0,0,4,2,13
,2017_62372,39.772827,-104.749461,9/22/2017 11:15,11:15,6,0,0,JERICHO STREET 4100 NORTH & 41ST AVENUE EAST,1,1,0,0,1,4,0,,25,0,0,0,0,0,4,3,13
,2017_62373,39.708135,-104.879142,9/22/2017 11:48,11:48,1,0,1,ALAMEDA AVENUE EAST & CLINTON STREET SOUTH,1,1,0,0,1,1,0,,40,0,0,0,0,2,4,2,13
,2017_62374,39.743937,-105.03306,9/22/2017 11:50,11:50,3,0,1,17TH AVENUE WEST & KING STREET NORTH,1,1,0,0,1,1,0,,25,0,0,0,0,2,4,2,13
,2017_62375,39.689298,-104.943033,9/22/2017 11:56,11:56,15,0,0,FLORIDA AVENUE EAST & JACKSON STREET SOUTH,1,1,0,0,1,2,0,,30,0,0,0,0,0,4,2,13
,2017_62376,39.7198189,-104.9344584,9/22/2017 13:00,13:00,6,0,0,CHERRY STREET NORTH & 1467 BLOCK,1,1,0,0,1,4,0,,25,0,0,0,0,0,4,2,3
,2017_62377,39.729717,-104.9912235,11/29/2017 14:45,14:45,12,0,0,SPEER BOULEVARD NORTH & BANNOCK STREET NORTH,1,1,0,0,1,4,0,,,0,0,0,0,0,4,2,13
,2017_62378,39.678435,-104.912892,9/22/2017 13:28,13:28,3,0,0,EVANS AVENUE EAST 6300 BLOCK & MONCAO STREET SOUTH,1,1,0,0,1,2,0,,30,0,0,0,0,0,4,2,14
,2017_62379,39.763782,-104.9240115,9/22/2017 13:30,13:30,3,0,0,33RD AVENUE EAST & HUDSON STREET,1,1,0,0,1,1,0,,20,0,0,0,0,0,4,2,13
,2017_62381,39.755043,-104.9759235,9/22/2017 14:25,14:25,12,0,0,28TH STREET & GLENARM PLACE,1,1,0,0,1,5,0,,15,0,0,0,0,0,4,2,13
,2017_62382,39.738285,-104.928066,9/22/2017 14:42,14:42,10,0,0,14TH AVENUE EAST & FAIRFAX STREET,1,1,0,0,1,1,0,,35,0,0,0,0,0,4,2,13
,2017_62383,39.772962,-104.975442,9/22/2017 16:13,16:13,12,0,0,38TH AVENUE EAST & BRIGHTON BOULEVARD NORTH,1,1,0,0,1,4,0,,30,0,0,0,0,0,4,2,10
,2017_62384,39.780234,-104.978493,9/22/2017 17:00,17:00,12,0,0,WASHINGTON STREET 4600 BLOCK NORTH & 47TH AVENUE EAST,2,1,0,0,1,4,0,,35,0,0,0,0,0,4,2,13
,2017_62385,39.69117,-104.982795,9/22/2017 17:02,17:02,3,0,0,ARKANSAS AVENUE EAST & LOGAN STREET SOUTH,2,1,0,1,1,1,0,,25,0,0,0,0,1,4,2,3
,2017_62386,39.711393,-104.9111505,9/22/2017 17:22,17:22,12,0,0,ALAMEDA AVENUE 6400 BLOCK EAST & MAGNOLIA STREET SOUTH,1,1,0,0,1,4,0,,40,0,0,0,0,0,4,2,13
,2017_62387,39.639492,-105.0519735,9/22/2017 17:37,17:37,12,0,0,QUINCY AVENUE WEST & ZENOBIA STREET SOUTH,1,1,0,0,1,1,0,,35,0,0,0,0,0,4,2,7
,2017_62388,39.638088,-105.0493635,9/22/2017 17:45,17:45,6,0,0,RADCLIFF AVENUE WEST & WOLFF STREET SOUTH,1,1,0,0,1,4,0,,25,0,0,0,0,0,4,2,1
,2017_62389,39.763062,-104.974272,9/22/2017 18:45,18:45,14,0,2,33RD STREET & CURTIS STREET,1,3,0,0,1,1,0,,30,0,0,0,0,2,4,2,13
,2017_62390,39.751614,-105.002991,9/22/2017 19:46,19:46,15,0,0,WEWATTA STREET & 15TH STREET,1,3,0,0,1,4,0,,25,0,0,0,0,0,4,2,13
,2017_62391,39.789297,-104.8438125,9/22/2017 21:00,21:00,8,0,0,51ST AVENUE EAST & SCRANTON STREET NORTH,1,3,0,0,1,1,0,,,0,0,0,0,0,4,2,13
,2017_62392,39.702195,-105.0423615,9/23/2017 2:15,2:15,3,0,0,RALEIGH STREET SOUTH & OHIO AVENUE WEST,1,3,0,0,1,1,0,,30,0,0,0,0,0,4,4,1
,2017_62393,39.738303,-104.94288,9/23/2017 2:42,2:42,12,0,0,14TH AVENUE EAST & JACKSON STREET NORTH,1,3,0,0,1,1,0,,30,0,0,0,0,0,4,2,5
,2017_62394,39.747438,-104.90346,9/23/2017 3:57,3:57,12,0,0,MONTVIEW BOULEVARD EAST & QUEBEC STREET NORTH,1,3,0,0,1,4,0,,35,0,0,0,0,0,4,2,16
,2017_62395,39.76125695,-104.9548591,9/23/2017 4:18,4:18,6,0,0,CLAYTON STREET NORTH & 1044 BLOCK,2,4,0,0,1,4,0,,10,0,0,0,0,0,4,2,13
,2017_62396,39.791403,-104.838462,9/23/2017 9:14,9:14,3,0,0,TULSA WAY NORTH & ELMENDORF PLACE EAST,1,1,0,0,1,1,0,,25,0,0,0,0,0,4,2,8
,2017_62397,39.667626,-104.910921,9/23/2017 10:20,10:20,12,0,0,MAGNOLIA STREET SOUTH & YALE STREET EAST,1,1,0,0,1,1,0,,25,0,0,0,0,0,4,2,3
,2017_62398,39.778722,-104.9222925,9/23/2017 10:36,10:36,3,0,0,HOLLY STREET NORTH & STAPLETON NORTH DRIVE EAST,1,1,0,0,1,1,0,,30,0,0,0,0,0,4,2,2
,2017_62399,39.764466,-104.959773,9/23/2017 11:32,11:32,12,0,0,YORK STREET 3400 BLOCK NORTH & BRUCE RANDOLPH AVENUE,1,1,0,0,1,4,0,,30,0,0,0,0,1,4,2,16
,2017_62400,39.657042,-104.8848255,9/23/2017 12:21,12:21,12,0,0,YOSEMITE STREET SOUTH & EASTMAN PLACE EAST,1,1,0,0,1,3,0,,30,0,0,0,0,0,4,2,16
,2017_62401,39.779136,-105.0346035,9/23/2017 14:57,14:57,12,0,0,LOWELL BOULEVARD NORTH & WEST SCOTT PLACE,2,1,0,1,1,4,0,,35,0,0,0,0,0,4,2,3
,2017_62402,39.790638,-104.8107735,9/24/2017 3:39,3:39,5,0,0,53RD AVENUE 15191 EAST & PRIVATE,1,3,0,0,3,3,0,,25,0,0,0,0,0,4,1,16
,2017_62403,39.682269,-105.0489675,9/23/2017 17:04,17:04,3,0,0,JEWELL AVENUE WEST & SOUTH WOLCOTT COURT,2,1,0,0,1,3,0,,30,0,0,0,0,0,4,2,1
,2017_62404,39.73842,-104.977674,9/23/2017 17:30,17:30,15,0,0,14TH AVENUE EAST & CLARKSON STREET NORTH,2,2,0,1,1,1,0,,30,0,0,0,0,0,4,2,16
,2017_62405,39.74616,-104.987385,9/23/2017 19:12,19:12,15,0,0,BROADWAY STREET NORTH & 19TH AVENUE EAST,2,3,0,1,1,1,0,,45,0,0,0,0,0,4,2,14
,2017_62406,39.711321,-104.892912,9/23/2017 19:15,19:15,8,0,0,FAIRMOUNT DRIVE EAST & ALAMEDA AVENUE EAST,2,3,0,1,1,1,0,,35,0,0,0,0,0,4,2,13
,2017_62407,39.618297,-105.0913845,9/23/2017 20:00,20:00,3,0,2,CRESTLINE AVENUE 7500 BLOCK WEST & WADSWORTH BOULEVARD SOUTH,2,3,0,1,1,1,0,,30,0,0,0,0,2,4,2,16
,2017_62408,39.761964,-104.903451,9/23/2017 21:25,21:25,3,0,0,QUEBEC STREET NORTH & MLK BOULEVARD EAST,2,3,0,1,1,1,0,,,0,0,0,0,0,4,2,8
,2017_62409,39.757653,-104.998635,9/23/2017 22:29,22:29,1,0,0,20TH STREET & CHESTNUT PLACE,2,3,0,1,1,1,0,,30,0,0,0,0,1,4,2,13
,2017_62410,39.769443,-105.031521,9/23/2017 22:47,22:47,6,0,0,38TH AVENUE WEST & JULIAN STREET NORTH,2,3,0,1,1,4,0,,35,0,0,0,0,0,4,2,14
,2017_62411,39.73518,-104.9695065,9/24/2017 0:00,0:00,6,0,0,HUMBOLDT STREET NORTH & 12TH AVENUE EAST,1,4,1,0,1,3,0,,25,0,0,0,0,0,4,3,13
,2017_62412,39.678543,-104.980482,9/25/2017 1:04,1:04,5,0,0,EVANS AVENUE EAST & PEARL STREET SOUTH,2,3,0,7,2,4,0,,35,0,0,0,0,0,4,1,8
,2017_62413,39.696624,-104.9874525,9/24/2017 1:28,1:28,12,0,0,BROADWAY 1100 BLOCK SOUTH & MISSISSIPPI AVENUE EAST,2,3,0,0,1,4,0,,35,0,0,0,0,0,4,2,13
,2017_62414,39.729141,-104.88672,9/24/2017 2:09,2:09,15,0,0,YOSEMITE STREET 1000 BLOCK & AKRON WAY,2,3,0,0,1,4,0,,30,0,0,0,0,0,4,2,13
,2017_62415,39.703977,-105.0360345,9/24/2017 2:25,2:25,5,0,0,EXPOSITION AVENUE WEST & MEADE STREET SOUTH,2,3,0,0,2,3,0,,30,0,0,0,0,0,4,1,3
,2017_62416,39.711114,-104.9640165,9/26/2017 7:19,7:19,12,0,0,ALAMEDA AVENUE 2000 BLOCK EAST & RACE STREET SOUTH,1,1,0,0,1,2,0,,30,0,0,0,0,0,4,2,1
,2017_62417,39.67402196,-104.9594005,9/24/2017 7:37,7:37,3,0,0,BUTCHEL BOULEVARD 2200 BLOCK EAST & UNIVERSITY BOULEVARD SOUTH,1,1,0,0,1,2,0,,10,0,0,0,0,0,4,2,13
,2017_62418,39.727107,-104.956704,9/24/2017 8:00,8:00,6,0,0,SEVENTH AVENUE 2500 WEST & ELIZABETH STREET NORTH,2,1,0,1,1,4,0,,25,0,0,0,0,0,4,2,6
,2017_62419,39.765726,-104.9948415,9/24/2017 10:00,10:00,3,0,0,PARK AVENUE WEST & GLOBEVILLE ROAD NORTH,2,1,1,1,1,1,0,,35,0,0,0,0,0,4,2,13
,2017_62420,39.718134,-105.034914,9/24/2017 10:30,10:30,3,0,0,FIRST AVENUE WEST & LOWELL BOULEVARD NORTH,2,1,0,0,1,1,0,,25,0,0,0,0,0,4,2,13
,2017_62421,39.772899,-104.9498235,9/24/2017 11:16,11:16,3,0,0,40TH AVENUE EAST & STEELE STREET NORTH,2,1,0,1,1,1,0,,30,0,0,0,0,1,4,2,13
,2017_62422,39.693087,-105.030981,9/26/2017 1:10,1:10,12,0,0,LOUISIANA AVENUE WEST & JULIAN STREET SOUTH,1,3,0,0,1,1,0,,25,0,0,0,0,0,4,2,13
,2017_62423,39.747429,-104.898771,9/24/2017 11:30,11:30,3,0,0,MONTVIEW BOULEVARD EAST & SYRACUSE STREET NORTH,2,1,0,1,1,1,0,,35,0,0,0,0,0,4,2,10
,2017_62424,39.738375,-104.9622525,9/24/2017 12:04,12:04,10,0,0,14TH AVENUE EAST 2000 BLOCK & VINE STREET NORTH,2,1,0,1,1,1,0,,30,0,0,0,0,0,4,2,8
,2017_62425,39.73842,-104.9787315,9/24/2017 12:18,12:18,3,0,0,14TH AVENUE EAST & WASHINGTON STREET NORTH,2,1,0,0,1,1,0,,30,0,0,0,0,0,4,2,13
,2017_62426,39.77171824,-104.90281,9/24/2017 12:34,12:34,12,0,0,QUEBEC STREET NORTH & 1428 BLOCK,2,1,0,1,1,4,0,,30,0,0,0,0,0,4,2,3
,2017_62427,39.74383292,-104.9034257,9/24/2017 13:05,13:05,12,0,0,QUEBEC STREET 1700 BLOCK NORTH & 17TH AVENUE EAST,1,1,0,0,1,4,0,,30,0,0,0,0,0,4,3,13
,2017_62428,39.735072,-104.9586525,9/24/2017 13:27,13:27,3,0,0,12TH AVENUE EAST & JOSEPHINE STREET NORTH,2,1,0,1,1,3,0,,30,0,0,0,0,0,4,2,13
,2017_62429,39.761964,-104.903451,9/24/2017 15:00,15:00,3,0,0,QUEBEC STREET NORTH & MLK BOULEVARD EAST,2,1,0,0,1,1,0,,30,0,0,0,0,0,4,3,1
,2017_62430,39.725649,-104.986314,9/26/2017 8:34,8:34,12,0,0,LINCOLN STREET & SPEER BOULEVARD EAST,1,1,0,0,1,4,0,,25,0,0,0,0,0,4,2,14
,2017_62431,39.769398,-105.0299505,9/24/2017 15:08,15:08,10,0,0,38TH AVENUE WEST & IRVING STREET NORTH,2,1,0,1,1,1,0,,35,0,0,0,0,1,4,5,8
,2017_62432,39.691125,-104.959332,9/24/2017 16:10,16:10,1,0,0,UNIVERSITY BOULEVARD SOUTH & ARKANSAS AVENUE EAST,2,1,0,0,1,1,0,,35,0,0,0,0,0,4,2,13
,2017_62433,39.703986,-105.038127,9/24/2017 16:55,16:55,6,0,0,EXPOSITION AVENUE WEST & OSCEOLA STREET SOUTH,2,1,0,1,1,4,0,,25,0,0,0,0,0,4,2,7
,2017_62434,39.783609,-104.772222,9/24/2017 17:45,17:45,1,0,0,GREEN VALLEY RANCH BOULEVARD EAST & TOWER ROAD NORTH,1,1,0,0,1,1,0,,35,0,0,0,0,1,4,2,7
,2017_62435,39.73842,-104.987394,9/24/2017 19:33,19:33,10,0,0,14TH AVENUE & BROADWAY STREET NORTH,2,3,0,1,1,1,0,,35,0,0,0,0,0,4,2,8
,2017_62436,39.759876,-104.890752,9/24/2017 19:46,19:46,3,0,0,CENTRAL PARK BOULEVARD NORTH & MARTIN LUTHER KING BOULEVARD EAST,2,3,0,1,1,1,0,,,0,0,0,0,0,4,2,13
,2017_62437,39.762018,-105.015843,9/24/2017 20:25,20:25,6,0,0,32ND AVENUE WEST & ZUNI STREET NORTH,2,3,0,1,1,4,0,,30,0,0,0,0,0,4,3,7
,2017_62438,39.735252,-104.9929335,9/24/2017 21:40,21:40,3,0,0,DELAWARE STREET NORTH & 12TH AVENUE WEST,2,3,0,0,1,1,0,,30,0,0,0,0,0,4,2,2
,2017_62439,39.725316,-104.922801,9/25/2017 6:00,6:00,3,0,0,SIXTH AVENUE EAST & HOLLY STREET NORTH,2,3,0,0,1,1,0,,35,0,0,0,0,0,4,2,1
,2017_62440,39.738393,-104.9684445,9/25/2017 6:19,6:19,10,0,0,14TH AVENUE EAST & FRANKLIN STREET NORTH,2,4,0,1,1,1,0,,30,0,0,0,0,0,4,2,8
,2017_62441,39.743784,-104.899914,9/25/2017 6:30,6:30,3,0,0,17TH AVENUE EAST & ROSEMARY STREET NORTH,2,4,0,0,1,3,0,,25,0,0,0,0,1,4,2,13
,2017_62442,39.766266,-104.973633,9/25/2017 7:35,7:35,1,0,0,35TH STREET & LAWRENCE STREET,1,1,0,0,1,1,0,,25,0,0,0,0,0,4,2,13
,2017_62443,39.747933,-104.9861295,9/25/2017 7:42,7:42,15,0,0,LINCOLN STREET / 20TH STREET & WELTON STREET,2,1,0,0,1,1,0,,30,0,0,0,0,0,4,2,13
,2017_62444,39.678363,-104.959404,9/25/2017 8:50,8:50,12,0,0,UNIVERSITY BOULEVARD 2100 BLOCK SOUTH & EVANS AVENUE EAST,1,1,0,0,1,3,0,,35,0,0,0,0,0,4,2,7
,2017_62445,39.73842,-104.987394,9/25/2017 11:35,11:35,15,0,0,BROADWAY STREET 1400 & 14TH AVENUE,1,1,0,0,1,4,0,,30,0,0,0,0,0,4,2,13
,2017_62446,39.711114,-104.959305,9/25/2017 11:45,11:45,12,0,0,UNIVERSITY BOULEVARD 200 BLOCK SOUTH & ALAMEDA AVENUE EAST,1,1,1,0,1,4,0,,30,0,0,0,0,0,4,2,13
,2017_62447,39.780189,-105.015834,9/25/2017 15:09,15:09,3,0,2,46TH AVENUE WEST & ZUNI STREET NORTH,1,1,0,0,1,1,0,,35,0,0,0,0,2,4,2,16
,2017_62449,39.733668,-104.9752755,9/26/2017 13:55,13:55,6,0,0,11TH AVENUE 1000 BLOCK EAST & OGDEN STREET NORTH,1,1,1,0,1,4,0,,25,0,0,0,0,0,4,2,13
,2017_62450,39.72411,-104.992821,9/26/2017 15:11,15:11,6,0,0,DELAWARE STREET NORTH 400 BLOCK & FIFTH AVENUE WEST,1,1,0,0,1,3,0,,25,0,0,0,0,0,4,2,13
,2017_62451,39.638664,-104.89266,9/26/2017 15:14,15:14,1,0,0,TAMARAC DRIVE SOUTH & QUINCY AVENUE EAST,1,1,1,0,1,1,0,,35,0,0,0,0,0,4,2,16
,2017_62452,39.750993,-104.9123925,9/29/2017 7:50,7:50,13,0,1,MONACO STREET NORTH & 23RD AVENUE EAST,1,1,0,0,1,1,0,,35,0,0,0,0,2,4,2,13
,2017_62453,39.783618,-104.777595,9/26/2017 16:00,16:00,12,0,0,GREEN VALLEY RANCH BOULEVARD 18000 BLOCK EAST & WALDEN STREET NORTH,1,1,0,7,1,4,0,,30,0,0,0,0,0,4,2,1
,2017_62454,39.73833,-104.9450535,9/26/2017 17:02,17:02,3,0,0,MONROE STREET NORTH & 14TH AVENUE EAST,1,1,0,0,1,1,0,,30,0,0,0,0,0,4,2,1
,2017_62455,39.785904,-104.769711,9/26/2017 17:40,17:40,12,0,0,ARGONNE WAY 4800 BLOCK NORTH & ARGONNE STREET NORTH,1,1,0,7,1,2,0,,25,0,0,0,0,0,4,2,16
,2017_62456,39.689442,-105.033411,9/26/2017 18:16,18:16,12,0,0,FLORIDA AVENUE WEST & KING STREET SOUTH,1,1,1,0,1,1,0,,30,0,0,0,0,0,4,2,3
,2017_62457,39.791079,-105.0216345,9/26/2017 18:26,18:26,6,0,0,52ND AVENUE WEST & DECATUR STREET NORTH,1,3,0,0,1,4,0,,35,0,0,0,0,0,4,2,3
,2017_62458,39.798297,-104.88447,9/26/2017 20:26,20:26,1,0,0,CENTRAL PARK BOULEVARD NORTH & 56TH AVENUE EAST,2,3,0,7,1,1,0,,40,0,0,0,0,0,4,2,16
,2017_62459,39.732174,-104.972652,9/26/2017 23:25,23:25,12,0,0,DOWNING STREET NORTH 1000 BLOCK & 11TH AVENUE EAST,1,3,1,0,1,4,0,,,0,0,0,0,0,4,4,13
,2017_62460,39.80698464,-104.8845532,9/26/2017 22:00,22:00,12,0,0,CENTRAL PARK BOULEVARD NORTH & I270,1,3,0,0,1,4,0,,55,0,0,0,0,0,4,2,13
,2017_62461,39.736845,-104.9730435,9/27/2017 3:14,3:14,3,0,0,13TH AVENUE EAST 1100 BLOCK & DOWNING STREET NORTH,1,3,1,0,1,1,0,,35,0,0,0,0,0,4,2,13
,2017_62462,39.631329,-104.885316,9/27/2017 6:07,6:07,3,0,0,YOSEMITE STREET SOUTH & UNION AVENUE EAST,1,3,0,0,1,1,0,,35,0,0,0,0,0,4,2,13
,2017_62463,39.738645,-105.040134,9/27/2017 7:32,7:32,12,0,0,QUITMAN STREET NORTH 1400 BLOCK & 14TH AVENUE WEST,2,1,0,1,1,2,0,,25,0,0,0,0,0,4,2,13
,2017_62464,39.700224,-104.959323,9/27/2017 7:55,7:55,12,0,0,UNIVERSITY BOULEVARD 900 BLOCK SOUTH & KENTUCKY AVENUE EAST,2,1,0,1,1,4,0,,30,0,0,0,0,0,4,2,8
,2017_62465,39.732885,-104.9034735,9/27/2017 8:50,8:50,12,0,0,11TH AVENUE EAST & QEUBEC STREET NORTH,2,1,0,1,1,3,0,,35,0,0,0,0,0,4,2,7
,2017_62466,39.745755,-104.994423,9/27/2017 9:07,9:07,15,0,2,CHAMPA STREET 1500 BLOCK & 15TH STREET,2,1,0,0,1,4,0,,30,0,0,0,0,2,4,4,13
,2017_62467,39.643425,-104.8939335,9/27/2017 11:01,11:01,12,0,0,TAMARA DRIVE SOUTH & MANSFIELD AVENUE EAST,2,1,1,1,1,4,0,,30,0,0,0,0,0,4,2,16
,2017_62468,39.725667,-104.99283,9/27/2017 11:13,11:13,3,0,0,DELAWARE STREET NORTH 600 BLOCK & SIXTH AVENUE WEST,1,1,1,0,1,2,0,,30,0,0,0,0,1,4,2,13
,2017_62469,39.743208,-104.969673,9/27/2017 11:35,11:35,10,0,0,17TH AVENUE EAST & HUMBOLDT STREET NORTH,2,1,0,0,1,3,0,,30,0,0,0,0,0,4,2,13
,2017_62470,39.75498,-104.995143,9/27/2017 11:42,11:42,15,0,0,20TH STREET & WAZEE STREET,1,1,1,0,1,1,0,,25,0,0,0,0,0,4,2,7
,2017_62471,39.65974754,-105.066662,9/27/2017 11:55,11:55,3,0,0,DARTMOUTH AVENUE WEST & 5300 BLOCK WEST,2,1,0,1,1,2,0,,30,0,0,0,0,0,4,2,13
,2017_62472,39.73918556,-105.0284651,9/27/2017 12:04,12:04,3,0,0,14TH AVENUE WEST & 600 BLOCK,1,1,0,1,1,5,0,,30,0,0,0,0,0,4,2,8
,2017_62473,39.73190582,-104.9861681,9/27/2017 13:58,13:58,6,0,0,LINCOLN STREET NORTH & 1900 BLOCK,1,1,0,0,1,4,0,,30,0,0,0,0,0,4,2,8
,2017_62474,39.707451,-105.0381225,9/28/2017 0:58,0:58,5,0,0,MORRISON ROAD & OSCEOLA STREET SOUTH,2,3,0,1,3,4,0,,30,0,0,0,0,0,4,2,5
,2017_62475,39.711447,-104.9437755,9/27/2017 22:47,22:47,5,0,0,ALAMEDA AVENUE EAST & GARFIELD AVENUE SOUTH,2,3,0,1,2,3,0,,30,0,0,0,0,0,4,1,12
,2017_62476,39.750192,-105.0047415,9/27/2017 15:15,15:15,12,0,0,SPEER BOULEVARD 1800 BLOCK NORTHBOUND & WEWATTA STREET,1,1,1,0,1,4,0,,35,0,0,0,0,1,4,4,7
,2017_62477,39.771018,-104.9944815,9/27/2017 15:35,15:35,1,0,0,FOX STREET 3900 BLOCK NORTH & 39TH AVENUE WEST,1,1,0,7,1,1,0,,30,0,0,0,0,0,4,2,7
,2017_62478,39.682053,-104.9034015,9/27/2017 15:58,15:58,3,0,0,QUEBEC STREET SOUTH & JEWELL AVENUE EAST,1,1,0,0,1,1,0,,25,0,0,0,0,0,4,2,13
,2017_62479,39.678426,-104.937435,9/27/2017 16:25,16:25,12,0,0,EVANS AVENUE 4200 BLOCK EAST & BELLAIRE STREET SOUTH,2,1,0,1,1,3,0,,35,0,0,0,0,1,4,2,3
,2017_62480,39.71835,-104.912784,9/27/2017 16:48,16:48,15,0,0,MONACO STREET 100 BLOCK SOUTH & FIRST AVENUE EAST,1,1,0,0,1,4,0,,,0,0,0,0,0,4,2,13
,2017_62481,39.635748,-105.087312,9/27/2017 17:06,17:06,5,0,0,AMMONS STREET SOUTH & STANFORD AVENUE WEST,1,1,0,0,1,1,0,,30,0,0,0,0,0,4,2,3
,2017_62482,39.711186,-104.997132,9/27/2017 17:13,17:13,12,0,0,ALAMEDA AVENUE 700 BLOCK WEST & SANTA FE DRIVE SOUTH,1,1,1,7,1,2,0,,35,0,0,0,0,0,4,2,16
,2017_62484,39.725631,-104.9874435,9/27/2017 17:20,17:20,12,0,0,BROADWAY STREET NORTH & SIXTH AVENUE EAST,1,1,0,7,1,3,0,,35,0,0,0,0,0,4,2,16
,2017_62485,39.696597,-104.9219055,9/27/2017 17:46,17:46,12,0,0,CHERRY CREEK NORTH DRIVE EAST & HOLLY STREET SOUTH,1,2,0,7,1,1,0,,30,0,0,0,0,0,4,2,14
,2017_62486,39.71835,-104.9862735,9/27/2017 17:59,17:59,3,0,0,FIRST AVENUE EAST & LINCOLN STREET NORTH,1,1,0,0,1,1,0,,30,0,0,0,0,0,4,3,8
,2017_62487,39.76011,-104.899023,9/27/2017 18:43,18:43,1,0,0,MLK BOULEVARD EAST & SYRACUSE STREET NORTH,1,3,0,7,1,1,0,,35,0,0,0,0,0,4,2,7
,2017_62488,39.711366,-104.9141835,9/27/2017 20:15,20:15,12,0,0,ALAMEDA AVENUE EAST & LOCUST STREET SOUTH,2,4,0,1,1,4,0,,35,0,0,0,0,0,4,2,16
,2017_62489,39.747456,-104.884695,9/28/2017 6:21,6:21,1,0,0,MONTVIEW BOULEVARD EAST & CENTRAL PARK BOULEVARD NORTH,2,1,0,1,1,1,0,,30,0,0,0,0,0,4,2,16
,2017_62490,39.712149,-105.014502,9/28/2017 6:29,6:29,6,0,0,YUMA STREET SOUTH 200 BLOCK & BYERS AVENUE WEST,2,3,0,1,1,1,0,,25,0,0,0,0,0,4,3,14
,2017_62491,39.736845,-104.98617,9/28/2017 6:41,6:41,15,0,0,LINCOLN STREET NORTH & 13TH AVENUE EAST,2,3,0,1,1,4,0,,30,0,0,0,0,0,4,2,13
,2017_62492,39.78378,-104.809653,9/28/2017 6:50,6:50,12,0,0,GREEN VALLEY RANCH BOULEVARD EAST & CHAMBERS ROAD NORTH,1,1,0,0,1,4,0,,40,0,0,0,0,0,4,2,13
,2017_62493,39.798126,-104.838741,9/28/2017 6:52,6:52,3,0,0,56TH AVENUE EAST & TUCSON STREET NORTH,2,1,0,0,1,1,0,,40,0,0,0,0,0,4,2,13
,2017_62494,39.725649,-104.986314,9/28/2017 7:54,7:54,15,0,0,LINCOLN STREET NORTH 500 BLOCK & SIXTH AVENUE EAST,2,1,0,1,1,3,0,,,0,0,0,0,0,4,2,13
,2017_62495,39.71115,-104.982795,9/28/2017 9:09,9:09,12,0,0,LOGAN STREET SOUTH & ALAMEDA AVENUE EAST,1,1,0,0,1,3,0,,30,0,0,0,0,1,4,3,8
,2017_62496,39.740022,-104.998824,9/28/2017 9:34,9:34,10,0,0,SPEER BOULEVARD NORTH & COLFAX AVENUE WEST,2,1,0,0,1,1,0,,35,0,0,0,0,0,4,2,13
,2017_62497,39.76089361,-105.0298634,9/28/2017 11:39,11:39,3,0,0,IRVING STREET 3100 BLOCK NORTH & 32ND AVENUE WEST,1,1,0,0,1,2,0,,30,0,0,0,0,0,4,2,13
,2017_62498,39.678363,-104.959404,9/28/2017 12:30,12:30,12,0,0,EVANS AVENUE EAST 2300 BLOCK & UNIVERSITY BOULEVARD SOUTH,1,1,0,0,1,5,0,,25,0,0,0,0,0,4,2,13
,2017_62499,39.757986,-104.903451,9/28/2017 14:12,14:12,12,0,0,QUEBEC STREET NORTH & 29TH AVENUE EAST,1,1,0,7,1,3,0,,35,0,0,0,0,0,4,2,1
,2017_62500,39.709026,-104.875443,9/28/2017 14:30,14:30,12,0,0,ALAMEDA AVENUE EAST & DAYTON STREET SOUTH,1,1,0,7,1,3,0,,35,0,0,0,0,0,4,2,16
,2017_62501,39.735252,-104.9902425,9/28/2017 15:14,15:14,3,0,0,12TH AVENUE 100 BLOCK WEST & BANNOCK STREET NORTH,1,1,0,7,1,5,0,,35,0,0,0,0,0,4,2,16
,2017_62502,39.711186,-104.997132,9/28/2017 15:55,15:55,15,0,0,ALAMEDA AVENUE EAST & SANTA FE DRIVE SOUTH,1,1,0,0,1,4,0,,30,0,0,0,0,0,4,2,1