id,drcog_id,latitude,longitude,crashtime,time,crashtype,numbkilled,numbinjurd,drcoglocat,rdconditin,lightngcon,roadcntgrd,weatherco,location,roaddescrp,constrzone,schoolzone,splimit,bikeinv,pedinv,sctrinv,motoinv,svrty,rdsystem,ttlvehcls,hcf
,2017_62503,39.710295,-105.029811,9/28/2017 16:09,16:09,1,0,0,IRVING STREET SOUTH & NEVADA PLACE WEST,1,1,1,0,1,1,0,,25,0,0,0,0,0,4,2,7
,2017_62504,39.763224,-104.9318415,9/28/2017 16:20,16:20,8,0,0,33RD AVENUE EAST & DAHLIA STREET NORTH,1,1,0,0,1,1,0,,25,0,0,0,0,0,4,2,4
,2017_62505,39.844602,-104.6809395,9/28/2017 16:30,16:30,12,0,0,PENA BOULEVARD 4000 & 40TH AVENUE EAST,1,1,0,0,1,3,0,,35,0,0,0,0,0,4,2,1
,2017_62506,39.753612,-104.993451,9/28/2017 16:30,16:30,12,0,0,20TH STREET 1300 BLOCK & MARKET STREET,1,1,0,0,1,4,0,,25,0,0,0,0,0,4,4,13
,2017_62507,39.685698,-104.9500935,9/28/2017 16:44,16:44,3,0,0,MEXICO AVENUE EAST & STEELE STREET SOUTH,1,1,0,0,1,1,0,,30,0,0,0,0,0,4,2,16
,2017_62508,39.699468,-104.9979713,9/29/2017 12:50,12:50,6,0,0,TENESSEE AVENUE WEST & 4628 BLOCK,1,1,0,0,1,4,0,,25,0,0,0,0,0,4,2,5
,2017_62509,39.738456,-105.001605,9/28/2017 16:45,16:45,3,0,0,14TH AVENUE WEST & LIPAN STREET NORTH,2,1,0,0,1,1,0,,25,0,0,0,0,0,4,3,13
,2017_62510,39.73041,-104.986143,9/28/2017 16:58,16:58,12,0,0,LINCOLN STREET NORTH & NINTH AVENUE EAST,1,1,0,0,1,3,0,,30,0,0,0,0,1,4,2,8
,2017_62511,39.725775,-105.035112,9/28/2017 17:14,17:14,12,0,0,SIXTH AVENUE WEST FRONTAGE ROAD & LOWELL BOULEVARD NORTH,1,1,0,0,1,4,0,,25,0,0,0,0,1,4,2,5
,2017_62512,39.765618,-104.919966,9/28/2017 17:50,17:50,15,0,0,35TH AVENUE EAST & IVY STREET NORTH,1,1,0,0,1,1,0,,25,0,0,0,0,0,4,2,13
,2017_62513,39.778929,-104.958261,9/28/2017 18:25,18:25,3,0,0,JOSEPHINE STREET NORTH & 45TH AVENUE EAST,1,1,0,0,1,1,0,,25,0,0,0,0,0,4,2,8
,2017_62514,39.778047,-104.8471245,9/28/2017 19:05,19:05,1,0,0,45TH AVENUE EAST 12100 BLOCK & PEORIA STREET NORTH,1,3,0,0,1,2,0,,25,0,0,0,0,0,4,2,13
,2017_62515,39.787425,-105.034563,9/30/2017 16:08,16:08,15,0,0,LOWELL BOULEVARD NORTH & 50TH AVENUE WEST,1,1,0,0,1,3,0,,25,0,0,0,0,0,4,2,13
,2017_62516,39.746169,-104.98482,9/29/2017 7:38,7:38,12,0,0,19TH AVENUE EAST & SHERMAN STREET NORTH,1,1,1,7,1,3,0,,30,0,0,0,0,0,4,2,16
,2017_62517,39.744846,-104.9734035,9/29/2017 7:50,7:50,15,0,0,DOWNING STREET NORTH & 18TH AVENUE EAST,1,1,0,0,1,1,0,,30,0,0,0,0,0,4,2,13
,2017_62518,39.763206,-105.02361,10/3/2017 4:59,4:59,6,0,0,33RD AVENUE WEST & ELIOT STREET NORTH,1,3,0,0,1,4,0,,25,0,0,0,0,0,4,2,13
,2017_62519,39.783771,-104.8096575,9/29/2017 7:50,7:50,12,0,0,CHAMBERS ROAD NORTH & GREEN VALLEY RANCH BOULEVARD EAST,1,1,0,0,1,1,0,,40,0,0,0,0,0,4,2,1
,2017_62520,39.718125,-105.0361155,9/29/2017 7:55,7:55,6,0,0,MEADE STREET NORTH & FIRST AVENUE WEST,1,1,0,0,1,4,0,,25,0,0,0,0,0,4,2,13
,2017_62521,39.644172,-104.891472,9/29/2017 8:00,8:00,15,0,0,VINCENNES COURT SOUTH 3900 BLOCK & MANSFIELD AVENUE EAST,1,1,1,0,1,4,0,,25,0,0,0,0,0,4,2,4
,2017_62522,39.693015,-104.9827815,9/29/2017 8:30,8:30,10,0,0,LOUISIANA AVENUE EAST & LOGAN STREET SOUTH,1,1,0,0,1,1,0,,30,0,0,0,0,0,4,2,3
,2017_62524,39.786219,-104.8469715,9/29/2017 11:30,11:30,3,0,0,PEORIA STREET NORTH & ANDREWS DRIVE EAST,1,1,0,0,1,1,0,,40,0,0,0,0,0,4,2,14
,2017_62525,39.717045,-104.903793,9/29/2017 11:42,11:42,15,0,0,QUEBEC STREET 100 BLOCK SOUTH & LOWRY BOULEVARD EAST,1,1,0,0,1,4,0,,35,0,0,0,0,0,4,2,13
,2017_62526,39.709278,-104.92227,10/2/2017 18:09,18:09,3,0,0,DAKOTA AVENUE EAST & HOLLY STREET SOUTH,2,3,0,1,1,1,0,,,0,0,0,0,0,4,2,13
,2017_62527,39.779757,-104.9317335,9/29/2017 11:48,11:48,12,0,0,DAHLIA STREET NORTH & STAPLETON SOUTH DRIVE EAST,1,1,0,0,1,3,0,,25,0,0,0,0,0,4,2,16
,2017_62528,39.658878,-104.9305635,9/29/2017 12:20,12:20,12,0,0,EVANS AVENUE 4900 BLOCK EAST & EUDORA STREET SOUTH,1,1,0,0,1,4,0,,30,0,0,0,0,0,4,2,13
,2017_62529,39.71934,-104.987502,9/29/2017 12:43,12:43,12,0,0,BROADWAY STREET NORTH & SECOND AVENUE WEST,1,1,0,0,1,1,0,,30,0,0,0,0,0,4,2,13
,2017_62530,39.720906,-104.935023,9/29/2017 13:20,13:20,3,0,0,CLERMONT STREET NORTH & THIRD AVENUE EAST,1,1,0,0,1,1,0,,25,0,0,0,0,0,4,2,13
,2017_62531,39.749193,-104.997402,9/29/2017 13:51,13:51,15,0,0,LARIMER STREET & 16TH STREET,1,1,0,0,1,4,0,,30,0,0,0,0,0,4,2,13
,2017_62532,39.785607,-105.0310665,9/29/2017 14:25,14:25,1,0,0,49TH AVENUE WEST & JULIAN STREET NORTH,1,1,0,0,1,1,0,,25,0,0,0,0,0,4,2,13
,2017_62533,39.674835,-104.912973,9/29/2017 14:41,14:41,15,0,0,MONACO STREET 2200 BLOCK SOUTH & ILIFF AVENUE EAST,1,1,0,0,1,4,0,,35,0,0,0,0,0,4,2,13
,2017_62534,39.781854,-104.9786325,9/29/2017 14:45,14:45,12,0,0,47TH AVENUE 600 BLOCK EAST & WASHINGTON STREET NORTH,1,1,1,0,1,4,0,,30,0,0,0,0,0,4,2,13
,2017_62535,39.739995,-104.9598135,9/29/2017 15:40,15:40,12,0,0,YORK STREET & COLFAX AVENUE EAST,1,1,0,0,1,4,0,,,0,0,0,0,0,4,2,13
,2017_62536,39.772854,-104.941701,9/29/2017 16:40,16:40,3,0,0,40TH AVENUE EAST & HARRISON STREET,1,1,0,0,1,1,0,,25,0,0,0,0,0,4,2,13
,2017_62537,39.768948,-104.995332,9/29/2017 16:50,16:50,15,0,0,38TH AVENUE 500 BLOCK WEST & FOX STREET NORTH,1,1,1,7,1,4,0,,30,0,0,0,0,0,4,2,16
,2017_62538,39.678435,-104.922234,9/29/2017 17:05,17:05,3,0,0,HOLLY STREET SOUTH 2100 BLOCK & EVANS AVENUE EAST,1,1,0,0,1,2,0,,35,0,0,0,0,0,4,2,1
,2017_62539,39.703869,-104.9863005,9/29/2017 17:12,17:12,3,0,1,EXPOSITION AVENUE EAST & LINCOLN STREET SOUTH,1,1,0,0,1,3,0,,25,0,0,0,1,2,4,2,13
,2017_62540,39.7116,-104.9408055,9/29/2017 17:53,17:53,12,0,0,ALAMEDA AVENUE 4000 BLOCK EAST & COLORADO BOULEVARD SOUTH,1,1,0,0,1,1,0,,35,0,0,0,0,1,4,2,16
,2017_62541,39.753216,-104.9598,9/29/2017 18:12,18:12,12,0,0,25TH AVENUE EAST & YORK STREET NORTH,1,1,0,0,1,1,0,,35,0,0,0,0,0,4,2,13
,2017_62542,39.686796,-104.9687325,9/29/2017 18:31,18:31,3,0,0,FRANKLIN STREET SOUTH & BUCHTEL BOULEVARD EAST,1,2,0,0,1,1,0,,35,0,0,0,0,0,4,2,5
,2017_62543,39.735072,-104.9586525,9/29/2017 19:39,19:39,15,0,0,JOSEPHINE STREET NORTH & 12TH AVENUE EAST,1,1,0,0,1,1,0,,30,0,0,0,0,0,4,2,13
,2017_62544,39.752343,-105.007563,9/29/2017 20:30,20:30,1,0,1,ELITCH CIRCLE & SPEER BOULEVARD NORTH,1,3,0,0,1,1,0,,35,0,0,0,0,2,4,2,13
,2017_62545,39.734748,-105.027516,9/30/2017 11:46,11:46,12,0,0,12TH AVENUE WEST & HAZEL COURT NORTH,1,1,0,0,1,3,0,,25,0,0,0,0,0,4,2,13
,2017_62546,39.771756,-105.043914,9/30/2017 0:27,0:27,6,0,1,TENNYSON STREET NORTH 4000 BLOCK & 41ST AVENUE WEST,1,3,0,0,1,4,0,,35,0,0,0,0,2,4,2,5
,2017_62547,39.750372,-104.9941305,9/30/2017 0:33,0:33,10,0,0,18TH STREET & LAWRENCE STREET,1,3,1,0,1,1,0,,30,0,0,0,0,0,4,2,7
,2017_62548,39.83338151,-104.771988,9/30/2017 2:00,2:00,5,0,0,PENA BOULEVARD 6500 BLOCK & TOWER ROAD,1,3,0,0,3,4,0,,65,0,0,0,0,0,4,1,2
,2017_62549,39.696615,-104.912973,9/30/2017 2:10,2:10,6,0,0,MONACO STREET SOUTH 1100 BLOCK & MISSISSIPPI AVENUE EAST,1,3,0,0,3,4,0,,35,0,0,0,0,0,4,2,2
,2017_62550,39.736845,-104.9929335,9/30/2017 6:58,6:58,3,0,0,13TH AVENUE WEST & DELAWARE STREET NORTH,1,5,0,7,1,1,0,,30,0,0,0,0,0,4,2,8
,2017_62551,39.777984,-104.9223105,9/30/2017 6:58,6:58,10,0,0,STAPLETON DRIVE EAST & HOLLY STREET NORTH,1,1,0,0,1,1,0,,,0,0,0,0,0,4,2,13
,2017_62552,39.798261,-104.847282,9/30/2017 7:34,7:34,3,0,0,56TH AVENUE EAST & PEORIA STREET NORTH,1,1,0,0,1,3,0,,40,0,0,0,0,1,4,2,14
,2017_62553,39.714345,-105.045399,9/30/2017 8:07,8:07,6,0,0,VRAIN STREET 100 BLOCK SOUTH & WEIR DRIVE WEST,1,1,0,0,1,4,0,,25,0,0,0,0,0,4,2,13
,2017_62554,39.708549,-105.0298425,9/30/2017 9:18,9:18,3,0,1,ALASKA PLACE WEST & IRVING STREET SOUTH,1,1,0,0,1,1,0,,25,0,0,0,0,2,4,4,1
,2017_62555,39.711366,-104.912964,9/30/2017 9:44,9:44,15,0,0,MONACO STREET 200 BLOCK SOUTH & ALAMEDA AVENUE EAST,1,1,0,0,1,4,0,,35,0,0,0,0,0,4,2,16
,2017_62556,39.78889093,-104.9351261,10/4/2017 19:10,19:10,6,0,0,51ST AVENUE & 11000 BLOCK EAST,1,3,0,0,1,4,0,,25,0,0,0,0,1,4,2,2
,2017_62557,39.769155,-104.9733765,9/30/2017 9:54,9:54,15,0,0,WALNUT STREET & DOWNING STREET NORTH,1,1,0,0,1,3,0,,25,0,0,0,0,0,4,2,16
,2017_62558,39.787389,-104.9782905,9/30/2017 11:09,11:09,5,0,0,50TH AVENUE EAST & WASHINGTON STREET NORTH,1,1,0,0,3,4,0,,30,0,0,0,0,1,4,1,13
,2017_62559,39.760749,-104.959782,9/30/2017 12:20,12:20,3,0,0,YORK STREET NORTH & 31ST AVENUE EAST,1,1,0,0,1,1,0,,35,0,0,0,0,0,4,3,8
,2017_62560,39.73842,-104.987394,9/30/2017 12:24,12:24,15,0,0,BROADWAY STREET NORTH & 14TH AVENUE EAST,1,1,0,0,1,1,0,,30,0,0,0,0,0,4,2,8
,2017_62561,39.76821,-105.003792,9/30/2017 12:42,12:42,6,0,1,NAVAJO STREET NORTH 3700 BLOCK & 38TH AVENUE WEST,1,1,0,0,1,4,0,,25,0,0,0,0,2,4,6,13
,2017_62562,39.746772,-104.991813,9/30/2017 15:21,15:21,3,0,0,STOUT STREET & 17TH STREET,1,1,0,0,1,1,0,,30,0,0,0,0,1,4,2,13
,2017_62563,39.700197,-104.9769315,9/30/2017 15:30,15:30,12,0,0,KENTUCKY AVENUE EAST & EMERSON STREET SOUTH,1,1,0,0,1,1,0,,20,0,0,0,0,1,4,2,13
,2017_62564,39.748446,-105.0033735,9/30/2017 16:40,16:40,12,0,0,SPEER BOULEVARD & AURARIA PARKWAY,1,1,0,0,1,4,0,,35,0,0,0,0,0,4,2,13
,2017_62565,39.722535,-104.9862825,9/30/2017 17:50,17:50,3,0,0,LINCOLN STREET NORTH & FOURTH AVENUE EAST,1,1,0,0,1,1,0,,25,0,0,0,0,1,4,2,13
,2017_62566,39.750696,-104.959773,9/30/2017 19:28,19:28,12,0,0,23RD AVENUE 2400 BLOCK EAST & YORK STREET NORTH,1,3,0,0,1,4,0,,35,0,0,0,0,0,4,2,14
,2017_62567,39.709314,-104.98761,9/30/2017 19:29,19:29,12,0,0,BROADWAY STREET SOUTH & DAKOTA AVENUE EAST,1,3,0,0,1,4,0,,30,0,0,0,0,0,4,2,1
,2017_62568,39.769398,-105.049782,9/30/2017 19:36,19:36,3,0,0,38TH AVENUE 4800 BLOCK WEST & XAVIER STREET NORTH,1,3,0,7,1,2,0,,35,0,0,0,0,0,4,2,1
,2017_62569,39.759579,-105.0017805,9/30/2017 21:37,21:37,12,0,0,20TH STREET & LITTLE RAVEN STREET,1,3,1,7,1,4,0,,30,0,0,0,0,0,4,2,5
,2017_62570,39.754809,-104.990193,9/30/2017 22:00,22:00,15,0,0,22ND STREET & LARIMER STREET,1,3,0,0,1,4,0,,30,0,0,0,0,0,4,2,14
,2017_62571,39.751452,-104.9979645,10/1/2017 1:45,1:45,15,0,0,BLAKE STREET & 17TH STREET,1,3,0,0,1,1,0,,25,0,0,0,0,0,4,2,13
,2017_62572,39.705705,-104.9839605,10/2/2017 9:52,9:52,6,0,0,CENTER AVENUE 300 BLOCK EAST & GRANT STREET SOUTH,1,1,0,0,1,4,0,,25,0,0,0,0,0,4,2,13
,2017_62573,39.692988,-104.973417,10/1/2017 2:35,2:35,6,0,0,DOWNING STREET 1200 BLOCK SOUTH & LOUISIANA AVENUE EAST,1,3,0,7,1,4,0,,30,0,0,0,0,0,4,2,5
,2017_62574,39.7828575,-104.960295,10/1/2017 3:15,3:15,6,0,0,CLAUDE COURT & 4700 BLOCK NORTH,1,4,0,0,1,4,0,,30,0,0,0,0,0,4,4,1
,2017_62575,39.680316,-104.9828625,10/1/2017 9:15,9:15,3,0,0,ASBURY AVENUE EAST & LOGAN STREET SOUTH,1,1,0,0,1,1,0,,30,0,0,0,0,0,4,2,13
,2017_62576,39.79277099,-104.9428621,10/1/2017 10:30,10:30,6,0,0,JACKSON STREET & 1800 BLOCK SOUTH,1,1,0,0,1,4,0,,20,0,0,0,0,0,4,2,13
,2017_62577,39.725649,-104.986314,10/1/2017 10:30,10:30,10,0,0,SIXTH AVENUE EAST & LINCOLN STREET NORTH,1,1,0,0,1,1,0,,30,0,0,0,0,0,4,2,13
,2017_62578,39.716559,-104.9875155,10/1/2017 11:06,11:06,6,0,0,BROADWAY SOUTH & ELLSWORTH AVENUE EAST,1,1,0,0,1,4,0,,,0,0,0,0,0,4,2,13
,2017_62579,39.741498,-105.044031,10/1/2017 11:20,11:20,6,0,0,TENNYSON STREET NORTH 1500 BLOCK & CONEJOS PLACE WEST,1,1,0,0,1,4,0,,25,0,0,0,0,0,4,2,13
,2017_62580,39.73293,-105.032151,10/1/2017 12:00,12:00,15,0,0,10TH AVENUE WEST & KNOX COURT NORTH,1,1,1,0,1,1,0,,25,0,0,0,0,0,4,2,1
,2017_62581,39.688875,-104.973435,10/1/2017 12:58,12:58,12,0,0,DOWNING STREET 1500 BLOCK SOUTH & BUCHTEL BOULEVARD EAST,1,1,0,0,1,3,0,,30,0,0,0,0,1,4,2,13
,2017_62582,39.743595,-104.992524,10/1/2017 13:28,13:28,10,0,0,WELTON STREET & 15TH STREET,1,1,0,0,1,1,0,,30,0,0,0,0,0,4,2,7
,2017_62583,39.678363,-104.959404,10/1/2017 13:55,13:55,12,0,0,UNIVERSITY BOULEVARD 2100 BLOCK SOUTH & EVANS AVENUE EAST,1,1,0,0,1,3,0,,30,0,0,0,0,0,4,2,7
,2017_62584,39.711105,-104.97339,10/1/2017 15:40,15:40,3,0,0,ALAMEDA AVENUE EAST & DOWNING STREET SOUTH,1,1,0,0,1,1,0,,30,0,0,0,0,0,4,2,5
,2017_62585,39.756123,-104.979771,10/1/2017 16:10,16:10,3,0,0,27TH STREET & STOUT STREET,1,1,0,0,1,1,0,,30,0,0,0,0,0,4,2,13
,2017_62586,39.71561412,-104.9033902,10/1/2017 17:30,17:30,6,0,0,QUEBEC WAY & 1600 BLOCK SOUTH,1,1,0,0,1,4,0,,30,0,0,0,0,0,4,2,13
,2017_62587,39.754827,-105.0191775,10/1/2017 18:28,18:28,3,0,0,26TH AVENUE WEST & BRYANT STREET NORTH,1,3,0,0,1,1,0,,25,0,0,0,0,0,4,2,13
,2017_62588,39.782385,-104.847093,10/1/2017 18:51,18:51,1,0,0,PEORIA STREET NORTH & 47TH AVENUE EAST,1,3,0,0,1,1,0,,35,0,0,0,0,0,4,2,13
,2017_62589,39.696759,-105.0297615,10/1/2017 19:29,19:29,3,0,0,MISSISSIPPI AVENUE WEST & IRVING STREET SOUTH,1,3,0,0,1,1,0,,,0,0,0,0,1,4,2,14
,2017_62590,39.758814,-104.983272,10/1/2017 20:01,20:01,3,0,0,27TH STREET & LAWRENCE STREET,2,3,0,1,1,1,0,,25,0,0,0,0,0,4,2,8
,2017_62591,39.787821,-105.0064065,10/1/2017 21:43,21:43,6,0,0,PECOS STREET NORTH & BEEKMAN PLACE WEST,2,3,0,1,1,4,0,,30,0,0,0,0,0,4,2,5
,2017_62592,39.75498,-104.995143,10/1/2017 22:05,22:05,12,0,0,20TH STREET & WAZEE STREET,2,3,1,1,1,1,0,,,0,0,0,0,0,4,2,13
,2017_62593,39.732975,-105.0217335,10/2/2017 1:13,1:13,6,0,0,DECATUR STREET NORTH & 10TH AVENUE WEST,2,3,0,1,1,4,0,,25,0,0,0,0,0,4,2,7
,2017_62594,39.76283001,-104.9733612,10/2/2017 1:53,1:53,6,0,0,DOWNING STREET & 2400 BLOCK NORTH,2,3,0,1,1,4,0,,30,0,0,0,0,0,4,4,13
,2017_62595,39.764565,-105.0109515,10/3/2017 12:45,12:45,15,0,0,TEJON STREET 3400 BLOCK NORTH & 34TH AVENUE,1,1,0,0,1,4,0,,,0,0,0,0,0,4,2,13
,2017_62596,39.772872,-104.8016205,10/2/2017 6:51,6:51,14,0,0,40TH AVENUE EAST & KITTREDGE STREET NORTH,1,2,0,0,1,1,0,,30,0,0,0,0,0,4,2,13
,2017_62597,39.730455,-104.971797,10/2/2017 7:36,7:36,6,0,0,NINTH AVENUE EAST & MARION STREET NORTH,2,2,0,0,1,4,0,,25,0,0,0,0,0,4,2,8
,2017_62598,39.750705,-104.968413,10/2/2017 8:51,8:51,3,0,0,23RD AVENUE EAST & FRANKLIN STREET NORTH,1,1,0,0,1,1,0,,25,0,0,0,0,1,4,2,8
,2017_62599,39.7180305,-104.9339363,10/2/2017 9:00,9:00,6,0,0,CHERRY STREET & 1536 NORTH CHERRY STREET,1,1,0,0,1,4,0,,25,0,0,0,0,0,4,2,13
,2017_62600,39.76909565,-104.8610264,10/2/2017 9:48,9:48,12,0,0,JOLIET STREET 3700 BLOCK NORTH & 37TH AVENUE EAST,1,1,0,0,1,4,0,,25,0,0,0,0,0,4,2,13
,2017_62601,39.725658,-104.9908725,10/2/2017 10:20,10:20,15,0,0,SIXTH AVENUE 200 BLOCK WEST & BANNOCK STREET NORTH,1,1,0,0,1,4,0,,30,0,0,0,0,0,4,2,8
,2017_62602,39.723903,-105.0186735,10/2/2017 10:45,10:45,3,0,0,BRYANT STREET NORTH & FIFTH AVENUE WEST,1,1,0,1,1,1,0,,25,0,0,0,0,0,4,2,3
,2017_62603,39.741642,-104.9711423,10/3/2017 6:01,6:01,12,0,0,16TH AVENUE EAST & 1600 BLOCK NORTH,1,3,0,0,1,4,0,,,0,0,0,0,0,4,2,13
,2017_62604,39.729078,-104.9848605,10/4/2017 20:00,20:00,6,0,0,SHERMAN STREET 700 BLOCK NORTH & EIGHTH AVENUE EAST,1,3,0,0,1,4,0,,30,0,0,0,0,0,4,2,13
,2017_62605,39.732048,-104.988825,10/2/2017 13:15,13:15,3,0,0,10TH AVENUE & ACOMA / BANNOCK ALLEY,1,1,0,0,1,5,0,,20,0,0,0,0,0,4,3,13
,2017_62606,39.703887,-104.912964,10/2/2017 13:44,13:44,12,0,0,MONACO STREET 600 BLOCK SOUTH & EXPOSITION AVENUE EAST,1,1,1,0,1,1,0,,35,0,0,0,0,0,4,2,13
,2017_62607,39.703824,-104.9444505,10/2/2017 14:06,14:06,6,0,0,JACKSON STREET SOUTH 700 BLOCK & EXPOSITION AVENUE EAST,1,1,0,0,1,4,0,,25,0,0,0,0,0,4,2,14
,2017_62608,39.757086,-104.990715,10/2/2017 14:20,14:20,3,0,0,PARK AVENUE WEST & BLAKE STREET,1,1,0,0,1,1,0,,30,0,0,0,0,0,4,2,13
,2017_62609,39.693096,-105.028461,10/2/2017 14:53,14:53,6,0,0,LOUISANA AVENUE WEST & HOOKER STREET SOUTH,2,1,0,1,1,4,0,,,0,0,0,0,0,4,3,13
,2017_62610,39.729078,-104.983614,10/2/2017 15:30,15:30,10,0,0,EIGHTH AVENUE EAST & GRANT STREET NORTH,2,2,1,1,1,1,0,,30,0,0,0,0,0,4,2,13
,2017_62611,39.678516,-105.0017625,10/2/2017 15:34,15:34,10,0,0,LIPAN STREET & EVANS AVENUE WEST,2,1,0,1,1,3,0,,25,0,0,0,0,0,4,2,1
,2017_62612,39.678516,-105.0017625,10/2/2017 15:34,15:34,12,0,0,LIPAN STREET 2000 BLOCK SOUTH & EVANS AVENUE WEST,2,1,0,1,1,3,0,,25,0,0,0,0,0,4,3,13
,2017_62613,39.729312,-105.015933,10/2/2017 16:20,16:20,15,0,0,EIGHTH AVENUE 2000 BLOCK WEST & ZUNI STREET NORTH,1,1,1,0,1,4,0,,30,0,0,0,0,0,4,2,13
,2017_62614,39.71781,-104.942565,10/2/2017 16:30,16:30,14,0,0,FIRST AVENUE EAST & JACKSON STREET NORTH,2,1,0,0,1,5,0,,25,0,0,0,0,0,4,2,13
,2017_62615,39.733668,-104.998698,10/2/2017 16:58,16:58,1,0,0,11TH AVENUE WEST & SANTA FE DRIVE NORTH,2,1,0,1,1,5,0,,25,0,0,0,0,1,4,2,13
,2017_62616,39.763827,-104.903451,10/2/2017 17:17,17:17,12,0,0,QUEBEC STREET NORTH & 33RD AVENUE EAST,2,1,0,1,1,4,0,,35,0,0,0,0,0,4,2,1
,2017_62617,39.757608,-104.9865705,10/2/2017 17:24,17:24,12,0,0,25TH STREET & LARIMER STREET,2,1,0,1,1,4,0,,30,0,0,0,0,0,4,3,3
,2017_62618,39.744855,-104.987394,10/2/2017 17:50,17:50,12,0,0,18TH AVENUE EAST & BROADWAY STREET NORTH,1,1,0,1,1,1,0,,30,0,0,0,0,0,4,2,13
,2017_62619,39.759579,-105.0017805,10/2/2017 18:09,18:09,12,0,0,20TH STREET & LITTLE RAVEN STREET,2,3,1,1,1,1,0,,30,0,0,0,0,0,4,2,13
,2017_62620,39.711366,-104.912964,10/2/2017 18:10,18:10,1,0,0,ALAMEDA AVENUE EAST & MONACO STREET SOUTH,2,2,0,1,1,1,0,,35,0,0,0,0,0,4,2,1
,2017_62621,39.732084,-105.000174,10/2/2017 18:29,18:29,15,0,0,10TH AVENUE WEST & KALAMATH STREET NORTH,2,2,0,1,1,4,0,,25,0,0,0,0,0,4,2,13
,2017_62622,39.736773,-104.946174,10/2/2017 19:00,19:00,3,0,0,MADISON STREET NORTH & 13TH AVENUE EAST,2,3,0,1,1,1,0,,30,0,0,0,0,0,4,2,8
,2017_62623,39.638727,-104.904081,10/2/2017 19:05,19:05,1,0,0,QUINCY AVENUE EAST & EASTMOOR DRIVE EAST,2,3,0,1,1,1,0,,35,0,0,0,0,1,4,2,7
,2017_62624,39.667455,-104.9344155,11/30/2017 9:39,9:39,5,0,0,YALE AVENUE EAST & CHERRY STREET SOUTH,1,1,0,0,2,1,0,,30,0,0,0,0,0,4,1,10
,2017_62625,39.674754,-104.870862,10/2/2017 19:10,19:10,12,0,0,ILIFF AVENUE EAST & PARKER ROAD SOUTH,2,4,0,1,1,4,0,,40,0,0,0,0,0,4,2,5
,2017_62626,39.76212617,-104.9885624,10/2/2017 20:20,20:20,6,0,0,26TH STREET 3200 BLOCK & WEWATTA WAY,2,3,0,1,1,2,0,,25,0,0,0,0,0,4,2,5
,2017_62627,39.736863,-104.9752845,10/2/2017 21:00,21:00,3,0,0,13TH AVENUE EAST & OGDEN STREET NORTH,2,3,0,1,1,1,0,,30,0,0,0,0,0,4,2,16
,2017_62628,39.798234,-104.7721815,10/2/2017 21:10,21:10,12,0,0,56TH AVENUE EAST & TOWER ROAD NORTH,1,3,0,0,1,1,0,,35,0,0,0,0,0,4,2,16
,2017_62629,39.738393,-104.9718645,10/2/2017 21:23,21:23,3,0,0,14TH AVENUE EAST & MARION STREET NORTH,2,3,0,7,1,1,0,,25,0,0,0,0,0,4,3,7
,2017_62630,39.68217,-105.0018345,10/3/2017 6:13,6:13,12,0,0,JEWELL AVENUE WEST & PLATTE RIVER DRIVE SOUTH,1,1,0,0,1,1,0,,40,0,0,0,0,0,4,2,16
,2017_62631,39.798396,-104.786415,10/3/2017 6:20,6:20,12,0,0,56TH AVENUE EAST & PENA BOULEVARD,1,2,0,0,1,4,0,,45,0,0,0,0,0,4,2,4
,2017_62632,39.66759,-104.9165775,10/3/2017 6:45,6:45,15,0,0,KRAMERIA STREET SOUTH & YALE AVENUE EAST,1,1,0,0,1,1,0,,30,0,0,0,0,0,4,2,16
,2017_62633,39.687507,-104.912901,10/3/2017 7:01,7:01,3,0,0,MONACO STREET SOUTH & IOWA AVENUE EAST,1,1,0,0,1,1,0,,25,0,0,0,0,0,4,2,14
,2017_62634,39.746403,-105.0014385,10/3/2017 7:30,7:30,3,0,0,LARIMER STREET & SPEER BOULEVARD NORTH,1,1,0,0,1,1,0,,25,0,0,0,0,0,4,2,16
,2017_62635,39.722913,-105.0324705,10/3/2017 7:45,7:45,3,0,0,KNOX COURT NORTH & FOURTH AVENUE WEST,1,1,0,0,1,1,0,,35,0,0,0,0,1,4,2,13
,2017_62636,39.744801,-104.9861205,10/3/2017 7:45,7:45,10,0,0,18TH AVENUE EAST & LINCOLN STREET NORTH,1,1,0,0,1,1,0,,30,0,0,0,0,0,4,2,13
,2017_62637,39.747438,-104.90346,10/3/2017 8:00,8:00,12,0,0,QUEBEC STREET SOUTHBOUND 2000 BLOCK NORTH & MONTVIEW BOULEVARD,1,1,0,0,1,4,0,,35,0,0,0,0,0,4,2,7
,2017_62638,39.737106,-104.975181,10/3/2017 8:41,8:41,6,0,0,OGDEN STREET NORTH 1300 BLOCK & 12TH AVENUE EAST,1,1,0,0,1,4,0,,25,0,0,0,0,0,4,2,14
,2017_62639,39.74624476,-104.9810235,10/3/2017 8:54,8:54,1,0,0,PENNSYLVANIA STREET N1900 BLOCK & 20TH AVENUE EAST,1,1,0,0,1,4,0,,25,0,0,0,0,0,4,2,13