id,drcog_id,latitude,longitude,crashtime,time,crashtype,numbkilled,numbinjurd,drcoglocat,rdconditin,lightngcon,roadcntgrd,weatherco,location,roaddescrp,constrzone,schoolzone,splimit,bikeinv,pedinv,sctrinv,motoinv,svrty,rdsystem,ttlvehcls,hcf
,2017_62640,39.738366,-104.9598225,10/3/2017 9:10,9:10,6,0,0,14TH AVENUE 2200 BLOCK EAST & YORK STREET,1,1,0,0,1,4,0,,30,0,0,0,0,0,4,2,7
,2017_62641,39.752262,-105.040143,10/3/2017 10:00,10:00,6,0,0,QUITMAN STREET NORTH 2400 BLOCK & 24TH AVENUE,1,1,1,0,1,4,0,,25,0,0,0,0,0,4,2,3
,2017_62642,39.769641,-104.8486095,10/3/2017 10:19,10:19,3,0,0,38TH AVENUE EAST & PARIS STREET NORTH,1,1,0,0,1,1,0,,25,0,0,0,0,0,4,2,4
,2017_62643,39.678678,-105.01335,10/5/2017 9:13,9:13,6,0,0,VALLEJO STREET & EVANS AVENUE WEST,1,1,0,0,1,4,0,,25,0,0,0,0,0,4,2,13
,2017_62644,39.757086,-104.996502,10/3/2017 13:00,13:00,15,0,0,WEWATTA STREET & 21ST STREET,1,1,0,0,1,4,0,,30,0,0,0,0,0,4,2,13
,2017_62645,39.798396,-104.786415,10/3/2017 13:22,13:22,12,0,0,56TH AVENUE EAST & PENA BOULEVARD,1,1,0,0,1,4,0,,45,0,0,0,0,0,4,2,13
,2017_62646,39.736656,-105.044463,10/4/2017 20:00,20:00,6,0,0,13TH AVENUE & UNO COURT / 4400 BLOCK WEST,1,2,0,0,1,4,0,,25,0,0,0,0,0,4,2,14
,2017_62647,39.721455,-104.881761,10/3/2017 13:38,13:38,15,0,0,YOSEMITE WAY NORTH & FIFTH AVENUE EAST,1,1,0,0,1,1,0,,35,0,0,0,0,0,4,2,1
,2017_62648,39.767508,-105.050952,10/3/2017 14:00,14:00,6,0,0,YATES STREET NORTH & 37TH AVENUE WEST 3600 BLOCK,1,1,1,0,1,4,0,,25,0,0,0,0,0,4,2,13
,2017_62649,39.741678,-104.982354,10/3/2017 14:24,14:24,1,0,0,16TH AVENUE EAST & LOGAN STREET NORTH,1,1,0,0,1,1,0,,35,0,0,0,0,0,4,2,14
,2017_62650,39.738357,-104.9573835,10/3/2017 14:29,14:29,3,0,0,14TH AVENUE EAST & COLUMBINE STREET NORTH,1,1,0,0,1,2,0,,30,0,0,0,0,0,4,2,1
,2017_62651,39.709026,-104.875443,10/3/2017 14:45,14:45,3,0,0,ALAMEDA AVENUE EAST & DAYTON STREET SOUTH,1,1,0,0,1,1,0,,35,0,0,0,0,0,4,2,1
,2017_62652,39.696561,-104.875272,10/3/2017 14:48,14:48,1,0,0,MISSISSIPPI AVENUE EAST & DAYTON STREET SOUTH,1,1,0,0,1,1,0,,40,0,0,0,0,0,4,2,13
,2017_62653,39.717045,-104.903793,10/3/2017 15:14,15:14,12,0,0,QUEBEC STREET NORTH & LOWRY BOULEVARD EAST,1,1,0,0,1,3,0,,,0,0,0,0,0,4,3,13
,2017_62654,39.727305,-104.9986125,10/3/2017 15:25,15:25,3,0,0,SEVENTH AVENUE WEST & SANTA FE DRIVE NORTH,1,1,0,0,1,1,0,,25,0,0,0,0,0,4,2,12
,2017_62655,39.687642,-105.0297435,10/3/2017 15:29,15:29,12,0,0,IRVING STREET SOUTH & IOWA AVENUE WEST,1,1,1,0,1,1,0,,30,0,0,0,0,0,4,2,7
,2017_62656,39.73869,-104.890554,10/5/2017 10:00,10:00,8,0,0,14TH AVENUE EAST & VERBENA STREET NORTH,1,1,0,0,1,3,0,,30,0,0,0,0,0,4,2,7
,2017_62657,39.73869,-104.9034645,10/3/2017 15:44,15:44,10,0,0,14TH AVENUE EAST & QUEBEC STREET NORTH,1,1,0,0,1,1,0,,30,0,0,0,0,0,4,2,14
,2017_62658,39.758499,-105.034617,10/3/2017 15:55,15:55,15,0,0,29TH AVENUE WEST & LOWELL BOULEVARD NORTH,1,1,0,0,1,1,0,,30,0,0,0,0,0,4,2,13
,2017_62659,39.682287,-105.020343,10/3/2017 16:05,16:05,3,0,0,JEWELL AVENUE WEST & CLAY STREET SOUTH,1,1,0,0,1,1,0,,30,0,0,0,0,0,4,2,3
,2017_62660,39.781305,-104.8268025,10/3/2017 16:20,16:20,3,0,0,DILLON STREET NORTH & ANDREWS DRIVE EAST,1,1,0,0,1,1,0,,35,0,0,0,0,1,4,2,7
,2017_62661,39.678489,-104.9687415,10/3/2017 16:52,16:52,12,0,0,EVANS AVENUE 1500 BLOCK EAST & FRANKLIN STREET SOUTH,1,1,0,0,1,4,0,,35,0,0,0,0,0,4,2,13
,2017_62662,39.748617,-104.903451,10/3/2017 17:00,17:00,3,0,0,21ST AVENUE EAST & QUEBEC STREET NORTH,1,1,0,0,1,1,0,,40,0,0,0,0,1,4,2,1
,2017_62663,39.678426,-104.9395905,10/3/2017 18:09,18:09,1,0,1,EVANS AVENUE EAST & ALBION STREET SOUTH,1,1,0,0,1,3,0,,35,0,0,0,0,2,4,2,14
,2017_62664,39.72564,-104.982381,10/4/2017 0:59,0:59,3,0,0,SIXTH AVENUE EAST & LOGAN STREET NORTH,1,3,0,0,1,1,0,,40,0,0,0,0,0,4,2,13
,2017_62665,39.832011,-104.71554,10/4/2017 4:20,4:20,15,0,0,75TH AVENUE EAST & GUN CLUB ROAD NORTH,1,3,0,0,1,1,0,,45,0,0,0,0,0,4,2,13
,2017_62666,39.725667,-104.99283,10/4/2017 6:58,6:58,12,0,0,SIXTH AVENUE 500 BLOCK WEST & DELAWARE STREET NORTH,1,1,0,0,1,3,0,,25,0,0,0,0,0,4,2,14
,2017_62667,39.779757,-104.9317335,10/4/2017 7:54,7:54,15,0,0,46TH AVENUE EAST & DAHLIA STREET NORTH,1,1,0,0,1,4,0,,30,0,0,0,0,0,4,2,16
,2017_62668,39.725658,-104.9863095,10/4/2017 9:39,9:39,15,0,0,SIXTH AVENUE EAST & SPEER BOULEVARD EAST,1,1,0,0,1,1,0,,30,0,0,0,0,0,4,2,13
,2017_62669,39.844602,-104.6809395,10/4/2017 9:40,9:40,15,0,0,PENA BOULEVARD & 5500 BLOCK,1,1,0,0,1,4,0,,40,0,0,0,0,1,4,2,13
,2017_62670,39.743199,-104.963454,10/4/2017 10:59,10:59,3,0,0,RACE STREET NORTH & 17TH AVENUE EAST,1,1,0,0,1,1,0,,25,0,0,0,0,0,4,2,7
,2017_62671,39.741642,-104.9721525,10/4/2017 11:24,11:24,3,0,0,16TH AVENUE EAST & MARION STREET NORTH,1,1,1,0,1,1,0,,25,0,0,0,0,0,4,2,3
,2017_62672,39.624192,-104.89473,10/4/2017 11:35,11:35,3,0,0,8100 BLOCK EAST BELLEVIEW AVENUE & ULSTER STREET SOUTH,1,1,0,0,1,2,0,,35,0,0,0,0,0,4,2,13
,2017_62673,39.711159,-105.0215355,10/4/2017 13:02,13:02,15,0,0,DALE COURT SOUTH & ALAMEDA AVENUE WEST,1,1,0,0,1,4,0,,,0,0,0,0,0,4,2,13
,2017_62674,39.752964,-105.008193,10/4/2017 13:16,13:16,12,0,0,SPEER BOULEVARD NORTH & LITTLE RAVEN STREET,1,1,1,0,1,3,0,,35,0,0,0,0,0,4,4,13
,2017_62675,39.759579,-105.0017805,10/4/2017 13:28,13:28,12,0,0,20TH STREET & LITTLE RAVEN STREET,1,1,1,0,1,3,0,,30,0,0,0,0,1,4,3,13
,2017_62676,39.761991,-105.025275,10/4/2017 13:29,13:29,15,0,0,32ND AVENUE WEST 3000 BLOCK & FEDERAL BOULEVARD NORTH,1,1,1,0,1,4,0,,30,0,0,0,0,0,4,2,14
,2017_62677,39.747501,-104.9775615,10/6/2017 7:52,7:52,3,0,0,CLARKSON STREET NORTH & 20TH AVENUE EAST,1,1,0,0,1,1,0,,25,0,0,0,0,0,4,2,13
,2017_62678,39.674835,-104.912973,10/4/2017 13:37,13:37,12,0,0,ILIFF AVENUE 6500 BLOCK EAST & MONACO STREET SOUTH,1,1,0,0,1,4,0,,25,0,0,0,0,0,4,2,3
,2017_62679,39.759498,-104.973372,10/4/2017 14:50,14:50,12,0,0,DOWNING STREET NORTH & 30TH AVENUE EAST,1,1,0,0,1,4,0,,30,0,0,0,0,0,4,3,3
,2017_62680,39.651219,-104.9263335,10/4/2017 15:13,15:13,1,0,0,JEFFERSON AVENUE EAST & GLENCOE STREET SOUTH,1,1,1,0,1,3,0,,25,0,0,0,0,0,4,2,3
,2017_62681,39.747456,-104.992722,10/4/2017 16:20,16:20,12,0,0,CHAMPA STREET & 17TH STREET,1,1,0,0,1,1,0,,,0,0,0,0,0,4,2,13
,2017_62682,39.676608,-104.959386,10/4/2017 16:27,16:27,12,0,0,UNIVERSITY BOULEVARD SOUTH & WARREN AVENUE EAST,1,1,0,0,1,3,0,,35,0,0,0,0,0,4,3,13
,2017_62683,39.718368,-105.0532785,10/4/2017 16:43,16:43,15,0,0,FIRST AVENUE WEST & SHERIDAN BOULEVARD NORTH,1,1,1,0,1,3,0,,30,0,0,0,0,0,4,2,3
,2017_62684,39.761838,-104.929371,10/4/2017 16:45,16:45,12,0,0,MLK BOULEVARD EAST & ELM STREET NORTH,1,1,0,0,1,4,0,,30,0,0,0,0,0,4,2,1
,2017_62685,39.79827,-104.8972815,10/4/2017 17:40,17:40,12,0,0,56TH AVENUE 7800 BLOCK EAST & SPRUCE STREET NORTH,1,1,0,0,1,4,0,,45,0,0,0,0,0,4,2,1
,2017_62686,39.662415,-104.887764,10/4/2017 18:08,18:08,12,0,0,SYRACUSE WAY SOUTH & XERIC COURT SOUTH,1,1,1,0,1,1,0,,35,0,0,0,0,1,4,2,3
,2017_62687,39.738672,-104.9093505,10/4/2017 18:15,18:15,3,0,0,14TH AVENUE EAST & NEWPORT STREET NORTH,1,1,1,0,1,1,0,,30,0,0,0,0,1,4,2,8
,2017_62688,39.66768,-105.0349725,10/4/2017 18:17,18:17,6,0,0,LOWELL BOULEVARD SOUTH & YALE AVENUE WEST,1,1,0,0,1,4,0,,30,0,0,0,0,0,4,2,3
,2017_62689,39.735621,-104.9034645,10/4/2017 18:58,18:58,12,0,0,QUEBEC STREET NORTH & 12TH AVENUE EAST,1,3,1,0,1,4,0,,30,0,0,0,0,0,4,2,1
,2017_62690,39.736845,-104.98617,10/4/2017 19:05,19:05,12,0,0,LINCOLN STREET NORTH & 13TH AVENUE EAST,1,2,0,0,1,4,0,,,0,0,0,0,0,4,2,13
,2017_62691,39.78288,-104.7555,10/4/2017 19:33,19:33,1,0,0,GREEN VALLEY RANCH BOULEVARD & HIMALAYA ROAD NORTH,1,3,0,0,1,1,0,,30,0,0,0,0,0,4,2,13
,2017_62692,39.783825,-104.830434,10/4/2017 20:18,20:18,8,0,1,ANDREWS DRIVE EAST & BLACKHAWK WAY NORTH,1,3,0,0,1,4,0,,35,0,0,0,0,2,4,2,5
,2017_62693,39.76533298,-105.03929,10/4/2017 23:41,23:41,6,0,0,PERRY STREET & 2600 BLOCK SOUTH,1,4,0,0,1,4,0,,25,0,0,0,0,0,4,2,1
,2017_62694,39.738429,-104.981112,10/5/2017 2:14,2:14,3,0,0,14TH AVENUE EAST & PENNSYLVANIA STREET NORTH,1,3,0,0,1,1,0,,30,0,0,0,0,0,4,3,12
,2017_62695,39.718026,-104.9522265,10/5/2017 7:04,7:04,1,0,0,FIRST AVENUE EAST & MILWAUKEE STREET NORTH,1,1,0,0,1,1,0,,30,0,0,0,0,0,4,2,13
,2017_62696,39.711186,-104.997132,10/5/2017 7:21,7:21,5,0,0,ALAMEDA AVENUE & SANTA FE DRIVE SOUTH,1,1,0,0,3,4,0,,30,0,0,0,0,0,4,2,1
,2017_62697,39.685365,-105.034374,10/5/2017 7:41,7:41,12,0,0,LOWELL BOULEVARD SOUTH & MEXICO AVENUE WEST,1,1,0,0,1,2,0,,25,0,0,0,0,0,4,2,13
,2017_62698,39.718026,-104.9522265,10/5/2017 7:55,7:55,15,0,0,MILWAUKEE STREET NORTH & FIRST AVENUE EAST,1,1,0,0,1,1,0,,30,0,0,0,0,0,4,2,13
,2017_62699,39.752766,-104.9549535,10/5/2017 7:56,7:56,12,0,0,YORK STREET 2500 BLOCK NORTH & 26TH AVENUE EAST,1,1,0,0,1,4,0,,25,0,0,0,0,0,4,2,14
,2017_62700,39.758499,-105.03342,10/5/2017 8:15,8:15,12,0,0,29TH AVENUE WEST & KING STREET NORTH,1,1,0,0,1,3,0,,30,0,0,0,0,0,4,2,1
,2017_62701,39.7729952,-104.8656595,10/5/2017 8:30,8:30,12,0,0,HAVANA STREET 3900 BLOCK NORTH & 40TH AVENUE EAST,1,1,0,0,1,4,0,,40,0,0,0,0,0,4,2,12
,2017_62702,39.791043,-105.0123735,10/5/2017 9:01,9:01,12,0,0,52ND AVENUE WEST & NORTH UMATILLA STREET,1,1,1,0,1,3,0,,30,0,0,0,0,0,4,2,13
,2017_62703,39.718026,-104.9522265,10/5/2017 9:11,9:11,12,0,0,FIRST AVENUE EAST & MILWAUKEE STREET NORTH,1,1,0,0,1,4,0,,35,0,0,0,0,0,4,2,13
,2017_62704,39.77802,-104.7634596,10/5/2017 11:00,11:00,12,0,0,CEYLON STREET 4500 BLOCK NORTH & 45TH AVENUE EAST,1,1,0,0,1,4,0,,25,0,0,0,0,0,4,3,1
,2017_62705,39.783609,-104.7913916,10/5/2017 11:30,11:30,1,0,0,GREEN VALLEY RANCH BOULEVARD EAST & PENA BOULEVARD,1,1,0,0,1,1,0,,40,0,0,0,0,0,4,2,13
,2017_62706,39.714651,-104.9406255,10/5/2017 11:43,11:43,12,0,0,BAYAUD AVENUE EAST & COLORADO BOULEVARD SOUTH,1,1,0,0,1,3,0,,30,0,0,0,0,0,4,2,13
,2017_62707,39.673035,-104.964075,10/5/2017 13:52,13:52,14,0,0,RACE STREET & WESLEY AVENUE EAST,1,1,0,0,1,1,0,,25,0,0,0,0,0,4,2,14
,2017_62708,39.783411,-104.931603,10/5/2017 14:10,14:10,3,0,0,DAHLIA STREET NORTH & 48TH AVENUE EAST,1,1,0,0,1,1,0,,25,0,0,0,0,0,4,2,13
,2017_62709,39.782385,-104.847093,10/5/2017 16:10,16:10,1,0,0,47TH AVENUE EAST & PEORIA STREET NORTH,1,1,0,0,1,1,0,,45,0,0,0,0,0,4,2,14
,2017_62710,39.768147,-104.972121,10/5/2017 17:35,17:35,3,0,0,MARION STREET NORTH & 37TH AVENUE EAST,1,1,0,0,1,1,0,,35,0,0,0,0,0,4,2,13
,2017_62711,39.757887,-104.9917545,10/5/2017 17:38,17:38,12,0,0,PARK AVENUE WEST 1800 BLOCK & WAZEE STREET,1,1,0,0,1,4,0,,35,0,0,0,0,0,4,3,13
,2017_62712,39.752928,-104.980473,10/7/2017 19:55,19:55,6,0,0,25TH STREET & WELTON STREET,1,3,0,0,1,4,0,,25,0,0,0,0,0,4,2,7
,2017_62713,39.632985,-105.038172,10/6/2017 2:45,2:45,6,0,0,NEWTON STREET & TUFTS AVENUE WEST,1,4,1,0,5,2,0,,25,0,0,0,0,0,3,4,5
,2017_62714,39.752667,-104.98743,10/6/2017 6:05,6:05,3,0,0,BROADWAY STREET NORTH & 22ND STREET,2,3,0,1,1,1,0,,30,0,0,0,0,0,4,2,8
,2017_62715,39.83338151,-104.771988,10/6/2017 6:35,6:35,5,0,0,PENA BOULEVARD 7100 BLOCK & TOWER ROAD,1,2,0,4,3,4,0,,65,0,0,0,0,1,4,1,14
,2017_62716,39.765762,-104.97753,10/6/2017 6:53,6:53,15,0,0,WALNUT STREET 3300 BLOCK & 33RD STREET,1,1,0,0,1,4,0,,25,0,0,0,0,0,4,2,14
,2017_62717,39.736836,-104.912811,10/6/2017 7:58,7:58,12,0,0,MONACO STREET NORTH & 13TH AVENUE EAST,1,1,0,0,1,4,0,,30,0,0,0,0,1,4,2,16
,2017_62718,39.687372,-104.903604,10/6/2017 8:17,8:17,3,0,0,IOWA AVENUE EAST & QUEBEC STREET SOUTH,1,1,0,0,1,1,0,,25,0,0,0,0,0,4,2,1
,2017_62719,39.75702638,-104.9597336,10/6/2017 8:50,8:50,12,0,0,YORK STREET 2800 BLOCK NORTH & 29TH AVENUE EAST,1,1,0,0,1,4,0,,25,0,0,0,0,0,4,3,14
,2017_62720,39.709629,-105.0350355,10/6/2017 9:45,9:45,1,0,0,MORRISON ROAD & LOWELL BOULEVARD SOUTH,1,1,0,0,1,1,0,,30,0,0,0,0,0,4,2,13
,2017_62721,39.722949,-105.0397245,10/6/2017 10:05,10:05,3,0,0,FOURTH AVENUE WEST & PERRY STREET NORTH,1,1,0,0,1,1,0,,25,0,0,0,0,0,4,2,7
,2017_62722,39.725424,-104.903793,10/6/2017 10:50,10:50,10,0,0,QUEBEC STREET NORTH & SIXTH AVENUE EAST,1,1,0,0,1,1,0,,30,0,0,0,0,0,4,2,2
,2017_62723,39.767607,-104.975361,10/6/2017 11:35,11:35,10,0,0,WALNUT STREET & 35TH STREET,1,1,0,0,1,1,0,,30,0,0,0,0,0,4,2,8
,2017_62724,39.776427,-104.8469535,10/6/2017 11:50,11:50,1,0,0,44TH AVENUE EAST & PEORIA STREET NORTH,1,1,0,0,1,1,0,,35,0,0,0,0,0,4,2,7
,2017_62725,39.778047,-104.8471245,10/6/2017 12:00,12:00,15,0,0,PEORIA STREET NORTH & 45TH AVENUE EAST,1,1,0,0,1,4,0,,40,0,0,0,0,1,4,3,1
,2017_62726,39.7764,-104.95827,10/6/2017 13:18,13:18,3,0,1,43RD AVENUE EAST & JOSEPHINE STREET,1,1,0,0,1,1,0,,25,0,0,0,0,2,4,2,13
,2017_62727,39.736863,-104.9941215,10/6/2017 14:00,14:00,6,0,0,ELATI STREET NORTH & 13TH AVENUE WEST,1,1,0,0,1,4,0,,25,0,0,0,0,0,4,2,13
,2017_62728,39.727305,-104.9555655,10/6/2017 14:30,14:30,6,0,0,CLAYTON STREET NORTH & SEVENTH AVENUE EAST,1,1,0,0,1,4,0,,25,0,0,0,0,0,4,2,7
,2017_62729,39.735243,-104.98617,10/6/2017 14:37,14:37,12,0,0,LINCOLN STREET NORTH & 12TH AVENUE EAST,1,1,0,6,1,3,0,,30,0,0,0,0,1,4,2,8
,2017_62730,39.678435,-104.9187915,10/6/2017 14:47,14:47,12,0,0,EVANS AVENUE EAST & JASMINE STREET SOUTH,1,1,0,0,1,4,0,,30,0,0,0,0,1,4,2,7
,2017_62731,39.778425,-104.968404,10/6/2017 14:48,14:48,12,0,0,BRIGHTON BOULEVARD & 44TH STREET APPROXIMATELY,1,1,0,0,1,2,1,,5,0,0,0,0,0,4,2,8
,2017_62732,39.783834,-105.005133,10/6/2017 15:15,15:15,6,0,0,OSAGE STREET NORTH & 48TH AVENUE 1515 WEST,1,1,0,0,1,2,0,,,0,0,0,1,0,4,2,13
,2017_62733,39.7618065,-105.0054908,10/6/2017 15:20,15:20,15,0,0,OSAGE STREET NORTH & 20TH STREET,1,1,1,0,1,1,0,,30,0,0,0,0,0,4,2,13
,2017_62734,39.775797,-104.978754,10/6/2017 16:32,16:32,12,0,0,WASHINGTON STREET 4200 BLOCK NORTH & RINGSBY COURT,1,1,1,0,1,4,1,,30,0,0,0,0,0,4,3,16
,2017_62735,39.76209,-105.0526215,10/6/2017 16:40,16:40,12,0,0,32ND AVENUE 5100 BLOCK WEST & ZENOBIA STREET NORTH,1,1,0,0,1,4,0,,35,0,0,0,0,0,4,2,2
,2017_62736,39.689559,-105.0520905,10/6/2017 16:55,16:55,3,0,0,FLORIDA AVENUE WEST & ZENOBIA STREET SOUTH,1,1,0,0,1,3,0,,5,0,0,0,0,0,4,2,13
,2017_62737,39.79026,-104.8097835,10/6/2017 16:59,16:59,1,0,0,CHAMBERS ROAD NORTH & 53RD AVENUE EAST,1,1,0,0,1,1,0,,25,0,0,0,0,0,4,2,7
,2017_62738,39.74598,-104.9980725,10/6/2017 17:00,17:00,15,0,0,ARAPAHOE STREET & 14TH STREET,1,1,0,0,1,4,0,,25,0,0,0,0,0,4,2,13
,2017_62739,39.772278,-104.9745645,10/6/2017 17:30,17:30,12,0,0,38TH STREET & WYNKOOP STREET,1,2,1,0,1,4,0,,35,0,0,0,0,0,4,2,13
,2017_62740,39.782772,-104.8712715,10/6/2017 17:38,17:38,12,0,0,FLORENCE STREET 4700 BLOCK NORTH & 47TH AVENUE EAST,1,1,0,0,1,3,0,,30,0,0,0,0,0,4,2,13
,2017_62741,39.653073,-104.9130225,10/6/2017 18:50,18:50,3,0,0,MONACO STREET & HAMPDEN AVENUE EAST,1,3,0,0,1,2,0,,35,0,0,0,0,1,4,2,13
,2017_62742,39.744801,-104.9861205,10/6/2017 18:50,18:50,10,0,0,18TH AVENUE EAST & LINCOLN STREET NORTH,1,3,0,0,1,1,0,,30,0,0,0,0,0,4,2,13
,2017_62743,39.743955,-104.9954625,10/6/2017 19:24,19:24,10,0,0,STOUT STREET & 14TH STREET,1,3,0,0,1,4,0,,30,0,0,0,0,0,4,2,8
,2017_62744,39.7748035,-105.0497508,10/6/2017 20:45,20:45,14,0,0,XAVIER STREET & 1400 BLOCK NORTH,1,3,0,0,1,4,0,,30,0,0,0,0,0,4,2,13
,2017_62745,39.74394726,-105.0384053,10/6/2017 23:12,23:12,3,0,0,17TH AVENUE & 1900 BLOCK EAST,1,3,0,0,1,5,0,,5,0,0,0,0,0,4,2,13
,2017_62746,39.752946,-104.992614,10/6/2017 23:14,23:14,12,0,0,20TH STREET 1300 BLOCK & LARIMER STREET,1,3,0,0,1,1,0,,30,0,0,0,0,0,4,2,3
,2017_62747,39.685698,-104.9361165,10/6/2017 23:41,23:41,6,0,0,MEXICO AVENUE EAST & BIRCH STREET SOUTH,1,3,0,0,1,4,0,,25,0,0,0,0,0,4,4,5
,2017_62748,39.671208,-104.960583,10/10/2017 8:32,8:32,6,0,0,YORK STREET 2500 BLOCK SOUTH & HARVARD AVENUE EAST,1,1,0,0,1,4,0,,25,0,0,0,0,0,4,2,13
,2017_62749,39.711141,-104.987592,10/7/2017 2:10,2:10,12,0,0,BROADWAY STREET SOUTH & ALAMEDA AVENUE EAST,1,3,0,0,1,4,0,,30,0,0,0,0,0,4,3,13
,2017_62750,39.744855,-104.987394,10/7/2017 2:27,2:27,3,0,0,18TH AVENUE EAST & BROADWAY STREET NORTH,1,3,0,0,1,1,0,,30,0,0,0,0,0,4,2,5
,2017_62751,39.76695,-104.9745015,10/7/2017 5:09,5:09,6,0,0,35TH STREET & LARIMER STREET,1,3,0,0,1,5,0,,25,0,0,0,0,0,4,2,13
,2017_62752,39.711141,-104.9863905,10/7/2017 5:23,5:23,3,0,0,LINCOLN STREET SOUTH & ALAMEDA AVENUE EAST,1,3,0,0,1,1,0,,30,0,0,0,0,0,4,2,13
,2017_62753,39.753396,-104.90814,10/7/2017 8:10,8:10,6,0,0,ONEIDA STREET & 25TH AVENUE EAST,1,1,0,0,1,4,0,,25,0,0,0,0,0,4,3,5
,2017_62754,39.778335,-105.001731,10/7/2017 8:20,8:20,6,0,0,45TH AVENUE WEST & LIPAN STREET NORTH,1,1,0,0,1,4,0,,25,0,0,0,0,0,4,2,3
,2017_62755,39.678363,-104.959404,10/7/2017 10:39,10:39,12,0,0,UNIVERSITY BOULEVARD SOUTH & EVANS AVENUE EAST,1,1,0,0,1,4,0,,35,0,0,0,0,0,4,2,13
,2017_62756,39.780333,-104.8115205,10/8/2017 2:25,2:25,6,0,0,BOLLING DRIVE EAST & FRASER WAY NORTH,1,3,0,0,1,4,0,,25,0,0,0,0,0,4,2,5
,2017_62757,39.725775,-105.035112,10/7/2017 11:00,11:00,12,0,0,SIXTH AVENUE WEST NORTH FRONTAGE  & LOWELL BOULEVARD NORTH,1,1,0,0,1,3,0,,30,0,0,0,0,0,4,3,12
,2017_62758,39.711114,-104.967495,10/7/2017 12:23,12:23,12,0,0,ALAMEDA AVENUE EAST & GILPIN STREET SOUTH,1,1,0,0,1,1,0,,30,0,0,0,0,1,4,2,3
,2017_62759,39.714705,-104.9769135,10/7/2017 12:27,12:27,6,0,0,EMERSON STREET SOUTH & BAYAUD AVENUE EAST,1,1,0,0,1,4,0,,25,0,0,0,0,0,4,2,5
,2017_62760,39.783735,-105.0345945,10/7/2017 12:30,12:30,3,0,0,48TH AVENUE WEST & LOWELL BOULEVARD NORTH,1,1,0,0,1,1,0,,30,0,0,0,0,0,4,2,13
,2017_62761,39.686814,-104.8970115,10/7/2017 12:44,12:44,14,0,0,TRENTON STREET & IOWA STREET EAST,1,1,0,0,1,4,0,,25,0,0,0,0,0,4,2,13
,2017_62762,39.680226,-104.959404,10/7/2017 13:17,13:17,12,0,0,UNIVERSITY BL 1900 BLOCK SOUTH & ASBURY AVENUE EAST,1,1,0,0,1,3,0,,30,0,0,0,0,0,4,2,13
,2017_62763,39.712266,-104.997654,10/7/2017 13:19,13:19,12,0,0,SANTA FE DRIVE SOUTH & BYERS PLACE WEST,1,1,0,0,1,4,0,,30,0,0,0,0,0,4,2,5
,2017_62764,39.72393,-104.8839413,10/7/2017 13:39,13:39,3,0,0,LOWRY BOULEVARD EAST ROUNDABOUT & YOSEMITE STREET NORTH,1,1,0,0,1,6,0,,25,0,0,0,0,0,4,2,13
,2017_62765,39.733416,-104.9586435,10/7/2017 13:40,13:40,3,0,0,11TH AVENUE 2300 BLOCK EAST & JOSEPHINE STREET NORTH,1,1,0,0,1,5,0,,25,0,0,0,0,0,4,2,13
,2017_62766,39.781179,-104.8414545,10/7/2017 13:58,13:58,3,0,0,TULSA COURT NORTH & ALBROOK DRIVE EAST,1,1,0,0,1,1,0,,25,0,0,0,0,0,4,2,13
,2017_62767,39.705696,-105.0180705,10/9/2017 14:16,14:16,6,0,0,CENTER AVENUE WEST & BRYANT STREET SOUTH,1,1,0,0,1,4,0,,25,0,0,0,0,0,4,2,5
,2017_62768,39.783609,-104.7913916,10/7/2017 16:03,16:03,15,0,0,GREEN VALLEY RANCH BOULEVARD & PENA BOULEVARD,1,1,0,0,1,4,0,,40,0,0,0,0,1,4,2,1
,2017_62769,39.75939,-105.0509205,10/8/2017 3:37,3:37,6,0,0,HAYWARD PLACE & YATES STREET NORTH,1,3,1,0,1,4,0,,25,0,0,0,0,0,4,2,13
,2017_62770,39.696705,-104.9991345,10/7/2017 16:31,16:31,12,0,0,JASON STREET SOUTH & MISSISSIPPI AVENUE WEST,1,2,0,0,1,3,0,,30,0,0,0,0,0,4,2,3
,2017_62771,39.736764,-104.9450625,10/7/2017 17:03,17:03,15,0,0,MONROE STREET NORTH & 13TH AVENUE EAST,1,1,0,0,1,4,0,,25,0,0,0,0,0,4,2,13
,2017_62772,39.709026,-104.875443,10/7/2017 18:38,18:38,1,0,0,ALAMEDA AVENUE EAST & DAYTON STREET SOUTH,1,3,0,0,1,1,0,,40,0,0,0,0,0,4,2,13
,2017_62773,39.689379,-104.9804415,10/7/2017 19:04,19:04,6,0,0,PEARL STREET 1400 BLOCK SOUTH & FLORIDA AVENUE EAST,1,3,0,0,1,4,0,,25,0,0,0,0,0,4,2,13
,2017_62774,39.678552,-104.9828715,10/7/2017 20:10,20:10,3,0,0,EVANS AVENUE EAST & LOGAN STREET SOUTH,1,3,0,0,1,1,0,,30,0,0,0,0,0,4,2,3
,2017_62775,39.66768,-105.0349725,10/7/2017 20:29,20:29,1,0,1,YALE AVENUE WEST & LOWELL BOULEVARD SOUTH,1,3,0,0,1,1,0,,,0,0,0,1,2,4,2,13
,2017_62776,39.714786,-104.998572,10/7/2017 21:40,21:40,5,0,0,SANTA FE DRIVE & BAYAUD AVENUE EAST,1,3,0,0,3,4,0,,35,0,0,0,0,0,4,1,5