id,drcog_id,latitude,longitude,crashtime,time,crashtype,numbkilled,numbinjurd,drcoglocat,rdconditin,lightngcon,roadcntgrd,weatherco,location,roaddescrp,constrzone,schoolzone,splimit,bikeinv,pedinv,sctrinv,motoinv,svrty,rdsystem,ttlvehcls,hcf
,2017_62777,39.795597,-104.842944,10/7/2017 22:15,22:15,6,0,0,REVERE STREET NORTH & 55TH AVENUE EAST,1,3,0,0,1,4,0,,25,0,0,0,0,0,4,2,13
,2017_62778,39.762018,-104.9240115,10/7/2017 22:20,22:20,12,0,0,MLK BOULEVARD EAST & HUDSON STREET NORTH,1,3,0,0,1,4,0,,,0,0,0,0,0,4,2,13
,2017_62780,39.714966,-105.032493,10/7/2017 23:00,23:00,3,0,0,KNOX COURT SOUTH & BAYAUD AVENUE WEST,1,3,0,0,1,1,0,,25,0,0,0,0,0,4,2,13
,2017_62781,39.678435,-104.9251905,10/9/2017 8:09,8:09,12,0,0,EVANS AVENUE EAST & GRAPE STREET SOUTH,2,1,0,2,1,3,0,,30,0,0,0,0,0,4,2,16
,2017_62782,39.775032,-104.809923,10/7/2017 23:01,23:01,1,0,0,ANDREWS DRIVE EAST & CHAMBERS ROAD NORTH,1,3,0,0,1,1,0,,40,0,0,0,0,0,4,2,13
,2017_62783,39.754305,-104.9942745,10/7/2017 23:47,23:47,12,0,0,BLAKE STREET & 20TH STREET,1,3,1,0,1,1,0,,30,0,0,0,0,1,4,2,13
,2017_62784,39.758121,-104.98239,10/8/2017 4:50,4:50,6,0,0,27TH STREET & ARAPAHOE STREET,1,4,0,0,1,4,0,,25,0,0,0,0,0,4,3,12
,2017_62785,39.735144,-104.9741325,10/8/2017 7:20,7:20,3,0,0,CORONA STREET NORTH & 12TH AVENUE EAST,1,1,0,0,1,1,0,,30,0,0,0,0,0,4,2,13
,2017_62786,39.738402,-104.912802,10/8/2017 8:30,8:30,5,0,0,14TH AVENUE EAST & MONACO PARKWAY NORTH,1,1,0,0,3,5,0,,35,0,0,0,0,0,4,1,13
,2017_62787,39.725622,-104.976405,10/8/2017 9:48,9:48,12,0,0,SIXTH AVENUE EAST & EMERSON STREET NORTH,1,1,0,0,1,3,0,,30,0,0,0,0,0,4,2,13
,2017_62788,39.702051,-105.0250905,10/12/2017 10:52,10:52,6,0,0,OHIO AVENUE WEST & FEDERAL BOULEVARD NORTH,1,1,0,0,1,5,0,,25,0,0,0,0,0,4,2,13
,2017_62789,39.776769,-104.809914,10/8/2017 10:16,10:16,1,0,0,CHAMBERS ROAD NORTH & 46TH AVENUE EAST,2,3,0,1,1,1,0,,45,0,0,0,0,1,4,2,13
,2017_62790,39.797559,-104.8307445,10/8/2017 10:30,10:30,3,0,0,RANDOLPH PLACE EAST & WORCHESTER STREET NORTH,1,1,0,0,1,1,0,,25,0,0,0,0,0,4,2,13
,2017_62791,39.762036,-105.011181,10/8/2017 11:06,11:06,6,0,0,32ND AVENUE WEST & TEJON STREET NORTH,1,4,1,0,1,3,0,,25,0,0,0,0,0,4,2,14
,2017_62792,39.758247,-104.987457,10/8/2017 13:20,13:20,6,0,0,BROADWAY & WALNUT STREET,1,1,0,0,1,1,0,,15,0,0,0,0,0,4,2,8
,2017_62793,39.743199,-104.962248,10/8/2017 13:45,13:45,10,0,0,17TH AVENUE EAST & VINE STREET NORTH WEST ALLEY,1,1,0,1,1,5,0,,30,0,0,0,0,0,4,2,13
,2017_62794,39.651102,-104.8848435,10/8/2017 13:57,13:57,3,0,0,JEFFERSON AVENUE EAST & YOSEMITE STREET SOUTH,1,1,0,0,1,1,0,,35,0,0,0,0,1,4,2,13
,2017_62795,39.667626,-104.912964,10/8/2017 14:10,14:10,1,0,0,MONACO STREET SOUTH & YALE AVENUE EAST,1,1,0,0,1,1,0,,35,0,0,0,0,0,4,2,1
,2017_62796,39.732021,-104.98617,10/8/2017 15:00,15:00,10,0,0,10TH AVENUE EAST & LINCOLN STREET NORTH,1,1,0,0,1,3,0,,30,0,0,0,0,0,4,2,13
,2017_62797,39.76686,-105.0096015,12/12/2017 10:00,10:00,6,0,0,36TH AVENUE & SHOSHONE STREET NORTH,1,1,0,0,1,4,0,,,0,0,0,0,0,4,2,13
,2017_62798,39.678363,-104.959404,10/8/2017 15:37,15:37,1,0,0,UNIVERSITY BOULEVARD SOUTH & EVANS AVENUE EAST,1,1,0,0,1,1,0,,30,0,0,0,0,0,4,2,13
,2017_62799,39.772872,-104.7991005,10/8/2017 17:09,17:09,15,0,0,40TH AVENUE EAST & MEMPHIS STREET NORTH,1,1,0,0,1,1,0,,40,0,0,0,0,0,4,2,3
,2017_62800,39.734181,-104.884713,10/8/2017 17:37,17:37,3,0,0,YOSEMITE STREET NORTH & RICHTHOFEN PLACE,1,1,0,0,1,1,0,,30,0,0,0,0,0,4,2,3
,2017_62801,39.761964,-104.903451,10/9/2017 9:42,9:42,12,0,0,QUEBEC STREET NORTH & MLK BOULEVARD EAST,2,1,0,2,1,1,0,,35,0,0,0,0,0,4,2,13
,2017_62803,39.711348,-104.9035005,10/8/2017 22:00,22:00,12,0,0,ALAMEDA AVENUE EAST & QUEBEC STREET SOUTH,4,3,0,2,1,1,0,,35,0,0,0,0,1,4,2,1
,2017_62804,39.760749,-104.959782,10/8/2017 22:07,22:07,12,0,0,31ST AVENUE EAST & YORK STREET NORTH,2,3,0,1,1,3,0,,,0,0,0,0,0,4,2,13
,2017_62805,39.762009,-104.933151,10/8/2017 22:49,22:49,6,0,0,MLK BOULEVARD & DEXTER STREET NORTH,2,3,0,1,1,4,0,,30,0,0,0,0,0,4,2,5
,2017_62806,39.775032,-104.809923,10/9/2017 6:41,6:41,1,0,0,CHAMBERS ROAD NORTH & ANDREWS DRIVE EAST,2,3,0,2,1,1,0,,35,0,0,0,0,0,4,2,16
,2017_62807,39.765726,-104.9948415,10/9/2017 6:55,6:55,12,0,0,BROADWAY STREET NORTH & PARK AVENUE WEST,2,1,0,2,1,4,0,,30,0,0,0,0,0,4,2,16
,2017_62808,39.770514,-105.017436,10/9/2017 7:58,7:58,3,0,0,39TH AVENUE WEST & ALCOTT STREET NORTH,2,1,0,2,1,3,0,,25,0,0,0,0,0,4,2,14
,2017_62809,39.761964,-104.903451,10/9/2017 9:40,9:40,12,0,0,QUEBEC STREET NORTH & MLK BOULEVARD EAST,2,1,0,2,1,1,0,,35,0,0,0,0,0,4,2,8
,2017_62810,39.76927538,-104.9292641,11/20/2017 3:50,3:50,5,0,0,ELM STREET 3800 BLOCK NORTH & 38TH AVENUE EAST,1,4,0,0,1,4,0,,25,0,0,0,0,0,4,1,13
,2017_62811,39.667698,-104.988843,10/16/2017 20:36,20:36,6,0,0,ACOMA STREET SOUTH & YALE AVENUE WEST,1,3,0,0,1,4,0,,25,0,0,0,0,0,4,2,13
,2017_62812,39.75297154,-105.0125345,10/9/2017 10:53,10:53,10,0,0,WATER STREET & 900 BLOCK,2,1,0,2,1,4,0,,25,0,0,0,0,0,4,2,8
,2017_62813,39.735369,-104.970501,10/9/2017 11:06,11:06,12,0,0,LAFAYETTE STREET 1200 BLOCK NORTH & 13TH AVENUE EAST,2,1,0,2,1,4,0,,,0,0,0,0,0,4,2,13
,2017_62814,39.784104,-105.0299235,10/9/2017 11:15,11:15,6,0,0,IRVING STREET NORTH & 48TH AVENUE WEST,10,1,0,2,1,4,0,,25,0,0,0,0,0,4,2,7
,2017_62815,39.741966,-104.9488335,10/9/2017 11:19,11:19,3,0,0,ADAMS STREET NORTH & 16TH AVENUE EAST,2,1,0,2,1,1,0,,25,0,0,0,0,0,4,4,12
,2017_62816,39.756456,-105.0093135,10/9/2017 11:23,11:23,15,0,0,PLATTE STREET & 15TH STREET,2,1,1,2,1,4,0,,30,0,0,0,0,0,4,2,13
,2017_62817,39.748932,-105.001254,10/9/2017 11:52,11:52,15,0,0,14TH STREET & BLAKE STREET,2,1,0,2,1,1,0,,25,0,0,0,0,0,4,2,8
,2017_62818,39.772908,-105.009993,10/9/2017 12:18,12:18,6,0,0,41ST AVENUE WEST & SHOSHONE STREET NORTH,2,2,1,2,1,1,0,,25,0,0,0,0,0,4,2,14
,2017_62819,39.777993,-104.912901,10/9/2017 12:45,12:45,3,0,0,STAPLETON SOUTH DRIVE EAST & MONACO STREET NORTH,2,1,0,2,1,1,0,,40,0,0,0,0,0,4,2,1
,2017_62820,39.83358199,-104.7220845,10/9/2017 12:45,12:45,15,0,0,7500 BLOCK PENA BOULEVARD & FINAL APPROACH,6,1,0,2,1,4,0,,55,0,0,0,0,1,4,2,14
,2017_62821,39.678435,-104.912892,10/9/2017 13:01,13:01,12,0,0,EVANS AVENUE EAST & MONACO STREET SOUTH,4,1,0,2,1,2,0,,35,0,0,0,0,0,4,2,16
,2017_62822,39.798234,-104.7721815,10/9/2017 16:22,16:22,1,0,0,TOWER ROAD NORTH & 56TH AVENUE EAST,1,1,0,7,1,1,0,,40,0,0,0,0,0,4,2,3
,2017_62823,39.73190582,-104.9861681,10/9/2017 16:25,16:25,15,0,0,LINCOLN STREET & 600 BLOCK NORTH,2,1,1,2,1,4,0,,30,0,0,0,0,0,4,2,8
,2017_62824,39.783807,-104.809833,10/9/2017 18:28,18:28,15,0,0,GATEWAY AVENUE 15200 BLOCK EAST & CHAMBERS ROAD NORTH,2,2,0,0,1,4,0,,30,0,0,0,0,0,4,2,7
,2017_62825,39.824568,-104.673411,10/9/2017 19:44,19:44,3,0,0,71ST AVENUE EAST & ROBERTSDALE STREET NORTH,2,3,0,2,1,1,0,,45,0,0,0,0,0,4,2,8
,2017_62826,39.689514,-105.0442425,10/9/2017 20:36,20:36,3,0,0,TENNYSON STREET SOUTH & FLORIDA AVENUE WEST,1,3,0,0,1,1,0,,30,0,0,0,0,0,4,2,7
,2017_62827,39.725667,-104.9921415,10/9/2017 23:00,23:00,6,0,0,CHEROKEE STREET NORTH & SIXTH AVENUE WEST,1,4,0,0,1,4,0,,25,0,0,0,0,0,4,2,1
,2017_62828,39.750993,-104.9123925,10/10/2017 7:35,7:35,12,0,0,MONACO STREET NORTH & 23RD AVENUE EAST,1,1,0,0,1,3,0,,30,0,0,0,0,0,4,2,4
,2017_62829,39.731265,-105.0475815,10/10/2017 7:39,7:39,6,0,0,WINONA COURT NORTH & NINTH AVENUE WEST,1,1,1,0,1,4,0,,25,0,0,0,0,0,4,3,13
,2017_62830,39.738456,-105.002793,10/10/2017 7:50,7:50,3,0,0,MARIPOSA STREET NORTH & 14TH AVENUE WEST,1,1,0,0,1,5,0,,30,0,0,0,0,1,4,2,13
,2017_62831,39.732957,-105.034482,10/10/2017 8:24,8:24,6,0,0,LINLEY COURT NORTH & 10TH AVENUE WEST,1,3,0,0,1,4,0,,25,0,0,0,0,0,4,2,5
,2017_62832,39.75305368,-104.9879372,10/10/2017 8:25,8:25,12,0,0,22ND STREET & 1100 BLOCK,1,1,0,0,1,3,0,,30,0,0,0,0,1,4,2,13
,2017_62833,39.758238,-104.9696415,10/10/2017 9:10,9:10,3,0,0,HUMBOLDT STREET NORTH & 29TH AVENUE EAST,1,1,0,0,1,1,0,,25,0,0,0,0,0,4,3,13
,2017_62834,39.674889,-104.973471,10/10/2017 9:14,9:14,12,0,0,DOWNING STREET SOUTH & ILIFF AVENUE EAST,1,1,0,0,1,3,0,,30,0,0,0,0,0,4,2,12
,2017_62835,39.725694,-104.9985945,10/10/2017 9:16,9:16,15,0,0,SIXTH AVENUE WEST  & SANTA FE DRIVE NORTH,1,1,0,0,1,4,0,,35,0,0,0,0,0,4,2,13
,2017_62836,39.718404,-104.903784,10/10/2017 9:50,9:50,15,0,0,QUEBEC STREET NORTH & FIRST AVENUE EAST,1,1,0,0,1,1,0,,35,0,0,0,0,0,4,3,3
,2017_62837,39.770946,-104.972805,10/10/2017 9:50,9:50,5,0,0,38TH STREET & BLAKE STREET OVRPSS,1,1,1,0,1,4,0,,30,0,0,0,0,0,4,1,7
,2017_62838,39.716532,-104.9850225,10/10/2017 11:20,11:20,6,0,0,SHERMAN STREET NORTH & 1331 NORTH SHERMAN STREET NORTH,1,1,0,0,1,4,0,,30,0,0,0,0,0,4,5,15
,2017_62839,39.76934738,-105.0228326,10/10/2017 11:32,11:32,6,0,0,ELIOT STREET 3800 BLOCK EAST & 38TH AVENUE WEST,1,1,0,0,1,4,0,,25,0,0,0,0,0,4,2,13
,2017_62840,39.678624,-105.0250365,10/10/2017 12:00,12:00,15,0,0,EVANS AVENUE WEST & FEDERAL BOULEVARD SOUTH,1,1,0,7,1,2,0,,,0,0,0,0,0,4,2,13
,2017_62841,39.72767596,-104.9017002,10/10/2017 12:39,12:39,5,0,0,QUINCE STREET & 1500 BLOCK NORTH,1,1,0,0,3,4,0,,25,0,0,0,0,0,4,1,7
,2017_62842,39.719412,-104.951016,10/10/2017 12:46,12:46,3,0,0,SECOND AVENUE EAST & STREET PAUL STREET NORTH,1,1,0,0,1,1,0,,25,0,0,0,0,0,4,2,13
,2017_62843,39.750786,-104.9970735,10/10/2017 12:57,12:57,6,0,0,MARKET STREET & 17TH STREET,1,1,0,0,1,1,0,,25,0,0,0,0,0,4,2,13
,2017_62844,39.793086,-104.9474925,11/12/2017 4:42,4:42,5,0,0,COOK STREET 5300 BLOCK NORTH & 54TH AVENUE EAST,1,4,0,0,3,4,0,,25,0,0,0,0,0,4,1,13
,2017_62845,39.738285,-104.9268825,10/10/2017 14:40,14:40,3,0,0,14TH AVENUE EAST & FOREST STREET NORTH,1,1,0,0,1,1,0,,35,0,0,0,0,0,4,2,13
,2017_62846,39.746187,-104.9861025,10/10/2017 14:52,14:52,12,0,0,LINCOLN STREET NORTH & 19TH AVENUE EAST,1,1,0,0,1,4,0,,35,0,0,0,0,0,4,3,14
,2017_62847,39.6432,-104.885154,10/10/2017 15:07,15:07,1,0,0,NASSAU AVENUE 9000 BLOCK EAST & YOSEMITE STREET SOUTH,1,1,0,0,1,2,0,,25,0,0,0,0,1,4,2,13
,2017_62848,39.694896,-105.0297525,10/10/2017 15:25,15:25,5,0,0,IRVING STREET SOUTH & ARIZONA AVENUE WEST,1,1,0,0,2,1,0,,25,0,0,0,0,1,4,2,1
,2017_62849,39.691296,-105.02973,10/10/2017 15:25,15:25,12,0,0,ARKANSAS AVENUE WEST & IRVING STREET SOUTH,1,1,0,0,1,1,0,,25,0,0,0,0,1,4,2,1
,2017_62850,39.765726,-104.9948415,10/10/2017 15:52,15:52,12,0,0,PARK AVENUE WEST 3300 BLOCK & GLOBEVILLE ROAD,1,1,1,0,1,4,0,,35,0,0,0,0,0,4,2,16
,2017_62852,39.798396,-104.786415,10/10/2017 15:55,15:55,1,0,0,56TH AVENUE EAST & PENA BOULEVARD,1,1,0,0,1,1,0,,35,0,0,0,0,0,4,2,8
,2017_62853,39.711105,-104.97924,10/10/2017 15:57,15:57,3,0,0,ALAMEDA AVENUE EAST & WASHINGTON STREET SOUTH,1,1,0,0,1,1,0,,30,0,0,0,0,0,4,2,13
,2017_62854,39.784896,-104.8408605,10/10/2017 16:00,16:00,1,0,0,ANDREWS DRIVE EAST & TULSA COURT NORTH,1,1,0,0,1,1,0,,35,0,0,0,0,0,4,2,14
,2017_62855,39.720456,-104.9791185,10/10/2017 16:05,16:05,3,0,0,WASHINGTON STREET NORTH & SPEER BOULEVARD EAST,1,1,0,0,1,1,0,,25,0,0,0,0,0,4,2,16
,2017_62856,39.76283001,-104.9733612,10/10/2017 16:09,16:09,6,0,0,DOWNING STREET & WILLIAMS STREET SOUTH,1,1,0,0,1,4,0,,25,0,0,0,0,0,4,2,13
,2017_62857,39.725595,-104.9509845,10/10/2017 16:37,16:37,3,0,0,SIXTH AVENUE EAST & STREET PAUL STREET,1,1,0,0,1,1,0,,30,0,0,0,0,0,4,2,16
,2017_62858,39.689514,-105.0442425,10/10/2017 17:04,17:04,3,0,0,FLORIDA AVENUE WEST & TENNYSON STS,1,1,0,0,1,1,0,,30,0,0,0,0,1,4,2,13
,2017_62859,39.75849,-105.023601,10/10/2017 17:07,17:07,12,0,0,29TH AVENUE WEST & ELIOT STREET NORTH,1,1,0,0,1,4,0,,30,0,0,0,0,1,4,2,13
,2017_62860,39.747438,-104.910534,10/10/2017 17:19,17:19,3,0,0,MONTVIEW BOULEVARD & NIAGARA STREET,1,1,0,0,1,1,0,,30,0,0,0,0,0,4,2,16
,2017_62861,39.711438,-104.942565,10/10/2017 17:59,17:59,3,0,0,JACKSON STREET SOUTH & ALAMEDA AVENUE EAST,1,1,0,0,1,1,0,,25,0,0,0,0,0,4,2,8
,2017_62862,39.76919226,-104.9127302,10/10/2017 18:00,18:00,12,0,0,MONACO PARKWAY & 1800 BLOCK NORTH,1,2,0,0,1,4,0,,35,0,0,0,0,0,4,2,13
,2017_62863,39.707505,-104.98635,10/11/2017 9:04,9:04,3,0,0,LINCOLN STREET SOUTH & VIRGINIA AVENUE WEST,1,1,0,0,1,1,0,,30,0,0,0,0,0,4,2,13
,2017_62864,39.661893,-104.8871205,10/10/2017 18:18,18:18,12,0,0,SYRACUSE WAY SOUTH & XENIA STREET SOUTH,1,1,1,0,1,1,0,,35,0,0,0,0,0,4,3,3
,2017_62865,39.751056,-104.9828805,10/10/2017 19:58,19:58,3,0,0,PARK AVENUE WEST & WELTON STREET,1,3,0,0,1,1,0,,30,0,0,0,0,0,4,2,7
,2017_62866,39.711222,-104.903505,10/10/2017 20:54,20:54,1,0,0,QUEBEC STREET SOUTH & ALAMEDA AVENUE EAST,1,3,0,0,1,1,0,,35,0,0,0,0,1,4,2,1
,2017_62867,39.72627,-105.0002055,10/10/2017 21:10,21:10,12,0,0,KALAMATH STREET NORTH & SIXTH AVENUE WEST,1,3,0,0,1,3,0,,35,0,0,0,0,0,4,2,13
,2017_62868,39.775032,-104.809923,10/11/2017 6:39,6:39,12,0,0,CHAMBERS ROAD 4200 BLOCK & ANDREWS DRIVE EAST,1,1,0,0,1,4,0,,30,0,0,0,0,1,4,3,13
,2017_62869,39.77330738,-104.8096856,10/11/2017 7:25,7:25,15,0,0,CHAMBERS ROAD 4000 BLOCK NORTH & 40TH AVENUE EAST,1,1,0,0,1,4,0,,30,0,0,0,0,0,4,2,7
,2017_62870,39.748545,-104.9796,10/11/2017 7:33,7:33,6,0,0,CLEVELAND PLACE 2200 BLOCK & PARK AVENUE WEST,1,1,0,0,1,4,0,,25,0,0,0,0,0,4,2,14
,2017_62871,39.743802,-104.9566815,10/11/2017 7:45,7:45,15,0,0,17TH AVENUE EAST & ESPLANADE DRIVE NORTH,1,1,0,0,1,3,0,,35,0,0,0,0,0,4,2,13
,2017_62872,39.758481,-105.040494,10/11/2017 7:46,7:46,6,0,0,QUITMAN STREET NORTHBOUND NORTH & 29TH AVENUE WEST,1,1,0,0,1,5,0,,25,0,0,0,0,0,4,2,14
,2017_62873,39.754719,-104.9139855,10/11/2017 7:50,7:50,1,0,0,26TH AVENUE EAST & LOCUST STREET NORTH,1,1,0,0,1,1,0,,25,0,0,0,0,0,4,2,7
,2017_62874,39.798396,-104.786415,10/11/2017 7:54,7:54,12,0,0,PENA BOULEVARD 6400 BLOCK & 56TH AVENUE EAST,1,1,0,0,1,4,0,,65,0,0,0,0,0,4,2,3
,2017_62875,39.78288,-104.7555,10/11/2017 8:01,8:01,12,0,0,GREEN VALLEY RANCH BOULEVARD EAST & HIMALAYA ROAD NORTH,1,1,0,0,1,1,0,,30,0,0,0,0,0,4,2,13
,2017_62876,39.789468,-104.8209615,10/11/2017 8:05,8:05,6,0,0,52ND AVENUE EAST & DILLON STREET NORTH,1,1,0,0,1,4,0,,25,0,0,0,0,0,4,2,14
,2017_62877,39.747564,-105.0381315,10/11/2017 8:06,8:06,6,0,0,20TH AVENUE WEST & OSCEOLA STREET NORTH,1,1,1,0,1,4,1,,,0,0,0,0,0,4,2,13
,2017_62878,39.74326881,-104.9981263,10/11/2017 8:10,8:10,12,0,0,CHAMPA STREET & 2900 BLOCK,1,1,0,0,1,4,0,,25,0,0,0,0,0,4,2,7
,2017_62879,39.73842,-104.9787315,10/11/2017 9:07,9:07,3,0,0,WASHINGTON STREET NORTH & 14TH AVENUE EAST,1,1,0,0,1,1,0,,30,0,0,0,0,0,4,2,2
,2017_62880,39.674835,-104.9594175,10/11/2017 9:33,9:33,12,0,0,UNIVERSITY BOULEVARD SOUTH & ILIFF AVENUE EAST,1,1,0,0,1,1,0,,30,0,0,0,0,0,4,2,3
,2017_62881,39.728934,-104.9906115,10/11/2017 11:00,11:00,12,0,0,EIGHTH AVENUE WEST & SPEER BOULEVARD NORTH,1,1,1,0,1,3,0,,30,0,0,0,0,0,4,2,10
,2017_62882,39.711366,-104.9141835,10/11/2017 11:30,11:30,6,0,0,LOCUST STREET 300 BLOCK SOUTH & ALAMEDA AVENUE EAST,1,1,0,0,1,2,0,,5,0,0,0,0,0,4,2,13
,2017_62883,39.779289,-104.839803,10/11/2017 12:01,12:01,3,0,0,CROWN BOULEVARD NORTH & ALBROOK DRIVE EAST,1,1,0,0,1,1,0,,25,0,0,0,0,0,4,2,13
,2017_62884,39.744855,-104.987394,10/11/2017 12:11,12:11,10,0,0,18TH AVENUE EAST & BROADWAY NORTH,1,1,1,0,1,1,0,,30,0,0,0,0,0,4,2,13
,2017_62885,39.733695,-104.9787135,10/11/2017 13:23,13:23,3,0,0,11TH AVENUE EAST & WASHINGTON STREET NORTH,1,1,0,0,1,1,0,,30,0,0,0,0,1,4,2,8
,2017_62886,39.72564,-105.001623,10/11/2017 14:08,14:08,15,0,0,SIXTH AVENUE 1200 BLOCK WEST & LIPAN STREET NORTH,1,1,0,0,1,4,0,,35,0,0,0,0,1,4,2,7
,2017_62887,39.752154,-104.9988465,10/11/2017 14:20,14:20,12,0,0,17TH STREET 1600 BLOCK & WAZEE STREET,1,1,0,0,1,4,0,,,0,0,0,0,0,4,2,13
,2017_62888,39.659967,-105.0491025,10/11/2017 14:25,14:25,3,0,1,WOLFF STREET SOUTH & CORNELL AVENUE WEST,1,1,1,0,1,1,0,,25,0,0,0,0,2,4,3,13
,2017_62889,39.729078,-104.982408,10/11/2017 14:56,14:56,10,0,0,LOGAN STREET NORTH & EIGHTH AVENUE EAST,1,1,0,0,1,1,0,,30,0,0,0,0,0,4,2,8
,2017_62890,39.700134,-104.8753215,10/11/2017 15:01,15:01,14,0,0,DAYTON STREET SOUTH & KENTUCKY DRIVE EAST,1,1,0,0,1,1,0,,30,0,0,0,0,0,4,2,13
,2017_62891,39.728934,-104.9906115,10/11/2017 15:05,15:05,15,0,0,SPEER BOULEVARD 700 BLOCK NORTH & EIGHTH AVENUE WEST,1,1,0,0,1,4,0,,,0,0,0,0,0,4,2,13
,2017_62893,39.747456,-104.992722,10/11/2017 15:37,15:37,6,0,0,CHAMPA STREET & 17TH STREET,1,1,0,0,1,4,0,,30,0,0,0,0,0,4,3,8
,2017_62894,39.673053,-104.965254,10/14/2017 3:33,3:33,6,0,0,HIGH STREET & WESLEY AVENUE EAST,1,4,0,0,1,4,0,,25,0,0,0,0,0,4,2,14
,2017_62895,39.744819,-104.9823765,10/11/2017 15:53,15:53,3,0,0,18TH AVENUE EAST & LOGAN STREET NORTH,1,1,0,0,1,1,0,,30,0,0,0,0,1,4,2,8
,2017_62896,39.780774,-104.951844,10/11/2017 16:29,16:29,6,0,0,MILWAUKEE STREET NORTH & VASQUEZ BOULEVARD NOT CDOT,1,1,1,0,1,4,0,,25,0,0,0,0,0,4,2,14
,2017_62897,39.733839,-104.9873895,10/11/2017 17:00,17:00,6,0,0,11TH AVENUE EAST & BROADWAY STREET NORTH,1,2,0,0,1,4,0,,30,0,0,0,0,0,4,2,13
,2017_62898,39.719412,-104.95944,10/11/2017 17:05,17:05,12,0,0,UNIVERSITY BOULEVARD NORTH & SECOND AVENUE EAST,1,1,0,0,1,3,0,,30,0,0,0,0,0,4,2,13
,2017_62899,39.674835,-104.9594175,10/11/2017 17:07,17:07,12,0,0,UNIVERSITY BOULEVARD SOUTH & ILIFF AVENUE EAST,1,1,0,0,1,4,0,,35,0,0,0,0,0,4,3,3
,2017_62900,39.712896,-104.9734035,10/11/2017 17:10,17:10,3,0,1,CEDAR AVENUE EAST & DOWNING STREET SOUTH,1,1,0,0,1,1,0,,25,0,0,0,0,2,4,3,8
,2017_62901,39.765636,-105.015843,10/11/2017 17:20,17:20,12,0,0,ZUNI STREET NORTH & 35TH AVENUE WEST,1,1,0,0,1,4,0,,30,0,0,0,0,0,4,2,13
,2017_62902,39.75365138,-105.0235346,10/11/2017 17:26,17:26,15,0,0,ELIOT STREET 2500 BLOCK NORTH & 26TH AVENUE WEST,1,1,1,0,1,4,0,,30,0,0,0,0,0,4,2,13
,2017_62903,39.741525,-105.039315,10/11/2017 17:42,17:42,6,0,0,PERRY SOUTH 1500 BLOCK NORTH T & CONEJOS STREET WEST,1,1,0,0,1,4,0,,25,0,0,0,0,0,4,3,13
,2017_62904,39.744819,-104.963463,10/11/2017 18:00,18:00,6,0,0,RACE STREET NORTH & 18TH AVENUE EAST,1,1,0,0,1,1,0,,25,0,0,0,0,0,4,2,13
,2017_62905,39.678426,-104.9395905,10/11/2017 18:03,18:03,1,0,0,EVANS AVENUE & ALBION STREET  SOUTH,1,1,0,0,1,2,0,,30,0,0,0,0,0,4,2,13
,2017_62906,39.711222,-104.904423,10/11/2017 19:00,19:00,12,0,1,ALAMEDA AVENUE EAST & POPLAR STREET SOUTH,1,3,0,0,1,3,0,,30,0,0,0,0,2,4,2,13
,2017_62907,39.798396,-104.786415,10/11/2017 19:29,19:29,12,0,0,PENA BOULEVARD 5500 BLOCK & 56TH AVENUE EAST,1,3,0,0,1,4,0,,65,0,0,0,0,0,4,2,1
,2017_62908,39.696615,-104.9780925,10/27/2017 7:29,7:29,6,0,0,CLARKSON STREET SOUTH & MISSISSIPPI AVENUE WEST,1,3,0,0,1,4,0,,25,0,0,0,0,0,4,2,5
,2017_62909,39.782385,-104.847093,10/11/2017 21:00,21:00,1,0,0,47TH AVENUE EAST & PEORIA STREET NORTH,1,3,0,0,1,1,0,,45,0,0,0,0,1,4,2,13
,2017_62910,39.844602,-104.6809395,10/11/2017 21:30,21:30,12,0,0,PENA BOULEVARD 7000 BLOCK & E470,1,3,0,0,1,4,0,,65,0,0,0,0,0,4,2,2
,2017_62911,39.680253,-104.9579325,10/12/2017 1:57,1:57,6,0,0,JOSEPHINE STREET SOUTH & ASBURY AVENUE EAST,1,3,0,0,1,4,0,,25,0,0,0,1,0,4,2,5
,2017_62912,39.678435,-104.9407425,10/12/2017 6:05,6:05,3,0,0,EVANS AVENUE EAST & COLORADO BOULEVARD SOUTH,1,2,0,0,1,2,0,,30,0,0,0,0,0,4,2,3
,2017_62913,39.7956366,-104.892794,10/12/2017 7:15,7:15,6,0,0,UINTA WAY & 800 BLOCK NORTH,1,2,0,0,1,4,0,,25,0,0,0,0,0,4,2,8
,2017_62914,39.756141,-104.991912,10/12/2017 7:50,7:50,12,0,0,22ND STREET & BLAKE STREET,1,1,0,0,1,3,0,,25,0,0,0,0,1,4,2,6
,2017_62915,39.78441,-104.813532,10/12/2017 17:15,17:15,3,0,0,FONTANA COURT NORTH & GATEWAY AVENUE EAST,1,1,0,0,1,1,0,,30,0,0,0,0,0,4,2,7
,2017_62916,39.669597,-104.8736655,10/12/2017 8:10,8:10,3,0,0,DAYTON WAY SOUTH & VASSAR DRIVE EAST,1,1,0,0,1,2,0,,30,0,0,0,0,0,4,2,13