id,drcog_id,latitude,longitude,crashtime,time,crashtype,numbkilled,numbinjurd,drcoglocat,rdconditin,lightngcon,roadcntgrd,weatherco,location,roaddescrp,constrzone,schoolzone,splimit,bikeinv,pedinv,sctrinv,motoinv,svrty,rdsystem,ttlvehcls,hcf
,2017_62918,39.730824,-104.9983515,10/12/2017 8:25,8:25,12,0,0,SANTA FE DRIVE 900 BLOCK NORTH & 10TH AVENUE WEST,1,1,0,0,1,4,0,,35,0,0,0,0,0,4,2,13
,2017_62919,39.782376,-104.8548555,10/12/2017 8:27,8:27,15,0,0,47TH AVENUE 11500 BLOCK EAST & MOLINE STREET,1,1,0,0,1,4,0,,25,0,0,0,0,0,4,2,1
,2017_62920,39.678363,-104.959404,10/12/2017 8:50,8:50,15,0,0,UNIVERSITY BL 2100 BLOCK SOUTH & EVANS AVENUE EAST,1,1,0,0,1,4,0,,30,0,0,0,0,0,4,2,7
,2017_62921,39.7383978,-104.9712315,10/12/2017 8:55,8:55,6,0,0,14TH AVENUE & 300 BLOCK WEST,1,1,0,0,1,4,0,,,0,0,0,0,0,4,2,13
,2017_62922,39.725694,-104.9985945,10/12/2017 9:43,9:43,12,0,0,SIXTH AVENUE 900 BLOCK WEST & SANTA FE DRIVE,1,1,0,0,1,4,0,,30,0,0,0,0,0,4,2,13
,2017_62923,39.761964,-104.903451,10/12/2017 10:05,10:05,12,0,0,MLK BOULEVARD EAST & QUEBEC STREET NORTH,1,1,0,0,1,1,0,,35,0,0,0,0,0,4,3,4
,2017_62924,39.759192,-105.0104835,10/12/2017 10:30,10:30,6,0,0,BOULDER STREET & 16TH STREET,1,1,0,0,1,4,0,,25,0,0,0,0,0,4,2,13
,2017_62925,39.717819,-104.944932,10/12/2017 10:40,10:40,3,0,0,MONROE STREET NORTH & FIRST AVENUE EAST,1,1,0,0,1,1,0,,30,0,0,0,0,0,4,2,7
,2017_62927,39.744846,-104.9734035,10/12/2017 10:49,10:49,3,0,1,18TH AVENUE EAST & DOWNING STREET NORTH,1,1,0,0,1,1,0,,30,0,0,0,0,2,4,2,12
,2017_62928,39.696579,-104.959323,10/12/2017 11:03,11:03,12,0,0,MISSISSIPPI AVENUE EAST & UNIVERSITY BOULEVARD SOUTH,1,1,0,0,1,1,0,,30,0,0,0,0,0,4,2,1
,2017_62929,39.754809,-104.990193,10/12/2017 11:18,11:18,15,0,0,22ND STREET & LARIMER STREET,1,1,0,0,1,4,0,,25,0,0,0,0,0,4,2,14
,2017_62930,39.760299,-105.0393105,10/21/2017 20:35,20:35,6,0,0,PERRY STREET NORTH & 30TH AVENUE,1,4,0,0,1,4,0,,25,0,0,0,0,0,4,2,14
,2017_62931,39.718332,-104.987502,10/12/2017 11:35,11:35,4,0,0,BROADWAY & FIRST AVENUE WEST,1,1,0,0,1,3,0,,30,0,0,0,0,0,4,3,13
,2017_62932,39.749463,-104.973381,10/12/2017 12:10,12:10,6,0,0,DOWNING STREET NORTH & 22ND AVENUE EAST,1,1,0,0,1,4,0,,25,0,0,0,0,0,4,2,13
,2017_62933,39.678435,-104.9251905,10/12/2017 13:05,13:05,15,0,0,EVANS AVENUE 5400 BLOCK EAST & GRAPE STREET SOUTH,1,1,0,0,1,4,0,,30,0,0,0,0,0,4,2,1
,2017_62934,39.728898,-104.997582,10/12/2017 13:30,13:30,6,0,0,INCA STREET NORTH & EIGHTH AVENUE WEST,1,1,0,0,1,4,0,,25,0,0,0,0,0,4,2,13
,2017_62935,39.783609,-104.7913916,10/12/2017 13:51,13:51,12,0,0,PENA BOULEVARD & GREEN VALLEY RANCH BOULEVARD EAST,1,1,1,0,1,3,0,,30,0,0,0,0,1,4,2,8
,2017_62936,39.680316,-104.9852025,10/13/2017 10:29,10:29,6,0,0,ASBURY AVENUE EAST & SHERMAN STREET NORTH,1,1,0,0,1,4,0,,25,0,0,0,0,0,4,2,14
,2017_62937,39.77171824,-104.90281,10/18/2017 8:37,8:37,6,0,0,QUEBEC STREET & 1300 BLOCK NORTH,1,1,0,0,1,4,0,,,0,0,0,0,0,4,2,13
,2017_62938,39.72411,-104.9985945,10/12/2017 15:03,15:03,1,0,0,FIFTH AVENUE WEST & SANTA FE DRIVE NORTH,1,1,0,0,1,1,0,,30,0,0,0,0,0,4,2,13
,2017_62939,39.742848,-104.9721615,10/12/2017 15:14,15:14,3,0,0,MARION STREET NORTH & PARK AVENUE,1,1,0,0,1,1,0,,25,0,0,0,0,0,4,2,13
,2017_62940,39.766329,-104.900814,10/12/2017 15:30,15:30,12,0,0,QUEBEC STREET 3500 BLOCK NORTH & 35TH AVENUE EAST,1,1,0,0,1,4,0,,45,0,0,0,0,0,4,2,2
,2017_62941,39.714651,-104.949972,10/12/2017 15:45,15:45,12,0,0,STEELE STREET 0 BLOCK SOUTH & BAYAUD AVENUE EAST,1,1,0,7,1,4,0,,35,0,0,0,0,0,4,2,16
,2017_62942,39.758409,-105.0158835,10/12/2017 16:00,16:00,3,0,0,ZUNI STREET NORTH & 29TH AVENUE WEST,1,1,1,0,1,1,0,,35,0,0,0,0,0,4,2,4
,2017_62943,39.754809,-104.990193,10/12/2017 16:40,16:40,12,0,0,22ND STREET & LARIMER STREET,1,1,0,0,1,1,0,,30,0,0,0,0,0,4,2,13
,2017_62944,39.774519,-104.922315,10/12/2017 17:39,17:39,12,0,0,SMITH ROAD EAST & HOLLY STREET NORTH,1,1,0,0,1,1,0,,30,0,0,0,0,0,4,2,13
,2017_62945,39.679155,-105.0490035,10/14/2017 20:36,20:36,5,0,0,EVANS AVENUE WEST & WOLCOTT COURT SOUTH,1,3,0,0,3,1,0,,35,0,0,0,0,0,4,1,13
,2017_62946,39.696696,-105.001533,10/12/2017 17:42,17:42,15,0,0,LIPAN STREET SOUTH & MISSISSIPPI AVENUE WEST,1,1,0,0,1,4,0,,30,0,0,0,0,0,4,2,7
,2017_62947,39.711123,-104.981544,10/12/2017 18:50,18:50,1,0,0,ALAMEDA AVENUE EAST & PENNSYLVANIA STREET SOUTH,1,2,0,0,1,1,0,,30,0,0,0,0,0,4,2,13
,2017_62948,39.772458,-105.042852,10/12/2017 19:12,19:12,12,0,0,41ST AVENUE WEST & STUART STREET NORTH,1,4,0,0,1,4,0,,25,0,0,0,0,0,4,2,13
,2017_62949,39.736827,-104.963454,10/12/2017 20:04,20:04,6,0,0,13TH AVENUE EAST & RACE STREET NORTH,1,4,0,0,1,4,0,,,0,0,0,0,0,4,2,13
,2017_62950,39.745044,-104.987394,10/12/2017 22:49,22:49,3,0,0,BROADWAY STREET NORTH & 18TH STREET,1,3,0,0,1,1,0,,30,0,0,0,0,1,4,2,13
,2017_62951,39.717045,-104.903793,10/12/2017 22:53,22:53,12,0,0,LOWRY BOULEVARD EAST & QUEBEC STREET NORTH,1,3,0,0,1,1,0,,40,0,0,0,0,0,4,2,13
,2017_62953,39.757653,-104.998635,10/13/2017 7:58,7:58,12,0,0,20TH STREET 1900 BLOCK & CHESTNUT PLACE,1,1,1,0,1,1,0,,35,0,0,0,0,0,4,2,13
,2017_62954,39.691422,-104.912901,10/13/2017 8:18,8:18,1,0,0,MONACO STREET SOUTH & CHERRY CREEK NORTH DRIVE EAST,1,1,0,0,1,1,0,,35,0,0,0,0,1,4,3,14
,2017_62955,39.741678,-104.9761845,10/13/2017 8:39,8:39,3,0,0,16TH AVENUE EAST & EMERSON STREET NORTH,1,1,0,0,1,1,0,,25,0,0,0,0,0,4,2,13
,2017_62956,39.72627,-105.0002055,10/13/2017 8:44,8:44,12,0,0,SIXTH AVENUE WEST & KALAMATH STREET NORTH,1,1,0,0,1,4,0,,25,0,0,0,0,0,4,2,14
,2017_62957,39.782394,-104.848956,10/13/2017 9:21,9:21,15,0,0,PARIS STREET NORTH & 47TH AVENUE EAST,1,1,0,0,1,4,0,,25,0,0,0,0,0,4,2,14
,2017_62958,39.69657,-104.9407425,10/13/2017 9:35,9:35,9,0,1,MISSISSIPPI A 4000 BLOCK EAST & COLORADO BOULEVARD SOUTH,1,1,3,0,1,2,0,,30,0,0,0,1,2,4,1,14
,2017_62959,39.678534,-104.9863635,10/13/2017 10:28,10:28,6,0,0,EVANS AVENUE 100 BLOCK EAST & LINCOLN STREET SOUTH,1,1,0,0,1,1,0,,35,0,0,0,0,0,4,2,13
,2017_62960,39.717819,-104.946165,10/13/2017 11:05,11:05,3,0,0,MADISON STREET NORTH & FIRST AVENUE EAST,1,1,0,0,1,1,0,,25,0,0,0,0,1,4,2,2
,2017_62961,39.776769,-104.809914,10/13/2017 11:45,11:45,3,0,0,CHAMBERS ROAD NORTH & 46TH AVENUE EAST,1,1,0,0,1,1,0,,40,0,0,0,0,0,4,2,14
,2017_62962,39.70755,-105.0038505,10/13/2017 12:05,12:05,3,0,0,VIRGINIA AVENUE WEST & NAVAJO STREET SOUTH,1,1,0,0,1,1,0,,25,0,0,0,0,0,4,2,7
,2017_62963,39.738456,-104.9976405,10/13/2017 12:22,12:22,3,0,0,SPEER BOULEVARD NORTH & 14TH AVENUE WEST,1,1,0,0,1,1,0,,30,0,0,0,0,0,4,2,8
,2017_62964,39.725424,-104.903793,10/13/2017 12:40,12:40,1,0,0,SIXTH AVENUE EAST & QUEBEC STREET NORTH,1,1,0,0,1,1,0,,30,0,0,0,0,1,4,2,1
,2017_62965,39.631374,-105.089877,10/13/2017 13:33,13:33,3,0,0,LAYTON AVENUE WEST & BALSAM WAY SOUTH,1,1,0,0,1,1,0,,30,0,0,0,0,0,4,2,3
,2017_62966,39.68443631,-104.9645806,10/14/2017 22:55,22:55,5,0,2,BUCHTEL BOULEVARD & 2700 BLOCK EAST,1,3,0,0,2,4,0,,35,0,0,0,0,2,4,5,5
,2017_62967,39.678426,-104.9899545,10/13/2017 16:05,16:05,15,0,0,EVANS AVENUE 100 BLOCK WEST & BANNOCK STREET SOUTH,1,1,1,0,1,3,0,,35,0,0,0,0,0,4,2,13
,2017_62968,39.687543,-104.984001,10/13/2017 16:20,16:20,3,0,0,IOWA AVENUE EAST & GRANT STREET SOUTH,1,2,0,0,1,1,0,,25,0,0,0,0,0,4,2,1
,2017_62969,39.832011,-104.71554,10/14/2017 10:00,10:00,10,0,0,75TH AVENUE EAST & GUN CLUB ROAD NORTH,1,1,0,4,1,1,0,,45,0,0,0,0,0,4,2,13
,2017_62970,39.774942,-104.9780205,10/14/2017 10:06,10:06,10,0,0,38TH STREET & ARKINS COURT,1,1,0,0,1,1,0,,25,0,0,0,0,0,4,2,14
,2017_62971,39.678426,-104.9363145,10/13/2017 16:38,16:38,1,0,0,BIRCH STREET SOUTH & EVANS AVENUE EAST,1,1,0,0,1,1,0,,30,0,0,0,0,0,4,3,13
,2017_62972,39.711114,-104.961726,10/13/2017 17:05,17:05,12,0,0,ALAMEDA AVENUE EAST & GAYLORD STREET SOUTH,1,1,0,0,1,1,0,,30,0,0,0,0,0,4,2,7
,2017_62973,39.736863,-104.9941215,11/28/2017 9:45,9:45,6,0,0,ELATI STREET NORTH & 13TH AVENUE WEST,1,1,0,0,1,4,0,,25,0,0,0,0,0,4,2,13
,2017_62974,39.728907,-104.998644,10/13/2017 17:28,17:28,12,0,0,EIGHTH AVENUE WEST & SANTA FE DRIVE NORTH,1,1,0,0,1,4,0,,35,0,0,0,0,0,4,2,13
,2017_62975,39.709305,-104.9863905,10/13/2017 18:25,18:25,12,0,0,LINCOLN STREET 400 BLOCK SOUTH & DAKOTA AVENUE EAST,1,2,0,0,1,4,0,,30,0,0,0,0,0,4,2,3
,2017_62976,39.720222,-105.0151905,10/13/2017 21:39,21:39,3,0,0,SECOND AVENUE WEST & YUMA STREET NORTH,1,3,3,0,1,1,0,,35,0,0,0,0,1,4,2,14
,2017_62977,39.71950109,-104.95944,10/13/2017 21:50,21:50,5,0,0,UNIVERSITY BOULEVARD & 1600 BLOCK SOUTH,1,3,0,0,2,4,0,,30,0,0,0,0,0,4,1,14
,2017_62978,39.749319,-104.9903145,10/14/2017 2:10,2:10,3,0,0,19TH STREET & CHAMPA STREET,1,3,0,0,1,1,0,,30,0,0,0,0,0,4,2,13
,2017_62979,39.736863,-104.9941215,10/14/2017 7:35,7:35,3,0,1,ELATI STREET NORTH & 13TH AVENUE WEST,1,1,0,0,1,1,0,,30,0,0,0,0,2,4,2,7
,2017_62980,39.730518,-104.9976135,10/14/2017 8:00,8:00,3,0,0,NINTH AVENUE & INCA STREET,1,1,0,0,1,5,0,,5,0,0,0,0,0,4,2,14
,2017_62981,39.751704,-104.9837445,10/14/2017 9:28,9:28,15,0,0,CALIFORNIA STREET 2200 BLOCK & PARK AVENUE WEST,1,1,0,0,1,4,0,,30,0,0,0,0,0,4,2,14
,2017_62982,39.725649,-104.986314,10/14/2017 11:43,11:43,10,0,0,SIXTH AVENUE EAST & LINCOLN STREET NORTH,1,1,0,0,1,1,0,,30,0,0,0,0,0,4,2,8
,2017_62983,39.785886,-104.7722445,10/14/2017 13:20,13:20,1,0,0,TOWER ROAD NORTH & 49TH AVENUE EAST,1,1,0,0,1,1,0,,40,0,0,0,0,0,4,2,13
,2017_62984,39.738447,-104.986143,10/14/2017 13:30,13:30,10,0,0,14TH AVENUE EAST & LINCOLN STREET NORTH,1,1,0,0,1,1,0,,,0,0,0,0,0,4,3,13
,2017_62985,39.744819,-104.9721435,10/14/2017 13:30,13:30,3,0,0,18TH AVENUE EAST & MARION STREET NORTH,1,1,0,0,1,2,0,,,0,0,0,0,0,4,2,13
,2017_62986,39.635667,-105.0519531,10/14/2017 13:40,13:40,3,0,0,STANFORD AVENUE WEST & ZEPHYR STREET SOUTH,1,1,0,0,1,2,0,,25,0,0,0,0,0,4,2,13
,2017_62987,39.722535,-104.9534235,10/14/2017 14:00,14:00,3,0,0,FOURTH AVENUE EAST & FILLMORE STREET NORTH,1,1,0,0,1,1,0,,25,0,0,0,0,0,4,3,4
,2017_62988,39.780765,-104.9688135,10/14/2017 14:42,14:42,3,0,0,46TH AVENUE EAST & FRANKLIN STREET NORTH,1,1,0,0,1,1,0,,25,0,0,0,0,1,4,3,14
,2017_62989,39.709287,-104.980374,10/14/2017 15:30,15:30,15,0,0,DAKOTA AVENUE EAST & PEARL STREET SOUTH,1,1,0,0,1,3,0,,25,0,0,0,0,0,4,2,1
,2017_62990,39.751578,-104.9787225,10/14/2017 15:39,15:39,6,0,0,TREMONT PLACE & 25TH STREET,1,1,0,0,1,4,0,,25,0,0,0,0,0,4,2,13
,2017_62991,39.761964,-104.903451,10/14/2017 15:56,15:56,12,0,0,QUEBEC STREET NORTH & MLK BOULEVARD EAST,1,1,0,0,1,3,0,,30,0,0,0,0,0,4,2,13
,2017_62992,39.76114046,-104.895621,10/14/2017 16:00,16:00,6,0,0,TAMARAC STREET & 1400 BLOCK NORTH,1,1,0,0,1,4,0,,25,0,0,0,0,0,4,2,13
,2017_62993,39.67866,-105.0110325,10/14/2017 16:15,16:15,12,0,0,EVANS AVENUE 2000 BLOCK WEST & TEJON STREET SOUTH,1,1,0,0,1,4,0,,30,0,0,0,0,1,4,2,13
,2017_62994,39.736863,-104.976432,10/14/2017 17:00,17:00,3,0,0,13TH AVENUE EAST & EMERSON STREET NORTH,1,1,0,0,1,1,0,,30,0,0,0,0,1,4,2,13
,2017_62995,39.75075,-104.984946,10/14/2017 17:06,17:06,3,0,0,22ND STREET & CALIFORNIA STREET,1,2,0,0,1,1,0,,35,0,0,0,0,0,4,2,14
,2017_62996,39.769272,-105.00057,10/14/2017 17:50,17:50,3,0,0,38TH AVENUE WEST & KALAMATH STREET NORTH,1,1,0,0,1,1,0,,25,0,0,0,0,0,4,2,13
,2017_62997,39.740346,-105.0474915,10/14/2017 17:55,17:55,6,0,0,WINONA COURT NORTH & COLFAX AVENUE WEST,1,1,0,0,1,4,0,,25,0,0,0,0,0,4,2,13
,2017_62998,39.743226,-104.9734125,10/14/2017 17:57,17:57,6,0,0,DOWNING STREET NORTH & 17TH AVENUE EAST,1,1,0,0,1,4,0,,25,0,0,0,0,0,4,2,8
,2017_62999,39.762117,-105.038154,10/14/2017 18:20,18:20,15,0,0,32ND AVENUE WEST & OSCEOLA STREET NORTH,1,2,0,0,1,4,0,,30,0,0,0,0,0,4,2,13
,2017_63000,39.745206,-105.0095835,10/14/2017 19:00,19:00,3,0,0,AURARIA PARKWAY & SEVENTH STREET,1,3,0,0,1,1,0,,40,0,0,0,0,1,4,2,13
,2017_63001,39.725631,-104.979942,10/14/2017 20:07,20:07,14,0,0,SIXTH AVENUE EAST & PEARL STREET NORTH,1,3,0,0,1,1,0,,30,0,0,0,0,0,4,2,5
,2017_63002,39.736845,-104.98617,10/15/2017 1:47,1:47,10,0,0,13TH AVENUE EAST & LINCOLN STREET NORTH,1,3,0,0,1,1,0,,30,0,0,0,0,0,4,2,13
,2017_63003,39.768039,-104.9981805,10/15/2017 2:29,2:29,6,0,0,INCA STREET NORTH & 37TH AVENUE WEST,1,3,1,0,1,4,0,,25,0,0,0,0,0,4,4,5
,2017_63004,39.74107753,-104.9939967,10/15/2017 7:20,7:20,12,0,0,GLENARM PLACE & 1200 BLOCK,1,1,3,0,1,4,0,,25,0,0,0,0,0,4,2,7
,2017_63005,39.761964,-104.903451,10/15/2017 7:20,7:20,3,0,0,MLK BOULEVARD & QUEBEC STREET NORTH,1,1,0,0,1,1,0,,,0,0,0,0,1,4,2,13
,2017_63006,39.680343,-104.9781105,10/15/2017 7:52,7:52,6,0,0,ASBURY AVENUE EAST & CLARKSON STREET SOUTH,1,1,0,0,1,4,0,,25,0,0,0,0,0,4,2,3
,2017_63007,39.736854,-104.9848515,10/15/2017 8:10,8:10,10,0,0,13TH AVENUE EAST & SHERMAN STREET NORTH,1,1,1,0,1,1,0,,30,0,0,0,0,0,4,2,13
,2017_63008,39.787416,-105.0264225,10/15/2017 8:30,8:30,6,0,0,GREEN COURT NORTH & REGIS BOULEVARD WEST,1,1,3,0,1,2,0,,25,0,0,0,0,0,4,2,7
,2017_63009,39.738384,-104.9672115,10/15/2017 9:20,9:20,3,0,0,GILPIN STREET NORTH & 14TH AVENUE EAST,1,1,0,0,1,2,0,,,0,0,0,0,0,4,3,14
,2017_63010,39.764673,-104.9739525,10/15/2017 9:20,9:20,1,0,0,ARAPAHOE STREET & 34TH STREET,1,1,0,7,1,1,0,,25,0,0,0,0,0,4,2,16
,2017_63011,39.74166,-104.981094,10/15/2017 10:15,10:15,12,0,0,16TH AVENUE EAST & PENNSYLVANIA STREET NORTH,1,1,3,7,1,1,0,,,0,0,0,0,0,4,2,16
,2017_63012,39.738663,-104.908131,10/15/2017 10:20,10:20,12,0,0,14TH AVENUE EAST & ONEIDA STREET NORTH,1,1,0,0,1,3,0,,30,0,0,0,0,0,4,2,13
,2017_63013,39.738681,-104.88582,10/15/2017 10:35,10:35,3,0,0,14TH AVENUE EAST & XENIA STREET NORTH,1,5,0,0,1,1,0,,20,0,0,0,0,0,4,2,13
,2017_63014,39.740004,-104.9787225,10/15/2017 10:58,10:58,10,0,0,WASHINGTON STREET NORTH & COLFAX AVENUE EAST APPROXIMATELY,1,1,0,0,1,2,0,,30,0,0,0,1,1,4,2,13
,2017_63015,39.738357,-104.958702,10/15/2017 11:30,11:30,3,0,0,14TH AVENUE EAST & JOSEPHINE STREET NORTH,1,1,0,0,1,1,0,,30,0,0,0,0,0,4,2,7
,2017_63016,39.665277,-105.0785955,10/15/2017 12:10,12:10,3,0,0,AMHERST AVENUE WEST & WEBSTER STREET SOUTH,1,1,0,0,1,2,0,,15,0,0,0,0,0,4,2,13
,2017_63017,39.782385,-104.847093,10/15/2017 13:04,13:04,3,0,0,PEORIA STREET & 47TH AVENUE EAST,1,1,0,0,1,2,0,,40,0,0,0,0,0,4,2,4
,2017_63018,39.778047,-104.8471245,10/15/2017 13:09,13:09,1,0,1,45TH AVENUE EAST & PEORIA STREET NORTH,1,1,0,0,1,3,0,,25,0,0,0,0,2,4,2,8
,2017_63019,39.718332,-104.9705775,10/15/2017 13:30,13:30,12,0,0,FIRST AVENUE 1400 BLOCK EAST & LAFAYETTE STREET NORTH,1,1,3,7,1,4,0,,30,0,0,0,0,0,4,2,7
,2017_63020,39.715362,-104.894451,10/15/2017 14:44,14:44,15,0,0,SPORTS BOULEVARD EAST & FAIRMONT DRIVE EAST,1,1,0,0,1,4,0,,15,0,0,0,0,0,4,2,13
,2017_63021,39.676788,-105.02271,10/15/2017 15:20,15:20,6,0,0,DECATUR STREET 2200 BLOCK SOUTH & WARREN AVENUE WEST,1,1,1,0,1,4,0,,25,0,0,0,0,0,4,2,13
,2017_63022,39.718125,-105.0373035,10/15/2017 17:12,17:12,3,0,0,FIRST AVENUE WEST & NEWTON STREET NORTH,1,1,0,0,1,1,0,,25,0,0,0,0,0,4,2,13
,2017_63023,39.738393,-104.973048,10/15/2017 19:24,19:24,10,0,0,14TH AVENUE EAST & DOWNING STREET NORTH,1,1,0,0,1,1,0,,30,0,0,0,0,0,4,2,13
,2017_63024,39.678363,-104.959404,10/15/2017 20:07,20:07,3,0,0,UNIVERSITY BOULEVARD SOUTH & EVANS AVENUE EAST,1,3,0,0,1,2,0,,35,0,0,0,0,0,4,2,13
,2017_63025,39.64422242,-105.0375597,10/15/2017 20:15,20:15,5,0,0,NEWTON STREET 800 BLOCK SOUTH & OSCEOLA STREET SOUTH,1,4,0,0,3,5,0,,25,0,0,0,0,0,4,1,13
,2017_63026,39.718332,-104.966784,10/15/2017 20:34,20:34,12,0,0,FIRST AVENUE EAST & GILPIN STREET NORTH,1,3,0,0,1,4,0,,30,0,0,0,0,0,4,2,16
,2017_63027,39.782115,-104.9773725,10/15/2017 21:13,21:13,12,0,0,WASHINGTON STREET 4700 BLOCK NORTH & 47TH AVENUE EAST,1,3,0,0,1,4,0,,35,0,0,0,0,0,4,2,5
,2017_63028,39.707505,-104.9851935,10/15/2017 21:23,21:23,3,0,0,SHERMAN STREET SOUTH & VIRGINIA AVENUE EAST,1,4,0,0,1,1,0,,25,0,0,0,0,0,4,2,7
,2017_63029,39.746349,-105.028362,10/15/2017 21:45,21:45,6,0,0,19TH AVENUE WEST & HOOKER STREET NORTH,1,4,0,0,1,4,0,,25,0,0,0,0,0,4,2,1
,2017_63031,39.696759,-105.0297615,10/15/2017 22:15,22:15,3,0,0,MISSISSIPPI AVENUE WEST & IRVING STREET SOUTH,1,4,0,0,1,1,0,,35,0,0,0,0,0,4,2,8
,2017_63032,39.730428,-104.9873895,10/15/2017 23:10,23:10,6,0,0,NINTH AVENUE EAST & BROADWAY NORTH,1,3,0,0,1,4,0,,30,0,0,0,0,0,4,2,5
,2017_63033,39.732012,-104.9776155,10/18/2017 15:50,15:50,15,0,0,CLARKSON STREET & 10TH AVENUE EAST,1,1,1,0,1,4,0,,30,0,0,0,0,0,4,2,14
,2017_63034,39.772962,-104.975442,10/16/2017 5:23,5:23,10,0,0,BRIGHTON BOULEVARD & 38TH AVENUE WEST,1,3,0,0,1,4,1,,25,0,0,0,0,0,4,2,13
,2017_63035,39.733578,-104.951736,10/16/2017 6:15,6:15,6,0,0,MILWAUKEE STREET & 11TH AVENUE EAST,1,4,0,0,1,4,0,,25,0,0,0,0,0,4,3,12
,2017_63036,39.844602,-104.6809395,10/16/2017 6:55,6:55,15,0,0,PENA BOULEVARD 4000 BLOCK & 40TH AVENUE EAST,1,1,0,0,1,4,0,,,0,0,0,0,0,4,2,13
,2017_63037,39.712968,-104.903541,10/16/2017 7:40,7:40,3,0,0,QUEBEC STREET SOUTH & CEDAR PLACE EAST,1,1,0,0,1,1,0,,35,0,0,0,0,0,4,2,7
,2017_63038,39.77804121,-104.7720078,10/16/2017 7:42,7:42,15,0,0,TOWER ROAD 4500 BLOCK NORTH & 45TH AVENUE EAST,1,1,0,7,1,4,0,,30,0,0,0,0,0,4,2,1
,2017_63039,39.797586,-104.820021,10/16/2017 8:00,8:00,3,0,0,CROWN BOULEVARD NORTH & RANDOLPH PLACE EAST,1,1,0,0,1,1,0,,25,0,0,0,0,0,4,2,12
,2017_63040,39.692934,-104.941881,10/16/2017 8:15,8:15,15,0,0,LOUISIANA AVENUE EAST & HARRISON STREET SOUTH,1,1,0,0,1,4,0,,30,0,0,0,0,0,4,2,1
,2017_63041,39.678444,-104.9209965,10/16/2017 8:35,8:35,15,0,0,EVANS AVENUE 5700 BLOCK EAST & IVANHOE STREET SOUTH,1,1,0,7,1,4,0,,35,0,0,0,0,1,4,2,1
,2017_63042,39.738447,-104.986143,10/16/2017 9:01,9:01,3,0,0,14TH AVENUE EAST & LINCOLN STREET NORTH,1,1,0,0,1,1,0,,30,0,0,0,0,0,4,2,13
,2017_63043,39.659967,-105.0491025,10/16/2017 9:10,9:10,3,0,0,CORNELL AVENUE WEST & WOLFF STREET SOUTH,1,1,0,7,1,1,0,,25,0,0,0,0,1,4,2,16
,2017_63044,39.69666,-104.8917105,10/16/2017 9:17,9:17,3,0,0,MISSISSIPPI AVENUE EAST & VALENTIA STREET SOUTH,1,1,0,0,1,1,0,,35,0,0,0,0,0,4,2,13
,2017_63045,39.83346903,-104.692932,10/16/2017 10:12,10:12,15,0,0,PENA BOULEVARD 7500 BLOCK & JACKSON GAP STREET,1,1,0,0,1,4,0,,,0,0,0,0,0,4,2,8
,2017_63046,39.732003,-104.978682,10/16/2017 10:17,10:17,6,0,0,WASHINGTON STREET NORTH & 10TH AVENUE EAST,1,1,0,0,1,4,0,,30,0,0,0,0,0,4,2,7
,2017_63047,39.716235,-104.922252,10/16/2017 10:30,10:30,12,0,0,HOLLY STREET & ELLSWORTH AVENUE EAST,1,1,0,0,1,4,0,,,0,0,0,0,0,4,2,13
,2017_63048,39.74513662,-105.0296849,10/16/2017 10:50,10:50,10,0,0,18TH AVENUE & 1800 BLOCK EAST,1,1,0,0,1,5,0,,30,0,0,0,0,0,4,2,13
,2017_63049,39.747429,-104.9128245,10/16/2017 11:00,11:00,3,0,2,MONTVIEW BOULEVARD & MONACO STREET PARKWAY,1,1,0,0,1,1,0,,30,0,0,0,0,2,4,2,8
,2017_63050,39.749616,-104.886684,10/16/2017 12:05,12:05,6,0,0,CENTRAL PARK & 23RD AVENUE EAST,1,1,0,0,1,4,0,,30,0,0,0,0,0,4,2,12
,2017_63051,39.796299,-104.847264,10/16/2017 12:10,12:10,1,0,0,PEORIA STREET NORTH & 55TH AVENUE EAST,1,1,0,0,1,1,0,,30,0,0,0,0,1,4,2,13
,2017_63052,39.718134,-105.0337035,10/16/2017 12:11,12:11,12,0,0,FIRST AVENUE WEST & KING STREET SOUTH,1,1,0,0,1,3,0,,30,0,0,0,0,1,4,2,13
,2017_63053,39.748887,-104.9874525,10/16/2017 12:15,12:15,6,0,0,BROADWAY & 20TH STREET,1,1,0,0,1,4,0,,30,0,0,0,0,0,4,2,13
,2017_63054,39.749787,-105.0205095,10/16/2017 13:22,13:22,3,0,0,CLAY STREET SOUTHBOUND & FRONT VIEW CRESCENT DRIVE WEST,1,1,0,0,1,3,0,,25,0,0,0,0,0,4,2,14
,2017_63055,39.640392,-104.88519,10/16/2017 14:08,14:08,12,0,0,YOSEMITE STREET SOUTH & OXFORD DRIVE EAST,1,1,0,0,1,3,0,,35,0,0,0,0,0,4,2,13
,2017_63056,39.783762,-104.798043,10/16/2017 14:43,14:43,12,0,0,GREEN VALLEY RANCH BOULEVARD 16100 BLOCK EAST & MEMPHIS NORTH,1,1,0,0,1,4,0,,30,0,0,0,0,0,4,2,3