id,drcog_id,latitude,longitude,crashtime,time,crashtype,numbkilled,numbinjurd,drcoglocat,rdconditin,lightngcon,roadcntgrd,weatherco,location,roaddescrp,constrzone,schoolzone,splimit,bikeinv,pedinv,sctrinv,motoinv,svrty,rdsystem,ttlvehcls,hcf
,2017_63057,39.729276,-104.9128155,10/16/2017 15:31,15:31,3,0,0,MONACO STREET NORTH & EIGHTH AVENUE EAST,1,1,0,0,1,1,0,,30,0,0,0,0,1,4,2,1
,2017_63058,39.660219,-104.864481,10/16/2017 16:26,16:26,10,0,0,DARTMOUTH AVENUE 10700 BLOCK EAST & BETHANY DRIVE EAST,1,1,1,0,1,1,0,,30,0,0,0,0,0,4,2,1
,2017_63059,39.678696,-105.015681,10/16/2017 17:00,17:00,10,0,0,ZUNI STREET SOUTH & EVANS AVENUE WEST APPROXIMATELY,1,1,0,0,1,4,0,,30,0,0,0,0,0,4,2,13
,2017_63060,39.69675,-105.0250905,10/16/2017 17:14,17:14,12,0,0,MISSISSIPPI AVENUE WEST & FEDERAL BOULEVARD SOUTH,1,1,0,0,1,3,0,,30,0,0,0,0,0,4,2,12
,2017_63061,39.753054,-104.9854905,10/16/2017 17:26,17:26,1,0,1,PARK AVENUE WEST & CHAMPA STREET,1,1,0,0,1,1,0,,30,0,0,0,0,2,4,2,5
,2017_63062,39.769263,-105.020523,10/20/2017 7:25,7:25,6,0,0,38TH AVENUE 2645 WEST & CLAY STREET NORTH,1,1,0,0,1,4,0,,,0,0,0,0,0,4,2,13
,2017_63063,39.659211,-105.043383,10/16/2017 17:30,17:30,12,0,0,DARMOUTH AVENUE WEST & RALEIGH STREET SOUTH,1,1,1,0,1,3,0,,30,0,0,0,0,0,4,2,3
,2017_63064,39.771054,-104.949864,10/16/2017 18:27,18:27,3,0,0,STEELE STREET NORTH & 39TH AVENUE EAST,1,3,0,0,1,2,0,,30,0,0,0,0,0,4,2,7
,2017_63065,39.671208,-104.9593905,10/16/2017 18:30,18:30,3,0,0,UNIVERSITY BOULEVARD & HARVARD AVENUE EAST,1,3,0,0,1,2,0,,30,0,0,0,0,0,4,2,13
,2017_63066,39.773853,-104.9498235,10/16/2017 19:11,19:11,6,0,0,STEELE STREET NORTH & 41ST AVENUE EAST,1,3,0,0,1,4,0,,30,0,0,0,0,0,4,2,3
,2017_63067,39.82098891,-104.7743187,10/16/2017 20:20,20:20,3,0,0,YAMPA STREET NORTH & 46TH AVENUE EAST,1,3,1,0,1,1,0,,,0,0,0,0,0,4,2,13
,2017_63068,39.694896,-105.034401,10/16/2017 20:25,20:25,6,0,0,LOWELL BOULEVARD 1200 BLOCK SOUTH & ARIZONA AVENUE WEST,1,3,0,0,1,4,0,,25,0,0,0,0,0,4,2,5
,2017_63069,39.837969,-104.6928825,10/17/2017 1:25,1:25,15,0,0,78TH AVENUE 26000 BLOCK EAST & JACKSON GAP ROAD,1,3,0,0,1,4,0,,45,0,0,0,0,0,4,2,1
,2017_63070,39.752118,-104.9866605,10/17/2017 6:45,6:45,10,0,0,CHAMPA STREET & 22ND STREET,1,2,0,0,1,4,0,,30,0,0,0,0,0,4,2,13
,2017_63071,39.714651,-104.949972,10/17/2017 7:20,7:20,12,0,0,STEELE STREET SOUTH & BAYAUD AVENUE EAST,1,1,0,0,1,1,0,,30,0,0,0,0,0,4,2,14
,2017_63072,39.756141,-104.991912,10/17/2017 7:26,7:26,12,0,0,22ND STREET & BLAKE STREET,1,1,0,0,1,4,0,,25,0,0,0,0,0,4,2,14
,2017_63073,39.760758,-105.015816,10/17/2017 7:32,7:32,12,0,0,ZUNI STREET NORTH & 31ST AVENUE WEST,1,1,0,0,1,3,0,,35,0,0,0,0,0,4,3,14
,2017_63074,39.729303,-105.0223531,10/17/2017 7:53,7:53,1,0,0,EIGHTH AVENUE WEST & WYNCOOP NORTH,1,1,0,0,1,1,0,,25,0,0,0,0,0,4,2,14
,2017_63075,39.784005,-104.84712,10/17/2017 8:00,8:00,12,0,0,PEORIA STREET NORTH & ALBROOK DRIVE EAST,1,1,0,0,1,3,0,,35,0,0,0,0,1,4,2,13
,2017_63076,39.751056,-104.9828805,10/17/2017 8:35,8:35,7,0,0,WELTON STREET & PARK AVENUE WEST,1,1,0,0,1,1,0,,30,0,0,0,0,0,4,2,8
,2017_63077,39.634299,-105.109812,10/17/2017 9:20,9:20,12,0,0,KIPLING STREET NORTHBOUND 4500 BLOCK SOUTH & STANFORD AVENUE WEST,1,1,0,0,1,4,0,,45,0,0,0,0,1,4,2,7
,2017_63078,39.634299,-105.109812,10/17/2017 9:20,9:20,3,0,0,KIPLING STREET SOUTH & STANFORD AVENUE WEST,1,1,0,0,1,1,0,,45,0,0,0,0,0,4,2,7
,2017_63079,39.638664,-104.89266,10/17/2017 10:45,10:45,1,0,0,TAMARAC STREET SOUTH & QUINCY AVENUE EAST,1,1,0,0,1,1,0,,35,0,0,0,0,0,4,2,13
,2017_63080,39.786219,-104.8469715,10/17/2017 11:05,11:05,1,0,2,PEORIA STREET NORTH & ANDREWS DRIVE EAST,1,1,0,0,1,1,0,,35,0,0,0,0,2,4,2,13
,2017_63081,39.747357,-104.999841,10/17/2017 11:15,11:15,15,0,0,14TH STREET & LARIMER STREET,1,1,1,0,1,4,0,,25,0,0,0,0,0,4,2,13
,2017_63082,39.834405,-104.715504,10/21/2017 1:53,1:53,5,0,0,PENA BOULEVARD 7300 & GUN CLUB ROAD,1,3,0,0,1,4,0,,65,0,0,0,0,0,4,1,13
,2017_63083,39.781935,-104.98581,10/17/2017 12:08,12:08,3,0,0,47TH AVENUE EAST & LINCOLN STREET NORTH,1,1,0,0,1,3,0,,25,0,0,0,0,0,4,2,14
,2017_63084,39.741642,-104.9799015,10/17/2017 12:15,12:15,3,0,0,PEARL STREET NORTH & 16TH AVENUE EAST,1,1,0,0,1,1,0,,30,0,0,0,0,0,4,2,3
,2017_63085,39.762972,-105.0322725,10/17/2017 12:40,12:40,12,0,0,JULIAN STREET & MONCRIEFF PLACE WEST,1,1,0,0,1,4,0,,25,0,0,0,0,0,4,2,13
,2017_63086,39.744495,-104.991291,10/17/2017 13:00,13:00,15,0,0,WELTON STREET & 16TH STREET,1,1,0,0,1,4,0,,30,0,0,0,0,0,4,2,13
,2017_63087,39.753054,-104.9854905,10/17/2017 13:40,13:40,15,0,0,PARK AVENUE WEST & CHAMPA STREET,1,1,0,0,1,1,0,,30,0,0,0,0,0,4,2,13
,2017_63088,39.776562,-105.0439815,10/17/2017 14:15,14:15,15,0,0,44TH AVENUE 4300 BLOCK WEST & TENNYSON STREET NORTH,1,1,0,0,1,4,0,,25,0,0,0,0,0,4,2,13
,2017_63089,39.694752,-104.959323,10/17/2017 14:20,14:20,12,0,0,UNIVERSITY BOULEVARD SOUTH & ARIZONA AVENUE EAST,1,1,0,0,1,4,0,,30,0,0,0,0,0,4,2,13
,2017_63090,39.769542,-105.0358365,10/17/2017 14:38,14:38,10,0,0,38TH AVENUE WEST & MEADE STREET NORTH,1,1,0,0,1,1,0,,30,0,0,0,0,0,4,2,13
,2017_63091,39.764142,-104.89014,10/17/2017 14:43,14:43,12,0,0,CENTRAL PARK 3400 BLOCK NORTH & 35TH AVENUE EAST,1,1,0,0,1,4,0,,35,0,0,0,0,1,4,2,2
,2017_63092,39.76529688,-104.8902936,10/17/2017 14:51,14:51,12,0,0,CENTRAL PARK 3500 BLOCK NORTH & 35TH AVENUE EAST,1,1,0,0,1,4,0,,30,0,0,0,0,0,4,2,13
,2017_63093,39.743775,-104.9464935,10/17/2017 14:55,14:55,12,0,0,17TH AVENUE 3400 BLOCK EAST & MADISON STREET NORTH,1,1,0,0,1,4,0,,30,0,0,0,0,0,4,3,7
,2017_63094,39.678363,-104.959404,10/17/2017 15:00,15:00,12,0,0,UNIVERSITY BOULEVARD 2000 BLOCK SOUTH & EVANS AVENUE EAST,1,1,0,0,1,3,0,,30,0,0,0,0,0,4,2,13
,2017_63095,39.778929,-104.958261,10/17/2017 15:28,15:28,3,0,1,JOSEPHINE STREET NORTH & 45TH AVENUE EAST,1,1,0,0,1,1,0,,25,0,0,0,0,2,4,2,4
,2017_63096,39.714651,-104.949972,10/17/2017 16:00,16:00,3,0,1,BAYAUD AVENUE EAST & STEELE STREET SOUTH,1,1,0,0,1,1,0,,30,0,0,0,0,2,4,2,13
,2017_63097,39.682233,-105.044274,10/17/2017 16:05,16:05,10,0,0,TENNYSON STREET SOUTH & JEWELL AVENUE WEST,1,1,0,0,1,4,0,,25,0,0,0,0,1,4,2,13
,2017_63098,39.738285,-104.9257845,10/17/2017 16:22,16:22,3,0,0,14TH AVENUE EAST & GLENCOE STREET,1,1,0,0,1,1,0,,25,0,0,0,0,0,4,2,13
,2017_63099,39.776427,-104.8469535,10/17/2017 16:25,16:25,1,0,0,44TH AVENUE EAST & PEORIA STREET NORTH,1,1,0,0,1,3,0,,40,0,0,0,0,0,4,2,7
,2017_63100,39.678489,-104.9875605,10/17/2017 17:18,17:18,12,0,0,EVANS AVENUE 000 BLOCK WEST & BROADWAY STREET SOUTH,1,1,0,7,1,4,0,,35,0,0,0,0,1,4,2,3
,2017_63101,39.75885,-104.865822,10/17/2017 17:39,17:39,6,0,0,29TH DRIVE EAST & HAVANA STREET NORTH,1,1,0,0,1,4,0,,30,0,0,0,0,0,4,3,5
,2017_63102,39.71835,-104.9745915,10/17/2017 18:00,18:00,15,0,0,SPEER BOULEVARD 200 BLOCK EAST & CORONA STREET NORTH,1,1,0,0,1,4,0,,30,0,0,0,0,0,4,2,13
,2017_63103,39.794211,-104.8472235,10/17/2017 18:33,18:33,3,0,0,54TH AVENUE EAST & PEORIA STREET NORTH,1,1,0,0,1,3,0,,40,0,0,0,0,0,4,2,7
,2017_63104,39.76695,-104.959764,10/17/2017 19:26,19:26,3,0,0,YORK STREET NORTH & 36TH AVENUE EAST,1,1,0,0,1,1,0,,30,0,0,0,0,1,4,2,13
,2017_63105,39.743784,-104.954742,10/21/2017 21:30,21:30,6,0,0,17TH AVENUE 2800 BLOCK EAST & DETROIT STREET NORTH,1,3,0,0,1,4,0,,30,0,0,0,0,0,4,2,13
,2017_63106,39.738843,-104.9031225,10/17/2017 23:27,23:27,12,0,0,QUEBEC STREET 1400 BLOCK NORTH & 14TH AVENUE EAST,1,5,0,7,1,4,0,,35,0,0,0,0,0,4,2,14
,2017_63107,39.798387,-104.866074,10/18/2017 5:55,5:55,1,0,0,56TH AVENUE EAST & HAVANA STREET NORTH,1,3,0,0,1,1,0,,45,0,0,0,0,0,4,2,13
,2017_63108,39.798396,-104.786415,10/18/2017 7:10,7:10,5,0,0,PENA BOULEVARD & 56TH AVENUE EAST,1,2,0,0,1,4,0,,55,0,0,0,0,0,4,2,14
,2017_63109,39.638727,-104.904081,10/18/2017 7:11,7:11,1,0,0,QUINCY AVENUE EAST & EASTMOOR DRIVE EAST,1,1,0,0,1,1,0,,3,0,0,0,0,1,4,2,14
,2017_63110,39.732039,-104.9902425,10/18/2017 7:40,7:40,3,0,0,BANNOCK STREET NORTH & 10TH AVENUE WEST,1,1,0,0,1,1,0,,25,0,0,0,0,0,4,2,13
,2017_63111,39.832011,-104.71554,10/18/2017 7:40,7:40,15,0,0,75TH AVENUE EAST & GUN CLUB ROAD NORTH,1,1,0,0,1,1,0,,45,0,0,0,0,0,4,2,8
,2017_63112,39.702006,-104.959341,10/18/2017 7:45,7:45,5,0,0,UNIVERSITY BOULEVARD SOUTH & OHIO AVENUE EAST,1,1,0,0,3,4,0,,30,0,0,0,0,0,4,2,15
,2017_63113,39.769272,-105.0158655,10/18/2017 7:46,7:46,1,0,0,38TH AVENUE WEST & ZUNI STREET NORTH,1,1,0,0,1,3,0,,35,0,0,0,0,1,4,2,14
,2017_63114,39.754836,-105.023601,10/18/2017 7:48,7:48,3,0,0,26TH AVENUE WEST & ELIOT STREET NORTH,1,1,0,0,1,1,0,,25,0,0,0,0,0,4,2,14
,2017_63115,39.73686833,-104.9711579,10/18/2017 8:20,8:20,3,0,0,13TH AVENUE & 3300 BLOCK EAST,1,1,0,0,1,5,0,,30,0,0,0,0,0,4,2,7
,2017_63116,39.7467,-104.9989815,10/18/2017 8:47,8:47,15,0,0,LAWRENCE STREET & 14TH STREET,1,1,0,0,1,4,0,,30,0,0,0,0,0,4,3,13
,2017_63117,39.725631,-104.9874435,10/18/2017 9:04,9:04,10,0,0,SIXTH AVENUE WEST & BROADWAY NORTH,1,1,0,0,1,1,0,,30,0,0,0,0,0,4,2,13
,2017_63118,39.743388,-104.9234355,10/18/2017 9:54,9:54,3,0,0,17TH AVENUE EAST & HUDSON STREET NORTH,1,1,0,0,1,1,0,,25,0,0,0,0,0,4,3,13
,2017_63119,39.783609,-104.7913916,10/18/2017 10:45,10:45,1,0,0,PENA BOULEVARD & GREEN VALLEY RANCH BOULEVARD EAST,1,1,0,0,1,1,0,,44,0,0,0,0,1,4,2,13
,2017_63120,39.74383292,-104.9034257,10/18/2017 11:15,11:15,12,0,0,QUEBEC STREET 1700 BLOCK NORTH & 17TH AVENUE EAST,1,1,0,0,1,4,0,,30,0,0,0,0,0,4,2,3
,2017_63121,39.766032,-104.973354,10/18/2017 12:30,12:30,3,0,0,DOWNING STREET NORTH & 35TH STREET,1,1,0,0,1,2,0,,30,0,0,0,0,0,4,2,13
,2017_63122,39.806055,-104.8796325,10/18/2017 12:45,12:45,6,0,0,60TH AVENUE EAST & BOSTON COURT NORTH,1,1,0,0,1,1,0,,25,0,0,0,0,0,4,2,13
,2017_63123,39.760722,-104.957325,10/18/2017 12:50,12:50,15,0,0,31ST AVENUE EAST & COLUMBINE STREET NORTH,1,1,0,0,1,4,0,,30,0,0,0,0,0,4,2,13
,2017_63124,39.651102,-104.8848435,10/18/2017 12:59,12:59,12,0,0,JEFFERSON AVENUE 8900 EAST & YOSEMITE STREET SOUTH,1,1,1,0,1,4,0,,25,0,0,0,0,0,4,2,14
,2017_63125,39.736872,-105.0028065,10/18/2017 13:28,13:28,1,0,0,MARIPOSA STREET 1300 BLOCK OF & 13TH AVENUE WEST,1,1,0,0,1,2,0,,35,0,0,0,0,0,4,2,14
,2017_63126,39.749571,-104.9882535,10/18/2017 13:35,13:35,3,0,0,20TH STREET & STOUT STREET,1,1,0,0,1,1,0,,25,0,0,0,0,0,4,2,3
,2017_63127,39.709332,-104.94378,10/18/2017 14:27,14:27,6,0,0,DAKOTA AVENUE 3700 BLOCK EAST & GARFIELD STREET SOUTH,1,1,0,0,1,4,0,,25,0,0,0,0,0,4,2,13
,2017_63128,39.761964,-104.903451,10/18/2017 14:54,14:54,12,0,0,QUEBEC STREET NORTH & MLK BOULEVARD EAST,1,1,0,0,1,3,0,,35,0,0,0,0,0,4,2,2
,2017_63129,39.79395168,-104.903293,10/18/2017 15:07,15:07,12,0,0,QUEBEC STREET 5400 BLOCK NORTH & 56TH AVENUE EAST,1,1,0,0,1,4,0,,55,0,0,0,0,0,4,2,3
,2017_63130,39.74967858,-104.8828307,10/18/2017 15:30,15:30,6,0,0,AKRON WAY NORTH & 22ND STREET EAST,1,1,0,0,1,2,0,,25,0,0,0,0,0,4,2,4
,2017_63131,39.83346903,-104.692932,10/18/2017 16:38,16:38,12,0,0,JACKSON GAP STREET 7500 BLOCK NORTH & PENA BOULEVARD,1,1,1,0,1,4,0,,45,0,0,0,0,0,4,2,13
,2017_63132,39.743217,-104.9684265,10/18/2017 16:54,16:54,12,0,0,17TH AVENUE 1600 BLOCK EAST & FRANKLIN STREET NORTH,1,1,0,0,1,4,0,,30,0,0,0,0,0,4,3,13
,2017_63133,39.754305,-104.9942745,10/18/2017 17:20,17:20,12,0,0,20TH STREET & BLAKE STREET,2,2,0,0,1,3,0,,30,0,0,0,0,0,4,2,8
,2017_63134,39.718179,-104.959314,10/18/2017 17:25,17:25,12,0,0,FIRST AVENUE EAST & UNIVERSITY BOULEVARD NORTH,1,1,0,0,1,4,0,,,0,0,0,0,0,4,2,13
,2017_63135,39.770298,-104.9789115,10/18/2017 17:37,17:37,3,0,0,BRIGHTON BOULEVARD & 35TH STREET,1,2,0,0,1,1,1,,25,0,0,0,0,0,4,2,1
,2017_63136,39.763827,-104.903451,10/18/2017 17:53,17:53,12,0,0,QUEBEC STREET NORTH & 33RD AVENUE EAST,1,1,0,0,1,3,0,,35,0,0,0,0,0,4,2,3
,2017_63137,39.763233,-104.964714,10/18/2017 18:45,18:45,6,0,0,HIGH STREET NORTH & 33RD AVENUE EAST,1,2,0,0,1,4,0,,25,0,0,0,0,0,4,2,1
,2017_63138,39.785427,-105.006411,10/18/2017 18:45,18:45,15,0,0,PECOS STREET NORTH & DIXIE PLACE WEST,1,3,0,0,1,4,0,,35,0,0,0,0,0,4,2,13
,2017_63139,39.678435,-104.9407425,10/18/2017 19:38,19:38,15,0,0,EVANS AVENUE 4000 BLOCK EAST & COLORADO BOULEVARD SOUTH,1,3,0,0,1,4,0,,,0,0,0,0,0,4,2,13
,2017_63140,39.743244,-104.976171,10/18/2017 20:18,20:18,3,0,0,EMERSON STREET NORTH & 17TH AVENUE EAST,1,3,0,0,1,1,0,,25,0,0,0,0,1,4,2,14
,2017_63141,39.736863,-104.996484,10/18/2017 22:20,22:20,3,0,0,13TH AVENUE WEST & SPEER BOULEVARD NORTH,1,3,0,0,1,1,0,,30,0,0,0,0,0,4,2,13
,2017_63142,39.678435,-104.922234,10/20/2017 18:00,18:00,12,0,0,HOLLY STREET SOUTH & EVANS AVENUE EAST,1,1,0,0,1,3,0,,30,0,0,0,0,1,4,2,13
,2017_63143,39.738447,-104.986143,10/18/2017 23:00,23:00,3,0,0,14TH AVENUE EAST & LINCOLN STREET NORTH,1,3,0,0,1,1,0,,30,0,0,0,0,0,4,2,13
,2017_63144,39.727251,-104.9788035,10/19/2017 0:32,0:32,6,0,0,WASHINGTON STREET NORTH & SEVENTH AVENUE EAST,1,3,1,0,3,4,0,,30,0,0,0,0,0,4,2,15
,2017_63145,39.793437,-104.9015115,10/19/2017 6:56,6:56,3,0,0,53RD PLACE EAST & ROSLYN STREET NORTH,1,2,0,0,1,1,0,,30,0,0,0,0,0,4,2,13
,2017_63146,39.711204,-104.9222835,10/19/2017 7:03,7:03,1,0,0,HOLLY STREET SOUTH & ALAMEDA AVENUE EAST,1,1,0,0,1,1,0,,35,0,0,0,0,0,4,2,13
,2017_63147,39.715452,-104.9035073,10/19/2017 7:32,7:32,12,0,0,QUEBEC WAY SOUTH & QUEBEC STREET SOUTH,1,1,0,0,1,3,0,,35,0,0,0,0,0,4,2,16
,2017_63148,39.753225,-104.9769405,10/19/2017 7:52,7:52,3,0,0,25TH AVENUE EAST & CLARKSON STREET NORTH,1,1,0,0,1,1,0,,25,0,0,0,0,0,4,2,16
,2017_63149,39.711186,-104.892912,10/19/2017 8:04,8:04,1,0,0,ALAMEDA AVENUE EAST & FAIRMONT DRIVE EAST,1,1,0,0,1,1,0,,25,0,0,0,0,0,4,2,14
,2017_63150,39.66189833,-104.9617912,10/19/2017 8:09,8:09,12,0,0,BUTCHEL BOULEVARD 2400 BLOCK EAST & COLUMBINE STREET SOUTH,1,1,0,0,1,4,0,,30,0,0,0,0,0,4,3,13
,2017_63151,39.76352666,-104.8724068,10/19/2017 8:35,8:35,15,0,0,32ND AVENUE WB & 7300 BLOCK EAST,1,1,0,0,1,4,0,,35,0,0,0,0,0,4,2,7
,2017_63152,39.75012,-104.9962005,10/19/2017 8:38,8:38,12,0,0,17TH STREET & LARIMER STREET,1,1,1,0,1,1,0,,30,0,0,0,0,0,4,2,13
,2017_63153,39.729114,-104.959071,10/19/2017 8:40,8:40,15,0,0,EIGHTH AVENUE EAST & JOSEPHINE STREET NORTH,1,1,0,0,1,1,0,,35,0,0,0,0,0,4,2,13
,2017_63154,39.745206,-105.0095835,10/19/2017 9:24,9:24,12,0,0,AURARIA PARKWAY & SEVENTH STREET,1,1,1,0,1,4,0,,30,0,0,0,0,0,4,2,13
,2017_63155,39.763881,-105.0300315,10/19/2017 9:45,9:45,15,0,0,33RD AVENUE WEST & IRVING STREET NORTH,1,1,0,0,1,4,0,,25,0,0,0,0,0,4,2,13
,2017_63156,39.75642,-104.989833,10/19/2017 10:00,10:00,15,0,0,PARK AVENUE WEST 1300 BLOCK & WALNUT STREET,1,1,0,0,1,4,0,,30,0,0,0,0,1,4,2,13
,2017_63157,39.725667,-104.9921415,10/19/2017 10:01,10:01,10,0,0,CHEROKEE STREET & SIXTH AVENUE WEST,1,1,0,0,1,4,0,,35,0,0,0,0,0,4,2,1
,2017_63158,39.720456,-104.9791185,10/19/2017 10:16,10:16,3,0,0,WASHINGTON STREET NORTH & SPEER BOULEVARD EAST,1,1,0,0,1,1,0,,25,0,0,0,0,0,4,2,14
,2017_63159,39.727287,-104.97294,10/19/2017 10:38,10:38,12,0,0,SEVENTH AVENUE 1200 BLOCK EAST & DOWNING STREET NORTH,1,1,0,0,1,4,0,,25,0,0,0,0,0,4,2,13
,2017_63160,39.69675,-105.010713,11/30/2017 11:40,11:40,6,0,0,MISSISSIPPI AVENUE 1800 BLOCK WEST & SHOSHONE STREET SOUTH,1,1,0,0,1,5,0,,,0,0,0,0,0,4,2,13
,2017_63161,39.787272,-104.9440635,10/19/2017 11:06,11:06,7,0,0,MONROE STREET NORTH & 50TH AVENUE EAST,1,1,0,0,1,4,0,,30,0,0,0,0,0,4,2,13
,2017_63162,39.747438,-104.90346,10/19/2017 11:39,11:39,12,0,0,QUEBEC STREET 1900 BLOCK NORTH & MONTVIEW BOULEVARD EAST,1,1,0,0,1,4,0,,30,0,0,0,0,0,4,3,7
,2017_63163,39.676626,-104.935257,10/19/2017 12:05,12:05,5,0,0,WARREN AVENUE 4500 BLOCK EAST & CLERMONT STREET SOUTH,1,1,0,0,1,4,0,,,0,0,0,0,0,4,1,13
,2017_63164,39.736476,-104.9361615,10/19/2017 13:05,13:05,3,0,0,13TH AVENUE EAST & BIRCH STREET NORTH,1,1,0,0,1,1,0,,,0,0,0,0,0,4,2,13
,2017_63165,39.744855,-104.987394,10/19/2017 13:46,13:46,15,0,0,BROADWAY STREET NORTH & 18TH AVENUE EAST,1,1,0,0,1,1,0,,30,0,0,0,0,1,4,2,8
,2017_63166,39.729114,-104.941854,10/19/2017 14:38,14:38,15,0,0,EIGHTH AVENUE 3900 BLOCK EAST & HARRISON STREET NORTH,1,1,0,0,1,4,0,,30,0,0,0,0,0,4,2,13
,2017_63167,39.741957,-104.9730435,10/19/2017 15:23,15:23,15,0,0,DOWNING STREET 1600 BLOCK NORTH & 17TH AVENUE EAST,1,1,0,0,1,1,0,,30,0,0,0,0,0,4,2,13
,2017_63168,39.69657,-104.9407425,10/19/2017 15:45,15:45,15,0,0,MISSISSIPPI AVENUE 4000 BLOCK EAST & COLORADO BOULEVARD SOUTH,1,1,0,0,1,3,0,,30,0,0,0,0,0,4,2,1
,2017_63169,39.753216,-104.9696505,10/19/2017 21:11,21:11,3,0,1,25TH AVENUE EAST & HUMBOLDT STREET NORTH,1,3,0,0,1,1,0,,25,0,0,0,0,2,4,2,1
,2017_63170,39.747708,-104.990616,10/19/2017 15:58,15:58,12,0,0,18TH STREET & STOUT STREET,1,1,0,0,1,3,0,,30,0,0,0,0,1,4,3,1
,2017_63171,39.733704,-104.9810535,10/19/2017 16:15,16:15,6,0,0,11TH AVENUE EAST & PENNSYLVANIA STREET NORTH,1,1,0,0,1,4,0,,30,0,0,0,0,0,4,2,13
,2017_63172,39.714768,-104.912892,10/19/2017 16:20,16:20,1,0,0,BAYAUD AVENUE EAST & MONACO STREET SOUTH,1,1,0,0,1,1,0,,30,0,0,0,0,1,4,2,13
,2017_63173,39.783735,-105.0345945,10/19/2017 16:34,16:34,14,0,0,LOWELL BOULEVARD NORTH & 48TH AVENUE WEST,1,1,0,0,1,1,0,,25,0,0,0,0,0,4,3,14
,2017_63174,39.738537,-104.9594715,10/19/2017 16:42,16:42,12,0,0,YORK STREET 1400 BLOCK NORTH & 14TH AVENUE EAST,1,1,0,0,1,4,0,,,0,0,0,0,0,4,2,13
,2017_63175,39.789297,-104.820021,10/19/2017 17:15,17:15,6,0,0,52ND AVENUE EAST & SABLE STREET NORTH,1,1,0,0,1,4,0,,30,0,0,0,0,0,4,2,14
,2017_63176,39.783609,-104.7913916,10/19/2017 17:32,17:32,12,0,0,PENA BOULEVARD 4800 BLOCK & GREEN VALLEY RANCH BOULEVARD,1,1,1,0,1,3,0,,30,0,0,0,0,0,4,2,13
,2017_63177,39.783609,-104.7913916,10/19/2017 17:40,17:40,12,0,0,PENA BOULEVARD 4800 BLOCK & GREEN VALLEY RANCH BOULEVARD,1,1,1,0,1,1,0,,35,0,0,0,0,0,4,2,13
,2017_63178,39.672513,-105.040647,10/19/2017 18:34,18:34,6,0,0,QUITMAN STREET SOUTH & HARVARD STREET WEST,1,1,0,0,1,4,0,,25,0,0,0,0,0,4,2,5
,2017_63179,39.783609,-104.7913916,10/19/2017 18:43,18:43,12,0,1,PENA BOULEVARD 4800 BLOCK & GREEN VALLEY RANCH BOULEVARD,1,3,0,0,1,4,0,,65,0,0,0,0,2,4,2,13
,2017_63180,39.764448,-104.940504,10/19/2017 19:02,19:02,15,0,0,BRUCE RANDOLPH AVENUE EAST & COLORADO BOULEVARD NORTH,1,3,0,0,1,4,0,,30,0,0,0,0,1,4,2,13
,2017_63181,39.685698,-104.912892,10/19/2017 19:53,19:53,14,0,0,MEXICO AVENUE EAST & MONACO STREET SOUTH,1,3,0,0,1,3,0,,35,0,0,0,0,0,4,2,1
,2017_63182,39.725622,-104.978754,10/19/2017 23:07,23:07,15,0,0,SIXTH AVENUE EAST & WASHINGTON STREET NORTH,1,3,0,0,1,4,0,,30,0,0,0,0,0,4,2,13
,2017_63183,39.758247,-104.872618,10/20/2017 5:40,5:40,6,0,0,29TH AVENUE & 8030 EAST,1,3,0,0,1,4,0,,35,0,0,0,0,0,4,2,1
,2017_63184,39.732039,-104.972994,10/20/2017 6:00,6:00,6,0,0,DOWNING STREET 1140 NORTH & 10TH AVENUE EAST,1,1,0,0,1,4,0,,,0,0,0,0,0,4,2,13
,2017_63185,39.798234,-104.7721815,10/20/2017 6:52,6:52,3,0,0,56TH AVENUE EAST & TOWER ROAD NORTH,1,2,0,0,1,1,0,,45,0,0,0,0,0,4,2,13
,2017_63187,39.660498,-105.0251535,10/20/2017 8:00,8:00,3,0,0,DARTMOUTH AVENUE WEST & FEDERAL BOULEVARD SOUTH,1,1,0,0,1,2,0,,,0,0,0,0,0,4,2,13
,2017_63188,39.785553,-104.9782905,10/20/2017 8:27,8:27,12,0,0,49TH AVENUE EAST & WASHINGTON STREET NORTH,1,1,0,0,1,1,0,,35,0,0,0,0,0,4,3,14
,2017_63189,39.738267,-104.924601,10/20/2017 8:45,8:45,15,0,0,14TH AVENUE EAST & GRAPE STREET NORTH,1,1,0,0,1,1,0,,35,0,0,0,0,0,4,2,13
,2017_63190,39.711366,-104.9165055,10/20/2017 8:45,8:45,15,0,0,ALAMEDA AVENUE 6200 BLOCK EAST & KRAMERIA STREET EAST,1,1,0,0,1,4,0,,35,0,0,0,0,0,4,2,4
,2017_63191,39.712266,-104.997654,10/20/2017 8:50,8:50,15,0,0,SANTA FE DRIVE SOUTH & BYERS AVENUE,1,1,0,0,1,4,0,,30,0,0,0,0,0,4,2,13
,2017_63192,39.710493,-105.03972,10/26/2017 7:05,7:05,6,0,0,PERRY STREET & NEVADA PLACE WEST,1,1,0,0,1,4,0,,25,0,0,0,0,0,4,2,13