id,drcog_id,latitude,longitude,crashtime,time,crashtype,numbkilled,numbinjurd,drcoglocat,rdconditin,lightngcon,roadcntgrd,weatherco,location,roaddescrp,constrzone,schoolzone,splimit,bikeinv,pedinv,sctrinv,motoinv,svrty,rdsystem,ttlvehcls,hcf
,2017_63193,39.744828,-104.967225,10/20/2017 8:54,8:54,3,0,0,18TH AVENUE EAST & GILPIN STREET NORTH,1,1,0,0,1,1,0,,35,0,0,0,0,1,4,2,2
,2017_63194,39.728925,-104.9940765,10/20/2017 9:52,9:52,12,0,0,ELATI STREET 700 BLOCK NORTH & EIGHTH AVENUE WEST,1,1,1,0,1,4,0,,25,0,0,0,0,0,4,2,13
,2017_63195,39.767382,-104.90346,10/20/2017 10:21,10:21,3,0,0,QUEBEC STREET NORTH & 36TH AVENUE EAST,1,1,0,0,1,1,0,,45,0,0,0,0,0,4,2,13
,2017_63196,39.711186,-104.892912,10/20/2017 10:30,10:30,12,0,0,ALAMEDA AVENUE EAST & FAIRMOUNT DRIVE EAST,1,1,0,0,1,1,0,,35,0,0,0,0,0,4,2,13
,2017_63197,39.691422,-104.912901,10/20/2017 11:15,11:15,12,0,0,CHERRY CREEK 6500 BLOCK EAST & MONACO STREET SOUTH,1,1,0,0,1,3,0,,30,0,0,0,0,0,4,2,13
,2017_63198,39.711204,-104.9222835,10/20/2017 11:25,11:25,15,0,0,ALAMEDA AVENUE 5600 BLOCK EAST & HOLLY STREET SOUTH,1,1,0,0,1,3,0,,,0,0,0,0,0,4,2,13
,2017_63199,39.68946,-105.0297165,10/20/2017 11:34,11:34,12,0,0,IRVING STREET 1500 BLOCK SOUTH & FLORIDA AVENUE WEST,1,1,0,7,1,4,0,,30,0,0,0,0,0,4,2,5
,2017_63200,39.740085,-104.913945,10/20/2017 11:38,11:38,6,0,0,LOCUST STREET NORTH & COLFAX AVENUE EAST,1,1,0,0,1,2,0,,25,0,0,0,0,0,4,2,13
,2017_63201,39.685698,-104.9500935,10/24/2017 17:45,17:45,10,0,0,MEXICO AVENUE EAST & STEELE STREET SOUTH,1,1,0,0,1,3,0,,25,0,0,0,0,0,4,2,13
,2017_63202,39.753054,-104.9854905,10/23/2017 18:30,18:30,6,0,0,CHAMPA STREET & PARK AVENUE WEST,1,3,0,0,1,4,0,,30,0,0,0,0,0,4,2,13
,2017_63203,39.727305,-104.9986125,10/20/2017 15:37,15:37,15,0,0,SANTA FE DRIVE NORTH & SEVENTH AVENUE WEST,1,1,0,0,1,4,0,,35,0,0,0,0,0,4,2,13
,2017_63204,39.752154,-104.9988465,10/20/2017 16:15,16:15,1,0,0,17TH STREET & WAZEE STREET,1,1,0,0,1,1,0,,25,0,0,0,1,1,4,2,8
,2017_63205,39.764466,-104.959773,10/20/2017 16:18,16:18,12,0,0,BRUCE RANDOLPH AVENUE EAST & YORK STREET NORTH,2,1,1,7,1,4,0,,35,0,0,0,0,0,4,2,16
,2017_63206,39.691152,-104.987493,10/20/2017 16:42,16:42,1,0,0,BROADWAY STREET SOUTH & ARKANSAS AVENUE EAST,1,1,0,0,1,1,0,,30,0,0,0,0,0,4,2,13
,2017_63207,39.743388,-104.9873895,10/20/2017 17:00,17:00,3,0,0,17TH AVENUE EAST & BROADWAY STREET NORTH,1,1,0,0,1,1,0,,30,0,0,0,1,0,4,2,13
,2017_63208,39.732102,-104.9976225,10/20/2017 17:01,17:01,3,0,0,10TH AVENUE WEST & INCA STREET NORTH,1,1,1,0,1,1,0,,30,0,0,0,0,0,4,2,13
,2017_63209,39.714714,-104.982723,10/20/2017 18:37,18:37,6,0,0,BAYAUD AVENUE 400 BLOCK EAST & LOGAN STREET SOUTH,1,3,0,0,1,2,0,,25,0,0,0,0,0,4,2,13
,2017_63210,39.689442,-105.034365,10/20/2017 18:58,18:58,12,0,0,FLORIDA AVENUE WEST & LOWELL BOULEVARD SOUTH,1,3,0,0,1,4,0,,,0,0,0,0,0,4,2,13
,2017_63211,39.79538977,-104.9687426,10/20/2017 19:11,19:11,15,0,0,FRANKLIN STREET & 1900 BLOCK,1,3,0,0,1,4,0,,30,0,0,0,0,0,4,2,13
,2017_63212,39.638664,-104.89266,10/20/2017 20:10,20:10,12,0,0,TAMARAC STREET 4300 BLOCK SOUTH & QUINCY AVENUE EAST,1,3,0,0,1,3,0,,35,0,0,0,0,0,4,2,5
,2017_63213,39.749832,-104.986152,10/20/2017 20:13,20:13,10,0,0,21ST STREET & CALIFORNIA STREET,1,3,0,0,1,1,0,,,0,0,0,0,0,4,2,8
,2017_63214,39.744009,-104.9897835,10/20/2017 21:00,21:00,12,0,0,GLENARM PLACE 1600 BLOCK & 16TH STREET,1,1,0,0,1,4,0,,25,0,0,0,0,0,4,2,4
,2017_63215,39.743388,-104.9873895,10/20/2017 21:02,21:02,10,0,0,17TH AVENUE EAST & BROADWAY STREET NORTH,1,3,0,0,1,1,0,,25,0,0,0,0,0,4,2,7
,2017_63216,39.638664,-104.89266,10/20/2017 21:20,21:20,1,0,0,QUINCY AVENUE EAST & TAMARAC DRIVE SOUTH,1,3,0,0,1,1,0,,35,0,0,0,0,1,4,2,14
,2017_63217,39.756951,-104.98743,10/20/2017 23:00,23:00,12,0,0,LARIMER STREET & BROADWAY NORTH,1,3,0,7,1,4,0,,30,0,0,0,0,0,4,2,16
,2017_63218,39.745566,-104.995152,10/20/2017 23:16,23:16,12,0,0,CHAMPA & 15TH STREET,1,3,0,0,1,4,0,,30,0,0,0,0,0,4,2,13
,2017_63219,39.75093,-105.0021,10/20/2017 23:18,23:18,12,0,0,15TH STREET & WYNKOOP STREET,1,3,0,0,1,4,0,,15,0,0,0,0,0,4,2,13
,2017_63220,39.742245,-104.99076,10/20/2017 23:19,23:19,3,0,0,15TH STREET & TREMONT PLACE,1,3,0,0,1,1,0,,30,0,0,0,0,0,4,2,7
,2017_63221,39.63799513,-104.9126831,10/21/2017 0:20,0:20,5,0,0,MONACO STREET & 3300 BLOCK NORTH,1,3,0,0,2,4,0,,35,0,0,0,0,0,4,1,13
,2017_63222,39.667581,-104.9593905,10/21/2017 0:25,0:25,1,0,0,YALE AVENUE EAST & UNIVERSITY BOULEVARD SOUTH,1,3,0,0,1,1,0,,35,0,0,0,0,0,4,2,13
,2017_63223,39.782385,-104.847093,10/21/2017 0:30,0:30,1,0,0,PEORIA STREET NORTH & 47TH AVENUE EAST,1,3,0,0,1,1,0,,40,0,0,0,0,0,4,2,13
,2017_63224,39.732048,-104.988825,10/21/2017 2:00,2:00,12,0,0,ACOMA STREET NORTH & 10TH AVENUE WEST,1,3,0,0,1,1,0,,25,0,0,0,0,0,4,2,5
,2017_63225,39.730509,-104.998671,10/21/2017 3:55,3:55,5,0,0,SANTA FE DRIVE NORTH & NINTH AVENUE WEST,1,3,0,0,2,4,0,,25,0,0,0,0,0,4,1,5
,2017_63226,39.798297,-104.7999735,10/21/2017 4:35,4:35,5,0,0,56TH AVENUE & LAREDO STREET NORTH,1,3,0,0,2,4,0,,40,0,0,0,0,0,4,1,13
,2017_63227,39.679146,-105.052122,10/21/2017 7:20,7:20,3,0,0,EVANS AVENUE WEST & ZENOBIA STREET SOUTH,1,1,1,0,1,1,0,,30,0,0,0,0,0,4,2,7
,2017_63228,39.749175,-104.9976405,11/30/2017 9:22,9:22,5,0,0,16TH STREET 1300 BLOCK & ALLEY SOUTH,1,1,0,0,2,2,0,,15,0,0,0,0,0,4,1,13
,2017_63229,39.784968,-105.0062535,10/21/2017 8:45,8:45,3,0,0,PECOS STREET 4800 BLOCK NORTH & 49TH AVENUE WEST,1,1,0,0,1,2,0,,35,0,0,0,0,0,4,2,13
,2017_63230,39.746169,-104.9775435,10/21/2017 9:26,9:26,3,0,0,CLARKSON STREET NORTH & 19TH AVENUE EAST,1,1,0,0,1,1,0,,30,0,0,0,0,0,4,2,8
,2017_63231,39.656655,-105.0664635,10/21/2017 10:00,10:00,6,0,0,FLOYD AVENUE & 6295 WEST FLOYD AVENUE,1,1,0,0,1,4,0,,20,0,0,0,0,0,4,2,13
,2017_63232,39.748878,-104.987448,10/21/2017 10:10,10:10,12,0,0,20TH STREET & BROADWAY STREET NORTH,1,1,0,0,1,1,0,,25,0,0,0,0,0,4,2,14
,2017_63233,39.734352,-104.9384025,10/21/2017 13:04,13:04,3,0,1,HALE PARKWAY EAST & ASH STREET NORTH,1,1,0,0,1,1,0,,25,0,0,0,0,2,4,2,3
,2017_63234,39.671271,-104.9875335,10/21/2017 13:14,13:14,12,0,0,HARVARD AVENUE 000 BLOCK EAST & BROADWAY STREET SOUTH,1,1,0,0,1,3,0,,25,0,0,0,0,0,4,2,13
,2017_63235,39.654045,-104.9130135,10/21/2017 13:15,13:15,15,0,0,MONACO STREET 3400 BLOCK SOUTH & GIRARD AVENUE EAST,1,1,0,0,1,1,0,,35,0,0,0,0,0,4,2,13
,2017_63236,39.71784938,-104.9350556,10/21/2017 13:30,13:30,6,0,0,BELO HORIZONTE 100 BLOCK NORTH & CRANMER PARK ROAD 6,1,1,0,0,1,4,0,,15,0,0,0,0,0,4,3,5
,2017_63237,39.754305,-104.9942745,10/21/2017 13:40,13:40,3,0,0,BLAKE STREET & 20TH AVENUE,1,1,0,0,1,3,0,,25,0,0,0,0,0,4,2,1
,2017_63238,39.812877,-104.772213,10/21/2017 14:46,14:46,10,0,0,64TH AVENUE EAST & TOWER ROAD NORTH,1,1,0,0,1,1,0,,25,0,0,0,0,0,4,2,13
,2017_63239,39.70431,-105.046065,10/21/2017 15:25,15:25,3,0,0,UTICA STREET SOUTH & EXPOSITION AVENUE WEST,1,1,0,0,1,1,0,,30,0,0,0,0,0,4,2,14
,2017_63240,39.767382,-104.90346,10/21/2017 15:53,15:53,1,0,0,36TH AVENUE EAST & QUEBEC STREET NORTH,1,1,0,0,1,3,0,,40,0,0,0,0,0,4,2,7
,2017_63241,39.687579,-104.979294,10/21/2017 16:20,16:20,3,0,0,WASHINGTON STREET SOUTH & IOWA AVENUE EAST,1,1,0,0,1,1,0,,25,0,0,0,0,0,4,2,1
,2017_63242,39.73514738,-104.9417651,10/21/2017 17:07,17:07,10,0,0,HARRISON STREET 1200 BLOCK NORTH & 12TH AVENUE EAST,1,2,0,0,1,4,0,,25,0,0,0,0,0,4,2,3
,2017_63243,39.762027,-104.97213,10/21/2017 19:34,19:34,12,0,0,MLK BOULEVARD EAST & MARION STREET NORTH,1,3,0,0,1,1,0,,35,0,0,0,0,0,4,2,14
,2017_63244,39.725658,-104.9863095,10/21/2017 20:00,20:00,12,0,0,SPEER BOULEVARD EAST & SIXTH AVENUE EAST,1,3,0,0,1,4,0,,30,0,0,0,0,1,4,2,3
,2017_63245,39.767319,-104.894361,10/21/2017 20:25,20:25,3,0,2,36TH AVENUE EAST & ULSTER STREET NORTH,1,3,0,0,1,2,0,,35,0,0,0,0,2,4,2,13
,2017_63247,39.773898,-104.8349205,10/21/2017 21:50,21:50,3,0,0,42ND AVENUE EAST & CARSON STREET NORTH,1,3,0,0,1,1,0,,25,0,0,0,0,0,4,2,13
,2017_63248,39.672918,-105.0298425,10/21/2017 22:30,22:30,12,0,0,IRVING STREET SOUTH & HARVARD AVENUE WEST,1,3,0,0,1,4,0,,25,0,0,0,0,0,4,5,13
,2017_63249,39.750714,-104.973354,10/21/2017 22:56,22:56,6,0,0,23RD AVENUE EAST & DOWNING STREET NORTH,1,3,0,0,1,4,0,,,0,0,0,0,1,4,3,5
,2017_63250,39.696597,-104.9219055,10/22/2017 2:25,2:25,5,0,0,CHERRY CREEK NORTH DRIVE EAST & HOLLY STREET SOUTH,1,4,0,0,3,1,0,,30,0,0,0,0,0,4,1,2
,2017_63251,39.738627,-105.036741,10/22/2017 3:46,3:46,6,0,0,NEWTON STREET 1400 BLOCK NORTH & 14TH AVENUE WEST,1,3,0,0,1,4,0,,25,0,0,0,0,0,4,4,1
,2017_63252,39.778722,-104.9222925,10/22/2017 5:41,5:41,3,0,1,STAPLETON NORTH DRIVE & HOLLY STREET NORTH,1,3,0,0,1,1,0,,30,0,0,0,0,2,4,2,1
,2017_63253,39.738447,-104.986143,10/22/2017 7:14,7:14,3,0,1,14TH AVENUE EAST & LINCOLN STREET NORTH,1,2,0,0,1,1,0,,30,0,0,0,0,2,4,2,13
,2017_63254,39.775338,-105.0123735,10/22/2017 7:35,7:35,5,0,0,UMATILLA STREET 4328 NORTH & 43RD AVENUE WEST,1,1,0,0,3,5,0,,20,0,0,0,0,0,4,1,6
,2017_63255,39.754269,-104.9874255,10/22/2017 7:39,7:39,8,0,1,ARAPAHOE STREET & BROADWAY STREET NORTH,1,1,0,0,1,1,0,,30,0,0,0,0,2,4,2,8
,2017_63256,39.736782,-104.9494635,10/22/2017 7:44,7:44,6,0,0,13TH AVENUE EAST & STEELE STREET NORTH,1,3,0,0,1,4,0,,30,0,0,0,0,0,4,4,13
,2017_63257,39.727287,-104.9823855,10/22/2017 10:48,10:48,12,0,0,SEVENTH AVENUE EAST & LOGAN STREET NORTH,1,1,0,0,1,4,0,,30,0,0,0,0,0,4,2,13
,2017_63258,39.749463,-104.973381,10/22/2017 11:27,11:27,3,0,0,22ND AVENUE EAST & DOWNING STREET NORTH,1,1,0,0,1,1,0,,25,0,0,0,0,0,4,2,14
,2017_63259,39.7368,-104.9610105,10/22/2017 12:10,12:10,3,0,0,13TH AVENUE EAST & GAYLORD STREET NORTH,1,1,0,0,1,1,0,,30,0,0,0,0,0,4,2,13
,2017_63260,39.745458,-104.9895,10/22/2017 12:40,12:40,15,0,0,WELTON STREET 1700 BLOCK & 18TH STREET,1,1,0,0,1,4,0,,30,0,0,0,0,0,4,2,1
,2017_63261,39.694905,-105.0310035,10/22/2017 12:55,12:55,3,0,0,JULIAN STREET SOUTH & ARIZONA AVENUE WEST,1,1,1,0,1,1,0,,,0,0,0,0,0,4,3,13
,2017_63262,39.729087,-104.987412,10/22/2017 13:57,13:57,10,0,0,EIGHTH AVENUE EAST & BROADWAY STREET NORTH,1,1,0,0,1,1,1,,,0,0,0,0,0,4,2,13
,2017_63263,39.751956,-104.973354,10/22/2017 14:45,14:45,6,0,0,DOWNING STREET NORTH & 24TH AVENUE EAST,1,1,0,0,1,4,0,,30,0,0,0,0,0,4,2,12
,2017_63264,39.684906,-104.9594805,10/22/2017 14:55,14:55,12,0,0,UNIVERSITY BOULEVARD SOUTH & I25 NORTHBOUND OFF SLIP RAMP,1,1,0,0,1,4,0,,30,0,0,0,0,0,4,2,13
,2017_63265,39.747357,-104.999841,10/22/2017 15:00,15:00,10,0,0,LARIMER STREET & 14TH STREET,1,1,0,0,1,1,0,,30,0,0,0,0,0,4,2,13
,2017_63266,39.722643,-104.8795335,10/22/2017 15:13,15:13,6,0,0,ALTON WAY NORTH & FIFTH AVENUE EAST,1,1,0,0,1,4,0,,25,0,0,0,0,0,4,2,12
,2017_63267,39.798297,-104.88447,10/22/2017 15:26,15:26,12,0,1,56TH AVENUE EAST & CENTRAL PARK BOULEVARD NORTH,1,1,0,0,1,3,0,,55,0,0,0,0,2,4,2,3
,2017_63268,39.774816,-104.759451,10/22/2017 17:40,17:40,6,0,0,ENSENADA STREET NORTH & 42ND AVENUE EAST,1,2,0,0,1,4,0,,30,0,0,0,0,0,4,2,14
,2017_63269,39.711366,-104.912964,10/22/2017 19:23,19:23,1,0,0,ALAMEDA AVENUE EAST & MONACO STREET SOUTH,1,3,0,7,1,1,0,,35,0,0,0,0,0,4,2,7
,2017_63270,39.739995,-104.9903415,10/22/2017 20:15,20:15,6,0,0,BANNOCK STREET NORTH & COLFAX AVENUE WEST,1,3,0,0,1,4,0,,25,0,0,0,0,0,4,2,7
,2017_63271,39.751164,-104.8907925,10/22/2017 20:38,20:38,6,0,0,23RD AVENUE 8300 BLOCK EAST & VERBENA STREET NORTH,1,3,0,0,1,4,0,,30,0,0,0,0,0,4,2,5
,2017_63272,39.75822,-104.957334,10/22/2017 22:40,22:40,8,0,0,29TH AVENUE EAST & COLUMBINE STREET NORTH,1,3,0,0,1,4,0,,30,0,0,0,0,0,4,2,13
,2017_63273,39.660282,-104.8851135,10/23/2017 1:25,1:25,5,0,0,YOSEMITE STREET SOUTH & SYRACUSE WAY SOUTH,1,1,0,0,3,4,0,,30,0,0,0,0,0,4,1,13
,2017_63274,39.751542,-104.9874255,10/23/2017 8:20,8:20,12,0,0,BROADWAY & CHAMPA STREET,1,1,0,0,1,2,0,,30,0,0,0,0,0,4,2,13
,2017_63275,39.769272,-105.0054165,10/23/2017 8:49,8:49,3,0,0,38TH AVENUE WEST & OSAGE STREET NORTH,1,1,0,7,1,3,0,,35,0,0,0,0,0,4,2,14
,2017_63276,39.76939182,-105.0275526,10/23/2017 9:32,9:32,6,0,0,GROVE STREET 3800 BLOCK NORTH & 39TH AVENUE WEST,1,1,0,0,1,4,0,,25,0,0,0,0,0,4,2,1
,2017_63277,39.732228,-104.9844825,10/23/2017 11:00,11:00,6,0,0,SHERMAN STREET 1000 BLOCK NORTH & 10TH AVENUE EAST,1,1,0,0,1,4,0,,25,0,0,0,0,0,4,2,13
,2017_63278,39.830004,-104.692977,10/23/2017 12:10,12:10,10,0,0,JACKSON GAP STREET 7400 NORTH & 74TH AVENUE EAST,1,1,0,0,1,1,0,,35,0,0,0,0,0,4,2,14
,2017_63279,39.738456,-104.9902425,10/23/2017 12:45,12:45,6,0,0,14TH AVENUE WEST & BANNOCK STREET NORTH,1,1,0,0,1,4,0,,30,0,0,0,0,0,4,2,13
,2017_63280,39.782376,-104.884992,10/23/2017 12:57,12:57,6,0,0,YOSEMITE STREET & 47TH AVENUE EAST,1,1,0,0,1,5,1,,25,0,0,0,0,0,4,2,13
,2017_63281,39.77889287,-104.7552804,10/23/2017 13:47,13:47,5,0,0,HIMALAYA ROAD 4600 BLOCK NORTH & 47TH AVENUE EAST,1,1,0,0,3,4,0,,30,0,0,0,0,1,4,1,1
,2017_63282,39.70881,-105.0362235,10/23/2017 14:25,14:25,3,0,0,MORRISON ROAD & MEADE STREET SOUTH,1,1,0,0,1,1,0,,25,0,0,0,0,0,4,2,3
,2017_63283,39.736764,-104.9450625,10/23/2017 15:00,15:00,6,0,0,13TH AVENUE EAST & MONROE STREET NORTH,1,1,0,0,1,4,0,,,0,0,0,0,0,4,2,13
,2017_63284,39.746898,-104.996871,10/23/2017 15:35,15:35,10,0,0,ARAPAHOE STREET & 15TH STREET,1,1,0,0,1,1,0,,30,0,0,0,0,0,4,2,8
,2017_63285,39.671208,-104.9593905,10/23/2017 15:39,15:39,12,0,0,UNIVERSITY BOULEVARD 2500 BLOCK SOUTH & HARVARD AVENUE EAST,1,1,1,7,1,4,0,,30,0,0,0,0,0,4,3,13
,2017_63286,39.769551,-105.034617,10/23/2017 15:40,15:40,1,0,0,38TH AVENUE WEST & LOWELL BOULEVARD NORTH,1,1,0,7,1,1,0,,30,0,0,0,0,0,4,2,16
,2017_63287,39.696732,-105.02037,10/23/2017 15:50,15:50,15,0,0,MISSISSIPPI AVENUE WEST & CLAY STREET SOUTH,1,1,0,0,1,4,0,,40,0,0,0,0,0,4,2,13
,2017_63288,39.73541811,-105.0159011,10/23/2017 15:56,15:56,15,0,0,ZUNI STREET 1200 BLOCK NORTH & 13TH AVENUE WEST,1,1,1,0,1,4,0,,35,0,0,0,0,0,4,2,13
,2017_63289,39.698388,-104.959332,10/23/2017 16:01,16:01,3,0,0,TENNESSEE AVENUE EAST & UNIVERSITY BOULEVARD SOUTH,1,1,0,7,1,1,0,,25,0,0,0,0,1,4,2,16
,2017_63290,39.694914,-105.0390675,10/23/2017 16:11,16:11,10,0,0,PATTON COURT SOUTH & ARIZONA AVENUE WEST,1,1,0,0,1,1,0,,25,0,0,0,0,0,4,2,3
,2017_63291,39.725658,-104.9891625,10/23/2017 16:13,16:13,3,0,0,ACOMA STREET NORTH & SIXTH AVENUE WEST,1,1,1,0,1,1,0,,30,0,0,0,0,0,4,2,13
,2017_63292,39.725658,-104.9863095,10/23/2017 16:15,16:15,15,0,0,SPEER BOULEVARD NORTH & SIXTH AVENUE WEST,1,1,0,0,1,1,0,,35,0,0,0,0,0,4,2,13
,2017_63293,39.746898,-104.996871,10/23/2017 16:25,16:25,12,0,0,ARAPAHOE STREET & 15TH STREET,1,1,0,0,1,4,0,,30,0,0,0,0,0,4,2,13
,2017_63294,39.782385,-104.847093,10/23/2017 16:37,16:37,1,0,0,PEORIA STREET NORTH & 47TH AVENUE EAST,1,1,1,0,1,1,0,,40,0,0,0,0,0,4,2,13
,2017_63295,39.777993,-104.7720735,10/23/2017 17:08,17:08,12,0,0,TOWER ROAD NORTH & 45TH AVENUE EAST,1,1,0,0,1,1,0,,40,0,0,0,0,1,4,2,13
,2017_63296,39.748446,-105.0033735,10/23/2017 17:20,17:20,12,0,0,SPEER BOULEVARD NORTH & AURARIA PARKWAY,1,1,0,0,1,3,0,,35,0,0,0,0,0,4,2,13
,2017_63297,39.667563,-104.9237145,10/23/2017 17:33,17:33,1,0,0,YALE AVENUE EAST & HUDSON STREET SOUTH,1,1,0,0,1,1,0,,30,0,0,0,0,0,4,3,13
,2017_63298,39.678435,-104.9127435,10/23/2017 17:37,17:37,12,0,0,MONACO STREET SOUTH & EVANS AVENUE EAST,1,1,0,0,1,4,0,,40,0,0,0,0,0,4,3,16
,2017_63299,39.746196,-104.9835825,10/23/2017 21:25,21:25,3,0,0,19TH AVENUE EAST & GRANT STREET NORTH,1,3,0,0,1,1,0,,30,0,0,0,0,0,4,2,12
,2017_63300,39.741642,-104.970924,10/27/2017 15:33,15:33,12,0,0,16TH AVENUE EAST & LAFAYETTE STREET NORTH,1,1,0,0,1,4,0,,,0,0,0,0,1,4,2,13
,2017_63301,39.751056,-104.9828805,10/23/2017 21:25,21:25,3,0,0,PARK AVENUE WEST & WELTON STREET,1,1,0,0,1,1,0,,,0,0,0,0,0,4,2,1
,2017_63302,39.753027,-105.0510015,10/24/2017 2:35,2:35,6,0,0,YATES STREET NORTH & BYRON PLACE WEST,1,3,1,0,1,4,0,,25,0,0,0,0,0,4,2,13
,2017_63303,39.674835,-104.912973,10/24/2017 6:44,6:44,15,0,0,MONACO STREET 2300 BLOCK SOUTH & ILIFF AVENUE EAST,1,3,0,7,1,4,0,,35,0,0,0,0,0,4,2,16
,2017_63304,39.636486,-104.885253,10/24/2017 7:29,7:29,3,0,0,RADCLIFF AVENUE EAST & YOSEMITE STREET SOUTH,1,1,0,0,1,3,0,,25,0,0,0,0,0,4,2,13
,2017_63305,39.752298,-105.003873,10/24/2017 7:50,7:50,12,0,0,15TH STREET 1900 BLOCK & DELGANY STREET,1,1,0,0,1,3,0,,30,0,0,0,0,1,4,2,3
,2017_63306,39.775032,-104.809923,10/24/2017 8:02,8:02,10,0,0,ANDREWS DRIVE EAST & CHAMBERS ROAD NORTH,1,1,0,0,1,1,0,,25,0,0,0,0,0,4,2,13
,2017_63307,39.678516,-105.0017625,10/24/2017 8:28,8:28,15,0,0,LIPAN STREET SOUTH & EVANS AVENUE WEST,1,1,0,0,1,3,0,,25,0,0,0,0,0,4,2,13
,2017_63308,39.772908,-105.020514,10/24/2017 8:31,8:31,12,0,0,41ST AVENUE WEST & CLAY STREET NORTH,1,1,0,0,1,1,0,,25,0,0,0,0,0,4,2,14
,2017_63309,39.760749,-104.959782,10/24/2017 9:05,9:05,12,0,0,YORK STREET NORTH & 31ST AVENUE EAST,1,1,0,0,1,1,0,,30,0,0,0,0,0,4,2,7
,2017_63310,39.696696,-105.001533,10/24/2017 9:52,9:52,3,0,0,MISSISSIPPI AVENUE WEST & LIPAN STREET SOUTH,1,1,1,0,1,1,0,,30,0,0,0,0,0,4,2,13
,2017_63311,39.744801,-104.9835735,10/24/2017 15:00,15:00,15,0,0,GRANT STREET NORTH & 18TH AVENUE EAST,1,1,0,0,1,4,0,,30,0,0,0,0,0,4,2,13
,2017_63312,39.667626,-104.9036175,10/24/2017 10:57,10:57,12,0,0,YALE AVENUE 690 BLOCK EAST & QUEBEC STREET SOUTH,1,1,0,0,1,4,0,,30,0,0,0,0,0,4,3,3
,2017_63313,39.743937,-105.031494,10/24/2017 11:11,11:11,6,0,0,17TH AVENUE 3400 BLOCK WEST & JULIAN STREET,1,1,0,0,1,4,0,,30,0,0,0,0,0,4,2,13
,2017_63314,39.736863,-104.9718555,10/24/2017 11:13,11:13,3,0,0,13TH AVENUE EAST & MARION STREET NORTH,1,1,0,0,1,1,0,,25,0,0,0,0,0,4,2,13
,2017_63315,39.756123,-105.0507315,10/24/2017 11:41,11:41,6,0,1,YATES STREET 2700 BLOCK NORTH & 28TH AVENUE WEST,1,1,1,0,1,4,0,,25,0,0,0,0,2,4,2,7
,2017_63316,39.727314,-105.0002235,10/24/2017 11:48,11:48,3,0,0,KALAMATH STREET NORTH & SEVENTH AVENUE WEST,1,1,1,0,1,1,0,,30,0,0,0,0,0,4,2,13
,2017_63317,39.777255,-104.8460535,10/24/2017 11:52,11:52,15,0,0,PEORIA STREET 4400 BLOCK NORTH & 45TH AVENUE EAST,1,1,0,0,1,4,0,,35,0,0,0,0,0,4,2,13
,2017_63318,39.75240722,-105.000249,10/24/2017 12:00,12:00,6,0,0,WYNKOOP STREET & 1500 BLOCK,1,1,0,0,1,4,0,,30,0,0,0,0,0,4,2,1
,2017_63319,39.758787,-105.0026535,10/24/2017 12:10,12:10,12,0,0,19TH STREET & LITTLE RAVEN STREET,1,1,0,0,1,4,0,,25,0,0,0,0,0,4,2,1
,2017_63320,39.725649,-104.986314,10/24/2017 12:30,12:30,1,0,0,LINCOLN STREET NORTH & SPEER BOULEVARD EAST,1,1,0,0,1,1,0,,30,0,0,0,0,0,4,3,1
,2017_63321,39.73644,-105.021774,10/25/2017 7:52,7:52,6,0,0,13TH AVENUE 2600 BLOCK WEST & DECATUR STREET NORTH,1,1,0,0,1,4,0,,25,0,0,0,0,0,4,2,14
,2017_63322,39.725649,-104.986314,10/24/2017 12:39,12:39,3,0,0,LINCOLN STREET NORTH & SIXTH AVENUE EAST,1,1,0,0,1,1,0,,30,0,0,0,0,0,4,2,13
,2017_63323,39.73833,-104.9161455,10/24/2017 12:40,12:40,3,0,0,14TH AVENUE EAST & KRAMERIA STREET NORTH,1,1,0,0,1,1,0,,30,0,0,0,0,0,4,2,13
,2017_63324,39.722949,-104.9409765,10/24/2017 12:55,12:55,10,0,0,13TH AVENUE EAST & HARRISON / COLORADO BOULEVARD NORTH ALLEY,1,1,0,0,1,5,0,,35,0,0,0,0,0,4,2,13
,2017_63325,39.74891993,-105.0011609,10/24/2017 14:35,14:35,15,0,0,BLAKE STREET 1400 BLOCK & 14TH STREET,1,1,0,0,1,4,0,,25,0,0,0,0,0,4,2,7
,2017_63326,39.798396,-104.786415,10/24/2017 15:22,15:22,12,0,0,56TH AVENUE 18200 BLOCK EAST & PENA BOULEVARD,1,1,1,0,1,4,0,,45,0,0,0,0,0,4,2,13
,2017_63327,39.757464,-104.9815215,10/24/2017 15:23,15:23,3,0,0,CURTIS STREET & 27TH STREET,1,1,0,0,1,1,0,,30,0,0,0,0,1,4,2,1
,2017_63328,39.716532,-104.9862825,10/24/2017 15:35,15:35,15,0,0,LINCOLN STREET NORTH & ELLSWORTH AVENUE EAST,1,1,0,0,1,4,0,,30,0,0,0,0,0,4,2,13