id,drcog_id,latitude,longitude,crashtime,time,crashtype,numbkilled,numbinjurd,drcoglocat,rdconditin,lightngcon,roadcntgrd,weatherco,location,roaddescrp,constrzone,schoolzone,splimit,bikeinv,pedinv,sctrinv,motoinv,svrty,rdsystem,ttlvehcls,hcf
,2017_63329,39.72024,-105.018651,10/25/2017 18:45,18:45,12,0,0,SECOND AVENUE WEST & BRYANT STREET NORTH,1,3,0,0,1,1,0,,,0,0,0,0,0,4,2,13
,2017_63330,39.714759,-104.9875425,10/24/2017 15:39,15:39,12,0,0,BROADWAY STREET SOUTH & BAYAUD AVENUE WEST,1,1,0,0,1,4,0,,30,0,0,0,0,0,4,2,13
,2017_63331,39.729078,-104.983614,10/27/2017 5:48,5:48,5,0,0,EIGHTH AVENUE 300 BLOCK EAST & GRANT STREET NORTH,1,3,0,0,2,4,0,,30,0,0,0,0,0,4,1,14
,2017_63332,39.780243,-105.0346035,10/24/2017 16:20,16:20,6,0,0,46TH AVENUE 3500 WEST & LOWELL BOULEVARD NORTH,1,1,0,0,3,4,0,,25,0,0,0,0,0,4,2,12
,2017_63333,39.782115,-104.7586725,10/24/2017 16:35,16:35,6,0,0,ELK PLACE EAST & GENOA STREET NORTH,1,1,1,0,1,1,0,,25,0,0,0,0,0,4,2,4
,2017_63334,39.730509,-104.9528835,10/24/2017 16:43,16:43,3,0,0,FILLMORE STREET NORTH & NINTH AVENUE EAST,1,1,1,0,1,2,0,,,0,0,0,0,1,4,2,1
,2017_63335,39.785418,-104.8905945,10/24/2017 17:05,17:05,3,0,0,VERBENA STREET NORTH & NORTHFIELD BOULEVARD,1,1,0,0,1,1,0,,45,0,0,0,0,1,4,2,3
,2017_63336,39.783609,-104.7913916,10/24/2017 17:42,17:42,15,0,0,PENA BOULEVARD 4700 BLOCK & GREEN VALLEY RANCH BOULEVARD,1,1,0,0,1,4,0,,40,0,0,0,0,0,4,2,1
,2017_63337,39.738348,-104.94837,10/24/2017 17:43,17:43,3,0,0,14TH AVENUE EAST & ADAMS STREET NORTH,1,1,0,0,1,1,0,,,0,0,0,0,0,4,3,13
,2017_63338,39.78288,-104.7555,10/24/2017 19:55,19:55,1,0,5,HIMALAYA ROAD NORTH & GREEN VALLEY RANCH BOULEVARD EAST,1,3,0,0,1,1,0,,35,0,0,0,0,2,4,2,14
,2017_63339,39.751542,-104.9874255,10/24/2017 20:54,20:54,15,0,0,BROADWAY STREET & CHAMPA STREET,1,1,0,0,1,1,0,,30,0,0,0,0,0,4,2,13
,2017_63340,39.774123,-105.014682,10/24/2017 20:55,20:55,6,0,0,42ND AVENUE WEST & WYANDOT / ZUNI STREET NORTH ALLEY,1,3,0,0,1,4,0,,25,0,0,0,0,0,4,3,13
,2017_63341,39.750912,-104.9899545,10/24/2017 21:00,21:00,3,0,0,20TH STREET & CURTIS STREET,1,3,0,0,1,1,0,,35,0,0,0,0,0,4,2,7
,2017_63342,39.729087,-104.9706045,10/24/2017 22:00,22:00,6,0,0,LAFAYETTE STREET & EIGHTH AVENUE EAST,14,5,0,0,1,4,0,,,0,0,0,0,0,4,2,13
,2017_63343,39.783771,-104.8096575,10/24/2017 22:25,22:25,14,0,2,GREEN VALLEY RANCH BOULEVARD 15000 BLOCK EAST & CHAMBERS BOULEVARD,1,3,0,0,1,4,0,,40,0,0,0,0,2,4,2,5
,2017_63344,39.784005,-104.84712,10/25/2017 5:52,5:52,12,0,0,PEORIA STREET NORTH & ALBROOK DRIVE EAST,1,2,0,0,1,3,0,,35,0,0,0,0,0,4,3,16
,2017_63345,39.711438,-104.942565,10/25/2017 7:52,7:52,3,0,0,JACKSON STREET 300 BLOCK SOUTH & ALAMEDA AVENUE EAST,1,1,0,0,1,2,0,,25,0,0,0,0,0,4,2,14
,2017_63346,39.765573,-105.027561,10/25/2017 8:00,8:00,3,0,0,35TH AVENUE WEST & GROVE STREET NORTH,1,1,0,0,1,1,0,,30,0,0,0,0,0,4,2,14
,2017_63347,39.733623,-104.9941215,10/25/2017 8:25,8:25,15,0,0,11TH AVENUE WEST & SPEER BOULEVARD,1,1,0,0,1,1,0,,25,0,0,0,0,0,4,2,13
,2017_63348,39.680316,-104.9734215,10/25/2017 8:40,8:40,3,0,0,DOWNING STREET SOUTH & ASBURY AVENUE EAST,1,1,0,0,1,1,0,,30,0,0,0,0,0,4,2,4
,2017_63349,39.689388,-104.987511,10/25/2017 8:45,8:45,12,0,0,BROADWAY STREET 1500 BLOCK SOUTH & FLORIDA AVENUE EAST,1,1,0,0,1,4,0,,35,0,0,0,0,0,4,2,12
,2017_63350,39.760929,-104.866983,12/29/2017 2:00,2:00,6,0,0,HANOVER STREET NORTH & 31ST AVENUE EAST,1,3,0,0,1,3,0,,25,0,0,0,0,0,4,2,5
,2017_63351,39.744072,-104.988285,10/25/2017 9:08,9:08,6,0,0,TREMONT PLACE & 17TH STREET,1,1,0,0,1,4,0,,30,0,0,0,0,0,4,2,13
,2017_63352,39.738456,-105.0346125,10/25/2017 10:00,10:00,6,0,0,14TH AVENUE 3600 WEST & LOWELL BOULEVARD NORTH,1,1,0,0,1,4,0,,25,0,0,0,0,0,4,2,13
,2017_63353,39.733623,-104.9941215,10/25/2017 10:10,10:10,3,0,0,11TH AVENUE WEST & SPEER BOULEVARD NORTH,1,1,0,0,1,1,0,,25,0,0,0,0,0,4,2,12
,2017_63354,39.678507,-104.973444,10/25/2017 10:11,10:11,3,0,0,EVANS AVENUE EAST & DOWNING STREET SOUTH,1,1,0,0,1,1,0,,35,0,0,0,0,0,4,2,13
,2017_63355,39.7170765,-104.8955513,10/25/2017 11:14,11:14,10,0,0,LOWRY BOULEVARD EAST ROUNDABOUT & FAIRMOUNT DRIVE EAST,1,1,3,0,1,6,0,,30,0,0,0,0,0,4,2,13
,2017_63356,39.72627,-105.0002055,10/25/2017 11:29,11:29,15,0,0,KALAMATH STREET NORTH & SIXTH AVENUE WEST,1,1,1,0,1,1,0,,30,0,0,0,0,0,4,2,13
,2017_63357,39.702942,-104.9129415,10/25/2017 11:33,11:33,12,0,0,MONACO STREET 700 BLOCK SOUTH & LEETSDALE DRIVE,1,1,1,0,1,4,0,,30,0,0,0,0,0,4,2,3
,2017_63358,39.689325,-104.8967235,10/25/2017 11:48,11:48,3,0,1,QUEBEC WAY & FLORIDA AVENUE EAST,1,1,1,0,1,3,0,,30,0,0,0,1,2,4,2,13
,2017_63359,39.786408,-104.847156,10/25/2017 12:41,12:41,3,0,0,PEORIA STREET NORTH & 49TH AVENUE EAST,1,1,1,0,1,1,0,,40,0,0,0,0,0,4,2,3
,2017_63360,39.740085,-105.005214,10/25/2017 12:51,12:51,12,0,0,OSAGE STREET 1400 BLOCK NORTH & COLFAX AVENUE WEST,1,1,0,0,1,4,0,,25,0,0,0,0,0,4,3,1
,2017_63361,39.7170765,-104.8955513,10/25/2017 13:33,13:33,15,0,0,LOWRY BOULEVARD EAST ROUNDABOUT & FAIRMOUNT DRIVE EAST,1,1,0,0,1,6,0,,30,0,0,0,0,0,4,2,3
,2017_63362,39.7381905,-105.0298223,10/25/2017 13:38,13:38,8,0,0,AVONDALE DRIVE 1300 WEST & 14TH AVENUE WEST,1,1,0,0,1,4,0,,25,0,0,0,0,0,4,2,1
,2017_63363,39.844602,-104.6809395,12/29/2017 22:46,22:46,5,0,0,PENA BOULEVARD & 8400,1,3,0,0,1,4,0,,25,0,0,0,0,0,4,1,3
,2017_63364,39.71835,-104.912784,10/25/2017 14:15,14:15,15,0,0,MONACO STREET NORTH & FIRST AVENUE EAST,1,1,0,0,1,4,0,,,0,0,0,0,0,4,2,13
,2017_63365,39.73169138,-104.9034161,10/25/2017 14:40,14:40,12,0,0,QUEBEC STREET 1000 BLOCK NORTH & 11TH AVENUE EAST,1,1,0,0,1,4,0,,30,0,0,0,0,1,4,3,7
,2017_63366,39.72924,-104.924754,10/25/2017 14:47,14:47,12,0,0,EIGHTH AVENUE EAST & HALE PARKWAY EAST,1,1,0,0,1,3,0,,30,0,0,0,0,0,4,2,12
,2017_63367,39.711366,-104.912964,10/25/2017 14:59,14:59,12,0,0,MONACO STREET SOUTH & ALAMEDA AVENUE EAST,1,1,0,0,1,4,0,,35,0,0,0,0,0,4,2,14
,2017_63368,39.74481,-104.9610015,10/30/2017 6:51,6:51,6,0,0,GAYLORD STREET NORTH & 18TH AVENUE EAST,2,3,0,1,1,4,0,,25,0,0,0,0,0,4,2,5
,2017_63369,39.74256,-104.912451,10/25/2017 15:05,15:05,12,0,0,MONACO STREET NORTH & BATAVIA PLACE EAST,1,1,0,0,1,4,0,,35,0,0,0,0,1,4,2,13
,2017_63370,39.743244,-104.9598315,10/25/2017 15:30,15:30,12,0,0,YORK STREET NORTH & 17TH AVENUE EAST,1,1,0,0,1,3,0,,,0,0,0,0,0,4,2,13
,2017_63371,39.744468,-105.0000435,10/25/2017 18:20,18:20,10,0,0,ARAPAHOE STREET & SPEER BOULEVARD NORTH,1,3,0,0,1,3,0,,35,0,0,0,0,0,4,2,13
,2017_63372,39.711105,-104.97339,10/25/2017 18:25,18:25,1,0,0,ALAMEDA AVENUE EAST & DOWNING STREET SOUTH,1,1,0,0,1,2,0,,25,0,0,0,0,0,4,2,13
,2017_63373,39.777255,-104.8460535,10/25/2017 19:19,19:19,12,0,1,PEORIA STREET 4400 BLOCK NORTH & 45TH AVENUE EAST,1,3,1,0,1,4,0,,40,0,0,0,0,2,4,2,13
,2017_63374,39.777255,-104.8460535,10/25/2017 19:19,19:19,12,0,1,PEORIA STREET 4400 BLOCK NORTH & 45TH AVENUE EAST,1,3,0,7,1,4,0,,40,0,0,0,0,2,4,2,13
,2017_63375,39.72132,-105.042123,10/25/2017 19:53,19:53,6,0,0,RALEIGH STREET NORTH & THIRD AVENUE WEST,1,3,1,0,1,4,0,,25,0,0,0,0,0,4,2,5
,2017_63376,39.743226,-104.972652,10/25/2017 21:46,21:46,12,0,0,17TH AVENUE EAST & ESPLANDE PARKWAY NORTH,1,3,0,0,1,3,0,,20,0,0,0,0,0,4,2,14
,2017_63377,39.844602,-104.6809395,10/25/2017 23:55,23:55,12,0,0,PENA BOULEVARD & 5600 BLOCK,1,3,0,0,1,4,1,,65,0,0,0,0,1,4,3,7
,2017_63378,39.772863,-104.9406435,10/26/2017 2:19,2:19,12,0,0,40TH AVENUE EAST & COLORADO BOULEVARD NORTH,1,3,0,0,1,4,0,,,0,0,0,0,0,4,2,5
,2017_63379,39.7821206,-104.9592915,10/26/2017 6:38,6:38,15,0,0,YORK STREET & 2200 BLOCK NORTH,1,3,0,0,1,4,0,,30,0,0,0,0,0,4,2,13
,2017_63380,39.712995,-104.987574,10/26/2017 7:35,7:35,3,0,0,CEDAR AVENUE WEST & BROADWAY STREET SOUTH,1,1,0,0,1,5,0,,15,0,0,0,0,0,4,2,13
,2017_63381,39.774222,-104.801661,10/26/2017 7:45,7:45,10,0,0,KITTREDGE STREET NORTH & ANDREWS WAY EAST,1,1,0,0,1,1,0,,25,0,0,0,0,0,4,2,13
,2017_63382,39.689343,-104.9223105,10/26/2017 8:21,8:21,12,0,0,FLORIDA AVENUE 5600 BLOCK EAST & HOLLY STREET SOUTH,1,1,0,0,1,2,0,,30,0,0,0,0,0,4,2,13
,2017_63383,39.753774,-104.9985135,10/26/2017 8:53,8:53,15,0,0,18TH STREET 1600 BLOCK & WYNKOOP STREET,1,1,1,0,1,4,0,,25,0,0,0,0,0,4,2,13
,2017_63384,39.77614197,-104.8469535,10/26/2017 9:01,9:01,12,0,0,PEORIA STREET & 4700 BLOCK NORTH,1,1,0,0,1,3,0,,35,0,0,0,0,0,4,2,14
,2017_63385,39.7115235,-104.9064233,10/26/2017 9:49,9:49,6,0,0,OLIVE STREET & 3279 NORTH OLIVE STREET,1,1,0,0,1,4,0,,25,0,0,0,0,1,4,2,13
,2017_63386,39.760749,-104.959782,10/26/2017 10:20,10:20,15,0,0,31ST AVENUE & YORK STREET NORTH,1,1,0,0,1,4,0,,30,0,0,0,0,0,4,3,7
,2017_63387,39.714786,-104.998572,10/26/2017 10:52,10:52,12,0,0,BAYAUD AVENUE 900 BLOCK WEST & SANTA FE DRIVE SOUTH,1,1,0,0,1,4,0,,25,0,0,0,0,0,4,2,13
,2017_63388,39.765726,-104.9948415,10/26/2017 11:15,11:15,1,0,0,GLOBEVILLE ROAD NORTH & PARK AVENUE WEST,1,1,0,0,1,1,0,,25,0,0,0,0,0,4,2,14
,2017_63389,39.740148,-104.94837,10/26/2017 11:29,11:29,6,0,0,ADAMS STREET NORTH & COLFAX AVENUE EAST,1,1,0,0,1,4,0,,25,0,0,0,0,0,4,2,13
,2017_63390,39.715263,-104.959323,10/26/2017 12:44,12:44,15,0,0,UNIVERSITY BOULEVARD SOUTH & CHERRY CREEK SOUTH DRIVE,1,1,1,0,1,3,0,,30,0,0,0,0,0,4,2,7
,2017_63391,39.759489,-104.9733765,10/26/2017 13:40,13:40,3,0,0,DOWNING STREET NORTH & CALIFORNIA STREET,1,1,0,0,1,1,0,,25,0,0,0,0,0,4,2,7
,2017_63392,39.750984,-105.020523,10/26/2017 13:49,13:49,6,0,0,RIVER DRIVE 2600 BLOCK WEST & CLAY STREET NORTH,1,1,1,0,1,4,0,,25,0,0,0,0,0,4,2,1
,2017_63393,39.738465,-105.0381405,10/27/2017 22:36,22:36,6,0,1,14TH AVENUE WEST & OSCEOLA STREET NORTH,1,4,0,0,1,3,0,,25,0,0,0,0,2,4,3,5
,2017_63394,39.691422,-104.912901,10/26/2017 14:20,14:20,15,0,0,CHERRY CREEK DRIVE & MONACO STREET SOUTH,1,1,0,0,1,2,0,,30,0,0,0,0,0,4,2,7
,2017_63395,39.678552,-105.0040935,10/26/2017 14:27,14:27,12,0,0,EVANS AVENUE WEST & NAVAJO STREET SOUTH,1,1,1,0,1,4,0,,35,0,0,0,0,0,4,2,3
,2017_63396,39.7180305,-104.9339363,10/26/2017 14:46,14:46,15,0,0,CHERRY STREET & 1884 NORTH CHERRY STREET,4,1,0,2,1,4,0,,25,0,0,0,0,0,4,2,8
,2017_63397,39.750192,-105.0047415,10/26/2017 15:03,15:03,12,0,0,SPEER BOULEVARD NORTH & WEWATTA STREET,2,1,0,2,1,3,0,,35,0,0,0,0,0,4,2,14
,2017_63398,39.743199,-104.963454,10/26/2017 16:25,16:25,3,0,0,17TH AVENUE EAST & RACE STREET NORTH,2,1,0,2,1,1,0,,25,0,0,0,0,0,4,4,14
,2017_63399,39.709026,-104.875443,10/26/2017 16:35,16:35,12,0,0,ALAMEDA AVENUE 10000 BLOCK EAST & DAYTON STREET s,4,1,0,2,1,4,0,,40,0,0,0,0,0,4,2,13
,2017_63400,39.71655,-105.032493,10/26/2017 16:35,16:35,3,0,0,ELLSWORTH AVENUE WEST & KNOX COURT SOUTH,2,1,0,2,1,1,0,,25,0,0,0,0,0,4,2,3
,2017_63401,39.65193,-104.913054,10/26/2017 16:43,16:43,12,0,0,ITHICA PLACE EAST & MONACO STREET SOUTH,2,1,0,2,1,1,0,,30,0,0,0,0,0,4,2,14
,2017_63402,39.747447,-104.8893165,10/26/2017 16:44,16:44,12,0,0,MONTVIEW BOULEVARD 8500 BLOCK EAST & WABASH STREET NORTH,2,2,0,2,1,4,0,,35,0,0,0,0,0,4,2,5
,2017_63403,39.678363,-104.959404,1/21/2017 12:47,12:47,12,0,0,UNIVERSITY BOULEVARD SOUTH & EVANS AVENUE EAST,1,1,0,0,1,4,0,,30,0,0,0,0,0,4,2,13
,2017_63404,39.762,-104.912865,10/26/2017 16:54,16:54,3,0,2,MLK BOULEVARD & MONACO PARKWAY NORTH,2,1,0,0,1,1,0,,35,0,0,0,0,2,4,2,13
,2017_63405,39.711114,-104.959305,10/26/2017 16:55,16:55,1,0,0,ALAMEDA AVENUE EAST & UNIVERSITY BOULEVARD SOUTH,2,1,0,2,1,2,0,,30,0,0,0,0,1,4,2,13
,2017_63406,39.740004,-104.9787225,10/26/2017 17:35,17:35,12,0,0,COLFAX AVENUE EAST & WASHINGTON STREET NORTH,2,1,0,2,1,4,0,,25,0,0,0,0,0,4,4,5
,2017_63407,39.743388,-104.9873895,10/26/2017 17:40,17:40,3,0,0,17TH AVENUE EAST & BROADWAY NORTH,2,2,1,2,1,1,0,,30,0,0,0,0,0,4,2,7
,2017_63408,39.631329,-104.885316,10/26/2017 18:45,18:45,3,0,0,YOSEMITE STREET SOUTH & UNION AVENUE EAST,2,3,0,1,1,3,0,,35,0,0,0,0,0,4,2,1
,2017_63409,39.748509,-105.0031305,10/26/2017 19:08,19:08,12,0,0,BLAKE STREET & SPEER BOULEVARD,4,3,0,2,1,3,0,,30,0,0,0,0,0,4,2,13
,2017_63410,39.833208,-104.6797155,10/26/2017 20:09,20:09,15,0,0,PENA BOULEVARD 8000 BLOCK & 75TH AVENUE EAST,5,3,0,2,1,4,0,,55,0,0,0,0,0,4,2,1
,2017_63411,39.763224,-105.004134,10/26/2017 20:55,20:55,3,0,0,33RD AVENUE WEST & NAVAJO STREET NORTH,2,3,0,2,1,5,0,,30,0,0,0,0,0,4,2,8
,2017_63412,39.679668,-104.9367015,10/26/2017 21:06,21:06,5,0,0,COLORADO CENTER DRIVE & 4300 EAST COLORADO CENTER DRIVE,2,3,0,0,4,4,0,,25,0,0,0,0,0,4,1,8
,2017_63413,39.671208,-104.9593905,10/26/2017 21:14,21:14,3,0,0,UNIVERSITY BOULEVARD SOUTH & HARVARD AVENUE EAST,2,3,0,0,1,1,0,,30,0,0,0,0,0,4,2,5
,2017_63414,39.727305,-104.9986125,10/26/2017 21:29,21:29,10,0,0,SANTA FE DRIVE NORTH & SEVENTH AVENUE WEST,1,3,0,0,1,1,0,,30,0,0,0,0,0,4,2,13
,2017_63415,39.68955,-105.051051,10/27/2017 2:00,2:00,5,0,0,FLORIDA AVENUE WEST & YATES STREET SOUTH,1,3,0,0,2,1,0,,30,0,0,0,0,0,4,1,5
,2017_63416,39.738456,-104.9976405,10/27/2017 3:45,3:45,3,0,0,SPEER BOULEVARD NORTH & 14TH AVENUE WEST,1,3,0,0,1,3,0,,30,0,0,0,0,0,4,2,13
,2017_63417,39.678363,-104.959404,3/15/2017 21:16,21:16,1,0,0,UNIVERSITY BOULEVARD SOUTH & EVANS AVENUE EAST,1,3,0,0,1,1,0,,30,0,0,0,0,0,4,2,7
,2017_63418,39.678417,-104.9642147,10/27/2017 4:50,4:50,12,0,0,EVANS AVENUE & 1200 BLOCK EAST,1,3,0,0,1,4,0,,35,0,0,0,0,1,4,2,3
,2017_63419,39.689487,-105.025086,10/27/2017 6:12,6:12,12,0,0,FLORIDA 3000 BLOCK WEST & FEDERAL BOULEVARD SOUTH,1,3,0,0,1,4,0,,30,0,0,0,0,0,4,2,14
,2017_63420,39.792843,-104.8472235,10/27/2017 6:46,6:46,3,0,0,53RD AVENUE EAST & PEORIA STREET NORTH,1,3,0,0,1,1,0,,25,0,0,0,0,0,4,2,13
,2017_63421,39.692997,-104.9772645,10/27/2017 7:20,7:20,3,0,0,BUCHTEL BOULEVARD EAST & LOUISIANA AVENUE EAST,1,1,0,0,1,1,0,,30,0,0,0,0,0,4,2,1
,2017_63422,39.7383978,-104.9712315,12/1/2017 22:00,22:00,12,0,0,14TH AVENUE EAST & 6500 BLOCK EAST,1,4,0,0,1,4,0,,30,0,0,0,0,0,4,2,13
,2017_63423,39.75010543,-104.996117,10/27/2017 9:05,9:05,15,0,0,LARIMER STREET 1700 BLOCK & 17TH STREET,1,1,0,0,1,4,0,,25,0,0,0,0,0,4,2,14
,2017_63424,39.769551,-105.034617,10/27/2017 9:22,9:22,14,0,0,LOWELL BOULEVARD NORTH & 38TH AVENUE WEST,1,1,0,0,1,1,0,,35,0,0,0,0,0,4,2,14
,2017_63425,39.687552,-104.982813,10/27/2017 10:15,10:15,6,0,0,LOGAN STREET & IOWA AVENUE EAST,1,1,0,0,1,4,0,,30,0,0,0,0,0,4,2,7
,2017_63426,39.727305,-104.9986125,10/27/2017 10:27,10:27,3,0,1,SANTA FE DRIVE & SEVENTH AVENUE WEST,1,1,0,0,1,2,0,,30,0,0,0,0,2,4,2,13
,2017_63427,39.717909,-104.951223,10/27/2017 10:51,10:51,12,0,0,FIRST AVENUE EAST & STREET PAUL STREET NORTH,1,1,0,7,1,3,0,,30,0,0,0,0,0,4,2,3
,2017_63428,39.722544,-104.957046,10/27/2017 11:50,11:50,6,0,0,COLUMBINE STREET NORTH & FOURTH AVENUE EAST,1,1,0,0,1,4,0,,25,0,0,0,0,0,4,2,5
,2017_63429,39.709323,-104.9923935,10/27/2017 11:55,11:55,12,0,0,DAKOTA AVENUE WEST & CHEROKEE STREET SOUTH,1,1,0,0,1,1,0,,,0,0,0,0,0,4,2,13
,2017_63430,39.742263,-104.9993505,10/27/2017 12:03,12:03,15,0,0,SPEER BOULEVARD 800 BLOCK NORTH & CHAMPA STREET,1,1,0,0,1,4,0,,35,0,0,0,0,0,4,2,13
,2017_63431,39.759489,-104.9841405,10/27/2017 12:35,12:35,15,0,0,27TH STREET & LARIMER STREET,1,1,3,0,1,4,0,,35,0,0,0,0,0,4,2,13
,2017_63432,39.73869,-104.9034645,11/25/2017 2:09,2:09,12,0,0,14TH AVENUE EAST & QUEBEC STREET NORTH,1,3,0,0,1,1,0,,,0,0,0,0,0,4,2,13
,2017_63433,39.755565,-104.987448,10/27/2017 13:21,13:21,15,0,0,BROADWAY & LAWRENCE STREET,1,1,0,0,1,4,0,,30,0,0,0,0,0,4,2,8
,2017_63434,39.750714,-104.973354,10/27/2017 14:30,14:30,12,0,0,23RD AVENUE EAST & DOWNING STREET NORTH,1,1,0,0,1,1,0,,,0,0,0,0,0,4,2,13
,2017_63435,39.765726,-104.9948415,10/27/2017 14:34,14:34,1,0,0,PARK AVENUE WEST & BROADWAY STREET NORTH,1,1,0,0,1,1,0,,30,0,0,0,0,0,4,2,8
,2017_63436,39.788649,-105.006393,12/4/2017 8:38,8:38,6,0,0,51ST AVENUE 1700 BLOCK WEST & PECOS STREET NORTH,1,3,0,0,1,3,0,,,0,0,0,0,0,4,3,13
,2017_63437,39.667707,-105.029874,10/27/2017 15:07,15:07,3,0,0,YALE AVENUE WEST & IRVING STREET SOUTH,1,1,0,0,1,1,0,,30,0,0,0,0,0,4,2,1
,2017_63438,39.72627,-105.0002055,10/27/2017 15:44,15:44,12,0,0,SIXTH AVENUE WEST NOT CDOT & KALAMATH APPROXIMATELY,1,1,0,0,1,4,0,,30,0,0,0,0,0,4,2,3
,2017_63439,39.747429,-104.899896,10/27/2017 17:00,17:00,12,0,0,MONTVIEW BOULEVARD & ROSEMARY STREET NORTH,1,1,0,0,1,4,0,,30,0,0,0,0,0,4,3,13
,2017_63440,39.711114,-104.9679378,10/27/2017 17:30,17:30,3,0,0,ALAMEDA AVENUE & 4200 EAST SHOPPING ENTRANCE,1,2,0,0,1,1,0,,30,0,0,0,0,0,4,2,2
,2017_63441,39.678363,-104.959404,10/27/2017 17:56,17:56,12,0,0,EVANS AVENUE EAST & UNIVERSITY BOULEVARD SOUTH,1,3,0,7,1,1,0,,30,0,0,0,0,0,4,2,16
,2017_63442,39.757158,-105.0158205,10/27/2017 18:14,18:14,3,0,0,ZUNI STREET NORTH & 28TH AVENUE WEST,1,3,0,0,1,1,0,,30,0,0,0,0,0,4,2,13
,2017_63443,39.762009,-104.9659515,10/27/2017 18:17,18:17,15,0,0,MLK BOULEVARD & WILLIAMS STREET NORTH,1,1,0,0,1,4,0,,35,0,0,0,0,0,4,2,13
,2017_63444,39.751029,-105.0017805,10/27/2017 18:45,18:45,12,0,0,WYNKOOP STREET 1500 BLOCK & 15TH STREET,1,4,0,0,1,4,0,,30,0,0,0,0,0,4,2,1
,2017_63445,39.75669,-104.9998815,10/28/2017 10:15,10:15,6,0,0,CHESTNUT PLACE & 19TH STREET,1,5,0,0,1,4,0,,25,0,0,0,0,0,4,2,13
,2017_63446,39.678444,-104.9579415,10/27/2017 18:55,18:55,3,0,0,EVANS AVENUE EAST & JOSEPHINE STREET SOUTH,1,3,0,7,1,1,0,,30,0,0,0,0,1,4,2,16
,2017_63447,39.783609,-104.772222,10/27/2017 19:13,19:13,1,0,1,GREEN VALLEY RANCH BOULEVARD 18600 BLOCK EAST & TOWER ROAD NORTH,1,3,0,0,1,2,0,,40,0,0,0,0,2,4,3,1
,2017_63448,39.751047,-104.9257935,10/27/2017 19:21,19:21,6,0,0,23RD AVENUE & GLENCOE STREET NORTH,1,3,0,0,1,4,0,,30,0,0,0,0,0,4,2,7
,2017_63449,39.744468,-105.0000435,10/27/2017 23:04,23:04,3,0,1,SPEER BOULEVARD NORTH & ARAPAHOE STREET,1,3,0,0,1,1,0,,30,0,0,0,0,2,4,2,5
,2017_63450,39.711186,-104.997132,10/27/2017 23:07,23:07,1,0,0,SANTA FE DRIVE SOUTH & ALAMEDA AVENUE WEST,1,3,0,0,1,1,0,,35,0,0,0,0,0,4,2,3
,2017_63451,39.751956,-105.014772,10/27/2017 23:46,23:46,5,0,0,SEVENTH STREET & WATER STREET,1,3,1,0,2,3,0,,,0,0,0,0,0,4,1,13
,2017_63452,39.783816,-104.7816855,10/27/2017 23:50,23:50,12,0,0,GREEN VALLEY RANCH BOULEVARD EAST & TELLURIDE STREET NORTH,1,3,0,0,1,1,0,,40,0,0,0,0,1,4,2,5
,2017_63453,39.751578,-104.9851305,10/28/2017 2:40,2:40,6,0,0,STOUT STREET 2200 BLOCK & 22ND STREET,1,3,0,0,1,4,0,,30,0,0,0,0,0,4,2,5
,2017_63454,39.72518986,-105.0336873,10/28/2017 2:47,2:47,5,0,0,SIXTH AVENUE FRONTAGE NOT CDOT 3500 WEST & KING STREET NORTH,1,3,0,0,3,3,0,,,0,0,0,0,0,4,1,13
,2017_63455,39.748941,-104.9995305,10/28/2017 7:10,7:10,3,0,0,15TH STREET & MARKET STREET,1,1,0,0,1,1,0,,30,0,0,0,0,0,4,2,13
,2017_63456,39.751542,-104.9874255,10/28/2017 7:15,7:15,15,0,0,BROADWAY NORTH & CHAMPA STREET,1,1,0,0,1,3,0,,30,0,0,0,0,0,4,2,14
,2017_63457,39.758364,-104.92227,10/28/2017 7:45,7:45,6,0,2,HOLLY STREET & 29TH AVENUE EAST,1,1,0,0,1,4,0,,25,0,0,0,0,2,4,3,13
,2017_63458,39.737862,-104.953644,10/28/2017 9:08,9:08,6,0,0,DETROIT STREET 1300 BLOCK NORTH & 13TH AVENUE EAST,1,1,0,0,1,4,0,,25,0,0,0,0,0,4,3,1
,2017_63459,39.671217,-104.961753,10/31/2017 12:30,12:30,6,0,0,HARVARD AVENUE & GAYLORD STREET SOUTH,1,1,0,0,1,4,0,,25,0,0,0,0,0,4,2,13
,2017_63460,39.711186,-104.997132,10/28/2017 10:24,10:24,1,0,0,ALAMEDA AVENUE WEST & SANTA FE DRIVE SOUTH,1,1,0,0,1,1,0,,,0,0,0,0,1,4,2,13
,2017_63461,39.742713,-104.9530028,10/28/2017 10:57,10:57,3,0,0,29TH AVENUE 7300 EAST & PRIVATE ROAD,1,1,0,0,1,1,0,,25,0,0,0,0,0,4,2,13
,2017_63462,39.718278,-104.973777,10/28/2017 13:15,13:15,3,0,0,DOWNING STREET NORTH & SPEER BOULEVARD EAST,1,1,3,0,1,1,0,,35,0,0,0,0,0,4,2,13
,2017_63463,39.738429,-104.981112,10/28/2017 13:56,13:56,3,0,1,14TH AVENUE EAST & PENNSYLVANIA STREET NORTH,1,1,0,7,1,1,0,,30,0,0,0,0,2,4,2,3