id,drcog_id,latitude,longitude,crashtime,time,crashtype,numbkilled,numbinjurd,drcoglocat,rdconditin,lightngcon,roadcntgrd,weatherco,location,roaddescrp,constrzone,schoolzone,splimit,bikeinv,pedinv,sctrinv,motoinv,svrty,rdsystem,ttlvehcls,hcf
,2017_63464,39.696768,-105.037875,10/28/2017 16:45,16:45,3,0,0,MISSISSIPPI AVENUE WEST & OSCEOLA STREET SOUTH,1,1,0,0,1,1,0,,,0,0,0,0,0,4,2,13
,2017_63465,39.770253,-104.9719725,10/28/2017 17:00,17:00,12,0,0,38TH STREET & WALNUT STREET,1,1,0,0,1,1,0,,30,0,0,0,0,0,4,2,13
,2017_63467,39.6927,-104.976954,10/28/2017 19:00,19:00,3,0,0,BUCHTEL BOULEVARD EAST & EMERSON STREET SOUTH,1,3,0,0,1,1,0,,,0,0,0,0,0,4,2,7
,2017_63468,39.699486,-104.9247135,10/28/2017 19:29,19:29,6,0,0,VALE DRIVE & KENTUCKY AVENUE EAST,1,3,0,0,1,4,0,,25,0,0,0,0,0,4,2,12
,2017_63469,39.653793,-104.881392,10/28/2017 20:40,20:40,12,0,0,GIRARD AVENUE & AKRON STREET SOUTH,1,3,1,0,1,4,0,,30,0,0,0,0,0,4,3,5
,2017_63470,39.753423,-104.988402,10/28/2017 20:44,20:44,12,0,0,22ND STREET 1100 BLOCK & ARAPAHOE STREET,1,3,0,0,1,3,0,,30,0,0,0,0,0,4,2,14
,2017_63471,39.678363,-104.959404,10/28/2017 20:52,20:52,15,0,0,EVANS AVENUE EAST & UNIVERSITY BOULEVARD SOUTH,1,3,0,0,1,4,0,,30,0,0,0,0,0,4,2,13
,2017_63472,39.738375,-104.961015,10/28/2017 21:23,21:23,3,0,0,14TH AVENUE EAST & GAYLORD STREET NORTH,1,3,0,0,1,1,0,,25,0,0,0,0,0,4,2,13
,2017_63473,39.75003,-105.0049305,10/28/2017 22:05,22:05,15,0,0,CHOPPER CIRCLE & SPEER BOULEVARD,1,3,0,0,1,4,0,,25,0,0,0,0,0,4,2,7
,2017_63474,39.722535,-104.9862825,10/28/2017 22:06,22:06,12,0,0,LINCOLN STREET NORTH & FOURTH AVENUE EAST,1,3,0,0,1,4,0,,30,0,0,0,0,0,4,2,3
,2017_63475,39.754305,-104.9942745,10/28/2017 22:37,22:37,6,0,0,BLAKE STREET & 20TH STREET,1,3,0,0,1,4,0,,30,0,0,0,0,1,4,2,13
,2017_63476,39.758247,-104.9683815,10/28/2017 22:47,22:47,6,0,0,29TH AVENUE EAST & FRANKLIN STREET NORTH,1,3,0,0,1,4,0,,25,0,0,0,0,0,4,2,3
,2017_63477,39.7368,-104.9610105,10/28/2017 22:48,22:48,3,0,0,13TH AVENUE & GAYLORD / YORK ALLEY,1,3,0,0,1,5,0,,30,0,0,0,0,0,4,2,5
,2017_63478,39.786489,-104.801994,10/28/2017 23:58,23:58,15,0,0,KITTREDGE STREET & 51ST AVENUE EAST,1,3,0,0,1,4,0,,25,0,0,0,0,0,4,2,13
,2017_63479,39.75633,-105.015852,10/29/2017 1:40,1:40,15,0,0,SPEER BOULEVARD NORTH & ZUNI STREET NORTH,1,3,1,0,1,1,0,,35,0,0,0,0,0,4,2,13
,2017_63480,39.691296,-105.02973,10/29/2017 2:21,2:21,6,0,0,ARKANSAS AVENUE WEST & IRVING STREET SOUTH,1,3,1,0,1,4,0,,25,0,0,0,0,0,4,2,5
,2017_63481,39.7381905,-105.0298223,10/29/2017 2:44,2:44,6,0,0,14TH AVENUE WEST & AVONDALE DRIVE WEST,1,3,1,0,2,4,0,,25,0,0,0,0,0,4,3,5
,2017_63482,39.7467,-104.9989815,10/29/2017 3:00,3:00,15,0,0,14TH STREET & LAWRENCE STREET,1,3,0,0,1,1,0,,,0,0,0,0,0,4,2,13
,2017_63483,39.708639,-105.050871,10/29/2017 4:00,4:00,6,0,0,YATES STREET 400 BLOCK SOUTH & ALASKA AVENUE WEST,1,3,0,0,1,4,0,,25,0,0,0,0,0,4,2,14
,2017_63484,39.772899,-105.0252345,10/29/2017 9:50,9:50,12,0,0,41ST AVENUE WEST & FEDERAL BOULEVARD NORTH,1,1,0,0,1,5,0,,25,0,0,0,0,0,4,2,13
,2017_63485,39.692997,-104.9772645,10/29/2017 10:10,10:10,12,0,0,LOUISIANA AVENUE EAST & BUCHTEL BOULEVARD EAST,1,1,1,0,1,3,0,,30,0,0,0,0,1,4,3,3
,2017_63486,39.75417,-104.9893335,10/29/2017 11:15,11:15,3,0,0,22ND STREET & LAWRENCE STREET,1,1,0,0,1,1,0,,30,0,0,0,0,0,4,2,13
,2017_63487,39.745566,-104.995152,10/29/2017 11:45,11:45,15,0,0,CHAMPA STREET & 15TH STREET,1,1,0,0,1,4,0,,30,0,0,0,0,0,4,2,8
,2017_63488,39.736836,-104.9902335,10/29/2017 11:50,11:50,3,0,0,13TH AVENUE WEST & BANNOCK STREET NORTH,1,1,0,0,1,1,0,,30,0,0,0,0,0,4,2,12
,2017_63489,39.844602,-104.6809395,10/29/2017 11:57,11:57,10,0,0,PENA BOULEVARD INBOUND & 8400 BLOCK,1,1,0,0,1,4,0,,15,0,0,0,0,0,4,2,1
,2017_63490,39.777993,-104.912901,10/29/2017 12:44,12:44,3,0,0,STAPLETON SOUTH DRIVE EAST & MONACO STREET NORTH,1,1,0,0,1,1,0,,35,0,0,0,0,0,4,2,13
,2017_63491,39.738429,-104.981112,10/29/2017 13:08,13:08,12,0,0,14TH AVENUE EAST & PENNSYLVANIA STREET NORTH,1,1,0,0,1,3,0,,30,0,0,0,0,0,4,2,13
,2017_63492,39.731013,-104.9351445,10/29/2017 13:45,13:45,3,0,0,NINTH AVENUE EAST & CLERMONT STREET NORTH,1,1,0,0,1,1,0,,25,0,0,0,0,0,4,3,13
,2017_63493,39.756951,-104.98743,10/29/2017 15:06,15:06,12,0,0,BROADWAY STREET 2400 BLOCK NORTH & LARIMER STREET,1,1,0,0,1,4,0,,35,0,0,0,0,0,4,2,13
,2017_63494,39.759876,-104.890752,10/29/2017 15:52,15:52,3,0,0,MLK BOULEVARD EAST & CENTRAL PARK BOULEVARD NORTH,1,1,0,0,1,1,0,,35,0,0,0,0,0,4,2,13
,2017_63495,39.738402,-104.970681,10/29/2017 16:10,16:10,3,0,0,14TH AVENUE EAST & LAFAYETTE STREET NORTH,1,1,0,0,1,1,0,,25,0,0,0,0,0,4,2,13
,2017_63496,39.759876,-104.890752,10/29/2017 17:57,17:57,3,0,0,CENTRAL PARK BOULEVARD NORTH & MLK BOULEVARD EAST,1,1,0,0,1,1,0,,35,0,0,0,0,0,4,2,13
,2017_63497,39.689217,-104.980104,10/29/2017 18:22,18:22,6,0,0,PEARL STREET 1500 BLOCK NORTH & 16TH AVENUE EAST,1,1,0,0,1,4,0,,25,0,0,0,0,0,4,2,9
,2017_63498,39.735144,-104.975271,10/29/2017 18:30,18:30,3,0,0,12TH AVENUE EAST & OGDEN STREET NORTH,1,1,0,7,1,1,0,,30,0,0,0,0,0,4,2,16
,2017_63499,39.76788931,-104.9948145,10/31/2017 11:45,11:45,15,0,0,PARK AVENUE WEST & 1400 BLOCK,1,1,0,0,1,4,0,,35,0,0,0,0,0,4,2,8
,2017_63500,39.755088,-104.988114,10/29/2017 18:39,18:39,15,0,0,PARK AVENUE 1100 WEST & LAWRENCE STREET,1,3,0,0,1,4,0,,30,0,0,0,0,0,4,2,13
,2017_63501,39.752343,-105.007563,10/29/2017 20:10,20:10,15,0,0,ELITCH CIRCLE & SPEER BOULEVARD NORTH,1,3,0,7,1,1,0,,35,0,0,0,0,0,4,2,14
,2017_63502,39.700989,-105.0136335,1/11/2017 16:00,16:00,3,0,0,VALLEJO STREET SOUTH & ALYS PLACE WEST,1,2,0,0,1,1,0,,25,0,0,0,0,0,4,2,13
,2017_63503,39.79653748,-104.8125375,10/29/2017 21:36,21:36,15,0,0,FAIRPLAY STREET & 5200 BLOCK NORTH,1,3,0,0,1,4,0,,25,0,0,0,0,1,4,4,5
,2017_63504,39.769416,-105.042852,10/29/2017 21:47,21:47,1,0,0,38TH AVENUE WEST & STUART STREET NORTH,1,3,0,7,1,1,0,,35,0,0,0,0,0,4,2,16
,2017_63505,39.698568,-105.0355575,10/29/2017 22:10,22:10,6,0,0,MEADE STREET 1000 BLOCK SOUTH & TENNESSEE AVENUE WEST,1,3,0,0,1,4,0,,25,0,0,0,0,0,4,2,13
,2017_63506,39.725316,-104.9348655,10/30/2017 0:35,0:35,5,0,0,SIXTH AVENUE 4500 BLOCK EAST & CLERMONT STREET NORTH,1,3,0,0,2,4,0,,30,0,0,0,0,0,4,1,5
,2017_63507,39.832011,-104.71554,10/30/2017 3:00,3:00,15,0,0,75TH AVENUE EAST & GUN CLUB ROAD NORTH,2,3,0,2,1,1,0,,35,0,0,0,0,0,4,2,13
,2017_63508,39.689217,-105.0003,10/30/2017 4:29,4:29,12,0,0,FLORIDA AVENUE WEST & PLATTE RIVER DRIVE SOUTH,2,3,1,1,1,1,0,,45,0,0,0,0,1,4,2,13
,2017_63509,39.771063,-104.8470435,10/30/2017 7:03,7:03,12,0,0,PEORIA STREET NORTH & 39TH AVENUE EAST,2,3,0,1,1,1,0,,35,0,0,0,0,0,4,2,13
,2017_63510,39.777165,-104.833413,10/30/2017 7:24,7:24,5,0,0,CARSON STREET 4300 BLOCK NORTH & ALBROOK DRIVE EAST,2,2,0,1,3,4,0,,25,0,0,0,0,0,4,1,7
,2017_63511,39.711366,-104.912964,10/30/2017 7:24,7:24,15,0,0,ALAMEDA AVENUE EAST & MONACO STREET SOUTH,2,2,0,0,1,3,0,,30,0,0,0,0,0,4,2,13
,2017_63512,39.685743,-104.9828355,10/30/2017 7:30,7:30,3,0,0,LOGAN STREET SOUTH & MEXICO AVENUE EAST,1,1,0,0,1,1,0,,25,0,0,0,0,0,4,2,1
,2017_63513,39.741642,-104.986134,10/30/2017 7:44,7:44,15,0,0,LINCOLN STREET NORTH & 16TH AVENUE EAST,2,1,0,1,1,1,0,,25,0,0,0,0,0,4,2,14
,2017_63514,39.724533,-105.0394635,10/30/2017 8:30,8:30,3,0,0,FIFTH AVENUE WEST & PERRY STREET NORTH,2,1,0,1,1,1,0,,25,0,0,0,0,1,4,2,13
,2017_63515,39.736782,-104.9494635,10/30/2017 9:45,9:45,5,0,0,13TH AVENUE 3100 BLOCK EAST & STREET PAUL / STEELE STREET NORTH ALLEY,1,1,0,0,2,5,0,,30,0,0,0,0,0,4,1,1
,2017_63516,39.682323,-105.015681,10/30/2017 10:23,10:23,3,0,0,JEWELL AVENUE WEST & ZUNI STREET SOUTH,2,1,0,7,1,1,0,,30,0,0,0,0,0,4,2,16
,2017_63517,39.770496,-105.015861,10/30/2017 11:00,11:00,3,0,0,39TH AVENUE WEST & ZUNI STREET NORTH,1,1,0,0,1,1,0,,25,0,0,0,0,0,4,3,14
,2017_63518,39.743208,-104.969673,10/30/2017 11:20,11:20,3,0,1,HUMBOLDT STREET NORTH & 17TH AVENUE EAST,1,1,0,0,1,1,0,,25,0,0,0,0,2,4,3,7
,2017_63519,39.758382,-104.912865,10/30/2017 12:05,12:05,12,0,0,29TH AVENUE EAST & MONACO STREET NORTH,1,1,0,0,1,1,0,,30,0,0,0,0,1,4,2,5
,2017_63520,39.689514,-105.0203655,10/30/2017 12:22,12:22,3,0,0,CLAY STREET SOUTH & FLORIDA AVENUE WEST,1,1,0,0,1,1,0,,25,0,0,0,0,0,4,2,13
,2017_63521,39.844602,-104.6809395,10/30/2017 13:07,13:07,6,0,0,PENA BOULEVARD INBOUND & g,1,1,0,0,1,4,0,,15,0,0,0,0,0,4,2,1
,2017_63522,39.71655,-105.0300135,10/30/2017 13:44,13:44,5,0,0,IRVING STREET & 1040 SOUTH IRVING STREET,2,1,1,1,3,4,0,,35,0,0,0,0,0,4,1,7
,2017_63523,39.739986,-104.962257,10/30/2017 13:50,13:50,10,0,0,VINE STREET NORTH & COLFAX AVENUE EAST,1,1,0,0,1,4,0,,25,0,0,0,0,0,4,2,13
,2017_63524,39.718134,-105.0396975,10/30/2017 14:06,14:06,3,0,2,FIRST AVENUE WEST & PERRY STREET SOUTH,1,1,0,0,1,1,0,,30,0,0,0,0,2,4,2,14
,2017_63525,39.725631,-104.979942,10/30/2017 15:01,15:01,1,0,0,PEARL STREET NORTH & SIXTH AVENUE EAST,1,1,0,0,1,1,0,,25,0,0,0,0,0,4,2,13
,2017_63526,39.743748,-104.941881,10/30/2017 15:14,15:14,12,0,0,17TH AVENUE EAST & HARRISON STREET NORTH,1,1,0,0,1,3,0,,30,0,0,0,0,0,4,2,14
,2017_63527,39.742002,-104.99283,10/30/2017 15:15,15:15,12,0,0,14TH STREET & GLENARM PLACE,1,1,0,0,1,1,0,,30,0,0,0,0,0,4,2,13
,2017_63528,39.711159,-104.9900175,10/30/2017 15:33,15:33,12,0,0,ALAMEDA AVENUE WEST & BANNOCK STREET SOUTH,1,1,0,0,1,1,0,,30,0,0,0,0,0,4,2,12
,2017_63529,39.758481,-105.0299325,10/30/2017 16:22,16:22,12,0,0,IRVING STREET NORTH & 29TH AVENUE WEST,1,1,0,0,1,3,0,,35,0,0,0,0,1,4,2,13
,2017_63530,39.744846,-104.9734035,10/30/2017 16:35,16:35,15,0,0,DOWNING STREET NORTH & 18TH AVENUE EAST,1,1,0,0,1,1,0,,30,0,0,0,0,0,4,2,13
,2017_63531,39.797541,-104.8271805,10/30/2017 16:46,16:46,6,0,0,POTOMAC WAY 5500 BLOCK NORTH & RANDOLPH PLACE EAST,1,1,1,0,1,4,0,,25,0,0,0,0,0,4,2,14
,2017_63532,39.728925,-104.995224,10/30/2017 17:01,17:01,12,0,0,EIGHTH AVENUE 500 BLOCK WEST & FOX STREET NORTH,1,1,1,0,1,4,0,,30,0,0,0,0,1,4,2,13
,2017_63533,39.716568,-105.027552,10/30/2017 17:25,17:25,3,0,0,ELLSWORTH AVENUE WEST & HAZEL COURT NORTH,1,2,0,0,1,1,0,,25,0,0,0,0,0,4,2,13
,2017_63534,39.731697,-104.9919525,10/30/2017 17:42,17:42,15,0,0,SPEER BOULEVARD NORTH & CHEROKEE STREET NORTH,1,1,0,0,1,1,0,,35,0,0,0,0,0,4,2,13
,2017_63535,39.674844,-104.965254,10/30/2017 18:55,18:55,3,0,0,ILIFF AVENUE EAST & HIGH STREET SOUTH,1,3,0,0,1,1,0,,30,0,0,0,0,0,4,2,13
,2017_63536,39.746169,-104.98482,10/30/2017 19:15,19:15,3,0,0,19TH AVENUE EAST & SHERMAN STREET NORTH,1,3,1,0,1,1,0,,30,0,0,0,0,0,4,2,13
,2017_63537,39.718179,-104.959314,10/30/2017 19:15,19:15,15,0,0,FIRST AVENUE 2300 BLOCK EAST & UNIVERSITY BOULEVARD NORTH,1,3,0,0,1,4,0,,30,0,0,0,0,0,4,2,3
,2017_63538,39.744225,-104.9933835,10/30/2017 19:36,19:36,15,0,0,15TH STREET & CALIFORNIA STREET,1,3,0,0,1,4,0,,30,0,0,0,0,0,4,2,8
,2017_63539,39.727287,-104.9823855,10/31/2017 9:30,9:30,6,0,0,SEVENTH AVENUE & LOGAN STREET NORTH,1,1,1,0,1,3,0,,25,0,0,0,0,0,4,2,3
,2017_63540,39.711105,-104.97339,10/30/2017 20:15,20:15,8,0,1,DOWNING STREET 300 BLOCK SOUTH & ALAMEDA AVENUE EAST,1,4,0,0,1,4,0,,30,0,0,0,0,2,4,3,13
,2017_63541,39.678444,-104.9579415,10/30/2017 20:39,20:39,3,0,0,EVANS AVENUE EAST & JOSEPHINE STREET SOUTH,1,3,0,0,1,1,0,,35,0,0,0,0,0,4,2,13
,2017_63542,39.750678,-104.88852,10/30/2017 20:51,20:51,3,0,0,CENTRAL PARK BOULEVARD NORTH & XANTHIA WAY NORTH,1,3,0,0,1,1,0,,35,0,0,0,0,0,4,2,13
,2017_63543,39.765636,-105.0095925,10/30/2017 23:30,23:30,6,0,0,35TH AVENUE 1900 BLOCK WEST & SHOSHONE STREET NORTH,1,3,0,0,1,4,0,,,0,0,0,0,0,4,2,13
,2017_63544,39.7693281,-105.0063929,10/30/2017 23:37,23:37,6,0,1,PECOS STREET 3800 BLOCK NORTH & 38TH AVENUE WEST,1,3,0,0,1,4,0,,30,0,0,0,0,2,4,2,3
,2017_63545,39.738681,-104.88582,10/31/2017 1:17,1:17,5,0,0,XENIA STREET NORTH & 14TH AVENUE EAST,1,3,0,0,3,4,0,,30,0,0,0,0,0,4,1,14
,2017_63546,39.703869,-104.9863005,10/31/2017 6:22,6:22,12,0,0,LINCOLN STREET SOUTH & EXPOSITION AVENUE EAST,1,3,0,0,1,3,0,,30,0,0,0,0,0,4,2,16
,2017_63547,39.696624,-104.9827815,10/31/2017 7:00,7:00,5,0,0,MISSISSIPPI AVENUE EAST & LOGAN STREET SOUTH,1,3,0,0,2,1,1,,30,0,0,0,0,0,4,1,13
,2017_63548,39.703824,-104.9459805,10/31/2017 7:18,7:18,5,0,0,EXPOSITION AVENUE EAST & GARFIELD STREET SOUTH,1,1,0,0,3,1,0,,25,0,0,0,0,0,4,1,1
,2017_63549,39.789342,-104.8390515,10/31/2017 13:52,13:52,5,0,0,51ST AVENUE 12984 EAST & URSULA STREET NORTH,1,1,0,0,4,1,0,,25,0,0,0,0,0,4,1,7
,2017_63550,39.744855,-104.987394,10/31/2017 7:48,7:48,15,0,0,18TH AVENUE EAST & BROADWAY NORTH,1,1,0,0,1,1,0,,25,0,0,0,0,0,4,2,1
,2017_63551,39.764466,-104.959773,11/21/2017 14:45,14:45,3,0,0,BRUCE RANDOLPH AVENUE EAST & YORK STREET NORTH,1,1,0,0,1,1,0,,,0,0,0,0,0,4,2,13
,2017_63552,39.78378,-104.7775365,10/31/2017 8:00,8:00,12,0,0,WALDEN STREET NORTH & GREEN VALLEY RANCH BOULEVARD EAST,1,1,0,0,1,1,0,,25,0,0,0,0,0,4,3,16
,2017_63553,39.626685,-104.8913235,11/4/2017 1:45,1:45,5,0,0,ULSTER STREET 4900 SOUTH & PRIVATE ROAD,1,3,0,0,3,3,0,,35,0,0,0,0,1,4,1,13
,2017_63554,39.729069,-104.972958,10/31/2017 8:33,8:33,15,0,0,DOWNING STREET NORTH & EIGHTH AVENUE EAST,1,1,1,0,1,1,0,,30,0,0,0,0,0,4,2,13
,2017_63555,39.752262,-104.991804,10/31/2017 8:44,8:44,10,0,0,20TH STREET & LAWRENCE STREET,1,1,0,0,1,1,0,,25,0,0,0,0,0,4,2,13
,2017_63556,39.746367,-104.9888655,10/31/2017 9:00,9:00,15,0,0,18TH STREET & WELTON STREET,1,1,0,0,1,4,0,,25,0,0,0,0,0,4,2,13
,2017_63557,39.783762,-104.798043,10/31/2017 11:05,11:05,12,0,0,MEMPHIS STREET NORTH & GREEN VALLEY RANCH BOULEVARD EAST,1,1,0,0,1,1,0,,35,0,0,0,0,0,4,2,13
,2017_63558,39.759579,-105.0017805,10/31/2017 12:40,12:40,1,0,0,LITTLE RAVEN STREET & 20TH STREET,1,1,0,0,1,4,0,,30,0,0,0,0,0,4,2,13
,2017_63559,39.66948,-104.9899635,5/24/2017 0:00,0:00,6,0,0,VASSAR AVENUE WEST & BANNOCK STREET SOUTH,1,4,0,0,1,4,0,,25,0,0,0,0,0,4,2,13
,2017_63560,39.736845,-104.9835825,10/31/2017 12:50,12:50,12,0,0,13TH AVENUE 300 BLOCK EAST & GRANT STREET,1,1,0,0,1,3,0,,30,0,0,0,0,0,4,2,13
,2017_63561,39.701916,-104.8763925,10/31/2017 13:35,13:35,6,0,0,ALTON WAY SOUTH & CLINTON STREET SOUTH,1,1,0,0,1,4,0,,25,0,0,0,0,0,4,3,1
,2017_63562,39.698739,-104.921613,10/31/2017 13:37,13:37,6,0,0,HOLLY STREET 1100 BLOCK SOUTH & TENNESSEE AVENUE EAST,1,1,0,0,1,2,0,,,0,0,0,0,0,4,2,13
,2017_63563,39.717531,-105.0227505,10/31/2017 13:43,13:43,6,0,0,IRVINGTON PLACE WEST & DECATUR STREET NORTH,1,1,0,0,1,3,0,,25,0,0,0,0,0,4,2,9
,2017_63564,39.717081,-105.0172425,10/31/2017 13:43,13:43,5,0,0,ELLSWORTH AVENUE WEST & ALCOTT STREET SOUTH,1,1,1,0,3,5,0,,25,0,0,0,0,0,4,1,9
,2017_63565,39.738456,-104.9976405,10/31/2017 13:45,13:45,15,0,0,SPEER BOULEVARD NORTH & 14TH AVENUE WEST,1,1,0,0,1,4,0,,30,0,0,0,0,0,4,2,13
,2017_63566,39.735144,-104.9776155,10/31/2017 14:15,14:15,3,0,0,12TH AVENUE EAST & CLARKSON STREET NORTH,1,1,0,0,1,1,0,,30,0,0,0,0,0,4,3,1
,2017_63567,39.77154291,-104.7494782,10/31/2017 15:18,15:18,12,0,0,JERICHO STREET 4000 BLOCK NORTH & 41ST AVENUE EAST,1,1,0,0,1,4,0,,25,0,0,0,0,0,4,2,7
,2017_63568,39.745755,-105.000174,10/31/2017 16:07,16:07,12,0,0,SPEER BOULEVARD 1100 BLOCK NORTH & LAWRENCE STREET,1,1,0,0,1,4,0,,30,0,0,0,0,0,4,3,13
,2017_63569,39.764457,-104.939316,10/31/2017 16:13,16:13,10,0,0,BRUCE RANDOLPH BOULEVARD EAST & ALBION STREET NORTH,1,1,0,0,1,2,0,,30,0,0,0,0,0,4,2,1
,2017_63570,39.732885,-104.9046525,10/31/2017 16:21,16:21,3,0,0,11TH AVENUE EAST & POPLAR STREET NORTH,1,1,0,0,1,1,0,,30,0,0,0,0,0,4,2,1
,2017_63571,39.747501,-104.9861115,10/31/2017 16:39,16:39,15,0,0,20TH AVENUE 100 BLOCK EAST & LINCOLN STREET NORTH,1,1,0,0,1,4,0,,30,0,0,0,0,0,4,2,13
,2017_63572,39.71835,-104.9745915,11/3/2017 4:44,4:44,5,0,0,SPEER BOULEVARD EAST & CORONA STREET NORTH,1,3,0,0,3,1,0,,30,0,0,0,0,0,4,1,5
,2017_63573,39.698406,-104.9640525,10/31/2017 16:46,16:46,3,0,0,TENNESSEE AVENUE EAST & RACE STREET SOUTH,1,1,0,0,1,1,0,,25,0,0,0,0,0,4,2,13
,2017_63574,39.729258,-104.915052,10/31/2017 17:00,17:00,3,0,0,EIGHTH AVENUE EAST & LEYDEN STREET NORTH,1,1,0,0,1,1,0,,35,0,0,0,0,0,4,2,14
,2017_63575,39.678552,-104.9816925,10/31/2017 17:13,17:13,12,0,0,PENNSYLVANIA & EVANS AVENUE EAST,1,1,0,0,1,2,0,,25,0,0,0,0,0,4,2,13
,2017_63576,39.643425,-104.893929,10/31/2017 17:21,17:21,12,0,0,TAMARAC DRIVE SOUTH & PRINCETON AVENUE EAST,1,2,1,7,1,3,0,,35,0,0,0,0,0,4,3,3
,2017_63577,39.772008,-104.969691,10/31/2017 17:29,17:29,3,0,0,40TH STREET & WALNUT STREET,1,1,0,7,1,1,0,,25,0,0,0,0,1,4,2,16
,2017_63578,39.689343,-104.9223105,11/3/2017 3:00,3:00,6,0,0,HOLLY STREET & FLORIDA AVENUE EAST,1,5,0,0,1,4,0,,30,0,0,0,0,0,4,2,13
,2017_63579,39.729078,-104.9848605,10/31/2017 17:30,17:30,3,0,0,EIGHTH AVENUE EAST & SHERMAN STREET NORTH,1,2,0,0,1,1,0,,30,0,0,0,0,0,4,2,1
,2017_63580,39.761973,-104.905773,10/31/2017 17:34,17:34,1,0,0,MLK BOULEVARD EAST & PONTIAC STREET NORTH,1,2,0,0,1,1,0,,30,0,0,0,0,0,4,2,1
,2017_63581,39.78018,-105.011154,10/31/2017 18:46,18:46,3,0,0,46TH AVENUE WEST & TEJON STREET NORTH,1,3,0,0,1,1,0,,35,0,0,0,0,0,4,2,3
,2017_63582,39.771774,-104.903442,10/31/2017 19:32,19:32,15,0,0,QUEBEC STREET NORTH & SMITH ROAD EAST,1,3,0,0,1,3,0,,35,0,0,0,0,0,4,2,5
,2017_63583,39.756132,-104.8907115,10/31/2017 19:36,19:36,6,0,0,28TH AVENUE EAST & CENTRAL PARK BOULEVARD NORTH,1,3,1,0,1,1,0,,25,0,0,0,0,0,4,2,7
,2017_63584,39.724137,-104.986314,11/2/2017 9:22,9:22,3,0,0,FIFTH AVENUE EAST & LINCOLN STREET NORTH,1,1,0,0,1,1,0,,25,0,0,0,0,0,4,2,13
,2017_63585,39.769173,-104.942853,11/1/2017 3:07,3:07,3,0,0,38TH AVENUE EAST & JACKSON STREET NORTH,1,3,0,0,1,1,0,,25,0,0,0,0,1,4,3,13
,2017_63586,39.707667,-105.027534,11/1/2017 5:15,5:15,6,0,0,VIRGINA AVENUE 3100 BLOCK WEST & HAZEL COURT SOUTH,1,4,0,0,1,4,0,,25,0,0,0,0,0,4,2,13
,2017_63587,39.778632,-104.7673215,11/1/2017 5:20,5:20,5,0,0,BISCAY STREET NORTH & CHAFFEE PLACE EAST,1,3,0,0,4,4,0,,25,0,0,0,0,1,4,1,5
,2017_63588,39.736845,-104.9873715,11/1/2017 6:32,6:32,3,0,0,13TH AVENUE EAST & BROADWAY STREET NORTH,1,3,0,0,1,1,0,,25,0,0,0,0,0,4,2,14
,2017_63589,39.709728,-105.043212,11/1/2017 7:30,7:30,6,0,0,DAKOTA AVENUE 4300 BLOCK WEST & STUART STREET SOUTH,1,4,0,0,1,4,0,,25,0,0,0,0,0,4,2,13
,2017_63590,39.798396,-104.786415,11/1/2017 7:51,7:51,12,0,0,56TH AVENUE EAST & PENA BOULEVARD,1,1,0,0,1,1,0,,35,0,0,0,0,0,4,3,13
,2017_63591,39.747375,-104.9269905,11/1/2017 7:59,7:59,12,0,0,MONTVIEW BOULEVARD EAST & FOREST STREET NORTH,1,1,0,0,1,3,0,,25,0,0,0,0,0,4,2,16
,2017_63592,39.680253,-104.9579325,11/1/2017 8:39,8:39,3,0,0,ASBURY AVENUE 2300 BLOCK EAST & JOSEPHINE STREET SOUTH,1,1,0,0,1,2,0,,25,0,0,0,0,0,4,2,13
,2017_63593,39.74759445,-104.9976686,11/1/2017 8:59,8:59,12,0,0,LAWRENCE STREET 1500 BLOCK & 15TH STREET,1,1,0,0,1,4,0,,30,0,0,0,0,0,4,2,14
,2017_63595,39.678444,-104.931612,11/1/2017 9:36,9:36,3,0,0,EVANS AVENUE 5100 BLOCK EAST & DAHLIA STREET SOUTH,1,1,0,0,1,2,0,,35,0,0,0,0,0,4,2,13
,2017_63596,39.703851,-104.95935,11/1/2017 11:20,11:20,12,0,0,UNIVERSITY BOULEVARD SOUTH & EXPOSITION AVENUE EAST,1,1,0,0,1,3,0,,25,0,0,0,0,0,4,2,13
,2017_63597,39.725631,-104.9874435,11/1/2017 12:43,12:43,12,0,0,SIXTH AVENUE 0 BLOCK WEST & BROADWAY STREET NORTH,1,1,0,0,1,3,0,,35,0,0,0,0,0,4,2,13
,2017_63598,39.66768,-105.0349725,11/1/2017 13:00,13:00,1,0,0,YALE AVENUE WEST & LOWELL BOULEVARD SOUTH,1,1,1,0,1,1,0,,30,0,0,0,0,0,4,2,13
,2017_63599,39.7170765,-104.8955513,11/1/2017 13:35,13:35,10,0,0,LOWRY BOULEVARD EAST & FAIRMOUNT DRIVE EAST,1,1,0,0,1,6,0,,25,0,0,0,0,0,4,2,8
,2017_63600,39.689379,-104.9804415,11/1/2017 15:00,15:00,6,0,0,PEARL STREET SOUTH & FLORIDA AVENUE EAST,1,1,0,0,1,4,0,,,0,0,0,0,0,4,2,13