id,drcog_id,latitude,longitude,crashtime,time,crashtype,numbkilled,numbinjurd,drcoglocat,rdconditin,lightngcon,roadcntgrd,weatherco,location,roaddescrp,constrzone,schoolzone,splimit,bikeinv,pedinv,sctrinv,motoinv,svrty,rdsystem,ttlvehcls,hcf
,2017_63601,39.739977,-104.987421,11/1/2017 15:17,15:17,15,0,0,BROADWAY STREET NORTH & COLFAX STREET EAST,1,1,0,0,1,4,0,,30,0,0,0,0,0,4,2,8
,2017_63602,39.772278,-104.9745645,11/1/2017 15:18,15:18,15,0,0,38TH STREET 1600 BLOCK & WYNKOOP STREET,1,1,0,0,1,4,0,,30,0,0,0,0,0,4,2,8
,2017_63603,39.761964,-104.903451,11/1/2017 15:20,15:20,3,0,0,QUEBEC STREET NORTH & MLK BOULEVARD EAST,1,1,0,0,1,1,0,,35,0,0,0,0,1,4,2,8
,2017_63604,39.64077,-104.907312,11/1/2017 15:40,15:40,12,0,0,PRINCETON AVENUE EAST & OLIVE STREET SOUTH,1,1,1,0,1,3,0,,25,0,0,0,0,0,4,2,16
,2017_63605,39.770253,-104.9719725,11/1/2017 15:40,15:40,12,0,0,38TH STREET & WALNUT STREET,1,1,1,0,1,1,0,,30,0,0,0,0,0,4,2,13
,2017_63606,39.725595,-104.9509845,11/4/2017 22:00,22:00,6,0,0,SIXTH AVENUE EAST & STREET PAUL STREET NORTH,1,3,0,0,1,4,0,,,0,0,0,0,0,4,2,13
,2017_63607,39.63799513,-104.9126831,11/2/2017 7:24,7:24,12,0,0,MONACO STREET NORTHBOUND & 1400 BLOCK NORTH,1,1,0,0,1,4,0,,30,0,0,0,0,0,4,2,3
,2017_63608,39.798396,-104.786415,11/1/2017 15:56,15:56,12,0,0,56TH AVENUE EAST & PENA BOULEVARD,1,1,0,0,1,4,0,,45,0,0,0,0,0,4,4,13
,2017_63609,39.678426,-104.9395905,11/1/2017 16:16,16:16,1,0,0,EVANS AVENUE EAST & ALBION STREET SOUTH,1,1,0,0,1,1,0,,35,0,0,0,0,0,4,2,13
,2017_63610,39.738456,-105.036993,11/1/2017 16:30,16:30,15,0,0,14TH AVENUE 3800 BLOCK WEST & NEWTON STREET NORTH,1,1,0,0,1,4,0,,35,0,0,0,0,0,4,2,13
,2017_63611,39.729312,-105.015933,11/8/2017 7:43,7:43,15,0,0,EIGHTH AVENUE WEST & ZUNI STREET NORTH,1,1,0,0,1,4,0,,,0,0,0,0,0,4,2,13
,2017_63612,39.696723,-105.006591,11/1/2017 16:31,16:31,3,0,0,MISSISSIPPI AVENUE WEST & QUIVAS STREET SOUTH,1,1,0,0,1,1,0,,,0,0,0,0,1,4,3,13
,2017_63613,39.747447,-104.8893165,11/1/2017 16:51,16:51,12,0,0,MONTVIEW BOULEVARD EAST & WABASH STREET NORTH,1,1,1,0,1,1,0,,35,0,0,0,0,0,4,2,4
,2017_63614,39.742263,-104.9993505,11/1/2017 17:15,17:15,15,0,0,CHAMPA STREET & SPEER BOULEVARD NORTH,1,1,0,0,1,3,0,,30,0,0,0,0,0,4,2,8
,2017_63615,39.78477504,-105.0082383,11/4/2017 18:00,18:00,6,0,0,QUIVAS STREET & 3900 BLOCK NORTH,1,5,0,0,1,4,0,,30,0,0,0,0,0,4,2,13
,2017_63616,39.676608,-104.959386,11/1/2017 18:09,18:09,12,0,0,UNIVERSITY BL 2200 BLOCK SOUTH & WARREN AVENUE EAST,1,3,0,0,1,4,0,,35,0,0,0,0,0,4,2,1
,2017_63617,39.711366,-104.9199525,11/1/2017 18:57,18:57,3,0,0,ALAMEDA AVENUE EAST & JERSEY STREET SOUTH,1,3,1,0,1,1,0,,35,0,0,0,0,0,4,2,13
,2017_63618,39.77171824,-104.90281,11/1/2017 19:02,19:02,3,0,0,QUEBEC STREET NORTH & 40TH AVENUE EAST,1,3,0,0,1,1,0,,40,0,0,0,0,0,4,2,3
,2017_63619,39.714813,-105.003882,11/1/2017 21:05,21:05,3,0,0,BAYAUD AVENUE WEST & NAVAJO STREET SOUTH,1,3,0,0,1,1,0,,25,0,0,0,0,0,4,2,3
,2017_63620,39.698586,-105.040251,11/1/2017 21:28,21:28,6,0,0,PERRY STREET 1000 BLOCK SOUTH & TENNESSEE AVENUE WEST,1,3,0,0,1,4,0,,25,0,0,0,0,0,4,3,5
,2017_63621,39.798126,-104.838741,11/2/2017 4:05,4:05,14,0,0,56TH AVENUE & TUCSON AVENUE NORTH,1,3,0,0,1,4,0,,40,0,0,0,0,0,4,2,2
,2017_63622,39.690378,-104.91291,11/2/2017 7:26,7:26,1,0,0,MONACO STREET SOUTH & CHERRY CREEK SOUTH DRIVE EAST,1,1,0,0,1,1,0,,35,0,0,0,0,0,4,2,3
,2017_63623,39.761838,-104.9383125,11/2/2017 7:45,7:45,12,0,0,MLK BOULEVARD EAST & ASH STREET NORTH,1,1,0,0,1,4,0,,35,0,0,0,0,1,4,2,16
,2017_63624,39.750723,-104.9745735,11/2/2017 7:46,7:46,3,0,0,OGDEN STREET NORTH & 23RD AVENUE EAST,1,1,0,0,1,1,0,,25,0,0,0,0,0,4,2,13
,2017_63625,39.667635,-104.9653035,11/2/2017 8:04,8:04,3,0,0,HIGH STREET SOUTH & YALE STREET EAST,1,1,0,0,1,1,0,,25,0,0,0,0,0,4,2,13
,2017_63626,39.77490155,-105.0322724,11/2/2017 8:20,8:20,12,0,0,KNOX COURT & 200 BLOCK,1,1,0,0,1,4,0,,30,0,0,0,0,0,4,2,13
,2017_63627,39.77490155,-105.0322724,11/2/2017 8:20,8:20,12,0,0,KNOX COURT & 200 BLOCK,1,1,0,0,1,4,0,,30,0,0,0,0,0,4,2,13
,2017_63628,39.728043,-104.930523,12/8/2017 1:10,1:10,6,0,0,EUDORA STREET 700 BLOCK NORTH & SEVERN PLACE,1,4,0,0,1,4,0,,25,0,0,0,0,0,4,2,5
,2017_63629,39.783609,-104.772222,11/2/2017 9:00,9:00,15,0,0,GREEN VALLEY RANCH BOULEVARD & TOWER ROAD NORTH,1,1,1,0,1,4,0,,35,0,0,0,0,0,4,2,13
,2017_63630,39.772476,-105.044013,11/2/2017 10:32,10:32,6,0,0,41ST AVENUE 4300 BLOCK WEST & TENNYSON STREET NORTH,1,1,0,0,1,5,0,,20,0,0,0,0,0,4,2,1
,2017_63631,39.718179,-104.959314,11/2/2017 10:58,10:58,12,0,0,FIRST AVENUE EAST & UNIVERSITY BOULEVARD NORTH,1,1,0,0,1,1,0,,35,0,0,0,0,0,4,2,13
,2017_63632,39.74384859,-104.9955888,11/2/2017 11:00,11:00,6,0,0,STOUT STREET & 1600 BLOCK,1,1,0,0,1,4,0,,25,0,0,0,0,0,4,2,14
,2017_63633,39.774528,-104.9223105,11/2/2017 12:43,12:43,5,0,0,HOLLY STREET NORTH & SMITH ROAD EAST,1,1,0,0,1,1,0,,40,0,0,0,0,0,4,1,3
,2017_63634,39.711114,-104.9710455,11/2/2017 13:25,13:25,1,0,0,ALAMEDA AVENUE EAST & LAFAYETTE STREET SOUTH,1,1,0,0,1,1,0,,35,0,0,0,0,0,4,3,13
,2017_63635,39.678444,-104.997141,11/2/2017 13:27,13:27,1,0,0,EVANS AVENUE WEST & HURON STREET SOUTH,1,1,0,0,1,1,0,,35,0,0,0,0,1,4,2,16
,2017_63636,39.75498,-104.995143,11/2/2017 13:33,13:33,3,0,0,20TH STREET & WAZEE STREET,1,1,1,0,1,1,0,,30,0,0,0,0,0,4,2,8
,2017_63637,39.769398,-105.0299505,11/2/2017 13:44,13:44,1,0,0,38TH AVENUE & IRVING STREET NORTH,1,1,0,0,1,2,0,,30,0,0,0,0,1,4,2,13
,2017_63638,39.696579,-104.959323,11/2/2017 14:50,14:50,12,0,0,UNIVERSITY BOULEVARD 1100 BLOCK SOUTH & MISSISSIPPI AVENUE EAST,1,1,0,0,1,3,0,,30,0,0,0,0,0,4,2,16
,2017_63639,39.736863,-104.9695335,11/2/2017 14:54,14:54,6,0,0,13TH STREET EAST & HUMBOLDT STREET NORTH,1,1,0,0,1,3,0,,30,0,0,0,0,0,4,2,14
,2017_63640,39.772881,-104.9429205,11/2/2017 15:00,15:00,3,0,0,40TH AVENUE EAST & JACKSON STREET NORTH,1,1,0,0,1,1,0,,35,0,0,0,0,1,4,2,1
,2017_63641,39.694779,-104.9839335,12/9/2017 9:00,9:00,6,0,0,GRANT STREET 1100 BLOCK SOUTH & ARIZONA AVENUE EAST,1,1,0,0,1,4,0,,,0,0,0,0,0,4,2,13
,2017_63642,39.77330738,-104.8096856,11/8/2017 18:53,18:53,12,0,0,CHAMBERS ROAD 4000 BLOCK NORTH & 40TH AVENUE EAST,1,3,1,0,1,4,0,,40,0,0,0,0,0,4,2,3
,2017_63643,39.705696,-104.986323,11/2/2017 15:45,15:45,12,0,0,LINCOLN STREET 600 BLOCK SOUTH & CENTER AVENUE EAST,1,1,0,0,1,4,0,,35,0,0,0,0,0,4,2,1
,2017_63644,39.70251,-104.9048505,11/2/2017 15:50,15:50,15,0,0,WALSH PLACE EAST & OHIO AVENUE EAST,1,1,0,0,1,1,0,,35,0,0,0,0,0,4,2,13
,2017_63645,39.69117,-104.982795,11/2/2017 16:30,16:30,3,0,0,ARKANSAS AVENUE EAST & LOGAN STREET SOUTH,1,1,0,0,1,1,0,,35,0,0,0,0,1,4,3,1
,2017_63646,39.742263,-104.9993505,11/2/2017 16:33,16:33,3,0,0,SPEER BOULEVARD NORTH & CHAMPA STREET,1,1,0,0,1,1,0,,30,0,0,0,0,0,4,2,8
,2017_63647,39.780621,-104.841774,11/2/2017 17:00,17:00,12,0,0,46TH AVENUE 12900 BLOCK EAST & ALBROOK DRIVE EAST,1,1,0,0,1,3,0,,25,0,0,0,0,0,4,2,12
,2017_63648,39.711321,-104.892912,11/2/2017 17:39,17:39,12,0,0,FAIRMOUNT DRIVE EAST & ALAMEDA AVENUE EAST,1,5,0,0,1,1,0,,15,0,0,0,0,0,4,2,3
,2017_63649,39.724506,-105.032502,11/2/2017 18:10,18:10,3,0,0,KNOX COURT NORTH & FIFTH AVENUE WEST,1,1,0,0,1,3,0,,35,0,0,0,0,0,4,2,16
,2017_63650,39.744855,-104.987394,11/2/2017 18:15,18:15,15,0,0,BROADWAY STREET NORTH & 18TH AVENUE EAST,1,2,0,0,1,3,0,,30,0,0,0,0,0,4,2,8
,2017_63651,39.738357,-104.9573835,11/2/2017 18:35,18:35,15,0,0,14TH AVENUE EAST & COLUMBINE STREET NORTH,1,1,0,0,1,1,0,,30,0,0,0,0,0,4,2,13
,2017_63652,39.765726,-104.9948415,11/2/2017 18:49,18:49,15,0,0,BROADWAY STREET NORTH & PARK AVENUE WEST,1,3,1,0,1,1,0,,30,0,0,0,0,0,4,2,8
,2017_63653,39.781287,-104.742378,11/2/2017 19:25,19:25,12,0,0,GREEN VALLEY RANCH BOULEVARD EAST & MALAYA STREET NORTH,1,3,0,0,1,1,0,,30,0,0,0,0,0,4,2,14
,2017_63654,39.753801,-104.890734,11/2/2017 19:30,19:30,3,0,0,CENTRAL PARK ROAD NORTH & 25TH DRIVE EAST,1,3,0,0,1,1,0,,35,0,0,0,0,0,4,2,7
,2017_63655,39.712896,-104.9734035,11/2/2017 20:00,20:00,6,0,0,DOWNING STREET & CEDAR AVENUE EAST,1,3,0,0,1,4,0,,30,0,0,0,0,0,4,2,3
,2017_63656,39.781287,-104.742378,11/2/2017 20:14,20:14,12,0,0,MALAYA STREET NORTH & GREEN VALLEY RANCH BOULEVARD EAST,1,3,0,0,1,1,0,,30,0,0,0,0,0,4,2,14
,2017_63657,39.72411,-104.9985945,11/2/2017 21:10,21:10,3,0,0,SANTA FE DRIVE NORTH & FIFTH AVENUE WEST,1,3,0,0,1,1,0,,25,0,0,0,0,1,4,5,7
,2017_63658,39.74256,-104.912451,11/3/2017 8:21,8:21,12,0,0,MONACO STREET 1600 BLOCK NORTH & BATAVIA PLACE EAST,1,1,0,0,1,4,0,,25,0,0,0,0,0,4,2,14
,2017_63659,39.705696,-104.987583,11/3/2017 8:55,8:55,3,0,1,CENTER AVENUE EAST & BROADWAY STREET SOUTH,1,1,0,0,1,1,0,,25,0,0,0,0,2,4,2,1
,2017_63660,39.718179,-104.959314,11/3/2017 9:01,9:01,12,0,0,FIRST AVENUE 2200 BLOCK EAST & UNIVERSITY BOULEVARD NORTH,1,1,0,0,1,4,0,,35,0,0,0,0,0,4,2,13
,2017_63661,39.746952,-104.9775525,11/3/2017 11:03,11:03,8,0,0,PARK AVENUE & CLARKSON STREET NORTH,1,3,0,0,1,1,0,,30,0,0,0,0,0,4,2,14
,2017_63662,39.678435,-104.9407425,11/3/2017 11:42,11:42,3,0,0,EVANS AVENUE EAST & COLORADO BOULEVARD SOUTH,1,1,0,0,1,2,0,,30,0,0,0,0,0,4,2,13
,2017_63663,39.762,-105.0236055,11/3/2017 11:57,11:57,15,0,0,32ND AVENUE WEST & ELIOT STREET NORTH,1,1,1,0,1,1,0,,25,0,0,0,0,0,4,2,13
,2017_63664,39.782385,-104.847093,11/3/2017 13:00,13:00,14,0,1,47TH AVENUE EAST & PEORIA STREET NORTH,1,1,0,0,1,1,0,,40,0,0,0,0,2,4,2,3
,2017_63665,39.772872,-104.7960135,11/3/2017 13:14,13:14,3,0,0,40TH AVENUE EAST & AIRPORT WAY NORTH,1,1,0,0,1,1,0,,40,0,0,0,0,0,4,2,13
,2017_63666,39.782385,-104.8507065,11/3/2017 13:15,13:15,10,0,0,47TH AVENUE EAST & OAKLAND STREET NORTH,1,1,0,0,1,1,0,,25,0,0,0,0,0,4,2,13
,2017_63667,39.778929,-104.958261,11/3/2017 13:26,13:26,3,0,0,JOSEPHINE STREET NORTH & 45TH AVENUE EAST,1,1,0,0,1,1,0,,25,0,0,0,0,0,4,2,13
,2017_63668,39.70566,-104.959323,11/3/2017 14:31,14:31,12,0,0,UNIVERSITY BOULEVARD SOUTH & CENTER AVENUE EAST,1,1,0,0,1,4,0,,30,0,0,0,0,0,4,2,16
,2017_63669,39.696687,-104.997942,11/3/2017 14:45,14:45,3,0,0,MISSISSIPPI AVENUE WEST & INCA STREET SOUTH,1,1,0,0,1,1,0,,30,0,0,0,0,0,4,2,14
,2017_63670,39.769335,-105.0520635,11/3/2017 14:46,14:46,3,0,0,ZENOBIA STREET NORTH & 38TH AVENUE WEST,1,1,1,0,1,1,0,,25,0,0,0,0,1,4,2,16
,2017_63671,39.83868479,-104.6719364,11/3/2017 14:55,14:55,6,0,0,PENA BOULEVARD 8400 BLOCK & 80TH AVENUE EAST,1,1,0,0,1,4,0,,,0,0,0,0,0,4,2,8
,2017_63672,39.725847,-104.898843,11/3/2017 16:05,16:05,12,0,0,SIXTH AVENUE 7500 BLOCK EAST & SYRACUSE STREET NORTH,1,1,0,0,1,4,0,,30,0,0,0,0,0,4,2,14
,2017_63673,39.773394,-104.7655935,11/3/2017 16:15,16:15,6,0,0,43RD AVENUE EAST & CATHAY STREET NORTH,1,1,0,0,1,4,0,,25,0,0,0,0,1,4,2,13
,2017_63674,39.669462,-104.9863635,11/3/2017 16:23,16:23,6,0,0,LINCOLN STREET 2600 BLOCK SOUTH & VASSAR AVENUE EAST,1,1,0,0,1,4,0,,,0,0,0,0,0,4,2,13
,2017_63675,39.730716,-104.9819805,11/3/2017 16:40,16:40,6,0,0,LOGAN STREET 900 BLOCK NORTH & 10TH AVENUE EAST,1,1,0,0,1,4,0,,25,0,0,0,0,0,4,2,7
,2017_63676,39.76074,-104.9585715,11/3/2017 17:01,17:01,3,0,0,31ST AVENUE EAST & JOSEPHINE STREET NORTH,1,1,0,0,1,1,0,,30,0,0,0,0,0,4,2,13
,2017_63677,39.718332,-104.987502,11/3/2017 17:36,17:36,10,0,0,BROADWAY STREET NORTH & FIRST AVENUE EAST,1,1,0,0,1,1,0,,30,0,0,0,0,0,4,2,8
,2017_63678,39.738456,-104.9976405,11/3/2017 18:47,18:47,3,0,0,14TH AVENUE WEST & SPEER BOULEVARD NORTH,1,3,0,0,1,1,0,,30,0,0,0,0,0,4,3,8
,2017_63679,39.753189,-104.964714,11/3/2017 19:00,19:00,6,0,0,HIGH STREET NORTH & 25TH AVENUE EAST,1,2,1,0,1,4,0,,25,0,0,0,0,0,4,2,5
,2017_63680,39.796299,-104.847264,11/3/2017 19:30,19:30,3,0,0,55TH AVENUE EAST & PEORIA STREET NORTH,1,2,0,0,1,1,0,,,0,0,0,0,0,4,2,13
,2017_63681,39.781179,-104.8414545,11/3/2017 19:35,19:35,6,0,0,TULSA COURT 4500 BLOCK NORTH & ALBROOK DRIVE EAST,1,3,0,0,1,4,0,,25,0,0,0,0,0,4,2,9
,2017_63682,39.766572,-104.983713,11/3/2017 20:36,20:36,12,0,0,BRIGHTON BOULEVARD & 31ST STREET,1,3,0,0,1,2,1,,,0,0,0,0,0,4,2,13
,2017_63683,39.749445,-104.967162,11/9/2017 9:38,9:38,6,0,0,GILPIN STREET & 22ND AVENUE EAST,1,1,0,0,1,4,0,,25,0,0,0,0,0,4,2,14
,2017_63685,39.74481,-104.9799015,11/4/2017 0:55,0:55,3,0,0,PEARL STREET NORTH & 18TH AVENUE EAST,1,3,1,0,1,1,0,,35,0,0,0,0,0,4,2,14
,2017_63686,39.776553,-105.0486165,11/4/2017 1:22,1:22,6,0,0,44TH AVENUE WEST & WOLFF STREET NORTH,1,3,0,0,1,4,0,,25,0,0,0,0,0,4,2,5
,2017_63687,39.752667,-104.98743,11/4/2017 8:45,8:45,15,0,0,22ND STREET & BROADWAY STREET NORTH,1,1,0,0,1,1,0,,30,0,0,0,0,0,4,2,13
,2017_63688,39.75669,-104.9998815,11/4/2017 9:25,9:25,6,0,0,2000 BLOCK 19TH STREET & CHESTNUT STREET,1,1,0,0,1,4,0,,30,0,0,0,0,0,4,2,13
,2017_63689,39.73686453,-104.9573738,11/4/2017 9:41,9:41,6,0,0,COLUMBINE STREET 1300 BLOCK NORTH & 13TH AVENUE EAST,1,4,0,0,1,4,0,,,0,0,0,0,0,4,2,13
,2017_63690,39.711141,-104.9863905,11/4/2017 10:10,10:10,12,0,0,ALAMEDA AVENUE EAST & LINCOLN STREET SOUTH,1,1,0,0,1,1,0,,30,0,0,0,0,0,4,2,13
,2017_63691,39.711141,-104.9863905,11/4/2017 10:10,10:10,12,0,0,ALAMEDA AVENUE EAST & LINCOLN STREET SOUTH,1,1,0,0,1,1,0,,30,0,0,0,0,0,4,2,13
,2017_63692,39.685698,-104.9316705,11/4/2017 10:27,10:27,1,0,0,MEXICO AVENUE EAST & DAHLIA STREET SOUTH,1,1,0,0,1,1,0,,25,0,0,0,0,0,4,2,13
,2017_63693,39.663324,-105.0672915,11/13/2017 13:00,13:00,13,0,0,LAMAR STREET SOUTH & BROWN PLACE WEST,1,1,0,0,1,4,0,,20,0,0,0,0,1,4,2,1
,2017_63694,39.752757,-104.9875515,11/4/2017 13:21,13:21,12,0,0,22ND STREET 1000 BLOCK & CURTIS STREET,1,1,0,0,1,4,0,,30,0,0,0,0,0,4,3,13
,2017_63695,39.678435,-104.912892,11/4/2017 13:45,13:45,3,0,0,EVANS AVENUE EAST & MONACO STREET SOUTH,1,1,0,0,1,2,0,,40,0,0,0,0,0,4,2,13
,2017_63697,39.75121029,-104.999951,11/4/2017 14:22,14:22,6,0,0,WAZEE STREET 1600 BLOCK & 16TH STREET,1,1,0,6,1,4,0,,,0,0,0,0,0,4,2,13
,2017_63698,39.71124,-105.0238305,11/4/2017 15:00,15:00,6,0,0,ELIOT STREET SOUTH & ALAMEDA AVENUE WEST,1,1,0,0,1,4,0,,25,0,0,0,0,0,4,2,13
,2017_63699,39.798396,-104.786415,11/4/2017 15:37,15:37,3,0,0,56TH AVENUE EAST & PENA BOULEVARD INBOUND,1,1,0,0,1,1,0,,40,0,0,0,0,0,4,2,13
,2017_63700,39.733623,-104.9941215,11/5/2017 15:27,15:27,3,0,0,SPEER BOULEVARD & 11TH AVENUE WEST,1,1,0,0,1,1,0,,,0,0,0,0,0,4,2,13
,2017_63701,39.725667,-104.99283,11/4/2017 15:38,15:38,3,0,0,SIXTH AVENUE WEST & DELAWARE STREET NORTH,1,1,0,0,1,1,0,,35,0,0,0,0,0,4,2,13
,2017_63702,39.75498,-104.995143,11/4/2017 16:23,16:23,14,0,0,20TH STREET 1600 BLOCK & WAZEE STREET,1,1,1,0,1,4,0,,30,0,0,0,0,0,4,2,13
,2017_63703,39.718179,-104.959314,11/4/2017 18:15,18:15,15,0,0,FIRST AVENUE EAST & UNIVERSITY BOULEVARD NORTH,1,3,0,0,1,4,0,,30,0,0,0,0,0,4,2,13
,2017_63704,39.787425,-105.034563,11/4/2017 19:06,19:06,15,0,0,50TH AVENUE WEST & LOWELL BOULEVARD NORTH,1,3,0,0,1,1,0,,35,0,0,0,0,0,4,2,7
,2017_63705,39.743226,-104.9721525,11/4/2017 20:14,20:14,6,0,0,MARION STREET NORTH & 17TH AVENUE EAST,1,3,0,0,1,4,0,,25,0,0,0,0,0,4,2,1
,2017_63706,39.680298,-104.987583,11/4/2017 20:29,20:29,6,0,0,ASBURY AVENUE EAST & 5424 ASBURY AVENUE EAST,1,3,0,0,1,4,0,,25,0,0,0,0,0,4,2,3
,2017_63707,39.74598,-104.9980725,11/4/2017 22:52,22:52,15,0,0,14TH STREET 1000 BLOCK & ARAPAHOE STREET,1,3,0,0,1,3,0,,30,0,0,0,0,0,4,2,1
,2017_63708,39.75332175,-104.995428,11/4/2017 23:16,23:16,12,0,0,BLAKE STREET 1900 BLOCK & 20TH STREET,1,3,1,0,1,4,0,,30,0,0,0,0,0,4,2,5
,2017_63709,39.73844308,-104.9741084,11/5/2017 0:10,0:10,12,0,0,CORONA STREET 1400 BLOCK NORTH & CORONA STREET,1,3,0,0,1,1,0,,25,0,0,0,0,0,4,2,13
,2017_63710,39.722535,-104.987502,11/5/2017 0:50,0:50,3,0,0,FOURTH STREET WEST & BROADWAY STREET NORTH,1,3,0,0,1,1,0,,30,0,0,0,0,0,4,2,13
,2017_63711,39.736845,-104.9987115,11/5/2017 1:08,1:08,5,0,0,SANTA FE DRIVE NORTH & 13TH AVENUE WEST,1,3,0,0,1,3,0,,25,0,0,0,0,0,4,1,5
,2017_63712,39.749265,-104.913972,11/22/2017 16:06,16:06,6,0,0,LOCUST STREET & 22ND AVENUE EAST,1,3,0,0,1,4,0,,,0,0,0,0,0,4,2,13
,2017_63713,39.752946,-104.992614,11/5/2017 1:20,1:20,12,0,0,20TH STREET & LARIMER STREET,1,3,0,0,1,1,0,,30,0,0,0,0,0,4,2,13
,2017_63714,39.751335,-104.9929605,11/5/2017 1:22,1:22,10,0,0,19TH STREET & LAWRENCE STREET,1,3,0,0,1,1,0,,25,0,0,0,0,0,4,2,13
,2017_63715,39.793131,-104.882967,11/7/2017 17:45,17:45,6,0,0,52ND AVENUE & 4703 WEST 52ND AVENUE,5,3,1,2,2,2,0,,35,0,0,0,0,0,4,2,13
,2017_63716,39.716532,-104.9862825,11/5/2017 1:35,1:35,12,0,0,ELLSWORTH AVENUE EAST & LINCOLN STREET NORTH,1,3,0,0,1,4,0,,25,0,0,0,0,0,4,2,5
,2017_63717,39.67402196,-104.9594005,11/5/2017 1:36,1:36,5,0,0,UNIVERSITY BOULEVARD SOUTH & 1600 BLOCK SOUTH,1,3,0,0,3,4,0,,35,0,0,0,0,0,4,1,14
,2017_63718,39.75444,-104.9499135,11/5/2017 1:43,1:43,5,0,1,26TH AVENUE EAST & STEELE STREET NORTH,1,3,0,0,3,4,0,,30,0,0,0,0,2,4,1,5
,2017_63719,39.781197,-104.8356225,11/5/2017 7:10,7:10,5,0,0,CROWN BOULEVARD & AUCKLAND COURT NORTH,1,1,0,0,3,4,0,,30,0,0,0,0,0,4,3,5
,2017_63720,39.844602,-104.6809395,11/5/2017 7:32,7:32,5,0,0,PENA BOULEVARD INBOUND & 6000 BLOCK,1,1,1,0,2,4,0,,65,0,0,0,0,0,4,1,13
,2017_63721,39.66408,-105.043563,11/5/2017 8:25,8:25,6,0,0,RALEIGH STREET SOUTH & AMHERST AVENUE WEST,1,1,1,0,1,4,0,,25,0,0,0,0,0,4,2,13
,2017_63722,39.749994,-105.0346035,11/5/2017 8:34,8:34,3,0,0,22ND AVENUE WEST & LOWELL BOULEVARD NORTH,1,1,1,0,1,1,0,,30,0,0,0,0,0,4,2,16
,2017_63723,39.698388,-104.959332,11/5/2017 10:13,10:13,12,0,0,UNIVERSITY BOULEVARD SOUTH & TENNESSEE AVENUE EAST,1,1,0,0,1,1,0,,30,0,0,0,0,0,4,3,16
,2017_63724,39.751542,-104.9874255,11/5/2017 10:44,10:44,15,0,0,CHAMPA STREET & BROADWAY STREET NORTH,1,1,0,0,1,1,0,,30,0,0,0,0,0,4,2,13
,2017_63725,39.726594,-104.987412,11/5/2017 11:34,11:34,3,0,2,SPEER BOULEVARD & BROADWAY NORTH,1,1,0,0,1,1,0,,30,0,0,0,0,2,4,3,3
,2017_63726,39.74015546,-104.9491507,11/5/2017 13:30,13:30,3,0,0,SECOND AVENUE & STEELE / ADAMS STREET NORTH ALLEY,1,1,0,0,1,5,0,,25,0,0,0,0,0,4,2,13
,2017_63727,39.769335,-105.0520635,11/5/2017 15:14,15:14,3,0,0,38TH AVENUE WEST & ZENOBIA STREET NORTH,1,1,0,0,1,5,0,,25,0,0,0,0,0,4,2,3
,2017_63728,39.73686833,-104.9711579,11/5/2017 15:15,15:15,12,0,0,13TH AVENUE & 2000 BLOCK EAST,1,1,0,0,1,4,0,,30,0,0,0,0,0,4,3,13
,2017_63729,39.736827,-104.964723,11/5/2017 16:05,16:05,6,0,0,13TH AVENUE & HIGH STREET NORTH,1,1,0,0,1,4,0,,30,0,0,0,0,0,4,2,13
,2017_63730,39.759192,-104.9862105,11/5/2017 16:56,16:56,15,0,0,26TH STREET & WALNUT STREET,1,2,0,0,1,4,0,,30,0,0,0,0,0,4,2,13
,2017_63731,39.65175,-105.053202,11/5/2017 17:29,17:29,12,0,0,HAMPDEN AVENUE WEST SOUTH FRTG ROAD NOT CDOT & SHERIDAN BOULEVARD SOUTH,1,2,0,0,1,4,0,,30,0,0,0,0,0,4,2,7
,2017_63732,39.745431,-104.9901075,11/5/2017 20:45,20:45,3,0,0,17TH STREET & WELTON STREET,1,3,0,0,1,1,0,,30,0,0,0,0,1,4,2,16
,2017_63733,39.749994,-104.991156,11/5/2017 23:17,23:17,3,0,0,19TH STREET & CURTIS STREET,1,3,0,0,1,1,0,,30,0,0,0,0,0,4,2,12
,2017_63734,39.798063,-104.83074,11/6/2017 5:36,5:36,5,0,0,56TH AVENUE 13600 BLOCK WEST & WORCHESTER STREET NORTH,5,2,0,4,3,4,0,,40,0,0,0,0,0,4,1,13
,2017_63735,39.722535,-104.9862825,11/6/2017 6:55,6:55,3,0,0,LINCOLN STREET NORTH & FOURTH AVENUE EAST,1,1,0,4,1,1,0,,25,0,0,0,0,0,4,2,3
,2017_63736,39.761838,-104.922261,11/6/2017 7:00,7:00,1,0,0,MLK BOULEVARD EAST & HOLLY STREET NORTH,1,1,0,0,1,1,0,,35,0,0,0,0,1,4,2,4
,2017_63737,39.7115235,-104.9064233,11/6/2017 16:38,16:38,6,0,0,OLIVE STREET & 2101 NORTH OLIVE STREET,1,1,0,0,1,3,0,,25,0,0,0,0,0,4,2,14
,2017_63738,39.631356,-104.8923,11/6/2017 8:19,8:19,12,0,0,DTC BOULEVARD SOUTH & UNION AVENUE EAST,1,1,0,0,1,1,0,,35,0,0,0,0,1,4,2,16