id,drcog_id,latitude,longitude,crashtime,time,crashtype,numbkilled,numbinjurd,drcoglocat,rdconditin,lightngcon,roadcntgrd,weatherco,location,roaddescrp,constrzone,schoolzone,splimit,bikeinv,pedinv,sctrinv,motoinv,svrty,rdsystem,ttlvehcls,hcf
,2017_63739,39.743766,-104.8846725,11/6/2017 8:50,8:50,12,0,0,17TH AVENUE 8800 BLOCK EAST & YOSEMITE STREET NORTH,1,1,0,0,1,4,0,,30,0,0,0,0,0,4,3,1
,2017_63740,39.711366,-104.912964,11/6/2017 10:15,10:15,6,0,0,MONACO STREET SOUTH & ALAMEDA AVENUE EAST,1,1,0,0,1,4,0,,35,0,0,0,0,0,4,2,13
,2017_63742,39.682062,-104.990994,11/6/2017 10:20,10:20,6,0,0,CHEROKEE STREET & JEWELL AVENUE WEST,1,1,0,0,1,2,0,,25,0,0,0,0,0,4,2,13
,2017_63743,39.788973,-104.9782815,11/6/2017 10:35,10:35,12,0,0,51ST AVENUE 600 BLOCK EAST & WASHINGTON STREET NORTH,1,1,0,0,1,4,0,,25,0,0,0,0,1,4,2,13
,2017_63744,39.744468,-105.0000435,11/6/2017 12:00,12:00,6,0,0,SPEER BOULEVARD & ARAPAHOE STREET,1,1,0,0,1,4,0,,25,0,0,0,0,0,4,2,13
,2017_63745,39.752946,-104.992614,11/6/2017 13:00,13:00,3,0,0,20TH STREET & LARIMER STREET,1,1,0,0,1,1,0,,30,0,0,0,0,0,4,2,3
,2017_63746,39.74338976,-104.9873882,11/6/2017 13:45,13:45,5,0,0,17TH STREET & 410 17TH STREET,1,1,0,0,3,2,0,,30,0,0,0,0,0,4,1,13
,2017_63747,39.732084,-105.000174,11/6/2017 14:35,14:35,3,0,0,10TH AVENUE WEST & KALAMATH STREET NORTH,1,1,0,0,1,1,0,,25,0,0,0,0,1,4,2,13
,2017_63748,39.79031092,-104.875953,11/6/2017 14:48,14:48,14,0,0,DALLAS STREET & 4900 BLOCK NORTH,1,1,1,0,1,2,0,,30,0,0,0,0,0,4,3,14
,2017_63749,39.708945,-105.046083,11/6/2017 15:46,15:46,6,0,0,ALASKA PLACE WEST & UTICA STREET SOUTH,1,1,1,0,1,4,0,,25,0,0,0,0,0,4,2,1
,2017_63750,39.747375,-104.933943,11/6/2017 16:20,16:20,12,0,0,MONTVIEW BOULEVARD & CHERRY STREET NORTH,1,1,0,0,1,1,0,,35,0,0,0,0,0,4,2,13
,2017_63751,39.733623,-104.9941215,11/6/2017 16:20,16:20,15,0,0,11TH AVENUE WEST & SPEER BOULEVARD NORTH,1,1,0,0,1,4,0,,30,0,0,0,0,0,4,2,1
,2017_63752,39.775338,-105.0204915,11/6/2017 17:00,17:00,3,0,0,43RD AVENUE WEST & CLAY STREET NORTH,1,1,0,0,1,1,0,,25,0,0,0,0,1,4,2,13
,2017_63753,39.718026,-104.9522265,11/6/2017 17:00,17:00,1,0,0,FIRST AVENUE EAST & MILWAUKEE STREET NORTH,1,3,0,0,1,1,0,,30,0,0,0,0,0,4,2,13
,2017_63754,39.656511,-104.912991,11/6/2017 17:18,17:18,15,0,0,MONACO STREET SOUTH & FLOYD AVENUE EAST,1,2,0,0,1,4,0,,35,0,0,0,0,0,4,2,13
,2017_63755,39.730518,-105.000174,11/6/2017 17:39,17:39,3,0,0,NINTH AVENUE WEST & KALAMATH STREET NORTH,1,1,1,0,1,1,0,,25,0,0,0,0,1,4,2,13
,2017_63756,39.698523,-104.903541,11/6/2017 18:19,18:19,15,0,0,QUEBEC STREET SOUTH & LEETSDALE DRIVE,1,4,0,0,1,4,0,,,0,0,0,0,0,4,2,13
,2017_63757,39.778902,-104.9498505,11/6/2017 18:20,18:20,3,0,0,45TH AVENUE EAST & STEELE STREET NORTH,1,3,0,0,1,1,0,,35,0,0,0,0,0,4,2,8
,2017_63758,39.727269,-104.979951,11/6/2017 18:40,18:40,3,0,0,SEVENTH AVENUE EAST & PEARL STREET NORTH,1,2,0,0,1,1,0,,25,0,0,0,0,1,4,2,7
,2017_63759,39.732084,-105.000174,11/6/2017 20:11,20:11,3,0,0,10TH AVENUE WEST & KALAMATH STREET NORTH,1,3,0,0,1,1,0,,30,0,0,0,0,0,4,2,8
,2017_63760,39.702231,-105.0324435,11/6/2017 21:10,21:10,6,0,0,OHIO AVENUE WEST & KNOX COURT SOUTH,1,3,0,0,1,4,0,,,0,0,0,0,0,4,3,13
,2017_63761,39.74912639,-104.891606,11/7/2017 0:23,0:23,5,0,0,22ND AVENUE 8300 BLOCK EAST & VERBENA STREET NORTH,2,3,0,1,3,1,0,,35,0,0,0,0,0,4,1,13
,2017_63762,39.793437,-104.9015115,11/7/2017 4:10,4:10,3,0,0,53RD PLACE EAST & ROSLYN STREET NORTH,9,3,0,4,1,1,0,,25,0,0,0,0,1,4,2,13
,2017_63763,39.736872,-104.970681,11/7/2017 5:40,5:40,3,0,0,13TH AVENUE EAST & LAFAYETTE STREET NORTH,2,4,0,1,1,1,0,,25,0,0,0,0,0,4,3,5
,2017_63764,39.680253,-104.9579325,11/7/2017 7:18,7:18,6,0,0,ASBURY AVENUE 2300 BLOCK EAST & JOSEPHINE STREET SOUTH,9,1,0,2,1,5,0,,25,0,0,0,0,1,4,2,14
,2017_63765,39.691422,-104.912901,11/7/2017 7:47,7:47,5,0,0,MONACO STREET 1300 BLOCK SOUTH & CHERRY CREEK NORTH DRIVE EAST,5,1,0,0,3,4,0,,35,0,0,0,0,0,4,1,13
,2017_63767,39.71115,-104.982795,11/7/2017 7:56,7:56,3,0,0,ALAMEDA AVENUE EAST & LOGAN STREET SOUTH,2,1,0,1,1,1,0,,30,0,0,0,0,0,4,2,13
,2017_63769,39.752928,-104.980473,11/7/2017 8:06,8:06,3,0,0,25TH STREET & WELTON STREET,1,1,0,0,1,1,0,,25,0,0,0,0,0,4,2,13
,2017_63770,39.722544,-104.983812,11/7/2017 8:30,8:30,3,0,0,FOURTH AVENUE 200 BLOCK EAST & GRANT STREET NORTH,1,1,0,0,1,5,0,,15,0,0,0,0,0,4,2,1
,2017_63771,39.691422,-104.912901,11/7/2017 8:48,8:48,12,0,0,MONACO STREET 1300 BLOCK SOUTH & CHERRY CREEK NORTH DRIVE EAST,5,1,0,0,1,4,0,,35,0,0,0,0,0,4,2,13
,2017_63772,39.722616,-104.982624,11/7/2017 8:53,8:53,12,0,0,SPEER BOULEVARD 300 BLOCK EAST & LOGAN STREET NORTH,1,1,0,0,1,4,0,,35,0,0,0,0,0,4,2,16
,2017_63773,39.750192,-105.0047415,11/7/2017 9:35,9:35,12,0,0,SPEER BOULEVARD 1700 BLOCK WEST & WEWATTA STREET,1,1,0,0,1,4,0,,35,0,0,0,0,0,4,2,13
,2017_63774,39.725622,-104.978754,11/7/2017 9:52,9:52,3,0,0,SIXTH AVENUE 600 BLOCK EAST & WASHINGTON STREET NORTH,2,1,0,0,1,5,0,,25,0,0,0,0,0,4,2,13
,2017_63775,39.738375,-104.964741,11/7/2017 10:09,10:09,6,0,0,HIGH STREET & 14TH AVENUE EAST,1,1,0,0,1,4,0,,25,0,0,0,0,0,4,2,3
,2017_63776,39.774744,-105.0439725,11/7/2017 10:13,10:13,6,0,0,TENNYSON STREET NORTH & 43RD AVENUE WEST,2,1,0,0,1,4,0,,30,0,0,0,0,0,4,2,1
,2017_63777,39.73509338,-104.9597741,11/7/2017 11:15,11:15,6,0,0,YORK STREET 1200 BLOCK NORTH & 13TH AVENUE EAST,1,1,0,0,1,4,0,,30,0,0,0,0,0,4,2,13
,2017_63778,39.75309,-104.9976225,11/7/2017 12:20,12:20,6,0,0,WAZEE STREET & 18TH STREET,1,1,0,1,1,1,0,,35,0,0,0,0,0,4,2,7
,2017_63779,39.83338151,-104.771988,12/8/2017 15:20,15:20,5,0,0,PENA BOULEVARD 7500 BLOCK & TOWER ROAD NORTH,1,1,0,0,3,4,0,,65,0,0,0,0,0,4,1,2
,2017_63780,39.78655642,-104.8019377,11/7/2017 12:33,12:33,6,0,0,KITTREDGE STREET 5100 BLOCK NORTH & 53RD AVENUE EAST,1,1,0,0,1,2,0,,25,0,0,0,0,0,4,2,1
,2017_63781,39.719412,-104.952222,11/7/2017 15:10,15:10,15,0,0,MILWAUKEE STREET NORTH & SECOND AVENUE EAST,2,5,0,1,1,4,0,,25,0,0,0,0,0,4,2,13
,2017_63782,39.733713,-104.970654,11/9/2017 10:35,10:35,6,0,0,11TH AVENUE EAST & LAFAYETTE STREET NORTH,1,1,0,0,1,4,0,,25,0,0,0,0,0,4,2,13
,2017_63783,39.774636,-104.7720825,11/7/2017 16:00,16:00,15,0,0,TOWER ROAD NORTH & 43RD AVENUE EAST,2,2,0,1,1,4,0,,40,0,0,0,0,0,4,2,13
,2017_63784,39.728934,-104.9906115,11/7/2017 16:05,16:05,15,0,0,SPEER BOULEVARD & EIGHTH AVENUE WEST,2,1,0,2,1,4,0,,35,0,0,0,0,0,4,2,13
,2017_63785,39.748779,-105.0346305,11/7/2017 16:10,16:10,3,0,0,21ST AVENUE WEST & LOWELL BOULEVARD NORTH,2,1,0,7,1,1,0,,25,0,0,0,0,0,4,2,16
,2017_63786,39.704013,-105.0298335,11/7/2017 16:30,16:30,12,0,0,IRVING STREET SOUTH & EXPOSITION AVENUE WEST,2,3,0,1,1,3,0,,30,0,0,0,0,0,4,2,1
,2017_63787,39.759876,-104.890752,11/7/2017 17:10,17:10,3,0,0,MLK BOULEVARD EAST & CENTRAL PARK BOULEVARD NORTH,2,2,0,0,1,3,0,,35,0,0,0,0,0,4,2,1
,2017_63788,39.738348,-104.950584,11/7/2017 17:27,17:27,3,0,0,SAINT PAUL STREET NORTH & 14TH AVENUE EAST,2,3,0,1,1,1,0,,25,0,0,0,0,0,4,2,13
,2017_63789,39.64761,-104.92272,11/7/2017 17:28,17:28,3,0,0,HOLLY STREET SOUTH & MANSFIELD AVENUE EAST,2,3,0,2,1,1,0,,20,0,0,0,0,1,4,2,14
,2017_63790,39.781935,-104.9551335,11/7/2017 17:30,17:30,6,0,0,47TH AVENUE EAST & THOMPSON COURT NORTH,2,3,0,0,1,4,0,,25,0,0,0,0,0,4,2,13
,2017_63791,39.761964,-104.903451,11/7/2017 18:07,18:07,10,0,1,QUEBEC STREET NORTH & MLK BOULEVARD,2,3,0,0,1,1,0,,35,0,0,0,0,2,4,2,13
,2017_63792,39.695769,-105.008715,11/7/2017 19:36,19:36,15,0,0,MOSIER PLACE 1700 BLOCK WEST & RARITAN STREET SOUTH,2,3,0,2,1,4,0,,25,0,0,0,0,0,4,2,14
,2017_63793,39.755187,-104.9809815,11/7/2017 21:19,21:19,3,0,0,26TH STREET & STOUT STREET,2,3,0,0,1,1,0,,25,0,0,0,0,1,4,3,3
,2017_63794,39.671208,-104.960583,11/8/2017 2:30,2:30,14,0,0,YORK STREET SOUTH & HARVARD AVENUE EAST,8,4,0,2,1,1,0,,30,0,0,0,0,1,4,2,13
,2017_63795,39.711159,-104.9900175,11/8/2017 7:49,7:49,1,0,0,ALAMEDA AVENUE WEST & BANNOCK STREET SOUTH,1,1,0,0,1,1,0,,35,0,0,0,0,0,4,3,13
,2017_63796,39.722517,-104.990832,11/8/2017 7:52,7:52,3,0,0,FOURTH STREET WEST & BANNOCK STREET NORTH,1,1,0,0,1,1,0,,25,0,0,0,0,1,4,2,1
,2017_63797,39.714651,-104.949972,11/8/2017 7:52,7:52,12,0,0,STEELE STREET SOUTH & BAYAUD AVENUE EAST,1,1,0,0,1,1,0,,30,0,0,0,0,0,4,3,8
,2017_63798,39.72393,-104.8839413,11/8/2017 8:05,8:05,15,0,0,YOSEMITE STREET NORTH & LOWRY BOULEVARD EAST ROUNDABOUT,2,1,0,0,1,6,0,,25,0,0,0,0,0,4,2,13
,2017_63799,39.667464,-104.931603,11/8/2017 8:16,8:16,15,0,0,YALE AVENUE EAST & DAHLIA STREET SOUTH,1,1,0,0,1,4,0,,35,0,0,0,0,0,4,2,13
,2017_63800,39.689334,-104.903604,11/8/2017 9:57,9:57,3,0,0,QUEBEC STREET SOUTH & FLORIDA AVENUE EAST,1,1,0,0,1,1,0,,25,0,0,0,0,0,4,2,1
,2017_63801,39.736863,-104.996484,11/8/2017 11:03,11:03,15,0,0,SPEER BOULEVARD NORTH & 13TH AVENUE WEST,1,1,0,0,1,4,0,,35,0,0,0,0,0,4,2,13
,2017_63802,39.716523,-104.9757525,11/14/2017 8:43,8:43,6,0,0,OGDEN STREET NORTH & ELLSWORTH AVENUE EAST,1,1,0,0,1,4,0,,,0,0,0,0,0,4,2,13
,2017_63803,39.758409,-105.0158835,11/8/2017 11:34,11:34,3,0,0,ZUNI STREET NORTH & 29TH AVENUE WEST,1,1,1,0,1,1,0,,30,0,0,0,0,0,4,2,13
,2017_63804,39.793455,-104.816034,11/8/2017 13:00,13:00,5,0,0,DEARBORN STREET 5500 BLOCK NORTH & MAXWELL PLACE EAST,1,1,0,0,3,4,0,,20,0,0,0,0,0,4,1,4
,2017_63805,39.674853,-105.0017535,11/8/2017 13:28,13:28,3,0,1,LIPAN STREET SOUTH & ILIFF AVENUE WEST,1,1,0,0,1,2,0,,25,0,0,0,0,2,4,2,7
,2017_63806,39.834405,-104.715504,11/8/2017 13:58,13:58,12,0,0,PENA BOULEVARD 7400 BLOCK & GUN CLUB ROAD NORTH,1,1,0,0,1,4,0,,65,0,0,0,0,1,4,2,7
,2017_63807,39.691296,-105.02973,11/25/2017 8:10,8:10,3,0,0,ARKANSAS AVENUE WEST & IRVING STREET SOUTH,1,5,0,0,1,1,0,,,0,0,0,0,1,4,3,13
,2017_63808,39.720933,-105.000192,11/8/2017 14:15,14:15,10,0,0,THIRD AVENUE 900 BLOCK WEST & KALAMATH STREET NORTH,1,1,0,0,1,5,0,,30,0,0,0,0,0,4,2,13
,2017_63809,39.631356,-104.8923,11/8/2017 14:39,14:39,1,0,0,DTC BOULEVARD SOUTH & UNION AVENUE EAST,1,1,1,0,1,1,0,,35,0,0,0,0,0,4,2,13
,2017_63810,39.732093,-105.001614,11/8/2017 15:01,15:01,3,0,0,LIPAN STREET NORTH & 10TH AVENUE WEST,1,1,1,0,1,1,0,,25,0,0,0,0,0,4,2,13
,2017_63811,39.678435,-104.9187915,11/8/2017 15:06,15:06,15,0,0,EVANS AVENUE EAST & JASMINE STREET SOUTH,1,1,0,0,1,4,0,,35,0,0,0,0,0,4,2,1
,2017_63812,39.729249,-104.919453,11/8/2017 15:21,15:21,3,0,0,EIGHTH AVENUE EAST & JERSEY STREET NORTH,1,1,0,0,1,1,0,,30,0,0,0,0,0,4,2,1
,2017_63813,39.678489,-104.9687415,11/8/2017 15:36,15:36,15,0,0,EVANS AVENUE EAST & FRANKLIN STREET SOUTH,1,1,0,0,1,4,0,,30,0,0,0,0,0,4,2,1
,2017_63814,39.751929,-104.9598,11/8/2017 15:39,15:39,12,0,0,YORK STREET NORTH & 24TH AVENUE EAST,1,1,0,0,1,1,0,,30,0,0,0,0,1,4,3,3
,2017_63815,39.667626,-104.908572,11/8/2017 15:47,15:47,12,0,0,NORMAN COURT SOUTH & YALE AVENUE EAST,1,1,0,0,1,1,0,,35,0,0,0,0,0,4,2,3
,2017_63816,39.667626,-104.908572,11/8/2017 16:07,16:07,12,0,0,YALE AVENUE EAST & NORMAN COURT SOUTH,1,1,0,0,1,1,0,,35,0,0,0,0,0,4,2,4
,2017_63817,39.759489,-104.9876505,11/8/2017 16:23,16:23,5,0,0,BLAKE STREET & BROADWAY NORTH,1,2,0,0,3,1,0,,30,0,0,0,0,1,4,1,13
,2017_63818,39.703833,-104.9407425,11/8/2017 16:24,16:24,1,0,0,EXPOSITION AVENUE 3900 BLOCK EAST & COLORADO BOULEVARD SOUTH,1,1,0,0,1,2,0,,30,0,0,0,0,0,4,2,13
,2017_63819,39.75279248,-104.9996582,11/29/2017 11:20,11:20,6,0,0,WYNKOOP STREET 1700 BLOCK & 18TH STREET,1,1,0,0,1,4,0,,,0,0,0,0,0,4,2,13
,2017_63820,39.722508,-104.99634,11/8/2017 16:51,16:51,3,0,0,GALAPAGO STREET NORTH & FOURTH AVENUE WEST,1,2,0,0,1,1,0,,30,0,0,0,0,0,4,2,3
,2017_63821,39.749193,-104.997402,11/12/2017 1:00,1:00,15,0,0,16TH STREET & LARIMER STREET,1,3,0,0,1,4,0,,30,0,0,0,0,0,4,2,13
,2017_63822,39.771063,-104.8470435,11/8/2017 16:59,16:59,10,0,0,39TH AVENUE 12100 BLOCK EAST & PEORIA STREET NORTH,1,3,0,0,1,4,0,,30,0,0,0,0,0,4,2,13
,2017_63823,39.703887,-104.912964,11/8/2017 17:14,17:14,15,0,0,MONACO STREET SOUTH & EXPOSITION AVENUE EAST,1,3,0,0,1,4,0,,30,0,0,0,0,0,4,2,13
,2017_63824,39.741669,-104.9848245,11/8/2017 17:23,17:23,12,0,0,16TH AVENUE EAST & SHERMAN STREET NORTH,1,3,0,0,1,1,0,,25,0,0,0,0,0,4,2,1
,2017_63825,39.659967,-105.0491025,11/8/2017 18:00,18:00,6,0,0,WOLFF STREET SOUTH & CORNELL AVENUE WEST,1,1,0,0,1,4,0,,,0,0,0,0,0,4,2,13
,2017_63826,39.798126,-104.838741,11/8/2017 18:08,18:08,12,0,0,56TH AVENUE 1 & TUCSON STREET NORTH,1,3,0,0,1,4,0,,40,0,0,0,0,0,4,2,2
,2017_63827,39.798126,-104.838741,11/8/2017 18:08,18:08,12,0,0,56TH AVENUE 1 & TUCSON STREET NORTH,1,3,0,0,1,4,0,,40,0,0,0,0,0,4,4,7
,2017_63828,39.698388,-104.9605605,11/8/2017 18:10,18:10,1,0,0,TENNESSEE AVENUE 2300 BLOCK EAST & YORK STREET SOUTH,1,4,0,0,1,3,0,,25,0,0,0,0,0,4,2,1
,2017_63830,39.759579,-105.0017805,11/8/2017 19:43,19:43,12,0,0,20TH STREET 2000 BLOCK & LITTLE RAVEN STREET,1,3,1,0,1,4,0,,30,0,0,0,0,0,4,2,13
,2017_63831,39.75633,-105.015852,11/9/2017 0:00,0:00,15,0,0,ZUNI STREET NORTH & SPEER BOULEVARD NORTH,1,1,0,0,1,3,0,,30,0,0,0,0,0,4,2,5
,2017_63832,39.711114,-104.980383,11/9/2017 6:50,6:50,12,0,0,ALAMEDA AVENUE 600 BLOCK EAST & PEARL STREET SOUTH,1,1,0,0,1,4,0,,30,0,0,0,0,0,4,2,16
,2017_63833,39.682287,-105.053202,11/9/2017 7:40,7:40,12,0,0,JEWELL AVENUE 5100 BLOCK EAST & SHERIDAN BOULEVARD SOUTH,1,1,0,0,1,4,0,,30,0,0,0,0,0,4,2,13
,2017_63834,39.696732,-105.043707,11/9/2017 7:50,7:50,3,0,0,TENNYSON STREET SOUTH & MISSISSIPPI AVENUE WEST,1,1,0,0,1,1,0,,25,0,0,0,0,0,4,2,3
,2017_63835,39.748878,-104.987448,11/13/2017 16:40,16:40,15,0,0,20TH STREET & BROADWAY STREET NORTH,1,1,0,0,1,1,0,,,0,0,0,0,0,4,2,13
,2017_63836,39.678435,-104.9234265,11/9/2017 8:11,8:11,12,0,0,EVANS AVENUE EAST & HUDSON STREET SOUTH,1,1,0,0,1,1,0,,35,0,0,0,0,0,4,2,13
,2017_63837,39.69202968,-104.960583,11/9/2017 8:15,8:15,12,0,0,YORK STREET SOUTH & 4000 BLOCK NORTH,1,1,0,0,1,4,0,,30,0,0,0,0,0,4,2,3
,2017_63838,39.746187,-104.9861025,11/9/2017 8:18,8:18,10,0,0,19TH AVENUE EAST & LINCOLN STREET NORTH,1,1,0,0,1,1,0,,25,0,0,0,0,0,4,2,14
,2017_63839,39.646251,-104.927364,11/9/2017 8:20,8:20,5,0,1,HUDSON STREET SOUTH & MANSFIELD AVENUE EAST,1,1,0,0,1,1,0,,25,0,0,0,0,2,4,1,13
,2017_63840,39.73842,-104.987394,11/9/2017 8:21,8:21,12,0,0,BROADWAY STREET 1400 & 14TH AVENUE,1,1,0,0,1,4,0,,30,0,0,0,0,0,4,2,16
,2017_63841,39.703869,-104.9863005,11/9/2017 9:03,9:03,5,0,0,EXPOSITION AVENUE 100 BLOCK EAST & LINCOLN STREET SOUTH,1,1,0,0,3,2,0,,30,0,0,0,0,0,4,1,8
,2017_63842,39.696732,-105.043707,11/9/2017 9:10,9:10,3,0,0,MISSISSIPPI AVENUE WEST & TENNYSON STREET SOUTH,1,5,0,0,1,1,0,,25,0,0,0,0,0,4,2,13
,2017_63843,39.711447,-104.9449725,11/9/2017 10:51,10:51,15,0,0,MONROE STREET & ALAMEDA AVENUE EAST,1,1,0,0,1,4,0,,25,0,0,0,0,0,4,2,13
,2017_63844,39.71835,-104.912784,11/9/2017 12:30,12:30,12,0,0,MONACO STREET NORTH & FIRST AVENUE EAST,1,1,0,0,1,3,1,,20,0,0,0,0,0,4,2,14
,2017_63845,39.729105,-104.9636745,11/9/2017 12:30,12:30,12,0,0,EIGHTH AVENUE 2000 BLOCK EAST & RACE STREET NORTH,1,1,0,0,1,4,0,,30,0,0,0,0,0,4,2,13
,2017_63846,39.703851,-104.95935,11/9/2017 12:35,12:35,3,0,0,BONNIE BRAE BOULEVARD SOUTH & UNIVERSITY BOULEVARD SOUTH,1,1,0,0,1,1,0,,30,0,0,0,0,0,4,2,1
,2017_63847,39.725649,-105.005763,11/9/2017 12:52,12:52,15,0,0,SIXTH AVENUE WEST & SEMINOLE STREET NORTH,1,1,1,0,1,4,0,,,0,0,0,0,0,4,2,13
,2017_63848,39.750705,-104.964696,11/9/2017 13:00,13:00,3,0,0,23RD AVENUE & HIGH STREET NORTH,1,1,0,0,1,1,0,,30,0,0,0,0,0,4,2,8
,2017_63849,39.844602,-104.6809395,11/9/2017 13:30,13:30,15,0,0,PENA BOULEVARD 840 BLOCK & 80TH AVENUE EAST,1,1,0,0,1,4,0,,,0,0,0,0,0,4,2,8
,2017_63850,39.778848,-104.9269725,11/9/2017 13:35,13:35,3,0,0,FOREST STREET NORTH & 46TH AVENUE EAST,1,1,0,0,1,1,0,,25,0,0,0,0,0,4,2,12
,2017_63851,39.678435,-104.9251905,11/9/2017 13:49,13:49,15,0,0,EVANS AVENUE 5300 BLOCK EAST & GRAPE STREET SOUTH,1,1,0,0,1,4,0,,35,0,0,0,0,0,4,2,13
,2017_63852,39.736863,-104.981085,11/9/2017 14:36,14:36,3,0,0,13TH AVENUE EAST & PENNSYVANIA STREET NORTH,1,1,0,6,1,1,0,,30,0,0,0,0,0,4,2,8
,2017_63853,39.736863,-104.982336,11/9/2017 15:15,15:15,12,0,0,13TH AVENUE EAST & LOGAN STREET NORTH,1,1,0,0,1,3,0,,30,0,0,0,0,0,4,2,13
,2017_63855,39.661479,-105.062913,11/9/2017 15:57,15:57,10,0,0,IVAN WAY SOUTH & BATES AVENUE WEST,1,1,1,0,1,4,0,,25,0,0,0,0,0,4,2,7
,2017_63856,39.748617,-104.903451,11/9/2017 16:15,16:15,3,0,0,21ST AVENUE EAST & QUEBEC STREET NORTH,1,1,0,0,1,1,0,,25,0,0,0,0,0,4,2,13
,2017_63857,39.694878,-105.0038865,11/12/2017 19:22,19:22,6,0,0,NAVAJO STREET SOUTH & ARIZONA AVENUE WEST,1,3,0,0,1,4,0,,25,0,0,0,0,0,4,3,3
,2017_63858,39.798261,-104.847282,11/9/2017 16:18,16:18,12,0,0,56TH AVENUE EAST & PEORIA STREET NORTH,1,2,1,0,1,4,0,,40,0,0,0,0,1,4,2,13
,2017_63859,39.760731,-104.9683905,11/9/2017 16:28,16:28,12,0,0,FRANKLIN STREET NORTH & 31ST AVENUE EAST,1,3,0,0,1,4,0,,25,0,0,0,0,1,4,2,1
,2017_63860,39.764448,-104.946255,11/9/2017 16:35,16:35,12,0,0,BRUCE RANDOLPH 3400 BLOCK EAST & MADISON STREET NORTH,1,2,0,0,1,4,0,,30,0,0,0,0,0,4,2,2
,2017_63861,39.741642,-104.986134,11/9/2017 16:42,16:42,15,0,0,LINCOLN STREET NORTH & 16TH AVENUE EAST,1,3,0,0,1,3,0,,30,0,0,0,0,0,4,3,13
,2017_63862,39.75075,-104.984946,11/9/2017 16:44,16:44,3,0,0,22ND STREET & CALIFORNIA STREET,1,1,0,0,1,1,0,,25,0,0,0,0,1,4,2,13
,2017_63863,39.678435,-104.9407425,11/9/2017 16:47,16:47,12,0,0,EVANS AVENUE EAST & COLORADO BOULEVARD SOUTH,1,2,0,0,1,4,0,,30,0,0,0,0,0,4,2,12
,2017_63864,39.674835,-104.9594175,11/9/2017 17:03,17:03,14,0,0,UNIVERSITY BL 2300 BLOCK SOUTH & ILIFF AVENUE EAST,1,1,0,0,1,4,0,,30,0,0,0,0,0,4,3,3
,2017_63865,39.762018,-104.959773,11/9/2017 17:13,17:13,15,0,0,YORK STREET NORTH & MLK BOULEVARD EAST,1,3,0,0,1,3,0,,30,0,0,0,0,0,4,3,7
,2017_63866,39.743217,-104.96475,11/9/2017 17:21,17:21,12,0,1,17TH AVENUE 1800 BLOCK EAST & HIGH STREET NORTH,1,3,0,0,1,4,0,,30,0,0,0,0,2,4,3,13
,2017_63867,39.638619,-104.9040945,11/9/2017 17:21,17:21,15,0,0,QUINCY AVENUE 7200 BLOCK EAST & QUEBEC STREET SOUTH,1,3,0,0,1,4,0,,,0,0,0,0,0,4,2,13
,2017_63868,39.713364,-105.039693,11/9/2017 17:25,17:25,5,0,0,CEDAR AVENUE WEST & PERRY STREET / QUITMAN ALLEY SOUTH,1,3,0,0,3,5,0,,25,0,0,0,0,0,4,1,5
,2017_63869,39.790107,-104.8660335,11/9/2017 17:35,17:35,1,0,0,51ST AVENUE EAST & HAVANA STREET NORTH,1,2,1,0,1,1,0,,35,0,0,0,0,0,4,2,3
,2017_63870,39.723705,-104.8837095,11/9/2017 17:47,17:47,10,0,0,LOWRY BOULEVARD EAST ROUNDABOUT & YOSEMITE WAY NORTH,1,3,0,0,1,1,0,,25,0,0,0,0,0,4,2,8
,2017_63871,39.711105,-104.9745645,11/9/2017 18:05,18:05,3,0,0,CORONA STREET SOUTH & ALAMEDA AVENUE EAST,1,3,0,0,1,1,0,,30,0,0,0,0,1,4,2,7
,2017_63872,39.736845,-104.9929335,11/9/2017 18:58,18:58,10,0,0,13TH AVENUE WEST & DELAWARE STREET NORTH,1,3,0,0,1,1,0,,30,0,0,0,0,1,4,2,8
,2017_63873,39.783762,-104.798043,11/9/2017 19:25,19:25,6,0,1,MEMPHIS STREET 4900 BLOCK NORTH & GREEN VALLEY RANCH BOULEVARD EAST,1,4,1,0,1,4,0,,25,0,0,0,0,2,4,2,1
,2017_63874,39.78740365,-105.0051105,11/9/2017 21:00,21:00,6,0,0,OSAGE STREET & 3300 BLOCK NORTH,1,3,0,0,1,4,0,,25,0,0,0,0,0,4,2,14
,2017_63875,39.746187,-104.981085,11/9/2017 22:56,22:56,15,0,0,PENNSYLVANIA & 19TH AVENUE EAST,1,3,0,0,1,4,0,,25,0,0,0,0,0,4,2,13
,2017_63876,39.709296,-104.960556,11/10/2017 8:25,8:25,3,0,0,32ND AVENUE EAST & YORK STREET NORTH,1,1,0,7,1,1,0,,30,0,0,0,0,0,4,2,7
,2017_63877,39.641157,-104.8989915,11/10/2017 8:31,8:31,6,0,0,PRINCETON AVENUE EAST & ROSEMARY WAY SOUTH,1,1,0,0,1,4,0,,,0,0,0,0,0,4,2,13
,2017_63878,39.735621,-104.9034645,11/10/2017 8:45,8:45,12,0,0,QUEBEC STREET NORTH & 12TH AVENUE EAST,1,1,0,0,1,4,0,,30,0,0,0,0,0,4,3,13