id,drcog_id,latitude,longitude,crashtime,time,crashtype,numbkilled,numbinjurd,drcoglocat,rdconditin,lightngcon,roadcntgrd,weatherco,location,roaddescrp,constrzone,schoolzone,splimit,bikeinv,pedinv,sctrinv,motoinv,svrty,rdsystem,ttlvehcls,hcf
,2017_63879,39.75597,-104.900544,11/10/2017 9:20,9:20,3,0,0,28TH AVENUE EAST & ROSLYN SOUTH 2800 BLOCK NORTH,1,1,0,0,1,2,0,,30,0,0,0,0,0,4,2,13
,2017_63880,39.67834274,-104.9626233,11/10/2017 9:57,9:57,12,0,0,EVANS AVENUE 2100 BLOCK EAST & GAYLORD AVENUE SOUTH,1,1,0,0,1,4,0,,35,0,0,0,0,1,4,2,1
,2017_63881,39.711186,-104.997132,11/10/2017 10:25,10:25,15,0,0,SANTA FE DRIVE 300 BLOCK SOUTH & ALAMEDA AVENUE WEST,1,1,1,0,1,4,0,,35,0,0,0,0,0,4,2,13
,2017_63882,39.680316,-104.9734215,11/10/2017 10:32,10:32,12,0,0,ASBURY AVENUE EAST & DOWNING STREET SOUTH,1,1,0,0,1,1,0,,30,0,0,0,0,0,4,2,14
,2017_63883,39.77667,-105.0299055,11/10/2017 12:21,12:21,3,0,0,44TH AVENUE WEST & IRVING STREET NORTH,1,1,0,0,1,1,0,,30,0,0,0,0,0,4,2,1
,2017_63884,39.78252,-104.872095,11/10/2017 12:22,12:22,3,0,0,47TH AVENUE EAST & FLORENCE STREET NORTH,1,1,0,0,1,1,0,,5,0,0,0,0,0,4,2,7
,2017_63885,39.721329,-105.0397155,11/10/2017 12:40,12:40,3,0,0,THIRD AVENUE WEST & PERRY STREET NORTH,1,1,0,0,1,1,0,,25,0,0,0,0,1,4,2,3
,2017_63886,39.738438,-104.983623,11/10/2017 14:03,14:03,15,0,0,14TH AVENUE EAST & GRANT STREET NORTH,1,1,0,0,1,1,0,,30,0,0,0,0,0,4,2,1
,2017_63887,39.772872,-104.7960135,11/10/2017 14:43,14:43,12,0,0,AIRPORT WAY NORTH & 40TH STREET EAST,1,1,1,0,1,4,0,,25,0,0,0,0,0,4,2,9
,2017_63888,39.729267,-104.91048,11/10/2017 14:45,14:45,3,0,0,EIGHTH AVENUE EAST & NIAGARA STREET NORTH,1,1,0,0,1,1,0,,25,0,0,0,0,0,4,2,1
,2017_63889,39.728925,-104.995224,11/10/2017 15:48,15:48,15,0,0,FOX STREET NORTH & EIGHTH AVENUE WEST,1,1,0,0,1,4,0,,25,0,0,0,0,0,4,2,1
,2017_63890,39.77889287,-104.7552804,11/10/2017 16:14,16:14,15,0,0,HIMALAYA ROAD 4600 BLOCK NORTH & 47TH AVENUE EAST,1,1,0,0,1,4,0,,35,0,0,0,0,0,4,2,13
,2017_63891,39.728934,-104.992866,11/10/2017 16:28,16:28,3,0,0,EIGHTH AVENUE WEST & DELAWARE STREET NORTH,1,1,0,0,1,1,0,,30,0,0,0,0,0,4,2,13
,2017_63892,39.714714,-104.973444,11/10/2017 16:29,16:29,12,0,0,DOWNING STREET SOUTH & BAYAUD AVENUE EAST,1,2,0,0,1,4,0,,30,0,0,0,0,0,4,2,12
,2017_63893,39.748446,-105.0033735,11/10/2017 16:40,16:40,10,0,0,AURARIA PARKWAY & SPEER BOULEVARD SOUTH,1,2,0,0,1,1,0,,35,0,0,0,0,0,4,2,1
,2017_63894,39.722517,-104.99859,11/10/2017 16:46,16:46,3,0,0,SANTA FE DRIVE NORTH & FOURTH AVENUE WEST,1,3,0,0,1,1,0,,25,0,0,0,0,0,4,4,8
,2017_63895,39.723903,-105.0186735,11/10/2017 16:52,16:52,15,0,0,FIFTH AVENUE WEST & BRYANT STREET NORTH,1,2,0,0,1,1,0,,25,0,0,0,0,0,4,2,7
,2017_63896,39.689478,-105.0273945,11/10/2017 17:32,17:32,12,0,0,FLORIDA AVENUE WEST & HAZEL COURT SOUTH,1,4,3,0,1,4,0,,25,0,0,0,0,0,4,2,12
,2017_63897,39.711348,-104.9035005,11/10/2017 18:03,18:03,12,0,0,ALAMEDA AVENUE 7300 BLOCK EAST & QUEBEC STREET SOUTH,1,3,0,0,1,4,0,,40,0,0,0,0,0,4,3,13
,2017_63898,39.683979,-104.9828265,11/10/2017 18:10,18:10,12,0,0,LOGAN STREET SOUTH & COLORADO AVENUE EAST,1,3,0,0,1,3,0,,,0,0,0,0,0,4,2,13
,2017_63899,39.708549,-105.0298425,11/10/2017 20:25,20:25,14,0,2,ALASKA PLACE WEST & IRVING STREET SOUTH,1,4,0,0,1,2,0,,25,0,0,0,0,2,4,2,5
,2017_63900,39.73833,-104.9450535,11/10/2017 20:38,20:38,10,0,0,14TH AVENUE EAST & MONROE STREET NORTH,1,3,0,0,1,1,0,,30,0,0,0,0,0,4,2,7
,2017_63901,39.775797,-104.978754,11/10/2017 21:52,21:52,12,0,0,WASHINGTON STREET NORTH & RINGSBY COURT,1,3,0,0,1,1,0,,35,0,0,0,0,1,4,2,13
,2017_63902,39.785382,-104.761872,11/10/2017 22:00,22:00,6,0,0,49TH AVENUE EAST & DUNKIRK STREET NORTH,1,3,0,0,1,4,0,,25,0,0,0,0,0,4,2,7
,2017_63903,39.744837,-104.976144,11/15/2017 8:10,8:10,10,0,0,18TH AVENUE EAST & EMERSON STREET NORTH,1,1,0,0,1,1,0,,30,0,0,0,0,0,4,2,14
,2017_63904,39.743388,-104.91876,11/10/2017 22:01,22:01,3,0,0,17TH AVENUE EAST & JASMINE STREET NORTH,1,3,0,0,1,1,0,,25,0,0,0,0,0,4,2,13
,2017_63905,39.73842,-104.9787315,11/10/2017 22:09,22:09,6,0,0,14TH AVENUE 700 BLOCK EAST & WASHINGTON STREET NORTH,1,3,0,0,1,4,0,,30,0,0,0,0,0,4,2,5
,2017_63906,39.751578,-104.990841,11/10/2017 22:11,22:11,3,0,0,ARAPAHOE STREET & 20TH STREET,1,1,0,0,1,1,0,,30,0,0,0,0,0,4,2,7
,2017_63907,39.689451,-105.0355305,11/10/2017 22:33,22:33,6,0,0,FLORIDA AVENUE WEST & MEADE STREET SOUTH,1,4,0,0,1,1,0,,25,0,0,0,0,0,4,2,3
,2017_63908,39.753612,-104.993451,11/10/2017 22:40,22:40,1,0,0,20TH STREET & MARKET STREET,1,3,0,0,1,1,0,,30,0,0,0,0,0,4,2,13
,2017_63909,39.750192,-105.0047415,11/10/2017 23:02,23:02,12,0,0,WEWATTA STREET & SPEER BOULEVARD NORTH,1,3,0,0,1,1,0,,35,0,0,0,0,0,4,2,8
,2017_63910,39.733686,-104.9741325,11/11/2017 0:00,0:00,10,0,0,11TH AVENUE EAST & CORONA STREET NORTH,1,3,0,0,1,1,0,,,0,0,0,0,0,4,2,13
,2017_63911,39.760767,-104.9721255,11/11/2017 0:58,0:58,10,0,0,31ST AVENUE EAST & MARION STREET NORTH,1,3,0,0,1,1,0,,,0,0,0,0,0,4,2,8
,2017_63912,39.741426,-104.9988915,11/11/2017 6:50,6:50,12,0,0,SPEER BOULEVARD 1500 BLOCK NORTH & STOUT STREET,1,1,0,0,1,4,0,,35,0,0,0,0,0,4,2,13
,2017_63913,39.680253,-104.9579325,11/11/2017 10:00,10:00,6,0,0,JOSEPHINE STREET 1900 BLOCK SOUTH & ASBURY AVENUE EAST,1,1,0,0,1,4,0,,25,0,0,0,0,0,4,3,13
,2017_63914,39.743226,-104.9721525,11/11/2017 10:26,10:26,1,0,0,17TH AVENUE EAST & MARION STREET NORTH,1,1,0,0,1,1,0,,30,0,0,0,0,0,4,2,13
,2017_63915,39.758409,-105.0158835,11/11/2017 10:40,10:40,3,0,0,ZUNI STREET NORTH & 29TH AVENUE WEST,1,1,0,0,1,1,0,,35,0,0,0,0,0,4,2,13
,2017_63916,39.749688,-104.9811255,11/11/2017 10:40,10:40,10,0,0,PARK AVENUE WEST & TREMONT PLACE,1,1,0,0,1,1,0,,35,0,0,0,0,0,4,2,13
,2017_63917,39.785724,-104.883093,11/11/2017 11:15,11:15,3,0,0,NORTHFIELD BOULEVARD EAST & CENTRAL PARK BOULEVARD NORTH,1,1,0,0,1,1,0,,40,0,0,0,0,1,4,2,1
,2017_63918,39.678552,-104.9828715,11/11/2017 11:40,11:40,3,0,0,EVANS AVENUE EAST & LOGAN STREET SOUTH,1,1,0,0,1,1,0,,30,0,0,0,0,0,4,2,13
,2017_63919,39.741678,-104.982354,11/11/2017 11:51,11:51,10,0,0,16TH STREET EAST & LOGAN STREET NORTH,1,1,0,0,1,1,0,,,0,0,0,0,0,4,2,7
,2017_63920,39.75885,-104.864562,11/11/2017 13:22,13:22,10,0,0,29TH DRIVE EAST & IOLA STREET NORTH,1,1,0,0,1,3,0,,40,0,0,0,0,0,4,2,1
,2017_63921,39.700224,-104.959323,11/11/2017 13:51,13:51,12,0,0,UNIVERSITY BOULEVARD 900 BLOCK SOUTH & KENTUCKY AVENUE EAST,1,1,0,0,1,4,0,,30,0,0,0,0,0,4,2,13
,2017_63922,39.7821206,-104.9592915,11/11/2017 17:15,17:15,15,0,0,YORK STREET & 4600 BLOCK NORTH,1,2,0,0,1,4,0,,30,0,0,0,0,0,4,2,7
,2017_63923,39.749445,-104.995323,11/11/2017 17:20,17:20,3,0,0,17TH STREET & LAWRENCE STREET,1,2,0,0,1,1,0,,,0,0,0,0,0,4,2,13
,2017_63924,39.711348,-104.9035005,11/11/2017 17:46,17:46,15,0,0,ALAMEDA AVENUE EAST & QUEBEC STREET SOUTH,1,3,1,0,1,3,0,,35,0,0,0,0,0,4,2,13
,2017_63925,39.669399,-104.9593905,11/11/2017 17:49,17:49,12,0,0,UNIVERSITY BOULEVARD 2500 BLOCK SOUTH & VASSAR AVENUE EAST,1,3,0,7,1,4,0,,30,0,0,0,0,0,4,2,16
,2017_63926,39.767382,-104.90346,11/11/2017 18:10,18:10,15,0,0,36TH AVENUE EAST & QUEBEC STREET NORTH,1,3,0,0,1,1,0,,,0,0,0,0,0,4,2,13
,2017_63927,39.75075,-104.984946,11/11/2017 18:51,18:51,10,0,0,CALIFORNIA STREET & 22ND STREET,1,3,0,0,1,1,0,,35,0,0,0,0,0,4,2,14
,2017_63928,39.638043,-104.9123835,11/11/2017 19:25,19:25,12,0,0,MONACO STREET SOUTH & HAPPY CANYON ROAD EAST,1,3,0,0,1,3,0,,30,0,0,0,0,0,4,2,7
,2017_63929,39.714777,-105.0001515,11/11/2017 21:59,21:59,5,0,0,KALAMATH STREET SOUTH & BAYAUD AVENUE WEST,1,3,0,0,1,1,1,,30,0,0,0,0,0,4,1,13
,2017_63930,39.772458,-105.040476,11/11/2017 22:23,22:23,6,0,0,41ST AVENUE WEST & QUITMAN STREET NORTH,1,3,0,0,1,4,0,,25,0,0,0,0,0,4,3,5
,2017_63931,39.680316,-104.9734215,11/11/2017 23:02,23:02,6,0,0,DOWNING STREET 1900 BLOCK SOUTH & ASBURY AVENUE EAST,1,3,0,0,1,4,0,,30,0,0,0,0,0,4,2,5
,2017_63932,39.751254,-104.9945715,11/12/2017 10:41,10:41,15,0,0,LARIMER STREET 1800 BLOCK & 18TH STREET,1,1,0,0,1,4,0,,25,0,0,0,0,0,4,2,13
,2017_63933,39.751056,-104.9828805,11/12/2017 12:23,12:23,10,0,0,PARK AVENUE WEST & WELTON STREET,1,1,0,0,1,1,0,,25,0,0,0,0,0,4,2,13
,2017_63934,39.778335,-104.9793615,11/12/2017 15:22,15:22,1,0,0,45TH AVENUE EAST & WASHINGTON STREET NORTH,1,1,0,0,1,1,0,,30,0,0,0,0,1,4,2,13
,2017_63935,39.728934,-104.9906115,11/12/2017 16:34,16:34,12,0,0,SPEER BOULEVARD 700 BLOCK NORTH & EIGHTH AVENUE WEST,1,1,0,0,1,4,0,,35,0,0,0,0,0,4,2,13
,2017_63936,39.699198,-104.999022,11/12/2017 19:22,19:22,6,0,0,JASON STREET SOUTH & 960 SOUTH JASON STREET,1,3,0,0,1,4,0,,25,0,0,0,0,0,4,2,5
,2017_63937,39.776706,-105.0314535,11/12/2017 21:40,21:40,6,0,0,44TH AVENUE WEST & JULIAN STREET NORTH,1,3,0,0,1,4,0,,30,0,0,0,0,1,4,2,5
,2017_63938,39.691152,-104.9769675,11/13/2017 0:00,0:00,12,0,0,EMERSON STREET 1300 BLOCK SOUTH & ARKANSAS AVENUE EAST,1,1,0,0,1,3,0,,25,0,0,0,0,0,4,2,13
,2017_63939,39.698298,-105.012603,11/13/2017 2:09,2:09,6,0,0,TENNESSEE AVENUE WEST & TEJON STREET SOUTH,1,3,0,0,1,4,0,,,0,0,0,0,0,4,3,13
,2017_63940,39.74986238,-104.9033756,11/13/2017 7:31,7:31,12,0,0,QUEBEC STREET 2200 BLOCK NORTH & 23RD AVENUE EAST,1,1,0,0,1,4,0,,30,0,0,0,0,0,4,2,13
,2017_63941,39.696732,-105.02037,11/13/2017 7:47,7:47,3,0,0,MISSISSIPPI AVENUE WEST & CLAY STREET SOUTH,1,1,0,0,1,1,0,,25,0,0,0,0,0,4,2,13
,2017_63942,39.707505,-104.98635,11/13/2017 8:00,8:00,15,0,0,LINCOLN STREET 500 BLOCK SOUTH & VIRGINIA AVENUE EAST,1,1,0,0,1,4,0,,30,0,0,0,0,0,4,2,13
,2017_63943,39.793005,-104.9425335,11/13/2017 11:30,11:30,6,0,0,JACKSON STREET 5300 BLOCK NORTH & 54TH AVENUE EAST,1,1,0,0,1,4,0,,30,0,0,0,1,0,4,2,13
,2017_63944,39.762108,-105.044013,11/13/2017 8:14,8:14,3,0,0,32ND AVENUE WEST & TENNYSON STREET NORTH,1,1,0,0,1,1,0,,30,0,0,0,0,1,4,2,14
,2017_63945,39.733155,-105.0215715,11/13/2017 8:15,8:15,12,0,0,DECATUR STREET 1000 BLOCK NORTH & 10TH AVENUE WEST,1,1,0,0,1,4,0,,25,0,0,0,0,0,4,2,7
,2017_63946,39.769551,-105.034617,11/13/2017 8:43,8:43,3,0,0,38TH AVENUE WEST & LOWELL BOULEVARD NORTH,1,1,0,0,1,1,0,,35,0,0,0,0,1,4,2,13
,2017_63947,39.776652,-105.0416505,11/13/2017 8:51,8:51,5,0,0,RALEIGH STREET & 44TH AVENUE WEST,1,1,0,0,1,3,0,,30,0,0,0,0,0,4,1,14
,2017_63948,39.729213,-104.9371335,11/15/2017 8:59,8:59,1,0,0,EIGHTH AVENUE EAST & BELLAIRE STREET NORTH,1,1,1,0,1,1,0,,30,0,0,0,0,0,4,2,14
,2017_63949,39.736863,-104.9752845,11/13/2017 9:10,9:10,12,0,0,13TH AVENUE EAST & OGDEN STREET NORTH,1,1,0,0,1,1,0,,30,0,0,0,0,0,4,2,8
,2017_63950,39.750192,-105.0047415,11/13/2017 9:35,9:35,3,0,0,SPEER BOULEVARD & WEWATTA STREET,1,1,0,0,1,1,0,,30,0,0,0,0,0,4,2,1
,2017_63951,39.692952,-104.9593455,11/13/2017 9:39,9:39,12,0,0,UNIVERSITY BOULEVARD SOUTH & LOUISIANA AVENUE EAST,1,1,1,7,1,4,0,,35,0,0,0,0,0,4,3,4
,2017_63952,39.720978,-104.9304735,11/13/2017 9:43,9:43,3,0,0,THIRD AVENUE EAST & EUDORA STREET NORTH,1,1,0,1,1,1,0,,25,0,0,0,0,0,4,2,13
,2017_63953,39.787389,-104.9875425,11/13/2017 9:45,9:45,6,0,0,50TH AVENUE & 4474 EAST 50TH AVENUE,1,1,0,0,1,4,0,,30,0,0,0,0,0,4,2,7
,2017_63954,39.728907,-104.998644,11/13/2017 10:08,10:08,15,0,0,EIGHTH AVENUE 600 BLOCK WEST & SANTA FE DRIVE NORTH,1,1,0,0,1,1,0,,30,0,0,0,0,0,4,2,13
,2017_63955,39.738402,-104.912802,11/13/2017 10:15,10:15,3,0,0,14TH AVENUE EAST & MONACO STREET NORTH,1,1,0,1,1,1,0,,30,0,0,0,0,0,4,2,7
,2017_63956,39.837537,-104.7195855,11/13/2017 10:35,10:35,10,0,0,78TH AVENUE 22600 BLOCK EAST & 77TH AVENUE WEST,1,1,0,0,1,4,0,,,0,0,0,0,0,4,2,8
,2017_63957,39.774519,-104.922315,11/13/2017 11:03,11:03,5,0,0,SMITH ROAD EAST & HOLLY STREET NORTH,1,1,0,0,1,3,0,,,0,0,0,0,0,4,1,16
,2017_63958,39.83346903,-104.692932,11/13/2017 12:15,12:15,12,0,0,JACKSON STREET 7700 BLOCK NORTH & PENA BOULEVARD,1,1,0,0,1,4,0,,35,0,0,0,0,0,4,2,3
,2017_63959,39.769398,-105.0299505,11/13/2017 12:17,12:17,12,0,0,IRVING STREET NORTH & 38TH AVENUE WEST,1,1,0,1,1,4,0,,25,0,0,0,0,0,4,2,14
,2017_63960,39.718278,-104.973777,11/13/2017 12:45,12:45,15,0,0,SPEER BOULEVARD EAST & DOWNING STREET,1,1,0,0,1,4,0,,30,0,0,0,0,0,4,2,13
,2017_63961,39.736863,-105.005322,11/13/2017 13:06,13:06,10,0,0,OSAGE STREET NORTH & 13TH AVENUE WEST,1,1,0,0,1,2,0,,25,0,0,0,0,0,4,2,7
,2017_63962,39.782385,-104.847093,11/13/2017 13:06,13:06,1,0,1,PEORIA STREET NORTH & 47TH AVENUE EAST,1,1,0,0,1,1,0,,45,0,0,0,0,2,4,2,13
,2017_63963,39.716523,-104.97339,11/13/2017 13:10,13:10,6,0,0,ELLSWORTH AVENUE 1200 BLOCK EAST & DOWNING STREET SOUTH,1,1,0,0,1,4,0,,25,0,0,0,0,0,4,2,3
,2017_63964,39.718404,-104.9985855,11/13/2017 13:10,13:10,3,0,0,FIRST AVENUE EAST & SANTA FE STREET NORTH,1,1,0,0,1,1,0,,30,0,0,0,0,0,4,2,13
,2017_63965,39.764349,-104.986584,11/13/2017 13:30,13:30,15,0,0,BRIGHTON BOULEVARD NORTH & 29TH STREET,1,1,0,0,1,1,0,,25,0,0,0,0,0,4,2,7
,2017_63966,39.73536,-105.0050115,11/13/2017 14:50,14:50,6,0,0,OSAGE STREET 1200 BLOCK NORTH & 13TH AVENUE WEST,1,1,0,0,1,4,0,,20,0,0,0,0,0,4,2,13
,2017_63967,39.763233,-105.012783,11/13/2017 14:54,14:54,3,0,0,33RD AVENUE WEST & VALLEJO STREET NORTH,1,1,1,0,1,1,0,,25,0,0,0,0,0,4,2,13
,2017_63968,39.694752,-104.956983,11/13/2017 15:00,15:00,6,0,0,COLUMBINE STREET SOUTH & ARIZONA AVENUE EAST,1,1,0,0,1,4,0,,20,0,0,0,0,0,4,2,14
,2017_63969,39.678453,-104.915952,11/13/2017 15:16,15:16,12,0,0,EVANS AVENUE 6300 BLOCK EAST & LEYDEN STREET SOUTH,1,1,0,0,1,4,0,,30,0,0,0,0,0,4,2,4
,2017_63970,39.698559,-104.987484,11/13/2017 15:38,15:38,12,0,0,BROADWAY STREET 1000 BLOCK SOUTH & TENNESSEE AVENUE EAST,1,1,0,0,1,4,0,,30,0,0,0,0,0,4,2,13
,2017_63971,39.711447,-104.9449725,11/13/2017 16:00,16:00,15,0,0,ALAMEDA AVENUE EAST & MONROE STREET SOUTH,1,1,0,0,1,4,0,,30,0,0,0,0,0,4,2,14
,2017_63972,39.83338151,-104.771988,11/13/2017 16:00,16:00,5,0,0,PENA BOULEVARD INBOUND 7100 BLOCK & TOWER BOULEVARD,1,1,0,0,3,4,0,,65,0,0,0,0,0,4,1,12
,2017_63973,39.717819,-104.946165,11/13/2017 16:30,16:30,3,0,0,MADISON STREET NORTH & FIRST AVENUE EAST,1,3,0,0,1,1,0,,25,0,0,0,0,0,4,2,7
,2017_63974,39.700233,-104.91291,11/13/2017 16:45,16:45,12,0,0,MONACO SOUTH SOUTH & KENTUCKY AVENUE EAST,1,2,0,0,1,4,0,,35,0,0,0,0,0,4,2,14
,2017_63975,39.737259,-104.8870035,11/13/2017 16:54,16:54,10,0,0,13TH AVENUE EAST & XANTHIA STREET NORTH,1,1,0,0,1,1,0,,30,0,0,0,0,0,4,2,7
,2017_63976,39.764448,-104.940504,11/13/2017 17:11,17:11,12,0,0,BRUCE RANDOLPH AVENUE & COLORADO BOULEVARD NORTH,1,2,0,0,1,5,0,,30,0,0,0,0,0,4,2,1
,2017_63977,39.736863,-104.981085,11/13/2017 17:42,17:42,10,0,0,13TH AVENUE EAST & PENNSYLVANIA STREET NORTH,1,2,0,1,1,1,0,,25,0,0,0,0,0,4,2,8
,2017_63978,39.758499,-105.034617,11/13/2017 19:26,19:26,12,0,0,29TH AVENUE WEST & LOWELL BOULEVARD NORTH,1,3,0,0,1,3,0,,30,0,0,0,0,0,4,2,13
,2017_63979,39.762,-104.912865,11/13/2017 20:31,20:31,5,0,0,MONACO STREET NORTH & MLK BOULEVARD EAST,1,3,0,0,2,4,0,,30,0,0,0,0,0,4,1,5
,2017_63980,39.717792,-104.9508225,11/13/2017 20:55,20:55,12,0,0,FIRST AVENUE EAST & STEELE STREET NORTH,1,3,0,0,1,1,0,,35,0,0,0,0,0,4,2,7
,2017_63981,39.818241,-104.772114,11/13/2017 23:00,23:00,3,0,1,TOWER ROAD NORTH & 67TH AVENUE EAST,1,1,0,0,1,1,0,,40,0,0,0,0,2,4,2,5
,2017_63982,39.738375,-104.9622525,11/13/2017 23:23,23:23,6,0,0,14TH AVENUE EAST & VINE STREET NORTH,1,3,0,0,1,4,0,,30,0,0,0,0,0,4,4,3
,2017_63983,39.762027,-104.97213,11/14/2017 0:00,0:00,3,0,0,MARION STREET NORTH & MLK BOULEVARD EAST,1,1,0,0,1,1,0,,25,0,0,0,0,0,4,2,1
,2017_63984,39.776562,-105.0439815,11/14/2017 7:14,7:14,3,0,0,44TH AVENUE WEST & TENNYSON STREET NORTH,1,1,0,7,1,1,0,,35,0,0,0,0,0,4,2,14
,2017_63985,39.69666,-104.8917105,11/14/2017 7:25,7:25,15,0,0,MISSISSIPPI AVENUE EAST & VALENTIA STREET SOUTH,1,1,0,0,1,4,0,,,0,0,0,0,0,4,2,13
,2017_63986,39.711186,-104.997132,11/14/2017 7:35,7:35,12,0,0,SANTA FE DRIVE SOUTH & ALAMEDA AVENUE WEST,1,1,0,0,1,1,0,,35,0,0,0,0,0,4,2,16
,2017_63987,39.769398,-105.0299505,11/17/2017 22:15,22:15,10,0,0,38TH AVENUE WEST & IRVING STREET NORTH,2,3,0,0,1,4,0,,,0,0,0,0,0,4,2,13
,2017_63988,39.711339,-104.921127,11/14/2017 7:37,7:37,12,0,0,ALAMEDA AVENUE EAST & IVY STREET SOUTH,1,1,0,0,1,1,0,,30,0,0,0,0,0,4,2,16
,2017_63989,39.667572,-104.9533065,11/14/2017 8:09,8:09,12,0,0,YALE AVENUE 2700 BLOCK EAST & FILLMORE STREET SOUTH,1,1,0,0,1,4,0,,25,0,0,0,0,0,4,2,14
,2017_63990,39.752397,-104.996745,11/14/2017 17:00,17:00,15,0,0,18TH STREET & BLAKE STREET,1,3,0,0,1,1,0,,25,0,0,0,0,0,4,2,13
,2017_63991,39.7936755,-104.9440275,11/14/2017 8:10,8:10,3,0,0,23RD AVENUE EAST & GARFIELD STREET NORTH,1,1,0,0,1,1,0,,30,0,0,0,0,0,4,2,7
,2017_63992,39.778686,-104.912874,11/14/2017 10:30,10:30,3,0,0,STAPLETON NORTH DRIVE & MONACO STREET NORTH,1,1,0,0,1,1,0,,45,0,0,0,0,0,4,2,13
,2017_63993,39.725649,-104.986314,11/14/2017 11:30,11:30,10,0,0,LINCOLN STREET NORTH & SIXTH AVENUE EAST,1,1,0,0,1,2,0,,30,0,0,0,0,0,4,2,13
,2017_63994,39.725649,-104.986314,11/14/2017 11:34,11:34,12,0,0,SIXTH AVENUE EAST & LINCOLN STREET NORTH,1,1,0,0,1,1,0,,30,0,0,0,0,0,4,2,13
,2017_63995,39.700269,-104.9827815,11/14/2017 11:51,11:51,5,0,0,LOGAN STREET SOUTH & KENTUCKY AVENUE EAST,1,1,0,0,3,1,0,,30,0,0,0,0,0,4,1,13
,2017_63996,39.734694,-104.9383935,11/14/2017 12:03,12:03,3,0,0,12TH AVENUE EAST & ASH STREET NORTH,1,1,0,0,1,1,0,,25,0,0,0,1,0,4,2,1
,2017_63997,39.74188499,-104.9275212,11/14/2017 13:03,13:03,15,0,0,FILBERT COURT NORTH & 1500 BLOCK NORTH,1,1,0,0,1,4,0,,20,0,0,0,0,0,4,3,13
,2017_63998,39.698379,-104.9488425,11/14/2017 13:15,13:15,6,0,0,ADAMS STREET 1000 BLOCK SOUTH & TENNESSEE AVENUE EAST,1,1,0,0,1,4,0,,25,0,0,0,0,0,4,2,13
,2017_63999,39.748941,-104.9995305,11/14/2017 13:25,13:25,12,0,0,15TH STREET & MARKET STREET,1,1,1,0,1,1,0,,25,0,0,0,0,0,4,2,13
,2017_64000,39.782277,-104.8659255,11/14/2017 13:35,13:35,15,0,0,HAVANA STREET NORTH & 47TH AVENUE EAST,1,1,0,0,1,1,0,,40,0,0,0,0,0,4,2,13
,2017_64001,39.678489,-104.9652315,11/14/2017 15:40,15:40,15,0,0,HIGH STREET 2100 BLOCK SOUTH & EVANS AVENUE EAST,1,1,0,0,1,3,0,,20,0,0,0,0,0,4,2,13
,2017_64002,39.717909,-104.951223,11/14/2017 16:10,16:10,1,0,0,FIRST AVENUE EAST & STREET PAUL STREET NORTH,1,1,0,0,1,1,0,,30,0,0,0,0,0,4,2,13
,2017_64003,39.770253,-104.9719725,11/14/2017 16:21,16:21,12,0,0,38TH STREET & WALNUT STREET,1,1,0,0,1,4,0,,30,0,0,0,0,0,4,2,1
,2017_64004,39.725541,-104.875353,11/14/2017 17:24,17:24,12,0,0,SIXTH AVENUE EAST & DAYTON STREET SOUTH,1,3,0,0,1,4,0,,35,0,0,0,0,1,4,2,13
,2017_64005,39.634299,-105.109812,11/14/2017 17:54,17:54,6,0,0,STANFORD AVENUE WEST & KIPLING STREET SOUTH,1,3,0,0,1,4,0,,25,0,0,0,0,0,4,2,8
,2017_64006,39.743262,-104.9835915,11/14/2017 17:55,17:55,15,0,0,17TH AVENUE EAST & GRANT STREET NORTH,1,1,0,0,1,4,0,,30,0,0,0,0,0,4,2,13
,2017_64007,39.74598,-104.9980725,11/14/2017 18:55,18:55,15,0,0,14TH STREET 1000 BLOCK & ARAPAHOE STREET,1,3,0,0,1,4,0,,1,0,0,0,0,0,4,2,13
,2017_64008,39.740022,-104.981076,11/14/2017 22:00,22:00,6,0,0,PENNSYLVANIA 1400 BLOCK NORTH & COLFAX AVENUE EAST,1,3,0,0,1,4,0,,,0,0,0,0,0,4,2,13
,2017_64009,39.71835,-104.9745915,11/14/2017 23:40,23:40,3,0,0,CORONA STREET NORTH & SPEER BOULEVARD EAST,1,3,0,0,1,1,0,,30,0,0,0,0,0,4,2,2
,2017_64010,39.735036,-104.961033,11/15/2017 0:00,0:00,5,0,0,GAYLORD STREET 1220 NORTH & 12TH AVENUE EAST,1,1,0,0,2,5,0,,15,0,0,0,0,0,4,1,13
,2017_64011,39.83346903,-104.692932,11/15/2017 3:36,3:36,12,0,0,PENA BOULEVARD & JACKSON GAP STREET NORTH,1,3,0,0,1,3,0,,45,0,0,0,0,0,4,3,14
,2017_64012,39.680226,-104.959404,11/15/2017 6:00,6:00,5,0,0,ASBURY AVENUE & UNIVERSITY BOULEVARD SOUTH,1,3,0,0,3,5,0,,25,0,0,0,0,0,4,2,13
,2017_64013,39.787002,-104.8248135,11/15/2017 7:35,7:35,15,0,0,51ST AVENUE 14200 BLOCK EAST & BOLLING STREET,1,1,0,0,1,4,0,,25,0,0,0,0,0,4,2,13