id,drcog_id,latitude,longitude,crashtime,time,crashtype,numbkilled,numbinjurd,drcoglocat,rdconditin,lightngcon,roadcntgrd,weatherco,location,roaddescrp,constrzone,schoolzone,splimit,bikeinv,pedinv,sctrinv,motoinv,svrty,rdsystem,ttlvehcls,hcf
,2017_64014,39.765726,-104.9948415,11/15/2017 7:44,7:44,14,0,0,PARK AVENUE WEST & GLOBEVILLE ROAD NORTH,1,1,0,0,1,1,0,,25,0,0,0,0,0,4,2,14
,2017_64015,39.722616,-104.982624,12/14/2017 13:20,13:20,15,0,0,LOGAN STREET & SPEER BOULEVARD EAST,1,1,0,0,1,1,0,,30,0,0,0,0,0,4,2,13
,2017_64016,39.667626,-104.9036175,11/15/2017 8:02,8:02,12,0,0,YALE AVENUE EAST & QUEBEC STREET SOUTH,1,1,1,0,1,3,0,,30,0,0,0,0,1,4,3,16
,2017_64017,39.762018,-105.015843,11/15/2017 8:24,8:24,12,0,0,32ND AVENUE WEST & ZUNI STREET NORTH,1,1,0,0,1,5,0,,30,0,0,0,0,0,4,2,14
,2017_64018,39.624219,-104.8898565,11/15/2017 8:27,8:27,1,0,0,BELLEVIEW AVENUE & DTC BOULEVARD,1,1,0,0,1,2,0,,,0,0,0,0,1,4,2,13
,2017_64019,39.678507,-104.973444,11/15/2017 8:34,8:34,15,0,0,EVANS AVENUE 1100 BLOCK EAST & DOWNING STREET SOUTH,1,1,0,0,1,4,0,,35,0,0,0,0,0,4,2,13
,2017_64020,39.74616,-104.987385,11/15/2017 9:00,9:00,15,0,0,19TH AVENUE EAST & BROADWAY NORTH,1,1,0,0,1,1,0,,30,0,0,0,0,0,4,2,13
,2017_64021,39.685698,-104.912892,11/15/2017 9:52,9:52,12,0,0,MONACO STREET SOUTH & MEXICO AVENUE EAST,1,1,0,0,1,1,0,,35,0,0,0,0,0,4,2,16
,2017_64022,39.722616,-104.982624,11/15/2017 10:40,10:40,12,0,0,LOGAN STREET 300 BLOCK NORTH & SPEER BOULEVARD EAST,1,1,0,0,1,4,0,,30,0,0,0,0,0,4,2,3
,2017_64023,39.77500867,-104.9253247,11/15/2017 10:45,10:45,12,0,0,SMITH ROAD & 4700 BLOCK EAST,1,1,0,0,1,4,0,,35,0,0,0,0,0,4,2,7
,2017_64024,39.667563,-104.940711,11/15/2017 11:35,11:35,15,0,0,YALE AVENUE EAST 4000 BLOCK & COLORADO BOULEVARD SOUTH,1,1,0,0,1,4,0,,30,0,0,0,0,0,4,2,13
,2017_64025,39.687579,-104.9804505,11/15/2017 11:42,11:42,10,0,0,PEARL STREET SOUTH & IOWA AVENUE EAST,1,1,0,0,1,4,0,,25,0,0,0,0,1,4,2,3
,2017_64026,39.740013,-104.9799015,11/15/2017 12:07,12:07,3,0,0,PEARL STREET 1500 BLOCK NORTH & COLFAX AVENUE EAST,1,1,0,0,1,2,0,,25,0,0,0,0,0,4,2,13
,2017_64027,39.768147,-104.9696325,11/15/2017 12:25,12:25,12,0,0,37TH AVENUE EAST & HUMBOLDT STREET NORTH,1,1,0,0,1,1,0,,25,0,0,0,0,0,4,2,13
,2017_64028,39.74853099,-104.9964266,11/15/2017 12:39,12:39,12,0,0,LAWRENCE STREET 1600 BLOCK & 15TH STREET,1,1,0,0,1,4,0,,30,0,0,0,0,0,4,2,13
,2017_64029,39.837537,-104.7195855,11/15/2017 12:55,12:55,12,0,0,78TH AVENUE 22700 BLOCK EAST & 77TH AVENUE EAST,1,1,0,0,1,1,0,,,0,0,0,0,0,4,2,8
,2017_64030,39.729285,-105.032511,11/15/2017 23:13,23:13,6,0,0,KNOX COURT & EIGHTH AVENUE WEST,1,3,1,0,1,4,0,,25,0,0,0,0,0,4,2,5
,2017_64031,39.837537,-104.7195855,11/15/2017 12:55,12:55,12,0,0,78TH AVENUE 22700 EAST & 77TH AVENUE EAST,1,1,0,0,1,4,0,,45,0,0,0,0,0,4,2,7
,2017_64032,39.711195,-104.998401,11/15/2017 13:15,13:15,15,0,0,KALAMATH STREET SOUTH & ALAMEDA AVENUE EAST,1,1,0,0,1,4,0,,35,0,0,0,0,0,4,2,16
,2017_64033,39.76509772,-104.9875357,11/15/2017 13:44,13:44,6,0,0,29TH STREET & 700 BLOCK,1,1,0,0,1,4,0,,25,0,0,0,0,0,4,2,13
,2017_64034,39.723435,-104.983794,11/15/2017 15:30,15:30,15,0,0,GRANT STREET NORTH & SPEER BOULEVARD EAST,1,1,0,0,1,1,0,,25,0,0,0,0,0,4,2,13
,2017_64035,39.725667,-104.99283,11/15/2017 16:14,16:14,3,0,0,DELAWARE STREET NORTH & SIXTH AVENUE WEST,1,1,0,0,1,5,0,,25,0,0,0,0,0,4,2,13
,2017_64036,39.688875,-104.973435,11/15/2017 16:40,16:40,1,0,0,BUCHTEL BOULEVARD EAST & DOWNING STREET SOUTH,1,3,0,0,1,1,0,,30,0,0,0,0,0,4,2,7
,2017_64037,39.788973,-104.9782815,11/15/2017 17:10,17:10,12,0,1,WASHINGTON STREET NORTH & 51ST AVENUE EAST,1,2,0,0,1,4,0,,35,0,0,0,0,2,4,5,12
,2017_64038,39.689487,-105.025086,11/15/2017 17:12,17:12,3,0,0,FLORIDA AVENUE WEST & FEDERAL BOULEVARD SOUTH,1,3,0,0,1,2,0,,,0,0,0,0,0,4,2,13
,2017_64039,39.738375,-104.9622525,11/15/2017 17:30,17:30,12,0,0,14TH AVENUE EAST & VINE STREET NORTH,1,3,0,0,1,4,0,,30,0,0,0,0,0,4,2,13
,2017_64040,39.738276,-104.9418045,11/15/2017 17:35,17:35,3,0,0,14TH AVENUE EAST & HARRISON STREET NORTH,1,2,0,0,1,1,0,,25,0,0,0,0,0,4,2,1
,2017_64041,39.711384,-104.906493,11/15/2017 17:43,17:43,3,0,0,ALAMEDA AVENUE EAST & OLIVE WAY SOUTH,1,3,0,0,1,1,0,,15,0,0,0,0,0,4,3,13
,2017_64042,39.678489,-104.9875605,11/15/2017 21:37,21:37,12,0,0,BROADWAY STREET 2000 BLOCK SOUTH & EVANS AVENUE WEST,1,3,0,0,1,4,0,,35,0,0,0,0,0,4,3,2
,2017_64043,39.75613875,-104.991819,11/19/2017 18:51,18:51,12,0,0,BLAKE STREET 2200 BLOCK & 22ND STREET,1,3,0,0,1,4,0,,,0,0,0,0,0,4,2,13
,2017_64044,39.736845,-104.9970735,12/13/2017 1:19,1:19,5,0,0,GALAPAGO STREET NORTH & 13TH AVENUE WEST,1,3,0,0,3,1,0,,25,0,0,0,0,0,4,1,5
,2017_64045,39.750786,-104.9970735,11/16/2017 7:12,7:12,3,0,0,17TH STREET & MARKET STREET,1,1,1,0,1,1,0,,30,0,0,0,0,1,4,2,13
,2017_64046,39.765762,-105.01551,11/16/2017 7:29,7:29,12,0,0,ZUNI STREET 3500 BLOCK NORTH & 35TH AVENUE WEST,1,1,0,0,1,3,0,,30,0,0,0,0,0,4,2,14
,2017_64047,39.7818,-104.7791835,11/16/2017 7:35,7:35,3,0,0,VENTURA STREET NORTH & 47TH AVENUE EAST,1,1,0,0,1,1,0,,25,0,0,0,0,0,4,2,13
,2017_64048,39.647502,-104.884983,11/16/2017 7:42,7:42,12,0,0,YOSEMITE STREET SOUTH & LEHIGH AVENUE EAST,1,1,0,0,1,1,0,,,0,0,0,0,0,4,2,13
,2017_64049,39.689307,-104.9407605,11/16/2017 7:48,7:48,12,0,0,FLORIDA AVENUE 3900 BLOCK EAST & COLORADO BOULEVARD SOUTH,1,1,0,0,1,3,0,,30,0,0,0,0,0,4,2,16
,2017_64050,39.700206,-104.9500035,11/16/2017 7:56,7:56,3,0,0,STEELE STREET & KENTUCKY AVENUE EAST,1,1,0,0,1,1,0,,25,0,0,0,0,0,4,2,13
,2017_64051,39.636243,-104.885253,11/16/2017 8:17,8:17,12,0,0,YOSEMITE STREET SOUTH & XERIC WAY SOUTH,1,1,0,0,1,3,0,,40,0,0,0,0,0,4,2,13
,2017_64052,39.745294,-104.9970975,11/16/2017 8:39,8:39,15,0,0,CURTIS STREET 1400 BLOCK & 14TH STREET,1,1,0,0,1,4,0,,30,0,0,0,0,0,4,2,1
,2017_64053,39.700269,-104.9780835,11/16/2017 8:44,8:44,6,0,0,CLARKSON STREET SOUTH & KENTUCKY AVENUE EAST,1,1,0,0,1,4,0,,,0,0,0,0,0,4,2,13
,2017_64054,39.778686,-104.912874,11/16/2017 9:02,9:02,1,0,1,STAPLETON NORTH DRIVE EAST & MONACO STREET NORTH,1,1,0,0,1,1,0,,30,0,0,0,0,2,4,2,16
,2017_64055,39.78288,-104.7555,11/16/2017 9:40,9:40,12,0,0,GREEN VALLEY RANCH BOULEVARD EAST & HIMALAYA ROAD NORTH,1,1,0,0,1,3,0,,40,0,0,0,0,0,4,3,3
,2017_64056,39.696705,-104.9991345,11/16/2017 9:50,9:50,14,0,0,MISSISSIPPI AVENUE & JASON STREET SOUTH,1,1,0,0,1,1,0,,35,0,0,0,0,0,4,2,7
,2017_64057,39.728934,-104.9906115,11/16/2017 10:17,10:17,15,0,0,EIGHTH AVENUE 200 BLOCK WEST & SPEER BOULEVARD NORTH,1,1,0,0,1,4,0,,30,0,0,0,0,0,4,2,13
,2017_64058,39.757986,-104.903451,11/30/2017 10:43,10:43,6,0,0,29TH AVENUE 7300 BLOCK EAST & QUEBEC STREET NORTH,1,1,0,0,1,4,0,,25,0,0,0,0,0,4,2,7
,2017_64059,39.736845,-104.98617,11/16/2017 11:07,11:07,12,0,0,LINCOLN STREET NORTH & 13TH AVENUE EAST,1,1,0,0,1,3,0,,30,0,0,0,0,1,4,3,1
,2017_64060,39.725658,-104.9908725,11/16/2017 11:39,11:39,12,0,0,SIXTH AVENUE WEST & BANNOCK STREET NORTH,1,1,0,0,1,4,0,,35,0,0,0,0,1,4,2,5
,2017_64061,39.680253,-104.9579325,11/16/2017 12:00,12:00,6,0,0,JOSEPHINE STREET 2000 BLOCK SOUTH & ASBURY AVENUE EAST,1,1,0,0,1,4,0,,,0,0,0,0,0,4,2,13
,2017_64062,39.7909845,-104.771286,11/16/2017 12:23,12:23,6,0,0,ANDES STREET & 4400 BLOCK NORTH,1,1,0,0,1,4,0,,25,0,0,0,0,0,4,2,3
,2017_64063,39.736845,-104.98617,11/16/2017 12:52,12:52,3,0,0,LINCOLN STREET NORTH & 13TH AVENUE EAST,1,1,1,0,1,1,0,,30,0,0,0,0,0,4,2,8
,2017_64064,39.71466,-104.946174,11/16/2017 13:06,13:06,12,0,0,BAYAUD AVENUE 3400 BLOCK EAST & MADISON STREET SOUTH,1,1,0,0,1,5,0,,15,0,0,0,0,0,4,2,1
,2017_64065,39.837969,-104.6928825,11/16/2017 14:15,14:15,12,0,0,78TH AVENUE 25200 BLOCK EAST & JACKSON GAP STREET NORTH,1,1,0,0,1,1,0,,,0,0,0,0,0,4,3,8
,2017_64066,39.780036,-104.760963,11/16/2017 15:35,15:35,5,0,0,46TH AVENUE EAST & ESPANA WAY NORTH,1,1,0,0,1,4,0,,20,0,0,0,0,1,4,1,1
,2017_64067,39.707451,-105.0381225,11/16/2017 15:35,15:35,12,0,0,MORRISON ROAD & OSCEOLA STREET SOUTH,1,1,0,0,1,1,0,,,0,0,0,0,0,4,2,13
,2017_64068,39.63799513,-104.9126831,11/16/2017 16:25,16:25,12,0,0,MONACO STREET & 700 BLOCK NORTH,1,1,0,2,1,4,0,,,0,0,0,0,0,4,3,13
,2017_64069,39.747447,-104.9081355,11/16/2017 16:36,16:36,14,0,0,MONTVIEW BOULEVARD EAST & ONEIDA STREET NORTH,1,1,0,0,1,1,0,,,0,0,0,0,0,4,2,13
,2017_64070,39.767382,-104.90346,11/16/2017 16:47,16:47,12,0,0,36TH AVENUE EAST & QUEBEC STREET NORTH,1,2,0,0,1,3,0,,25,0,0,0,0,1,4,4,1
,2017_64071,39.73195332,-104.9822755,11/16/2017 17:30,17:30,15,0,0,LOGAN STREET NORTH & 1300 BLOCK NORTH,1,3,0,0,1,4,0,,30,0,0,0,0,0,4,2,1
,2017_64073,39.743397,-104.987394,11/16/2017 19:06,19:06,15,0,0,17TH STREET & BROADWAY NORTH,1,3,0,0,1,3,0,,35,0,0,0,0,0,4,2,13
,2017_64074,39.84455113,-104.6811125,11/16/2017 20:50,20:50,5,0,0,8100 BLOCK PENA BOULEVARD INBOU & 81ST AVENUE EAST,1,3,0,0,1,4,0,,45,0,0,0,0,0,4,2,13
,2017_64075,39.781638,-104.75622,11/16/2017 22:32,22:32,5,0,0,HIMALAYA ROAD NORTH & 47TH AVENUE EAST,1,3,0,0,2,4,0,,35,0,0,0,0,0,4,1,5
,2017_64076,39.656664,-104.9044815,11/17/2017 0:00,0:00,6,0,0,PONTIAC STREET SOUTH & GIRARD AVENUE EAST,1,4,1,0,1,4,0,,25,0,0,0,0,0,4,2,6
,2017_64077,39.723426,-104.983794,11/17/2017 0:10,0:10,15,0,0,GRANT AVENUE NORTH & SPEER BOULEVARD SOUTHBOUND,1,3,0,0,1,4,0,,30,0,0,0,0,0,4,2,13
,2017_64078,39.770253,-104.9719725,11/17/2017 2:09,2:09,1,0,1,WALNUT STREET & 38TH STREET,1,3,0,0,1,1,0,,30,0,0,0,0,2,4,2,5
,2017_64079,39.7172835,-104.8960418,11/17/2017 7:20,7:20,10,0,0,RAMPART WAY NORTH & LOWRY BOULEVARD EAST ROUNDABOUT,1,1,0,0,1,6,0,,30,0,0,0,0,0,4,2,13
,2017_64080,39.730428,-104.979933,11/21/2017 4:09,4:09,6,0,0,PEARL STREET 900 BLOCK NORTH & NINTH AVENUE EAST,1,3,0,0,1,4,0,,30,0,0,0,0,0,4,4,13
,2017_64081,39.774969,-105.03459,11/17/2017 7:21,7:21,3,0,0,42ND AVENUE WEST & LOWELL BOULEVARD NORTH,1,1,0,0,1,1,0,,20,0,0,0,0,1,4,3,14
,2017_64082,39.798396,-104.786415,11/17/2017 7:25,7:25,12,0,0,56TH AVENUE EAST & PENA BOULEVARD,1,1,0,0,1,1,0,,30,0,0,0,0,0,4,2,14
,2017_64083,39.743244,-104.9598315,11/17/2017 7:28,7:28,3,0,0,17TH AVENUE EAST & YORK STREET NORTH,1,1,0,0,1,1,0,,30,0,0,0,0,1,4,2,13
,2017_64084,39.750678,-104.88852,11/17/2017 7:50,7:50,12,0,0,XANTHIA WAY NORTH & CENTRAL PARK BOULEVARD NORTH,1,1,0,0,1,4,0,,35,0,0,0,0,0,4,2,13
,2017_64085,39.748392,-104.991516,12/2/2017 12:34,12:34,15,0,0,18TH STREET & CHAMPA STREET,1,1,0,0,1,1,0,,30,0,0,0,0,0,4,2,13
,2017_64086,39.754548,-104.973372,11/17/2017 9:20,9:20,3,0,0,26TH AVENUE EAST & DOWNING STREET NORTH,1,1,0,0,1,1,0,,30,0,0,0,0,0,4,2,2
,2017_64087,39.73672238,-104.9222531,11/20/2017 10:32,10:32,5,0,0,HOLLY STREET 1300 BLOCK NORTH & 14TH AVENUE EAST,1,1,0,0,3,4,0,,25,0,0,0,0,0,4,2,7
,2017_64088,39.671271,-104.9875335,11/17/2017 10:15,10:15,6,0,0,BROADWAY STREET 2500 BLOCK SOUTH & HARVARD AVENUE EAST,1,1,0,0,1,5,0,,15,0,0,0,0,0,4,2,1
,2017_64089,39.728934,-104.9906115,11/17/2017 11:10,11:10,3,0,0,EIGHTH AVENUE WEST & SPEER BOULEVARD NORTH,1,1,0,0,1,1,0,,35,0,0,0,0,0,4,3,14
,2017_64090,39.7224765,-105.001488,11/17/2017 11:37,11:37,6,0,0,LIPAN STREET & 1455 SOUTH LIPAN STREET,1,1,0,0,1,4,0,,25,0,0,0,0,1,4,2,3
,2017_64091,39.743379,-104.9337945,11/17/2017 12:20,12:20,3,0,0,17TH AVENUE EAST & CHERRY STREET NORTH,1,1,0,0,1,1,0,,25,0,0,0,0,0,4,2,13
,2017_64092,39.692997,-104.976963,11/17/2017 12:44,12:44,3,0,0,EMERSON STREET SOUTH & LOUISIANA AVENUE EAST,1,1,1,0,1,1,0,,30,0,0,0,0,1,4,2,3
,2017_64093,39.715263,-104.959323,11/17/2017 12:50,12:50,6,0,0,CHERRY CREEK 2300 BLOCK EAST & UNIVERSITY BOULEVARD NORTH,1,1,0,0,1,4,0,,30,0,0,0,0,0,4,2,15
,2017_64094,39.77667,-105.0299055,11/17/2017 13:06,13:06,3,0,0,IRVING STREET NORTH & 44TH AVENUE WEST,1,1,1,0,1,1,0,,30,0,0,0,0,1,4,2,13
,2017_64095,39.783798,-104.940432,11/17/2017 14:00,14:00,10,0,0,48TH AVENUE EAST & COLORADO BOULEVARD NORTH,1,1,0,6,1,4,0,,30,0,0,0,0,0,4,2,1
,2017_64096,39.709629,-105.0350355,11/17/2017 14:04,14:04,3,0,0,LOWELL BOULEVARD SOUTH & MORRISON ROAD,1,1,0,0,1,1,0,,25,0,0,0,0,1,4,2,4
,2017_64097,39.716577,-105.000192,11/18/2017 4:53,4:53,5,0,0,KALAMATH STREET & 753 NORTH KALAMATH STREET,1,3,0,0,3,3,0,,30,0,0,0,0,0,4,1,5
,2017_64098,39.683889,-105.050034,11/17/2017 16:05,16:05,13,0,0,XAVIER STREET SOUTH & COLORADO AVENUE WEST,1,1,1,0,1,1,0,,25,0,0,0,0,0,4,2,13
,2017_64099,39.794544,-104.86602,11/17/2017 16:12,16:12,3,0,0,54TH AVENUE EAST & HAVANA STREET NORTH,1,2,1,0,1,1,0,,25,0,0,0,0,0,4,2,13
,2017_64100,39.678435,-104.9407425,11/17/2017 16:15,16:15,1,0,0,EVANS AVENUE & COLORADO BOULEVARD SOUTH,2,3,0,1,1,2,0,,35,0,0,0,0,0,4,2,8
,2017_64101,39.633417,-104.893272,11/17/2017 16:19,16:19,3,0,0,DTC BOULEVARD SOUTH & TUFTS AVENUE EAST,1,2,1,0,1,1,0,,35,0,0,0,0,1,4,2,13
,2017_64102,39.785553,-104.9782905,11/17/2017 16:20,16:20,3,0,0,WASHINGTON STREET NORTH & 49TH AVENUE EAST,1,1,0,0,1,2,0,,35,0,0,0,0,0,4,2,1
,2017_64103,39.785652,-104.893254,11/17/2017 16:30,16:30,12,0,0,NORTHFIELD BOULEVARD EAST & UINTA STREET NORTH,2,2,0,1,1,4,0,,,0,0,0,0,0,4,2,13
,2017_64104,39.771063,-104.8470435,11/17/2017 16:40,16:40,12,0,0,39TH AVENUE EAST & PEORIA STREET NORTH,2,3,0,1,1,3,0,,30,0,0,0,0,0,4,3,3
,2017_64105,39.728943,-105.000183,11/17/2017 17:12,17:12,3,0,0,EIGHTH AVENUE 900 BLOCK WEST & KALAMATH STREET NORTH,2,2,1,1,1,5,0,,20,0,0,0,0,1,4,2,13
,2017_64106,39.748446,-105.0033735,11/17/2017 18:29,18:29,12,0,0,SPEER BOULEVARD NORTH & AURARIA PARKWAY,2,3,0,1,1,1,0,,35,0,0,0,0,0,4,2,1
,2017_64107,39.83338151,-104.771988,11/17/2017 18:35,18:35,5,0,0,PENA BOULEVARD & TOWER ROAD EXIT GORE,2,3,0,1,3,4,0,,65,0,0,0,0,0,4,1,13
,2017_64108,39.725424,-104.903793,11/20/2017 4:40,4:40,1,0,0,QUEBEC STREET NORTH & SIXTH AVENUE EAST,1,3,1,0,1,1,0,,,0,0,0,0,0,4,2,13
,2017_64109,39.7821206,-104.9592915,11/17/2017 18:50,18:50,15,0,0,YORK STREET & 2300 BLOCK,2,3,0,1,1,4,0,,30,0,0,0,0,0,4,2,6
,2017_64110,39.678489,-104.967585,11/17/2017 19:10,19:10,12,0,0,EVANS AVENUE EAST & GILPIN STREET SOUTH,2,3,0,1,1,1,0,,30,0,0,0,0,0,4,2,3
,2017_64111,39.749022,-104.98023,11/17/2017 20:00,20:00,5,0,0,PARK AVENUE WEST & COURT PLACE,1,3,0,0,3,1,0,,25,0,0,0,0,0,4,1,13
,2017_64112,39.74075314,-104.9926813,11/17/2017 21:41,21:41,12,0,0,TREMONT PLACE & 2200 BLOCK,2,3,0,1,1,4,0,,,0,0,0,0,0,4,2,6
,2017_64113,39.78039413,-104.969741,11/17/2017 22:10,22:10,6,0,0,HUMBOLDT STREET & 3000 BLOCK NORTH,2,3,0,0,1,4,0,,25,0,0,0,0,0,4,2,5
,2017_64114,39.654279,-104.8988205,11/17/2017 23:35,23:35,1,0,1,TAMARAC DRIVE SOUTH & GIRARD AVENUE EAST,1,3,0,0,1,1,0,,30,0,0,0,0,2,4,2,5
,2017_64115,39.716235,-104.944941,11/17/2017 23:57,23:57,5,0,0,MONROE STREET & 1440 SOUTH MONROE STREET,1,3,0,0,2,4,0,,25,0,0,0,0,0,4,2,2
,2017_64116,39.776706,-105.0314535,11/18/2017 0:24,0:24,6,0,0,44TH AVENUE 3400 BLOCK WEST & JULIAN STREET NORTH,1,3,0,0,1,4,0,,30,0,0,0,0,0,4,2,3
,2017_64117,39.723435,-104.983794,11/18/2017 1:56,1:56,12,0,0,GRANT STREET 400 BLOCK NORTH & SPEER BOULEVARD EAST,1,3,0,0,1,4,0,,25,0,0,0,0,0,4,2,2
,2017_64118,39.677778,-105.033762,11/18/2017 2:21,2:21,5,0,2,WARREN AVENUE 3555 WEST & LINLEY COURT SOUTH,2,3,0,0,4,1,0,,25,0,0,0,0,2,4,2,5
,2017_64119,39.728934,-104.9906115,11/18/2017 5:29,5:29,3,0,1,SPEER BOULEVARD & EIGHTH AVENUE WEST,1,3,0,0,1,1,0,,35,0,0,0,0,2,4,2,13
,2017_64120,39.714957,-105.039693,11/18/2017 7:55,7:55,6,0,0,BAYAUD AVENUE WEST & PERRY STREET SOUTH,1,2,0,0,1,4,0,,25,0,0,0,0,0,4,2,3
,2017_64121,39.728934,-104.9906115,11/18/2017 7:57,7:57,3,0,0,SPEER BOULEVARD NORTH & EIGHTH AVENUE WEST,1,1,0,0,1,1,0,,30,0,0,0,0,1,4,2,13
,2017_64122,39.756141,-104.991912,11/18/2017 9:51,9:51,3,0,0,22ND STREET & BLAKE STREET,1,1,0,0,1,1,0,,30,0,0,0,0,1,4,3,16
,2017_64123,39.782277,-104.8613175,11/18/2017 10:25,10:25,12,0,0,JOLIET STREET NORTH & 47TH AVENUE EAST,1,1,0,0,1,1,0,,35,0,0,0,0,0,4,2,13
,2017_64124,39.696759,-105.0390315,11/18/2017 10:33,10:33,3,0,0,MISSISSIPPI AVENUE WEST & PATTON COURT SOUTH,1,1,0,0,1,1,0,,25,0,0,0,0,0,4,2,13
,2017_64125,39.718026,-104.9522265,11/18/2017 10:59,10:59,12,0,0,FIRST AVENUE EAST & MILWAUKEE STREET NORTH,1,1,0,0,1,1,0,,30,0,0,0,0,1,4,2,13
,2017_64126,39.725631,-104.9874435,11/18/2017 11:06,11:06,10,0,0,BROADWAY STREET NORTH & SIXTH AVENUE WEST,1,1,0,0,1,2,0,,35,0,0,0,0,0,4,2,13
,2017_64127,39.783618,-104.774463,11/18/2017 22:25,22:25,15,0,0,GREEN VALLEY RANCH BOULEVARD EAST & YAMPA STREET NORTH,1,4,0,0,1,1,0,,20,0,0,0,0,0,4,2,13
,2017_64128,39.708549,-105.0250905,11/18/2017 12:40,12:40,12,0,0,ALASKA PLACE WEST & FEDERAL BOULEVARD SOUTH,1,1,0,0,1,4,0,,45,0,0,0,0,1,4,3,13
,2017_64129,39.738681,-104.88582,11/18/2017 12:44,12:44,3,0,0,XENIA STREET NORTH & 14TH AVENUE EAST,1,1,0,0,1,1,0,,20,0,0,0,0,0,4,2,16
,2017_64130,39.748617,-104.903451,11/18/2017 12:44,12:44,12,0,0,QUEBEC STREET NORTH & 21ST EAST,1,1,0,0,1,1,0,,30,0,0,0,0,0,4,2,13
,2017_64131,39.744819,-104.968422,11/18/2017 12:45,12:45,15,0,0,18TH AVENUE EAST & FRANKLIN STREET NORTH,1,1,0,0,1,1,0,,30,0,0,0,0,0,4,2,13
,2017_64132,39.729312,-105.0132105,11/18/2017 13:30,13:30,15,0,0,EIGHTH AVENUE WEST & VALLEJO STREET NORTH,1,1,0,0,1,1,0,,35,0,0,0,0,1,4,2,13
,2017_64133,39.73203,-104.987403,11/18/2017 15:51,15:51,12,0,0,BROADWAY & 10TH AVENUE EAST,1,1,0,0,1,4,0,,30,0,0,0,0,0,4,2,1
,2017_64134,39.727287,-104.9682825,11/18/2017 16:01,16:01,6,0,0,FRANKLIN STREET NORTH & SEVENTH AVENUE EAST,1,1,1,0,1,4,0,,25,0,0,0,0,0,4,2,3
,2017_64135,39.692808,-104.971923,11/18/2017 17:24,17:24,6,0,0,MARION STREET 1300 BLOCK NORTH & 13TH AVENUE EAST,1,3,0,0,1,3,0,,25,0,0,0,0,0,4,2,6
,2017_64136,39.73281069,-104.8847266,11/18/2017 18:45,18:45,6,0,0,YOSEMITE STREET NORTH & 18TH AVENUE EAST,1,3,0,0,3,4,0,,30,0,0,0,0,0,4,2,6
,2017_64137,39.667563,-104.940711,11/18/2017 19:18,19:18,12,0,0,YALE AVENUE EAST & COLORADO BOULEVARD SOUTH,1,3,0,0,1,4,0,,30,0,0,0,0,0,4,2,13
,2017_64138,39.778326,-104.985864,11/18/2017 20:13,20:13,6,0,0,LINCOLN STREET & 45TH AVENUE EAST,1,3,0,0,1,4,0,,25,0,0,0,0,0,4,2,13
,2017_64139,39.75417,-104.9893335,11/18/2017 21:07,21:07,3,0,0,LAWRENCE STREET & 22ND STREET,1,3,0,0,1,1,0,,30,0,0,0,0,1,4,2,16
,2017_64140,39.736809,-104.9622615,11/19/2017 22:51,22:51,6,0,0,13TH AVENUE EAST & VINE STREET NORTH,1,3,0,0,1,4,0,,30,0,0,0,0,0,4,2,5
,2017_64141,39.729717,-104.9912235,11/18/2017 22:00,22:00,15,0,0,SPEER BOULEVARD WEST & BANNOCK STREET SOUTH,1,3,0,0,1,1,0,,30,0,0,0,0,0,4,2,7
,2017_64142,39.882492,-104.6755665,11/18/2017 22:50,22:50,4,0,0,QUEENSBURG ROAD 9600 BLOCK & 103RD STREET,1,3,0,0,1,4,0,,45,0,0,0,0,0,4,1,13
,2017_64143,39.755088,-104.988114,11/18/2017 23:10,23:10,10,0,0,LAWRENCE STREET & PARK AVENUE WEST,1,3,0,0,1,1,0,,30,0,0,0,0,0,4,2,13
,2017_64144,39.77614197,-104.8469535,11/18/2017 23:14,23:14,5,0,0,PEORIA STREET & 12100 BLOCK NORTH,1,3,0,0,3,4,0,,35,0,0,0,0,0,4,2,14
,2017_64145,39.754602,-104.976954,11/19/2017 0:29,0:29,6,0,0,26TH AVENUE EAST & CLARKSON STREET NORTH,1,3,0,0,1,4,0,,30,0,0,0,0,0,4,3,5
,2017_64146,39.716577,-105.0001965,11/19/2017 1:48,1:48,6,0,0,KALAMATH STREET NORTH & ELLSWORTH AVENUE WEST,1,3,0,0,1,4,0,,40,0,0,0,0,0,4,2,14
,2017_64147,39.687516,-104.9593725,11/19/2017 1:55,1:55,5,0,0,UNIVERSITY BOULEVARD 1600 BLOCK SOUTH & IOWA AVENUE EAST,1,3,0,0,2,4,0,,1,0,0,0,0,0,4,1,5
,2017_64148,39.747348,-104.999571,12/2/2017 15:58,15:58,6,0,0,LARIMER STREET 1400 BLOCK & 14TH STREET,1,2,0,0,1,4,0,,30,0,0,0,0,0,4,2,7
,2017_64149,39.765726,-104.9948415,11/19/2017 1:59,1:59,12,0,0,PARK AVENUE WEST 3500 BLOCK & GLOBEVILLE ROAD NORTH,1,3,0,0,1,4,0,,35,0,0,0,0,1,4,3,13