id,drcog_id,latitude,longitude,crashtime,time,crashtype,numbkilled,numbinjurd,drcoglocat,rdconditin,lightngcon,roadcntgrd,weatherco,location,roaddescrp,constrzone,schoolzone,splimit,bikeinv,pedinv,sctrinv,motoinv,svrty,rdsystem,ttlvehcls,hcf
,2017_64150,39.733839,-104.9873895,11/19/2017 2:19,2:19,1,0,0,11TH AVENUE EAST & BROADWAY STREET NORTH,1,3,0,0,1,1,0,,30,0,0,0,0,0,4,2,3
,2017_64151,39.769236,-104.9223105,11/19/2017 6:42,6:42,5,0,0,HOLLY STREET NORTH & 38TH AVENUE EAST,1,1,0,7,2,4,0,,25,0,0,0,0,1,4,1,16
,2017_64152,39.678435,-104.922234,11/19/2017 9:15,9:15,3,0,0,HOLLY STREET SOUTH & EVANS AVENUE EAST,1,1,0,0,1,1,0,,35,0,0,0,0,1,4,2,13
,2017_64153,39.638232,-104.8948605,11/19/2017 9:52,9:52,3,0,0,QUINCY AVENUE EAST & TAMARAC PARKWAY SOUTH,1,1,0,0,1,1,0,,35,0,0,0,0,0,4,2,13
,2017_64154,39.75633,-105.015852,11/19/2017 11:03,11:03,15,0,0,ZUNI STREET NORTH & SPEER BOULEVARD NORTH,1,1,1,0,1,1,0,,30,0,0,0,0,0,4,2,8
,2017_64155,39.74383292,-104.9034257,11/19/2017 11:41,11:41,12,0,0,QUEBEC STREET 1700 BLOCK NORTH & 17TH AVENUE EAST,1,1,0,0,1,4,0,,30,0,0,0,0,0,4,2,3
,2017_64156,39.718197,-104.9558355,11/19/2017 13:03,13:03,12,0,0,CLAYTON LANE NORTH & FIRST AVENUE EAST,1,1,0,0,1,3,0,,25,0,0,0,0,0,4,2,3
,2017_64157,39.678435,-104.9407425,11/19/2017 13:26,13:26,12,0,0,EVANS AVENUE EAST & COLORADO BOULEVARD SOUTH,1,1,0,0,1,2,0,,30,0,0,0,0,0,4,2,13
,2017_64158,39.785652,-104.893254,11/19/2017 13:56,13:56,15,0,0,NORTHFIELD BOULEVARD EAST & UINTA STREET EAST,1,1,0,0,1,1,0,,35,0,0,0,0,0,4,2,13
,2017_64159,39.75471,-104.9128335,11/19/2017 14:30,14:30,3,0,0,26TH AVENUE 6400 BLOCK EAST & MONACO STREET NORTH,1,1,0,0,1,1,0,,30,0,0,0,0,1,4,2,13
,2017_64160,39.678435,-104.9407425,11/19/2017 15:09,15:09,12,0,0,EVANS AVENUE EAST & COLORADO BOULEVARD SOUTH,1,1,0,0,1,2,0,,30,0,0,0,0,0,4,2,13
,2017_64161,39.737259,-104.8999725,11/19/2017 15:52,15:52,6,0,0,13TH AVENUE EAST & ROSEMARY STREET NORTH,1,2,0,0,1,2,0,,25,0,0,0,0,0,4,2,13
,2017_64162,39.737268,-104.8881825,11/19/2017 15:52,15:52,10,0,0,13TH AVENUE EAST & WILLOW STREET NORTH,1,1,0,0,1,5,0,,30,0,0,0,0,0,4,2,14
,2017_64163,39.742713,-105.0299145,11/19/2017 16:54,16:54,12,0,0,IRVING STREET NORTH & 16TH AVENUE WEST,1,1,0,0,1,1,0,,25,0,0,0,0,0,4,2,13
,2017_64164,39.83346903,-104.692932,11/19/2017 16:59,16:59,1,0,0,JACKSON GAP STREET NORTH & PENA BOULEVARD,1,3,0,0,1,1,0,,30,0,0,0,0,1,4,2,8
,2017_64165,39.711186,-104.9482305,11/19/2017 17:35,17:35,5,0,0,CHERRY CREEK DRIVE NORTH 3400 BLOCK EAST & ALAMEDA AVENUE EAST,1,3,0,0,3,4,0,,30,0,0,0,0,0,4,1,5
,2017_64166,39.772278,-104.9745645,11/19/2017 17:56,17:56,12,0,0,38TH STREET & WYNKOOP STREET,1,3,1,0,1,4,0,,30,0,0,0,0,0,4,2,3
,2017_64167,39.752667,-104.98743,11/19/2017 18:50,18:50,15,0,0,22ND STREET & BROADWAY STREET NORTH,1,3,0,0,1,1,0,,30,0,0,0,0,0,4,2,8
,2017_64168,39.746187,-104.9823135,11/19/2017 19:18,19:18,3,0,0,19TH AVENUE EAST & LOGAN STREET NORTH,1,3,0,0,1,1,0,,25,0,0,0,0,0,4,2,13
,2017_64169,39.664998,-105.029883,11/19/2017 20:29,20:29,3,0,0,AMHERST AVENUE WEST & IRVING STREET SOUTH,1,3,0,0,1,1,0,,25,0,0,0,0,0,4,2,13
,2017_64170,39.767607,-104.975361,11/19/2017 21:34,21:34,3,0,0,35TH STREET & WALNUT STREET,1,3,0,0,1,1,0,,30,0,0,0,0,0,4,2,1
,2017_64171,39.674997,-105.022728,11/20/2017 4:11,4:11,6,0,1,ILIFF AVENUE 2665 WEST & DECATUR STREET SOUTH,1,3,0,0,1,4,0,,25,0,0,0,0,2,4,2,3
,2017_64172,39.74394726,-105.0384053,11/20/2017 7:45,7:45,12,0,0,17TH AVENUE & 7700 BLOCK EAST,1,1,0,0,1,4,0,,30,0,0,0,0,0,4,2,7
,2017_64173,39.780162,-105.0064425,11/20/2017 7:55,7:55,3,0,0,PECOS STREET NORTH & 46TH AVENUE WEST,1,1,0,0,1,1,0,,,0,0,0,0,0,4,2,13
,2017_64174,39.705696,-104.986323,11/20/2017 8:00,8:00,12,0,0,LINCOLN STREET 500 BLOCK SOUTH & CENTER AVENUE EAST,1,1,3,0,1,4,0,,30,0,0,0,0,0,4,2,13
,2017_64175,39.72321,-104.875353,12/6/2017 6:45,6:45,6,0,0,FIFTH AVENUE EAST & DAYTON STREET NORTH,1,3,1,0,1,4,0,,,0,0,0,0,0,4,2,13
,2017_64176,39.743559,-104.9859,11/20/2017 8:01,8:01,6,0,0,LINCOLN STREET 1700 BLOCK NORTH & 17TH AVENUE EAST,1,1,0,0,1,4,0,,,0,0,0,0,0,4,2,13
,2017_64177,39.747438,-104.90346,11/20/2017 8:45,8:45,12,0,0,QUEBEC STREET 1900 BLOCK NORTH & MONTVIEW BOULEVARD EAST,1,5,0,0,1,3,0,,30,0,0,0,0,0,4,2,7
,2017_64178,39.711186,-104.892912,11/20/2017 9:22,9:22,5,0,0,ALAMEDA AVENUE EAST & FAIRMOUNT DRIVE EAST,1,1,0,0,3,2,0,,35,0,0,0,0,0,4,1,13
,2017_64179,39.729087,-104.987412,11/20/2017 10:00,10:00,10,0,0,EIGHTH AVENUE EAST & BROADWAY STREET NORTH,1,1,0,0,1,1,0,,30,0,0,0,0,0,4,2,13
,2017_64180,39.727269,-104.979951,11/20/2017 11:19,11:19,12,0,0,SEVENTH AVENUE EAST & PEARL STREET NORTH,1,1,1,0,1,1,0,,25,0,0,0,0,0,4,2,13
,2017_64181,39.743253,-104.981103,11/20/2017 11:20,11:20,3,0,0,PENNSYLVANIA STREET NORTH & 17TH AVENUE EAST,1,1,0,0,1,1,0,,25,0,0,0,0,0,4,2,3
,2017_64182,39.73195997,-104.9836054,11/20/2017 12:32,12:32,12,0,0,GRANT STREET NORTH & 1300 BLOCK NORTH,1,1,0,0,1,1,0,,30,0,0,0,0,0,4,2,14
,2017_64183,39.700296,-104.979267,11/20/2017 13:20,13:20,15,0,0,WASHINGTON STREET 900 BLOCK SOUTH & KENTUCKY AVENUE EAST,1,1,0,0,1,4,0,,25,0,0,0,0,0,4,2,13
,2017_64184,39.656718,-105.049674,11/20/2017 13:25,13:25,3,0,0,ZENOBIA STREET SOUTH & DARTMOUTH AVENUE WEST,1,1,0,0,1,1,0,,30,0,0,0,0,1,4,2,1
,2017_64185,39.728934,-105.0028425,11/20/2017 13:54,13:54,3,0,1,MARIPOSA STREET NORTH & EIGHTH AVENUE WEST,1,1,1,0,1,1,0,,25,0,0,0,0,2,4,2,13
,2017_64186,39.709314,-104.98761,11/20/2017 17:00,17:00,12,0,0,BROADWAY SOUTH & DAKOTA AVENUE WEST,1,3,0,0,1,4,0,,30,0,0,0,0,0,4,2,16
,2017_64187,39.743766,-104.9116545,11/20/2017 17:44,17:44,3,0,0,17TH AVENUE EAST & MAGNOLIA STREET NORTH,1,2,0,0,1,1,0,,25,0,0,0,0,0,4,2,1
,2017_64188,39.751956,-104.973354,11/20/2017 17:53,17:53,6,0,0,DOWNING STREET NORTH & 24TH AVENUE EAST,1,2,0,0,3,4,0,,30,0,0,0,0,0,4,2,14
,2017_64189,39.67659,-104.9579325,11/20/2017 18:00,18:00,6,0,0,WARREN AVENUE EAST & JOSEPHINE STREET SOUTH,1,4,0,0,1,4,0,,25,0,0,0,0,0,4,2,13
,2017_64190,39.765069,-104.8905405,11/20/2017 18:05,18:05,12,0,0,35TH AVENUE EAST & CENTRAL PARK BOULEVARD NORTH,1,3,0,0,1,1,0,,35,0,0,0,0,0,4,2,13
,2017_64191,39.743757,-104.90814,11/21/2017 11:37,11:37,12,0,1,17TH AVENUE EAST & ONEIDA STREET NORTH,1,1,0,0,1,4,0,,25,0,0,0,0,2,4,2,13
,2017_64192,39.757986,-104.903451,11/20/2017 18:25,18:25,15,0,0,QUEBEC STREET NORTH & 29TH AVENUE EAST,1,3,0,0,1,3,0,,35,0,0,0,0,0,4,3,13
,2017_64193,39.825486,-104.7719655,11/20/2017 18:36,18:36,1,0,0,71ST AVENUE EAST & TOWER ROAD NORTH,1,2,0,0,1,1,0,,40,0,0,0,0,0,4,2,13
,2017_64194,39.762027,-104.9709105,11/20/2017 18:40,18:40,10,0,0,MLK BOULEVARD EAST & LAFAYETTE STREET NORTH,1,3,0,0,1,1,0,,35,0,0,0,0,1,4,2,7
,2017_64195,39.781782,-104.772267,11/20/2017 21:08,21:08,10,0,0,47TH AVENUE EAST & TOWER ROAD NORTH,1,3,0,0,1,4,0,,25,0,0,0,0,1,4,2,13
,2017_64196,39.772854,-104.865894,11/21/2017 5:51,5:51,12,0,0,40TH AVENUE 11400 BLOCK EAST & HAVANA STREET NORTH,1,4,0,0,1,4,0,,30,0,0,0,0,0,4,2,13
,2017_64197,39.744468,-105.0000435,11/21/2017 13:32,13:32,12,0,0,SPEER BOULEVARD NORTH & ARAPAHOE STREET,1,1,0,0,1,1,0,,35,0,0,0,0,0,4,2,13
,2017_64198,39.69117,-104.9979915,11/21/2017 5:51,5:51,8,0,0,PLATTE RIVER ROAD & INCA STREET SOUTH,1,3,0,0,1,4,0,,35,0,0,0,0,0,4,3,13
,2017_64199,39.747348,-104.999571,11/21/2017 7:38,7:38,15,0,0,LARIMER STREET 1400 BLOCK & 15TH STREET,1,1,0,0,1,4,0,,25,0,0,0,0,0,4,2,13
,2017_64200,39.760191,-104.897601,12/8/2017 18:00,18:00,6,0,0,MARTIN LUTHER KING BOULEVARD EAST & SPRUCE STREET NORTH,1,4,0,0,1,4,0,,,0,0,0,0,0,4,2,13
,2017_64201,39.750237,-104.9874075,11/21/2017 7:45,7:45,12,0,0,BROADWAY NORTH & STOUT STREET,1,1,0,0,1,1,0,,30,0,0,0,0,0,4,2,13
,2017_64202,39.660192,-104.902281,11/21/2017 7:50,7:50,12,0,0,DARTMOUTH AVENUE 8000 BLOCK EAST & TAMARAC DRIVE SOUTH,1,1,0,0,1,4,0,,25,0,0,0,0,0,4,2,13
,2017_64203,39.689343,-104.9223105,11/21/2017 8:19,8:19,3,0,0,HOLLY STREET 1500 BLOCK SOUTH & FLORIDA AVENUE EAST,1,1,0,0,1,2,0,,30,0,0,0,0,0,4,2,13
,2017_64204,39.838023,-104.7097305,11/21/2017 10:55,10:55,3,0,0,78TH AVENUE EAST & CALAWBA COURT,2,1,1,0,1,3,0,,45,0,0,0,0,1,4,2,8
,2017_64205,39.725694,-104.9985945,11/21/2017 11:07,11:07,3,0,0,SIXTH AVENUE WEST & SANTA FE DRIVE NORTH,1,1,0,0,1,1,0,,30,0,0,0,0,0,4,2,3
,2017_64206,39.724119,-104.9473755,11/21/2017 11:55,11:55,12,0,0,FIFTH AVENUE EAST & COOK STREET NORTH,1,1,0,0,1,3,0,,25,0,0,0,0,0,4,2,13
,2017_64207,39.741453,-104.9057955,11/21/2017 12:00,12:00,6,0,0,PONTIAC STREET NORTH & 16TH AVENUE EAST,1,1,0,0,1,4,0,,25,0,0,0,0,0,4,2,7
,2017_64208,39.769443,-105.031521,11/21/2017 12:10,12:10,6,0,0,JULIAN STREET & 38TH AVENUE WEST,1,1,0,0,1,4,0,,25,0,0,0,0,0,4,2,13
,2017_64209,39.747609,-104.997762,11/21/2017 12:24,12:24,6,0,0,LAWRENCE STREET & 15TH STREET,1,1,0,0,1,4,0,,25,0,0,0,0,0,4,2,14
,2017_64210,39.72627,-105.0002055,11/21/2017 13:00,13:00,12,0,1,SIXTH AVENUE 1200 BLOCK WEST & KALAMATH STREET NORTH,1,1,1,0,1,4,0,,50,0,0,0,0,2,4,2,3
,2017_64211,39.72411,-104.943771,11/21/2017 13:26,13:26,6,0,0,GARFIELD STREET NORTH & FIFTH AVENUE EAST,1,1,1,0,1,4,0,,25,0,0,0,0,0,4,2,1
,2017_64212,39.729069,-104.97411,11/21/2017 13:30,13:30,15,0,0,EIGHTH AVENUE EAST & CORONA STREET NORTH,1,1,0,0,1,1,0,,30,0,0,0,0,0,4,2,13
,2017_64213,39.7368,-104.9586435,11/21/2017 14:06,14:06,15,0,0,JOSEPHINE STREET NORTH & 13TH AVENUE EAST,1,1,0,0,1,1,0,,30,0,0,0,0,0,4,2,8
,2017_64214,39.712995,-104.987574,11/21/2017 14:07,14:07,12,0,0,BROADWAY 100 NORTH & CEDAR AVENUE EAST,1,1,0,0,1,4,0,,30,0,0,0,0,0,4,2,13
,2017_64215,39.753423,-104.988402,11/21/2017 14:55,14:55,12,0,0,22ND STREET & ARAPAHOE STREET,1,1,0,0,1,1,0,,30,0,0,0,0,0,4,2,3
,2017_64216,39.74652,-104.9939235,11/21/2017 15:06,15:06,15,0,0,CHAMPA STREET & 16TH STREET,1,1,0,0,1,4,0,,30,0,0,0,0,0,4,2,13
,2017_64217,39.69675,-105.0127245,11/21/2017 15:50,15:50,3,0,0,TEJON STREET SOUTH & MISSISSIPPI AVENUE WEST,1,1,0,1,1,1,0,,30,0,0,0,0,0,4,2,14
,2017_64218,39.7306476,-105.0350728,11/21/2017 16:35,16:35,6,0,0,LOWELL BOULEVARD 900 BLOCK NORTH & 10TH AVENUE WEST,1,1,0,0,1,4,0,,20,0,0,0,0,0,4,2,13
,2017_64219,39.745206,-105.0095835,11/21/2017 16:50,16:50,15,0,0,AURARIA PARKWAY & SEVENTH STREET,1,2,0,0,1,4,0,,40,0,0,0,0,0,4,2,13
,2017_64220,39.703851,-104.9605515,11/21/2017 17:07,17:07,3,0,0,EXPOSITION AVENUE EAST & YORK STREET SOUTH,1,4,0,0,1,1,0,,25,0,0,0,0,0,4,2,16
,2017_64221,39.714804,-105.0109515,11/21/2017 17:09,17:09,3,0,0,BAYAUD AVENUE WEST & TEJON STREET SOUTH,1,1,0,7,1,1,0,,25,0,0,0,0,0,4,2,3
,2017_64222,39.733695,-104.9787135,11/21/2017 17:15,17:15,3,0,0,11TH AVENUE EAST & WASHINGTON STREET NORTH,1,1,0,0,1,1,0,,25,0,0,0,0,0,4,2,14
,2017_64223,39.83700927,-104.6708451,11/21/2017 17:52,17:52,3,0,0,SHADY GROVE SOUTH 7800 BLOCK NORTH & 80TH AVENUE EAST,1,3,0,0,1,1,0,,35,0,0,0,0,0,4,2,1
,2017_64224,39.767634,-104.973354,11/21/2017 18:11,18:11,12,0,0,DOWNING STREET & LARIMIER STREET,1,3,0,0,1,1,0,,30,0,0,0,0,0,4,2,1
,2017_64225,39.736836,-104.912811,11/21/2017 18:19,18:19,12,0,0,MONACO PARKWAY NORTH & 13TH AVENUE EAST,1,3,0,0,1,1,0,,35,0,0,0,0,0,4,2,13
,2017_64226,39.758535,-104.9853915,11/21/2017 19:41,19:41,12,0,0,LARIMER STREET & 26TH STREET,1,3,0,0,1,1,0,,30,0,0,0,0,0,4,2,6
,2017_64227,39.7116,-104.9408055,11/21/2017 21:54,21:54,12,0,0,ALAMEDA AVENUE & COLORADO BOULEVARD,1,3,0,0,1,4,0,,35,0,0,0,0,0,4,2,16
,2017_64228,39.77025706,-104.8996513,12/6/2017 13:16,13:16,6,0,0,SYRACUSE STREET NORTH & 1600 BLOCK NORTH,1,1,0,0,1,4,0,,30,0,0,0,0,0,4,3,14
,2017_64229,39.759579,-105.0017805,11/22/2017 0:00,0:00,15,0,0,20TH STREET 2100 BLOCK & LITTLE RAVEN,1,1,0,0,1,4,0,,25,0,0,0,0,0,4,2,14
,2017_64230,39.755457,-104.9910525,11/22/2017 0:00,0:00,12,0,0,22ND STREET 1400 & MARKET STREET,1,1,0,0,1,1,0,,35,0,0,0,0,0,4,2,8
,2017_64231,39.6404181,-105.029964,11/22/2017 0:15,0:15,6,0,0,IRVING STREET SOUTH & 1300 BLOCK SOUTH,1,3,0,0,1,4,0,,,0,0,0,0,0,4,2,7
,2017_64232,39.751992,-104.976954,11/22/2017 0:29,0:29,6,0,0,24TH AVENUE 800 BLOCK EAST & CLARKSON STREET NORTH,1,3,0,0,1,4,0,,25,0,0,0,0,0,4,2,9
,2017_64233,39.78234802,-104.9613455,11/22/2017 8:00,8:00,6,0,0,GAYLORD STREET NORTH & 1300 BLOCK NORTH,1,1,0,0,1,4,0,,,0,0,0,0,0,4,2,13
,2017_64234,39.758391,-104.9005125,11/22/2017 8:59,8:59,3,0,0,29TH PLACE EAST & ROSLYN STREET NORTH,1,1,0,0,1,1,0,,30,0,0,0,0,0,4,2,8
,2017_64235,39.703833,-104.9500125,11/22/2017 9:03,9:03,12,0,0,STEELE STREET SOUTH & EXPOSITION AVENUE EAST,1,1,0,0,1,3,0,,25,0,0,0,0,0,4,2,3
,2017_64236,39.72906,-104.978754,11/22/2017 9:46,9:46,3,0,0,EIGHTH AVENUE EAST & WASHINGTON STREET NORTH,1,1,0,0,1,1,0,,30,0,0,0,0,0,4,2,14
,2017_64237,39.777984,-104.9223105,11/22/2017 9:48,9:48,1,0,0,STAPLETON SOUTH DRIVE EAST & HOLLY STREET NORTH,1,1,0,0,1,1,0,,25,0,0,0,0,0,4,2,13
,2017_64238,39.696759,-105.0156675,11/22/2017 11:10,11:10,15,0,0,MISSISSIPPI AVENUE 2900 BLOCK WEST & ZUNI STREET NORTH,1,1,0,0,1,4,0,,30,0,0,0,0,0,4,2,13
,2017_64239,39.771009,-104.835285,11/22/2017 11:43,11:43,1,0,0,39TH AVENUE 13100 BLOCK EAST & UVALDA STREET NORTH,1,1,0,0,1,4,0,,30,0,0,0,0,0,4,2,7
,2017_64240,39.742263,-104.9993505,11/22/2017 11:48,11:48,15,0,0,SPEER BOULEVARD NORTH & CHAMPA STREET,1,1,0,0,1,4,0,,30,0,0,0,0,0,4,2,13
,2017_64241,39.785418,-104.8905945,11/22/2017 12:22,12:22,12,0,0,NORTHFIELD BOULEVARD EAST & VERBENA STREET NORTH,1,1,0,0,1,1,0,,35,0,0,0,0,1,4,2,12
,2017_64242,39.75003,-105.0049305,11/22/2017 12:27,12:27,12,0,0,SPEER BOULEVARD NORTH & CHOPPER CIRCLE,1,1,1,0,1,3,0,,35,0,0,0,0,0,4,2,13
,2017_64243,39.734667,-104.935014,11/22/2017 12:35,12:35,3,0,0,12TH AVENUE EAST & CLERMONT STREET NORTH,1,1,0,0,1,1,0,,25,0,0,0,0,0,4,2,6
,2017_64244,39.786219,-104.8469715,11/22/2017 13:00,13:00,3,0,0,PEORIA STREET NORTH & ANDREWS DRIVE EAST,1,1,0,0,1,1,0,,40,0,0,0,0,0,4,2,13
,2017_64245,39.7383978,-104.9712315,11/22/2017 16:30,16:30,12,0,0,14TH AVENUE & 5200 BLOCK EAST,1,2,0,0,1,4,0,,30,0,0,0,0,0,4,2,3
,2017_64246,39.733992,-105.0503625,11/27/2017 11:39,11:39,5,0,0,11TH AVENUE 4857 WEST & XAVIER STREET NORTH,1,1,0,0,3,4,0,,25,0,0,0,0,0,4,1,14
,2017_64247,39.725424,-104.903793,11/22/2017 18:04,18:04,1,0,0,SIXTH AVENUE EAST & QUEBEC STREET NORTH,1,3,0,0,1,1,0,,30,0,0,0,0,0,4,2,1
,2017_64248,39.774015,-104.9128335,11/22/2017 18:27,18:27,10,0,0,MONACO STREET NORTH & 42ND AVENUE EAST,1,3,0,0,1,1,0,,30,0,0,0,0,0,4,2,1
,2017_64249,39.718278,-104.973777,11/22/2017 18:44,18:44,3,0,0,SPEER BOULEVARD EAST & DOWNING STREET NORTH,1,3,0,0,1,1,0,,30,0,0,0,0,1,4,2,2
,2017_64250,39.751992,-104.976954,11/22/2017 21:08,21:08,3,0,0,24TH AVENUE EAST & CLARKSON STREET NORTH,1,3,0,0,1,1,0,,25,0,0,0,0,0,4,2,12
,2017_64251,39.638151,-104.912532,11/22/2017 22:55,22:55,1,0,0,HAPPY CANYON ROAD EAST & MONACO STREET SOUTH,1,3,0,0,1,1,0,,30,0,0,0,0,0,4,2,16
,2017_64252,39.736863,-104.982336,11/22/2017 23:05,23:05,12,0,0,13TH AVENUE 400 BLOCK EAST & LOGAN STREET NORTH,1,3,1,0,1,4,0,,35,0,0,0,0,0,4,2,3
,2017_64253,39.75444,-104.9598,11/23/2017 0:05,0:05,3,0,0,26TH AVENUE EAST & YORK STREET NORTH,1,3,0,0,1,1,0,,30,0,0,0,0,0,4,2,13
,2017_64254,39.755457,-104.9910525,11/23/2017 1:04,1:04,3,0,0,MARKET STREET & 22ND STREET,1,3,0,0,1,1,0,,30,0,0,0,0,1,4,2,13
,2017_64255,39.794175,-104.8410225,11/23/2017 3:13,3:13,6,0,0,55TH AVENUE EAST & TROY STREET NORTH,1,3,0,0,1,4,0,,25,0,0,0,0,0,4,2,2
,2017_64256,39.83346903,-104.692932,11/23/2017 9:05,9:05,15,0,1,PENA BOULEVARD INBOUND 7600 BLOCK & JACKSON GAP STREET,1,1,0,0,1,4,0,,65,0,0,0,0,2,4,2,13
,2017_64257,39.761811,-104.949891,11/23/2017 9:45,9:45,10,0,0,MLK BOULEVARD EAST & STEELE STREET NORTH,1,1,0,0,1,1,0,,25,0,0,0,0,0,4,2,14
,2017_64258,39.759498,-104.90346,11/23/2017 16:35,16:35,1,0,0,QUEBEC STREET NORTH & 29TH DRIVE EAST,1,1,0,0,1,1,0,,30,0,0,0,0,1,4,2,1
,2017_64259,39.638547,-105.041511,11/23/2017 18:05,18:05,3,0,0,QUINCY AVENUE WEST & QUITMAN STREET SOUTH,1,1,0,0,1,1,0,,35,0,0,0,0,0,4,2,13
,2017_64260,39.689478,-105.00687,11/23/2017 18:42,18:42,6,0,0,QUIVAS STREET 1500 BLOCK SOUTH & FLORIDA AVENUE WEST,1,3,0,0,1,4,0,,20,0,0,0,0,1,4,3,10
,2017_64261,39.79294004,-104.8146477,11/23/2017 20:05,20:05,6,0,0,EAGLE STREET & 4400 BLOCK NORTH,1,3,0,0,1,2,0,,25,0,0,0,0,0,4,2,13
,2017_64262,39.631347,-104.8923045,11/23/2017 23:11,23:11,6,0,0,UNION AVENUE WEST & 3737 WEST UNION AVENUE WEST,1,3,0,0,1,4,0,,25,0,0,0,0,0,4,2,1
,2017_64263,39.786183,-104.9530005,11/23/2017 23:57,23:57,6,0,0,FILLMORE STREET 4900 BLOCK NORTH & BEEKMAN PLACE EAST,1,4,0,0,1,4,0,,25,0,0,0,0,0,4,2,13
,2017_64264,39.734181,-104.884713,11/24/2017 20:30,20:30,3,0,0,YOSEMITE STREET NORTH & RICHTHOFEN PLACE EAST,1,3,0,0,1,1,0,,25,0,0,0,0,0,4,2,1
,2017_64265,39.728934,-104.9906115,11/24/2017 7:59,7:59,3,0,0,EIGHTH AVENUE WEST & SPEER BOULEVARD NORTH,1,1,0,0,1,1,0,,30,0,0,0,0,0,4,2,13
,2017_64266,39.72726,-104.987403,11/24/2017 8:42,8:42,15,0,0,BROADWAY STREET NORTH & SEVENTH AVENUE EAST,1,1,0,0,1,4,0,,35,0,0,0,0,0,4,2,8
,2017_64267,39.669462,-104.9875335,11/25/2017 17:26,17:26,6,0,0,BROADWAY STREET 2600 BLOCK SOUTH & VASSAR AVENUE EAST,1,3,0,0,1,4,0,,35,0,0,0,0,0,4,3,13
,2017_64268,39.748446,-105.0033735,11/24/2017 9:25,9:25,3,0,0,SPEER BOULEVARD & AURARIA PARKWAY,1,1,0,0,1,1,0,,35,0,0,0,0,0,4,2,13
,2017_64269,39.762036,-105.011181,11/24/2017 11:31,11:31,5,0,0,32ND AVENUE 1939 WEST & TEJON STREET,1,1,1,0,3,5,0,,25,0,0,0,0,0,4,1,13
,2017_64270,39.75471,-104.9222835,12/4/2017 21:00,21:00,5,0,0,HOLLY STREET 2613 NORTH & 26TH AVENUE EAST,1,3,0,0,3,5,0,,15,0,0,0,0,0,4,1,6
,2017_64271,39.778326,-104.9801715,11/24/2017 15:03,15:03,3,0,0,PEARL STREET NORTH & 45TH AVENUE EAST,1,1,0,0,1,1,0,,25,0,0,0,0,0,4,2,13
,2017_64272,39.720924,-104.9875065,11/25/2017 2:55,2:55,6,0,0,THIRD AVENUE & 3310 WEST THIRD AVENUE,1,4,0,0,1,4,0,,25,0,0,0,0,0,4,3,2
,2017_64273,39.769353,-104.900796,11/24/2017 15:14,15:14,12,0,0,ROSLYN STREET NORTH & 38TH AVENUE EAST,1,1,0,6,1,3,0,,25,0,0,0,0,1,4,2,1
,2017_64274,39.635667,-105.0519531,11/24/2017 15:20,15:20,3,0,0,STANFORD AVENUE WEST & ZEPHYR STREET SOUTH,1,1,0,0,1,1,0,,30,0,0,0,0,0,4,2,13
,2017_64275,39.729078,-104.982408,11/24/2017 15:26,15:26,15,0,0,LOGAN STREET 700 BLOCK NORTH & EIGHTH AVENUE EAST,1,1,0,0,1,4,0,,25,0,0,0,0,0,4,2,13
,2017_64276,39.718404,-104.903784,11/24/2017 15:45,15:45,12,0,0,FIRST AVENUE 7200 BLOCK EAST & QUEBEC STREET NORTH,1,1,0,0,1,1,0,,30,0,0,0,0,0,4,2,13
,2017_64277,39.769551,-105.034617,11/24/2017 17:25,17:25,5,0,0,38TH AVENUE WEST & LOWELL BOULEVARD NORTH,1,3,0,0,1,1,0,,35,0,0,0,0,0,4,2,13
,2017_64278,39.763908,-105.034644,11/24/2017 17:40,17:40,6,0,0,LOWELL BOULEVARD NORTH & 33RD AVENUE WEST,1,2,0,0,1,4,0,,30,0,0,0,0,0,4,2,13
,2017_64279,39.785067,-104.8424445,11/24/2017 18:16,18:16,5,0,1,ANDREWS DRIVE EAST & TROY STREET NORTH,1,3,0,0,2,1,0,,35,0,0,0,0,2,4,1,5
,2017_64280,39.706344,-105.039693,11/24/2017 19:20,19:20,12,0,0,MORRISON ROAD & PERRY STREET SOUTH,1,3,0,0,1,1,0,,25,0,0,0,0,0,4,2,13
,2017_64281,39.844602,-104.6809395,11/27/2017 15:17,15:17,5,0,0,PENA BOULEVARD & 8169 PENA BOULEVARD,1,1,0,0,2,4,0,,10,0,0,0,0,0,4,1,8
,2017_64282,39.785625,-104.89626,11/24/2017 19:38,19:38,8,0,0,NORTHFIELD BOULEVARD EAST & TRENTON STREET NORTH,1,3,0,0,1,4,0,,40,0,0,0,0,0,4,2,8
,2017_64283,39.755187,-104.9809815,11/24/2017 22:50,22:50,3,0,1,26TH STREET & STOUT STREET,1,3,0,0,1,1,0,,25,0,0,0,0,2,4,2,1
,2017_64284,39.801798,-104.7691125,11/26/2017 11:53,11:53,6,0,0,ARGONNE STREET NORTH & 58TH AVENUE EAST,1,1,0,0,1,3,0,,25,0,0,0,0,0,4,2,1