id,drcog_id,latitude,longitude,crashtime,time,crashtype,numbkilled,numbinjurd,drcoglocat,rdconditin,lightngcon,roadcntgrd,weatherco,location,roaddescrp,constrzone,schoolzone,splimit,bikeinv,pedinv,sctrinv,motoinv,svrty,rdsystem,ttlvehcls,hcf
,2017_64285,39.744801,-104.9835735,11/25/2017 0:38,0:38,6,0,0,GRANT STREET NORTH & 18TH AVENUE EAST,1,5,0,0,1,4,0,,35,0,0,0,0,0,4,2,12
,2017_64286,39.76074,-104.9585715,11/25/2017 1:15,1:15,5,0,0,31ST AVENUE EAST & JOSEPHINE STREET NORTH,1,3,0,0,2,4,0,,30,0,0,0,0,0,4,1,1
,2017_64287,39.733839,-104.987394,11/25/2017 1:24,1:24,12,0,0,BROADWAY NORTH & 11TH AVENUE EAST,1,3,0,0,1,4,0,,30,0,0,0,0,0,4,2,14
,2017_64288,39.728934,-104.9906115,11/25/2017 8:25,8:25,3,0,0,SPEER BOULEVARD NORTH & EIGHTH AVENUE WEST,1,1,0,0,1,1,0,,35,0,0,0,0,1,4,2,12
,2017_64289,39.707217,-104.8683015,11/25/2017 10:43,10:43,3,0,0,GALENA WAY SOUTH & VIRGINIA AVENUE EAST,1,1,0,0,1,2,0,,30,0,0,0,1,0,4,2,13
,2017_64290,39.678507,-104.973444,11/25/2017 10:59,10:59,3,0,0,DOWNING STREET SOUTH & EVANS AVENUE EAST,1,1,0,0,1,1,0,,30,0,0,0,0,1,4,2,16
,2017_64291,39.701988,-104.982795,11/25/2017 13:00,13:00,12,0,0,LOGAN STREET SOUTH & OHIO AVENUE EAST,1,1,0,0,1,4,0,,35,0,0,0,0,0,4,3,10
,2017_64292,39.783609,-104.7913916,11/25/2017 13:38,13:38,12,0,0,PENA BOULEVARD & GREEN VALLEY RANCH BOULEVARD EAST,1,1,0,0,1,3,0,,40,0,0,0,0,0,4,2,13
,2017_64293,39.739995,-104.9598135,11/25/2017 14:15,14:15,15,0,0,YORK STREET 1500 BLOCK NORTH & COLFAX AVENUE EAST,1,1,0,0,1,4,0,,30,0,0,0,0,0,4,2,7
,2017_64294,39.798099,-104.8353975,11/25/2017 16:09,16:09,12,0,0,56TH AVENUE 13100 BLOCK EAST & UVALDA STREET NORTH,1,1,0,0,1,4,0,,40,0,0,0,0,0,4,2,13
,2017_64295,39.709323,-105.0192045,12/1/2017 10:52,10:52,5,0,0,CANOSA COURT 300 BLOCK SOUTH & DAKOTA AVENUE WEST,1,1,0,0,3,5,0,,15,0,0,0,0,0,4,1,13
,2017_64296,39.689487,-105.025086,11/25/2017 18:00,18:00,3,0,0,FLORIDA AVENUE 2900 BLOCK WEST & FEDERAL BOULEVARD SOUTH,1,3,0,0,1,2,0,,30,0,0,0,0,0,4,2,13
,2017_64297,39.638727,-104.904081,11/25/2017 18:48,18:48,12,0,0,QUINCY AVENUE 7500 BLOCK EAST & EASTMOOR DRIVE EAST,1,3,1,0,1,4,0,,30,0,0,0,0,0,4,2,3
,2017_64298,39.733623,-104.9941215,11/25/2017 19:13,19:13,3,0,0,11TH AVENUE WEST & SPEER BOULEVARD NORTH,1,3,0,0,1,1,0,,35,0,0,0,0,0,4,2,13
,2017_64299,39.795084,-104.8955715,11/25/2017 20:00,20:00,6,0,0,TAMARAC STREET NORTH & 1575 NORTH TAMARAC STREET NORTH,1,3,0,0,1,4,0,,25,0,0,0,0,0,4,2,14
,2017_64300,39.702006,-104.9816025,11/28/2017 13:25,13:25,6,0,0,PENNSYLVANIA SOUTH 800 BLOCK SOUTH & OHIO AVENUE EAST,1,1,0,0,1,4,0,,,0,0,0,0,0,4,2,13
,2017_64301,39.773529,-104.8179015,3/24/2017 17:21,17:21,6,0,0,ANDREWS DRIVE EAST & 43RD AVENUE EAST,1,1,0,0,1,4,0,,,0,0,0,0,0,4,2,13
,2017_64302,39.759876,-104.890752,11/25/2017 22:07,22:07,3,0,0,CENTRAL PARK BOULEVARD NORTH & MLK BOULEVARD EAST,1,3,0,0,1,1,0,,35,0,0,0,0,1,4,2,4
,2017_64303,39.731265,-105.0475815,11/26/2017 0:00,0:00,6,0,0,WINONA COURT 800 BLOCK NORTH & NINTH AVENUE WEST,1,3,1,0,1,4,0,,20,0,0,0,0,0,4,2,13
,2017_64304,39.73203,-104.987403,11/26/2017 1:56,1:56,15,0,0,BROADWAY STREET 1000 NORTH & 10TH AVENUE EAST,1,3,0,0,1,4,0,,30,0,0,0,0,0,4,2,13
,2017_64305,39.749463,-104.973381,11/26/2017 2:07,2:07,6,0,1,DOWNING STREET & 22ND AVENUE EAST,1,3,0,0,1,4,0,,30,0,0,0,0,2,4,8,9
,2017_64306,39.727305,-104.9986125,11/26/2017 3:15,3:15,12,0,0,SEVENTH AVENUE WEST & SANTA FE DRIVE NORTH,1,3,0,0,1,5,0,,,0,0,0,0,0,4,2,13
,2017_64307,39.744657,-104.9963625,11/26/2017 7:00,7:00,6,0,0,14TH STREET & CHAMPA STREET,1,3,0,0,1,4,0,,30,0,0,0,0,0,4,2,13
,2017_64308,39.7351514,-104.9732032,11/26/2017 9:55,9:55,3,0,0,12TH AVENUE & 2300 BLOCK EAST,1,1,0,0,1,5,0,,10,0,0,0,0,0,4,2,13
,2017_64309,39.725631,-104.9874435,11/26/2017 13:00,13:00,10,0,0,BROADWAY & SIXTH AVENUE EAST,1,1,0,0,1,1,0,,30,0,0,0,0,0,4,2,13
,2017_64310,39.672954,-104.929911,11/26/2017 13:00,13:00,5,0,0,EUDORA STREET 2380 BLOCK SOUTH & WESLEY PLACE EAST,1,4,0,0,4,2,0,,25,0,0,0,0,0,4,1,12
,2017_64311,39.767382,-104.90346,11/26/2017 13:02,13:02,3,0,0,36TH AVENUE EAST & QUEBEC STREET NORTH,1,1,0,0,1,1,0,,35,0,0,0,0,0,4,2,7
,2017_64312,39.713049,-105.014475,11/26/2017 13:08,13:08,15,0,0,YUMA STREET & CEDAR AVENUE WEST,1,1,0,0,1,4,0,,25,0,0,0,0,1,4,3,13
,2017_64313,39.736845,-104.9873715,11/26/2017 13:28,13:28,6,0,0,BROADWAY STREET NORTH & 13TH AVENUE WEST,1,1,0,0,1,4,0,,30,0,0,0,0,0,4,2,13
,2017_64314,39.707451,-105.0381225,11/26/2017 17:10,17:10,12,0,0,MORRISON ROAD & OSCEOLA STREET SOUTH,1,3,0,0,1,1,0,,30,0,0,0,0,1,4,2,4
,2017_64315,39.711366,-104.912964,11/26/2017 18:15,18:15,1,0,0,MONACO STREET SOUTH & ALAMEDA AVENUE EAST,1,3,0,0,1,1,0,,35,0,0,0,0,1,4,2,13
,2017_64316,39.78455738,-105.0345236,11/26/2017 18:26,18:26,6,0,0,LOWELL BOULEVARD 4800 BLOCK NORTH & 49TH AVENUE NORTH,1,3,0,0,1,3,0,,25,0,0,0,0,0,4,2,1
,2017_64317,39.733416,-104.9586435,11/26/2017 18:38,18:38,10,0,0,JOSEPHINE STREET NORTH & 11TH AVENUE EAST,1,3,1,0,1,2,0,,30,0,0,0,0,0,4,2,8
,2017_64318,39.728934,-104.9906115,11/26/2017 18:40,18:40,15,0,0,SPEER BOULEVARD NORTH & EIGHTH AVENUE WEST,1,3,0,0,1,1,0,,35,0,0,0,0,0,4,2,7
,2017_64319,39.664755,-105.0454935,11/27/2017 6:11,6:11,6,0,0,UTICA STREET 2800 BLOCK SOUTH & AMHERST AVENUE WEST,1,3,1,0,1,4,0,,25,0,0,0,0,0,4,2,13
,2017_64320,39.711186,-104.997132,11/27/2017 6:15,6:15,15,0,0,SANTA FE DRIVE SOUTH & ALAMEDA AVENUE WEST,1,1,0,0,1,4,0,,30,0,0,0,0,0,4,2,7
,2017_64321,39.711366,-104.912964,11/27/2017 6:25,6:25,1,0,0,MONACO STREET SOUTH & ALAMEDA AVENUE EAST,1,3,0,0,1,1,0,,35,0,0,0,0,0,4,2,13
,2017_64322,39.682242,-105.0274935,11/27/2017 6:41,6:41,3,0,0,JEWELL AVENUE & HAZEL COURT SOUTH,1,1,0,0,1,2,0,,15,0,0,0,0,0,4,2,13
,2017_64323,39.696561,-104.875272,11/27/2017 7:34,7:34,3,0,0,MISSISSIPPI AVENUE EAST & DAYTON STREET SOUTH,1,1,0,0,1,1,0,,25,0,0,0,0,0,4,2,5
,2017_64324,39.778047,-104.8471245,11/27/2017 7:55,7:55,12,0,0,PEORIA STREET NORTH & 45TH AVENUE EAST,1,1,0,0,1,3,0,,35,0,0,0,0,0,4,2,13
,2017_64325,39.682755,-104.959332,11/27/2017 7:59,7:59,12,0,0,UNIVERSITY BL 1800 BLOCK SOUTH & BUCHTEL BOULEVARD EAST,1,1,0,0,1,2,0,,30,0,0,0,0,0,4,2,16
,2017_64326,39.636486,-104.885253,11/27/2017 8:30,8:30,12,0,0,YOSEMITE STREET SOUTH & RADCLIFF AVENUE EAST,1,1,0,0,1,4,0,,35,0,0,0,0,0,4,2,3
,2017_64327,39.772872,-104.9659245,11/27/2017 8:50,8:50,12,0,0,WILLIAMS STREET NORTH & 40TH AVENUE EAST,1,1,0,0,1,1,0,,25,0,0,0,0,0,4,2,13
,2017_64328,39.7467,-104.9989815,11/27/2017 9:41,9:41,5,0,0,LAWRENCE STREET 1377 & 14TH STREET,1,1,0,0,2,4,0,,25,0,0,0,0,0,4,1,14
,2017_64329,39.702006,-104.959341,11/27/2017 11:00,11:00,12,0,0,UNIVERSITY BOULEVARD SOUTH & OHIO AVENUE EAST,1,1,0,0,1,1,0,,30,0,0,0,0,0,4,2,3
,2017_64330,39.69486,-104.996781,11/27/2017 11:30,11:30,10,0,1,HURON STREET SOUTH & ARIZONA AVENUE WEST,1,1,0,0,1,2,0,,25,0,0,0,1,2,4,2,1
,2017_64331,39.720924,-104.9875065,11/27/2017 11:49,11:49,12,0,0,BROADWAY NORTH & THIRD AVENUE EAST,1,1,0,0,1,3,0,,35,0,0,0,0,1,4,2,1
,2017_64332,39.73195332,-104.9822755,11/27/2017 12:00,12:00,6,0,0,LOGAN STREET NORTH & 1200 BLOCK NORTH,1,1,0,0,1,4,0,,30,0,0,0,0,0,4,2,1
,2017_64333,39.782394,-104.848956,11/27/2017 12:57,12:57,10,0,0,47TH AVENUE EAST & PARIS STREET NORTH,1,1,1,0,1,1,0,,25,0,0,0,0,0,4,2,7
,2017_64334,39.711141,-104.9840235,11/27/2017 15:10,15:10,3,0,0,GRANT STREET SOUTH & ALAMEDA AVENUE EAST,1,1,0,0,1,1,0,,25,0,0,0,0,0,4,2,13
,2017_64335,39.773394,-104.90823,11/27/2017 15:38,15:38,3,0,0,SANDOWN ROAD EAST & ONEIDA STREET NORTH,1,1,0,0,1,1,0,,30,0,0,0,0,0,4,2,1
,2017_64336,39.79146113,-104.8306873,11/27/2017 15:48,15:48,3,0,0,UVALDA STREET NORTH & WORCHESTER STREET NORTH,1,1,1,0,1,1,0,,25,0,0,0,0,0,4,2,7
,2017_64337,39.732849,-104.8905855,11/27/2017 16:08,16:08,6,0,0,11TH AVENUE EAST & VERBENA STREET NORTH,1,1,0,0,1,3,0,,25,0,0,0,0,0,4,2,1
,2017_64338,39.780234,-104.978493,11/27/2017 17:10,17:10,12,0,0,WASHINGTON STREET 4600 BLOCK NORTH & 47TH AVENUE WEST,1,1,1,0,1,4,0,,35,0,0,0,0,0,4,2,13
,2017_64339,39.667581,-104.9593905,11/27/2017 17:15,17:15,1,0,0,UNIVERSITY BOULEVARD SOUTH & YALE AVENUE EAST,1,3,0,0,1,1,0,,30,0,0,0,0,1,4,2,13
,2017_64340,39.711105,-104.97339,11/27/2017 18:05,18:05,12,0,0,DOWNING STREET 200 BLOCK SOUTH & ALAMEDA AVENUE EAST,1,4,0,0,1,4,0,,30,0,0,0,0,0,4,3,13
,2017_64341,39.697956,-104.8823235,11/27/2017 20:05,20:05,1,0,0,MISSISSIPPI AVENUE EAST & ALTON STREET SOUTH,1,3,0,0,1,1,0,,40,0,0,0,0,0,4,2,13
,2017_64342,39.730428,-104.9873895,11/27/2017 21:31,21:31,15,0,0,NINTH AVENUE EAST & BROADWAY STREET NORTH,2,3,0,0,1,1,0,,30,0,0,0,0,1,4,2,13
,2017_64343,39.742659,-105.0417,11/27/2017 22:00,22:00,6,0,0,16TH AVENUE WEST & RALEIGH STREET NORTH,1,3,0,0,1,4,0,,,0,0,0,0,0,4,2,13
,2017_64344,39.79623403,-104.8363642,11/28/2017 3:50,3:50,6,0,0,PENSACOLA PLACE & 14900 BLOCK EAST,1,4,0,0,1,4,0,,25,0,0,0,0,0,4,2,13
,2017_64345,39.844602,-104.6809395,11/28/2017 5:41,5:41,15,0,0,PENA BOULEVARD OUTBOUND & 8400 BLOCK,1,3,1,0,1,4,0,,15,0,0,0,0,0,4,2,13
,2017_64346,39.7170765,-104.8955513,11/28/2017 6:45,6:45,10,0,0,LOWRY BOULEVARD EAST ROUNDABOUT & FAIRMOUNT DRIVE,1,1,0,0,1,6,0,,25,0,0,0,0,0,4,2,14
,2017_64347,39.725604,-104.958864,11/28/2017 7:03,7:03,12,0,0,SIXTH AVENUE EAST & JOSEPHINE STREET NORTH,1,2,0,0,1,4,0,,30,0,0,0,0,0,4,2,16
,2017_64348,39.740022,-104.998824,11/28/2017 16:20,16:20,12,0,0,SPEER BOULEVARD NORTH & COLFAX AVENUE WEST,2,1,0,0,1,3,0,,,0,0,0,0,0,4,2,13
,2017_64349,39.76090776,-104.9003048,11/28/2017 8:12,8:12,15,0,0,MLK BOULEVARD & IOLA STREET NORTH,1,1,0,0,1,1,0,,30,0,0,0,0,0,4,2,13
,2017_64350,39.752154,-104.9988465,11/28/2017 9:10,9:10,12,0,0,WAZEE STREET & 1900 WAZEE STREET,1,1,0,0,1,2,0,,25,0,0,0,0,0,4,2,13
,2017_64351,39.716523,-104.9745735,11/28/2017 9:35,9:35,6,0,0,CORONA STREET 00 BLOCK NORTH & ELLSWORTH AVENUE EAST,1,1,0,0,1,4,0,,,0,0,0,0,0,4,2,13
,2017_64352,39.743388,-104.987394,11/28/2017 10:00,10:00,12,0,0,COURT PLACE & BROADWAY STREET NORTH,1,1,0,0,1,1,0,,30,0,0,0,0,0,4,2,13
,2017_64353,39.746007,-104.9977305,11/28/2017 10:24,10:24,15,0,0,ARAPAHOE STREET 1400 BLOCK & 15TH STREET,1,1,0,7,1,4,0,,25,0,0,0,0,0,4,2,16
,2017_64354,39.703851,-104.95935,11/28/2017 11:08,11:08,3,0,0,EXPOSITION AVENUE EAST & UNIVERSITY BOULEVARD SOUTH,1,1,0,0,1,1,0,,35,0,0,0,0,0,4,2,4
,2017_64355,39.765249,-104.8988925,11/28/2017 11:34,11:34,3,0,0,35TH AVENUE 7500 BLOCK EAST & SYRACUSE STREET NORTH,1,1,0,0,1,2,0,,30,0,0,0,0,0,4,2,13
,2017_64356,39.674889,-104.9875335,11/28/2017 12:15,12:15,12,0,0,BROADWAY STREET 2200 BLOCK SOUTH & ILIFF AVENUE WEST,1,1,0,0,1,4,0,,35,0,0,0,0,0,4,2,3
,2017_64357,39.68568,-104.943024,11/28/2017 12:34,12:34,6,0,0,JACKSON STREET SOUTH & MEXICO AVENUE EAST,1,1,1,0,1,4,0,,25,0,0,0,0,0,4,2,1
,2017_64358,39.78856528,-105.0555596,11/28/2017 13:10,13:10,6,0,0,BENTON STREET 5100 BLOCK NORTH & 52ND AVENUE WEST,1,1,1,0,1,4,0,,25,0,0,0,0,0,4,2,13
,2017_64359,39.667635,-104.9664645,11/28/2017 14:15,14:15,12,0,0,YALE AVENUE EAST & WILLIAMS STREET SOUTH,1,1,0,0,1,4,0,,30,0,0,0,0,0,4,2,13
,2017_64360,39.73842,-104.9752845,11/28/2017 14:44,14:44,15,0,0,14TH AVENUE EAST & ODGEN STREET NORTH,1,1,0,0,1,3,0,,30,0,0,0,0,0,4,2,13
,2017_64361,39.798387,-104.861304,11/28/2017 14:49,14:49,12,0,0,56TH AVENUE EAST & JOLIET STREET NORTH,1,1,1,0,1,4,1,,45,0,0,0,0,1,4,2,13
,2017_64362,39.730428,-104.979933,11/28/2017 15:16,15:16,6,0,0,PEARL STREET 900 BLOCK NORTH & NINTH AVENUE EAST,1,1,0,0,1,4,0,,25,0,0,0,0,0,4,2,3
,2017_64363,39.750786,-104.9970735,11/28/2017 15:18,15:18,3,0,0,17TH STREET & MARKET STREET,1,1,0,0,1,1,0,,30,0,0,0,0,1,4,2,2
,2017_64364,39.711159,-104.9900175,11/28/2017 16:30,16:30,12,0,0,ALAMEDA AVENUE 100 BLOCK WEST & BANNOCK STREET SOUTH,1,2,0,0,1,4,0,,35,0,0,0,0,0,4,3,5
,2017_64365,39.783717,-104.981184,12/4/2017 7:00,7:00,6,0,0,PENNSYLVANIA STREET 4774 NORTH & 48TH AVENUE WEST,1,2,0,0,1,4,0,,25,0,0,0,0,0,4,2,14
,2017_64366,39.747456,-104.888214,11/28/2017 16:39,16:39,12,0,0,MONTVIEW BOULEVARD EAST & WILLOW STREET NORTH,1,1,0,0,1,3,0,,30,0,0,0,0,0,4,2,7
,2017_64367,39.624192,-104.89473,11/28/2017 16:49,16:49,12,0,0,BELLEVIEW AVENUE 8000 BLOCK EAST & ULSTER STREET SOUTH,1,3,0,0,1,4,0,,35,0,0,0,0,1,4,2,13
,2017_64368,39.728934,-104.992866,11/28/2017 16:51,16:51,3,0,0,DELAWARE STREET NORTH & EIGHTH AVENUE WEST,1,1,1,0,1,1,0,,25,0,0,0,0,0,4,2,13
,2017_64369,39.758355,-105.011802,11/28/2017 18:24,18:24,15,0,0,15TH STREET & BOULDER STREET,1,3,1,0,1,1,0,,30,0,0,0,0,0,4,2,13
,2017_64370,39.711141,-104.987592,11/28/2017 18:40,18:40,12,0,0,ALAMEDA AVENUE WEST & BROADWAY STREET SOUTH,1,3,0,0,1,1,0,,35,0,0,0,0,1,4,2,16
,2017_64371,39.774942,-104.9780205,11/28/2017 18:53,18:53,12,0,0,38TH STREET & ARKINS COURT,1,3,1,0,1,3,0,,35,0,0,0,0,0,4,2,3
,2017_64372,39.789288,-104.844672,11/28/2017 21:45,21:45,1,0,0,51ST AVENUE EAST & QUENTIN STREET NORTH,1,3,0,0,1,1,0,,35,0,0,0,0,0,4,2,13
,2017_64373,39.689514,-105.0203655,11/28/2017 21:55,21:55,1,0,0,FLORIDA AVENUE WEST & CLAY STREET SOUTH,1,3,0,0,1,1,0,,,0,0,0,0,0,4,2,14
,2017_64374,39.783771,-104.8096575,11/29/2017 5:56,5:56,15,0,0,CHAMBERS ROAD NORTH & GREEN VALLEY RANCH BOULEVARD,1,2,0,0,1,4,0,,,0,0,0,0,0,4,2,13
,2017_64375,39.678696,-105.015681,11/29/2017 6:30,6:30,1,0,0,EVANS AVENUE WEST & ZUNI STREET SOUTH,1,3,0,0,1,1,0,,35,0,0,0,0,1,4,2,13
,2017_64376,39.761964,-104.903451,11/29/2017 6:50,6:50,15,0,0,MLK BOULEVARD & QUEBEC STREET,1,1,0,0,1,4,0,,,0,0,0,0,0,4,2,13
,2017_64377,39.798396,-104.786415,11/29/2017 7:13,7:13,15,0,0,56TH AVENUE 17700 BLOCK EAST & PENA BOULEVARD,1,1,0,0,1,4,0,,40,0,0,0,0,0,4,2,16
,2017_64378,39.725694,-104.9985945,11/29/2017 8:09,8:09,12,0,0,SIXTH AVENUE WEST & SANTA FE DRIVE NORTH,1,1,0,0,1,1,0,,25,0,0,0,0,0,4,2,14
,2017_64379,39.740022,-104.998824,11/29/2017 9:03,9:03,12,0,0,SPEER BOULEVARD 1400 BLOCK & COLFAX AVENUE WEST,1,1,0,0,1,4,0,,35,0,0,0,0,1,4,2,14
,2017_64380,39.721419,-104.9034825,11/30/2017 16:55,16:55,12,0,0,QUEBEC STREET NORTH & THIRD AVENUE EAST,1,2,0,0,1,3,0,,,0,0,0,0,0,4,2,13
,2017_64381,39.718332,-104.966784,11/29/2017 9:34,9:34,15,0,0,FIRST AVENUE EAST & GILPIN STREET NORTH,1,1,0,0,1,3,0,,30,0,0,0,0,0,4,2,13
,2017_64382,39.771783,-104.737473,11/29/2017 12:55,12:55,6,0,0,ORLEANS COURT NORTH & 40TH PLACE EAST,1,1,0,0,1,4,0,,25,0,0,0,0,0,4,2,7
,2017_64383,39.778686,-104.8589955,11/29/2017 13:00,13:00,3,0,0,KINGSTON STREET NORTH & 45TH AVENUE EAST,1,1,0,0,1,1,0,,25,0,0,0,0,0,4,2,13
,2017_64384,39.774528,-104.9223105,11/29/2017 13:41,13:41,15,0,0,HOLLY STREET NORTH & SMITH ROAD EAST,1,1,0,0,1,3,0,,30,0,0,0,0,0,4,2,13
,2017_64385,39.8356446,-104.6717644,11/29/2017 14:21,14:21,12,0,0,SHADY GROVE SOUTH 7600 BLOCK NORTH & PENA BOULEVARD,1,1,0,0,1,3,0,,25,0,0,0,0,0,4,2,1
,2017_64386,39.783609,-104.7913916,11/29/2017 14:30,14:30,12,0,0,PENA BOULEVARD & GREEN VALLEY RANCH BOULEVARD,1,1,1,0,1,4,0,,65,0,0,0,0,0,4,2,3
,2017_64387,39.758409,-105.014457,11/29/2017 14:30,14:30,10,0,0,29TH AVENUE WEST & WYANDOT STREET NORTH,1,1,1,0,1,4,0,,25,0,0,0,0,0,4,2,13
,2017_64388,39.798297,-104.7999735,11/29/2017 14:35,14:35,12,0,0,LAREDO STREET NORTH & 56TH AVENUE EAST,1,1,0,0,1,1,0,,25,0,0,0,0,0,4,2,13
,2017_64389,39.71835,-104.9745915,11/29/2017 14:39,14:39,15,0,0,SPEER BOULEVARD EAST & CORONA STREET NORTH,1,1,0,0,1,1,0,,30,0,0,0,0,0,4,2,13
,2017_64390,39.71835,-104.9837715,11/29/2017 14:42,14:42,3,0,1,FIRST AVENUE EAST & GRANT STREET NORTH,1,1,0,0,1,1,0,,30,0,0,0,0,2,4,2,13
,2017_64391,39.794364,-104.814702,11/29/2017 14:47,14:47,5,0,0,MAXWELL PLACE 14800 BLOCK EAST & ELKHART STREET NORTH,1,1,1,0,3,3,0,,25,0,0,0,0,0,4,1,7
,2017_64392,39.725595,-104.974101,11/29/2017 15:14,15:14,3,0,0,SIXTH AVENUE EAST & CORONA STREET NORTH,1,2,0,0,1,1,0,,35,0,0,0,0,0,4,2,3
,2017_64393,39.751029,-104.940783,11/29/2017 15:26,15:26,12,0,0,23RD AVENUE EAST & COLORADO BOULEVARD NORTH,1,1,0,0,1,4,0,,30,0,0,0,0,0,4,3,12
,2017_64394,39.748122,-104.993595,11/29/2017 21:00,21:00,5,0,0,17TH STREET 1000 BLOCK & CURTIS STREET,1,3,0,0,3,4,0,,25,0,0,0,0,0,4,1,5
,2017_64395,39.703887,-104.912964,11/29/2017 15:36,15:36,15,0,0,MONACO STREET SOUTH & EXPOSITION AVENUE EAST,1,1,0,0,1,4,0,,30,0,0,0,0,0,4,2,13
,2017_64396,39.678642,-105.036552,11/29/2017 16:28,16:28,6,0,0,NEWTON STREET SOUTH & EVANS AVENUE WEST,1,1,0,0,1,4,0,,,0,0,0,0,0,4,2,13
,2017_64397,39.689316,-104.950035,11/29/2017 16:50,16:50,1,0,0,FLORIDA AVENUE EAST & STEELE STREET SOUTH,1,2,0,0,1,1,0,,25,0,0,0,0,1,4,2,7
,2017_64398,39.71835,-104.9862735,11/29/2017 16:52,16:52,12,0,0,LINCOLN STREET NORTH & FIRST AVENUE EAST,1,3,0,0,1,1,0,,35,0,0,0,0,0,4,2,5
,2017_64399,39.798261,-104.847282,11/29/2017 17:34,17:34,12,0,0,56TH AVENUE EAST & PEORIA STREET NORTH,1,3,1,0,1,3,0,,40,0,0,0,0,0,4,4,13
,2017_64400,39.703887,-104.912964,11/30/2017 8:15,8:15,12,0,0,EXPOSITION AVENUE EAST & MONACO STREET SOUTH,1,1,0,0,1,1,0,,35,0,0,0,0,1,4,2,14
,2017_64401,39.756987,-105.0178005,11/29/2017 18:00,18:00,12,0,1,SPEER BOULEVARD NORTH & ALCOTT STREET NORTH,1,3,1,0,1,1,0,,35,0,0,0,0,2,4,3,5
,2017_64402,39.735108,-104.947272,11/29/2017 18:05,18:05,6,0,0,COOK STREET NORTH & 12TH AVENUE EAST,1,3,0,0,1,4,0,,25,0,0,0,0,0,4,2,13
,2017_64403,39.771774,-104.903442,11/29/2017 18:29,18:29,5,0,0,QUEBEC STREET NORTH & SMITH ROAD EAST,1,3,0,0,2,1,0,,45,0,0,0,0,0,4,1,10
,2017_64404,39.756807,-104.980644,12/23/2017 0:14,0:14,6,0,0,CHAMPA STREET & 27TH STREET,1,3,0,0,1,4,0,,,0,0,0,0,1,4,2,5
,2017_64405,39.772899,-104.9498235,11/29/2017 19:50,19:50,12,0,0,STEELE STREET NORTH & 40TH AVENUE EAST,1,3,0,0,1,3,0,,30,0,0,0,0,0,4,2,1
,2017_64406,39.758517,-104.9302215,11/29/2017 21:37,21:37,6,0,0,EUDORA STREET 2900 BLOCK NORTH & 30TH AVENUE EAST,1,3,0,0,1,3,0,,25,0,0,0,0,0,4,2,9
,2017_64407,39.714966,-105.032493,11/30/2017 4:30,4:30,3,0,0,KNOX COURT SOUTH & BAYAUD AVENUE WEST,1,3,0,0,1,1,0,,,0,0,0,0,0,4,2,13
,2017_64408,39.738357,-104.954157,11/30/2017 6:14,6:14,12,0,0,14TH AVENUE EAST & DETROIT STREET NORTH,1,1,0,0,1,4,0,,25,0,0,0,0,0,4,3,14
,2017_64409,39.736845,-104.98617,11/30/2017 6:15,6:15,3,0,0,13TH AVENUE EAST & LINCOLN STREET NORTH,1,3,0,0,1,1,0,,30,0,0,0,0,0,4,2,14
,2017_64410,39.798099,-104.8353975,11/30/2017 7:05,7:05,12,0,0,56TH AVENUE EAST & UVALDA STREET NORTH,1,1,0,0,1,4,0,,40,0,0,0,0,0,4,2,13
,2017_64411,39.696759,-105.0274935,11/30/2017 7:37,7:37,3,0,2,MISSISSIPPI AVENUE WEST & HAZEL COURT SOUTH,1,1,0,0,1,1,0,,25,0,0,0,0,2,4,2,13
,2017_64412,39.72411,-104.9985945,11/30/2017 7:53,7:53,3,0,0,FIFTH AVENUE 2 & SANTA FE DRIVE NORTH,1,1,0,0,1,1,0,,25,0,0,0,0,0,4,2,13
,2017_64413,39.75598641,-104.9867881,11/30/2017 22:10,22:10,6,0,0,LAWRENCE STREET & 2400 BLOCK LAWRENCE STREET,1,3,0,0,1,4,0,,,0,0,0,0,0,4,4,13
,2017_64414,39.720987,-104.9594445,11/30/2017 8:02,8:02,12,0,0,UNIVERSITY BOULEVARD NORTH & THIRD AVENUE EAST,1,1,0,0,1,3,0,,30,0,0,0,0,0,4,2,13
,2017_64415,39.766329,-104.900814,11/30/2017 11:40,11:40,15,0,0,QUEBEC STREET 3500 BLOCK NORTH & 35TH AVENUE EAST,1,1,1,0,1,1,0,,45,0,0,0,0,0,4,2,2
,2017_64416,39.739977,-104.987421,11/30/2017 12:31,12:31,15,0,0,BROADWAY STREET NORTH & COLFAX AVENUE EAST,1,1,0,0,1,4,0,,35,0,0,0,0,0,4,2,13
,2017_64417,39.782385,-104.847093,11/30/2017 13:11,13:11,15,0,0,PEORIA STREET NORTH & 47TH AVENUE EAST,1,1,0,0,1,1,0,,40,0,0,0,0,0,4,2,7
,2017_64418,39.741957,-104.898744,11/30/2017 13:50,13:50,3,0,0,16TH AVENUE EAST & SYRACUSE STREET NORTH,1,1,0,0,1,1,0,,30,0,0,0,0,0,4,2,13