id,drcog_id,latitude,longitude,crashtime,time,crashtype,numbkilled,numbinjurd,drcoglocat,rdconditin,lightngcon,roadcntgrd,weatherco,location,roaddescrp,constrzone,schoolzone,splimit,bikeinv,pedinv,sctrinv,motoinv,svrty,rdsystem,ttlvehcls,hcf
,2017_64419,39.634299,-105.109812,11/30/2017 14:11,14:11,3,0,0,KIPLING STREET SOUTH & STANFORD AVENUE WEST,1,1,0,0,1,2,0,,45,0,0,0,0,0,4,2,13
,2017_64420,39.742263,-104.9993505,11/30/2017 14:43,14:43,3,0,0,SPEER BOULEVARD NORTH & CHAMPA STREET,1,1,0,0,1,1,0,,30,0,0,0,0,0,4,3,8
,2017_64421,39.736863,-104.9752845,11/30/2017 14:45,14:45,6,0,0,OGDEN STREET NORTH & 13TH AVENUE EAST,1,1,0,0,1,2,0,,25,0,0,0,1,0,4,2,13
,2017_64422,39.737025,-104.9997015,11/30/2017 14:58,14:58,15,0,0,KALAMATH STREET 1300 BLOCK NORTH & 13TH AVENUE WEST,1,1,1,0,1,4,0,,30,0,0,0,0,0,4,2,13
,2017_64423,39.712914,-104.9674905,4/11/2017 20:12,20:12,6,0,0,CEDAR AVENUE EAST & GILPIN STREET SOUTH,1,4,1,0,1,4,0,,25,0,0,0,0,0,4,2,3
,2017_64424,39.777165,-104.833413,11/30/2017 15:20,15:20,10,0,0,CARSON STREET NORTH & ALBROOK DRIVE EAST,1,1,0,0,1,4,0,,25,0,0,0,0,0,4,2,7
,2017_64425,39.689307,-104.9384115,11/30/2017 15:25,15:25,3,0,0,FLORIDA AVENUE EAST & ASH STREET SOUTH,1,1,0,0,1,1,0,,25,0,0,0,0,0,4,2,13
,2017_64426,39.744846,-104.9748075,11/30/2017 15:48,15:48,12,0,0,18TH AVENUE 1000 BLOCK EAST & OGDEN STREET,1,1,0,0,1,4,0,,30,0,0,0,0,1,4,3,14
,2017_64427,39.678435,-104.9187915,11/30/2017 15:55,15:55,15,0,0,EVANS AVENUE EAST & JASMINE STREET SOUTH,1,2,0,0,1,3,0,,35,0,0,0,0,0,4,2,12
,2017_64428,39.707064,-104.8854105,11/30/2017 16:13,16:13,1,0,0,ALAMEDA AVENUE EAST & XENIA STREET SOUTH,1,1,0,0,1,1,0,,35,0,0,0,0,0,4,2,13
,2017_64429,39.711186,-104.997132,11/30/2017 16:25,16:25,12,0,0,ALAMEDA AVENUE 800 BLOCK WEST & SANTA FE DRIVE SOUTH,1,1,0,0,1,4,0,,30,0,0,0,0,0,4,2,12
,2017_64430,39.700206,-104.9272335,11/30/2017 16:30,16:30,15,0,0,CHERRY CREEK EAST & KENTUCKY AVENUE EAST,1,1,0,0,1,4,0,,30,0,0,0,0,0,4,2,13
,2017_64431,39.692997,-104.9792715,11/30/2017 16:30,16:30,6,0,0,WASHINGTON STREET SOUTH & LOUISIANA AVENUE EAST,1,2,0,0,1,4,0,,,0,0,0,0,0,4,2,13
,2017_64432,39.757158,-105.0158205,11/30/2017 17:00,17:00,15,0,0,ZUNI STREET NORTH & 28TH AVENUE WEST,1,3,1,0,1,4,0,,30,0,0,0,0,0,4,2,8
,2017_64433,39.67866,-105.020352,11/30/2017 17:14,17:14,3,0,0,EVANS AVENUE WEST & CLAY STREET SOUTH,1,2,0,0,1,3,0,,,0,0,0,0,0,4,2,13
,2017_64434,39.724128,-104.9582655,11/30/2017 17:23,17:23,3,0,0,FIFTH AVENUE EAST & JOSEPHINE STREET NORTH,1,3,0,0,1,1,0,,30,0,0,0,0,0,4,2,14
,2017_64435,39.718152,-105.032484,11/30/2017 17:35,17:35,12,0,0,KNOX COURT NORTH & FIRST AVENUE WEST,1,3,0,0,1,2,0,,35,0,0,0,0,0,4,3,14
,2017_64436,39.764142,-104.89014,11/30/2017 18:00,18:00,12,0,0,CENTRAL PARK 3400 BLOCK NORTH & 35TH AVENUE EAST,1,3,0,0,1,4,0,,30,0,0,0,0,0,4,2,7
,2017_64437,39.74744149,-104.8958575,11/30/2017 18:15,18:15,12,0,0,MONTVIEW BOULEVARD EAST & 5300 BLOCK EAST,1,3,0,0,1,4,0,,30,0,0,0,0,1,4,2,7
,2017_64438,39.769605,-104.8474125,11/30/2017 18:19,18:19,15,0,0,PEORIA STREET NORTH & 38TH AVENUE EAST,1,3,2,1,1,4,0,,40,0,0,0,0,0,4,2,13
,2017_64439,39.680253,-104.9579325,11/30/2017 20:42,20:42,6,0,0,JOSEPHINE STREET 2000 BLOCK SOUTH & ASBURY AVENUE EAST,1,3,0,0,1,4,0,,25,0,0,0,0,0,4,2,14
,2017_64440,39.689388,-104.987511,11/30/2017 20:42,20:42,6,0,0,BROADWAY STREET 1500 BLOCK SOUTH & FLORIDA AVENUE WEST,1,3,0,0,1,4,0,,35,0,0,0,0,1,4,5,5
,2017_64441,39.758418,-104.996151,12/1/2017 4:16,4:16,5,0,0,29TH STREET & DELGANY STREET,1,3,0,0,3,2,0,,30,0,0,0,0,0,4,2,10
,2017_64442,39.72393,-104.8839413,12/1/2017 6:49,6:49,12,0,0,LOWRY BOULEVARD EAST & YOSEMITE STREET NORTH,1,1,0,0,1,1,0,,,0,0,0,0,0,4,3,13
,2017_64443,39.737268,-104.909364,12/1/2017 7:52,7:52,3,0,0,NEWPORT STREET NORTH & 13TH AVENUE EAST,1,1,0,0,1,1,0,,25,0,0,0,0,0,4,3,16
,2017_64444,39.738348,-104.94837,12/1/2017 8:20,8:20,12,0,0,14TH AVENUE EAST & ADAMS STREET NORTH,1,1,0,0,1,4,0,,35,0,0,0,0,0,4,2,16
,2017_64445,39.65841641,-104.8851563,12/1/2017 8:55,8:55,12,0,0,YOSEMITE STREET SOUTH & EASTMAN AVENUE EAST,1,1,0,0,1,3,0,,,0,0,0,0,0,4,2,13
,2017_64446,39.728934,-104.9906115,12/1/2017 9:07,9:07,12,0,0,SPEER BOULEVARD NORTH & EIGHTH AVENUE WEST,1,1,0,0,1,1,0,,30,0,0,0,0,1,4,2,13
,2017_64447,39.736872,-105.000183,12/1/2017 9:12,9:12,3,0,0,13TH AVENUE WEST & KALAMATH STREET NORTH,1,1,0,0,1,1,0,,35,0,0,0,0,0,4,3,14
,2017_64448,39.752361,-104.9846355,12/1/2017 9:20,9:20,12,0,0,PARK AVENUE & STOUT STREET,1,1,0,0,1,4,0,,30,0,0,0,0,0,4,2,13
,2017_64449,39.729321,-105.019803,12/1/2017 9:58,9:58,12,0,0,CANOSA COURT 700 BLOCK NORTH & EIGHTH AVENUE WEST,1,1,0,0,1,4,0,,25,0,0,0,0,0,4,2,12
,2017_64450,39.624219,-104.8898565,12/1/2017 14:50,14:50,12,0,0,DTC BOULEVARD SOUTH & BELLEVIEW AVENUE EAST,1,1,0,0,1,4,0,,,0,0,0,0,0,4,2,13
,2017_64451,39.745431,-104.9901075,12/1/2017 10:16,10:16,15,0,0,WELTON STREET & 17TH STREET,1,1,0,0,1,4,0,,25,0,0,0,0,0,4,2,13
,2017_64452,39.723903,-105.0186735,12/1/2017 10:42,10:42,3,0,0,FIFTH AVENUE WEST & BRYANT STREET NORTH,1,1,0,0,1,1,0,,25,0,0,0,0,0,4,2,13
,2017_64453,39.786228,-104.8488975,12/1/2017 11:30,11:30,15,0,0,49TH AVENUE EAST & PARIS STREET NORTH,1,1,1,0,1,1,0,,40,0,0,0,0,0,4,2,8
,2017_64454,39.696588,-104.961735,12/1/2017 12:00,12:00,6,0,0,GAYLORD STREET 1000 BLOCK SOUTH & MISSISSIPPI AVENUE EAST,1,1,0,0,1,4,0,,25,0,0,0,0,0,4,2,13
,2017_64455,39.728907,-104.998644,12/1/2017 12:03,12:03,6,0,0,EIGHTH AVENUE 1100 BLOCK WEST & SANTA FE DRIVE NORTH,1,1,0,0,1,4,0,,,0,0,0,0,0,4,2,13
,2017_64456,39.767382,-104.90346,12/1/2017 12:10,12:10,3,0,0,36TH AVENUE EAST & QUEBEC STREET NORTH,1,1,0,0,1,3,0,,,0,0,0,0,0,4,2,13
,2017_64457,39.748185,-104.9598045,12/1/2017 12:30,12:30,12,0,0,YORK STREET NORTH & 21ST AVENUE EAST,1,1,0,0,1,1,0,,30,0,0,0,0,0,4,2,3
,2017_64458,39.691152,-104.987493,12/1/2017 13:10,13:10,6,0,0,BROADWAY STREET 1400 BLOCK SOUTH & ARKANSAS AVENUE EAST,1,1,0,0,1,4,0,,30,0,0,0,0,0,4,2,15
,2017_64459,39.746169,-104.98482,12/1/2017 13:26,13:26,15,0,0,SHERMAN STREET NORTH & 19TH AVENUE EAST,1,1,0,0,1,1,0,,25,0,0,0,0,0,4,2,12
,2017_64460,39.74331838,-104.9835331,12/1/2017 13:30,13:30,6,0,0,GRANT STREET NORTH & 1700 BLOCK GRANT STREET NORTH,1,1,0,0,1,4,0,,30,0,0,0,0,0,4,2,1
,2017_64461,39.744801,-104.9861205,12/1/2017 13:35,13:35,3,0,0,18TH AVENUE EAST & LINCOLN STREET NORTH,1,1,1,0,1,1,0,,30,0,0,0,0,0,4,2,7
,2017_64462,39.700206,-104.957055,12/1/2017 13:55,13:55,6,0,0,KENTUCKY AVENUE EAST & COLUMBINE STREET SOUTH,1,1,0,0,1,4,0,,25,0,0,0,0,0,4,2,14
,2017_64463,39.725316,-104.928291,12/1/2017 13:56,13:56,12,0,0,SIXTH AVENUE 5100 BLOCK EAST & FAIRFAX STREET NORTH,1,1,0,7,1,4,0,,25,0,0,0,0,1,4,2,16
,2017_64464,39.75093,-105.0021,12/1/2017 14:17,14:17,12,0,0,15TH STREET & WYNKOOP STREET,1,1,0,0,1,4,0,,,0,0,0,0,0,4,2,13
,2017_64465,39.798396,-104.786415,12/1/2017 14:36,14:36,3,0,0,PENA BOULEVARD & 56TH AVENUE EAST,1,2,1,7,1,1,0,,35,0,0,0,0,0,4,2,16
,2017_64466,39.746196,-104.9835825,12/1/2017 15:19,15:19,3,0,0,GRANT STREET NORTH & 19TH AVENUE EAST,1,1,0,7,1,1,0,,25,0,0,0,0,0,4,2,16
,2017_64467,39.77819419,-104.8657071,12/1/2017 15:30,15:30,12,0,0,HAVANA STREET 4400 BLOCK NORTH & 45TH AVENUE EAST,1,1,0,0,1,4,0,,40,0,0,0,0,0,4,2,1
,2017_64468,39.766986,-104.999373,12/1/2017 15:39,15:39,5,0,0,36TH AVENUE WEST & JASON STREET NORTH,1,1,1,0,3,1,0,,,0,0,0,0,0,4,1,13
,2017_64469,39.736845,-104.9929335,12/1/2017 15:50,15:50,12,0,0,13TH AVENUE WEST & DELAWARE STREET NORTH,1,1,0,0,1,1,0,,25,0,0,0,0,0,4,2,13
,2017_64470,39.726594,-104.9874165,12/1/2017 15:52,15:52,15,0,0,SPEER BOULEVARD NORTH & BROADWAY STREET NORTH,1,1,0,0,1,4,0,,35,0,0,0,0,0,4,2,13
,2017_64471,39.6386549,-105.0816656,12/1/2017 15:59,15:59,12,0,0,QUINCY AVENUE WEST & WADSWORTH BOULEVARD SOUTH,1,1,0,0,1,4,0,,30,0,0,0,0,0,4,3,3
,2017_64472,39.743928,-105.0299325,12/1/2017 16:24,16:24,3,0,0,IRVING STREET NORTH & 17TH AVENUE WEST,1,2,1,0,1,1,0,,30,0,0,0,0,0,4,2,16
,2017_64473,39.716235,-104.949963,12/1/2017 16:44,16:44,1,0,0,ELLSWORTH AVENUE EAST & STEELE STREET SOUTH,1,2,0,0,1,1,0,,30,0,0,0,0,0,4,2,8
,2017_64474,39.725424,-104.903793,12/1/2017 16:55,16:55,3,0,0,QUEBEC STREET NORTH & SIXTH AVENUE EAST,1,2,1,0,1,1,0,,10,0,0,0,0,0,4,2,13
,2017_64475,39.776427,-104.8469535,12/1/2017 16:57,16:57,1,0,0,PEORIA STREET NORTH & 44TH AVENUE EAST,1,3,1,7,1,1,0,,40,0,0,0,0,0,4,2,16
,2017_64476,39.680226,-104.9508,12/1/2017 17:36,17:36,3,0,0,STREET PAUL STREET SOUTH & ASBURY AVENUE EAST,1,3,0,0,1,1,0,,25,0,0,0,0,1,4,2,13
,2017_64477,39.7304442,-104.9731899,12/2/2017 14:45,14:45,6,0,0,NINTH AVENUE EAST & 3800 BLOCK EAST,1,1,0,0,1,4,0,,25,0,0,0,0,0,4,2,5
,2017_64478,39.75633,-105.015852,12/1/2017 18:10,18:10,1,0,0,SPEER BOULEVARD NORTH & ZUNI STREET NORTH,1,3,0,0,1,1,0,,35,0,0,0,0,0,4,2,8
,2017_64479,39.767382,-104.90346,12/1/2017 18:35,18:35,15,0,0,36TH AVENUE EAST & QUEBEC STREET NORTH,1,3,0,0,1,1,0,,30,0,0,0,0,0,4,2,13
,2017_64480,39.738456,-104.9976405,12/1/2017 20:17,20:17,15,0,0,14TH AVENUE WEST & SPEER BOULEVARD NORTH,1,3,0,0,1,1,0,,30,0,0,0,0,0,4,2,14
,2017_64481,39.682755,-104.959332,12/1/2017 22:01,22:01,1,0,0,BUCHTEL BOULEVARD EAST & UNIVERSITY BOULEVARD SOUTH,1,3,0,0,1,1,0,,30,0,0,0,0,0,4,2,14
,2017_64482,39.767607,-104.975361,12/1/2017 22:49,22:49,15,0,0,WALNUT STREET & 35TH STREET,1,3,0,0,1,1,0,,30,0,0,0,0,0,4,2,13
,2017_64483,39.758193,-104.9773725,12/1/2017 22:58,22:58,6,0,0,29TH STREET & 801 29TH STREET,1,4,0,0,1,4,0,,30,0,0,0,0,0,4,3,12
,2017_64484,39.756456,-105.0093135,12/1/2017 23:20,23:20,3,0,0,15TH STREET & PLATTE STREET,1,3,0,0,1,1,0,,25,0,0,0,0,0,4,2,16
,2017_64485,39.745431,-104.9901075,12/1/2017 23:20,23:20,3,0,0,17TH STREET & WELTON STREET,1,3,0,0,1,1,0,,30,0,0,0,0,0,4,2,3
,2017_64486,39.650778,-104.925384,12/2/2017 0:45,0:45,12,0,0,JEFFERSON AVENUE EAST & GRAPE STREET SOUTH,1,3,0,0,1,1,0,,,0,0,0,0,0,4,2,13
,2017_64487,39.709314,-105.020361,12/2/2017 2:30,2:30,6,0,0,CLAY STREET 300 BLOCK SOUTH & DAKOTA AVENUE WEST,1,4,0,0,1,4,0,,25,0,0,0,0,0,4,2,5
,2017_64488,39.725649,-104.986314,12/2/2017 6:16,6:16,3,0,0,LINCOLN STREET NORTH & SPEER BOULEVARD EAST,1,1,0,0,1,1,0,,30,0,0,0,0,0,4,2,13
,2017_64489,39.75237,-104.984631,12/2/2017 8:00,8:00,3,0,0,STOUT STREET & PARK AVENUE WEST,1,1,0,0,1,1,0,,25,0,0,0,0,0,4,2,14
,2017_64490,39.743802,-104.9566815,12/2/2017 8:08,8:08,6,0,0,ESPLANADE PARKWAY NORTH & 17TH AVENUE EAST,1,1,0,0,1,4,0,,25,0,0,0,0,0,4,2,7
,2017_64491,39.729069,-104.972958,12/2/2017 8:20,8:20,3,0,0,DOWNING STREET NORTH & EIGHTH AVENUE EAST,1,1,0,0,1,1,0,,30,0,0,0,0,1,4,2,14
,2017_64492,39.750192,-105.0047415,1/7/2017 16:25,16:25,12,0,0,WEWATTA STREET & SPEER BOULEVARD,2,2,0,7,1,4,0,,30,0,0,0,0,0,4,2,1
,2017_64493,39.75003,-105.0049305,12/2/2017 9:21,9:21,12,0,0,SPEER BOULEVARD NORTH & CHOPPER CIRCLE,1,1,1,0,1,3,0,,30,0,0,0,0,0,4,3,13
,2017_64494,39.751452,-104.9979645,12/2/2017 9:26,9:26,3,0,0,17TH STREET & BLAKE STREET,1,1,0,0,1,1,0,,30,0,0,0,0,0,4,2,14
,2017_64495,39.761991,-105.025275,12/2/2017 9:30,9:30,12,0,0,32ND AVENUE 29 BLOCK WEST & FEDERAL BOULEVARD NORTH,1,1,0,0,1,4,0,,30,0,0,0,0,0,4,2,13
,2017_64496,39.758409,-105.0158835,12/2/2017 9:50,9:50,12,0,0,ZUNI STREET NORTH & 29TH AVENUE WEST,1,1,0,0,1,4,0,,,0,0,0,0,0,4,2,12
,2017_64497,39.695652,-104.903595,12/2/2017 11:13,11:13,1,0,0,QUEBEC STREET SOUTH & MISSISSIPPI AVENUE EAST,1,1,0,0,1,1,0,,35,0,0,0,0,1,4,2,13
,2017_64498,39.784005,-104.84712,12/2/2017 11:25,11:25,1,0,0,PEORIA STREET NORTH & ALBROOK DRIVE EAST,1,1,0,0,1,1,0,,40,0,0,0,0,1,4,2,13
,2017_64499,39.700395,-105.023844,12/2/2017 12:54,12:54,1,0,0,KENTUCKY AVENUE WEST & ELIOT STREET SOUTH,1,1,0,0,1,1,0,,25,0,0,0,0,0,4,2,7
,2017_64500,39.782907,-104.816322,12/2/2017 13:07,13:07,3,0,0,ENID WAY EAST & 50TH AVENUE EAST,1,1,0,0,1,1,0,,30,0,0,0,0,0,4,2,7
,2017_64501,39.7381905,-105.0298223,12/2/2017 13:37,13:37,6,0,0,14TH AVENUE 3100 BLOCK WEST & AVONDALE DRIVE NORTH,1,1,0,0,1,4,0,,,0,0,0,0,0,4,3,13
,2017_64502,39.703887,-104.912964,12/2/2017 14:00,14:00,10,0,0,MONACO STREET SOUTH & EXPOSITION AVENUE EAST,1,2,1,0,1,1,0,,35,0,0,0,0,0,4,2,13
,2017_64503,39.700224,-104.920596,12/2/2017 14:17,14:17,6,0,0,IVY STREET 800 BLOCK SOUTH & KENTUCKY AVENUE,1,1,0,0,1,4,0,,20,0,0,0,0,1,4,3,7
,2017_64504,39.628233,-105.02964,12/2/2017 14:38,14:38,5,0,0,IRVING STREET SOUTH & SARATOGA AVENUE WEST,1,1,1,0,2,3,0,,25,0,0,0,0,0,4,1,14
,2017_64505,39.678444,-104.931612,12/2/2017 15:12,15:12,12,0,0,EVANS AVENUE 4800 BLOCK EAST & DAHLIA STREET SOUTH,1,1,0,0,1,4,0,,35,0,0,0,0,0,4,3,13
,2017_64506,39.710808,-104.98689,12/2/2017 15:43,15:43,12,0,1,DAKOTA AVENUE WEST & 300 BLOCK SOUTH BROADWAY,1,1,0,0,1,4,0,,35,0,0,0,1,2,4,2,13
,2017_64507,39.716559,-104.9875155,12/2/2017 16:10,16:10,15,0,0,BROADWAY STREET 0 BLOCK NORTH & ELLSWORTH AVENUE EAST,1,1,0,0,1,4,0,,30,0,0,0,0,0,4,2,1
,2017_64508,39.696759,-105.0297615,12/2/2017 16:49,16:49,12,0,0,IRVING STREET SOUTH & MISSISSIPPI AVENUE WEST,1,3,0,0,1,4,0,,25,0,0,0,0,0,4,3,5
,2017_64509,39.73203092,-104.9718015,12/2/2017 17:30,17:30,6,0,0,MARION STREET NORTH & 800 BLOCK NORTH,1,2,0,0,1,4,0,,25,0,0,0,0,0,4,2,5
,2017_64510,39.725694,-104.9975415,12/2/2017 17:59,17:59,3,0,0,SIXTH AVENUE WEST & INCA STREET NORTH,1,3,0,0,1,1,0,,30,0,0,0,0,0,4,2,13
,2017_64511,39.696687,-104.996835,12/2/2017 19:00,19:00,3,0,0,MISSISSIPPI AVENUE WEST & HURON STREET SOUTH,1,3,0,0,1,1,0,,25,0,0,0,0,1,4,2,13
,2017_64512,39.770721,-104.752224,12/2/2017 20:14,20:14,10,0,0,IRELAND STREET NORTH & 40TH AVENUE EAST,1,3,1,0,1,1,0,,25,0,0,0,0,0,4,2,13
,2017_64513,39.75638942,-104.937224,12/2/2017 20:15,20:15,6,0,0,BELLAIRE STREET & 1200 BK NORTH,1,4,0,0,1,4,0,,25,0,0,0,0,0,4,2,13
,2017_64514,39.665025,-105.0260625,12/2/2017 21:44,21:44,3,0,0,AMHERST AVENUE WEST & SOUTH GREEN COURT,1,3,0,0,1,1,0,,25,0,0,0,0,1,4,3,13
,2017_64515,39.733704,-104.972994,12/3/2017 1:03,1:03,15,0,0,DOWNING STREET NORTH & 11TH AVENUE EAST,1,4,0,0,1,4,0,,30,0,0,0,0,0,4,5,5
,2017_64516,39.753054,-104.9854905,12/3/2017 1:40,1:40,1,0,0,PARK AVENUE WEST & CHAMPA STREET,1,3,0,0,1,1,0,,30,0,0,0,0,1,4,2,13
,2017_64517,39.738438,-104.983623,12/3/2017 2:18,2:18,12,0,0,14TH AVENUE EAST & GRANT STREET NORTH,1,3,0,0,1,1,0,,30,0,0,0,0,1,4,2,5
,2017_64518,39.769272,-105.0158655,12/3/2017 3:16,3:16,14,0,1,38TH AVENUE 2400 BLOCK WEST & ZUNI STREET NORTH,1,3,0,0,6,2,0,,35,0,0,0,0,2,4,2,2
,2017_64520,39.687372,-104.903604,12/3/2017 12:32,12:32,3,0,1,QUEBEC STREET SOUTH & IOWA AVENUE EAST,1,1,0,0,1,1,0,,30,0,0,0,0,2,4,2,7
,2017_64521,39.703851,-104.95935,12/3/2017 13:17,13:17,8,0,0,EXPOSITION AVENUE EAST & UNIVERSITY BOULEVARD SOUTH,1,1,0,0,1,1,0,,30,0,0,0,0,0,4,2,13
,2017_64522,39.761964,-104.903451,12/3/2017 13:34,13:34,3,0,0,MLK BOULEVARD EAST & QUEBEC STREET NORTH,1,1,0,0,1,1,0,,40,0,0,0,0,0,4,2,2
,2017_64524,39.689217,-105.0003,12/3/2017 16:18,16:18,12,0,0,FLORIDA AVENUE WEST & PLATTE RIVER DRIVE SOUTH,1,2,0,0,1,4,0,,30,0,0,0,0,0,4,2,13
,2017_64525,39.759579,-105.0017805,12/3/2017 17:27,17:27,3,0,0,LITTLE RAVEN STREET & 20TH STREET,1,3,0,0,1,1,0,,30,0,0,0,0,0,4,2,13
,2017_64526,39.69666,-104.8917105,12/3/2017 18:10,18:10,12,0,0,MISSISSIPPI A 8300 BLOCK EAST & VALENTIA STREET SOUTH,1,3,0,0,1,4,0,,35,0,0,0,0,1,4,2,13
,2017_64527,39.733695,-104.9787135,12/3/2017 18:29,18:29,3,0,0,11TH AVENUE EAST & WASHINGTON STREET NORTH,1,3,0,0,1,1,0,,35,0,0,0,0,1,4,2,16
,2017_64528,39.687372,-104.903604,12/3/2017 19:21,19:21,6,0,0,IOWA AVENUE EAST & QUEBEC STREET SOUTH,1,3,0,0,1,4,0,,25,0,0,0,0,0,4,2,12
,2017_64529,39.685707,-104.9675625,12/3/2017 19:22,19:22,6,0,0,GILPIN STREET 1700 BLOCK SOUTH & MEXICO AVENUE EAST,1,4,0,0,1,4,0,,25,0,0,0,0,0,4,2,13
,2017_64530,39.682278,-104.9978385,12/3/2017 20:20,20:20,6,0,0,HURON STREET 1900 BLOCK SOUTH & JEWELL AVENUE WEST,1,4,0,0,1,4,0,,25,0,0,0,0,1,4,3,5
,2017_64531,39.715668,-104.9899635,12/3/2017 22:59,22:59,6,0,0,ARCHER PLACE 0000 BLOCK OF WEST & BANNOCK STREET SOUTH,1,3,0,0,1,4,0,,,0,0,0,0,0,4,3,13
,2017_64532,39.76082562,-105.0157554,12/3/2017 23:43,23:43,5,0,0,ZUNI STREET 3100 BLOCK NORTH & 32ND AVENUE WEST,1,3,0,0,2,4,0,,35,0,0,0,0,0,4,1,5
,2017_64533,39.750993,-104.9123925,12/4/2017 7:17,7:17,3,0,0,MONACO STREET NORTH & 23RD AVENUE EAST,1,2,0,0,1,2,0,,30,0,0,0,0,0,4,2,4
,2017_64534,39.678444,-104.931612,12/4/2017 7:25,7:25,12,0,0,EVANS AVENUE 4700 BLOCK EAST & DAHLIA STREET SOUTH,1,1,0,0,1,4,0,,30,0,0,0,0,0,4,2,13
,2017_64535,39.772854,-104.865894,12/4/2017 7:40,7:40,1,0,1,HAVANA STREET NORTH & 40TH AVENUE EAST,1,1,0,6,1,1,0,,40,0,0,0,0,2,4,2,13
,2017_64536,39.68595,-105.025077,12/4/2017 7:45,7:45,6,0,0,MEXICO AVENUE 3100 BLOCK WEST & FEDERAL BOULEVARD SOUTH,1,1,1,0,1,4,0,,,0,0,0,0,0,4,2,13
,2017_64537,39.750453,-104.993712,12/4/2017 8:47,8:47,15,0,0,LAWRENCE STREET 1800 BLOCK & 18TH STREET,1,1,0,0,1,4,0,,25,0,0,0,0,0,4,2,14
,2017_64538,39.680226,-104.953662,12/4/2017 9:07,9:07,6,0,0,ASBURY AVENUE EAST & FILLMORE STREET SOUTH,1,1,0,0,1,4,0,,25,0,0,0,0,0,4,3,1
,2017_64539,39.75444,-104.9598,12/4/2017 10:16,10:16,12,0,0,26TH AVENUE EAST & YORK STREET NORTH,1,1,0,0,1,3,0,,30,0,0,0,0,0,4,2,12
,2017_64540,39.671271,-104.987529,4/14/2017 17:35,17:35,6,0,0,HARVARD AVENUE EAST & HARVARD AVENUE EAST 9995,1,1,0,0,1,4,0,,25,0,0,0,0,0,4,2,13
,2017_64541,39.748257,-104.998662,12/4/2017 10:27,10:27,15,0,0,15TH STREET 1200 BLOCK & LARIMER STREET,1,1,0,0,1,4,0,,25,0,0,0,0,0,4,2,13
,2017_64542,39.768327,-105.034644,12/4/2017 10:46,10:46,6,0,0,LOWELL BOULEVARD 3700 BLOCK NORTH & CLYDE PLACE WEST,1,1,0,0,1,1,0,,25,0,0,0,0,0,4,2,14
,2017_64543,39.702006,-104.959341,12/4/2017 11:35,11:35,12,0,0,UNIVERSITY BOULEVARD SOUTH & OHIO AVENUE EAST,1,1,0,0,1,4,0,,30,0,0,0,0,0,4,2,3
,2017_64544,39.711105,-104.97924,12/4/2017 12:10,12:10,15,0,0,ALAMEDA AVENUE EAST & WASHINGTON STREET SOUTH,1,1,0,0,1,1,0,,30,0,0,0,0,0,4,2,13
,2017_64545,39.624192,-104.89473,12/4/2017 12:42,12:42,12,0,0,ULSTER STREET SOUTH & BELLEVIEW AVENUE EAST,1,1,1,0,1,3,0,,30,0,0,0,0,0,4,2,13
,2017_64546,39.696705,-104.9991345,12/4/2017 12:50,12:50,6,0,0,MISSISSIPPI AVENUE WEST 930 BLOCK & JASON STREET SOUTH,1,1,0,0,1,7,0,,20,0,0,0,0,0,4,2,7
,2017_64547,39.775077,-104.844834,12/14/2017 8:27,8:27,5,0,0,42ND AVENUE EAST & 20250 42ND AVENUE EAST,5,1,0,0,3,4,0,,25,0,0,0,0,0,4,1,13
,2017_64548,39.694752,-104.959323,12/4/2017 13:40,13:40,3,0,1,UNIVERSITY BOULEVARD SOUTH & ARIZONA AVENUE EAST,1,1,0,0,1,1,0,,35,0,0,0,0,2,4,2,3
,2017_64549,39.743235,-104.967225,12/5/2017 14:58,14:58,6,0,1,17TH AVENUE EAST & GILPIN STREET NORTH,1,5,0,0,1,4,0,,35,0,0,0,0,2,4,2,14
,2017_64550,39.631383,-105.089877,12/4/2017 14:10,14:10,3,0,0,UNION AVENUE WEST & BALSAM WAY SOUTH,1,1,0,0,1,1,0,,25,0,0,0,0,0,4,2,3
,2017_64551,39.728907,-104.998644,12/4/2017 14:25,14:25,3,0,0,EIGHTH AVENUE WEST & SANTA FE DRIVE NORTH,1,1,0,0,1,1,0,,35,0,0,0,0,1,4,2,3
,2017_64552,39.77614197,-104.8469535,12/4/2017 16:00,16:00,3,0,0,PEORIA STREET & 4400 BLOCK NORTH,1,1,0,0,1,1,0,,35,0,0,0,0,0,4,2,13
,2017_64553,39.707469,-104.973381,12/4/2017 16:00,16:00,6,0,0,DOWNING STREET SOUTH & VIRGINIA AVENUE EAST,1,1,0,0,1,4,0,,30,0,0,0,0,0,4,2,13
,2017_64554,39.778929,-104.958261,12/4/2017 16:20,16:20,3,0,0,45TH AVENUE EAST & JOSEPHINE STREET NORTH,1,2,0,0,1,1,0,,30,0,0,0,0,0,4,2,13
,2017_64555,39.75444,-104.9598,12/4/2017 16:25,16:25,15,0,0,YORK STREET 2600 NORTH & 26TH AVENUE EAST,1,1,0,0,1,4,0,,30,0,0,0,0,0,4,2,13
,2017_64556,39.725658,-104.9891625,12/4/2017 17:04,17:04,15,0,0,SIXTH AVENUE WEST & ACOMA STREET NORTH,1,2,0,0,1,4,0,,35,0,0,0,0,0,4,2,1