id,drcog_id,latitude,longitude,crashtime,time,crashtype,numbkilled,numbinjurd,drcoglocat,rdconditin,lightngcon,roadcntgrd,weatherco,location,roaddescrp,constrzone,schoolzone,splimit,bikeinv,pedinv,sctrinv,motoinv,svrty,rdsystem,ttlvehcls,hcf
,2017_64557,39.760326,-105.0357825,12/4/2017 17:25,17:25,6,0,0,30TH AVENUE WEST & MEADE STREET NORTH,1,2,0,0,1,4,0,,25,0,0,0,0,0,4,2,7
,2017_64558,39.729222,-104.931612,12/4/2017 17:30,17:30,6,0,0,DAHLIA STREET NORTH & EIGHTH AVENUE EAST,1,3,0,0,1,4,0,,,0,0,0,0,0,4,2,13
,2017_64559,39.776022,-104.828094,12/5/2017 4:46,4:46,6,0,0,44TH AVENUE EAST & DAVENPORT WAY NORTH,1,3,1,0,1,4,0,,25,0,0,0,0,0,4,2,2
,2017_64560,39.761964,-104.903451,12/5/2017 6:04,6:04,12,0,0,MLK BOULEVARD EAST & QUEBEC STREET NORTH,1,3,0,7,1,1,0,,30,0,0,0,0,0,4,2,16
,2017_64561,39.690855,-105.0136605,12/18/2017 8:00,8:00,6,0,0,VALLEJO STREET SOUTH & ARKANSAS AVENUE WEST,1,1,0,0,1,4,0,,,0,0,0,0,0,4,2,13
,2017_64562,39.70674,-105.025104,12/5/2017 7:42,7:42,15,0,0,CUSTER PLACE 3000 BLOCK WEST & FEDERAL BOULEVARD SOUTH,1,1,0,0,1,4,0,,25,0,0,0,0,0,4,2,13
,2017_64563,39.743244,-104.9798925,12/5/2017 7:53,7:53,3,0,0,17TH AVENUE EAST & PEARL STREET NORTH,1,1,0,0,1,1,0,,25,0,0,0,0,0,4,2,14
,2017_64564,39.671775,-105.0227415,12/5/2017 8:00,8:00,6,0,0,HARVARD AVENUE WEST & DECATUR STREET SOUTH,1,1,0,0,1,4,0,,,0,0,0,0,0,4,2,13
,2017_64565,39.624192,-104.885334,12/5/2017 8:24,8:24,12,0,0,YOSEMITE STREET SOUTH & BELLEVIEW AVENUE EAST,1,1,1,0,1,4,0,,35,0,0,0,0,0,4,2,13
,2017_64566,39.7764,-104.959413,12/5/2017 8:28,8:28,3,0,0,43RD AVENUE EAST & YORK STREET NORTH,1,1,0,0,1,1,0,,25,0,0,0,0,0,4,2,14
,2017_64567,39.73214178,-104.998623,12/5/2017 8:56,8:56,12,0,0,SANTA FE 1000 BLOCK NORTH & 10TH AVENUE WEST,1,1,0,0,1,3,0,,35,0,0,0,0,0,4,2,14
,2017_64568,39.74481,-104.9610015,12/5/2017 10:25,10:25,15,0,0,18TH AVENUE 2200 BLOCK EAST & GAYLORD STREET NORTH,1,1,0,0,1,4,0,,30,0,0,0,0,0,4,2,7
,2017_64569,39.772926,-105.02361,12/5/2017 10:34,10:34,8,0,0,41ST AVENUE WEST & ELIOT STREET NORTH,1,1,1,0,1,4,0,,25,0,0,0,0,0,4,2,3
,2017_64570,39.69846,-104.9129235,12/5/2017 12:55,12:55,1,0,0,MONACO STREET SOUTH & TENNESSEE AVENUE EAST,1,1,0,0,1,1,0,,35,0,0,0,0,0,4,2,16
,2017_64571,39.75773963,-104.9793268,12/5/2017 13:15,13:15,12,0,0,CHAMPA STREET 2800 BLOCK & 28TH STREET,1,1,0,0,1,4,0,,30,0,0,0,0,0,4,2,12
,2017_64572,39.798126,-104.838741,12/5/2017 13:35,13:35,12,0,0,56TH AVENUE 12800 BLOCK EAST & TUCSON STREET NORTH,1,1,0,0,1,4,0,,40,0,0,0,0,0,4,2,16
,2017_64573,39.798234,-104.7721815,12/5/2017 14:30,14:30,12,0,0,56TH AVENUE 18400 BLOCK EAST & TOWER ROAD,1,1,0,0,1,4,0,,45,0,0,0,0,0,4,3,13
,2017_64574,39.71466,-104.949972,12/5/2017 15:09,15:09,15,0,0,CHERRY CREEK NORTH DRIVE EAST & BAYAUD AVENUE EAST,1,1,0,0,1,4,0,,30,0,0,0,0,0,4,2,16
,2017_64575,39.703896,-105.020361,12/5/2017 15:16,15:16,3,0,0,CLAY STREET SOUTH & EXPOSITION AVENUE WEST,1,1,1,0,1,1,0,,25,0,0,0,0,0,4,2,1
,2017_64576,39.692952,-104.961744,12/5/2017 15:20,15:20,3,0,0,LOUISIANA AVENUE EAST & GAYLORD STREET SOUTH / YORK STREET ALLEY,1,2,0,0,1,5,0,,30,0,0,0,0,0,4,3,13
,2017_64577,39.750192,-105.0047415,3/18/2017 22:59,22:59,12,0,0,WEWATTA STREET 1300 BLOCK & SPEER BOULEVARD NORTH,1,3,0,0,1,4,0,,75,0,0,0,0,0,4,2,13
,2017_64578,39.762,-104.912865,12/5/2017 16:01,16:01,1,0,0,MLK BOULEVARD EAST & MONACO STREET NORTH,1,1,0,0,1,1,0,,30,0,0,0,0,0,4,2,1
,2017_64579,39.711159,-104.9900175,12/5/2017 16:36,16:36,1,0,0,ALAMEDA AVENUE WEST & BANNOCK STREET SOUTH,2,2,0,0,1,1,0,,30,0,0,0,0,0,4,2,3
,2017_64580,39.741633,-104.967225,12/5/2017 16:45,16:45,3,0,0,GILPIN STREET NORTH & 16TH AVENUE EAST,1,3,1,0,1,1,0,,25,0,0,0,0,0,4,2,8
,2017_64581,39.694203,-104.9222925,12/5/2017 17:33,17:33,12,0,0,HOLLY STREET 1100 BLOCK SOUTH & NEBRASKA WAY EAST,1,3,0,0,1,4,0,,30,0,0,0,0,0,4,2,14
,2017_64582,39.760056,-104.896413,12/5/2017 17:38,17:38,3,0,1,TRENTON STREET NORTH & MLK BOULEVARD EAST,1,3,0,0,1,3,0,,35,0,0,0,0,2,4,2,13
,2017_64583,39.743775,-104.9058045,12/5/2017 17:42,17:42,12,0,0,17TH AVENUE EAST & PONTIAC STREET NORTH,1,3,0,0,1,4,0,,30,0,0,0,0,0,4,2,12
,2017_64584,39.770937,-104.7484305,12/7/2017 7:55,7:55,6,0,0,40TH AVENUE EAST & KIRK STREET NORTH,1,1,0,0,1,4,0,,,0,0,0,0,0,4,2,13
,2017_64585,39.678489,-104.9652315,12/5/2017 18:22,18:22,12,0,0,HIGH STREET 2100 BLOCK SOUTH & EVANS AVENUE EAST,1,3,0,0,1,4,0,,25,0,0,0,0,0,4,2,1
,2017_64586,39.75237,-104.984631,12/5/2017 18:58,18:58,12,0,0,PARK AVENUE WEST & STOUT STREET,1,3,0,0,1,1,0,,30,0,0,0,0,0,4,2,1
,2017_64587,39.728232,-105.0394635,12/5/2017 21:00,21:00,3,0,0,PERRY STREET NORTH & SEVENTH AVENUE WEST,1,3,1,0,1,1,0,,25,0,0,0,0,1,4,2,13
,2017_64588,39.73686833,-104.9711579,12/6/2017 7:30,7:30,12,0,0,13TH AVENUE & 2400 BLOCK EAST,1,1,0,0,1,4,0,,30,0,0,0,0,0,4,2,7
,2017_64589,39.786795,-104.830614,12/6/2017 7:40,7:40,13,0,1,50TH AVENUE EAST & BLACKHAWK WAY NORTH,1,1,0,0,1,4,0,,,0,0,0,0,2,4,2,13
,2017_64590,39.709287,-104.980374,12/6/2017 7:40,7:40,12,0,0,DAKOTA AVENUE EAST & PEARL STREET SOUTH,1,1,0,0,1,4,0,,,0,0,0,0,0,4,2,13
,2017_64591,39.638664,-104.89266,12/6/2017 7:45,7:45,1,0,0,TAMARAC STREET SOUTH & QUINCY AVENUE EAST,1,1,0,0,1,2,0,,35,0,0,0,0,0,4,2,13
,2017_64592,39.783609,-104.7913916,12/6/2017 7:50,7:50,3,0,0,GREEN VALLEY RANCH BOULEVARD EAST & PENA BOULEVARD,1,1,0,0,1,1,0,,40,0,0,0,0,0,4,2,13
,2017_64593,39.624192,-104.89473,12/6/2017 8:14,8:14,1,0,1,BELLEVIEW AVENUE 7800 BLOCK EAST & ULSTER STREET SOUTH,1,1,0,0,1,2,0,,35,0,0,0,0,2,4,2,1
,2017_64594,39.747348,-104.9998455,12/6/2017 9:49,9:49,6,0,0,14TH AVENUE EAST & LARIMER STREET,1,1,0,0,1,4,0,,,0,0,0,0,0,4,2,7
,2017_64595,39.783609,-104.772222,12/6/2017 10:30,10:30,12,0,0,TOWER ROAD NORTH & GREEN VALLEY RANCH BOULEVARD EAST,1,1,0,0,1,1,0,,40,0,0,0,0,0,4,2,13
,2017_64596,39.79026,-104.8097835,12/6/2017 11:30,11:30,12,0,0,53RD AVENUE EAST & CHAMBERS ROAD NORTH,1,1,0,0,1,1,0,,40,0,0,0,0,1,4,3,13
,2017_64597,39.71655,-104.998572,12/6/2017 11:44,11:44,10,0,0,SANTA FE DRIVE SOUTH  & ELLSWORTH AVENUE WEST,1,1,0,0,1,1,0,,30,0,0,0,0,0,4,2,14
,2017_64598,39.725649,-104.986314,12/6/2017 13:30,13:30,15,0,0,LINCOLN STREET NORTH & SPEER BOULEVARD,1,1,0,0,1,1,0,,30,0,0,0,0,0,4,2,13
,2017_64599,39.768057,-105.0158565,12/6/2017 13:40,13:40,15,0,0,37TH AVENUE WEST & ZUNI STREET NORTH,1,1,0,0,1,4,0,,25,0,0,0,0,0,4,2,3
,2017_64601,39.715263,-104.959323,12/6/2017 14:38,14:38,15,0,0,UNIVERSITY BOULEVARD SOUTH & CHERRY CREEK SOUTH DRIVE EAST,1,1,0,0,1,3,0,,30,0,0,0,0,0,4,2,8
,2017_64602,39.750237,-104.9874075,12/6/2017 15:00,15:00,10,0,0,BROADWAY STREET NORTH & STOUT STREET,1,5,0,0,1,1,0,,30,0,0,0,0,0,4,2,13
,2017_64603,39.733668,-104.998698,12/6/2017 15:50,15:50,3,0,0,11TH AVENUE WEST & SANTA FE DRIVE NORTH,1,3,0,0,1,5,0,,25,0,0,0,0,0,4,2,3
,2017_64604,39.685689,-104.937354,12/6/2017 16:00,16:00,3,0,0,BELLAIRE STREET SOUTH & MEXICO AVENUE EAST,1,3,0,0,1,1,0,,30,0,0,0,0,0,4,2,14
,2017_64605,39.74742,-104.901084,12/6/2017 16:11,16:11,12,0,1,MONTVIEW BOULEVARD EAST & ROSLYN STREET NORTH,1,2,0,0,1,4,0,,35,0,0,0,0,2,4,4,8
,2017_64606,39.785607,-105.0239565,12/6/2017 16:19,16:19,6,0,0,49TH AVENUE WEST & ELIOT STREET NORTH,1,2,1,0,1,4,0,,25,0,0,0,0,0,4,2,13
,2017_64607,39.75075,-104.984946,12/6/2017 16:41,16:41,3,0,1,22ND STREET & CALIFORNIA STREET,1,2,0,0,1,1,0,,30,0,0,0,1,2,4,2,13
,2017_64608,39.736872,-104.9952825,12/6/2017 17:13,17:13,15,0,0,13TH AVENUE WEST & FOX STREET NORTH,1,2,0,0,1,1,0,,,0,0,0,0,0,4,2,7
,2017_64609,39.68934297,-104.9699063,12/6/2017 17:30,17:30,12,0,0,FLORIDA AVENUE & 3300 BLOCK WEST,1,3,0,0,1,4,0,,35,0,0,0,0,0,4,2,7
,2017_64610,39.751065,-104.9163255,12/6/2017 17:45,17:45,3,0,0,23RD AVENUE EAST & KRAMERIA STREET NORTH,1,3,0,0,1,1,0,,30,0,0,0,0,0,4,2,13
,2017_64611,39.635046,-105.081804,12/7/2017 8:35,8:35,3,0,0,STANFORD AVENUE WEST & WADSWORTH BOULEVARD SOUTH,1,1,0,0,1,1,0,,25,0,0,0,0,0,4,2,8
,2017_64612,39.715659,-104.9875335,12/6/2017 17:49,17:49,12,0,0,BROADWAY SOUTH & ARCHER PLACE WEST,1,3,0,0,1,1,0,,30,0,0,0,0,1,4,3,13
,2017_64613,39.752874,-104.912775,12/7/2017 8:40,8:40,5,0,1,MONACO STREET NORTH & 25TH AVENUE EAST,1,1,0,0,2,4,0,,30,0,0,0,0,2,4,1,7
,2017_64614,39.706344,-105.039693,12/6/2017 17:55,17:55,3,0,0,PERRY STREET SOUTH & MORRISON ROAD,1,3,0,0,1,1,0,,30,0,0,0,0,0,4,2,14
,2017_64615,39.733416,-104.9586435,12/6/2017 18:51,18:51,15,0,0,JOSEPHINE STREET NORTH & 11TH AVENUE EAST,1,3,0,0,1,3,0,,30,0,0,0,0,0,4,2,8
,2017_64616,39.738447,-104.9916645,12/6/2017 20:01,20:01,10,0,0,14TH AVENUE WEST & CHEROKEE STREET NORTH,1,3,0,0,1,1,0,,30,0,0,0,0,0,4,2,8
,2017_64617,39.743478,-104.9128155,12/6/2017 20:24,20:24,1,0,1,17TH AVENUE EAST & MONACO STREET NORTH,1,3,0,0,1,1,0,,30,0,0,0,0,2,4,2,1
,2017_64618,39.781872,-104.781204,12/25/2017 11:00,11:00,6,0,0,TRUCKEE STREET 4708 NORTH & 47TH AVENUE EAST,4,1,0,0,1,4,0,,15,0,0,0,0,0,4,2,13
,2017_64619,39.70023135,-104.9619283,12/6/2017 21:37,21:37,3,0,0,KENTUCKY AVENUE EAST & QUEBEC STREET SOUTH,1,3,1,0,1,2,0,,35,0,0,0,0,0,4,2,13
,2017_64620,39.7674,-104.9325525,12/7/2017 11:49,11:49,6,0,0,DEXTER COURT NORTH & 36TH AVENUE EAST,1,1,0,0,1,4,0,,30,0,0,0,0,0,4,2,7
,2017_64621,39.748014,-105.000462,12/6/2017 23:20,23:20,15,0,0,MARKET STREET 1400 BLOCK & 14TH STREET,1,3,0,0,1,4,0,,30,0,0,0,0,0,4,2,13
,2017_64622,39.736854,-104.97762,12/7/2017 6:40,6:40,3,0,0,CLARKSON STREET NORTH & 13TH AVENUE EAST,1,3,0,0,1,1,0,,25,0,0,0,0,0,4,4,13
,2017_64623,39.798387,-104.866074,12/7/2017 7:33,7:33,10,0,0,HAVANA STREET NORTH & 56TH AVENUE EAST,1,1,0,0,1,1,0,,,0,0,0,0,0,4,3,13
,2017_64624,39.771792,-104.739156,12/7/2017 7:35,7:35,3,0,0,40TH PLACE EAST & ODESSA STREET NORTH,1,1,0,0,1,1,0,,20,0,0,0,0,0,4,2,13
,2017_64625,39.767382,-104.90346,12/7/2017 7:53,7:53,3,0,0,QUEBEC STREET NORTH & 36TH AVENUE EAST,1,1,0,0,1,1,0,,40,0,0,0,0,0,4,2,13
,2017_64626,39.724119,-104.9509845,12/7/2017 9:16,9:16,1,0,0,FIFTH AVENUE EAST & STREET PAUL STREET NORTH,1,1,0,0,1,1,0,,25,0,0,0,0,1,4,2,13
,2017_64627,39.750696,-104.967162,12/7/2017 9:59,9:59,3,0,0,GILPIN STREET NORTH & 23RD AVENUE EAST,1,1,0,7,1,1,0,,25,0,0,0,0,0,4,2,16
,2017_64628,39.729087,-104.986152,12/7/2017 10:04,10:04,15,0,0,EIGHTH AVENUE EAST & LINCOLN STREET NORTH,1,1,1,0,1,1,0,,35,0,0,0,0,0,4,2,13
,2017_64629,39.767868,-105.0438105,12/7/2017 10:23,10:23,3,0,0,TENNYSON STREET NORTH 3700 BLOCK NORTH & 38TH AVENUE WEST,1,1,0,7,1,1,0,,35,0,0,0,0,0,4,2,14
,2017_64630,39.720933,-105.0055695,12/7/2017 10:41,10:41,5,0,0,RIO GRANDE BOULEVARD NORTH & THIRD AVENUE WEST,1,1,0,0,2,4,0,,25,0,0,0,0,0,4,1,14
,2017_64631,39.721959,-104.9127435,12/7/2017 10:44,10:44,12,0,0,MONACO STREET NORTH & FOURTH AVENUE EAST,1,1,0,0,1,3,0,,30,0,0,0,0,0,4,4,12
,2017_64632,39.743595,-104.992524,12/7/2017 11:35,11:35,15,0,0,15TH STREET & WELTON STREET,1,1,0,0,1,1,0,,,0,0,0,0,0,4,2,13
,2017_64633,39.674844,-104.9664015,12/7/2017 12:10,12:10,5,0,0,WILLIAMS STREET 2264 SOUTH & ILIFF AVENUE EAST,1,1,0,0,1,5,0,,15,0,0,0,0,0,4,1,13
,2017_64634,39.797586,-104.739921,12/7/2017 12:20,12:20,6,0,0,RANDOLPH PLACE EAST & NETHERLAND COURT NORTH,1,1,0,0,1,4,0,,25,0,0,0,0,0,4,2,7
,2017_64635,39.678435,-104.912892,12/7/2017 13:10,13:10,15,0,0,EVANS AVENUE 6500 BLOCK EAST & MONACO STREET SOUTH,1,1,0,0,1,4,0,,30,0,0,0,0,0,4,2,1
,2017_64636,39.737268,-104.9034645,12/7/2017 13:10,13:10,3,0,0,13TH AVENUE 7300 BLOCK EAST & QUEBEC STREET NORTH,1,1,0,0,1,1,0,,30,0,0,0,0,0,4,2,7
,2017_64637,39.733677,-105.0001605,12/7/2017 14:04,14:04,3,0,0,KALAMATH STREET NORTH & 11TH AVENUE WEST,1,1,1,0,1,1,0,,30,0,0,0,0,0,4,4,13
,2017_64638,39.785607,-105.034581,12/7/2017 14:44,14:44,3,0,0,LOWELL BOULEVARD NORTH & 49TH AVENUE WEST,1,1,0,0,1,1,0,,25,0,0,0,0,0,4,2,13
,2017_64639,39.761964,-104.903451,12/7/2017 15:14,15:14,3,0,0,QUEBEC STREET NORTH & MLK BOULEVARD EAST,1,1,0,0,1,1,0,,40,0,0,0,0,1,4,2,4
,2017_64640,39.711105,-104.972427,12/7/2017 15:15,15:15,12,0,0,ALAMEDA AVENUE 1300 BLOCK EAST & MARION STREET SOUTH,1,2,0,0,1,4,0,,30,0,0,0,0,0,4,2,1
,2017_64641,39.689298,-104.943033,12/7/2017 15:30,15:30,6,0,0,FLORIDA AVENUE EAST & JACKSON STREET SOUTH,1,1,0,0,1,4,0,,25,0,0,0,0,0,4,2,5
,2017_64642,39.769272,-105.006456,12/7/2017 15:30,15:30,12,0,0,38TH AVENUE WEST & PECOS STREET NORTH,1,1,0,0,1,1,0,,35,0,0,0,0,0,4,2,13
,2017_64643,39.720915,-104.98626,12/7/2017 15:58,15:58,1,0,0,THIRD AVENUE EAST & LINCOLN STREET EAST,1,1,0,0,1,4,0,,25,0,0,0,0,0,4,2,13
,2017_64644,39.696687,-104.996835,12/7/2017 16:10,16:10,3,0,0,HURON STREET SOUTH & MISSISSIPPI AVENUE WEST,1,1,0,0,1,1,0,,25,0,0,0,0,0,4,2,3
,2017_64645,39.711204,-104.9222835,12/7/2017 16:22,16:22,12,0,0,ALAMEDA AVENUE EAST & HOLLY STREET SOUTH,1,2,1,0,1,3,0,,25,0,0,0,0,0,4,3,13
,2017_64646,39.729078,-104.9694525,12/7/2017 16:59,16:59,15,0,0,EIGHTH AVENUE EAST & HUMBOLDT STREET NORTH,1,3,0,0,1,1,0,,35,0,0,0,0,1,4,2,13
,2017_64648,39.769173,-104.942853,12/7/2017 17:06,17:06,3,0,0,38TH AVENUE EAST & JACKSON STREET NORTH,1,3,0,0,1,1,0,,25,0,0,0,0,0,4,2,13
,2017_64649,39.745044,-104.987394,12/7/2017 17:20,17:20,15,0,0,BROADWAY NORTH & 18TH STREET,1,3,0,0,1,4,0,,30,0,0,0,0,0,4,2,13
,2017_64650,39.750363,-104.981985,12/7/2017 17:26,17:26,3,0,1,GLENARM PLACE & PARK AVENUE WEST,1,5,0,0,1,1,0,,25,0,0,0,0,2,4,2,13
,2017_64651,39.667464,-104.931603,12/7/2017 17:40,17:40,1,0,0,DAHLIA STREET SOUTH & YALE AVENUE EAST,1,3,0,0,1,1,0,,30,0,0,0,0,0,4,2,7
,2017_64652,39.754629,-104.974533,12/7/2017 17:50,17:50,3,0,0,OGDEN STREET NORTH & 26TH AVENUE EAST,1,3,0,0,1,1,0,,25,0,0,0,0,0,4,2,1
,2017_64653,39.787389,-104.9782905,12/7/2017 18:05,18:05,12,0,1,WASHINGTON STREET NORTH & 50TH AVENUE EAST,1,2,0,0,1,4,0,,35,0,0,0,0,2,4,2,3
,2017_64654,39.727314,-105.0002235,12/7/2017 20:42,20:42,12,0,0,KALAMATH STREET NORTH & SEVENTH AVENUE WEST,4,3,0,2,1,4,0,,30,0,0,0,0,0,4,3,13
,2017_64655,39.746403,-105.0014385,12/7/2017 21:44,21:44,15,0,0,LARIMER STREET & SPEER BOULEVARD NORTH,1,3,0,0,1,4,0,,30,0,0,0,0,1,4,2,13
,2017_64656,39.718395,-104.99517,12/15/2017 11:38,11:38,6,0,0,FIRST AVENUE WEST & FOX STREET NORTH,1,1,1,0,1,4,0,,30,0,0,0,0,0,4,2,13
,2017_64657,39.679578,-105.044094,12/7/2017 21:46,21:46,12,0,0,EVANS AVENUE WEST & TENNYSON WAY SOUTH,5,3,0,2,1,4,0,,30,0,0,0,0,0,4,2,14
,2017_64658,39.769218,-104.8330125,7/28/2017 14:24,14:24,6,0,0,WHEELING STREET 3700 BLOCK NORTH & 38TH AVENUE EAST,1,1,0,0,1,4,0,,25,0,0,0,0,0,4,2,13
,2017_64659,39.770298,-104.9789115,12/7/2017 23:36,23:36,3,0,0,35TH STREET & BRIGHTON BOULEVARD,1,3,0,0,1,1,0,,25,0,0,0,0,0,4,2,5
,2017_64660,39.693078,-105.0066386,12/8/2017 1:30,1:30,6,0,0,LOUISIANA AVENUE WEST & 3100 BLOCK WEST,5,3,0,2,1,2,0,,,0,0,0,0,0,4,2,14
,2017_64661,39.759579,-105.0017805,12/8/2017 1:37,1:37,12,0,0,LITTLE RAVEN STREET & 20TH STREET,1,3,1,0,1,4,0,,30,0,0,0,0,0,4,2,13
,2017_64662,39.74616,-104.987385,12/8/2017 2:13,2:13,15,0,0,19TH AVENUE EAST & BROADWAY NORTH,1,3,0,0,1,1,0,,30,0,0,0,0,0,4,2,3
,2017_64663,39.793212,-104.835681,12/8/2017 5:57,5:57,3,0,0,UVALDA STREET NORTH & 55TH AVENUE EAST,1,2,0,0,1,1,0,,25,0,0,0,0,0,4,2,14
,2017_64664,39.767346,-104.8905135,12/8/2017 6:00,6:00,15,0,0,36TH AVENUE EAST & CENTRAL PARK BOULEVARD NORTH,1,1,0,0,1,4,0,,30,0,0,0,0,0,4,2,13
,2017_64665,39.743244,-104.986107,12/8/2017 6:00,6:00,6,0,0,LINCOLN STREET NORTH & 17TH AVENUE EAST,1,1,0,0,1,2,0,,30,0,0,0,0,0,4,2,14
,2017_64666,39.718152,-105.032484,12/8/2017 7:51,7:51,12,0,0,FIRST AVENUE 3400 BLOCK WEST & KNOX COURT,1,1,0,0,1,4,0,,30,0,0,0,0,0,4,3,14
,2017_64667,39.780756,-104.837733,12/8/2017 8:10,8:10,3,0,0,46TH AVENUE EAST & CROWN BOULEVARD,1,1,0,0,1,1,0,,25,0,0,0,0,0,4,2,14
,2017_64668,39.783834,-105.005133,12/8/2017 8:17,8:17,3,0,0,48TH AVENUE WEST & OSAGE STREET NORTH,1,1,0,0,1,1,0,,35,0,0,0,0,0,4,2,14
,2017_64669,39.7796061,-104.930982,12/8/2017 8:18,8:18,3,0,0,IVY STREET NORTH & 46TH AVENUE EAST,1,1,0,0,1,2,0,,25,0,0,0,0,0,4,2,3
,2017_64670,39.795975,-104.7976515,12/8/2017 8:18,8:18,6,0,1,MAXWELL PLACE EAST & LEWISTON STREET NORTH,1,1,0,0,1,4,0,,25,0,0,0,0,2,4,2,1
,2017_64671,39.76929,-105.001767,7/17/2017 13:20,13:20,5,0,0,38TH AVENUE WEST & LIPAN STREET NORTH,1,1,0,0,1,1,0,,35,0,0,0,0,0,4,1,13
,2017_64672,39.696417,-104.975532,12/8/2017 8:31,8:31,15,0,0,OGDEN STREET 1100 BLOCK NORTH & 12TH AVENUE EAST,1,1,0,0,1,4,0,,25,0,0,0,0,0,4,4,14
,2017_64673,39.738267,-104.9383935,12/8/2017 9:39,9:39,10,0,0,14TH AVENUE EAST & ASH STREET NORTH,1,1,1,0,1,1,0,,30,0,0,0,0,0,4,2,13
,2017_64674,39.760839,-105.0299235,12/8/2017 10:45,10:45,6,0,0,31ST AVENUE 3301 WEST & IRVING STREET WEST,1,1,0,0,1,4,0,,25,0,0,0,0,0,4,2,14
,2017_64675,39.740094,-104.905755,12/8/2017 11:00,11:00,6,0,0,PONTIAC STREET NORTH & COLFAX AVENUE EAST,1,1,0,0,1,4,0,,,0,0,0,0,0,4,2,13
,2017_64676,39.73311,-105.0283305,12/8/2017 11:18,11:18,6,0,0,HOOKER STREET 1000 BLOCK NORTH & 10TH AVENUE WEST,1,1,1,0,1,4,0,,25,0,0,0,0,0,4,2,1
,2017_64677,39.789198,-104.9875425,12/8/2017 11:36,11:36,3,0,0,51ST AVENUE EAST & 510 51ST AVENUE EAST,1,1,0,0,1,2,0,,35,0,0,0,0,1,4,2,14
,2017_64678,39.725424,-104.903793,12/8/2017 13:20,13:20,1,0,0,QUEBEC STREET NORTH & SIXTH AVENUE EAST,1,1,0,0,1,1,0,,35,0,0,0,0,0,4,2,1
,2017_64679,39.716226,-104.9485815,12/18/2017 11:58,11:58,5,0,0,ELLSWORTH AVENUE EAST & ADAMS STREET SOUTH,1,1,0,0,2,3,0,,25,0,0,0,0,0,4,1,1
,2017_64680,39.691143,-104.98869,12/8/2017 14:30,14:30,3,0,0,ARKANSAS AVENUE WEST & ACOMA STREET SOUTH,1,1,0,0,1,1,0,,20,0,0,0,0,0,4,2,7
,2017_64681,39.699099,-105.006591,12/8/2017 14:43,14:43,3,0,0,KENTUCKY AVENUE WEST & QUIVAS STREET SOUTH,1,1,0,0,1,1,0,,25,0,0,0,0,0,4,2,1
,2017_64682,39.75130672,-104.9981625,12/8/2017 15:05,15:05,15,0,0,BLAKE STREET & 1600 BLOCK,1,1,0,0,1,4,0,,30,0,0,0,0,0,4,2,8
,2017_64683,39.744936,-105.0047123,10/9/2017 12:21,12:21,6,0,0,LARIMER STREET & LARIMER STREET 2205,4,1,0,0,1,5,0,,,0,0,0,0,0,4,2,13
,2017_64684,39.785643,-104.765436,12/8/2017 15:37,15:37,6,0,0,CATHAY STREET 4900 BLOCK NORTH & ARGONNE STREET NORTH,1,1,0,0,1,4,0,,25,0,0,0,0,0,4,2,3
,2017_64685,39.718359,-104.909733,12/8/2017 15:54,15:54,13,0,0,NEWPORT STREET NORTH & 1250 NORTH NEWPORT STREET NORTH,1,1,0,0,1,4,0,,,0,0,0,0,0,4,2,13
,2017_64686,39.702087,-105.04575,12/8/2017 16:05,16:05,6,0,0,MORRISON ROAD & UTICA STREET SOUTH,1,1,0,0,1,4,0,,25,0,0,0,0,0,4,2,7
,2017_64687,39.713319,-105.05205,12/8/2017 16:12,16:12,3,0,0,ZENOBIA STREET SOUTH & CEDAR AVENUE WEST,1,2,1,0,1,1,0,,25,0,0,0,0,0,4,2,13
,2017_64688,39.755754,-105.0011055,12/11/2017 19:30,19:30,1,0,0,CHESTNUT PLACE & 18TH STREET,1,3,0,7,1,3,0,,25,0,0,0,0,0,4,2,13
,2017_64689,39.72627,-105.0002055,12/8/2017 16:19,16:19,12,0,0,SIXTH AVENUE 1000 BLOCK WEST & KALAMATH STREET NORTH,1,3,0,0,1,4,0,,40,0,0,0,0,0,4,3,13
,2017_64690,39.779262,-105.001722,12/8/2017 16:30,16:30,6,0,0,MARIPOSA WAY NORTH & LIPAN STREET NORTH,1,1,0,0,1,1,0,,25,0,0,0,0,0,4,2,13
,2017_64691,39.755205,-105.0129315,12/8/2017 16:45,16:45,12,0,0,SPEER BOULEVARD NORTH EXIT LANE & I25,1,1,0,0,1,4,0,,35,0,0,0,0,0,4,2,14
,2017_64692,39.725667,-104.99283,12/8/2017 16:59,16:59,6,0,0,DELAWARE STREET NORTH & SIXTH AVENUE WEST,1,3,0,0,1,4,0,,15,0,0,0,0,0,4,2,10
,2017_64693,39.716532,-104.9850225,12/8/2017 17:00,17:00,6,0,0,ELLSWORTH AVENUE EAST & SHERMAN STREET NORTH,1,3,0,0,1,4,0,,25,0,0,0,0,0,4,2,13
,2017_64694,39.678696,-105.015681,12/8/2017 17:01,17:01,12,0,0,EVANS AVENUE WEST & ZUNI STREET SOUTH,1,2,0,0,1,4,0,,35,0,0,0,0,0,4,3,3