id,drcog_id,latitude,longitude,crashtime,time,crashtype,numbkilled,numbinjurd,drcoglocat,rdconditin,lightngcon,roadcntgrd,weatherco,location,roaddescrp,constrzone,schoolzone,splimit,bikeinv,pedinv,sctrinv,motoinv,svrty,rdsystem,ttlvehcls,hcf
,2017_64695,39.751704,-104.9837445,12/8/2017 17:24,17:24,12,0,0,PARK AVENUE WEST & CALIFORNIA STREET,1,3,0,0,1,3,0,,35,0,0,0,0,0,4,3,13
,2017_64696,39.67866,-105.0110325,12/8/2017 17:25,17:25,14,0,0,EVANS AVENUE WEST & TEJON STREET SOUTH,1,3,0,0,1,3,0,,35,0,0,0,0,1,4,4,13
,2017_64697,39.78378,-104.809653,12/12/2017 21:43,21:43,5,0,1,GREEN VALLEY RANCH BOULEVARD 15700 BLOCK EAST & CHAMBERS ROAD NORTH,1,3,1,0,3,4,0,,40,0,0,0,0,2,4,1,5
,2017_64698,39.798234,-104.7721815,12/8/2017 17:28,17:28,1,0,2,TOWER ROAD NORTH & 56TH AVENUE EAST,1,3,0,0,1,1,0,,45,0,0,0,0,2,4,2,7
,2017_64699,39.738303,-104.94288,12/8/2017 17:31,17:31,3,0,0,14TH AVENUE EAST & JACKSON STREET NORTH,1,3,0,0,1,1,0,,25,0,0,0,0,1,4,2,13
,2017_64700,39.743226,-104.9711377,12/8/2017 17:40,17:40,12,0,0,17TH AVENUE EAST & 7400 BLOCK EAST,1,3,0,0,1,4,0,,30,0,0,0,0,0,4,2,7
,2017_64701,39.749571,-104.9882535,12/8/2017 17:47,17:47,15,0,0,20TH STREET & STOUT STREET,1,3,0,0,1,1,0,,35,0,0,0,0,0,4,2,16
,2017_64702,39.780162,-105.0064425,12/8/2017 18:02,18:02,1,0,0,PECOS STREET NORTH & 46TH AVENUE WEST,1,3,0,0,1,1,0,,35,0,0,0,0,0,4,2,16
,2017_64703,39.74384859,-104.9955888,12/22/2017 13:00,13:00,6,0,0,STOUT STREET & 1700 BLOCK,1,1,0,2,1,4,0,,,0,0,0,0,0,4,2,13
,2017_64704,39.770505,-105.0064335,12/8/2017 18:30,18:30,3,0,0,39TH AVENUE WEST & PECOS STREET NORTH,1,3,0,0,1,1,0,,20,0,0,0,0,0,4,2,1
,2017_64705,39.757653,-104.998635,12/8/2017 19:03,19:03,12,0,0,20TH STREET & CHESTNUT PLACE,1,3,1,0,1,1,0,,35,0,0,0,0,0,4,2,13
,2017_64706,39.733839,-104.9873895,12/8/2017 19:10,19:10,3,0,0,11TH AVENUE EAST & BROADWAY STREET NORTH,1,3,0,0,1,1,0,,30,0,0,0,0,0,4,2,14
,2017_64707,39.711366,-104.9199525,12/8/2017 22:03,22:03,3,0,0,ALAMEDA AVENUE EAST & JERSEY STREET SOUTH,1,3,0,0,1,1,0,,30,0,0,0,0,0,4,2,3
,2017_64708,39.736854,-104.9787,12/9/2017 1:55,1:55,3,0,0,13TH AVENUE EAST & WASHINGTON STREET NORTH,1,3,0,0,1,1,0,,30,0,0,0,0,0,4,2,13
,2017_64709,39.760731,-104.9634225,12/9/2017 2:10,2:10,3,0,0,31ST AVENUE EAST & RACE STREET NORTH,1,3,0,0,1,1,0,,25,0,0,0,0,0,4,2,8
,2017_64710,39.748023,-105.0006915,12/9/2017 2:25,2:25,12,0,0,MARKET STREET & 14TH STREET,1,3,0,0,1,4,0,,30,0,0,0,0,0,4,2,13
,2017_64711,39.740094,-105.018381,12/14/2017 8:30,8:30,5,0,0,LOWER COLFAX AVENUE WEST NOT CDOT & MILE HIGH STADIUM C,5,1,0,0,3,1,0,,25,0,0,0,0,0,4,1,13
,2017_64712,39.821868,-104.772033,12/9/2017 8:20,8:20,3,0,0,69TH AVENUE EAST & TOWER ROAD NORTH,1,1,0,0,1,1,0,,40,0,0,0,0,0,4,2,13
,2017_64713,39.727116,-104.953221,12/10/2017 8:42,8:42,6,0,0,SEVENTH AVENUE EAST & FILLMORE STREET NORTH,1,3,0,0,1,4,0,,,0,0,0,0,0,4,2,13
,2017_64715,39.725307,-104.936004,12/9/2017 8:50,8:50,15,0,0,SIXTH AVENUE EAST & BIRCH STREET NORTH,1,1,0,0,1,4,0,,30,0,0,0,0,0,4,2,14
,2017_64716,39.720456,-104.9791185,12/9/2017 8:55,8:55,15,0,0,WASHINGTON STREET NORTH & SPEER BOULEVARD EAST,1,1,0,0,1,1,0,,35,0,0,0,0,0,4,2,13
,2017_64717,39.68946,-105.0297165,12/9/2017 11:35,11:35,3,0,1,IRVING STREET SOUTH & FLORIDA AVENUE WEST,1,5,0,0,1,1,0,,30,0,0,0,0,2,4,2,5
,2017_64718,39.812877,-104.772213,12/9/2017 12:50,12:50,3,0,0,TOWER ROAD NORTH & 64TH AVENUE EAST,1,1,0,1,1,1,0,,40,0,0,0,0,0,4,2,7
,2017_64719,39.713373,-105.0373125,12/9/2017 13:00,13:00,15,0,0,CEDAR AVENUE WEST & NEWTON STREET 200 BLOCK SOUTH,1,1,0,0,1,4,0,,25,0,0,0,0,0,4,2,13
,2017_64720,39.722526,-104.9425425,12/9/2017 13:39,13:39,3,0,0,FOURTH AVENUE EAST & JACKSON STREET NORTH,1,1,0,0,1,1,0,,25,0,0,0,0,0,4,2,13
,2017_64721,39.777669,-104.95827,12/9/2017 13:46,13:46,12,0,0,44TH AVENUE EAST & JOSEPHINE STREET,1,1,0,0,1,2,0,,30,0,0,0,0,0,4,2,14
,2017_64722,39.766842,-105.0111945,12/9/2017 13:59,13:59,3,0,0,TEJON STREET NORTH & 36TH AVENUE WEST,1,1,0,0,1,2,0,,30,0,0,0,0,1,4,2,13
,2017_64723,39.725424,-104.903793,12/9/2017 15:11,15:11,1,0,0,SIXTH AVENUE EAST & QUEBEC STREET NORTH,1,1,0,0,1,1,0,,35,0,0,0,0,0,4,2,13
,2017_64724,39.751542,-104.9874255,12/9/2017 15:31,15:31,15,0,0,CHAMPA STREET & BROADWAY STREET NORTH,1,1,0,0,1,1,0,,30,0,0,0,0,0,4,2,14
,2017_64725,39.651057,-104.8912515,12/14/2017 10:26,10:26,6,0,0,JEFFERSON AVENUE 8500 EAST BLOCK & VERBENA STREET SOUTH,5,1,0,0,1,4,0,,25,0,0,0,0,0,4,2,13
,2017_64727,39.75453,-104.987421,12/9/2017 17:47,17:47,1,0,0,PARK AVENUE WEST & BROADWAY NORTH,1,3,0,0,1,1,0,,30,0,0,0,0,0,4,2,13
,2017_64728,39.783645,-104.7675465,12/9/2017 18:30,18:30,10,0,0,GREEN VALLEY RANCH BOULEVARD & ANDES WAY NORTH,1,3,0,0,1,4,0,,35,0,0,0,0,0,4,2,13
,2017_64729,39.758391,-104.9005125,12/9/2017 19:40,19:40,15,0,0,29TH PLACE & ROSALYN STREET NORTH,1,3,0,0,1,4,0,,20,0,0,0,0,0,4,2,5
,2017_64730,39.749454,-104.959791,12/9/2017 19:45,19:45,1,0,0,YORK STREET NORTH & 22ND AVENUE EAST,1,3,0,0,1,1,0,,30,0,0,0,0,0,4,2,7
,2017_64731,39.729087,-104.986152,12/9/2017 20:02,20:02,12,0,0,LINCOLN STREET NORTH & EIGHTH AVENUE EAST,1,3,1,0,1,4,0,,35,0,0,0,0,0,4,2,12
,2017_64732,39.756456,-105.0093135,12/9/2017 20:19,20:19,15,0,0,PLATTE STREET & 15TH STREET,1,3,0,0,1,4,0,,30,0,0,0,0,0,4,2,13
,2017_64733,39.745206,-105.0095835,12/9/2017 21:10,21:10,15,0,0,AURARIA PARKWAY & SEVENTH STREET,1,3,0,0,1,3,0,,35,0,0,0,0,1,4,2,3
,2017_64734,39.760785,-105.020154,12/10/2017 1:43,1:43,5,0,0,CAITHNESS PLACE WEST & WEST DUNKELD PLACE,1,3,1,0,2,1,0,,25,0,0,0,0,0,4,1,8
,2017_64735,39.735837,-104.98572,12/10/2017 1:55,1:55,15,0,0,LINCOLN STREET 1200 BLOCK NORTH & 13TH AVENUE EAST,1,3,0,0,1,4,0,,30,0,0,0,0,0,4,2,5
,2017_64736,39.727305,-104.988834,12/10/2017 2:12,2:12,5,0,2,SPEER BOULEVARD NORTH & ACOMA STREET NORTH,1,3,1,0,1,4,0,,35,0,0,0,0,2,4,1,3
,2017_64737,39.736872,-105.0015825,12/10/2017 11:25,11:25,3,0,0,13TH AVENUE WEST & LIPAN STREET NORTH,1,1,0,0,1,1,0,,25,0,0,0,0,0,4,2,2
,2017_64738,39.748932,-105.001254,12/10/2017 11:43,11:43,15,0,0,BLAKE STREET & 14TH STREET,1,1,0,0,1,4,0,,25,0,0,0,0,0,4,2,13
,2017_64739,39.756375,-104.977692,12/10/2017 13:06,13:06,3,0,1,28TH STREET & CALIFORNIA STREET,1,1,0,0,1,1,0,,25,0,0,0,0,2,4,2,14
,2017_64740,39.729114,-104.960232,12/10/2017 13:10,13:10,3,0,0,EIGHTH AVENUE EAST & YORK STREET NORTH,1,1,0,0,1,1,0,,30,0,0,0,0,1,4,2,8
,2017_64741,39.775032,-104.809923,12/10/2017 13:30,13:30,1,0,0,CHAMBERS ROAD NORTH & ANDREWS DRIVE EAST,1,1,0,0,1,1,0,,25,0,0,0,0,0,4,2,16
,2017_64742,39.700224,-104.959323,12/10/2017 13:53,13:53,12,0,0,UNIVERSITY BOULEVARD SOUTH & KENTUCKY AVENUE EAST,1,1,0,0,1,4,0,,,0,0,0,0,0,4,2,13
,2017_64743,39.7611,-105.0104925,12/10/2017 14:14,14:14,12,0,0,17TH STREET & ERIE STREET,1,1,1,0,1,4,0,,25,0,0,0,0,0,4,2,13
,2017_64744,39.716559,-104.987511,12/14/2017 15:00,15:00,5,0,0,BROADWAY SOUTH & 134 SOUTH BROADWAY,1,1,0,0,2,4,0,,30,0,0,0,0,0,4,1,1
,2017_64745,39.758463,-105.0520725,12/10/2017 14:32,14:32,3,0,0,29TH AVENUE WEST & ZENOBIA STN,1,1,0,0,1,1,0,,30,0,0,0,0,0,4,2,13
,2017_64746,39.84455113,-104.6811125,12/10/2017 14:36,14:36,5,0,0,PENA BOULEVARD & 8148 PENA BOULEVARD,1,1,0,0,1,7,0,,25,0,0,0,0,0,4,1,7
,2017_64747,39.674835,-104.912973,12/10/2017 14:38,14:38,1,0,0,MONACO STREET SOUTH & ILIFF AVENUE EAST,1,1,0,0,1,1,0,,35,0,0,0,0,0,4,2,14
,2017_64748,39.700206,-104.9272335,12/10/2017 14:48,14:48,12,0,0,CHERRY CREEK SOUTH DRIVE & KENTUCKY AVENUE EAST,1,1,0,0,1,1,0,,30,0,0,0,0,0,4,2,3
,2017_64749,39.711105,-104.97339,12/10/2017 14:50,14:50,15,0,0,ALAMEDA AVENUE 1200 BLOCK EAST & DOWNING STREET SOUTH,1,1,0,0,1,4,0,,25,0,0,0,0,0,4,2,13
,2017_64750,39.760749,-104.959782,12/10/2017 15:16,15:16,12,0,0,31ST AVENUE EAST & YORK STREET NORTH,1,1,0,0,1,3,0,,30,0,0,0,0,0,4,2,1
,2017_64751,39.76095719,-105.0043439,12/10/2017 15:22,15:22,12,0,0,20TH STREET & I25,1,1,0,0,1,4,0,,25,0,0,0,0,0,4,2,10
,2017_64752,39.711366,-104.912964,12/10/2017 15:23,15:23,1,0,0,ALAMEDA AVENUE EAST & MONACO STREET SOUTH,1,1,0,0,1,1,0,,35,0,0,0,0,0,4,2,13
,2017_64753,39.689325,-104.8967235,12/10/2017 16:07,16:07,12,0,0,FLORIDA AVENUE 7800 BLOCK EAST & QUEBEC WAY SOUTH,1,1,0,0,1,1,0,,25,0,0,0,0,0,4,2,13
,2017_64754,39.743937,-105.0345945,12/10/2017 17:20,17:20,3,0,0,17TH AVENUE WEST & LOWELL BOULEVARD NORTH,1,3,0,0,1,1,0,,25,0,0,0,0,0,4,2,16
,2017_64755,39.733668,-104.998698,12/10/2017 17:43,17:43,12,0,0,11TH AVENUE WEST & SANTA FE DRIVE NORTH,1,3,0,0,1,4,0,,25,0,0,0,0,0,4,2,13
,2017_64756,39.758472,-105.041673,12/10/2017 18:06,18:06,6,0,0,RALEIGH STREET & 29TH AVENUE WEST,1,3,0,0,1,4,0,,25,0,0,0,0,0,4,2,5
,2017_64757,39.718327,-104.9763308,12/10/2017 18:10,18:10,12,0,0,FIRST AVENUE EAST & 2500 BLOCK EAST,1,1,0,0,1,4,0,,35,0,0,0,0,0,4,2,13
,2017_64758,39.73608739,-105.0065464,12/10/2017 22:33,22:33,14,0,0,PECOS STREET SOUTH & 1700 SOUTH,1,4,0,0,1,1,0,,20,0,0,0,0,0,4,2,13
,2017_64759,39.783609,-104.772222,12/10/2017 22:56,22:56,12,0,0,GREEN VALLEY RANCH BOULEVARD EAST & TOWER ROAD NORTH,1,3,0,0,1,1,0,,45,0,0,0,0,1,4,2,3
,2017_64760,39.73725,-104.898753,12/11/2017 5:15,5:15,3,0,0,SYRACUSE STREET NORTH & 13TH AVENUE EAST,1,3,0,0,1,1,0,,25,0,0,0,0,0,4,2,13
,2017_64761,39.736845,-104.9741505,12/11/2017 7:20,7:20,10,0,0,13TH AVENUE EAST & CORONA STREET NORTH,1,1,0,0,1,1,0,,30,0,0,0,0,0,4,2,3
,2017_64762,39.72627,-105.0002055,12/11/2017 7:30,7:30,12,0,0,SIXTH AVENUE WEST & KALAMATH STREET NORTH,1,1,0,0,1,4,0,,45,0,0,0,0,0,4,2,1
,2017_64763,39.773466,-104.8230135,12/12/2017 17:11,17:11,6,0,1,43RD AVENUE EAST & DEARBORN STREET NORTH,1,3,1,0,1,4,0,,25,0,0,0,0,2,4,3,8
,2017_64764,39.730428,-104.987394,12/11/2017 8:00,8:00,10,0,0,BROADWAY BOULEVARD & NINTH AVENUE,1,1,0,0,1,1,0,,30,0,0,0,0,0,4,2,13
,2017_64765,39.739977,-104.987421,12/11/2017 8:06,8:06,15,0,0,BROADWAY STREET 1500 BLOCK NORTH & COLFAX AVENUE,1,1,0,0,1,4,0,,30,0,0,0,0,0,4,2,13
,2017_64766,39.638727,-104.904081,12/11/2017 9:00,9:00,15,0,0,EASTMOOR DRIVE 4300 BLOCK EAST & QUINCY AVENUE EAST,1,1,0,0,1,3,0,,30,0,0,0,0,0,4,2,13
,2017_64767,39.738393,-104.973048,12/11/2017 9:32,9:32,3,0,0,14TH AVENUE EAST & DOWNING STREET NORTH,1,1,0,0,1,1,0,,30,0,0,0,0,0,4,2,13
,2017_64768,39.725694,-104.9985945,12/11/2017 10:24,10:24,15,0,0,SIXTH AVENUE WEST & SANTA FE DRIVE SOUTH,1,1,0,0,1,1,0,,35,0,0,0,0,0,4,2,14
,2017_64769,39.69666,-104.8917105,12/11/2017 11:30,11:30,12,0,0,MISSISSIPPI AVENUE EAST & VALENTIA STREET SOUTH,1,1,0,0,1,3,0,,,0,0,0,0,0,4,2,13
,2017_64770,39.682287,-105.020343,12/11/2017 11:40,11:40,12,0,0,CLAY STREET SOUTH & JEWELL AVENUE WEST,1,1,0,0,1,3,0,,25,0,0,0,0,0,4,2,13
,2017_64771,39.774105,-105.0064425,12/11/2017 12:19,12:19,3,0,0,42ND AVENUE 1500 BLOCK WEST & PECOS STREET NORTH,1,1,1,0,1,5,0,,20,0,0,0,0,0,4,2,13
,2017_64773,39.783609,-104.7913916,12/11/2017 13:11,13:11,12,0,0,GREEN VALLEY RANCH BOULEVARD EAST & PENA BOULEVARD,1,1,0,0,1,1,0,,30,0,0,0,0,1,4,2,13
,2017_64774,39.725649,-104.986314,12/11/2017 13:14,13:14,15,0,0,SIXTH AVENUE EAST & LINCOLN STREET NORTH,1,1,0,0,1,1,0,,25,0,0,0,1,1,4,2,13
,2017_64775,39.772872,-104.8016205,12/11/2017 13:16,13:16,3,0,0,40TH AVENUE EAST & KITTREDGE STREET NORTH,1,1,0,0,1,3,0,,40,0,0,0,0,0,4,2,13
,2017_64776,39.725334,-104.912793,12/11/2017 13:42,13:42,15,0,0,MONACO STREET NORTH & SIXTH AVENUE EAST,1,1,0,0,1,1,0,,30,0,0,0,0,0,4,2,13
,2017_64777,39.7116,-104.9408055,12/11/2017 13:59,13:59,1,0,0,ALAMEDA AVENUE EAST & COLORADO BOULEVARD SOUTH,1,1,1,0,1,1,0,,35,0,0,0,0,0,4,2,13
,2017_64778,39.729069,-104.972958,12/11/2017 14:04,14:04,12,0,0,EIGHTH AVENUE EAST & DOWNING STREET NORTH,1,1,0,0,1,1,0,,,0,0,0,0,0,4,2,13
,2017_64779,39.743226,-104.9734125,12/11/2017 14:19,14:19,3,0,0,DOWNING STREET NORTH & 17TH AVENUE EAST,1,1,0,0,1,1,0,,30,0,0,0,0,0,4,3,3
,2017_64780,39.676653,-104.999454,12/11/2017 15:11,15:11,12,0,0,JASON STREET SOUTH & WARREN AVENUE WEST,1,1,0,0,1,2,0,,30,0,0,0,0,0,4,2,3
,2017_64781,39.737187,-104.9819625,12/11/2017 16:20,16:20,12,0,0,LOGAN STREET 1300 BLOCK NORTH & 13TH AVENUE EAST,1,2,1,0,1,4,0,,30,0,0,0,0,0,4,2,13
,2017_64782,39.75633,-105.015852,12/11/2017 16:20,16:20,15,0,0,SPEER BOULEVARD 2300 BLOCK WEST & ZUNI STREET NORTH,1,3,0,0,1,3,0,,35,0,0,0,0,0,4,2,3
,2017_64783,39.711114,-104.961726,12/11/2017 17:10,17:10,12,0,0,ALAMEDA AVENUE EAST & GAYLORD STREET SOUTH,1,2,0,0,1,1,0,,30,0,0,0,0,1,4,2,7
,2017_64784,39.678624,-105.0250365,12/11/2017 18:04,18:04,1,0,0,EVANS AVENUE WEST & FEDERAL BOULEVARD SOUTH,1,1,0,0,1,2,0,,35,0,0,0,0,0,4,2,3
,2017_64785,39.738366,-104.9598225,12/11/2017 18:55,18:55,6,0,0,14TH AVENUE 2200 BLOCK EAST & YORK STREET NORTH,1,3,1,0,1,5,0,,30,0,0,0,0,0,4,2,13
,2017_64786,39.715659,-104.9875335,12/11/2017 21:08,21:08,6,0,2,BROADWAY STREET SOUTH & ARCHER PLACE WEST,1,3,0,0,1,4,0,,30,0,0,0,0,2,4,3,5
,2017_64787,39.63354659,-105.0433097,12/12/2017 8:19,8:19,6,0,0,RALEIGH STREET 4600 BLOCK NORTH & 47TH AVENUE WEST,1,1,0,0,1,4,0,,25,0,0,0,0,0,4,2,1
,2017_64788,39.708945,-105.043194,12/12/2017 8:23,8:23,3,0,0,STUART STREET SOUTH & ALASKA PLACE WEST,1,1,0,0,1,5,0,,15,0,0,0,0,0,4,2,13
,2017_64789,39.789288,-104.844672,12/12/2017 9:03,9:03,3,0,0,QUENTIN STREET NORTH & 51ST AVENUE EAST,1,1,0,0,1,1,0,,25,0,0,0,0,0,4,2,13
,2017_64790,39.736782,-104.951682,12/12/2017 10:15,10:15,3,0,0,MILWAUKEE STREET NORTH & 13TH AVENUE EAST,1,1,0,0,1,1,0,,30,0,0,0,0,0,4,2,13
,2017_64791,39.750786,-104.9970735,12/12/2017 10:45,10:45,3,0,0,17TH STREET & MARKET STREET,1,1,0,7,1,1,0,,30,0,0,0,0,0,4,3,16
,2017_64792,39.78659999,-104.8632442,12/12/2017 10:47,10:47,6,0,0,IRONTON STREET 4900 BLOCK NORTH & 47TH AVENUE EAST,1,1,0,0,1,4,0,,25,0,0,0,0,0,4,2,13
,2017_64793,39.724128,-104.9582655,12/12/2017 11:16,11:16,3,0,0,FIFTH AVENUE EAST & JOSEPHINE STREET NORTH,1,1,0,7,1,1,0,,25,0,0,0,0,0,4,2,16
,2017_64794,39.77938357,-105.0267865,12/12/2017 11:38,11:38,12,0,0,GRV BOULEVARD EAST & TOWER ROAD NORTH,1,1,0,0,1,1,0,,30,0,0,0,0,0,4,2,13
,2017_64795,39.678444,-104.931612,12/12/2017 12:08,12:08,15,0,0,DAHLIA STREET SOUTH & EVANS AVENUE EAST,1,1,0,0,1,3,0,,30,0,0,0,0,0,4,2,13
,2017_64796,39.79069248,-104.9534325,8/9/2017 2:18,2:18,6,0,0,FILLMORE STREET & 1000 BLOCK NORTH,1,3,0,0,1,4,0,,25,0,0,0,0,0,4,3,5
,2017_64797,39.714714,-104.982723,12/12/2017 12:40,12:40,12,0,0,BAYAUD AVENUE EAST & LOGAN STREET SOUTH,1,1,0,0,1,1,0,,25,0,0,0,0,1,4,2,13
,2017_64798,39.748887,-104.9874525,12/12/2017 12:45,12:45,15,0,0,20TH STREET & BROADWAY NORTH,1,1,0,0,1,1,0,,30,0,0,0,0,0,4,2,13
,2017_64799,39.74125135,-104.9684597,12/12/2017 13:00,13:00,12,0,0,FRANKLIN STREET NORTH & 2000 BLOCK NORTH,1,1,0,0,1,3,0,,30,0,0,0,0,0,4,2,13
,2017_64800,39.782394,-104.848956,12/12/2017 13:17,13:17,1,0,0,47TH AVENUE EAST & PARIS STREET NORTH,1,1,0,0,1,1,0,,30,0,0,0,0,0,4,2,14
,2017_64801,39.738447,-104.9916645,12/12/2017 13:50,13:50,10,0,0,14TH AVENUE WEST & CHEROKEE STREET NORTH,1,1,0,0,1,1,0,,30,0,0,0,0,0,4,2,1
,2017_64802,39.758058,-104.9010525,12/12/2017 14:22,14:22,6,0,0,29TH AVENUE & 1213 EAST 29TH AVENUE,1,1,0,0,1,4,0,,25,0,0,0,0,0,4,2,13
,2017_64803,39.784896,-104.8408605,12/12/2017 14:34,14:34,5,0,0,TULSA COURT NORTH & ANDREWS DRIVE EAST,1,1,1,0,2,1,0,,25,0,0,0,0,0,4,1,9
,2017_64804,39.758796,-105.0086925,12/12/2017 14:46,14:46,3,0,0,KENSING COURT & CENTRAL STREET,1,1,1,0,1,1,0,,30,0,0,0,0,0,4,2,13
,2017_64805,39.738375,-104.961015,12/12/2017 15:17,15:17,3,0,0,14TH AVENUE EAST & GAYLORD STREET NORTH,1,1,0,0,1,1,0,,25,0,0,0,0,1,4,2,8
,2017_64806,39.74885078,-104.999416,12/12/2017 15:30,15:30,15,0,0,GRANT STREET NORTH & 15TH STREET,1,1,0,0,1,1,0,,30,0,0,0,0,0,4,3,6
,2017_64807,39.678453,-104.915952,12/12/2017 15:43,15:43,12,0,0,EVANS AVENUE EAST & LEYDEN STREET SOUTH,1,1,0,0,1,1,0,,35,0,0,0,0,0,4,2,7
,2017_64808,39.773142,-104.9127615,12/12/2017 15:45,15:45,1,0,0,SMITH ROAD EAST & MONACO STREET NORTH,1,1,0,0,1,1,0,,40,0,0,0,0,1,4,2,14
,2017_64809,39.624192,-104.89473,12/12/2017 16:05,16:05,15,0,0,BELLEVIEW AVENUE EAST & ULSTER STREET SOUTH,1,2,0,0,1,4,0,,35,0,0,0,0,0,4,2,14
,2017_64810,39.769398,-105.0299505,12/12/2017 16:50,16:50,3,0,0,38TH AVENUE 3100 BLOCK WEST & IRVING STREET NORTH,1,3,0,0,1,2,0,,30,0,0,0,0,0,4,2,3
,2017_64811,39.692925,-104.9430465,12/12/2017 17:11,17:11,4,0,0,JACKSON STREET SOUTH & LOUISIANA AVENUE EAST,1,2,0,0,1,4,0,,25,0,0,0,0,0,4,3,13
,2017_64812,39.711222,-104.903505,12/12/2017 17:19,17:19,1,0,0,QUEBEC STREET SOUTH & ALAMEDA AVENUE EAST,1,3,0,0,1,1,0,,35,0,0,0,0,0,4,2,14
,2017_64813,39.738501,-105.015924,12/12/2017 18:05,18:05,7,0,0,ZUNI STREET NORTH & 14TH AVENUE WEST,1,3,0,0,1,4,0,,35,0,0,0,0,0,4,2,13
,2017_64814,39.687579,-104.9887845,12/12/2017 18:27,18:27,3,0,0,ACOMA STREET SOUTH & IOWA AVENUE WEST,1,3,1,0,1,1,0,,25,0,0,0,0,1,4,2,1
,2017_64815,39.747393,-104.9199345,12/12/2017 18:39,18:39,12,0,0,MONTVIEW BOULEVARD EAST & IVY STREET NORTH,1,3,0,0,1,5,0,,30,0,0,0,0,1,4,2,3
,2017_64816,39.729276,-104.9128155,12/12/2017 19:07,19:07,12,0,0,MONACO STREET NORTH & EIGHTH AVENUE EAST,1,3,0,0,1,3,0,,30,0,0,0,0,1,4,3,12
,2017_64817,39.757653,-104.998635,12/12/2017 19:24,19:24,12,0,0,20TH STREET 1900 BLOCK & CHESTNUT PLACE,1,3,1,0,1,4,0,,35,0,0,0,0,0,4,2,14
,2017_64818,39.844602,-104.6809395,12/12/2017 19:39,19:39,12,0,0,PENA BOULEVARD 4100 BLOCK & 4100 BLOCK PENA BOULEVARD,1,3,0,7,1,3,0,,40,0,0,0,0,0,4,2,16
,2017_64819,39.73222149,-104.9598047,12/12/2017 19:40,19:40,15,0,0,YORK STREET 1000 BLOCK NORTH & CROSSWALK,1,3,0,0,1,4,0,,25,0,0,0,0,0,4,2,13
,2017_64820,39.738357,-104.9573835,12/12/2017 20:30,20:30,6,0,0,COLUMBINE STREET NORTH & 14TH AVENUE EAST,1,3,0,0,1,4,0,,30,0,0,0,0,0,4,2,13
,2017_64821,39.83346903,-104.692932,12/13/2017 3:08,3:08,12,0,0,PENA BOULEVARD & JACKSON STREET NORTH,1,3,0,0,1,1,0,,,0,0,0,0,0,4,2,13
,2017_64822,39.744819,-104.9721435,12/13/2017 6:41,6:41,15,0,0,18TH AVENUE EAST & MARION STREET NORTH,1,3,0,0,1,1,0,,25,0,0,0,0,0,4,2,12
,2017_64823,39.713094,-104.918814,12/13/2017 7:07,7:07,6,0,0,JASMINE STREET 100 BLOCK SOUTH & CEDAR AVENUE EAST,1,3,0,0,1,4,0,,25,0,0,0,0,0,4,2,13
,2017_64824,39.798396,-104.786415,12/13/2017 7:08,7:08,12,0,0,56TH AVENUE EAST & PENA BOULEVARD,1,1,0,0,1,3,0,,45,0,0,0,0,0,4,2,13
,2017_64825,39.79818,-104.845023,12/13/2017 7:30,7:30,12,0,0,56TH AVENUE EAST & QUENTIN STREET NORTH,1,1,0,0,1,3,0,,45,0,0,0,0,1,4,2,4
,2017_64826,39.783609,-104.7574305,12/13/2017 8:31,8:31,5,0,1,GREEN VALLEY RANCH BOULEVARD EAST & 48TH DRIVE EAST,1,1,0,0,3,4,0,,35,0,0,0,0,2,4,1,4
,2017_64827,39.789999,-104.9771115,12/13/2017 8:40,8:40,12,0,0,CLARKSON STREET & 900 BLOCK NORTH,1,1,0,0,1,3,0,,30,0,0,0,0,0,4,3,13
,2017_64828,39.736854,-104.97762,12/13/2017 10:14,10:14,5,0,0,WASHINGTON / CLARKSON ALLEY & 13TH AVENUE EAST,1,1,0,0,1,5,0,,15,0,0,0,0,0,4,1,14
,2017_64829,39.747438,-104.90346,12/13/2017 11:03,11:03,1,0,0,QUEBEC STREET NORTH & MONTEVIEW BOULEVARD,1,1,0,0,1,1,0,,30,0,0,0,0,0,4,2,7
,2017_64830,39.687678,-104.970834,12/13/2017 11:45,11:45,6,0,0,LAFAYETTE STREET 1500 BLOCK NORTH & 16TH AVENUE EAST,1,1,0,0,1,4,0,,25,0,0,0,0,0,4,2,13
,2017_64831,39.798396,-104.786415,12/13/2017 11:50,11:50,12,0,0,PENA BOULEVARD & 56TH AVENUE EAST,1,1,0,0,1,4,0,,25,0,0,0,0,0,4,2,1
,2017_64832,39.73203,-104.987403,12/13/2017 16:40,16:40,15,0,0,10TH AVENUE EAST & BROADWAY NORTH,1,1,0,0,1,3,0,,30,0,0,0,0,0,4,2,13
,2017_64833,39.785724,-104.883093,12/13/2017 11:55,11:55,3,0,0,CENTRAL PARK BOULEVARD NORTH & NORTHFIELD BOULEVARD EAST,1,1,0,0,1,1,0,,35,0,0,0,0,0,4,2,13