id,drcog_id,latitude,longitude,crashtime,time,crashtype,numbkilled,numbinjurd,drcoglocat,rdconditin,lightngcon,roadcntgrd,weatherco,location,roaddescrp,constrzone,schoolzone,splimit,bikeinv,pedinv,sctrinv,motoinv,svrty,rdsystem,ttlvehcls,hcf
,2017_64834,39.714768,-104.912892,12/13/2017 12:48,12:48,15,0,0,MONACO STREET 100 BLOCK SOUTH & BAYAUD AVENUE EAST,1,1,0,0,1,4,0,,35,0,0,0,0,0,4,2,16
,2017_64835,39.777984,-104.9223105,12/13/2017 13:21,13:21,3,0,0,STAPLETON DRIVE EAST & HOLLY STREET NORTH,1,1,0,0,1,1,0,,35,0,0,0,0,0,4,2,1
,2017_64836,39.745755,-105.000174,12/13/2017 13:40,13:40,15,0,0,SPEER BOULEVARD & LAWRENCE STREET,1,1,0,0,1,1,0,,35,0,0,0,0,0,4,2,8
,2017_64837,39.783609,-104.7913916,12/13/2017 14:00,14:00,12,0,0,GREEN VALLEY RANCH BOULEVARD 16500 BLOCK EAST & PENA BOULEVARD OB,1,1,0,0,1,4,0,,40,0,0,0,0,0,4,2,13
,2017_64838,39.725424,-104.903793,12/13/2017 14:09,14:09,12,0,0,QUEBEC STREET SOUTH & SIXTH AVENUE EAST,1,1,0,0,1,1,0,,40,0,0,0,0,0,4,2,1
,2017_64839,39.744774,-104.9598225,12/13/2017 15:15,15:15,15,0,0,18TH AVENUE EAST & YORK STREET NORTH,1,1,0,0,1,1,0,,30,0,0,0,0,0,4,2,8
,2017_64840,39.73833,-104.913945,12/13/2017 15:26,15:26,3,0,0,14TH AVENUE EAST & LOCUST STREET NORTH,1,3,0,0,1,1,0,,30,0,0,0,0,0,4,2,1
,2017_64841,39.745611,-104.885811,12/13/2017 15:29,15:29,6,0,0,XENIA STREET NORTH & 19TH AVENUE EAST,1,1,0,0,1,4,0,,25,0,0,0,0,0,4,2,13
,2017_64842,39.629898,-105.10983,12/13/2017 15:36,15:36,12,0,0,KIPLING STREET SOUTH & SARATOGA PLACE WEST,1,1,1,0,1,4,0,,45,0,0,0,0,0,4,2,3
,2017_64843,39.771234,-104.977692,12/13/2017 15:57,15:57,3,0,0,36TH STREET & BRIGHTON BOULEVARD NORTH,1,1,0,0,1,1,0,,25,0,0,0,0,0,4,3,1
,2017_64845,39.725694,-104.995197,12/13/2017 16:43,16:43,12,0,0,SIXTH AVENUE WEST NOT CDOT & FOX STREET NORTH,1,2,0,0,1,4,0,,30,0,0,0,0,0,4,2,4
,2017_64846,39.736836,-104.912811,12/13/2017 16:56,16:56,15,0,0,13TH AVENUE EAST & MONACO STREET NORTH,1,2,0,7,1,4,0,,30,0,0,0,0,0,4,2,14
,2017_64847,39.761964,-104.903451,12/13/2017 17:10,17:10,12,0,0,MLK BOULEVARD 7400 BLOCK EAST & QUEBEC STREET NORTH,1,3,0,0,1,4,0,,35,0,0,0,0,0,4,2,13
,2017_64848,39.78577374,-104.9518964,12/15/2017 19:00,19:00,6,0,0,MILWAUKEE STREET NORTH & 1300 BLOCK NORTH,1,3,0,0,1,4,0,,25,0,0,0,0,0,4,2,8
,2017_64849,39.769506,-105.0330735,12/13/2017 17:12,17:12,15,0,0,38TH AVENUE 3500 BLOCK WEST & KING STREET NORTH,1,1,1,0,1,4,0,,30,0,0,0,0,0,4,2,13
,2017_64850,39.747456,-104.884695,12/13/2017 17:22,17:22,1,0,0,MONTVIEW BOULEVARD EAST & YOSEMITE STREET NORTH,1,3,0,0,1,1,0,,30,0,0,0,0,0,4,2,1
,2017_64851,39.761973,-104.910561,12/13/2017 17:25,17:25,10,0,0,NIAGARA STREET NORTH & MLK JR BOULEVARD,1,3,0,0,1,1,0,,35,0,0,0,0,0,4,2,1
,2017_64852,39.715263,-104.959323,12/13/2017 17:35,17:35,1,0,0,UNIVERSITY BOULEVARD SOUTH & CHERRY CREEK SOUTH DRIVE,1,3,0,0,1,1,0,,30,0,0,0,0,0,4,2,13
,2017_64853,39.751047,-104.9281425,12/13/2017 17:35,17:35,12,0,0,23RD AVENUE EAST & FAIRFAX STREET NORTH,1,3,0,0,1,1,0,,30,0,0,0,0,0,4,2,1
,2017_64854,39.725595,-104.946183,12/13/2017 17:54,17:54,12,0,0,SIXTH AVENUE 3500 BLOCK EAST & MADISON STREET SOUTH,1,2,0,0,1,4,0,,30,0,0,0,0,1,4,4,7
,2017_64855,39.743226,-104.961006,12/13/2017 17:55,17:55,12,0,0,17TH AVENUE EAST & GAYLORD AVENUE NORTH,1,3,0,0,1,1,0,,35,0,0,0,0,0,4,2,13
,2017_64856,39.743775,-104.9464935,12/13/2017 18:38,18:38,3,0,1,17TH AVENUE EAST & MADISON STREET NORTH,1,3,0,0,1,1,0,,30,0,0,0,0,2,4,3,1
,2017_64857,39.750705,-104.964696,12/13/2017 18:50,18:50,12,0,0,23RD AVENUE & HIGH STREET NORTH,1,3,0,0,1,1,0,,30,0,0,0,0,0,4,2,12
,2017_64858,39.725496,-104.878611,12/13/2017 21:30,21:30,1,0,0,LOWRY BOULEVARD & ALTON WAY NORTH,1,3,0,0,1,1,0,,30,0,0,0,0,0,4,2,1
,2017_64859,39.737268,-104.8846815,12/14/2017 7:30,7:30,6,0,0,13TH AVENUE EAST & YOSEMITE STREET NORTH,5,2,1,2,1,3,0,,30,0,0,0,0,0,4,2,7
,2017_64860,39.785283,-104.767416,12/14/2017 7:36,7:36,12,0,0,ANDES COURT NORTH & ARGONNE WAY NORTH,5,1,0,0,1,1,0,,25,0,0,0,0,1,4,2,13
,2017_64861,39.744819,-104.9823765,12/14/2017 7:51,7:51,12,0,0,18TH AVENUE EAST & LOGAN STREET NORTH,2,1,0,0,1,4,0,,30,0,0,0,0,0,4,2,13
,2017_64862,39.715263,-104.959323,12/14/2017 8:04,8:04,8,0,0,CHERRY CREEK DRIVE 2500 BLOCK & UNIVERSITY BOULEVARD SOUTH,5,2,0,0,1,4,0,,25,0,0,0,0,1,4,2,13
,2017_64863,39.715263,-104.959323,12/14/2017 8:06,8:06,6,0,0,CHERRY CREEK SOUTH DRIVE & UNIVERSITY BOULEVARD SOUTH,5,1,0,0,2,4,0,,25,0,0,0,0,0,4,2,13
,2017_64864,39.692943,-104.9546745,12/14/2017 8:40,8:40,6,0,0,LOUISIANA AVENUE EAST & CLAYTON STREET SOUTH,5,1,1,2,1,4,0,,25,0,0,0,0,0,4,2,7
,2017_64865,39.696624,-104.9850855,12/14/2017 8:41,8:41,12,0,0,MISSISSIPPI AVENUE 100 BLOCK EAST & SHERMAN STREET SOUTH,5,1,0,0,1,1,0,,25,0,0,0,0,0,4,2,13
,2017_64866,39.718179,-104.959314,12/14/2017 8:50,8:50,12,0,0,UNIVERSITY BOULEVARD NORTH & FIRST AVENUE EAST,1,1,0,0,1,3,0,,30,0,0,0,0,0,4,2,12
,2017_64867,39.746916,-104.9598135,12/14/2017 8:55,8:55,12,0,0,YORK STREET NORTH & 20TH AVENUE EAST,2,1,0,0,1,1,0,,35,0,0,0,0,1,4,2,12
,2017_64869,39.718377,-104.9921325,12/14/2017 9:02,9:02,3,0,0,FIRST AVENUE WEST & CHEROKEE STREET NORTH,2,1,0,0,1,1,0,,25,0,0,0,0,0,4,2,13
,2017_64870,39.733686,-104.9741325,12/14/2017 9:13,9:13,6,0,0,11TH AVENUE EAST & CORONA STREET NORTH,5,1,0,0,1,4,0,,25,0,0,0,0,0,4,2,13
,2017_64871,39.731112,-105.0286455,12/14/2017 18:25,18:25,6,0,0,HOOKER STREET NORTH & NINTH AVENUE WEST,1,3,0,0,1,3,0,,35,0,0,0,0,0,4,2,8
,2017_64872,39.760056,-104.896413,12/14/2017 9:14,9:14,15,0,0,MARTIN LUTHER KING BOULEVARD EAST & TRENTON STREET SOUTH,5,1,0,0,1,4,0,,35,0,0,0,0,0,4,2,13
,2017_64873,39.78388209,-105.0333263,12/14/2017 9:15,9:15,6,0,0,KING STREET 4800 BLOCK NORTH & 48TH AVENUE WEST,1,1,0,0,1,4,0,,25,0,0,0,0,0,4,2,14
,2017_64874,39.722535,-104.9534235,12/14/2017 9:16,9:16,6,0,0,FOURTH AVENUE EAST & FILLMORE STREET NORTH,5,1,0,0,1,1,0,,25,0,0,0,0,0,4,2,14
,2017_64875,39.747366,-104.938353,12/17/2017 18:18,18:18,5,0,0,MONTEVIEW BOULEVARD EAST & ASH STREET NORTH,1,3,0,0,1,3,0,,30,0,0,0,0,0,4,5,13
,2017_64876,39.666699,-104.8726125,12/14/2017 9:53,9:53,14,0,0,YALE AVENUE EAST & ELMIRA STREET SOUTH,5,1,0,0,6,4,0,,25,0,0,0,0,0,4,2,14
,2017_64877,39.733713,-105.0052995,12/14/2017 9:56,9:56,6,0,0,11TH AVENUE 1300 BLOCK WEST & OSAGE STREET NORTH,1,1,0,0,1,4,0,,25,0,0,0,0,0,4,2,13
,2017_64878,39.729087,-104.987412,12/14/2017 9:57,9:57,15,0,0,BROADWAY NORTH & EIGHTH AVENUE WEST,2,1,0,0,1,1,0,,35,0,0,0,0,0,4,2,13
,2017_64879,39.678426,-104.937435,12/14/2017 10:12,10:12,12,0,0,EVANS AVENUE 4200 BLOCK EAST & BELLAIRE STREET SOUTH,1,1,0,0,1,3,0,,35,0,0,0,0,0,4,2,13
,2017_64880,39.729231,-104.922801,12/14/2017 10:36,10:36,10,0,0,HOLLY STREET NORTH & EIGHTH AVENUE EAST,1,1,0,0,1,1,0,,25,0,0,0,0,0,4,2,13
,2017_64881,39.73527,-104.9987025,12/14/2017 11:27,11:27,3,0,0,SANTA FE DRIVE NORTH & 12TH AVENUE WEST,1,1,0,0,1,1,0,,25,0,0,0,0,0,4,2,14
,2017_64882,39.7383978,-104.9712315,12/21/2017 2:03,2:03,6,0,0,14TH AVENUE EAST & 1800 BLOCK EAST,1,3,0,0,1,4,0,,30,0,0,0,0,0,4,3,5
,2017_64883,39.736872,-105.0028065,12/14/2017 11:44,11:44,10,0,0,MARIPOSA STREET NORTH & 13TH AVENUE WEST,1,1,0,0,1,1,0,,30,0,0,0,0,0,4,2,14
,2017_64884,39.725649,-104.986314,12/14/2017 12:20,12:20,15,0,0,SIXTH AVENUE & LINCOLN STREET,1,1,0,0,1,4,0,,,0,0,0,0,0,4,2,13
,2017_64885,39.762,-104.919966,12/16/2017 7:55,7:55,5,0,1,MARTIN LUTHER KING BOULEVARD & IVY STREET NORTH,1,1,0,0,2,1,0,,35,0,0,0,0,2,4,1,2
,2017_64886,39.752262,-104.991804,12/14/2017 13:49,13:49,15,0,0,20TH STREET 1200 BLOCK & LAWRENCE STREET,1,1,0,0,1,4,0,,30,0,0,0,0,0,4,2,13
,2017_64887,39.700269,-104.9827815,12/14/2017 14:25,14:25,3,0,0,KENTUCKY AVENUE EAST & LOGAN STREET SOUTH,1,1,0,0,1,1,0,,25,0,0,0,0,0,4,2,8
,2017_64888,39.748617,-104.903451,12/14/2017 15:00,15:00,3,0,0,QUEBEC STREET NORTH & 21ST AVENUE EAST,1,1,0,0,1,1,0,,25,0,0,0,0,0,4,2,8
,2017_64889,39.731832,-104.911992,12/14/2017 15:00,15:00,12,0,0,MONACO STREET 1000 BLOCK NORTH & 11TH AVENUE EAST,1,1,0,0,1,4,0,,30,0,0,0,0,1,4,2,10
,2017_64890,39.744774,-104.9598225,12/14/2017 15:05,15:05,15,0,0,18TH AVENUE EAST & YORK STREET NORTH,1,1,0,0,1,1,0,,30,0,0,0,0,0,4,2,13
,2017_64891,39.749481,-104.978151,12/14/2017 15:13,15:13,3,0,0,WASHINGTON STREET NORTH & 22ND AVENUE EAST,1,1,0,0,1,1,0,,25,0,0,0,0,0,4,2,13
,2017_64892,39.743244,-104.986107,12/14/2017 15:15,15:15,15,0,0,LINCOLN STREET NORTH & 17TH AVENUE EAST,1,1,0,0,1,1,0,,30,0,0,0,0,0,4,2,13
,2017_64893,39.631833,-105.0390225,12/14/2017 15:45,15:45,3,0,0,NEWTON STREET SOUTH & UNION AVENUE WEST,1,2,0,0,1,3,0,,25,0,0,0,0,0,4,2,14
,2017_64894,39.775032,-104.809923,12/14/2017 23:31,23:31,1,0,0,CHAMBERS ROAD NORTH & ANDREWS DRIVE EAST,1,3,0,0,1,1,0,,35,0,0,0,0,0,4,2,13
,2017_64895,39.785607,-105.034581,12/14/2017 16:07,16:07,12,0,0,49TH AVENUE 3600 BLOCK WEST & LOWELL BOULEVARD NORTH,1,1,0,0,1,3,0,,30,0,0,0,0,0,4,2,14
,2017_64896,39.7170765,-104.8955513,12/14/2017 16:12,16:12,10,0,0,LOWRY BOULEVARD EAST & FAIRMOUNT DRIVE EAST,1,1,0,0,1,6,0,,25,0,0,0,0,0,4,2,13
,2017_64897,39.73104,-104.925762,12/16/2017 10:11,10:11,6,0,0,GLENCOE STREET NORTH & NINTH AVENUE EAST,1,5,0,0,1,4,0,,,0,0,0,0,0,4,2,13
,2017_64898,39.728934,-104.9906115,12/14/2017 16:59,16:59,15,0,0,EIGHTH AVENUE WEST & SPEER BOULEVARD NORTH,1,1,1,0,1,3,0,,30,0,0,0,0,0,4,2,13
,2017_64899,39.743199,-104.963454,12/14/2017 17:05,17:05,3,0,0,17TH AVENUE 1900 BLOCK EAST & RACE STREET NORTH,1,3,0,0,1,5,0,,10,0,0,0,0,0,4,2,13
,2017_64900,39.772854,-104.865894,12/14/2017 17:20,17:20,12,0,0,40TH AVENUE EAST & HAVANA STREET NORTH,1,2,1,0,1,4,0,,35,0,0,0,0,0,4,2,13
,2017_64901,39.741948,-104.8846725,12/14/2017 17:44,17:44,3,0,0,YOSEMITE STREET NORTH & 16TH AVENUE EAST,1,3,0,0,1,1,0,,25,0,0,0,0,0,4,2,1
,2017_64902,39.738339,-104.946165,12/14/2017 17:48,17:48,3,0,0,14TH AVENUE EAST & MADISON STREET NORTH,1,2,0,0,1,1,0,,30,0,0,0,0,0,4,2,13
,2017_64903,39.744819,-104.9823765,12/15/2017 8:46,8:46,12,0,0,18TH AVENUE EAST & LOGAN STREET NORTH,1,1,0,0,1,4,0,,30,0,0,0,0,0,4,2,13
,2017_64904,39.759876,-104.890752,12/14/2017 17:58,17:58,3,0,0,MARTIN LUTHER KING BOULEVARD EAST & CENTRAL PARK BOULEVARD NORTH,1,2,0,0,1,1,0,,35,0,0,0,0,0,4,2,8
,2017_64905,39.7821206,-104.9592915,12/14/2017 21:55,21:55,12,0,0,YORK STREET NORTH & 900 BLOCK NORTH,1,3,1,0,1,2,0,,25,0,0,0,0,0,4,2,1
,2017_64906,39.74486995,-104.9941769,12/14/2017 22:48,22:48,12,0,0,STOUT STREET 1500 BLOCK & 16TH STREET,1,3,0,0,1,4,0,,30,0,0,0,0,0,4,2,13
,2017_64907,39.769272,-105.006456,12/14/2017 22:59,22:59,3,0,0,38TH AVENUE WEST & PECOS STREET NORTH,1,5,0,7,1,1,0,,35,0,0,0,0,0,4,2,13
,2017_64908,39.79311113,-104.8557963,12/17/2017 0:15,0:15,6,0,0,53RD AVENUE EAST & 15600 BLOCK,1,3,0,0,1,4,0,,,0,0,0,0,0,4,2,13
,2017_64909,39.691296,-105.040044,12/14/2017 23:34,23:34,6,0,0,PERRY STREET SOUTH & ARKANSAS AVENUE WEST,1,4,0,0,1,4,0,,25,0,0,0,0,0,4,2,5
,2017_64910,39.796299,-104.845554,12/15/2017 2:00,2:00,6,0,0,55TH AVENUE EAST & QUENTIN STREET NORTH,1,3,0,0,1,4,0,,,0,0,0,0,0,4,2,13
,2017_64911,39.720456,-104.9791185,12/15/2017 2:39,2:39,9,0,0,SPEER BOULEVARD EAST & WASHINGTON STREET NORTH,1,4,0,0,1,4,0,,35,0,0,0,0,1,4,1,12
,2017_64912,39.775338,-105.0174315,12/15/2017 6:33,6:33,6,0,0,ALCOTT STREET NORTH & 43RD AVENUE WEST,1,3,0,0,1,4,0,,25,0,0,0,0,0,4,2,14
,2017_64913,39.709026,-104.875443,12/15/2017 7:44,7:44,12,0,0,ALAMEDA AVENUE 9600 BLOCK EAST & DAYTON STREET SOUTH,1,1,0,0,1,4,0,,35,0,0,0,0,1,4,3,3
,2017_64914,39.765249,-104.8988925,12/15/2017 8:04,8:04,1,0,0,35TH AVENUE EAST & SYRACUSE STREET NORTH,1,1,0,0,1,4,0,,25,0,0,0,0,0,4,2,13
,2017_64915,39.76695,-104.9609835,12/15/2017 8:18,8:18,6,0,0,36TH AVENUE 2200 BLOCK EAST & GAYLORD STREET NORTH,1,5,3,0,1,4,0,,25,0,0,0,0,0,4,2,13
,2017_64916,39.7618065,-105.0054908,12/15/2017 8:19,8:19,15,0,0,20TH STREET & OSAGE STREET NORTH,1,1,0,0,1,3,0,,30,0,0,0,0,0,4,2,14
,2017_64917,39.725604,-104.958864,12/15/2017 8:32,8:32,3,0,0,SIXTH AVENUE EAST & JOSEPHINE STREET NORTH,1,1,0,7,1,1,0,,35,0,0,0,0,0,4,2,16
,2017_64918,39.615021,-105.064641,12/15/2017 8:36,8:36,12,0,1,INGALLS STREET 5600 BLOCK SOUTH & SUMAC AVENUE WEST,1,1,0,0,1,4,0,,25,0,0,0,0,2,4,2,13
,2017_64919,39.696732,-105.043707,12/15/2017 9:00,9:00,10,0,0,TENNYSON STREET 1100 BLOCK SOUTH & MISSISSIPPI AVENUE WEST,1,1,0,0,1,4,0,,25,0,0,0,0,0,4,2,1
,2017_64921,39.71835,-104.962041,12/15/2017 9:03,9:03,12,0,0,FIRST AVENUE 1900 BLOCK EAST & VINE STREET NORTH,1,1,0,0,1,4,0,,30,0,0,0,0,0,4,3,3
,2017_64922,39.624219,-104.8898565,12/15/2017 11:07,11:07,1,0,0,BELLEVIEW AVENUE EAST & DTC BOULEVARD SOUTH,1,1,0,0,1,1,0,,35,0,0,0,0,0,4,2,13
,2017_64923,39.678435,-104.9127435,12/15/2017 12:54,12:54,15,0,0,MONACO STREET 2000 BLOCK SOUTH & EVANS AVENUE EAST,1,1,0,7,1,3,0,,35,0,0,0,0,0,4,2,16
,2017_64924,39.728034,-104.922801,12/15/2017 14:19,14:19,3,0,0,SEVERN PLACE EAST & HOLLY STREET NORTH,1,1,0,0,1,1,0,,25,0,0,0,0,0,4,2,1
,2017_64925,39.678444,-104.908194,12/15/2017 15:15,15:15,1,0,0,EVANS AVENUE EAST & ONEIDA STREET SOUTH,1,1,0,0,1,1,0,,35,0,0,0,0,0,4,2,13
,2017_64926,39.706344,-105.039693,12/15/2017 15:30,15:30,6,0,0,MORRISON ROAD & PERRY STREET SOUTH,1,1,0,0,1,4,0,,30,0,0,0,0,0,4,2,3
,2017_64927,39.844602,-104.6809395,12/22/2017 18:45,18:45,15,0,0,PENA BOULEVARD & 7700 BLOCK,1,3,0,0,1,4,0,,,0,0,0,0,0,4,2,13
,2017_64928,39.774942,-104.9780205,12/15/2017 16:45,16:45,1,0,0,38TH STREET & ARKINS COURT,1,2,0,0,1,1,0,,30,0,0,0,0,0,4,2,1
,2017_64929,39.785904,-104.769711,12/17/2017 0:45,0:45,6,0,0,ARGONNE STREET NORTH & 4609 ARGONNE STREET NORTH,1,3,0,0,1,4,0,,25,0,0,0,0,1,4,2,5
,2017_64930,39.724137,-104.986314,12/15/2017 17:50,17:50,12,0,0,FIFTH AVENUE 000 BLOCK EAST & LINCOLN STREET NORTH,1,3,0,0,1,3,0,,25,0,0,0,0,0,4,2,5
,2017_64931,39.678516,-104.9757615,12/15/2017 18:00,18:00,12,0,0,EVANS AVENUE 1000 BLOCK EAST & OGDEN STREET SOUTH,1,3,0,0,1,4,0,,30,0,0,0,0,1,4,3,13
,2017_64932,39.704013,-105.0298335,12/15/2017 18:10,18:10,3,0,0,IRVING STREET SOUTH & EXPOSITION AVENUE WEST,1,1,0,0,1,1,0,,30,0,0,0,0,0,4,2,13
,2017_64933,39.720915,-104.98626,12/15/2017 20:30,20:30,12,0,0,THIRD AVENUE EAST & LINCOLN STREET NORTH,1,3,0,0,1,1,0,,25,0,0,0,0,0,4,2,13
,2017_64934,39.71655,-105.033681,12/15/2017 21:00,21:00,5,0,0,KING STREET NORTH  & 4047 NORTH KING / LOWELL ALLEYS,1,4,0,0,3,5,0,,,0,0,0,0,0,4,1,13
,2017_64935,39.736845,-104.9835825,12/15/2017 21:17,21:17,6,0,0,GRANT STREET NORTH & 13TH AVENUE EAST,1,3,0,0,1,2,0,,30,0,0,0,0,0,4,2,3
,2017_64936,39.724101,-104.995197,12/15/2017 21:48,21:48,5,0,1,FIFTH AVENUE WEST & FOX STREET NORTH,1,3,0,0,2,4,0,,25,0,0,0,0,2,4,1,5
,2017_64937,39.716532,-105.0349005,12/15/2017 21:50,21:50,6,0,0,LOWELL BOULEVARD SOUTH & 3405 SOUTH LOWELL BOULEVARD SOUTH,1,4,1,0,1,2,0,,,0,0,0,0,0,4,2,13
,2017_64938,39.758283,-104.938317,12/15/2017 22:00,22:00,5,0,0,2800 NORTH ALBION ASH ALY & 29TH AVENUE EAST,1,3,0,0,3,4,0,,25,0,0,0,0,0,4,1,9
,2017_64939,39.760146,-104.938317,12/15/2017 22:03,22:03,5,0,0,30TH AVENUE EAST & ASH STREET NORTH,1,3,0,0,3,5,0,,25,0,0,0,0,0,4,1,9
,2017_64940,39.743262,-104.9775525,12/15/2017 22:39,22:39,6,0,0,17TH STREET 800 BLOCK WEST & CLARKSON,1,3,0,0,1,4,0,,30,0,0,0,0,0,4,2,5
,2017_64941,39.773781,-104.8135635,12/16/2017 1:34,1:34,6,0,0,ANDREWS DRIVE WEST & MITCHELL PLACE EAST,1,3,0,0,1,4,0,,25,0,0,0,0,0,4,3,13
,2017_64942,39.800088,-104.772213,12/16/2017 7:30,7:30,15,0,0,57TH AVENUE EAST & TOWER ROAD NORTH,1,1,0,0,1,4,0,,40,0,0,0,0,0,4,2,13
,2017_64943,39.700224,-104.959323,12/16/2017 10:37,10:37,12,0,0,KENTUCKY AVENUE WEST & UNIVERSITY BOULEVARD SOUTH,1,1,0,0,1,4,0,,25,0,0,0,0,0,4,2,13
,2017_64944,39.761811,-104.949891,12/16/2017 11:03,11:03,3,0,1,MLK BOULEVARD EAST & STEELE STREET NORTH,1,1,0,0,1,1,0,,35,0,0,0,0,2,4,2,16
,2017_64945,39.716532,-104.9862825,12/16/2017 11:30,11:30,6,0,0,ELLSWORTH AVENUE EAST & LINCOLN STREET NORTH,1,1,0,0,1,4,0,,30,0,0,0,0,0,4,2,3
,2017_64946,39.750237,-104.9874075,12/16/2017 11:50,11:50,10,0,0,STOUT STREET & BROADWAY NORTH,1,1,0,1,1,1,0,,35,0,0,0,0,0,4,2,8
,2017_64947,39.7057275,-104.8904798,12/16/2017 12:00,12:00,5,0,0,FAIRMOUNT DRIVE EAST & VALENTIA STREET SOUTH,1,3,0,0,3,4,0,,30,0,0,0,0,0,4,1,5
,2017_64948,39.75076196,-104.9609347,12/16/2017 12:30,12:30,1,0,0,GAYLORD STREET 2300 BLOCK NORTH & 23RD AVENUE EAST,1,1,0,1,1,2,0,,20,0,0,0,0,1,4,2,16
,2017_64949,39.746952,-104.993082,12/16/2017 13:50,13:50,6,0,0,CHAMPA STREET & 1640 CHAMPA STREET,1,1,0,0,1,4,0,,25,0,0,0,0,0,4,2,13
,2017_64950,39.703941,-104.9815845,12/16/2017 14:00,14:00,6,0,0,PENNSYLVANIA STREET SOUTH & EXPOSITION AVENUE EAST,1,1,0,0,1,3,0,,25,0,0,0,0,0,4,2,13
,2017_64951,39.746772,-104.998221,12/16/2017 15:19,15:19,6,0,0,LAWRENCE STREET 1400 BLOCK & 14TH STREET,1,1,0,0,1,4,0,,25,0,0,0,0,0,4,2,13
,2017_64952,39.735252,-104.9929335,12/16/2017 15:34,15:34,3,0,0,12TH AVENUE WEST & DELAWARE STREET NORTH,1,2,0,0,1,1,0,,30,0,0,0,0,0,4,2,8
,2017_64953,39.744801,-104.9861205,12/16/2017 16:01,16:01,3,0,0,18TH AVENUE EAST & LINCOLN STREET NORTH,1,2,0,0,1,1,0,,30,0,0,0,0,0,4,2,4
,2017_64954,39.757248,-105.027624,12/16/2017 16:20,16:20,6,0,0,HAZEL COURT NORTH & 28TH AVENUE WEST,1,1,1,0,1,4,0,,20,0,0,0,0,0,4,3,13
,2017_64955,39.78441,-104.813532,12/16/2017 16:45,16:45,3,0,0,GATEWAY AVENUE EAST & FONTANA COURT NORTH,1,3,0,0,1,1,0,,35,0,0,0,0,0,4,2,7
,2017_64956,39.729213,-104.936004,12/16/2017 17:05,17:05,12,0,0,EIGHTH AVENUE EAST & BIRCH STREET NORTH,1,3,0,0,1,1,0,,,0,0,0,0,0,4,2,13
,2017_64957,39.747429,-104.898771,12/16/2017 17:25,17:25,1,0,0,MONTVIEW BOULEVARD EAST & SYRACUSE STREET NORTH,1,3,0,0,1,1,0,,30,0,0,0,0,0,4,2,13
,2017_64958,39.725649,-104.986314,12/16/2017 17:29,17:29,15,0,0,SIXTH AVENUE EAST & LINCOLN STREET NORTH,1,3,0,0,1,1,0,,30,0,0,0,0,0,4,2,8
,2017_64959,39.708225,-104.944491,12/16/2017 18:57,18:57,15,0,0,CHERRY CREEK 3900 BLOCK EAST & HARRISON STREET EAST,1,3,0,0,1,4,0,,,0,0,0,0,0,4,2,13
,2017_64960,39.70653203,-104.9875954,12/16/2017 19:20,19:20,6,0,0,BROADWAY SOUTH & 2200 BLOCK SOUTH,1,3,0,0,1,4,0,,30,0,0,0,0,0,4,2,13
,2017_64961,39.722535,-104.987502,12/16/2017 20:00,20:00,10,0,0,FOURTH STREET WEST & BROADWAY NORTH,1,3,0,0,1,3,0,,30,0,0,0,0,1,4,3,7
,2017_64962,39.8332845,-104.7040403,12/21/2017 5:50,5:50,5,0,0,PENA BOULEVARD & ELK STREET NORTH,10,2,0,2,2,4,0,,65,0,0,0,0,0,4,1,13
,2017_64963,39.747609,-104.9855535,12/16/2017 20:33,20:33,12,0,0,20TH STREET & 1800 20TH STREET,1,3,1,0,1,3,0,,,0,0,0,0,0,4,3,13
,2017_64964,39.744468,-105.0000435,12/16/2017 20:37,20:37,12,0,0,SPEER BOULEVARD NORTH & ARAPAHOE STREET,1,3,0,0,1,4,0,,,0,0,0,0,1,4,2,13
,2017_64965,39.725622,-104.983605,12/16/2017 21:17,21:17,12,0,0,GRANT STREET NORTH & SIXTH AVENUE EAST,1,3,0,0,1,4,0,,35,0,0,0,0,0,4,2,5
,2017_64966,39.738447,-104.986143,12/16/2017 21:25,21:25,15,0,0,14TH AVENUE EAST & LINCOLN STREET NORTH,1,3,0,0,1,1,0,,35,0,0,0,0,0,4,2,16
,2017_64967,39.772872,-104.7960135,12/16/2017 21:37,21:37,3,0,0,AIRPORT BOULEVARD EAST & 40TH AVENUE NORTH,1,3,0,0,1,1,0,,45,0,0,0,0,1,4,2,12
,2017_64968,39.79026,-104.8097835,12/17/2017 0:30,0:30,3,0,0,53RD AVENUE EAST & CHAMBERS ROAD NORTH,1,3,0,0,1,1,0,,25,0,0,0,0,0,4,2,16
,2017_64969,39.752892,-104.9921415,12/17/2017 0:40,0:40,12,0,0,LARIMER STREET 2000 BLOCK & 21ST STREET,1,3,0,0,1,4,0,,25,0,0,0,0,0,4,2,1
,2017_64970,39.736863,-104.982336,12/17/2017 1:01,1:01,3,0,0,LOGAN STREET NORTH & 13TH AVENUE EAST,1,3,0,0,1,1,0,,30,0,0,0,0,0,4,2,16