id,drcog_id,latitude,longitude,crashtime,time,crashtype,numbkilled,numbinjurd,drcoglocat,rdconditin,lightngcon,roadcntgrd,weatherco,location,roaddescrp,constrzone,schoolzone,splimit,bikeinv,pedinv,sctrinv,motoinv,svrty,rdsystem,ttlvehcls,hcf
,2017_64971,39.770505,-105.014691,12/17/2017 2:51,2:51,6,0,0,39TH AVENUE WEST & WYANDOT STREET NORTH,1,3,0,0,1,4,0,,25,0,0,0,0,0,4,2,4
,2017_64972,39.75975,-104.9820525,12/17/2017 10:50,10:50,3,0,0,28TH STREET & LAWRENCE STREET,1,1,0,0,1,1,0,,30,0,0,0,0,0,4,3,13
,2017_64973,39.667554,-104.9255415,12/17/2017 12:45,12:45,15,0,0,YALE AVENUE EAST & I25 NORTHBOUND RAMPS,1,1,0,0,1,4,0,,30,0,0,0,0,0,4,2,13
,2017_64974,39.711222,-104.903505,12/17/2017 12:51,12:51,12,0,0,QUEBEC STREET SOUTH & ALAMEDA AVENUE EAST,1,1,0,0,1,4,0,,35,0,0,0,0,0,4,2,13
,2017_64975,39.83358199,-104.7220845,12/17/2017 13:12,13:12,12,0,0,PENA BOULEVARD 7500 BLOCK & E470,1,1,0,0,1,4,0,,65,0,0,0,0,0,4,2,1
,2017_64976,39.70386,-104.9195745,12/17/2017 16:00,16:00,3,0,0,EXPOSITION AVENUE EAST & JERSEY STREET SOUTH,1,1,0,0,1,1,0,,20,0,0,0,0,0,4,3,7
,2017_64977,39.715983,-104.959314,12/17/2017 18:20,18:20,12,0,0,UNIVERSITY BOULEVARD NORTH & CHERRY CREEK NORTH DRIVE EAST,1,3,0,0,1,1,0,,35,0,0,0,0,0,4,2,4
,2017_64978,39.714993,-105.0517935,12/17/2017 21:04,21:04,14,0,0,ZENOBIA STREET SOUTH & BAYAUD AVENUE WEST,1,3,0,0,1,1,0,,25,0,0,0,0,0,4,2,2
,2017_64979,39.771738,-105.0017805,12/17/2017 23:35,23:35,6,0,1,LIPAN STREET NORTH & 40TH AVENUE WEST,1,3,0,0,1,4,0,,30,0,0,0,0,2,4,5,5
,2017_64980,39.6749115,-104.9316368,12/18/2017 0:45,0:45,6,0,0,EUDORA STREET SOUTH & ILIFF AVENUE EAST,1,4,0,0,1,4,0,,25,0,0,0,0,0,4,3,5
,2017_64981,39.757563,-105.0193215,12/18/2017 7:10,7:10,12,0,0,SPEER BOULEVARD NORTH & BRYANT STREET NORTH,1,1,0,0,1,4,0,,25,0,0,0,0,1,4,2,14
,2017_64982,39.700413,-105.0469245,12/18/2017 7:18,7:18,3,0,0,KENTUCKY AVENUE 4500 BLOCK WEST & VRAIN STREET SOUTH,1,1,0,0,1,2,0,,25,0,0,0,0,0,4,2,13
,2017_64983,39.711186,-104.997132,12/18/2017 7:45,7:45,10,0,0,ALAMEDA AVENUE WEST & SANTA FE DRIVE SOUTH,1,1,0,0,1,1,0,,30,0,0,0,0,0,4,2,13
,2017_64984,39.760551,-104.9001615,12/18/2017 7:50,7:50,15,0,0,MLK BOULEVARD EAST & ROSLYN STREET NORTH,1,1,0,0,1,1,0,,35,0,0,0,0,0,4,2,13
,2017_64985,39.63354659,-105.0433097,12/18/2017 7:59,7:59,15,0,0,RALEIGH STREET 4600 BLOCK NORTH & 47TH AVENUE WEST,1,1,0,0,1,4,0,,20,0,0,0,0,0,4,2,14
,2017_64986,39.667626,-104.912964,12/18/2017 8:35,8:35,15,0,0,YALE AVENUE 6500 BLOCK EAST & MONACO STREET SOUTH,1,1,0,0,1,4,0,,30,0,0,0,0,0,4,2,1
,2017_64987,39.711348,-104.9035005,12/18/2017 8:37,8:37,3,0,0,ALAMEDA AVENUE EAST & QUEBEC STREET SOUTH,1,1,0,0,1,1,0,,35,0,0,0,0,0,4,2,13
,2017_64988,39.73842,-104.9787315,12/18/2017 8:40,8:40,6,0,0,14TH AVENUE & WASHINGTON STREET NORTH,1,1,0,0,1,4,0,,30,0,0,0,0,0,4,2,12
,2017_64989,39.743244,-104.978736,12/18/2017 8:45,8:45,3,0,0,17TH AVENUE EAST & WASHINGTON STREET NORTH,1,1,0,0,1,1,0,,30,0,0,0,0,0,4,2,13
,2017_64990,39.722535,-104.9862825,12/18/2017 8:50,8:50,3,0,0,LINCOLN STREET NORTH & FOURTH AVENUE EAST,1,1,0,0,1,1,0,,25,0,0,0,0,0,4,2,13
,2017_64991,39.711366,-104.912964,12/18/2017 8:55,8:55,12,0,0,MONACO STREET 300 BLOCK SOUTH & ALAMEDA AVENUE EAST,1,1,0,0,1,3,0,,30,0,0,0,0,0,4,2,4
,2017_64992,39.725676,-104.994063,12/18/2017 9:47,9:47,12,0,0,SIXTH AVENUE 500 BLOCK WEST & ELATI STREET NORTH,1,1,0,0,1,4,0,,30,0,0,0,0,1,4,2,1
,2017_64993,39.725424,-104.903793,12/18/2017 9:58,9:58,12,0,0,QUEBEC STREET NORTH & SIXTH AVENUE EAST,1,1,0,0,1,3,0,,30,0,0,0,0,0,4,2,1
,2017_64994,39.769407,-105.0474645,12/18/2017 10:05,10:05,3,0,0,38TH AVENUE WEST & WINONA COURT NORTH,1,1,0,0,1,1,0,,25,0,0,0,0,1,4,2,13
,2017_64995,39.736854,-104.9787,12/18/2017 11:00,11:00,3,0,0,13TH AVENUE EAST & WASHINGTON STREET NORTH,1,1,0,0,1,1,0,,30,0,0,0,0,0,4,2,14
,2017_64996,39.783969,-105.015843,12/18/2017 11:20,11:20,1,0,0,48TH AVENUE WEST & ZUNI STREET NORTH,1,1,0,0,1,1,0,,25,0,0,0,0,0,4,2,14
,2017_64997,39.754827,-105.0275835,12/18/2017 11:28,11:28,6,0,0,26TH AVENUE 3100 BLOCK WEST & HAZEL COURT NORTH,1,1,0,0,1,4,0,,,0,0,0,0,0,4,2,13
,2017_64998,39.75130672,-104.9981625,12/18/2017 11:45,11:45,15,0,0,13TH STREET & BLAKE STREET,1,1,0,0,1,1,0,,25,0,0,0,0,0,4,2,13
,2017_64999,39.76929,-105.0252435,12/18/2017 12:08,12:08,12,0,0,38TH AVENUE 2900 BLOCK WEST & FEDERAL BOULEVARD NORTH,1,1,1,0,1,4,0,,30,0,0,0,0,0,4,2,13
,2017_65000,39.729285,-105.0251625,12/18/2017 12:28,12:28,15,0,0,EIGHTH AVENUE 2900 BLOCK WEST & FEDERAL BOULEVARD NORTH,1,1,0,0,1,4,0,,30,0,0,0,0,0,4,2,13
,2017_65001,39.765726,-104.9948415,12/18/2017 12:48,12:48,3,0,0,PARK AVENUE WEST & GLOBEVILLE ROAD NORTH,1,1,1,0,1,1,0,,30,0,0,0,0,0,4,2,13
,2017_65002,39.667473,-104.9272425,12/18/2017 13:00,13:00,15,0,0,YALE AVENUE EAST & GLENCOE STREET SOUTH,1,1,0,0,1,4,0,,30,0,0,0,0,1,4,2,1
,2017_65003,39.741606,-104.9591925,12/18/2017 13:20,13:20,10,0,0,JOSEPHINE STREET NORTH & 16TH AVENUE EAST,1,1,0,0,1,5,0,,30,0,0,0,0,0,4,2,7
,2017_65004,39.69666,-104.8917105,12/18/2017 13:35,13:35,12,0,0,VALENTIA STREET SOUTH & MISSISSIPPI AVENUE EAST,1,1,0,0,1,1,0,,30,0,0,0,0,0,4,2,13
,2017_65005,39.78178383,-104.9784393,12/18/2017 13:46,13:46,5,0,0,46TH AVENUE EAST & WASHINGTON STREET NORTH,1,1,0,0,2,1,0,,30,0,0,0,0,0,4,1,13
,2017_65006,39.696633,-104.865993,12/18/2017 14:15,14:15,3,0,0,MISSISSIPPI 10400 BLOCK EAST & HAVANA STREET SOUTH,1,1,0,0,1,2,0,,15,0,0,0,0,0,4,2,16
,2017_65007,39.716532,-105.036111,12/18/2017 14:50,14:50,6,0,0,MEADE STREET SOUTH & 1543 SOUTH MEADE STREET SOUTH,1,1,1,0,1,4,0,,25,0,0,0,0,0,4,4,3
,2017_65008,39.672297,-105.034914,12/18/2017 15:09,15:09,3,0,0,LOWELL BOULEVARD SOUTH & HARVARD AVENUE WEST,1,1,0,0,1,1,0,,25,0,0,0,0,1,4,2,16
,2017_65009,39.7116,-104.9408055,12/18/2017 15:40,15:40,3,0,0,ALAMEDA AVENUE 4200 BLOCK EAST & COLORADO BOULEVARD SOUTH,1,1,1,0,1,1,0,,30,0,0,0,0,0,4,2,13
,2017_65010,39.709296,-104.960556,12/18/2017 15:58,15:58,6,0,0,YORK STREET SOUTH & DAKOTA AVENUE EAST,1,1,1,0,1,4,0,,25,0,0,0,0,0,4,2,1
,2017_65011,39.738456,-105.0001605,12/18/2017 16:00,16:00,3,0,0,14TH AVENUE WEST & KALAMATH STREET NORTH,1,1,0,0,1,1,0,,35,0,0,0,0,0,4,2,7
,2017_65012,39.779577,-104.8471335,12/18/2017 16:53,16:53,1,0,0,PEORIA STREET NORTH & 46TH AVENUE EAST,1,2,0,0,1,1,0,,30,0,0,0,0,1,4,2,7
,2017_65013,39.7656,-104.9318235,12/18/2017 17:14,17:14,12,0,0,DAHLIA STREET NORTH & 35TH AVENUE EAST,1,3,0,0,1,3,0,,30,0,0,0,0,0,4,2,14
,2017_65014,39.743775,-104.9058045,12/18/2017 17:27,17:27,3,0,0,17TH AVENUE EAST & PONTIAC STREET NORTH,1,3,0,0,1,1,0,,30,0,0,0,0,0,4,2,1
,2017_65015,39.762108,-105.0393015,12/18/2017 17:28,17:28,6,0,0,32ND AVENUE WEST & PERRY STREET NORTH,1,1,1,0,1,4,0,,30,0,0,0,0,0,4,2,13
,2017_65016,39.747618,-105.0053805,12/18/2017 17:34,17:34,12,0,0,AURARIA PARKWAY & 11TH STREET,1,3,0,0,1,4,0,,35,0,0,0,0,0,4,2,13
,2017_65017,39.782358,-104.8589955,12/21/2017 7:20,7:20,15,0,0,47TH AVENUE EAST & KINGSTON STREET NORTH,5,3,0,2,1,1,0,,,0,0,0,0,0,4,2,13
,2017_65018,39.725649,-104.986314,12/18/2017 18:37,18:37,15,0,0,LINCOLN STREET NORTH & SIXTH AVENUE EAST,1,3,0,0,1,4,0,,30,0,0,0,0,0,4,2,5
,2017_65019,39.74211,-104.9031135,12/18/2017 18:45,18:45,12,0,0,QUEBEC STREET 1600 BLOCK NORTH & 17TH AVENUE WEST,1,3,0,0,1,3,0,,,0,0,0,0,0,4,2,13
,2017_65020,39.748878,-104.987448,12/18/2017 20:29,20:29,15,0,0,20TH STREET & BROADWAY STREET NORTH,1,3,0,0,1,1,0,,25,0,0,0,0,0,4,2,8
,2017_65021,39.778911,-104.951925,12/18/2017 23:23,23:23,6,0,0,45TH AVENUE EAST & MILWAUKEE STREET NORTH,1,3,0,0,1,3,0,,30,0,0,0,0,0,4,2,5
,2017_65022,39.696588,-104.962896,12/19/2017 0:01,0:01,6,0,0,VINE STREET SOUTH & MISSISSIPPI AVENUE EAST,1,3,0,0,1,4,0,,,0,0,0,0,0,4,3,13
,2017_65023,39.678426,-104.995971,12/19/2017 6:45,6:45,6,0,0,GALAPAGO STREET SOUTH & EVANS AVENUE WEST,1,2,0,0,1,4,0,,25,0,0,0,0,0,4,2,5
,2017_65024,39.656484,-105.0612525,12/19/2017 6:52,6:52,6,0,0,HOBART WAY SOUTH & DARTMOUTH AVENUE WEST,1,1,0,0,1,4,0,,,0,0,0,0,0,4,2,13
,2017_65025,39.696894,-104.9239035,12/19/2017 7:03,7:03,1,0,0,CHERRY CREEK SOUTH DRIVE & MISSISSIPPI AVENUE EAST,1,1,1,0,1,1,1,,35,0,0,0,0,1,4,2,1
,2017_65026,39.778047,-104.8471245,12/19/2017 7:50,7:50,3,0,0,45TH AVENUE EAST & PEORIA STREET NORTH,1,1,0,0,1,2,0,,,0,0,0,0,0,4,3,13
,2017_65027,39.725595,-104.9578605,12/19/2017 7:55,7:55,6,0,0,COLUMBINE STREET NORTH & SIXTH AVENUE EAST,1,1,0,0,1,4,0,,25,0,0,0,0,0,4,2,3
,2017_65028,39.680586,-104.9451345,12/19/2017 8:04,8:04,3,0,0,MONROE STREET SOUTH & BUCHTEL BOULEVARD EAST,1,1,0,7,1,1,0,,25,0,0,0,0,1,4,2,7
,2017_65029,39.704931,-105.0298245,12/19/2017 8:07,8:07,1,0,0,GILL PLACE WEST & IRVING STREET SOUTH,1,1,0,0,1,4,0,,25,0,0,0,0,0,4,2,13
,2017_65030,39.735135,-104.9574465,12/19/2017 8:23,8:23,3,0,0,COLUMBINE STREET NORTH & 12TH AVENUE EAST,1,1,0,7,1,1,0,,25,0,0,0,0,0,4,2,16
,2017_65031,39.770946,-105.040494,12/20/2017 18:43,18:43,6,0,0,39TH AVENUE 4000 BLOCK WEST & QUITMAN STREET NORTH,1,3,0,0,1,4,0,,25,0,0,0,0,0,4,2,1
,2017_65032,39.762,-105.0236055,12/19/2017 8:26,8:26,1,0,0,32ND AVENUE WEST & ELIOT STREET NORTH,1,5,0,0,1,1,0,,25,0,0,0,0,0,4,2,14
,2017_65033,39.711168,-104.99238,12/19/2017 8:47,8:47,15,0,0,ALAMEDA AVENUE WEST & CHEROKEE STREET SOUTH,1,1,0,0,1,3,0,,30,0,0,0,0,0,4,2,7
,2017_65034,39.736845,-104.98617,12/19/2017 9:00,9:00,3,0,0,LINCOLN STREET NORTH & 13TH AVENUE EAST,1,1,0,7,1,1,0,,30,0,0,0,0,0,4,2,16
,2017_65035,39.733632,-104.9418135,12/19/2017 9:43,9:43,14,0,0,11TH AVENUE EAST & HARRISON STREET NORTH,1,1,0,0,1,1,0,,25,0,0,0,0,0,4,2,13
,2017_65036,39.78928238,-104.9782241,12/19/2017 11:25,11:25,12,0,0,WASHINGTON STREET 5100 BLOCK NORTH & 51ST AVENUE EAST,1,1,0,0,1,3,0,,30,0,0,0,0,0,4,2,13
,2017_65037,39.746241,-104.9959755,12/19/2017 11:27,11:27,10,0,0,15TH STREET & CURTIS STREET,1,1,0,0,1,1,0,,30,0,0,0,0,0,4,2,13
,2017_65038,39.748185,-104.9598045,12/21/2017 9:50,9:50,12,0,0,21ST AVENUE & YORK STREET,5,1,0,2,1,4,0,,30,0,0,0,0,0,4,2,13
,2017_65039,39.76932938,-105.0189266,12/19/2017 11:52,11:52,12,0,0,BRYANT STREET 3800 BLOCK NORTH & 38TH AVENUE WEST,1,1,1,0,1,3,0,,25,0,0,0,0,0,4,2,13
,2017_65040,39.738456,-105.0322635,12/19/2017 18:04,18:04,3,0,0,14TH AVENUE WEST & KNOX COURT NORTH,1,3,0,0,1,1,0,,,0,0,0,0,0,4,2,13
,2017_65041,39.768129,-104.9597505,12/19/2017 12:43,12:43,10,0,0,YORK STREET NORTH & 37TH AVENUE EAST,1,1,0,0,1,1,0,,30,0,0,0,0,0,4,2,13
,2017_65042,39.735252,-104.9929335,12/19/2017 13:44,13:44,3,0,0,12TH AVENUE 400 BLOCK WEST & DELAWARE STREET,1,1,0,0,1,5,0,,25,0,0,0,0,1,4,2,13
,2017_65043,39.72627,-105.0002055,12/19/2017 14:12,14:12,15,0,0,SIXTH AVENUE WEST & KALAMATH STREET NORTH,1,1,0,0,1,4,0,,45,0,0,0,0,0,4,2,3
,2017_65044,39.756969,-104.959791,12/21/2017 8:09,8:09,3,0,0,28TH AVENUE EAST & YORK STREET NORTH,5,1,1,2,1,1,0,,,0,0,0,0,1,4,2,13
,2017_65045,39.727314,-105.0002235,12/19/2017 14:29,14:29,3,0,0,KALAMATH STREET NORTH & SEVENTH AVENUE WEST,1,1,1,0,1,1,0,,30,0,0,0,0,0,4,2,13
,2017_65046,39.780216,-105.0193575,12/19/2017 15:20,15:20,6,0,0,46TH AVENUE WEST & BRYANT STREET NORTH,1,1,0,0,1,2,0,,25,0,0,0,0,0,4,2,13
,2017_65047,39.740022,-105.000192,12/19/2017 15:20,15:20,12,0,0,KALAMATH STREET 1500 NORTH & COLFAX AVENUE WEST,1,1,0,0,1,4,0,,30,0,0,0,0,0,4,2,13
,2017_65048,39.77171824,-104.90281,12/19/2017 15:30,15:30,12,0,0,QUEBEC STREET NORTH & 3200 BLOCK NORTH,1,1,0,0,1,4,0,,45,0,0,0,0,0,4,2,13
,2017_65049,39.751002,-104.897754,12/19/2017 16:00,16:00,6,0,0,23RD AVENUE EAST & 1715 EAST 23RD AVENUE,1,1,0,0,1,4,0,,30,0,0,0,0,0,4,2,14
,2017_65050,39.75633,-105.015852,12/19/2017 16:00,16:00,12,0,0,ZUNI STREET NORTH & SPEER BOULEVARD,1,2,1,0,1,1,0,,30,0,0,0,0,0,4,2,3
,2017_65051,39.718332,-104.9694255,12/19/2017 16:55,16:55,12,0,0,FIRST AVENUE 1400 BLOCK EAST & HUMBOLDT STREET NORTH,1,3,0,0,1,4,0,,35,0,0,0,0,1,4,2,16
,2017_65052,39.776562,-105.047442,12/19/2017 17:07,17:07,12,0,0,44TH AVENUE WEST & NORTH WINONA COURT,1,2,1,0,1,1,0,,30,0,0,0,0,0,4,2,16
,2017_65053,39.720456,-104.9791185,12/19/2017 17:14,17:14,15,0,0,SPEER BOULEVARD 700 BLOCK EAST & WASHINGTON STREET SOUTH,1,3,0,0,1,4,0,,30,0,0,0,0,0,4,2,16
,2017_65054,39.628593,-105.034833,12/19/2017 17:32,17:32,12,0,0,LOWELL BOULEVARD SOUTH & SARATOGA AVENUE WEST,1,3,0,0,1,3,0,,30,0,0,0,0,0,4,3,13
,2017_65055,39.768138,-104.994981,12/19/2017 18:33,18:33,12,0,0,PARK AVENUE WEST & I25 INTCH,1,2,0,0,1,4,0,,35,0,0,0,0,0,4,3,13
,2017_65056,39.689217,-105.0003,12/20/2017 6:40,6:40,12,0,0,FLORIDA AVENUE WEST & PLATTE RIVER DRIVE SOUTH,1,1,0,0,1,4,0,,30,0,0,0,0,0,4,2,3
,2017_65057,39.725424,-104.903793,12/20/2017 7:08,7:08,1,0,0,QUEBEC STREET NORTH & SIXTH AVENUE EAST,1,1,1,0,1,1,0,,35,0,0,0,0,0,4,2,13
,2017_65058,39.733839,-104.987394,12/23/2017 1:30,1:30,6,0,0,BROADWAY NORTH & 11TH AVENUE EAST,1,3,0,0,1,4,0,,,0,0,0,0,0,4,2,13
,2017_65059,39.716262,-104.9033363,12/20/2017 7:25,7:25,12,0,0,QUEBEC STREET 00 BLOCK NORTH & ELLSWORTH AVENUE EAST,1,1,0,0,1,4,0,,35,0,0,0,0,0,4,2,1
,2017_65060,39.689334,-104.903604,12/20/2017 7:34,7:34,12,0,0,QUEBEC STREET SOUTH & FLORIDA AVENUE EAST,1,1,0,0,1,3,0,,35,0,0,0,0,0,4,2,13
,2017_65061,39.769443,-105.031521,12/20/2017 7:35,7:35,6,0,0,38TH AVENUE 3400 BLOCK WEST & JULIAN STREET NORTH,1,1,0,0,1,4,0,,25,0,0,0,0,0,4,3,14
,2017_65062,39.696624,-104.9874525,12/20/2017 8:33,8:33,15,0,0,MISSISSIPPI AVENUE 000 BLOCK WEST & BROADWAY STREET SOUTH,1,1,1,0,1,4,0,,30,0,0,0,0,0,4,2,13
,2017_65063,39.741426,-104.9988915,12/20/2017 8:35,8:35,15,0,0,STOUT STREET & SPEER BOULEVARD NORTH,1,1,0,0,1,1,0,,25,0,0,0,0,0,4,2,14
,2017_65064,39.738447,-104.9916645,12/20/2017 9:50,9:50,10,0,0,14TH AVENUE WEST & CHEROKEE STREET NORTH,1,1,0,0,1,1,0,,30,0,0,0,0,0,4,2,13
,2017_65065,39.729114,-104.960232,12/20/2017 11:46,11:46,3,0,0,EIGHTH AVENUE EAST & YORK STREET NORTH,1,1,1,0,1,1,0,,30,0,0,0,0,0,4,2,16
,2017_65066,39.747429,-104.9128245,12/20/2017 11:48,11:48,3,0,0,MONTVIEW BOULEVARD EAST & MONACO STREET NORTH,1,1,0,0,1,1,0,,30,0,0,0,0,0,4,2,14
,2017_65067,39.685887,-105.029802,12/21/2017 7:09,7:09,8,0,0,IRVING STREET SOUTH & MEXICO AVENUE WEST,5,1,1,2,1,1,0,,25,0,0,0,0,0,4,2,13
,2017_65068,39.698388,-104.959332,12/20/2017 11:50,11:50,12,0,0,UNIVERSITY BL 900 BLOCK SOUTH & TENNESSEE AVENUE EAST,1,1,1,0,1,4,0,,30,0,0,0,0,0,4,2,3
,2017_65069,39.745044,-104.987394,12/20/2017 11:55,11:55,10,0,0,18TH STREET & BROADWAY STREET NORTH,1,1,0,0,1,1,0,,30,0,0,0,0,0,4,2,13
,2017_65070,39.714957,-105.0373035,12/20/2017 12:00,12:00,6,0,0,NEWTON STREET NORTH & BAYAUD AVENUE EAST,1,1,0,0,1,4,0,,,0,0,0,0,0,4,2,13
,2017_65071,39.67434,-104.9039438,12/20/2017 12:20,12:20,3,0,0,QUEBEC STREET SOUTH & WARREN AVENUE EAST,1,1,1,0,1,2,0,,35,0,0,0,0,0,4,2,13
,2017_65072,39.667716,-104.9758335,12/20/2017 12:23,12:23,12,0,0,YALE AVENUE EAST & OGDEN STREET SOUTH,1,1,1,0,1,4,0,,25,0,0,0,0,0,4,2,13
,2017_65073,39.786219,-104.8469715,12/20/2017 12:40,12:40,3,0,0,PEORIA STREET NORTH & ANDREWS DRIVE EAST,1,1,0,0,1,1,0,,35,0,0,0,0,1,4,2,13
,2017_65074,39.711186,-104.892912,12/20/2017 13:07,13:07,3,0,0,ALAMEDA AVENUE EAST & FAIRMOUNT DRIVE EAST,1,1,0,0,1,1,0,,35,0,0,0,0,0,4,2,1
,2017_65075,39.767382,-104.90346,12/20/2017 13:09,13:09,15,0,0,QUEBEC STREET NORTH & 36TH AVENUE EAST,1,1,0,0,1,4,0,,45,0,0,0,0,0,4,2,12
,2017_65076,39.698388,-104.9605605,12/20/2017 13:35,13:35,3,0,0,YORK STREET SOUTH & TENNESSEE AVENUE EAST,1,1,0,0,1,1,0,,25,0,0,0,0,0,4,3,13
,2017_65077,39.678435,-104.912892,12/20/2017 14:39,14:39,12,0,0,MONACO STREET SOUTH & EVANS STREET EAST,1,1,0,0,1,4,0,,35,0,0,0,0,0,4,2,5
,2017_65078,39.7182555,-104.9590868,12/20/2017 15:27,15:27,5,0,0,UNIVERSITY BOULEVARD / JOSEPHINE STREET SOUTH ALLEY & 2000 BLOCK SOUTH,1,1,0,0,3,5,0,,5,0,0,0,0,0,4,1,14
,2017_65079,39.844602,-104.6809395,12/20/2017 15:43,15:43,15,0,0,PENA BOULEVARD INBOUND & 8200 BLOCK,1,1,0,0,1,1,0,,35,0,0,0,0,0,4,2,13
,2017_65080,39.736746,-104.9418225,12/20/2017 16:01,16:01,3,0,0,13TH AVENUE EAST & HARRISON STREET NORTH,1,1,0,0,1,1,0,,30,0,0,0,0,0,4,2,1
,2017_65081,39.7057275,-104.8904798,12/21/2017 7:04,7:04,15,0,0,FAIRMOUNT DRIVE EAST & VALENTIA STREET SOUTH,5,2,1,2,1,1,0,,30,0,0,0,0,0,4,3,13
,2017_65082,39.764466,-104.959773,12/20/2017 16:20,16:20,3,0,2,BRUCE RANDOLPH AVENUE EAST & YORK STREET NORTH,1,2,0,0,1,1,0,,30,0,0,0,0,2,4,3,1
,2017_65083,39.756411,-104.987421,12/20/2017 16:35,16:35,12,0,0,24TH STREET & BROADWAY STREET NORTH,1,2,0,0,1,3,0,,30,0,0,0,0,0,4,2,8
,2017_65084,39.750696,-104.959773,12/20/2017 16:50,16:50,12,0,0,23RD AVENUE EAST & YORK STREET NORTH,1,2,0,0,1,3,0,,30,0,0,0,0,0,4,2,1
,2017_65085,39.74598,-104.9980725,12/20/2017 17:00,17:00,6,0,0,14TH STREET & ARAPAHOE STREET,1,1,0,0,1,4,0,,25,0,0,0,0,0,4,2,7
,2017_65086,39.768489,-104.86575,12/20/2017 17:22,17:22,12,0,0,HAVANA STREET NORTH & SMITH ROAD EAST,1,3,0,0,1,4,0,,30,0,0,0,0,0,4,3,13
,2017_65087,39.693087,-105.0320655,12/20/2017 17:25,17:25,3,0,0,LOUISIANA AVENUE WEST & SOUTH KNOX STREET,1,3,0,0,1,1,0,,25,0,0,0,0,0,4,2,16
,2017_65088,39.77299178,-104.9754813,12/20/2017 17:45,17:45,15,0,0,38TH STREET & 1600 BLOCK,1,3,1,0,1,4,0,,30,0,0,0,0,0,4,2,1
,2017_65089,39.747384,-104.9258025,12/20/2017 17:50,17:50,12,0,0,MONTEVIEW BOULEVARD 4300 BLOCK EAST & GLENCOE STREET NORTH,1,3,0,0,1,4,0,,30,0,0,0,0,0,4,2,8
,2017_65090,39.76926361,-104.9960844,12/20/2017 20:23,20:23,15,0,0,38TH AVENUE WEST & 4300 BLOCK WEST,1,3,0,0,1,2,0,,35,0,0,0,0,0,4,2,3
,2017_65091,39.714471,-104.903784,12/20/2017 21:40,21:40,5,0,1,QUEBEC STREET 100 BLOCK SOUTH & BAYAUD AVENUE WEST,1,3,0,0,3,4,0,,30,0,0,0,0,2,4,1,5
,2017_65092,39.66336,-105.03477,12/20/2017 22:00,22:00,6,0,0,LOWELL BOULEVARD SOUTH & AMHERST AVENUE WEST,10,2,1,2,1,4,0,,,0,0,0,0,0,4,2,13
,2017_65093,39.775032,-104.809923,12/20/2017 23:00,23:00,1,0,0,ANDREWS DRIVE EAST & CHAMBERS ROAD NORTH,1,3,0,0,1,1,0,,40,0,0,0,0,1,4,2,14
,2017_65094,39.756969,-104.959791,12/21/2017 0:00,0:00,12,0,0,28TH AVENUE EAST & YORK STREET NORTH,1,3,0,0,1,3,0,,30,0,0,0,0,1,4,3,5
,2017_65095,39.732867,-104.898771,12/21/2017 7:07,7:07,5,0,0,11TH AVENUE EAST & SYRACUSE STREET NORTH,5,1,0,2,3,3,0,,25,0,0,0,0,0,4,1,13
,2017_65096,39.728934,-104.9906115,12/21/2017 0:43,0:43,3,0,3,SPEER BOULEVARD NORTH & EIGHTH AVENUE WEST,1,3,0,0,1,1,0,,30,0,0,0,0,2,4,3,5
,2017_65097,39.68112911,-104.9734253,12/21/2017 1:31,1:31,6,0,0,DOWNING STREET SOUTH & 1100 BLOCK SOUTH,1,3,0,0,1,4,0,,30,0,0,0,0,0,4,2,2
,2017_65098,39.834405,-104.715504,12/21/2017 5:54,5:54,15,0,0,PENA BOULEVARD & GUN CLUB ROAD,4,3,1,2,1,4,0,,65,0,0,0,0,0,4,2,13
,2017_65099,39.783609,-104.7913916,12/21/2017 5:55,5:55,12,0,0,PENA BOULEVARD & GREEN VALLEY RANCH BOULEVARD,4,2,0,2,1,4,0,,65,0,0,0,0,1,4,2,7
,2017_65100,39.783609,-104.7913916,12/21/2017 5:55,5:55,12,0,0,PENA BOULEVARD 5300 BLOCK & GREEN VALLEY RANCH BOULEVARD,4,3,0,2,1,4,0,,65,0,0,0,0,1,4,2,16
,2017_65101,39.844602,-104.6809395,12/21/2017 6:15,6:15,15,0,0,PENA BOULEVARD & 7700 BLOCK,5,3,0,2,1,4,0,,65,0,0,0,0,1,4,2,13
,2017_65102,39.758283,-104.938317,12/21/2017 6:15,6:15,3,0,0,29TH AVENUE EAST & ASH STREET NORTH,4,3,0,2,1,1,0,,20,0,0,0,0,1,4,2,7
,2017_65103,39.736836,-104.912811,12/21/2017 6:30,6:30,12,0,0,13TH AVENUE EAST & MONACO STREET NORTH,5,2,0,2,1,3,0,,25,0,0,0,0,0,4,2,13
,2017_65104,39.732984,-105.0394815,12/21/2017 6:50,6:50,14,0,0,10TH AVENUE WEST & PERRY STREET NORTH,5,1,1,2,6,4,0,,30,0,0,0,0,0,4,3,7
,2017_65105,39.750192,-105.0047415,12/21/2017 6:50,6:50,5,0,0,SPEER BOULEVARD NORTH & WEWATTA STREET,5,1,0,2,3,4,0,,35,0,0,0,0,0,4,1,13