id,drcog_id,latitude,longitude,crashtime,time,crashtype,numbkilled,numbinjurd,drcoglocat,rdconditin,lightngcon,roadcntgrd,weatherco,location,roaddescrp,constrzone,schoolzone,splimit,bikeinv,pedinv,sctrinv,motoinv,svrty,rdsystem,ttlvehcls,hcf
,2017_65106,39.711114,-104.959305,12/21/2017 6:53,6:53,3,0,0,UNIVERSITY BOULEVARD SOUTH & ALAMEDA AVENUE EAST,5,2,1,2,1,1,0,,30,0,0,0,0,0,4,2,1
,2017_65107,39.732984,-105.0394815,12/21/2017 6:53,6:53,6,0,0,10TH AVENUE 4000 BLOCK WEST & PERRY STREET NORTH,4,1,1,2,1,4,0,,30,0,0,0,0,0,4,2,7
,2017_65108,39.798234,-104.7721815,12/21/2017 6:55,6:55,15,0,0,56TH AVENUE EAST & TOWER ROAD NORTH,5,1,0,2,1,1,0,,30,0,0,0,0,0,4,2,13
,2017_65109,39.716559,-105.039693,12/21/2017 7:03,7:03,6,0,0,PERRY STREET NORTH & ELLSWORTH AVENUE WEST,5,1,1,2,1,4,0,,25,0,0,0,0,0,4,3,13
,2017_65110,39.746916,-104.9598135,12/21/2017 7:10,7:10,12,0,0,20TH AVENUE & YORK STREET,5,2,0,2,1,1,0,,30,0,0,0,0,0,4,2,13
,2017_65111,39.74629044,-105.0052057,12/21/2017 7:27,7:27,8,0,0,WALNUT STREET & 4000 BLOCK,10,1,0,2,6,4,0,,30,0,0,0,0,1,4,2,7
,2017_65112,39.632391,-105.0347745,12/21/2017 7:30,7:30,6,0,0,UNION AVENUE WEST & LOWELL BOULEVARD SOUTH,10,1,1,2,1,4,0,,25,0,0,0,0,0,4,2,13
,2017_65113,39.732984,-105.0394815,12/21/2017 7:35,7:35,6,0,0,10TH AVENUE 4000 BLOCK WEST & PERRY STREET NORTH,4,1,1,2,1,4,0,,30,0,0,0,0,0,4,3,7
,2017_65114,39.702942,-104.9129415,12/21/2017 7:47,7:47,6,0,0,MONACO STREET SOUTH & LEETSDALE DRIVE,5,1,1,2,1,4,0,,30,0,0,0,0,0,4,2,1
,2017_65115,39.768327,-105.034644,12/21/2017 7:49,7:49,6,0,0,LOWELL BOULEVARD SOUTH & CLYDE PLACE WEST,5,1,0,2,1,3,0,,30,0,0,0,0,0,4,2,14
,2017_65116,39.717819,-104.944932,12/21/2017 8:01,8:01,6,0,0,FIRST AVENUE EAST & MONROE STREET NORTH,5,1,1,2,1,4,0,,30,0,0,0,0,0,4,2,13
,2017_65117,39.73895282,-105.041673,12/21/2017 13:49,13:49,6,0,0,RALEIGH STREET SOUTH & 2625 SOUTH,6,1,0,0,1,4,0,,30,0,0,0,0,0,4,2,13
,2017_65118,39.740076,-104.929218,12/21/2017 8:02,8:02,15,0,0,COLFAX AVENUE EAST & ELM STREET NORTH ROAD SOUTH,4,1,1,2,1,4,0,,30,0,0,0,0,0,4,2,13
,2017_65119,39.7383978,-104.9712315,12/21/2017 8:10,8:10,15,0,0,14TH AVENUE EAST & 1100 BLOCK EAST,5,1,0,2,1,3,0,,30,0,0,0,0,0,4,2,13
,2017_65120,39.784077,-104.991102,12/21/2017 8:15,8:15,14,0,0,BANNOCK STREET & 48TH AVENUE WEST,5,1,0,2,1,4,0,,35,0,0,0,0,0,4,2,14
,2017_65121,39.687345,-104.980131,12/21/2017 8:30,8:30,6,0,0,PEARL STREET 1600 BLOCK NORTH & 17TH AVENUE EAST,5,1,0,2,1,4,0,,25,0,0,0,0,0,4,2,13
,2017_65122,39.751002,-104.897754,12/21/2017 8:30,8:30,5,0,0,23RD AVENUE EAST & 2804 23RD AVENUE EAST,5,1,0,2,2,4,0,,30,0,0,0,0,0,4,1,13
,2017_65123,39.778371,-105.0439635,12/21/2017 8:31,8:31,6,0,0,TENNYSON STREET NORTH & 45TH AVENUE WEST,5,1,0,2,1,1,0,,30,0,0,0,0,0,4,2,14
,2017_65124,39.711204,-105.032745,12/21/2017 8:33,8:33,15,0,0,KNOX COURT SOUTH & ALAMEDA AVENUE WEST,5,1,1,2,1,4,0,,25,0,0,0,0,0,4,5,13
,2017_65125,39.785652,-104.893254,12/26/2017 16:54,16:54,5,0,0,NORTHFIELD BOULEVARD EAST & UINTA STREET NORTH,5,3,1,2,3,1,0,,35,0,0,0,0,0,4,1,7
,2017_65126,39.758247,-104.9660055,12/21/2017 8:49,8:49,3,0,0,29TH AVENUE EAST & WILLIAMS STREET NORTH,5,1,0,2,1,5,0,,25,0,0,0,0,0,4,2,13
,2017_65127,39.71655,-105.0296884,12/21/2017 8:54,8:54,12,0,0,ELLSWORTH AVENUE WEST & 3700 BLOCK WEST,5,1,1,2,1,4,0,,25,0,0,0,0,1,4,3,13
,2017_65128,39.736782,-104.9539545,12/21/2017 11:10,11:10,6,0,0,DETROIT STREET NORTH & 13TH AVENUE EAST,4,1,0,2,1,4,0,,25,0,0,0,0,0,4,2,7
,2017_65129,39.741642,-104.9711423,12/21/2017 8:55,8:55,12,0,0,16TH AVENUE EAST & 100 BLOCK EAST,5,1,0,2,1,3,0,,30,0,0,0,0,0,4,2,13
,2017_65130,39.742713,-104.9530028,12/21/2017 8:59,8:59,3,0,0,SMITH ROAD EAST & PRIVATE ROAD,5,1,0,0,1,2,0,,30,0,0,0,0,0,4,2,13
,2017_65131,39.759435,-104.970861,12/21/2017 9:00,9:00,6,0,0,LAFAYETTE STREET NORTH & 30TH AVENUE EAST,4,1,0,4,1,4,0,,25,0,0,0,0,0,4,2,13
,2017_65132,39.75417,-104.9893335,12/21/2017 9:45,9:45,12,0,0,22ND STREET & LAWRENCE STREET,5,1,0,2,1,1,0,,25,0,0,0,0,0,4,2,13
,2017_65133,39.680388,-104.926194,12/21/2017 21:43,21:43,6,0,0,ASBURY AVENUE EAST & GLENCOE STREET SOUTH,5,3,0,0,1,4,0,,25,0,0,0,0,0,4,2,13
,2017_65134,39.785427,-105.006411,12/21/2017 10:15,10:15,14,0,0,PECOS STREET NORTH & DIXIE PLACE WEST,4,1,0,2,1,1,0,,30,0,0,0,0,0,4,2,7
,2017_65135,39.770937,-105.039333,12/21/2017 10:17,10:17,3,0,0,39TH AVENUE WEST & PERRY STREET NORTH,5,1,1,0,1,1,0,,25,0,0,0,0,0,4,3,13
,2017_65136,39.723435,-104.983794,12/21/2017 10:19,10:19,12,0,0,SPEER BOULEVARD & GRANT STREET,5,1,1,2,1,3,0,,30,0,0,0,0,0,4,3,7
,2017_65137,39.78378,-104.922234,12/21/2017 10:33,10:33,7,0,0,HOLLY STREET & 48TH AVENUE EAST,5,1,0,2,1,4,0,,25,0,0,0,0,0,4,1,13
,2017_65138,39.75130672,-104.9981625,12/25/2017 3:07,3:07,5,0,0,BLAKE STREET & 2001,5,3,0,0,3,1,0,,25,0,0,0,0,0,4,1,5
,2017_65139,39.76848,-104.8657545,12/21/2017 10:39,10:39,12,0,0,SMITH ROAD EAST & HAVANA STREET NORTH,4,1,0,2,1,4,0,,30,0,0,0,0,0,4,2,13
,2017_65140,39.731247,-105.0463305,12/21/2017 10:52,10:52,3,0,0,NINTH AVENUE WEST & VRAIN STREET NORTH,5,1,0,2,1,3,0,,25,0,0,0,0,0,4,2,14
,2017_65141,39.685698,-104.9306625,12/21/2017 10:55,10:55,3,0,0,MEXICO AVENUE EAST & EUDORA STREET SOUTH,5,1,0,2,1,1,0,,25,0,0,0,0,0,4,3,13
,2017_65142,39.748122,-104.993595,12/21/2017 10:59,10:59,15,0,0,17TH STREET & CURTIS STREET,4,1,0,2,1,1,0,,30,0,0,0,0,0,4,2,13
,2017_65143,39.735252,-104.9976,12/21/2017 11:05,11:05,6,0,0,12TH AVENUE WEST & INCA STREET NORTH,5,1,1,0,1,4,0,,25,0,0,0,0,0,4,2,13
,2017_65144,39.759678,-105.011091,12/21/2017 11:45,11:45,12,0,0,30TH AVENUE WEST & TEJON STREET,5,1,1,0,1,1,0,,25,0,0,0,0,0,4,2,16
,2017_65145,39.703968,-105.0430905,12/24/2017 0:00,0:00,6,0,0,STUART STREET SOUTH & MORRISON ROAD,4,4,0,2,1,4,0,,30,0,0,0,0,0,4,2,3
,2017_65146,39.667356,-104.950404,12/21/2017 11:50,11:50,3,0,0,YALE WAY EAST & STREET PAUL STREET SOUTH,5,1,1,2,1,1,0,,25,0,0,0,0,0,4,2,1
,2017_65147,39.68568,-104.943024,12/21/2017 12:00,12:00,6,0,0,JACKSON STREET SOUTH & MEXICO AVENUE EAST,1,1,0,0,1,4,0,,25,0,0,0,0,0,4,2,14
,2017_65148,39.685752,-104.980473,12/21/2017 12:00,12:00,6,0,0,MEXICO AVENUE EAST & PEARL STREET SOUTH,5,1,1,2,1,4,0,,25,0,0,0,0,0,4,2,1
,2017_65149,39.741615,-104.965983,12/21/2017 12:02,12:02,6,0,0,16TH AVENUE EAST & WILLIAMS STREET NORTH,5,1,0,2,1,1,0,,25,0,0,0,0,0,4,2,13
,2017_65150,39.784437,-104.8204125,12/24/2017 8:45,8:45,6,0,0,DILLON STREET NORTH & DEEPHAVEN COURT NORTH,4,1,0,0,3,4,0,,25,0,0,0,0,0,4,2,1
,2017_65151,39.696624,-104.9874525,12/21/2017 12:05,12:05,5,0,0,BROADWAY STREET 1100 BLOCK SOUTH & MISSISSIPPI AVENUE EAST,2,1,0,2,3,4,0,,30,0,0,0,0,0,4,1,7
,2017_65152,39.692952,-104.9687325,12/21/2017 12:12,12:12,12,0,0,LOUISIANA AVENUE EAST & FRANKLIN STREET SOUTH,5,1,1,2,1,1,0,,30,0,0,0,0,0,4,2,13
,2017_65153,39.72411,-104.9570325,12/21/2017 12:54,12:54,6,0,0,FIFTH AVENUE EAST & COLUMBINE STREET NORTH,5,1,0,2,1,1,0,,25,0,0,0,0,0,4,2,13
,2017_65154,39.7180305,-104.9339363,12/21/2017 12:58,12:58,5,0,0,CHERRY STREET NORTH & 3460 NORTH CHERRY STREET NORTH,5,1,0,2,3,4,0,,30,0,0,0,0,0,4,1,13
,2017_65155,39.649896,-104.886144,12/21/2017 13:00,13:00,5,0,0,XENIA STREET SOUTH & 4702 SOUTH XENIA STREET SOUTH,4,1,0,2,3,1,0,,25,0,0,0,0,0,4,1,7
,2017_65156,39.711897,-104.998761,12/21/2017 13:00,13:00,6,0,0,BYERS AVENUE WEST & KALAMATH STREET SOUTH,5,1,0,0,1,4,0,,25,0,0,0,0,0,4,2,13
,2017_65157,39.837969,-104.6928825,12/21/2017 13:05,13:05,12,0,0,JACKSON GAP SOUTH 7700 BLOCK NORTH & 78TH AVENUE,2,1,0,0,1,4,0,,35,0,0,0,0,0,4,2,7
,2017_65158,39.74499759,-104.9993572,12/21/2017 13:16,13:16,6,0,0,ARAPAHOE STREET & 2600 BLOCK,5,1,0,0,1,1,0,,25,0,0,0,0,0,4,2,13
,2017_65159,39.749985,-105.0299505,12/21/2017 13:22,13:22,3,0,0,22ND AVENUE WEST & IRVING STREET NORTH,5,1,1,0,1,1,0,,25,0,0,0,0,0,4,2,16
,2017_65160,39.683997,-104.980482,12/21/2017 13:30,13:30,6,0,0,COLORADO AVENUE EAST & PEARL STREET SOUTH,5,1,0,0,1,4,0,,25,0,0,0,0,0,4,2,13
,2017_65161,39.729087,-104.986152,12/21/2017 14:00,14:00,3,0,0,EIGHTH AVENUE EAST & LINCOLN STREET NORTH,2,1,0,0,1,3,0,,30,0,0,0,0,0,4,2,4
,2017_65162,39.711105,-104.97339,12/21/2017 14:37,14:37,3,0,0,ALAMEDA AVENUE EAST & DOWNING STREET SOUTH,2,1,0,0,1,3,0,,30,0,0,0,0,0,4,2,13
,2017_65163,39.753198,-104.9905665,12/21/2017 14:45,14:45,3,0,0,LAWRENCE STREET & 21ST STREET,4,1,0,2,1,1,0,,30,0,0,0,0,1,4,2,1
,2017_65164,39.689298,-104.943033,12/21/2017 14:45,14:45,3,0,0,FLORIDA AVENUE EAST & JACKSON STREET SOUTH,5,1,0,0,1,1,0,,30,0,0,0,0,0,4,2,13
,2017_65165,39.756123,-104.979771,12/21/2017 14:50,14:50,3,0,0,STOUT STREET & 27TH STREET,4,1,0,0,1,1,0,,25,0,0,0,0,0,4,2,1
,2017_65166,39.765717,-104.9585625,12/22/2017 13:00,13:00,6,0,0,35TH AVENUE EAST & JOSEPHINE STREET NORTH,1,1,0,0,1,4,0,,30,0,0,0,0,0,4,2,13
,2017_65167,39.79269008,-104.7965557,12/21/2017 15:14,15:14,3,0,0,MEMPHIS STREET NORTH & IDALIA STREET NORTH,4,1,0,0,1,1,0,,,0,0,0,0,0,4,2,13
,2017_65168,39.765069,-104.8905405,12/21/2017 15:23,15:23,12,0,0,35TH AVENUE EAST & CENTRAL PARK BOULEVARD NORTH,5,1,0,0,1,3,0,,25,0,0,0,0,0,4,2,16
,2017_65169,39.760299,-105.025293,12/21/2017 15:45,15:45,1,0,0,SPEER BOULEVARD NORTH & FEDERAL BOULEVARD NORTH,5,1,0,0,1,2,0,,35,0,0,0,0,0,4,2,13
,2017_65170,39.717819,-104.944932,12/21/2017 15:45,15:45,6,0,0,FIRST AVENUE EAST & MONROE STREET NORTH,2,1,0,1,1,4,0,,30,0,0,0,0,0,4,2,13
,2017_65171,39.698055,-104.952213,12/21/2017 15:49,15:49,8,0,0,BONNIE BRAE BOULEVARD SOUTH & FILLMORE WAY SOUTH,5,2,1,2,1,1,0,,25,0,0,0,0,0,4,3,1
,2017_65172,39.737268,-104.904621,12/21/2017 15:50,15:50,15,0,0,13TH AVENUE EAST & POPLAR STREET NORTH,8,2,0,0,1,1,0,,30,0,0,0,0,0,4,2,8
,2017_65173,39.746106,-104.9909715,12/21/2017 16:18,16:18,6,0,0,CALIFORNIA STREET & 17TH STREET,4,2,0,2,1,4,0,,25,0,0,0,0,0,4,2,8
,2017_65174,39.832011,-104.71554,12/22/2017 8:10,8:10,15,0,0,75TH AVENUE EAST & GUN CLUB ROAD NORTH,1,1,0,0,1,1,0,,45,0,0,0,0,0,4,2,4
,2017_65175,39.720978,-104.946174,12/21/2017 16:49,16:49,3,0,0,THIRD AVENUE EAST & MADISON STREET NORTH,5,3,0,2,1,1,0,,25,0,0,0,0,0,4,3,13
,2017_65176,39.678489,-104.9875605,12/21/2017 17:28,17:28,12,0,0,BROADWAY STREET 2100 BLOCK SOUTH & EVANS AVENUE EAST,5,3,0,0,1,3,0,,35,0,0,0,0,0,4,2,16
,2017_65177,39.758409,-105.0158835,12/21/2017 17:40,17:40,15,0,0,29TH AVENUE 2400 BLOCK WEST & ZUNI STREET NORTH,1,1,1,0,1,3,0,,,0,0,0,0,1,4,2,13
,2017_65178,39.740346,-105.0440445,12/21/2017 18:00,18:00,6,0,0,TENNYSON STREET 1400 BLOCK NORTH & COLFAX AVENUE WEST,5,3,0,2,1,2,0,,20,0,0,0,0,0,4,2,13
,2017_65179,39.725694,-104.996412,6/28/2017 11:00,11:00,6,0,0,GALAPAGO STREET NORTH & SIXTH AVENUE WEST,1,1,0,0,1,4,0,,,0,0,0,0,0,4,2,13
,2017_65180,39.678435,-104.9187915,12/21/2017 18:44,18:44,3,0,0,JASMINE STREET SOUTH & EVANS AVENUE EAST,1,3,0,0,1,1,0,,35,0,0,0,0,0,4,2,13
,2017_65181,39.753882,-104.99139,12/21/2017 20:25,20:25,6,0,0,LARIMER STREET 200 BLOCK & 21ST STREET,5,3,0,2,1,4,0,,30,0,0,0,0,0,4,2,13
,2017_65182,39.724533,-105.0394635,12/21/2017 20:30,20:30,3,0,1,FIFTH AVENUE WEST & PERRY STREET NORTH,5,4,0,0,1,1,0,,25,0,0,0,0,2,4,2,8
,2017_65183,39.747456,-104.884695,12/21/2017 22:13,22:13,15,0,0,CENTRAL PARK BOULEVARD NORTH & MONTVIEW BOULEVARD EAST,1,3,1,0,1,1,0,,35,0,0,0,0,0,4,2,13
,2017_65184,39.695283,-104.912973,12/21/2017 22:19,22:19,6,0,0,MONACO STREET 1200 BLOCK SOUTH & ARIZONA AVENUE EAST,1,3,0,0,1,4,0,,35,0,0,0,0,0,4,2,5
,2017_65185,39.78801717,-105.0077147,12/22/2017 3:24,3:24,6,0,0,BEEKMAN PLACE WEST & 1800 BLOCK WEST,1,3,0,0,1,4,0,,25,0,0,0,0,0,4,2,5
,2017_65186,39.796812,-104.7450915,12/22/2017 6:00,6:00,6,0,0,LISBON STREET NORTH & ROBINS STREET EAST,1,3,0,0,1,4,0,,30,0,0,0,0,0,4,2,7
,2017_65187,39.624219,-104.8898565,12/22/2017 6:44,6:44,1,0,0,BELLEVIEW AVENUE EAST & DTC BOULEVARD SOUTH,1,2,0,0,1,1,0,,35,0,0,0,0,0,4,2,14
,2017_65188,39.73383,-104.99166,12/22/2017 7:20,7:20,12,0,0,11TH AVENUE WEST & CHEROKEE STREET NORTH,5,1,0,0,1,1,0,,30,0,0,0,0,0,4,2,13
,2017_65189,39.752667,-104.98743,12/22/2017 7:38,7:38,15,0,0,22ND STREET & BROADWAY NORTH,1,1,0,0,1,1,0,,30,0,0,0,0,0,4,2,13
,2017_65190,39.716568,-104.996322,12/22/2017 9:06,9:06,6,0,0,GALAPAGO STREET NORTH & 1075 NORTH GALAPAGO STREET NORTH,2,1,0,0,1,4,0,,25,0,0,0,0,0,4,2,7
,2017_65191,39.772755,-104.9593815,12/22/2017 10:21,10:21,10,0,0,YORK STREET NORTH & 40TH AVENUE EAST,1,1,0,0,1,1,0,,35,0,0,0,0,0,4,2,13
,2017_65192,39.749256,-104.9258115,12/22/2017 10:41,10:41,3,0,0,GLENCOE STREET & 22ND AVENUE EAST,8,1,0,0,1,1,0,,25,0,0,0,0,0,4,2,13
,2017_65193,39.720384,-105.05034,12/22/2017 10:46,10:46,5,0,0,SECOND AVENUE WEST & NORTH YOUNG COURT,1,1,1,0,4,1,0,,25,0,0,0,0,0,4,1,7
,2017_65194,39.682143,-104.9734305,12/22/2017 10:57,10:57,14,0,0,DOWNING STREET SOUTH & JEWELL AVENUE EAST,2,1,0,0,6,1,0,,30,0,0,0,0,0,4,2,2
,2017_65195,39.727314,-105.0002235,12/22/2017 11:18,11:18,3,0,0,SEVENTH AVENUE WEST & KALAMATH STREET NORTH,1,1,0,0,1,1,0,,25,0,0,0,0,0,4,2,14
,2017_65196,39.701943,-104.8753215,12/22/2017 11:40,11:40,3,0,0,ALTON WAY SOUTH & DAYTON STREET SOUTH,4,1,0,1,1,2,0,,30,0,0,0,0,0,4,2,15
,2017_65197,39.777147,-104.9786505,12/22/2017 12:40,12:40,12,0,0,WASHINGTON STREET 4400 BLOCK NORTH & 45TH AVENUE WEST,1,1,1,0,1,4,0,,35,0,0,0,0,0,4,2,3
,2017_65198,39.717459,-104.987502,12/22/2017 13:08,13:08,12,0,0,IRVINGTON PLACE WEST & BROADWAY STREET NORTH,5,1,0,0,1,4,0,,10,0,0,0,0,0,4,2,13
,2017_65199,39.73293,-105.032151,12/22/2017 13:14,13:14,3,0,0,10TH AVENUE WEST & KNOX COURT NORTH,1,1,1,0,1,1,0,,30,0,0,0,0,0,4,2,16
,2017_65200,39.758787,-105.0026535,12/22/2017 13:19,13:19,3,0,0,LITTLE RAVEN STREET & 19TH STREET,5,1,0,0,1,1,0,,25,0,0,0,0,0,4,2,13
,2017_65201,39.736629,-105.0392655,12/22/2017 14:13,14:13,15,0,0,PERRY STREET NORTH & 13TH AVENUE WEST,1,1,1,0,1,4,0,,,0,0,0,0,0,4,2,13
,2017_65202,39.754548,-104.973372,12/24/2017 15:20,15:20,5,0,0,26TH AVENUE EAST & DOWNING STREET NORTH,5,1,0,0,3,3,0,,25,0,0,0,0,0,4,1,5
,2017_65203,39.75669,-104.999652,12/22/2017 14:20,14:20,12,0,0,CHESTNUT PLACE 1900 BLOCK & 20TH STREET,5,1,0,0,1,4,0,,25,0,0,0,0,0,4,2,14
,2017_65204,39.7759725,-104.936166,12/22/2017 14:34,14:34,6,0,0,ALBION STREET & 700 BLOCK,1,1,0,0,1,2,0,,5,0,0,0,0,0,4,2,13
,2017_65205,39.738375,-104.961015,12/22/2017 16:00,16:00,3,0,0,14TH AVENUE EAST & GAYLORD STREET NORTH,1,1,1,0,1,1,0,,30,0,0,0,0,0,4,2,3
,2017_65206,39.743784,-104.899914,12/22/2017 16:35,16:35,3,0,0,ROSEMARY STREET NORTH & 17TH AVENUE EAST,1,1,0,0,1,1,0,,25,0,0,0,0,0,4,2,1
,2017_65207,39.689505,-105.0227325,12/22/2017 16:40,16:40,12,0,0,FLORIDA AVENUE WEST & DECATUR STREET SOUTH,1,2,0,0,1,4,0,,30,0,0,0,0,0,4,2,13
,2017_65208,39.696633,-104.865993,12/22/2017 16:42,16:42,12,0,0,MISSISSIPPI AVENUE EAST & HAVANA STREET SOUTH,1,2,0,0,1,4,0,,30,0,0,0,0,1,4,2,13
,2017_65209,39.771063,-104.8470435,12/22/2017 17:05,17:05,12,0,0,PEORIA STREET NORTH & 39TH AVENUE EAST,1,3,0,0,1,4,0,,40,0,0,0,0,0,4,2,7
,2017_65210,39.714651,-104.949972,12/22/2017 17:24,17:24,1,0,0,STEELE STREET SOUTH & BAYAUD AVENUE EAST,1,3,0,0,1,1,0,,30,0,0,0,0,0,4,2,13
,2017_65211,39.654279,-104.8988205,12/22/2017 17:24,17:24,1,0,0,GIRARD AVENUE EAST & TAMARAC DRIVE SOUTH,5,2,0,0,1,1,0,,35,0,0,0,0,0,4,3,13
,2017_65212,39.714975,-105.0263235,12/22/2017 17:40,17:40,3,0,0,BAYAUD AVENUE WEST & SOUTH GROVE STREET,1,4,0,0,1,1,0,,25,0,0,0,0,0,4,2,13
,2017_65213,39.751056,-104.9828805,12/22/2017 18:58,18:58,3,0,0,WELTON STREET & PARK AVENUE WEST,1,3,0,7,1,1,0,,30,0,0,0,0,0,4,2,16
,2017_65214,39.711348,-104.9035005,12/22/2017 20:48,20:48,1,0,0,ALAMEDA AVENUE EAST & QUEBEC STREET SOUTH,1,3,0,0,1,1,0,,35,0,0,0,0,0,4,2,13
,2017_65215,39.740166,-104.95179,12/22/2017 21:30,21:30,6,0,0,COLFAX AVENUE EAST & MILWAUKEE STREET NORTH,1,3,0,0,1,4,0,,25,0,0,0,0,0,4,2,14
,2017_65216,39.738681,-104.8928625,12/22/2017 22:40,22:40,14,0,0,14TH AVENUE EAST & UNINTA STREET NORTH,1,3,0,0,1,1,0,,30,0,0,0,0,0,4,2,5
,2017_65217,39.680811,-105.0358815,12/22/2017 23:18,23:18,6,0,1,MICHIGAN WAY SOUTH & MEADE STREET SOUTH,5,3,0,0,1,4,0,,20,0,0,0,0,2,4,3,13
,2017_65218,39.677895,-105.062103,12/23/2017 1:28,1:28,6,0,0,GREEN MEADOWS PLACE WEST & HARLAN STREET SOUTH,1,4,0,0,1,4,0,,25,0,0,0,0,0,4,2,3
,2017_65219,39.711105,-104.97339,12/23/2017 8:23,8:23,3,0,0,DOWNING STREET SOUTH & ALAMEDA AVENUE EAST,1,1,0,7,1,1,0,,30,0,0,0,0,0,4,2,16
,2017_65220,39.743739,-104.9163255,12/23/2017 8:52,8:52,6,0,0,KRAMERIA STREET NORTH & 17TH AVENUE EAST,1,1,0,0,1,4,0,,25,0,0,0,0,0,4,2,13
,2017_65221,39.728943,-105.000183,12/23/2017 9:06,9:06,15,0,0,KALAMATH STREET NORTH & EIGHTH AVENUE WEST,1,1,0,0,1,1,0,,25,0,0,0,0,0,4,2,13
,2017_65222,39.83346903,-104.692932,12/23/2017 9:55,9:55,12,0,0,PENA BOULEVARD & JACKSON GAP STREET NORTH,1,1,1,0,1,4,0,,40,0,0,0,0,0,4,2,13
,2017_65223,39.792042,-104.879844,12/23/2017 10:52,10:52,14,0,0,51ST DRIVE EAST & BOSTON COURT NORTH,1,1,0,0,1,1,0,,25,0,0,0,0,0,4,2,3
,2017_65224,39.711366,-104.912964,12/23/2017 11:09,11:09,12,0,0,ALAMEDA AVENUE EAST & MONACO PARKWAY SOUTH,1,1,0,0,1,1,0,,45,0,0,0,0,0,4,2,14
,2017_65225,39.746898,-104.996871,12/23/2017 12:10,12:10,12,0,0,15TH STREET & ARAPAHOE STREET,1,1,0,0,1,1,0,,30,0,0,0,0,0,4,2,1
,2017_65226,39.741966,-104.8858155,12/23/2017 12:29,12:29,15,0,0,XENIA STREET NORTH & 16TH AVENUE EAST,1,1,0,0,1,4,0,,25,0,0,0,0,0,4,2,13
,2017_65227,39.729042,-104.98113,12/23/2017 12:30,12:30,12,0,0,EIGHTH AVENUE EAST & PENNSYLVANIA STREET NORTH,1,1,0,0,1,1,0,,25,0,0,0,0,0,4,2,13
,2017_65228,39.728934,-104.9906115,12/23/2017 13:40,13:40,3,0,0,EIGHTH AVENUE WEST & SPEER BOULEVARD NORTH,1,1,0,0,1,1,0,,35,0,0,0,0,0,4,2,3
,2017_65229,39.678642,-105.036552,12/23/2017 16:16,16:16,10,0,0,EVANS AVENUE WEST & NEWTON STREET SOUTH,1,1,0,0,1,1,0,,30,0,0,0,0,0,4,2,3
,2017_65230,39.700404,-105.0226965,12/23/2017 17:35,17:35,3,0,0,KENTUCKY AVENUE WEST & DECATUR STREET SOUTH,1,3,0,0,1,1,0,,25,0,0,0,0,0,4,3,1
,2017_65231,39.778722,-104.9222925,12/23/2017 17:40,17:40,1,0,0,HOLLY STREET NORTH & STAPLETON NORTH DRIVE EAST,1,2,0,0,1,1,0,,25,0,0,0,0,0,4,2,1
,2017_65232,39.796191,-104.812542,12/24/2017 18:32,18:32,6,0,0,PENSACOLA PLACE 14900 BLOCK EAST & FAIRPLAY STREET NORTH,4,3,0,0,1,4,0,,25,0,0,0,0,0,4,3,13
,2017_65233,39.678435,-104.9251905,12/23/2017 19:16,19:16,1,0,0,GRAPE STREET SOUTH & EVANS AVENUE EAST,4,3,0,2,1,1,0,,35,0,0,0,0,0,4,2,13
,2017_65234,39.709026,-104.875443,12/23/2017 19:40,19:40,12,0,0,DAYTON STREET SOUTH & ALAMEDA AVENUE EAST,5,3,0,2,1,4,0,,30,0,0,0,0,0,4,2,13
,2017_65235,39.719529,-104.899473,12/23/2017 20:28,20:28,5,0,0,FIRST AVENUE EAST & ROSLYN STREET NORTH,5,3,0,2,2,4,0,,30,0,0,0,0,0,4,1,13
,2017_65236,39.78234802,-104.9613455,12/23/2017 21:05,21:05,6,0,0,GAYLORD STREET NORTH & 3100 BLOCK NORTH,4,3,0,2,1,1,0,,,0,0,0,0,0,4,2,13
,2017_65237,39.701349,-105.029793,12/23/2017 21:28,21:28,6,0,0,IRVING STREET SOUTH & ADA PLACE WEST,4,4,0,2,3,4,0,,25,0,0,0,0,0,4,2,13
,2017_65238,39.743235,-104.9726565,12/23/2017 21:32,21:32,8,0,0,PARK AVENUE WEST & 17TH AVENUE EAST,4,3,0,2,6,1,0,,,0,0,0,0,1,4,2,7
,2017_65239,39.753612,-104.993451,12/23/2017 21:32,21:32,15,0,0,20TH STREET & MARKET STREET,4,3,0,2,1,1,0,,30,0,0,0,0,0,4,2,1
,2017_65240,39.78550762,-104.8975369,12/23/2017 21:34,21:34,5,0,0,NORTHFIELD BOULEVARD EAST & 4900 BLOCK EAST,4,3,0,2,3,4,0,,35,0,0,0,0,0,4,1,14
,2017_65241,39.661803,-105.055614,12/23/2017 22:00,22:00,6,0,0,EATON STREET & BATES AVENUE WEST,4,3,0,0,1,4,0,,25,0,0,0,0,0,4,3,13