id,drcog_id,latitude,longitude,crashtime,time,crashtype,numbkilled,numbinjurd,drcoglocat,rdconditin,lightngcon,roadcntgrd,weatherco,location,roaddescrp,constrzone,schoolzone,splimit,bikeinv,pedinv,sctrinv,motoinv,svrty,rdsystem,ttlvehcls,hcf
,2017_65242,39.717792,-104.9508225,12/23/2017 23:23,23:23,5,0,0,FIRST AVENUE EAST & STEELE STREET NORTH,4,3,0,2,2,1,0,,,0,0,0,0,0,4,1,13
,2017_65243,39.759876,-104.890752,12/24/2017 2:00,2:00,3,0,0,MLK BOULEVARD & CENTRAL PARK BOULEVARD,4,3,0,2,1,1,0,,30,0,0,0,0,0,4,2,13
,2017_65244,39.736863,-104.996484,12/24/2017 2:35,2:35,5,0,0,SPEER BOULEVARD NORTH & 13TH AVENUE WEST,6,3,0,2,2,3,0,,35,0,0,0,0,0,4,1,5
,2017_65245,39.748122,-105.0042735,12/24/2017 7:00,7:00,5,0,0,AURARIA PARKWAY & 12TH STREET,4,1,0,2,3,4,0,,30,0,0,0,0,0,4,1,13
,2017_65246,39.772854,-104.941701,12/24/2017 8:00,8:00,6,0,0,40TH AVENUE EAST & HARRISON STREET NORTH,4,1,0,2,1,4,0,,25,0,0,0,0,0,4,2,14
,2017_65247,39.790998,-104.796144,12/24/2017 9:03,9:03,6,0,0,MEMPHIS STREET NORTH & 53RD AVENUE EAST,6,1,0,2,1,4,0,,30,0,0,0,0,0,4,2,1
,2017_65248,39.78252882,-104.9717383,12/24/2017 9:16,9:16,3,0,0,MARION STREET & 1600 BLOCK NORTH,5,1,1,0,1,1,0,,25,0,0,0,0,0,4,3,7
,2017_65249,39.75417,-104.9893335,12/24/2017 9:28,9:28,12,0,0,22ND STREET 1200 BLOCK & LAWRENCE STREET,6,1,0,2,1,3,0,,30,0,0,0,0,0,4,2,1
,2017_65250,39.770109,-104.9713605,12/24/2017 10:30,10:30,3,0,0,WALNUT STREET 3800 BLOCK & 38TH STREET,4,1,0,0,1,2,0,,30,0,0,0,0,0,4,2,13
,2017_65251,39.760038,-104.865813,12/24/2017 11:03,11:03,3,0,0,HAVANA STREET NORTH & MLK BOULEVARD EAST,6,1,0,0,1,3,0,,30,0,0,0,0,0,4,2,13
,2017_65252,39.787011,-104.8905135,12/24/2017 12:25,12:25,3,0,0,VERBENA STREET NORTH & 49TH PLACE EAST,6,1,0,0,1,1,0,,25,0,0,0,0,0,4,2,13
,2017_65253,39.844602,-104.6809395,12/24/2017 13:30,13:30,15,0,0,PENA BOULEVARD 7400 BLOCK & E470,1,1,0,0,1,4,0,,65,0,0,0,0,0,4,2,1
,2017_65254,39.783789,-104.804253,12/24/2017 13:30,13:30,12,0,0,GREEN VALLEY RANCH BOULEVARD EAST & JOPLIN STREET NORTH,2,1,0,0,1,1,0,,40,0,0,0,0,0,4,2,7
,2017_65255,39.7575,-104.8636035,12/24/2017 14:34,14:34,3,0,0,28TH PLACE EAST & IRONTON STREET NORTH,4,1,0,2,1,1,0,,25,0,0,0,0,0,4,2,7
,2017_65256,39.685698,-104.9316705,12/29/2017 18:45,18:45,6,0,0,MEXICO AVENUE 4700 BLOCK EAST & DAHLIA STREET SOUTH,1,3,0,0,1,4,0,,,0,0,0,0,0,4,4,13
,2017_65257,39.783609,-104.7913916,12/24/2017 15:50,15:50,12,0,0,PENA BOULEVARD NORTHBOUND OFF RAMP & GREEN VALLEY RANCH BOULEVARD,2,1,1,0,1,8,0,,35,0,0,0,0,0,4,2,13
,2017_65258,39.76011,-104.899023,12/24/2017 16:44,16:44,5,0,0,MARTIN LUTHER KING BOULEVARD EAST & SYRACUSE STREET NORTH,5,3,0,2,3,1,0,,35,0,0,0,0,0,4,1,7
,2017_65259,39.725658,-104.984865,12/24/2017 16:59,16:59,10,0,1,SIXTH AVENUE EAST & SHERMAN STREET NORTH,6,2,0,0,1,1,0,,30,0,0,0,0,2,4,2,8
,2017_65260,39.76516549,-104.9909018,12/24/2017 17:06,17:06,6,0,0,DENARGO STREET & ARKINS COURT,2,2,0,0,1,1,0,,25,0,0,0,0,0,4,2,13
,2017_65261,39.743775,-104.88933,12/24/2017 17:25,17:25,3,0,0,WABASH STREET NORTH & 17TH AVENUE EAST,5,3,0,0,1,1,0,,30,0,0,0,0,1,4,2,8
,2017_65262,39.788928,-104.931612,12/24/2017 21:08,21:08,6,0,0,51ST AVENUE EAST & DAHLIA STREET NORTH,5,3,0,0,1,2,0,,25,0,0,0,0,0,4,2,14
,2017_65263,39.765753,-105.040494,12/24/2017 21:31,21:31,5,0,0,35TH AVENUE WEST & QUITMAN STREET NORTH,4,3,0,0,3,1,0,,30,0,0,0,0,0,4,1,13
,2017_65264,39.762117,-105.034572,12/24/2017 21:35,21:35,3,0,0,32ND AVENUE 3500 BLOCK WEST & LOWELL BOULEVARD NORTH,6,3,0,0,1,3,0,,30,0,0,0,0,0,4,2,5
,2017_65265,39.716226,-104.926941,12/24/2017 23:00,23:00,5,0,0,FOREST STREET NORTH & 2990 NORTH FOREST STREET NORTH,4,2,0,2,5,1,0,,,0,0,0,0,0,3,1,13
,2017_65266,39.797604,-104.815962,12/25/2017 1:00,1:00,6,0,0,RANDOLPH PLACE 14800 BLOCK EAST & ELKHART STREET NORTH,4,3,0,0,1,4,0,,25,0,0,0,0,0,4,2,13
,2017_65267,39.716622,-105.0227505,12/25/2017 2:00,2:00,6,0,0,DECATUR STREET SOUTH & 2940 SOUTH DECATUR STREET SOUTH,4,4,0,0,1,4,0,,25,0,0,0,0,0,4,2,13
,2017_65268,39.739986,-104.962257,12/25/2017 2:25,2:25,6,0,0,VINE STREET 1400 BLOCK NORTH & COLFAX AVENUE EAST,4,3,0,0,1,4,0,,25,0,0,0,0,0,4,2,5
,2017_65269,39.753414,-104.9778,12/25/2017 2:45,2:45,6,0,0,WASHINGTON STREET 2500 BLOCK NORTH & 26TH AVENUE EAST,5,3,0,0,1,4,0,,,0,0,0,0,0,4,3,13
,2017_65270,39.763773,-104.976351,12/25/2017 2:59,2:59,6,0,0,LAWRENCE STREET 3200 BLOCK & 32ND STREET,5,3,0,0,1,4,0,,25,0,0,0,0,0,4,2,5
,2017_65271,39.844602,-104.6809395,12/25/2017 12:02,12:02,5,0,0,PENA BOULEVARD OUTBOUND & 8400 BLOCK,1,1,0,0,3,4,0,,15,0,0,0,0,0,4,1,1
,2017_65272,39.637818,-104.9128065,8/18/2017 3:11,3:11,5,0,0,MONACO STREET & 274 SOUTH MONACO STREET,1,3,0,0,3,4,0,,35,0,0,0,0,1,4,1,5
,2017_65273,39.785724,-104.883093,12/25/2017 16:38,16:38,3,0,3,CENTRAL PARK BOULEVARD & NORTHFIELD BOULEVARD,1,1,0,0,1,1,0,,35,0,0,0,0,2,4,2,3
,2017_65274,39.783879,-104.8117905,12/25/2017 16:57,16:57,3,0,0,GATEWAY AVENUE EAST & FRASER WAY NORTH,10,1,0,0,1,1,0,,25,0,0,0,0,0,4,2,13
,2017_65275,39.644622,-104.902434,12/25/2017 17:20,17:20,15,0,0,QUEBEC STREET 4012 SOUTH & MERCER PLACE EAST,5,3,0,0,1,4,0,,,0,0,0,0,0,4,2,13
,2017_65276,39.71835,-104.912784,12/25/2017 18:38,18:38,14,0,0,FIRST AVENUE EAST & MONACO STREET NORTH,1,3,0,0,1,2,0,,35,0,0,0,0,1,4,2,2
,2017_65277,39.762027,-105.007095,12/29/2017 8:43,8:43,6,0,0,BOULDER STREET 1837 & 32ND AVENUE WEST,1,1,0,0,1,4,0,,,0,0,0,0,0,4,2,13
,2017_65278,39.744801,-104.9861205,12/25/2017 21:00,21:00,15,0,0,LINCOLN STREET NORTH & 18TH AVENUE EAST,1,3,0,0,1,1,0,,25,0,0,0,0,0,4,2,13
,2017_65279,39.777993,-104.912901,12/26/2017 8:00,8:00,12,0,0,STAPLETON SOUTH DRIVE EAST & MONACO STREET NORTH,5,1,0,2,1,3,0,,35,0,0,0,0,1,4,2,13
,2017_65280,39.743388,-104.9873895,12/26/2017 8:11,8:11,15,0,0,17TH AVENUE EAST & BROADWAY STREET NORTH,1,1,0,0,1,1,0,,25,0,0,0,0,0,4,2,14
,2017_65281,39.638664,-104.89266,12/26/2017 8:24,8:24,15,0,0,TAMARAC DRIVE 4200 BLOCK SOUTH & QUINCY AVENUE EAST,4,1,1,2,1,3,0,,25,0,0,0,0,0,4,2,13
,2017_65282,39.83797557,-104.713308,12/26/2017 9:34,9:34,12,0,0,78TH AVENUE EAST 23500 BLOCK & GUN CLUB ROAD,4,1,0,0,1,4,0,,45,0,0,0,0,0,4,2,13
,2017_65284,39.78408038,-104.7629441,12/26/2017 9:46,9:46,6,0,0,CEYLON WAY 4800 BLOCK NORTH & 48TH AVENUE EAST,4,1,0,2,1,4,0,,25,0,0,0,0,0,4,2,13
,2017_65285,39.741966,-104.88816,12/26/2017 9:55,9:55,3,0,0,16TH AVENUE EAST & WILLOW STREET NORTH,4,1,0,2,1,1,0,,25,0,0,0,0,0,4,2,8
,2017_65286,39.730437,-104.977602,12/26/2017 10:01,10:01,12,0,0,CLARKSON STREET NORTH & NINTH AVENUE EAST,1,1,0,0,1,4,0,,30,0,0,0,0,0,4,2,13
,2017_65287,39.772953,-105.0474645,12/26/2017 10:08,10:08,3,0,0,41ST AVENUE WEST & WINONA COURT NORTH,5,1,0,2,1,1,0,,25,0,0,0,0,0,4,2,14
,2017_65288,39.725658,-104.9863095,12/27/2017 10:22,10:22,15,0,0,SPEER BOULEVARD EAST & SIXTH AVENUE EAST,1,1,0,0,1,4,0,,35,0,0,0,0,0,4,2,7
,2017_65289,39.687579,-104.9887845,12/26/2017 10:57,10:57,15,0,0,IOWA AVENUE 100 BLOCK WEST & ACOMA STREET SOUTH,4,1,1,2,1,4,0,,30,0,0,0,0,0,4,2,7
,2017_65290,39.748122,-105.0042735,12/26/2017 11:22,11:22,5,0,0,AURARIA PARKWAY & 12TH STREET,5,1,0,2,3,1,0,,35,0,0,0,0,0,4,2,14
,2017_65291,39.656169,-105.0532335,12/26/2017 11:23,11:23,12,0,0,DARTMOUTH AVENUE 5200 BLOCK WEST & SHERIDAN BOULEVARD SOUTH,1,1,0,0,1,4,0,,30,0,0,0,0,0,4,2,13
,2017_65292,39.6243675,-104.8896855,12/26/2017 12:01,12:01,15,0,0,BELLEVIEW AVENUE EAST & DTC PARKWAY,1,1,0,0,1,4,0,,35,0,0,0,0,0,4,2,13
,2017_65293,39.736845,-104.98617,12/26/2017 12:33,12:33,15,0,0,13TH AVENUE EAST & LINCOLN STREET NORTH,1,1,0,2,1,1,0,,30,0,0,0,0,0,4,2,3
,2017_65294,39.785724,-104.883093,12/26/2017 12:37,12:37,12,0,0,CENTRAL PARK BOULEVARD & NORTHFIELD BOULEVARD,4,1,0,4,1,1,0,,35,0,0,0,0,0,4,2,13
,2017_65295,39.682017,-104.959395,12/26/2017 12:44,12:44,12,0,0,UNIVERSITY BOULEVARD SOUTH & JEWELL AVENUE EAST,1,1,0,0,1,4,0,,30,0,0,0,0,0,4,2,13
,2017_65296,39.703887,-104.983965,12/26/2017 12:45,12:45,12,0,0,GRANT STREET SOUTH & EXPOSITION AVENUE EAST,5,1,0,0,1,4,0,,25,0,0,0,0,0,4,2,3
,2017_65297,39.778047,-104.8471245,12/26/2017 12:53,12:53,1,0,0,45TH AVENUE EAST & PEORIA STREET NORTH,2,1,0,0,1,1,0,,40,0,0,0,0,0,4,2,13
,2017_65298,39.75417,-104.9893335,12/26/2017 13:10,13:10,3,0,0,22ND STREET & LAWRENCE STREET,1,1,0,0,1,1,0,,30,0,0,0,0,0,4,2,13
,2017_65299,39.72627,-105.0002055,12/26/2017 13:36,13:36,15,0,0,SIXTH AVENUE WEST & KALAMATH STREET NORTH,1,1,0,0,1,4,0,,35,0,0,0,0,0,4,2,8
,2017_65300,39.77171824,-104.90281,12/26/2017 13:49,13:49,14,0,0,40TH AVENUE EAST & QUEBEC STREET,4,1,0,4,1,4,0,,25,0,0,0,0,1,4,2,13
,2017_65301,39.77171824,-104.90281,12/26/2017 13:59,13:59,5,0,0,QUEBEC STREET NORTH & 3300 BLOCK NORTH,1,1,0,0,3,4,0,,30,0,0,0,0,0,4,2,13
,2017_65302,39.681252,-104.9286825,12/26/2017 14:00,14:00,6,0,0,ATLANTIC PLACE 5100 BLOCK EAST & FAIRFAX STREET SOUTH,10,1,0,0,1,4,0,,25,0,0,0,0,0,4,2,4
,2017_65303,39.711195,-104.9234535,12/26/2017 14:12,14:12,12,0,0,ALAMEDA AVENUE EAST & HUDSON STREET SOUTH,1,1,0,0,1,3,0,,30,0,0,0,0,0,4,2,13
,2017_65304,39.631356,-104.8923,12/26/2017 14:44,14:44,12,0,0,DTC BOULEVARD SOUTH & UNION AVENUE EAST,1,1,0,0,1,1,0,,35,0,0,0,0,0,4,2,13
,2017_65305,39.795759,-104.796864,12/26/2017 14:57,14:57,6,0,0,LEWISTON COURT 5500 BLOCK NORTH & MAXWELL PLACE EAST,4,1,0,2,1,4,0,,20,0,0,0,0,0,4,2,7
,2017_65306,39.747555,-104.981094,12/26/2017 16:40,16:40,10,0,0,20TH AVENUE EAST & PENNSYLVANIA STREET NORTH,4,2,0,2,1,1,0,,30,0,0,0,0,0,4,2,13
,2017_65307,39.67866,-105.020352,12/26/2017 17:45,17:45,12,0,0,EVANS AVENUE WEST & CLAY STREET SOUTH,1,3,0,0,1,4,0,,35,0,0,0,0,1,4,2,12
,2017_65308,39.764466,-104.959773,12/26/2017 17:58,17:58,1,0,0,BRUCE RANDOLPH AVENUE & YORK STREET NORTH,1,2,0,0,1,1,0,,35,0,0,0,0,0,4,2,8
,2017_65309,39.693015,-104.9827815,12/26/2017 21:59,21:59,3,0,0,LOUISIANA AVENUE EAST & LOGAN STREET SOUTH,1,3,0,0,1,1,0,,30,0,0,0,0,0,4,2,16
,2017_65310,39.83338151,-104.771988,12/26/2017 22:55,22:55,3,0,0,TOWER ROAD NORTH & PENA BOULEVARD,1,3,0,0,1,1,0,,35,0,0,0,0,0,4,2,13
,2017_65311,39.753234,-104.9745375,5/1/2017 10:35,10:35,6,0,0,25TH AVENUE EAST & OGDEN STREET NORTH,1,1,1,0,1,2,0,,25,0,0,0,0,0,4,2,13
,2017_65312,39.758499,-105.034617,12/26/2017 23:44,23:44,3,0,2,29TH AVENUE WEST & LOWELL BOULEVARD NORTH,1,3,0,0,1,1,0,,30,0,0,0,0,2,4,3,9
,2017_65313,39.78144,-104.842332,12/27/2017 6:39,6:39,3,0,0,ALBROOK DRIVE 12700 BLOCK EAST & TULSA COURT,1,3,0,0,1,2,0,,30,0,0,0,0,0,4,2,13
,2017_65314,39.755727,-104.972751,12/27/2017 7:53,7:53,6,0,1,DOWNING STREET SOUTH & MARION STREET SOUTH,1,1,0,0,1,4,0,,25,0,0,0,0,2,4,2,1
,2017_65315,39.722157,-104.894937,12/27/2017 8:14,8:14,3,0,0,FIRST AVENUE EAST & SPRUCE STREET NORTH,4,1,0,0,1,1,0,,25,0,0,0,0,1,4,2,13
,2017_65316,39.770964,-104.8330035,12/27/2017 9:35,9:35,3,0,0,39TH AVENUE EAST & WHEELING STREET NORTH,4,1,0,0,1,1,0,,30,0,0,0,0,0,4,2,7
,2017_65317,39.740022,-105.000192,12/27/2017 9:44,9:44,7,0,0,KALAMATH STREET NORTH & COLFAX AVENUE WEST,1,1,0,0,1,3,0,,35,0,0,0,0,1,4,2,14
,2017_65318,39.729321,-105.019803,12/27/2017 10:32,10:32,12,0,0,EIGHTH AVENUE WEST & CANOSA COURT NORTH,1,1,0,0,1,3,0,,30,0,0,0,0,1,4,2,1
,2017_65319,39.700206,-104.957055,12/27/2017 11:00,11:00,6,0,0,COLUMBINE STREET 800 BLOCK SOUTH & KENTUCKY AVENUE EAST,5,1,0,0,1,4,0,,25,0,0,0,0,0,4,2,7
,2017_65320,39.786228,-104.850684,12/27/2017 11:09,11:09,3,0,0,OAKLAND STREET NORTH & 49TH AVENUE EAST,4,1,0,0,1,1,0,,25,0,0,0,0,0,4,2,13
,2017_65321,39.714939,-104.895522,12/27/2017 11:30,11:30,6,0,0,ULSTER STREET & 1351 SOUTH ULSTER STREET,1,1,0,0,1,4,0,,25,0,0,0,0,0,4,2,4
,2017_65322,39.691152,-104.987493,12/27/2017 13:14,13:14,12,0,0,BROADWAY SOUTH & ARKANSAS AVENUE EAST,1,1,0,0,1,3,0,,35,0,0,0,0,1,4,2,13
,2017_65323,39.741948,-104.8846725,12/27/2017 14:35,14:35,3,0,0,16TH AVENUE EAST & YOSEMITE STREET NORTH,1,1,1,0,1,1,0,,25,0,0,0,0,0,4,2,3
,2017_65324,39.736863,-104.9799015,12/27/2017 14:55,14:55,15,0,0,13TH AVENUE EAST & PEARL STREET NORTH,1,1,0,0,1,4,0,,30,0,0,0,0,0,4,2,8
,2017_65325,39.782385,-104.8526325,12/27/2017 15:53,15:53,12,0,0,NOME STREET NORTH & 47TH AVENUE EAST,1,1,0,0,1,4,0,,30,0,0,0,0,0,4,2,8
,2017_65326,39.79509847,-104.8421908,12/27/2017 16:13,16:13,6,0,0,SALEM STREET 5500 BLOCK NORTH & 55TH AVENUE EAST,4,1,0,0,1,4,0,,25,0,0,0,0,0,4,2,9
,2017_65327,39.761964,-104.903451,12/27/2017 17:04,17:04,15,0,0,QUEBEC STREET NORTH & MLK BOULEVARD,1,2,0,0,1,1,0,,30,0,0,0,0,0,4,2,7
,2017_65328,39.729078,-104.982408,12/27/2017 17:23,17:23,12,0,0,LOGAN STREET NORTH & EIGHTH AVENUE EAST,1,3,0,0,1,1,0,,,0,0,0,0,0,4,2,13
,2017_65329,39.747429,-104.898771,12/27/2017 17:45,17:45,12,0,0,SYRACUSE STREET NORTH & MONTVIEW BOULEVARD,1,3,0,0,1,1,0,,30,0,0,0,0,0,4,2,7
,2017_65330,39.725658,-104.9863095,12/27/2017 18:37,18:37,15,0,0,SIXTH AVENUE EAST & SPEER BOULEVARD EAST,1,2,0,0,1,1,0,,35,0,0,0,0,0,4,2,13
,2017_65331,39.627999,-104.899941,12/27/2017 18:45,18:45,3,0,0,SYRACUSE STREET SOUTH & UNION AVENUE EAST,1,3,1,0,1,1,0,,35,0,0,0,0,1,4,2,4
,2017_65332,39.748203,-104.9634315,12/28/2017 8:21,8:21,6,0,0,21ST AVENUE 1900 BLOCK EAST & RACE STREET NORTH,1,4,0,0,1,4,0,,25,0,0,0,0,0,4,3,14
,2017_65333,39.75240722,-105.000249,12/28/2017 16:45,16:45,6,0,0,WYNKOOP STREET & 1700 BLOCK,1,2,0,0,1,4,0,,30,0,0,0,0,0,4,2,13
,2017_65334,39.77171824,-104.90281,12/29/2017 4:15,4:15,5,0,0,QUEBEC STREET 4500 BLOCK SOUTH & TECHNOLOGY WAY SOUTH,1,3,1,0,2,4,0,,30,0,0,0,0,1,4,1,13
,2017_65335,39.746178,-104.9765715,12/29/2017 16:00,16:00,1,0,0,PARK AVENUE & 19TH AVENUE EAST,1,1,0,0,1,1,0,,25,0,0,0,0,0,4,2,13
,2017_65336,39.754008,-104.996412,12/30/2017 1:49,1:49,5,0,0,19TH STREET & WAZEE / WYNKOOP ALLEY,1,3,0,0,4,3,0,,30,0,0,0,0,0,4,1,13
,2017_65337,39.7821206,-104.9592915,12/29/2017 16:15,16:15,3,0,0,YORK STREET NORTH & 5100 BLOCK NORTH,1,1,0,0,1,2,0,,5,0,0,0,0,0,4,2,1
,2017_65338,39.702546,-105.0109965,12/29/2017 18:10,18:10,3,0,0,OHIO AVENUE WEST & TEJON STREET SOUTH,1,3,0,0,1,1,0,,25,0,0,0,0,0,4,2,7
,2017_65339,39.762018,-104.959773,12/29/2017 18:50,18:50,15,0,0,YORK STREET NORTH & MLK BOULEVARD,1,3,0,0,1,3,0,,30,0,0,0,0,0,4,2,1
,2017_65340,39.782385,-104.847093,12/29/2017 18:58,18:58,1,0,0,47TH AVENUE EAST & PEORIA STREET NORTH,1,2,0,0,1,1,0,,30,0,0,0,0,1,4,2,8
,2017_65341,39.716244,-104.941341,12/29/2017 19:15,19:15,3,0,0,HARRISON STREET NORTH & 1375 NORTH HARRISON STREET,1,3,0,0,1,2,0,,25,0,0,0,0,0,4,2,13
,2017_65342,39.725649,-104.986314,12/29/2017 19:57,19:57,15,0,0,LINCOLN STREET NORTH & SIXTH AVENUE EAST,1,4,0,0,1,4,0,,35,0,0,0,0,0,4,2,13
,2017_65343,39.743514,-104.975883,12/29/2017 20:25,20:25,6,0,0,EMERSON STREET 1700 BLOCK NORTH & 17TH AVENUE EAST,1,3,0,0,1,4,0,,,0,0,0,0,0,4,2,1
,2017_65344,39.782331,-104.8280355,12/29/2017 21:10,21:10,6,0,0,CRYSTAL STREET 4800 BLOCK NORTH & ANDREWS DRIVE EAST,1,5,0,5,1,4,0,,20,0,0,0,0,0,4,2,13
,2017_65345,39.738699,-104.888178,12/29/2017 21:43,21:43,10,0,0,14TH AVENUE EAST & WILLOW STREET NORTH,1,3,0,0,1,1,0,,30,0,0,0,0,0,4,2,13
,2017_65346,39.739977,-104.987421,12/29/2017 22:24,22:24,5,0,1,BROADWAY STREET NORTH & COLFAX AVENUE WEST,1,3,0,0,2,4,0,,30,0,0,0,0,2,4,2,1
,2017_65347,39.774474,-104.751351,12/29/2017 23:50,23:50,6,0,0,42ND AVENUE EAST & IRELAND STREET NORTH,1,3,0,0,1,4,0,,25,0,0,0,0,0,4,3,5
,2017_65348,39.722517,-104.990832,9/16/2017 2:21,2:21,6,0,0,FOURTH AVENUE WEST & BANNOCK STREET NORTH,1,4,0,0,1,4,0,,,0,0,0,0,0,4,3,13
,2017_65349,39.752343,-105.007563,12/30/2017 0:13,0:13,5,0,0,SPEER BOULEVARD NORTH & ELITCH CIRCLE,8,3,0,0,3,1,0,,35,0,0,0,0,0,4,2,5
,2017_65350,39.744828,-104.967225,12/30/2017 0:26,0:26,5,0,0,18TH AVENUE EAST & GILPIN STREET NORTH,1,3,0,0,3,1,0,,,0,0,0,0,1,4,1,5
,2017_65351,39.75597,-104.900544,12/30/2017 9:55,9:55,6,0,0,28TH AVENUE EAST & ROSLYN STREET NORTH,1,1,0,0,1,4,0,,35,0,0,0,0,0,4,2,13
,2017_65352,39.720456,-104.9791185,12/30/2017 10:44,10:44,3,0,0,SPEER BOULEVARD EAST & WASHINGTON STREET NORTH,1,1,0,0,1,1,0,,30,0,0,0,0,1,4,2,13
,2017_65353,39.73686833,-104.9711579,12/30/2017 10:50,10:50,12,0,0,13TH AVENUE EAST & 1100 BLOCK EAST,1,1,0,0,1,4,0,,,0,0,0,0,0,4,3,13
,2017_65354,39.730419,-104.986143,12/30/2017 11:47,11:47,3,0,0,NINTH AVENUE EAST & LINCOLN STREET NORTH,1,1,0,0,1,1,0,,30,0,0,0,0,0,4,2,13
,2017_65355,39.780873,-104.8829445,12/30/2017 12:10,12:10,1,0,0,CENTRAL PARK BOULEVARD & 46TH PLACE EAST,1,1,0,0,1,1,0,,35,0,0,0,0,0,4,2,13
,2017_65356,39.770253,-104.9719725,12/30/2017 12:28,12:28,6,0,0,WALNUT STREET & 38TH STREET,1,1,0,0,1,4,0,,30,0,0,0,0,0,4,2,16
,2017_65357,39.7116,-104.9413635,12/30/2017 14:00,14:00,6,0,0,HARRISON SOUTH 200 BLOCK SOUTH & ALAMEDA AVENUE EAST,1,4,0,0,1,4,0,,25,0,0,0,0,0,4,2,5
,2017_65358,39.678444,-104.908194,12/30/2017 14:45,14:45,15,0,0,EVANS AVENUE EAST & ONEIDA STREET SOUTH,1,1,1,0,1,1,0,,35,0,0,0,0,0,4,2,13
,2017_65359,39.700422,-105.0192135,12/30/2017 15:09,15:09,1,0,0,KENTUCKY AVENUE WEST & CANOSA COURT SOUTH,1,1,0,0,1,3,0,,25,0,0,0,0,0,4,2,7
,2017_65360,39.678453,-104.915952,12/30/2017 16:58,16:58,12,0,0,EVANS AVENUE EAST & LEYDEN STREET SOUTH,1,3,0,0,1,1,0,,30,0,0,0,0,0,4,2,13
,2017_65361,39.74513662,-105.0296849,12/30/2017 17:14,17:14,5,0,0,18TH AVENUE WEST & 2900 BLOCK WEST,1,2,0,0,3,4,0,,25,0,0,0,0,0,4,1,5
,2017_65362,39.729069,-104.97411,12/30/2017 18:00,18:00,3,0,0,EIGHTH AVENUE EAST & CORONA STREET NORTH,2,1,0,0,1,1,0,,30,0,0,0,0,0,4,2,13
,2017_65363,39.654279,-104.8988205,12/30/2017 18:44,18:44,1,0,0,TAMARAC DRIVE SOUTH & GIRARD AVENUE EAST,1,3,0,0,1,1,0,,30,0,0,0,0,0,4,2,13
,2017_65364,39.631383,-105.089877,12/31/2017 1:50,1:50,3,0,0,BALSAM WAY SOUTH & UNION AVENUE WEST,1,1,0,0,1,1,0,,30,0,0,0,0,0,4,2,3
,2017_65365,39.75852938,-105.0416156,12/31/2017 2:05,2:05,6,0,0,RALEIGH STREET 2900 BLOCK NORTH & 29TH AVENUE WEST,1,3,0,0,1,4,0,,35,0,0,0,0,0,4,6,5
,2017_65366,39.752667,-104.98743,12/31/2017 8:27,8:27,15,0,0,22ND STREET & BROADWAY STREET NORTH,1,1,0,0,1,1,0,,30,0,0,0,0,0,4,2,13
,2017_65367,39.725586,-104.9671035,12/31/2017 10:25,10:25,6,0,0,SIXTH AVENUE 1600 BLOCK EAST & GILPIN STREET NORTH,1,1,0,0,1,4,0,,,0,0,0,0,0,4,2,13
,2017_65368,39.724119,-104.997564,7/22/2017 21:23,21:23,6,0,0,FIFTH AVENUE WEST & INCA STREET NORTH,1,3,0,0,1,4,0,,25,0,0,0,0,0,4,2,1
,2017_65369,39.736872,-105.000183,12/31/2017 11:20,11:20,3,0,0,13TH AVENUE WEST & KALAMATH STREET NORTH,1,1,0,0,1,1,0,,30,0,0,0,0,1,4,2,8
,2017_65370,39.833208,-104.6797155,12/31/2017 13:26,13:26,15,0,0,PENA BOULEVARD & 75TH AVENUE EAST,1,1,0,0,1,4,0,,55,0,0,0,0,0,4,2,1
,2017_65371,39.678462,-104.947983,12/31/2017 13:32,13:32,3,0,0,EVANS AVENUE EAST & COOK STREET SOUTH,1,1,0,0,1,1,0,,35,0,0,0,0,0,4,2,7
,2017_65372,39.678498,-104.987565,12/31/2017 15:00,15:00,12,0,0,BROADWAY SOUTH & EVANS AVENUE EAST,1,1,0,0,1,1,0,,30,0,0,0,0,0,4,2,3
,2017_65373,39.772908,-104.9486445,12/31/2017 17:24,17:24,3,0,0,40TH AVENUE EAST & ADAMS STREET NORTH,1,3,0,0,1,1,0,,30,0,0,0,0,0,4,2,1
,2017_65374,39.765726,-104.9948415,12/31/2017 20:07,20:07,1,0,0,PARK AVENUE WEST & BROADWAY STREET NORTH,1,3,0,0,1,1,0,,30,0,0,0,0,0,4,3,8
,2017_65375,39.73384545,-104.9848739,12/31/2017 20:38,20:38,15,0,0,SHERMAN STREET NORTH & 1000 BLOCK NORTH,1,3,0,0,1,4,0,,25,0,0,0,0,0,4,2,3
,2017_65376,39.707064,-104.8854105,12/31/2017 21:57,21:57,5,0,1,ALAMEDA AVENUE EAST & XENIA STREET SOUTH,1,3,0,0,3,4,0,,35,0,0,0,0,2,4,1,3
,2017_65377,39.72627,-105.0002055,12/31/2017 23:09,23:09,12,0,0,KALAMATH STREET NORTH & SIXTH AVENUE WEST,1,3,0,0,1,1,0,,40,0,0,0,0,1,4,4,1