id,drcog_id,latitude,longitude,crashtime,time,crashtype,numbkilled,numbinjurd,drcoglocat,rdconditin,lightngcon,roadcntgrd,weatherco,location,roaddescrp,constrzone,schoolzone,splimit,bikeinv,pedinv,sctrinv,motoinv,svrty,rdsystem,ttlvehcls,hcf
,2017_65378,39.6790425,-104.9367015,3/5/2017 22:00,22:00,5,0,0,VALLEY HIGHWAY SOUTH FRONTAGE ROAD NOT CDOT 2000 SOUTH & COLORADO CENTER DRIVE,1,4,0,0,2,4,0,,30,0,0,0,0,0,4,1,13
,2017_65379,39.712905,-104.9804055,4/4/2017 16:25,16:25,6,0,0,PEARL STREET SOUTH & CEDAR AVENUE EAST,2,1,0,1,1,1,0,,20,0,0,0,0,0,4,2,14
,2017_65380,39.689325,-104.930532,3/1/2017 10:15,10:15,15,0,0,FLORIDA AVENUE EAST & EUDORA STREET SOUTH,1,1,0,0,1,1,0,,30,0,0,0,0,0,4,2,1
,2017_65381,39.778047,-104.8471245,9/21/2017 17:20,17:20,15,0,0,PEORIA STREET NORTH & 45TH AVENUE EAST,1,1,0,0,1,1,0,,35,0,0,0,0,0,4,2,13
,2017_65382,39.76090776,-104.9003048,3/18/2017 0:27,0:27,6,0,0,1600 BLOCK EAST & MLK BOULEVARD,1,3,0,0,1,4,0,,30,0,0,0,0,1,4,2,3
,2017_65383,39.776553,-105.045156,7/15/2017 17:20,17:20,6,0,0,44TH WEST & UTICA STREET NORTH,1,1,0,0,1,4,0,,30,0,0,0,0,0,4,4,10
,2017_65384,39.77382641,-104.942829,7/18/2017 11:40,11:40,6,0,0,4800 EAST & 41ST AVENUE,1,1,0,0,1,4,0,,25,0,0,0,0,0,4,2,13
,2017_65385,39.708099,-104.9269545,6/20/2017 10:08,10:08,1,0,0,FOREST STREET & LEETSDALE DRIVE,1,1,0,0,1,2,0,,25,0,0,0,0,0,4,2,13
,2017_65386,39.718314,-104.9780565,1/7/2017 2:43,2:43,6,0,0,FIRST AVENUE EAST & CLARKSON STREET NORTH,4,3,0,0,1,4,0,,25,0,0,0,0,0,4,3,5
,2017_65387,39.718314,-104.9780565,4/30/2017 23:08,23:08,6,0,0,FIRST AVENUE 700 BLOCK EAST & CLARKSON STREET NORTH,1,3,0,0,1,4,0,,25,0,0,0,0,0,4,2,13
,2017_65388,39.718179,-104.959314,6/29/2017 19:49,19:49,15,0,0,FIRST AVENUE EAST & UNIVERSITY BOULEVARD NORTH,1,1,0,0,1,4,0,,,0,0,0,0,0,4,2,13
,2017_65389,39.718314,-104.9780565,8/28/2017 23:15,23:15,6,0,0,FIRST AVENUE 700 BLOCK EAST & CLARKSON STREET NORTH,1,3,0,0,3,4,0,,25,0,0,0,0,0,4,4,12
,2017_65390,39.718197,-104.9558355,1/6/2017 8:28,8:28,1,0,0,FIRST AVENUE EAST & CLAYTON LANE,5,1,0,7,1,1,0,,35,0,0,0,0,0,4,2,16
,2017_65391,39.743244,-104.9798925,2/3/2017 23:30,23:30,6,0,0,17TH AVENUE EAST & PEARL STREET NORTH,1,3,0,0,1,4,0,,,0,0,0,0,0,4,2,13
,2017_65392,39.718197,-104.9558355,8/9/2017 8:30,8:30,15,0,0,FIRST AVENUE EAST & CLAYTON LANE NORTH,1,1,0,0,1,3,0,,30,0,0,0,0,0,4,3,13
,2017_65393,39.71835,-104.974596,1/12/2017 13:05,13:05,6,0,0,FIRST AVENUE EAST & CORONA STREET NORTH,1,1,0,0,1,4,0,,25,0,0,0,0,0,4,2,7
,2017_65394,39.718377,-104.992812,8/30/2017 16:37,16:37,3,0,0,FIRST AVENUE WEST & DELAWARE STREET NORTH,1,1,0,0,1,1,0,,25,0,0,0,0,0,4,2,13
,2017_65395,39.718206,-104.954625,1/23/2017 16:55,16:55,12,0,0,FIRST AVENUE EAST & DETROIT STREET NORTH,1,1,0,7,1,4,0,,30,0,0,0,0,1,4,3,3
,2017_65396,39.718206,-104.954625,7/31/2017 16:56,16:56,12,0,0,FIRST AVENUE 2700 BLOCK EAST & DETROIT STREET NORTH,1,1,0,0,1,4,0,,,0,0,0,0,0,4,2,13
,2017_65397,39.718152,-105.0275745,4/8/2017 13:13,13:13,12,0,0,FIRST AVENUE 3200 BLOCK WEST & HAZEL COURT,1,1,0,0,1,4,0,,,0,0,0,0,0,4,2,13
,2017_65398,39.718332,-104.9591025,6/25/2017 21:50,21:50,12,0,0,FIRST AVENUE 2400 BLOCK EAST & JOSEPHINE STREET NORTH,1,3,0,0,1,3,0,,30,0,0,0,0,0,4,2,13
,2017_65399,39.718386,-105.000192,3/25/2017 23:38,23:38,6,0,0,FIRST AVENUE 1012 WEST & KALAMATH STREET NORTH,1,4,0,0,1,3,0,,20,0,0,0,0,0,4,2,1
,2017_65400,39.718134,-105.0337035,1/13/2017 23:09,23:09,5,0,0,FIRST AVENUE WEST & KING STREET NORTH,1,3,0,7,2,1,0,,,0,0,0,0,0,4,1,9
,2017_65401,39.718152,-105.032484,8/13/2017 14:23,14:23,6,0,0,FIRST AVENUE WEST & KNOX COURT NORTH,1,1,0,0,1,1,0,,25,0,0,0,0,0,4,2,5
,2017_65402,39.718323,-104.9826015,8/24/2017 16:43,16:43,3,0,0,FIRST AVENUE EAST & LOGAN STREET NORTH,1,1,0,0,1,1,0,,30,0,0,0,0,0,4,2,13
,2017_65403,39.717819,-104.946165,1/30/2017 9:35,9:35,6,0,0,FIRST AVENUE 3500 BLOCK EAST & MADISON STREET NORTH,1,1,0,0,1,4,0,,30,0,0,0,0,0,4,2,1
,2017_65404,39.718026,-104.9522265,1/17/2017 8:48,8:48,12,0,0,FIRST AVENUE EAST & MILWAUKEE STREET NORTH,5,1,0,7,1,4,0,,30,0,0,0,0,0,4,2,16
,2017_65405,39.718026,-104.9522265,1/27/2017 13:05,13:05,1,0,0,FIRST AVENUE EAST & MILWAKEE STREET NORTH,1,1,0,0,1,1,0,,30,0,0,0,0,1,4,2,13
,2017_65406,39.718026,-104.9522265,2/28/2017 18:14,18:14,15,0,0,FIRST AVENUE 3000 BLOCK & MILWAUKEE STREET NORTH,1,3,0,0,1,4,0,,35,0,0,0,0,0,4,2,13
,2017_65407,39.718026,-104.9522265,9/7/2017 16:13,16:13,15,0,0,FIRST AVENUE 3000 BLOCK EAST & MILWAUKEE STREET NORTH,1,1,0,0,1,4,0,,30,0,0,0,0,0,4,2,13
,2017_65408,39.71835,-104.912784,1/9/2017 8:58,8:58,15,0,0,FIRST AVENUE EAST & MONACO STREET NORTH,2,1,0,0,1,1,0,,30,0,0,0,0,0,4,2,8
,2017_65409,39.718134,-105.0396975,7/25/2017 15:34,15:34,3,0,1,FIRST AVENUE WEST & PERRY STREET NORTH,2,1,0,1,1,1,0,,,0,0,0,0,2,4,2,13
,2017_65410,39.718404,-104.903784,1/17/2017 14:35,14:35,5,0,0,FIRST AVENUE 7200 BLOCK EAST & QUEBEC STREET NORTH,5,1,0,0,3,1,0,,30,0,0,0,0,1,4,1,13
,2017_65411,39.717909,-104.951223,8/10/2017 7:56,7:56,15,0,0,FIRST AVENUE 3100 BLOCK EAST & SAINT PAUL STREET,1,1,0,0,1,4,0,,30,0,0,0,0,0,4,2,3
,2017_65412,39.718368,-105.0532785,2/3/2017 19:10,19:10,3,0,0,FIRST AVENUE WEST & SHERIDAN BOULEVARD NORTH,1,3,0,0,1,2,0,,25,0,0,0,0,0,4,2,13
,2017_65413,39.717792,-104.9508225,1/11/2017 11:30,11:30,15,0,0,FIRST AVENUE EAST & STEELE STREET NORTH,1,1,0,7,1,1,0,,30,0,0,0,0,0,4,2,1
,2017_65414,39.717909,-104.951223,6/17/2017 14:33,14:33,1,0,0,FIRST AVENUE EAST & STREET PAUL STREET NORTH,1,1,0,0,1,1,0,,35,0,0,0,0,0,4,2,13
,2017_65415,39.718179,-104.959314,1/5/2017 17:15,17:15,12,0,0,FIRST AVENUE EAST & UNIVERSITY BOULEVARD NORTH,5,3,0,7,1,3,0,,30,0,0,0,0,0,4,2,16
,2017_65416,39.718179,-104.959314,1/6/2017 20:50,20:50,3,0,1,FIRST AVENUE EAST & UNIVERSITY BOULEVARD NORTH,10,3,0,7,1,1,0,,30,0,0,0,0,2,4,2,12
,2017_65417,39.718179,-104.959314,1/11/2017 7:22,7:22,12,0,0,FIRST AVENUE EAST & UNIVERSITY BOULEVARD NORTH,1,5,0,7,1,3,0,,30,0,0,0,0,0,4,2,1
,2017_65418,39.718179,-104.959314,4/21/2017 21:07,21:07,5,0,1,FIRST AVENUE EAST & UNIVERSITY BOULEVARD NORTH,1,3,0,0,1,1,0,,35,0,0,0,0,2,4,1,5
,2017_65419,39.718179,-104.959314,6/7/2017 15:53,15:53,15,0,0,FIRST AVENUE 2300 BLOCK EAST & UNIVERSITY BOULEVARD NORTH,1,1,0,0,1,4,0,,,0,0,0,0,0,4,2,13
,2017_65420,39.718179,-104.959314,8/2/2017 12:27,12:27,15,0,0,FIRST AVENUE 2600 BLOCK EAST & UNIVERSITY BOULEVARD NORTH,1,1,0,0,1,4,0,,30,0,0,0,0,0,4,2,7
,2017_65421,39.667635,-104.912964,2/3/2017 6:55,6:55,5,0,0,YALE AVENUE EAST & MONACO PARKWAY SOUTH,5,3,0,2,3,4,0,,35,0,0,0,0,0,4,1,7
,2017_65422,39.71835,-104.962041,4/6/2017 7:37,7:37,12,0,0,FIRST AVENUE 2100 BLOCK EAST & VINE STREET NORTH,1,1,0,0,1,4,0,,30,0,0,0,0,0,4,4,1
,2017_65423,39.718206,-105.0518115,4/21/2017 19:01,19:01,3,0,0,FIRST AVENUE WEST & ZENOBIA STREET NORTH,1,1,1,0,1,1,0,,30,0,0,0,0,0,4,2,7
,2017_65424,39.719394,-104.957064,1/29/2017 15:15,15:15,15,0,0,SECOND AVENUE 2700 BLOCK EAST & COLUMBINE STREET NORTH,1,1,0,0,1,4,0,,25,0,0,0,0,1,4,2,13
,2017_65425,39.719394,-104.954625,7/31/2017 9:00,9:00,6,0,0,SECOND AVENUE 2800 BLOCK EAST & DETROIT NORTH,1,1,0,0,1,4,0,,,0,0,0,0,0,4,2,13
,2017_65426,39.719394,-104.954625,8/7/2017 17:25,17:25,3,0,0,SECOND AVENUE EAST & DETROIT STREET NORTH,2,1,0,1,1,1,0,,25,0,0,0,0,0,4,2,13
,2017_65427,39.720258,-105.0250725,1/12/2017 13:36,13:36,6,0,0,SECOND AVENUE WEST & FEDERAL BOULEVARD NORTH,1,1,0,0,1,4,0,,25,0,0,0,0,0,4,2,7
,2017_65428,39.720258,-105.0250725,1/20/2017 19:40,19:40,6,0,0,SECOND AVENUE WEST & FEDERAL BOULEVARD SOUTH,1,4,0,0,1,4,0,,25,0,0,0,0,0,4,2,14
,2017_65429,39.720258,-105.0250725,8/5/2017 21:23,21:23,6,0,0,SECOND AVENUE WEST & FEDERAL BOULEVARD NORTH,1,3,1,0,1,4,0,,25,0,0,0,0,0,4,2,1
,2017_65430,39.696696,-105.001533,8/4/2017 6:42,6:42,5,0,0,MISSISSIPPI AVENUE WEST & LIPAN STREET SOUTH,1,1,1,0,1,1,0,,35,0,0,0,0,0,4,1,14
,2017_65431,39.719745,-105.0263505,8/27/2017 22:18,22:18,6,0,0,SECOND AVENUE WEST & GROVE STREET NORTH,1,4,0,0,1,4,0,,25,0,0,0,0,1,4,2,12
,2017_65432,39.725568,-104.971752,8/25/2017 18:30,18:30,5,0,0,SIXTH AVENUE 1300 BLOCK EAST & MARION STREET NORTH,1,3,0,0,3,4,0,,30,0,0,0,0,1,4,1,12
,2017_65433,39.719403,-104.958576,1/27/2017 11:10,11:10,6,0,0,SECOND AVENUE 2400 BLOCK EAST & JOSEPHINE STREET NORTH,1,1,0,0,1,4,0,,25,0,0,0,0,0,4,2,13
,2017_65434,39.719349,-104.9862645,7/2/2017 2:23,2:23,10,0,0,SECOND AVENUE EAST & LINCOLN STREET NORTH,1,3,0,0,1,1,0,,30,0,0,0,0,0,4,2,8
,2017_65435,39.720204,-104.903622,2/27/2017 18:26,18:26,10,0,0,SECOND AVENUE EAST & QUEBEC STREET NORTH,1,3,0,0,1,1,0,,35,0,0,0,0,0,4,2,13
,2017_65436,39.720384,-105.049764,8/25/2017 8:30,8:30,3,0,0,SECOND AVENUE WEST & XAVIER STREET,1,1,1,0,1,1,0,,25,0,0,0,0,0,4,2,13
,2017_65437,39.72006603,-104.9713693,1/16/2017 8:52,8:52,6,0,0,THIRD AVENUE & 000 BLOCK EAST,4,1,0,2,1,5,0,,25,0,0,0,0,0,4,2,13
,2017_65438,39.72006603,-104.9713693,3/15/2017 7:24,7:24,3,0,0,THIRD AVENUE & 000 BLOCK WEST,1,1,0,0,1,2,0,,25,0,0,0,0,0,4,2,13
,2017_65439,39.720915,-104.9908455,1/6/2017 20:00,20:00,6,0,0,THIRD AVENUE WEST & BANNOCK STREET NORTH,5,3,0,0,1,4,0,,25,0,0,0,0,0,4,4,7
,2017_65440,39.720924,-104.9875065,2/14/2017 17:20,17:20,12,0,0,THIRD AVENUE 00 BLOCK EAST & BROADWAY STREET SOUTH,1,3,0,0,1,4,0,,,0,0,0,0,0,4,2,13
,2017_65441,39.720996,-104.9234265,8/26/2017 16:25,16:25,6,0,0,THIRD AVENUE 5500 BLOCK EAST & HUDSON STREET NORTH,1,1,0,0,1,4,0,,25,0,0,0,0,0,4,2,13
,2017_65442,39.720933,-105.000192,1/9/2017 10:55,10:55,3,0,0,THIRD AVENUE WEST & KALAMATH STREET NORTH,1,1,1,0,1,1,0,,30,0,0,0,0,0,4,2,13
,2017_65443,39.720933,-105.000192,4/13/2017 15:20,15:20,15,0,0,THIRD AVENUE WEST & KALAMATH STREET NORTH,1,1,0,0,1,1,0,,30,0,0,0,0,0,4,3,13
,2017_65444,39.720933,-105.000192,8/3/2017 17:02,17:02,3,0,0,THIRD AVENUE WEST & KALAMATH STREET NORTH,1,1,0,0,1,1,0,,30,0,0,0,1,1,4,2,13
,2017_65445,39.720915,-104.98626,8/27/2017 15:20,15:20,15,0,0,THIRD AVENUE EAST & LINCOLN STREET NORTH,1,1,0,0,1,1,0,,30,0,0,0,0,0,4,2,8
,2017_65446,39.720969,-104.952204,1/6/2017 6:13,6:13,12,0,0,THIRD AVENUE EAST & MILWAUKEE STREET NORTH,4,3,0,0,1,1,0,,25,0,0,0,0,0,4,2,13
,2017_65447,39.720915,-104.99859,3/30/2017 10:16,10:16,15,0,0,THIRD AVENUE 900 BLOCK & SANTA FE DRIVE NORTH,1,1,1,0,1,2,0,,25,0,0,0,0,0,4,2,1
,2017_65448,39.722517,-104.989176,9/10/2017 11:20,11:20,3,0,0,FOURTH AVENUE WEST & ACOMA STREET NORTH,1,1,0,0,1,1,0,,25,0,0,0,0,0,4,2,13
,2017_65449,39.722535,-104.987502,7/18/2017 11:54,11:54,3,0,1,FOURTH AVENUE EAST & BROADWAY STREET NORTH,1,1,0,0,1,1,0,,25,0,0,0,0,2,4,2,13
,2017_65450,39.722535,-104.987502,9/24/2017 12:55,12:55,15,0,0,FOURTH AVENUE WEST & BROADWAY STREET NORTH,2,1,0,0,1,1,0,,35,0,0,0,0,0,4,2,7
,2017_65451,39.722472,-104.974092,8/4/2017 12:00,12:00,6,0,0,FOURTH AVENUE 1100 BLOCK EAST & CORONA STREET NORTH,1,1,0,0,1,3,0,,30,0,0,0,0,0,4,2,13
,2017_65452,39.722049,-105.022791,7/24/2017 5:48,5:48,6,0,0,FOURTH AVENUE 2900 BLOCK WEST & DECATUR STREET NORTH,1,1,0,0,1,4,0,,25,0,0,0,0,0,4,3,1
,2017_65453,39.722535,-104.9862825,1/6/2017 7:49,7:49,3,0,0,FOURTH AVENUE EAST & LINCOLN STREET NORTH,2,1,0,7,1,1,0,,25,0,0,0,0,0,4,2,16
,2017_65454,39.722535,-104.9862825,9/13/2017 16:25,16:25,3,0,0,FOURTH AVENUE EAST & LINCOLN STREET NORTH,1,1,0,0,1,2,0,,25,0,0,0,0,0,4,2,13
,2017_65455,39.722535,-104.9862825,9/18/2017 11:19,11:19,6,0,0,FOURTH AVENUE EAST & LINCOLN STREET NORTH,1,1,0,0,1,4,0,,25,0,0,0,0,0,4,2,7
,2017_65456,39.722643,-104.9007465,1/17/2017 11:49,11:49,14,0,0,FOURTH AVENUE EAST & RAMPART WAY NORTH,5,1,0,0,1,1,0,,25,0,0,0,0,0,4,2,13
,2017_65457,39.723372,-104.8994865,8/4/2017 12:08,12:08,6,0,0,FOURTH AVENUE 7600 BLOCK EAST & RED CROSS WAY NORTH,1,1,0,0,1,4,0,,25,0,0,0,0,0,4,2,13
,2017_65458,39.722526,-104.9497605,1/17/2017 23:31,23:31,6,0,0,FOURTH AVENUE EAST & STEELE STREET NORTH,5,3,0,0,1,4,0,,,0,0,0,0,0,4,2,13
,2017_65459,39.722499,-104.978745,1/21/2017 14:32,14:32,3,0,0,FOURTH AVENUE EAST & WASHINGTON STREET NORTH,1,1,0,7,1,1,0,,30,0,0,0,0,0,4,3,16
,2017_65460,39.72321,-104.875353,1/10/2017 14:15,14:15,6,0,0,FIFTH AVENUE 9600 BLOCK EAST & DAYTON STREET NORTH,1,1,0,0,1,4,0,,25,0,0,0,0,0,4,2,14
,2017_65461,39.72411,-105.000192,1/20/2017 15:00,15:00,1,0,0,FIFTH AVENUE WEST & KALAMATH STREET NORTH,1,1,0,0,1,1,0,,25,0,0,0,0,0,4,2,13
,2017_65462,39.72987,-104.898771,1/13/2017 20:43,20:43,5,0,0,EIGHTH AVENUE EAST & SYRACUSE STREET NORTH,1,3,0,7,2,4,0,,,0,0,0,0,0,4,1,5
,2017_65463,39.724506,-105.032502,4/5/2017 17:10,17:10,1,0,0,FIFTH AVENUE WEST & KNOX COURT NORTH,1,1,0,0,1,1,0,,25,0,0,0,0,0,4,2,7
,2017_65464,39.724137,-104.986314,1/26/2017 18:18,18:18,6,0,0,FIFTH AVENUE 100 BLOCK EAST & LINCOLN STREET NORTH,1,3,0,0,1,4,0,,25,0,0,0,0,0,4,2,3
,2017_65465,39.724137,-104.986314,4/26/2017 8:28,8:28,3,0,1,FIFTH AVENUE EAST & LINCOLN STREET NORTH,1,1,0,0,1,1,0,,25,0,0,0,0,2,4,2,13
,2017_65466,39.724479,-104.906853,8/28/2017 12:28,12:28,6,0,0,FIFTH AVENUE 6925 EAST & OLIVE STREET NORTH,1,1,0,0,1,1,0,,,0,0,0,0,0,4,2,13
,2017_65467,39.724083,-104.9811435,6/28/2017 14:06,14:06,6,0,0,FIFTH AVENUE EAST & PENNSYLVANIA STREET NORTH,1,1,0,0,1,4,0,,25,0,0,0,0,0,4,2,14
,2017_65468,39.724533,-105.0394635,9/11/2017 0:56,0:56,5,0,0,FIFTH AVENUE WEST & PERRY STREET NORTH,1,3,0,0,2,3,0,,25,0,0,0,0,0,4,2,5
,2017_65469,39.724128,-104.98455,8/10/2017 16:36,16:36,15,0,0,FIFTH AVENUE EAST & SPEER BOULEVARD NORTH,1,1,0,0,1,4,0,,30,0,0,0,0,0,4,2,7
,2017_65470,39.723966,-105.047424,1/23/2017 14:24,14:24,5,0,0,FIFTH AVENUE WEST & WINONA COURT NORTH,1,1,0,0,1,5,0,,15,0,0,0,0,0,4,1,14
,2017_65471,39.721455,-104.881761,6/28/2017 14:50,14:50,5,0,0,FIFTH AVENUE EAST & YOSEMITE WAY NORTH,1,1,0,0,3,1,0,,30,0,0,0,0,0,4,1,13
,2017_65473,39.725316,-104.9383215,4/18/2017 15:33,15:33,1,0,0,SIXTH AVENUE EAST & ASH STREET NORTH,1,1,0,0,1,1,0,,25,0,0,0,0,0,4,2,13
,2017_65474,39.730995,-104.936292,6/5/2017 12:12,12:12,6,0,0,NINTH AVENUE EAST & BIRCH STREET NORTH,1,1,0,0,1,4,0,,20,0,0,0,0,1,4,2,5
,2017_65475,39.725631,-104.9874435,8/9/2017 14:45,14:45,15,0,0,SIXTH AVENUE 000 BLOCK WEST & BROADWAY STREET NORTH,1,1,0,0,1,3,0,,30,0,0,0,0,0,4,2,13
,2017_65476,39.725631,-104.9874435,8/28/2017 9:02,9:02,15,0,0,SIXTH AVENUE EAST & BROADWAY STREET NORTH,1,1,1,0,1,3,0,,,0,0,0,0,0,4,2,13
,2017_65477,39.725622,-104.977566,1/1/2017 18:47,18:47,3,0,0,SIXTH AVENUE EAST & CLARKSON STREET NORTH,1,3,0,0,1,1,0,,25,0,0,0,0,0,4,2,13
,2017_65478,39.725595,-104.9578605,6/29/2017 13:40,13:40,3,0,0,SIXTH AVENUE 2600 BLOCK EAST & COLUMBINE STREET SOUTH,1,1,0,0,1,3,0,,30,0,0,0,0,0,4,2,8
,2017_65479,39.725586,-104.972922,1/13/2017 14:31,14:31,3,0,0,SIXTH AVENUE EAST & DOWNING STREET NORTH,1,1,0,7,1,1,0,,30,0,0,0,0,1,4,2,3
,2017_65480,39.725676,-104.994063,12/26/2017 9:33,9:33,10,0,0,SIXTH AVENUE WEST & ELATI STREET NORTH,2,1,0,2,1,1,0,,35,0,0,0,0,0,4,2,8
,2017_65481,39.725595,-104.953428,6/7/2017 12:09,12:09,3,0,0,SIXTH AVENUE EAST & FILLMORE STREET NORTH,1,1,0,0,1,1,0,,30,0,0,0,0,0,4,5,7
,2017_65482,39.725577,-104.9682825,1/3/2017 9:43,9:43,12,0,0,SIXTH AVENUE EAST & FRANKLIN STREET NORTH,1,1,0,7,1,4,0,,60,0,0,0,0,1,4,3,1
,2017_65483,39.725694,-104.996412,1/14/2017 14:25,14:25,12,0,0,SIXTH AVENUE WEST & GALAPAGO STREET NORTH,1,1,0,7,1,1,0,,30,0,0,0,0,0,4,2,16
,2017_65484,39.725694,-104.996412,4/8/2017 12:26,12:26,15,0,0,SIXTH AVENUE WEST & GALAPAGO STREET NORTH,1,1,0,0,1,1,0,,30,0,0,0,0,0,4,2,13
,2017_65486,39.725622,-104.983605,1/6/2017 18:49,18:49,12,0,0,SIXTH AVENUE EAST & GRANT STREET NORTH,5,3,0,7,1,3,0,,35,0,0,0,0,0,4,2,1
,2017_65487,39.725622,-104.983605,7/24/2017 17:12,17:12,3,0,0,SIXTH AVENUE EAST & GRANT STREET NORTH,1,1,0,0,1,1,0,,30,0,0,0,0,0,4,2,13
,2017_65488,39.725595,-104.9418315,5/3/2017 14:13,14:13,15,0,0,SIXTH AVENUE 3800 BLOCK EAST & HARRISON STREET SOUTH,1,1,1,0,1,4,0,,30,0,0,0,0,0,4,2,13
,2017_65489,39.725694,-104.9975415,12/1/2017 10:21,10:21,10,0,0,SIXTH AVENUE WEST & INCA STREET NORTH,1,1,0,0,1,1,0,,30,0,0,0,0,0,4,2,13
,2017_65490,39.726288,-105.0300405,3/8/2017 20:58,20:58,5,0,0,SIXTH AVENUE WEST FRONTAGE NORTH  & IRVING STREET NORTH,1,3,1,0,3,1,0,,25,0,0,0,0,0,4,1,3
,2017_65491,39.725595,-104.9429115,1/20/2017 13:26,13:26,10,0,1,SIXTH AVENUE EAST & JACKSON NORTH,1,1,0,0,1,1,0,,25,0,0,0,0,2,4,3,13
,2017_65492,39.725604,-104.958864,2/21/2017 20:47,20:47,15,0,0,SIXTH AVENUE 2300 BLOCK EAST & JOSEPHINE STREET NORTH,1,3,0,0,1,4,0,,30,0,0,0,0,0,4,2,13
,2017_65493,39.725604,-104.958864,8/14/2017 13:49,13:49,10,0,0,SIXTH AVENUE EAST & JOSEPHINE STREET NORTH,1,1,0,0,1,1,0,,30,0,0,0,0,0,4,2,13
,2017_65494,39.72627,-105.0002055,1/16/2017 7:32,7:32,15,0,0,SIXTH AVENUE WEST & KALAMATH STREET NORTH,4,1,0,2,1,8,0,,45,0,0,0,0,0,4,2,1
,2017_65495,39.72627,-105.0002055,1/17/2017 8:05,8:05,12,0,0,SIXTH AVENUE WEST & KALAMATH STREET NORTH,8,1,0,0,1,4,0,,35,0,0,0,0,0,4,2,1
,2017_65496,39.72627,-105.0002055,1/24/2017 9:58,9:58,3,0,0,SIXTH AVENUE EASTBOUND WEST & KALAMATH STREET NORTH,1,1,0,0,1,1,0,,35,0,0,0,0,0,4,3,14
,2017_65497,39.72627,-105.0002055,1/25/2017 9:25,9:25,12,0,0,SIXTH AVENUE WEST & KALAMATH STREET NORTH,1,1,0,7,1,3,0,,35,0,0,0,0,0,4,2,16
,2017_65498,39.72627,-105.0002055,1/27/2017 15:16,15:16,12,0,0,SIXTH AVENUE WEST & KALAMATH STREET NORTH,1,1,0,7,1,3,0,,35,0,0,0,0,0,4,2,16
,2017_65499,39.72627,-105.0002055,1/30/2017 7:19,7:19,12,0,0,SIXTH AVENUE WEST & KALAMATH STREET NORTH,1,1,0,7,1,3,0,,45,0,0,0,0,0,4,2,16
,2017_65500,39.72627,-105.0002055,3/4/2017 23:37,23:37,5,0,0,SIXTH AVENUE WEST  & KALAMATH STREET NORTH,1,3,0,0,2,4,0,,60,0,0,0,0,0,4,1,1
,2017_65501,39.72627,-105.0002055,3/9/2017 14:50,14:50,15,0,0,SIXTH AVENUE EAST & KALAMATH STREET NORTH,1,1,0,0,1,4,0,,30,0,0,0,0,0,4,2,13
,2017_65502,39.72627,-105.0002055,6/22/2017 23:20,23:20,12,0,0,SIXTH AVENUE WEST & KALAMATH STREET NORTH,1,3,0,0,1,3,0,,,0,0,0,0,0,4,2,13
,2017_65503,39.733623,-104.9941215,5/8/2017 23:40,23:40,5,0,0,SPEER BOULEVARD NORTH & 11TH AVENUE WEST,2,4,1,1,2,3,0,,35,0,0,0,0,0,4,1,1
,2017_65504,39.716595,-105.0518295,4/8/2017 15:00,15:00,6,0,0,ZENOBIA STREET SOUTH & ZENOBIA STREET 2863 SOUTH,1,1,2,0,1,4,0,,25,0,0,0,0,0,4,2,13
,2017_65505,39.72627,-105.0002055,6/25/2017 13:20,13:20,12,0,0,SIXTH AVENUE WEST & KALAMATH STREET NORTH,1,1,0,0,1,1,0,,35,0,0,0,0,0,4,2,7
,2017_65506,39.72627,-105.0002055,6/29/2017 4:32,4:32,8,0,2,SIXTH AVENUE WEST & KALAMATH STREET NORTH,1,3,0,0,1,4,0,,35,0,0,0,0,2,4,2,1
,2017_65507,39.72627,-105.0002055,8/14/2017 1:10,1:10,12,0,0,SIXTH AVENUE WEST & KALAMATH STREET NORTH,1,3,0,0,1,1,0,,55,0,0,0,0,0,4,3,13
,2017_65508,39.72627,-105.0002055,8/18/2017 8:30,8:30,15,0,0,SIXTH AVENUE WEST & KALAMATH STREET NORTH,1,1,0,0,1,1,0,,35,0,0,0,0,0,4,2,8
,2017_65509,39.72627,-105.0002055,9/11/2017 20:53,20:53,12,0,0,SIXTH AVENUE WEST & KALAMATH STREET NORTH,1,3,0,0,1,1,0,,30,0,0,0,0,0,4,2,13
,2017_65511,39.730446,-104.984865,2/23/2017 7:13,7:13,6,0,0,NINTH AVENUE 200 BLOCK EAST & SHERMAN STREET NORTH,1,1,0,0,1,4,0,,30,0,0,0,0,0,4,2,13
,2017_65512,39.72627,-105.0002055,9/17/2017 19:56,19:56,12,0,0,SIXTH AVENUE WEST & KALAMATH STREET NORTH,1,1,0,0,1,1,0,,5,0,0,0,0,1,4,2,12
,2017_65513,39.725649,-104.986314,1/6/2017 15:43,15:43,3,0,0,SIXTH AVENUE EAST & LINCOLN STREET NORTH,2,1,1,0,1,1,0,,60,0,0,0,0,1,4,3,3
,2017_65514,39.725649,-104.986314,1/26/2017 10:50,10:50,15,0,0,SIXTH AVENUE EAST & LINCOLN STREET NORTH,1,1,0,7,1,4,0,,30,0,0,0,0,0,4,2,16
,2017_65515,39.725649,-104.986314,4/25/2017 18:54,18:54,10,0,0,SIXTH AVENUE EAST & LINCOLN STREET NORTH,2,1,0,1,1,1,0,,35,0,0,0,0,0,4,2,13