id,drcog_id,latitude,longitude,crashtime,time,crashtype,numbkilled,numbinjurd,drcoglocat,rdconditin,lightngcon,roadcntgrd,weatherco,location,roaddescrp,constrzone,schoolzone,splimit,bikeinv,pedinv,sctrinv,motoinv,svrty,rdsystem,ttlvehcls,hcf
,2017_65516,39.725649,-104.986314,6/29/2017 15:29,15:29,10,0,0,SIXTH AVENUE EAST & LINCOLN STREET NORTH,1,1,0,0,1,1,0,,30,0,0,0,0,0,4,2,8
,2017_65517,39.725649,-104.986314,6/30/2017 19:47,19:47,15,0,0,SIXTH AVENUE EAST & LINCOLN STREET NORTH,1,2,0,0,1,1,0,,35,0,0,0,0,0,4,2,13
,2017_65518,39.725649,-104.986314,8/4/2017 16:47,16:47,3,0,0,SIXTH AVENUE EAST & LINCOLN STREET NORTH,1,1,0,0,1,2,0,,30,0,0,0,0,0,4,2,13
,2017_65519,39.725649,-104.986314,9/4/2017 18:15,18:15,10,0,0,SIXTH AVENUE EAST & LINCOLN STREET NORTH,1,1,0,0,1,1,0,,30,0,0,0,0,0,4,2,8
,2017_65520,39.725649,-104.986314,10/4/2017 15:30,15:30,10,0,0,SIXTH AVENUE EAST & LINCOLN STREET NORTH,1,1,1,0,1,3,0,,30,0,0,0,0,0,4,2,8
,2017_65521,39.725334,-104.914035,1/18/2017 16:40,16:40,3,0,0,SIXTH AVENUE EAST & LOCUST STREET NORTH,1,1,0,7,1,1,0,,25,0,0,0,0,0,4,2,16
,2017_65522,39.72564,-104.982381,3/12/2017 1:40,1:40,6,0,1,SIXTH AVENUE EAST & LOGAN STREET NORTH,1,3,0,0,1,4,0,,30,0,0,0,0,2,4,3,5
,2017_65523,39.72564,-104.982381,3/28/2017 14:55,14:55,15,0,0,SIXTH AVENUE EAST & LOGAN STREET NORTH,2,1,0,1,1,3,0,,,0,0,0,0,0,4,2,13
,2017_65524,39.725568,-104.971752,1/29/2017 20:46,20:46,15,0,0,SIXTH AVENUE EAST & MARION STREET NORTH,1,3,0,0,1,4,0,,30,0,0,0,0,0,4,2,10
,2017_65525,39.725334,-104.912793,5/24/2017 8:45,8:45,3,0,0,SIXTH AVENUE EAST & MONACO STREET NORTH,1,1,0,0,1,1,0,,30,0,0,0,0,0,4,2,13
,2017_65526,39.725334,-104.912793,8/4/2017 2:15,2:15,15,0,1,SIXTH AVENUE EAST & MONACO STREET NORTH,1,3,0,0,1,1,0,,30,0,0,0,0,2,4,2,13
,2017_65527,39.725604,-104.9752305,1/18/2017 12:35,12:35,15,0,0,SIXTH AVENUE EAST & OGDEN STREET NORTH,1,1,1,7,1,4,0,,30,0,0,0,0,0,4,2,16
,2017_65528,39.725649,-105.005763,1/3/2017 18:18,18:18,15,0,0,SIXTH AVENUE EAST & OSAGE STREET,1,3,0,0,1,4,0,,45,0,0,0,0,0,4,2,13
,2017_65529,39.725649,-105.005763,1/23/2017 16:00,16:00,3,0,0,SIXTH AVENUE WEST & OSAGE STREET NORTH,1,1,0,7,1,3,0,,25,0,0,0,0,1,4,2,16
,2017_65530,39.725649,-105.005763,8/22/2017 7:00,7:00,15,0,0,SIXTH AVENUE WEST & OSAGE STREET,1,1,0,0,1,4,0,,45,0,0,0,0,0,4,2,13
,2017_65531,39.72564,-104.9811345,3/24/2017 15:13,15:13,15,0,0,SIXTH AVENUE EAST & PENNSYLVANIA STREET NORTH,1,1,0,0,1,4,0,,25,0,0,0,0,0,4,2,13
,2017_65532,39.725424,-104.903793,9/1/2017 10:24,10:24,6,0,0,SIXTH AVENUE 7200 BLOCK EAST & QUEBEC STREET NORTH,1,1,0,0,1,4,0,,35,0,0,0,0,0,4,2,13
,2017_65533,39.725694,-104.9985945,3/6/2017 11:40,11:40,15,0,0,SIXTH AVENUE WEST & SANTA FE NORTH,1,1,0,0,1,1,0,,35,0,0,0,0,0,4,2,14
,2017_65534,39.725694,-104.9985945,3/23/2017 17:34,17:34,12,0,1,SIXTH AVENUE WEST & SANTA FE DRIVE NORTH,1,1,0,0,1,4,0,,35,0,0,0,0,2,4,2,13
,2017_65535,39.725694,-104.9985945,7/12/2017 19:09,19:09,12,0,0,SIXTH AVENUE WEST & SANTA FE DRIVE NORTH,1,1,0,0,1,4,0,,,0,0,0,0,0,4,2,13
,2017_65536,39.725694,-104.9985945,8/7/2017 10:00,10:00,5,0,0,SIXTH AVENUE 900 BLOCK WEST & SANTA FE DRIVE,2,1,0,1,2,4,0,,30,0,0,0,0,1,4,1,13
,2017_65537,39.733839,-104.9873895,6/9/2017 12:50,12:50,6,0,0,11TH AVENUE EAST & 11TH AVENUE 500 BLOCK EAST,1,1,0,0,1,4,0,,30,0,0,0,0,0,4,2,13
,2017_65538,39.690378,-104.91291,3/23/2017 17:13,17:13,15,0,0,CHERRY CREEK SOUTH DRIVE & MONACO STREET SOUTH,1,1,0,0,1,4,0,,,0,0,0,0,0,4,2,13
,2017_65539,39.725658,-104.984865,1/2/2017 12:10,12:10,3,0,1,SIXTH AVENUE EAST & SHERMAN STREET NORTH,1,1,1,7,1,1,0,,30,0,0,0,0,2,4,2,16
,2017_65540,39.725658,-104.984865,4/14/2017 7:40,7:40,15,0,0,SIXTH AVENUE EAST & SHERMAN STREET NORTH,1,1,0,0,1,1,0,,30,0,0,0,0,0,4,2,13
,2017_65541,39.725658,-104.9863095,1/6/2017 15:38,15:38,15,0,0,SIXTH AVENUE EAST & SPEER BOULEVARD EAST,6,1,1,0,1,1,0,,60,0,0,0,0,0,4,3,8
,2017_65542,39.725658,-104.9863095,3/18/2017 13:45,13:45,15,0,0,SIXTH AVENUE EAST & SPEER BOULEVARD EAST,1,1,0,0,1,1,0,,35,0,0,0,0,0,4,2,13
,2017_65543,39.725658,-104.9863095,8/23/2017 16:11,16:11,10,0,0,SIXTH AVENUE EAST & SPEER BOULEVARD EAST,1,1,0,0,1,1,0,,30,0,0,0,0,0,4,2,13
,2017_65544,39.725658,-104.9863095,9/22/2017 20:00,20:00,10,0,0,SIXTH AVENUE EAST & SPEER BOULEVARD,1,1,0,0,1,1,0,,30,0,0,0,0,0,4,2,13
,2017_65545,39.72555,-104.8939425,7/28/2017 12:53,12:53,6,0,0,SIXTH AVENUE 8000 BLOCK EAST & ULSTER WAY NORTH,1,1,1,0,1,4,0,,30,0,0,0,0,0,4,3,10
,2017_65546,39.725829,-104.8920818,3/29/2017 15:57,15:57,5,0,0,SIXTH AVENUE EAST & UINTA WAY NORTH,1,1,0,0,2,6,0,,25,0,0,0,0,1,4,1,7
,2017_65547,39.725622,-104.978754,3/28/2017 21:28,21:28,15,0,0,SIXTH AVENUE 600 BLOCK EAST & WASHINGTON STREET NORTH,2,3,0,1,1,4,0,,30,0,0,0,0,0,4,3,7
,2017_65548,39.725622,-104.978754,9/4/2017 17:06,17:06,6,0,0,SIXTH AVENUE EAST & WASHINGTON STREET NORTH,1,1,0,0,1,4,0,,30,0,0,0,0,0,4,2,3
,2017_65549,39.725604,-104.9602005,1/11/2017 10:10,10:10,3,0,1,SIXTH AVENUE EAST & YORK STREET NORTH,1,1,0,7,1,1,0,,30,0,0,0,0,2,4,2,7
,2017_65550,39.725604,-104.9602005,4/8/2017 7:11,7:11,3,0,0,SIXTH AVENUE EAST & YORK STREET NORTH,1,1,1,0,1,1,0,,35,0,0,0,0,0,4,2,13
,2017_65551,39.72730815,-104.9703692,5/25/2017 12:02,12:02,5,0,0,SEVENTH AVENUE & 2700 BLOCK WEST,1,1,1,0,2,4,0,,30,0,0,0,0,0,4,1,1
,2017_65552,39.72726,-104.987403,1/15/2017 19:55,19:55,3,0,0,SEVENTH AVENUE EAST & BROADWAY STREET NORTH,1,3,0,0,1,1,0,,30,0,0,0,0,0,4,2,13
,2017_65553,39.727278,-104.977557,3/21/2017 13:29,13:29,5,0,0,SEVENTH AVENUE 700 BLOCK EAST & CLARKSON STREET NORTH,1,1,0,0,2,5,0,,,0,0,0,0,0,4,1,13
,2017_65554,39.727287,-104.983596,1/4/2017 20:18,20:18,15,0,0,SEVENTH AVENUE EAST & GRANT STREET NORTH,5,3,0,2,1,1,0,,30,0,0,0,0,1,4,2,4
,2017_65555,39.72726,-104.9861565,8/31/2017 17:30,17:30,3,0,0,SEVENTH AVENUE EAST & LINCOLN STREET NORTH,1,1,0,0,1,3,0,,30,0,0,0,0,0,4,2,4
,2017_65556,39.727323,-104.898861,6/17/2017 7:52,7:52,6,0,0,SEVENTH AVENUE EAST & SYRACUSE STREET NORTH,1,1,0,0,1,4,0,,25,0,0,0,0,0,4,2,13
,2017_65557,39.728259,-105.0438735,3/21/2017 7:45,7:45,6,0,0,SEVENTH AVENUE WEST & TENNYSON STREET NORTH,1,1,0,0,1,4,0,,25,0,0,0,0,0,4,2,14
,2017_65558,39.729087,-104.987412,4/5/2017 17:40,17:40,12,0,0,EIGHTH AVENUE WEST & EIGHTH AVENUE 500 BLOCK WEST,1,1,1,0,1,4,0,,30,0,0,0,0,1,4,3,13
,2017_65559,39.729087,-104.987412,8/11/2017 8:55,8:55,5,0,0,EIGHTH AVENUE EAST & EIGHTH AVENUE 1200 BLOCK EAST,1,1,0,0,3,4,0,,30,0,0,0,0,0,4,1,1
,2017_65560,39.729087,-104.987412,6/12/2017 18:00,18:00,15,0,0,EIGHTH AVENUE EAST & EIGHTH AVENUE 5300 EAST,1,1,0,0,1,4,0,,35,0,0,0,0,0,4,2,14
,2017_65561,39.729087,-104.987412,3/15/2017 7:40,7:40,12,0,0,EIGHTH AVENUE EAST & EIGHTH AVENUE 6100 BLOCK EAST,1,1,0,0,1,4,0,,30,0,0,0,0,0,4,3,12
,2017_65562,39.729087,-104.987412,8/10/2017 18:00,18:00,12,0,0,EIGHTH AVENUE EAST & EIGHTH AVENUE 6300 BLOCK EAST,2,1,0,1,1,4,0,,30,0,0,0,0,0,4,2,3
,2017_65563,39.72906,-104.977584,1/8/2017 8:53,8:53,12,0,0,EIGHTH AVENUE EAST & CLARKSON STREET NORTH,5,1,0,0,1,1,0,,30,0,0,0,0,0,4,3,7
,2017_65564,39.72906,-104.977584,1/8/2017 8:56,8:56,15,0,0,EIGHTH AVENUE EAST & CLARKSON STREET,8,1,0,7,1,1,0,,30,0,0,0,0,0,4,2,16
,2017_65565,39.729213,-104.935167,1/16/2017 3:49,3:49,3,0,0,EIGHTH AVENUE EAST & CLERMONT STREET NORTH,4,3,0,2,1,1,0,,35,0,0,0,0,0,4,2,7
,2017_65566,39.738339,-104.946165,9/8/2017 16:30,16:30,6,0,0,14TH AVENUE EAST & MADISON STREET NORTH,1,1,0,0,1,4,0,,30,0,0,0,0,0,4,2,5
,2017_65567,39.729123,-104.9407875,2/28/2017 17:47,17:47,10,0,0,EIGHTH AVENUE 3900 BLOCK EAST & COLORADO BOULEVARD NORTH,1,3,0,0,1,4,0,,30,0,0,0,0,0,4,2,8
,2017_65568,39.729069,-104.97411,1/6/2017 22:12,22:12,10,0,0,EIGHTH AVENUE EAST & CORONA STREET NORTH,11,3,0,2,1,1,0,,30,0,0,0,0,0,4,2,7
,2017_65569,39.729069,-104.97411,8/13/2017 21:08,21:08,3,0,0,EIGHTH AVENUE EAST & CORONA STREET NORTH,1,3,0,0,1,1,0,,25,0,0,0,0,0,4,2,2
,2017_65570,39.729222,-104.931612,7/18/2017 11:29,11:29,3,0,0,EIGHTH AVENUE EAST & DAHLIA STREET NORTH,1,1,0,0,1,1,0,,35,0,0,0,0,1,4,2,7
,2017_65571,39.728925,-104.9940765,6/4/2017 12:47,12:47,10,0,1,EIGHTH AVENUE WEST & ELATI STREET NORTH,1,1,0,0,1,1,0,,30,0,0,0,1,2,4,2,14
,2017_65572,39.729114,-104.941854,3/21/2017 16:51,16:51,10,0,0,EIGHTH AVENUE EAST & HARRISON STREET NORTH,1,1,0,0,1,1,0,,30,0,0,0,0,0,4,2,8
,2017_65573,39.729231,-104.922801,1/26/2017 10:58,10:58,12,0,0,EIGHTH AVENUE EAST & HOLLY STREET NORTH,1,1,0,7,1,3,0,,30,0,0,0,0,0,4,2,8
,2017_65574,39.729114,-104.942916,7/21/2017 11:00,11:00,10,0,0,EIGHTH AVENUE EAST & JACKSON STREET NORTH,1,1,0,0,1,1,0,,35,0,0,0,0,0,4,2,13
,2017_65575,39.729285,-105.0312735,1/18/2017 6:41,6:41,6,0,0,EIGHTH AVENUE 3300 WEST & JULIAN STREET NORTH,5,1,0,0,1,4,0,,25,0,0,0,0,0,4,3,13
,2017_65576,39.728943,-105.000183,1/27/2017 6:18,6:18,3,0,0,EIGHTH AVENUE WEST & KALAMATH STREET NORTH,1,1,1,0,1,1,0,,30,0,0,0,0,0,4,2,13
,2017_65577,39.728943,-105.000183,2/2/2017 22:54,22:54,12,0,0,EIGHTH AVENUE WEST & KALAMATH STREET NORTH,2,3,1,1,1,1,0,,35,0,0,0,0,0,4,2,16
,2017_65578,39.729087,-104.986152,1/6/2017 18:42,18:42,3,0,0,EIGHTH AVENUE EAST & LINCOLN STREET NORTH,5,3,0,2,1,1,0,,30,0,0,0,0,0,4,2,14
,2017_65579,39.729087,-104.986152,2/3/2017 10:45,10:45,3,0,0,EIGHTH AVENUE EAST & LINCOLN STREET NORTH,1,1,0,0,1,1,0,,25,0,0,0,0,0,4,2,1
,2017_65580,39.729087,-104.986152,9/13/2017 10:34,10:34,6,0,1,EIGHTH AVENUE 100 BLOCK EAST & LINCOLN STREET NORTH,1,1,0,0,1,4,0,,30,0,0,0,0,2,4,2,14
,2017_65581,39.729069,-104.971761,7/30/2017 20:13,20:13,15,0,0,EIGHTH AVENUE EAST & MARION STREET NORTH,1,3,3,0,1,1,0,,30,0,0,0,0,0,4,2,1
,2017_65582,39.728934,-105.0028425,1/27/2017 7:32,7:32,3,0,0,EIGHTH AVENUE WEST & MARIPOSA STREET,1,1,0,7,1,1,0,,35,0,0,0,0,0,4,2,14
,2017_65583,39.728934,-105.0028425,6/4/2017 9:32,9:32,3,0,1,EIGHTH AVENUE WEST & MARIPOSA STREET NORTH,1,1,0,0,1,1,0,,30,0,0,0,1,2,4,2,14
,2017_65584,39.728934,-105.0028425,9/2/2017 15:41,15:41,3,0,0,EIGHTH AVENUE WEST & MARIPOSA STREET NORTH,1,1,0,0,1,2,0,,,0,0,0,0,0,4,2,13
,2017_65585,39.729276,-104.9128155,1/7/2017 16:10,16:10,12,0,0,EIGHTH AVENUE EAST & MONACO PARKWAY NORTH,5,1,0,7,1,4,0,,30,0,0,0,0,0,4,2,16
,2017_65586,39.729078,-104.975244,8/17/2017 16:00,16:00,6,0,0,EIGHTH AVENUE EAST & OGDEN STREET NORTH,1,1,0,0,1,2,0,,30,0,0,0,0,0,4,2,13
,2017_65587,39.729114,-104.960232,6/16/2017 8:51,8:51,3,0,0,EIGHTH AVENUE EAST & YORK STREET NORTH,1,1,0,0,1,1,0,,35,0,0,0,0,0,4,2,14
,2017_65588,39.729267,-104.90814,1/27/2017 15:09,15:09,12,0,0,EIGHTH AVENUE EAST & ONEIDA STREET NORTH,1,1,0,7,1,3,0,,30,0,0,0,0,0,4,3,16
,2017_65589,39.729042,-104.979951,7/20/2017 8:15,8:15,15,0,0,EIGHTH AVENUE 700 BLOCK EAST & PEARL STREET NORTH,1,1,0,0,1,4,0,,30,0,0,0,0,0,4,2,1
,2017_65590,39.729267,-104.9034735,1/16/2017 8:55,8:55,12,0,0,EIGHTH AVENUE EAST & QUEBEC STREET NORTH,4,1,0,2,1,1,0,,35,0,0,0,0,0,4,2,1
,2017_65591,39.735243,-104.9873805,8/24/2017 13:55,13:55,6,0,0,12TH AVENUE WEST & 12TH AVENUE 290 WEST,1,1,1,0,1,4,0,,25,0,0,0,0,0,4,2,1
,2017_65592,39.754692,-104.9257845,1/6/2017 16:20,16:20,6,0,0,26TH AVENUE EAST & GLENCOE STREET NORTH,5,3,0,0,1,4,0,,25,0,0,0,0,0,4,2,14
,2017_65593,39.728907,-104.998644,1/3/2017 17:44,17:44,12,0,0,EIGHTH AVENUE WEST & SANTA FE DRIVE NORTH,1,3,0,7,1,4,0,,30,0,0,0,0,1,4,2,16
,2017_65594,39.728907,-104.998644,1/26/2017 12:38,12:38,3,0,0,EIGHTH AVENUE WEST & SANTA FE DRIVE NORTH,1,1,1,7,1,1,0,,30,0,0,0,0,1,4,2,16
,2017_65595,39.728934,-104.9906115,1/5/2017 2:00,2:00,3,0,0,EIGHTH AVENUE WEST & SPEER BOULEVARD,5,3,1,2,1,1,0,,35,0,0,0,0,0,4,3,16
,2017_65596,39.728934,-104.9906115,1/15/2017 14:20,14:20,3,0,0,EIGHTH AVENUE WEST & SPEER BOULEVARD,1,5,1,7,1,1,0,,35,0,0,0,0,0,4,2,12
,2017_65597,39.728934,-104.9906115,3/23/2017 15:23,15:23,15,0,0,EIGHTH AVENUE EAST & SPEER BOULEVARD NORTH,1,1,0,0,1,1,0,,30,0,0,0,0,0,4,2,13
,2017_65598,39.728934,-104.9906115,7/18/2017 13:54,13:54,10,0,0,EIGHTH AVENUE WEST & SPEER BOULEVARD NORTH,1,1,0,0,1,1,0,,30,0,0,0,0,0,4,2,13
,2017_65599,39.728934,-104.9906115,8/25/2017 10:38,10:38,10,0,0,EIGHTH AVENUE WEST & SPEER BOULEVARD NORTH,1,1,0,0,1,1,0,,30,0,0,0,0,0,4,2,8
,2017_65600,39.728934,-104.9906115,8/26/2017 5:35,5:35,3,0,0,EIGHTH AVENUE WEST & SPEER BOULEVARD,1,1,0,0,1,1,0,,35,0,0,0,0,0,4,2,13
,2017_65601,39.729114,-104.960232,1/3/2017 20:29,20:29,3,0,0,EIGHTH AVENUE EAST & YORK STREET NORTH,1,3,1,7,1,1,0,,30,0,0,0,0,1,4,2,1
,2017_65602,39.77575718,-105.0439759,7/12/2017 14:50,14:50,6,0,0,TENNYSON STREET & 3900 BLOCK NORTH,1,1,0,0,1,4,0,,25,0,0,0,0,0,4,2,13
,2017_65603,39.730428,-104.9873895,4/2/2017 11:15,11:15,15,0,0,NINTH AVENUE EAST & NINTH AVENUE 1400 BLOCK EAST,1,1,0,0,1,4,0,,30,0,0,0,0,0,4,2,13
,2017_65604,39.730428,-104.987394,9/1/2017 15:00,15:00,6,0,0,NINTH AVENUE & NINTH AVENUE 4567 EAST,1,1,0,0,1,7,0,,,0,0,0,0,0,4,2,13
,2017_65605,39.730428,-104.9873895,9/23/2017 13:07,13:07,3,0,0,NINTH AVENUE EAST & BROADWAY STREET NORTH,1,1,0,0,1,1,0,,30,0,0,0,0,0,4,2,13
,2017_65606,39.731031,-104.9339835,6/28/2017 15:05,15:05,5,0,0,NINTH AVENUE 4500 BLOCK EAST & CHERRY STREET,1,1,0,0,3,4,0,,25,0,0,0,0,0,4,1,6
,2017_65607,39.730437,-104.977602,4/2/2017 13:45,13:45,6,0,0,NINTH AVENUE EAST & CLARKSON STREET NORTH /EMERSON STREET NORTH,1,1,0,0,1,5,0,,20,0,0,0,0,0,4,2,8
,2017_65608,39.7305,-104.9929605,1/16/2017 23:15,23:15,5,0,0,NINTH AVENUE WEST & DELAWARE STREET NORTH,5,3,0,0,3,1,0,,,0,0,0,0,0,4,1,13
,2017_65609,39.730437,-104.983614,1/21/2017 21:00,21:00,6,0,0,NINTH AVENUE 300 BLOCK EAST & GRANT STREET NORTH,1,4,0,0,1,4,0,,30,0,0,0,0,0,4,2,5
,2017_65610,39.730437,-104.983614,3/27/2017 8:00,8:00,12,0,0,NINTH AVENUE EAST & GRANT STREET NORTH,1,1,0,0,1,5,0,,10,0,0,0,0,0,4,2,13
,2017_65611,39.730464,-104.970636,5/23/2017 20:47,20:47,6,0,0,NINTH AVENUE 1400 BLOCK EAST & LAFAYETTE STREET NORTH,1,3,0,0,1,4,0,,30,0,0,0,0,0,4,2,14
,2017_65612,39.730446,-104.982336,1/21/2017 10:34,10:34,3,0,0,NINTH AVENUE EAST & LOGAN STREET NORTH,1,1,0,7,1,1,0,,25,0,0,0,0,0,4,2,16
,2017_65613,39.730446,-104.982336,4/1/2017 16:00,16:00,12,0,0,NINTH AVENUE 400 BLOCK EAST & LOGAN STREET NORTH,1,1,0,0,1,4,0,,30,0,0,0,0,0,4,2,13
,2017_65614,39.730437,-104.975253,1/26/2017 8:47,8:47,3,0,0,NINTH AVENUE EAST & OGDEN CORONA ALLEY,1,1,0,0,1,5,0,,25,0,0,0,0,0,4,3,13
,2017_65615,39.730428,-104.9811615,1/23/2017 8:20,8:20,3,0,0,NINTH AVENUE EAST & PENNSYLVANIA STREET NORTH,1,1,0,7,1,5,0,,10,0,0,0,0,0,4,3,7
,2017_65616,39.730608,-105.0394815,7/24/2017 10:34,10:34,3,0,0,NINTH AVENUE WEST & PERRY STREET NORTH,1,1,0,0,1,1,0,,30,0,0,0,0,0,4,2,13
,2017_65617,39.732795,-105.0221835,8/1/2017 12:06,12:06,6,0,0,10TH AVENUE 2800 BLOCK WEST & 10TH AVENUE WEST,1,1,0,0,1,4,0,,30,0,0,0,0,0,4,3,13
,2017_65618,39.727854,-104.8854915,8/12/2017 15:35,15:35,5,0,0,10TH AVENUE EAST & AKRON WAY NORTH,2,1,0,0,3,1,0,,25,0,0,0,0,0,4,1,7
,2017_65619,39.73293,-105.032151,2/17/2017 21:32,21:32,12,0,0,10TH AVENUE WEST & KNOX COURT NORTH,1,3,0,0,1,3,0,,,0,0,0,0,0,4,2,13
,2017_65620,39.73203,-104.9752575,5/20/2017 17:12,17:12,6,0,0,10TH AVENUE 900 BLOCK EAST & OGDEN STREET NORTH,1,1,1,0,1,1,0,,25,0,0,0,0,0,4,2,14
,2017_65621,39.732012,-104.979852,10/3/2017 18:19,18:19,10,0,0,10TH AVENUE EAST & PEARL STREET NORTH,1,3,1,0,1,1,0,,30,0,0,0,0,0,4,2,1
,2017_65622,39.732003,-104.978682,4/25/2017 11:35,11:35,3,0,0,10TH AVENUE EAST & WASHINGTON STREET NORTH,1,1,0,0,1,1,0,,30,0,0,0,0,0,4,2,13
,2017_65623,39.732003,-104.978682,6/28/2017 15:39,15:39,12,0,0,10TH AVENUE EAST & WASHINGTON STREET NORTH,1,1,0,0,1,5,0,,25,0,0,0,0,0,4,2,13
,2017_65624,39.73311,-105.052194,4/5/2017 9:00,9:00,12,0,0,10TH AVENUE 5103 WEST & ZENOBIA STREET NORTH,1,1,0,0,1,3,0,,35,0,0,0,0,0,4,2,14
,2017_65625,39.73370022,-104.973233,1/17/2017 9:20,9:20,6,0,0,11TH AVENUE & 400 BLOCK WEST,5,1,0,0,1,5,0,,25,0,0,0,0,0,4,2,13
,2017_65626,39.733839,-104.987394,4/2/2017 19:51,19:51,3,0,0,11TH AVENUE & 11TH AVENUE 700 BLOCK EAST,1,2,0,0,1,5,0,,25,0,0,0,0,0,4,2,1
,2017_65628,39.733848,-105.0201405,1/20/2017 23:50,23:50,6,0,0,11TH AVENUE WEST & BRYANT STREET NORTH,1,3,1,0,1,1,0,,25,0,0,0,0,0,4,2,3
,2017_65629,39.733686,-104.977602,6/6/2017 16:30,16:30,12,0,1,11TH AVENUE 600 BLOCK & CLARKSON STREET,1,1,0,0,1,4,0,,30,0,0,0,0,2,4,2,3
,2017_65631,39.733686,-104.9741325,1/11/2017 14:35,14:35,3,0,0,11TH AVENUE EAST & CORONA STREET NORTH,1,1,1,7,1,1,0,,80,0,0,0,0,0,4,2,16
,2017_65632,39.733704,-104.972994,1/11/2017 15:30,15:30,1,0,1,11TH AVENUE EAST & DOWNING STREET NORTH,1,1,0,0,1,1,0,,25,0,0,0,1,2,4,2,13
,2017_65633,39.733659,-104.976423,8/27/2017 18:20,18:20,6,0,0,11TH AVENUE EAST & EMERSON STREET NORTH,1,1,0,0,1,4,0,,30,0,0,0,0,0,4,2,5
,2017_65634,39.73383,-104.986161,1/6/2017 0:06,0:06,3,0,0,11TH AVENUE EAST & LINCOLN STREET NORTH,4,3,1,7,1,1,0,,35,0,0,0,0,0,4,2,1
,2017_65635,39.732876,-104.911623,9/11/2017 7:45,7:45,6,0,0,11TH AVENUE 6600 BLOCK EAST & MAGNOLIA STREET NORTH,1,1,0,0,1,4,0,,25,0,0,0,0,1,4,2,10
,2017_65636,39.73365,-104.912811,9/28/2017 12:32,12:32,3,0,0,11TH AVENUE EAST & MONACO STREET NORTH,1,1,0,0,1,1,0,,25,0,0,0,0,1,4,2,13
,2017_65637,39.733623,-104.9941215,7/27/2017 11:07,11:07,3,0,0,11TH AVENUE WB 600 BLOCK WEST & SPEER BOULEVARD NORTH,1,1,0,0,1,1,0,,35,0,0,0,0,0,4,2,14
,2017_65638,39.73284,-104.888223,1/21/2017 13:56,13:56,12,0,0,11TH AVENUE EAST & WILLOW STREET NORTH,1,1,0,7,1,1,0,,30,0,0,0,0,0,4,2,14
,2017_65639,39.735243,-104.9873805,9/2/2017 8:50,8:50,6,0,0,12TH AVENUE EAST & 12TH AVENUE 400 BLOCK EAST,1,1,0,0,1,4,0,,,0,0,0,0,0,4,2,13
,2017_65640,39.7351514,-104.9732032,1/9/2017 8:00,8:00,6,0,0,12TH AVENUE & 400 BLOCK WEST,6,1,0,0,1,4,0,,30,0,0,0,0,0,4,2,13
,2017_65641,39.735243,-104.9873805,4/24/2017 12:00,12:00,6,0,0,12TH AVENUE & 12TH AVENUE 500 BLOCK EAST,1,1,0,0,1,4,0,,,0,0,0,0,0,4,2,13
,2017_65642,39.7351514,-104.9732032,8/19/2017 20:40,20:40,6,0,0,12TH AVENUE & 8800 BLOCK EAST,1,3,1,0,3,3,0,,30,0,0,0,0,0,4,2,1
,2017_65643,39.735243,-104.9873805,8/25/2017 7:15,7:15,12,0,0,12TH AVENUE 0 BLOCK WEST & BROADWAY STREET NORTH,1,1,0,0,1,3,0,,25,0,0,0,0,0,4,2,3
,2017_65644,39.735126,-104.955093,9/7/2017 18:52,18:52,6,0,0,12TH AVENUE 2600 BLOCK EAST & CLAYTON STREET NORTH,1,1,0,0,1,4,0,,25,0,0,0,0,0,4,2,13
,2017_65645,39.734667,-104.935014,1/12/2017 9:16,9:16,15,0,0,12TH AVENUE 4400 BLOCK EAST & CLERMONT STREET NORTH,1,1,0,0,1,4,0,,25,0,0,0,0,0,4,2,13
,2017_65646,39.735153,-104.973003,8/21/2017 10:20,10:20,6,0,0,12TH AVENUE EAST & DOWNING STREET NORTH,1,1,0,0,1,4,0,,35,0,0,0,0,0,4,2,13
,2017_65647,39.716505,-104.980302,9/2/2017 18:00,18:00,6,0,0,PEARL STREET & PEARL STREET 400 BLOCK EAST,1,1,0,0,1,4,0,,,0,0,0,0,0,4,2,13
,2017_65648,39.736845,-104.9873715,6/16/2017 15:00,15:00,6,0,0,13TH AVENUE 0 BLOCK WEST & BROADWAY STREET NORTH,1,1,0,0,1,4,0,,30,0,0,0,0,0,4,2,1
,2017_65649,39.735126,-104.9528925,1/24/2017 21:35,21:35,15,0,0,12TH AVENUE 2900 BLOCK EAST & FILLMORE STREET NORTH,1,3,0,0,1,4,0,,60,0,0,0,0,0,4,2,3
,2017_65650,39.735072,-104.9586525,3/10/2017 11:55,11:55,3,0,0,12TH AVENUE EAST & JOSEPHINE STREET NORTH,1,1,1,0,1,1,0,,25,0,0,0,0,0,4,2,13
,2017_65651,39.735072,-104.9586525,6/9/2017 11:05,11:05,10,0,0,12TH AVENUE EAST & JOSEPHINE NORTH,1,1,0,0,1,1,0,,30,0,0,0,0,0,4,2,7
,2017_65652,39.735072,-104.9586525,7/26/2017 14:43,14:43,3,0,0,12TH AVENUE 2200 BLOCK EAST & JOSEPHINE STREET NORTH,1,1,0,0,1,5,0,,25,0,0,0,0,0,4,2,13
,2017_65653,39.735099,-104.9161545,8/1/2017 17:00,17:00,6,0,0,12TH AVENUE EAST & KRAMERIA STREET NORTH,1,1,0,0,1,4,0,,25,0,0,0,0,0,4,2,3