id,drcog_id,latitude,longitude,crashtime,time,crashtype,numbkilled,numbinjurd,drcoglocat,rdconditin,lightngcon,roadcntgrd,weatherco,location,roaddescrp,constrzone,schoolzone,splimit,bikeinv,pedinv,sctrinv,motoinv,svrty,rdsystem,ttlvehcls,hcf
,2017_65794,39.743928,-105.0299325,1/11/2017 15:31,15:31,3,0,0,17TH AVENUE WEST & IRVING STREET NORTH,1,1,1,7,1,1,0,,30,0,0,0,0,0,4,2,16
,2017_65795,39.743415,-104.95926,3/30/2017 7:28,7:28,15,0,0,17TH AVENUE EAST & JOSEPHINE STREET NORTH,1,1,0,0,1,1,0,,30,0,0,0,0,0,4,2,13
,2017_65796,39.743415,-104.95926,4/22/2017 1:02,1:02,3,0,0,17TH AVENUE EAST & JOSEPHINE STREET NORTH,1,3,0,0,1,1,0,,,0,0,0,0,0,4,3,13
,2017_65797,39.743244,-104.986107,7/28/2017 0:49,0:49,3,0,0,17TH AVENUE EAST & LINCOLN STREET NORTH,1,3,1,0,1,1,0,,30,0,0,0,0,0,4,2,13
,2017_65798,39.743388,-104.913963,9/21/2017 15:00,15:00,10,0,0,17TH AVENUE EAST & LOCUST STREET NORTH,1,1,0,0,1,1,0,,30,0,0,0,0,0,4,2,12
,2017_65799,39.743253,-104.9823225,1/7/2017 9:26,9:26,10,0,0,17TH AVENUE EAST & LOGAN STREET NORTH,2,1,0,0,1,1,0,,25,0,0,0,0,0,4,2,13
,2017_65800,39.743757,-104.90814,8/4/2017 12:38,12:38,10,0,0,17TH AVENUE EAST & ONEIDA STREET NORTH,1,1,0,0,1,1,0,,30,0,0,0,0,0,4,2,7
,2017_65801,39.743244,-104.9798925,4/20/2017 17:20,17:20,1,0,0,17TH AVENUE EAST & PEARL STREET NORTH,2,1,0,1,1,1,0,,30,0,0,0,0,1,4,2,13
,2017_65802,39.743244,-104.9798925,8/28/2017 12:12,12:12,3,0,0,17TH AVENUE EAST & PEARL STREET NORTH,1,1,0,0,1,1,0,,30,0,0,0,0,0,4,2,13
,2017_65803,39.743244,-104.9798925,9/28/2017 7:56,7:56,15,0,0,17TH AVENUE 500 BLOCK EAST & PEARL STREET NORTH,2,1,0,1,1,4,0,,30,0,0,0,0,0,4,2,3
,2017_65804,39.743253,-104.981103,4/8/2017 11:00,11:00,12,0,0,17TH AVENUE EAST & PENNSYLVANIA STREET NORTH,1,1,0,0,1,3,0,,30,0,0,0,0,0,4,2,13
,2017_65805,39.743775,-104.902263,1/19/2017 17:53,17:53,3,0,0,17TH AVENUE EAST & QUINCE STREET NORTH,1,4,0,7,1,1,0,,25,0,0,0,0,0,4,2,16
,2017_65806,39.743235,-104.9848425,1/2/2017 12:58,12:58,15,0,0,17TH AVENUE EAST & SHERMAN STREET NORTH,1,1,1,0,1,4,0,,30,0,0,0,0,0,4,2,7
,2017_65807,39.743235,-104.9848425,4/3/2017 15:30,15:30,15,0,0,17TH AVENUE EAST & SHERMAN STREET NORTH,1,1,0,0,1,1,0,,30,0,0,0,0,0,4,2,8
,2017_65808,39.743775,-104.8963815,7/21/2017 9:20,9:20,3,0,0,17TH AVENUE 7900 BLOCK EAST & TRENTON STREET NORTH,1,1,0,0,1,3,0,,30,0,0,0,0,0,4,2,13
,2017_65809,39.743784,-104.89401,8/16/2017 13:30,13:30,3,0,1,17TH AVENUE EAST & ULSTER STREET,1,1,0,0,1,1,0,,25,0,0,0,0,2,4,2,13
,2017_65810,39.743775,-104.8905,1/23/2017 8:05,8:05,3,0,0,17TH AVENUE EAST & VERBENA STREET NORTH,1,1,0,0,1,1,0,,25,0,0,0,0,1,4,3,7
,2017_65811,39.754854,-105.051015,4/24/2017 7:35,7:35,5,0,0,26TH AVENUE WEST & YATES STREET NORTH,1,1,0,0,3,1,0,,,0,0,0,0,0,4,1,13
,2017_65812,39.743244,-104.9598315,3/11/2017 8:50,8:50,3,0,0,17TH AVENUE EAST & YORK STREET NORTH,2,1,0,0,1,1,0,,30,0,0,0,0,0,4,2,13
,2017_65813,39.743244,-104.9598315,5/31/2017 15:45,15:45,15,0,0,17TH AVENUE EAST & YORK STREET NORTH,1,1,0,0,1,3,0,,30,0,0,0,0,0,4,2,13
,2017_65814,39.74513662,-105.0296849,1/25/2017 12:15,12:15,15,0,0,18TH AVENUE & 1800 BLOCK EAST,1,1,0,0,1,3,0,,30,0,0,0,0,0,4,2,13
,2017_65815,39.802923,-104.8829625,6/4/2017 14:30,14:30,6,0,0,ALTON STREET & 58TH DRIVE,1,1,0,0,1,4,0,,25,0,0,0,0,0,4,2,13
,2017_65816,39.74513662,-105.0296849,9/1/2017 16:13,16:13,15,0,0,18TH AVENUE & 2100 BLOCK EAST,1,1,0,0,1,4,0,,30,0,0,0,0,0,4,2,13
,2017_65817,39.744855,-104.987394,1/13/2017 15:00,15:00,15,0,0,18TH AVENUE EAST & BROADWAY STREET NORTH,1,1,1,0,1,3,0,,30,0,0,0,0,0,4,2,13
,2017_65818,39.744855,-104.987394,8/16/2017 12:42,12:42,15,0,0,18TH AVENUE EAST & BROADWAY STREET NORTH,1,1,0,0,1,1,0,,30,0,0,0,0,0,4,2,8
,2017_65819,39.751065,-104.9199345,6/7/2017 0:22,0:22,5,0,0,23RD AVENUE 5900 BLOCK EAST & IVY STREET NORTH,1,3,0,0,3,4,0,,35,0,0,0,0,0,4,1,2
,2017_65820,39.744846,-104.9734035,9/17/2017 18:30,18:30,12,0,0,18TH AVENUE EAST & DOWNING STREET NORTH,1,1,0,0,1,4,0,,,0,0,0,0,1,4,2,13
,2017_65821,39.744837,-104.976144,1/3/2017 10:17,10:17,1,0,0,18TH AVENUE EAST & EMERSON STREET NORTH,1,1,0,0,1,1,0,,30,0,0,0,0,0,4,2,7
,2017_65822,39.74481,-104.9610015,3/31/2017 14:00,14:00,3,0,0,18TH AVENUE EAST & GAYLORD STREET NORTH,2,1,0,1,1,1,0,,30,0,0,0,0,0,4,2,13
,2017_65823,39.74481,-104.9610015,8/13/2017 13:00,13:00,10,0,0,18TH AVENUE EAST & GAYLORD STREET NORTH,1,1,0,0,1,1,0,,30,0,0,0,0,0,4,2,13
,2017_65824,39.744828,-104.967225,1/22/2017 10:21,10:21,15,0,0,18TH AVENUE EAST & GILPIN STREET NORTH,1,1,0,7,1,4,0,,30,0,0,0,0,0,4,2,8
,2017_65825,39.744828,-104.9708925,9/22/2017 11:24,11:24,10,0,0,18TH AVENUE EAST & LAFAYETTE STREET NORTH,1,1,0,0,1,1,0,,30,0,0,0,0,0,4,2,13
,2017_65826,39.744819,-104.9823765,5/17/2017 23:14,23:14,3,0,0,18TH AVENUE EAST & LOGAN STREET NORTH,2,3,1,1,1,1,0,,30,0,0,0,0,0,4,2,5
,2017_65827,39.744819,-104.9721435,1/6/2017 11:39,11:39,1,0,0,18TH AVENUE EAST & MARION STREET NORTH,1,1,1,7,1,1,0,,30,0,0,0,0,0,4,2,16
,2017_65828,39.744819,-104.963463,6/7/2017 13:49,13:49,10,0,0,18TH AVENUE EAST & RACE STREET NORTH,1,1,0,0,1,1,0,,30,0,0,0,0,0,4,2,8
,2017_65829,39.744819,-104.965992,2/28/2017 16:29,16:29,3,0,0,18TH AVENUE EAST & WILLIAMS STREET NORTH,1,1,0,0,1,1,0,,25,0,0,0,0,0,4,2,13
,2017_65830,39.74616,-104.987385,9/8/2017 9:55,9:55,15,0,0,19TH AVENUE 000 BLOCK EAST & BROADWAY STREET,1,1,1,0,1,4,0,,30,0,0,0,0,0,4,2,13
,2017_65831,39.746169,-104.9775435,1/13/2017 7:58,7:58,3,0,0,19TH AVENUE EAST & CLARKSON STREET NORTH,1,1,1,0,1,1,0,,30,0,0,0,0,0,4,2,13
,2017_65832,39.745629,-104.925816,1/6/2017 14:54,14:54,5,0,0,19TH AVENUE EAST & GLENCOE STREET NORTH,5,1,0,0,3,1,0,,25,0,0,0,0,0,4,1,13
,2017_65833,39.74636217,-105.0302819,6/28/2017 18:42,18:42,3,0,0,19TH AVENUE WEST & KNOX COURT NORTH,1,1,0,0,1,3,0,,30,0,0,0,0,0,4,2,3
,2017_65834,39.746187,-104.981085,9/15/2017 13:20,13:20,3,0,0,19TH AVENUE 400 EAST & PENNSYLVANIA STREET,1,1,0,0,1,5,0,,25,0,0,0,0,0,4,2,13
,2017_65835,39.74562,-104.9034825,3/20/2017 15:15,15:15,3,0,0,19TH AVENUE EAST & QUEBEC STREET NORTH,1,1,0,0,1,1,0,,30,0,0,0,0,0,4,2,3
,2017_65836,39.754692,-104.9973525,4/24/2017 21:47,21:47,6,0,0,19TH STREET & WYNKOOP STREET,1,3,0,0,1,1,0,,25,0,0,0,0,0,4,2,13
,2017_65837,39.74752187,-104.9872997,5/27/2017 13:00,13:00,15,0,0,20TH AVENUE EAST & BROADWAY NORTH,1,1,1,0,1,3,0,,30,0,0,0,0,0,4,2,13
,2017_65838,39.747501,-104.9861115,9/5/2017 13:35,13:35,3,0,0,20TH AVENUE EAST & LINCOLN STREET NORTH,1,1,0,1,1,1,0,,35,0,0,0,0,0,4,2,8
,2017_65839,39.747564,-105.034581,1/5/2017 11:27,11:27,3,0,0,20TH AVENUE WEST & LOWELL BOULEVARD NORTH,4,1,1,2,1,1,0,,25,0,0,0,0,0,4,2,16
,2017_65840,39.7485495,-104.894532,2/2/2017 10:15,10:15,12,0,0,21ST AVENUE & 1600 BLOCK EAST,5,1,1,0,1,4,0,,30,0,0,0,0,0,4,2,13
,2017_65841,39.748194,-104.968413,8/14/2017 15:22,15:22,6,0,0,21ST AVENUE 1700 BLOCK EAST & FRANKLIN STREET NORTH,1,1,0,0,1,4,0,,30,0,0,0,1,0,4,2,13
,2017_65842,39.748203,-104.964714,1/21/2017 14:30,14:30,15,0,0,21ST AVENUE EAST & HIGH STREET NORTH,1,1,0,0,1,4,0,,60,0,0,0,0,0,4,2,13
,2017_65843,39.748203,-104.9634315,3/18/2017 17:14,17:14,15,0,0,21ST AVENUE EAST & RACE STREET NORTH,1,1,0,0,1,1,0,,35,0,0,0,0,1,4,2,8
,2017_65844,39.750012,-105.020505,3/27/2017 15:16,15:16,3,0,0,22ND AVENUE WEST & CLAY STREET NORTH,1,1,0,0,1,1,0,,25,0,0,0,0,0,4,2,13
,2017_65845,39.749445,-104.9721435,4/25/2017 16:03,16:03,3,0,0,22ND AVENUE EAST & MARION STREET NORTH,1,1,0,0,1,1,0,,25,0,0,0,0,0,4,2,6
,2017_65846,39.75705,-104.992893,8/6/2017 13:45,13:45,10,0,0,22ND AVENUE & WAZEE STREET,1,1,0,0,1,1,0,,35,0,0,0,0,0,4,2,13
,2017_65847,39.7510065,-104.8982423,8/3/2017 9:12,9:12,12,0,0,23RD AVENUE WB & 3700 BLOCK EAST,1,1,0,0,1,4,0,,30,0,0,0,0,0,4,2,3
,2017_65848,39.75127243,-105.0175991,3/2/2017 14:58,14:58,1,0,0,23RD AVENUE WEST & ALCOTT STREET NORTH,1,1,0,0,1,1,0,,30,0,0,0,0,0,4,2,1
,2017_65849,39.765735,-105.0449445,8/12/2017 0:12,0:12,6,0,0,35TH AVENUE WEST & UTICA STREET NORTH,1,3,0,0,1,4,0,,25,0,0,0,0,0,4,3,5
,2017_65850,39.7512,-105.0191865,1/15/2017 4:16,4:16,6,0,0,23RD AVENUE WEST & BRYANT STREET NORTH,1,3,0,0,1,4,0,,30,0,0,0,0,0,4,2,5
,2017_65851,39.751038,-104.933943,8/24/2017 16:12,16:12,3,0,0,23RD AVENUE EAST & CHERRY STREET NORTH,1,1,0,0,1,1,0,,30,0,0,0,0,0,4,2,13
,2017_65852,39.750732,-104.976963,1/24/2017 15:32,15:32,3,0,0,23RD AVENUE EAST & CLARKSON STREET,1,1,0,7,1,1,0,,25,0,0,0,0,1,4,2,3
,2017_65853,39.750732,-104.976963,3/7/2017 7:10,7:10,3,0,0,23RD AVENUE EAST & CLARKSON STREET NORTH,1,1,0,0,1,1,0,,25,0,0,0,0,0,4,2,7
,2017_65854,39.750714,-104.973354,6/13/2017 10:56,10:56,6,0,0,23RD AVENUE EAST & DOWNING STREET NORTH,1,1,0,0,1,4,0,,,0,0,0,0,0,4,2,13
,2017_65855,39.7512,-105.023601,1/29/2017 8:09,8:09,3,0,0,23RD AVENUE WEST & ELIOT STREET NORTH,1,1,0,0,1,1,0,,25,0,0,0,0,0,4,2,13
,2017_65856,39.754818,-105.020514,1/20/2017 7:36,7:36,6,0,0,26TH AVENUE EAST 2700 BLOCK WEST & CLAY STREET NORTH,1,1,0,0,1,4,0,,25,0,0,0,0,0,4,2,14
,2017_65857,39.751209,-105.025284,3/17/2017 16:00,16:00,3,0,0,23RD AVENUE 2900 BLOCK WEST & FEDERAL BOULEVARD NORTH,1,1,0,0,1,5,0,,25,0,0,0,0,0,4,2,13
,2017_65858,39.751056,-104.9234535,6/9/2017 7:22,7:22,1,0,0,23RD AVENUE EAST & HUDSON STREET NORTH,1,1,0,0,1,1,0,,25,0,0,0,0,0,4,2,14
,2017_65859,39.7512,-105.0299325,3/22/2017 20:53,20:53,3,0,0,23RD AVENUE WEST & IRVING STREET NORTH,1,3,0,0,1,1,0,,25,0,0,0,0,0,4,2,12
,2017_65860,39.750696,-104.959773,1/31/2017 12:14,12:14,12,0,0,23RD AVENUE EAST & YORK STREET NORTH,1,1,0,7,1,3,0,,30,0,0,0,0,0,4,2,16
,2017_65861,39.75174,-104.895072,7/17/2017 12:00,12:00,6,0,0,24TH AVENUE & 1032 EAST 24TH AVENUE,1,3,0,0,1,4,0,,25,0,0,0,0,0,4,3,13
,2017_65862,39.752406,-105.0299415,2/28/2017 8:43,8:43,15,0,0,24TH AVENUE WEST & IRVING STREET,1,1,0,0,1,1,0,,30,0,0,0,0,0,4,2,14
,2017_65863,39.752739,-104.899032,1/16/2017 6:08,6:08,5,0,0,24TH AVENUE EAST & SYRACUSE STREET NORTH,4,2,0,2,2,4,0,,25,0,0,0,0,0,4,1,16
,2017_65864,39.751983,-104.978142,3/17/2017 0:34,0:34,1,0,0,24TH AVENUE EAST & WASHINGTON STREET NORTH,1,3,0,0,1,1,0,,25,0,0,0,0,1,4,2,1
,2017_65865,39.75346997,-104.8971513,3/31/2017 18:36,18:36,3,0,0,25TH AVENUE & 700 BLOCK EAST,2,1,0,0,1,5,0,,15,0,0,0,0,0,4,2,13
,2017_65866,39.753234,-104.973372,3/9/2017 8:12,8:12,15,0,0,25TH AVENUE 1200 BLOCK EAST & DOWNING STREET NORTH,1,1,0,0,1,4,0,,25,0,0,0,0,0,4,2,13
,2017_65867,39.752865,-104.92227,3/3/2017 16:00,16:00,6,0,0,25TH AVENUE EAST & HOLLY STREET NORTH,1,1,0,0,1,4,0,,25,0,0,0,0,0,4,2,1
,2017_65868,39.769389,-105.0488235,8/29/2017 18:00,18:00,6,0,0,38TH AVENUE WEST & WOLFF STREET NORTH,1,3,0,0,1,4,0,,,0,0,0,0,0,4,2,13
,2017_65869,39.7546748,-104.8948031,3/27/2017 17:06,17:06,12,0,0,26TH AVENUE & 3600 BLOCK WEST,1,1,1,0,1,4,0,,30,0,0,0,0,1,4,3,13
,2017_65870,39.624219,-104.8898565,7/27/2017 23:59,23:59,5,0,0,BELLEVIEW AVENUE EAST & DTC BOULEVARD SOUTH,2,3,0,1,3,1,0,,30,0,0,0,0,0,4,1,1
,2017_65871,39.754818,-105.020514,4/9/2017 12:46,12:46,6,0,0,26TH AVENUE WEST & CLAY STREET NORTH,1,1,0,0,1,4,0,,25,0,0,0,0,0,4,2,3
,2017_65872,39.754818,-105.020514,7/25/2017 8:12,8:12,6,0,0,26TH AVENUE 2700 BLOCK WEST & CLAY STREET NORTH,1,1,0,0,1,4,0,,25,0,0,0,0,0,4,2,14
,2017_65873,39.754818,-105.020514,8/26/2017 18:18,18:18,3,0,0,26TH AVENUE WEST & CLAY STREET NORTH,1,1,0,0,1,1,0,,25,0,0,0,0,0,4,2,8
,2017_65874,39.754449,-104.957343,1/27/2017 7:55,7:55,12,0,0,26TH AVENUE EAST & COLUMBINE STREET NORTH,1,1,0,7,1,4,0,,30,0,0,0,0,1,4,2,3
,2017_65875,39.754476,-104.964714,1/11/2017 20:21,20:21,6,0,0,26TH AVENUE 1800 BLOCK EAST & HIGH STREET NORTH,1,3,0,0,1,4,0,,25,0,0,0,0,0,4,2,13
,2017_65876,39.754755,-104.861313,8/19/2017 17:59,17:59,6,0,0,26TH AVENUE 11000 BLOCK EAST & JOLIET STREET EAST,1,1,0,0,1,4,0,,30,0,0,0,0,0,4,4,7
,2017_65877,39.754854,-105.034626,4/6/2017 18:31,18:31,6,0,0,26TH AVENUE 3500 BLOCK WEST & LOWELL BOULEVARD NORTH,1,1,0,0,1,4,0,,,0,0,0,0,0,4,2,13
,2017_65878,39.754854,-105.034626,9/1/2017 18:01,18:01,3,0,0,26TH AVENUE WEST & LOWELL BOULEVARD NORTH,1,1,1,0,1,1,0,,25,0,0,0,0,0,4,2,14
,2017_65879,39.754629,-104.974533,4/11/2017 7:21,7:21,6,0,0,26TH AVENUE EAST & OGDEN STREET NORTH,1,1,0,0,1,4,0,,25,0,0,0,0,0,4,2,13
,2017_65880,39.754719,-104.908122,3/21/2017 7:54,7:54,3,0,0,26TH AVENUE EAST & ONEIDA STREET NORTH,1,1,0,0,1,1,0,,30,0,0,0,0,0,4,2,8
,2017_65881,39.754728,-104.9034015,3/21/2017 7:50,7:50,6,0,0,26TH AVENUE 7400 BLOCK EAST & QUEBEC STREET NORTH,1,1,0,0,1,4,0,,25,0,0,0,0,0,4,2,3
,2017_65882,39.754476,-104.965956,1/31/2017 8:31,8:31,12,0,0,26TH AVENUE EAST & WILLIAMS STREET NORTH,1,1,0,0,1,3,0,,30,0,0,0,0,0,4,2,3
,2017_65883,39.75822,-104.957334,1/31/2017 8:06,8:06,6,0,0,29TH AVENUE 2500 BLOCK EAST & COLUMBINE STREET NORTH,1,1,0,0,1,4,0,,25,0,0,0,0,0,4,2,13
,2017_65884,39.758265,-104.964714,4/14/2017 21:20,21:20,6,0,0,29TH AVENUE EAST & HIGH STREET NORTH,1,4,0,0,1,4,0,,25,0,0,0,0,0,4,3,5
,2017_65885,39.758499,-105.034617,8/6/2017 12:57,12:57,12,0,0,29TH AVENUE WEST & LOWELL BOULEVARD NORTH,1,1,1,0,1,4,0,,,0,0,0,0,1,4,2,13
,2017_65886,39.757698,-104.9005125,3/24/2017 11:15,11:15,15,0,0,29TH AVENUE 7400 BLOCK EAST & ROSLYN STREET NORTH,1,1,0,0,1,4,0,,15,0,0,0,0,0,4,2,13
,2017_65887,39.760299,-105.044004,8/12/2017 16:40,16:40,15,0,0,30TH AVENUE WEST & TENNYSON STREET NORTH,1,1,0,0,1,4,0,,25,0,0,0,0,0,4,3,13
,2017_65888,39.75948,-104.959782,8/6/2017 15:00,15:00,12,0,0,30TH AVENUE EAST & YORK STREET NORTH,1,1,0,0,1,1,0,,,0,0,0,0,0,4,2,13
,2017_65889,39.75948,-104.959782,9/21/2017 17:29,17:29,1,0,0,30TH AVENUE EAST & YORK STREET NORTH,1,1,0,0,1,1,0,,35,0,0,0,0,1,4,2,14
,2017_65890,39.760758,-104.9733405,3/19/2017 7:42,7:42,5,0,0,31ST AVENUE EAST & DOWNING STREET NORTH,1,1,0,0,2,5,0,,10,0,0,0,0,0,4,1,5
,2017_65891,39.760758,-104.9733405,6/27/2017 23:30,23:30,15,0,0,31ST AVENUE EAST & DOWNING STREET NORTH,1,3,0,0,1,4,0,,,0,0,0,0,0,4,2,14
,2017_65892,39.76083,-105.0268635,8/18/2017 18:35,18:35,6,0,0,31ST AVENUE 3100 BLOCK WEST & GROVE STREET NORTH,1,2,0,0,1,3,0,,25,0,0,0,0,0,4,2,5
,2017_65893,39.76074,-104.964732,6/2/2017 17:08,17:08,15,0,0,31ST AVENUE EAST & HIGH STREET NORTH,2,1,0,1,1,1,0,,35,0,0,0,0,0,4,2,14
,2017_65894,39.76074,-104.964732,6/12/2017 10:55,10:55,6,0,0,31ST AVENUE 1800 BLOCK EAST & HIGH STREET,1,1,0,0,1,4,0,,30,0,0,0,0,0,4,3,3
,2017_65896,39.760749,-104.9708925,6/15/2017 14:09,14:09,6,0,0,31ST AVENUE EAST & LAFAYETTE STREET NORTH,1,1,0,0,1,4,0,,40,0,0,0,0,0,4,3,1
,2017_65897,39.76074,-104.96223,1/4/2017 13:02,13:02,6,0,0,31ST AVENUE 2000 BLOCK EAST & VINE STREET NORTH,4,1,0,2,1,4,0,,30,0,0,0,0,0,4,2,1
,2017_65899,39.760749,-104.959782,4/4/2017 8:37,8:37,10,0,0,31ST AVENUE EAST & YORK STREET NORTH,2,1,0,2,1,1,0,,30,0,0,0,0,0,4,3,13
,2017_65900,39.76210062,-105.0503468,1/6/2017 11:37,11:37,12,0,0,32ND AVENUE WEST & 4000 BLOCK EAST,4,1,1,0,1,4,0,,35,0,0,0,0,0,4,2,7
,2017_65901,39.76352666,-104.8724068,2/3/2017 13:33,13:33,12,0,0,32ND AVENUE & 4400 BLOCK WEST,1,1,1,0,1,4,0,,30,0,0,0,0,0,4,2,3
,2017_65902,39.762108,-105.032241,2/23/2017 15:57,15:57,6,0,0,32ND AVENUE 3400 BLOCK WEST & JULIAN STREET NORTH,2,1,1,2,1,4,0,,30,0,0,0,0,0,4,2,13
,2017_65903,39.762108,-105.032241,8/28/2017 18:14,18:14,6,0,0,32ND AVENUE WEST & JULIAN STREET NORTH,1,1,0,0,1,4,0,,30,0,0,0,0,0,4,2,13
,2017_65904,39.762108,-105.044013,7/23/2017 11:00,11:00,6,0,0,32ND AVENUE 4300 BLOCK WEST & TENNYSON STREET NORTH,1,1,0,0,1,4,0,,25,0,0,0,0,0,4,2,9
,2017_65905,39.762108,-105.044013,7/23/2017 11:05,11:05,15,0,0,32ND AVENUE 4300 BLOCK WEST & TENNYSON STREET NORTH,1,1,0,0,1,4,0,,30,0,0,0,0,0,4,2,9
,2017_65906,39.762108,-105.044922,8/25/2017 17:53,17:53,15,0,0,32ND AVENUE WEST & UTICA STREET NORTH,1,1,0,0,1,4,0,,30,0,0,0,0,0,4,3,7
,2017_65907,39.762108,-105.046866,1/14/2017 11:03,11:03,3,0,0,32ND AVENUE WEST & VRAIN STREET NORTH,1,5,1,0,1,1,0,,25,0,0,0,0,0,4,2,1
,2017_65908,39.762018,-105.014457,6/16/2017 18:30,18:30,6,0,0,32ND AVENUE WEST & WYANDOT STREET NORTH,1,1,0,0,1,1,0,,30,0,0,0,0,0,4,2,13
,2017_65909,39.762018,-105.014457,6/27/2017 15:37,15:37,3,0,0,32ND AVENUE WEST & WYANDOT STREET NORTH,1,1,0,0,1,3,0,,25,0,0,0,0,0,4,2,13
,2017_65910,39.762018,-105.014457,8/14/2017 16:42,16:42,6,0,0,32ND AVENUE WEST & WYANDOT STREET NORTH,1,1,0,0,1,1,0,,30,0,0,0,0,0,4,2,13
,2017_65911,39.763224,-105.0251715,7/28/2017 8:51,8:51,3,0,0,33RD AVENUE 2900 BLOCK WEST & FEDERAL BOULEVARD NORTH,1,1,0,0,1,2,0,,25,0,0,0,0,0,4,2,13
,2017_65912,39.76326,-104.969691,8/31/2017 8:23,8:23,15,0,0,33RD AVENUE 1400 BLOCK EAST & HUMBOLDT STREET NORTH,1,1,0,0,1,4,0,,25,0,0,0,0,0,4,2,13
,2017_65913,39.763908,-105.034644,3/24/2017 16:45,16:45,3,0,0,33RD AVENUE WEST & LOWELL BOULEVARD NORTH,1,1,1,0,1,1,0,,25,0,0,0,0,0,4,2,13
,2017_65914,39.763224,-105.004134,5/20/2017 22:00,22:00,6,0,0,33RD AVENUE WEST & NAVAJO STREET NORTH,1,3,0,0,1,4,0,,25,0,0,0,0,0,4,2,14
,2017_65915,39.763224,-105.004134,6/7/2017 13:55,13:55,6,0,0,33RD AVENUE 1300 BLOCK WEST & NAVAJO STREET NORTH,1,1,1,0,1,4,0,,25,0,0,0,0,0,4,2,13
,2017_65916,39.763242,-105.006474,8/22/2017 5:59,5:59,6,0,0,33RD AVENUE 1700 BLOCK WEST & PECOS STREET NORTH,1,2,1,0,1,4,0,,25,0,0,0,0,0,4,2,3
,2017_65917,39.763908,-105.044004,8/15/2017 12:47,12:47,3,0,0,33RD AVENUE WEST & TENNYSON STREET NORTH,1,1,1,0,1,1,0,,,0,0,0,0,0,4,2,13
,2017_65918,39.763233,-105.012783,6/23/2017 18:19,18:19,6,0,0,33RD AVENUE 2200 BLOCK WEST & VALLEJO STREET NORTH,1,1,0,0,1,3,0,,20,0,0,0,0,1,4,3,1
,2017_65919,39.765627,-105.014367,6/30/2017 4:00,4:00,6,0,0,35TH AVENUE WB 2227 WEST & WYANDOT STREET,1,3,0,0,1,4,0,,25,0,0,0,0,0,4,2,14
,2017_65920,39.763233,-104.9659335,1/16/2017 17:07,17:07,3,0,0,33RD AVENUE EAST & WILLIAMS STREET NORTH,4,3,0,7,1,1,0,,25,0,0,0,0,0,4,2,16
,2017_65921,39.764412,-105.004134,1/8/2017 18:32,18:32,6,0,0,34TH AVENUE WEST & NAVAJO STREET NORTH,5,3,1,0,1,4,0,,30,0,0,0,0,0,4,2,1
,2017_65922,39.76507521,-104.8781931,3/7/2017 8:20,8:20,3,0,0,35TH AVENUE  & 1500 BLOCK EAST,1,1,0,0,1,5,0,,45,0,0,0,0,0,4,2,7
,2017_65923,39.7656,-104.9318235,6/3/2017 18:27,18:27,3,0,1,35TH AVENUE EAST & DAHLIA STREET NORTH,1,1,0,0,1,1,0,,25,0,0,0,0,2,4,2,14
,2017_65924,39.765618,-105.0299145,9/27/2017 15:19,15:19,3,0,0,35TH AVENUE WEST & IRVING STREET NORTH,1,1,1,0,1,1,0,,,0,0,0,0,0,4,2,13
,2017_65925,39.765762,-104.9708745,8/4/2017 19:23,19:23,6,0,0,35TH AVENUE 1300 BLOCK EAST & LAFAYETTE STREET NORTH,1,2,0,0,1,4,0,,25,0,0,0,0,0,4,2,5
,2017_65926,39.765645,-104.910597,1/18/2017 7:56,7:56,3,0,0,35TH AVENUE EAST & NIAGARA STREET NORTH,1,1,0,0,1,1,0,,25,0,0,0,0,0,4,2,13
,2017_65927,39.765636,-104.9034645,1/16/2017 5:55,5:55,12,0,0,35TH AVENUE EAST & QUEBEC STREET NORTH,4,3,0,2,1,1,0,,40,0,0,0,0,0,4,2,16
,2017_65928,39.765636,-104.9034645,2/3/2017 12:05,12:05,5,0,0,35TH AVENUE EAST & QUEBEC STREET NORTH,1,5,1,4,3,1,0,,25,0,0,0,0,0,4,2,13
,2017_65929,39.765636,-104.9034645,4/1/2017 15:55,15:55,15,0,0,35TH AVENUE EAST & QUEBEC STREET NORTH,2,1,0,1,1,4,0,,25,0,0,0,0,0,4,2,13
,2017_65930,39.765636,-104.9034645,4/6/2017 16:16,16:16,15,0,0,35TH AVENUE EAST & QUEBEC STREET NORTH,1,1,0,0,1,1,0,,30,0,0,0,0,0,4,2,13
,2017_65931,39.767382,-104.90346,10/3/2017 17:29,17:29,10,0,0,36TH AVENUE EAST & QUEBEC STREET NORTH,1,1,0,0,1,1,0,,30,0,0,0,0,0,4,2,13
,2017_65932,39.768147,-104.9696325,1/7/2017 18:20,18:20,6,0,0,37TH AVENUE EAST & HUMBOLDT STREET NORTH,5,3,0,0,1,4,0,,25,0,0,0,0,0,4,1,14
,2017_65933,39.76733118,-104.8896186,7/16/2017 18:09,18:09,3,0,0,36TH AVENUE & 7900 BLOCK EAST,1,1,0,0,1,1,0,,35,0,0,0,0,0,4,2,13