id,drcog_id,latitude,longitude,crashtime,time,crashtype,numbkilled,numbinjurd,drcoglocat,rdconditin,lightngcon,roadcntgrd,weatherco,location,roaddescrp,constrzone,schoolzone,splimit,bikeinv,pedinv,sctrinv,motoinv,svrty,rdsystem,ttlvehcls,hcf
,2017_66077,39.798396,-104.786415,1/8/2017 14:18,14:18,3,0,0,56TH AVENUE EAST & PENA BOULEVARD,1,1,0,0,1,1,0,,35,0,0,0,0,0,4,2,7
,2017_66078,39.798396,-104.786415,1/16/2017 4:45,4:45,3,0,0,56TH AVENUE & PENA BOULEVARD,10,3,0,2,1,1,0,,10,0,0,0,0,0,4,2,14
,2017_66079,39.798162,-104.84235,1/30/2017 7:45,7:45,12,0,0,56TH AVENUE EAST & REVERE STREET NORTH,1,1,0,7,1,1,0,,40,0,0,0,0,0,4,2,16
,2017_66080,39.798234,-104.7721815,6/14/2017 20:02,20:02,12,0,0,56TH AVENUE EAST & TOWER ROAD NORTH,1,3,1,0,1,3,0,,45,0,0,0,0,0,4,2,13
,2017_66081,39.798126,-104.838741,1/30/2017 3:00,3:00,5,0,0,56TH AVENUE EAST & TUCSON STREET NORTH,1,3,0,7,3,4,0,,35,0,0,0,0,1,4,1,2
,2017_66082,39.79804384,-104.8920815,1/8/2017 5:38,5:38,5,0,0,56TH AVENUE EAST & VALENTIA STREET NORTH,5,3,0,7,3,4,0,,45,0,0,0,0,0,4,1,14
,2017_66083,39.798063,-104.83074,1/17/2017 13:40,13:40,12,0,0,56TH AVENUE EAST & WORCHESTER STREET NORTH,1,1,0,7,1,4,0,,40,0,0,0,0,0,4,3,14
,2017_66084,39.812877,-104.772213,7/31/2017 6:40,6:40,3,0,0,64TH AVENUE EAST & TOWER ROAD NORTH,1,1,0,0,1,1,0,,25,0,0,0,0,0,4,2,13
,2017_66085,39.821868,-104.772033,1/5/2017 16:38,16:38,1,0,0,69TH AVENUE EAST & TOWER ROAD NORTH,4,2,0,7,1,1,0,,10,0,0,0,0,0,4,2,16
,2017_66086,39.821868,-104.772033,7/22/2017 21:59,21:59,3,0,0,69TH AVENUE EAST & TOWER ROAD NORTH,1,3,0,0,1,1,0,,40,0,0,0,0,1,4,2,13
,2017_66087,39.780324,-104.8098645,1/17/2017 18:08,18:08,5,0,0,CHAMBERS ROAD NORTH & BOLLING DRIVE EAST EAST,1,3,0,7,2,4,0,,40,0,0,0,0,1,4,1,5
,2017_66088,39.824604,-104.677974,9/27/2017 19:17,19:17,10,0,1,71ST AVENUE 26499 BLOCK EAST & POWHATON STREET,1,3,0,0,1,4,0,,45,0,0,0,0,2,4,2,12
,2017_66089,39.824568,-104.673411,8/24/2017 20:02,20:02,12,0,0,71ST AVENUE 26800 BLOCK EAST & ROBERTSDALE STREET,1,2,0,0,5,4,0,,45,0,0,0,0,0,3,2,1
,2017_66090,39.832011,-104.71554,7/30/2017 20:50,20:50,15,0,0,75TH AVENUE EAST & GUN CLUB NORTH,1,3,0,0,1,1,0,,45,0,0,0,0,0,4,2,13
,2017_66091,39.832011,-104.71554,8/1/2017 5:20,5:20,5,0,1,75TH AVENUE EAST & GUN CLUB ROAD NORTH,1,2,0,0,2,1,0,,35,0,0,0,1,2,4,1,7
,2017_66092,39.77667664,-104.8451997,9/28/2017 12:40,12:40,10,0,0,78TH AVENUE 22700 BLOCK EAST & 44TH AVENUE EAST,1,1,0,0,1,4,0,,45,0,0,0,0,1,4,2,8
,2017_66093,39.837969,-104.6928825,2/2/2017 3:55,3:55,15,0,0,JACKSON GAP STREET & 78TH AVENUE EAST,5,3,0,2,1,1,0,,45,0,0,0,0,0,4,2,13
,2017_66094,39.838023,-104.7097305,1/5/2017 11:10,11:10,15,0,0,78TH AVENUE 23800 BLOCK EAST & CALAWBA STREET NORTH,10,1,0,2,1,4,0,,45,0,0,0,0,0,4,2,13
,2017_66095,39.838023,-104.7097305,7/31/2017 13:05,13:05,15,0,0,78TH AVENUE 23800 BLOCK EAST & CALAWBA STREET,1,1,0,0,1,3,0,,10,0,0,0,0,0,4,2,8
,2017_66096,39.838059,-104.7154635,6/12/2017 12:04,12:04,15,0,0,78TH AVENUE 24000 BLOCK EAST & GUN CLUB ROAD NORTH,1,1,0,0,1,4,0,,45,0,0,0,0,0,4,2,7
,2017_66097,39.837969,-104.6928825,1/16/2017 13:04,13:04,15,0,0,78TH AVENUE EAST & JACKSON GAP STREET,2,1,0,2,1,4,0,,45,0,0,0,0,0,4,2,12
,2017_66098,39.837969,-104.6928825,6/5/2017 9:00,9:00,5,0,0,78TH AVENUE 24890 EAST & JACKSON GAP STREET NORTH,1,1,1,0,3,2,0,,45,0,0,0,0,0,4,1,1
,2017_66099,39.837969,-104.6928825,7/24/2017 13:25,13:25,3,0,0,78TH AVENUE 24500 BLOCK EAST & JACKSON GAP STREET,1,1,0,0,1,3,0,,45,0,0,0,0,0,4,2,13
,2017_66100,39.837969,-104.6928825,8/4/2017 2:29,2:29,15,0,0,78TH AVENUE & JACKSON GAP,1,5,1,0,1,1,0,,25,0,0,0,0,0,4,2,13
,2017_66101,39.837969,-104.6928825,8/4/2017 23:35,23:35,1,0,0,78TH AVENUE EAST & JACKSON GAP,1,3,0,0,1,1,0,,45,0,0,0,0,0,4,2,13
,2017_66102,39.720924,-104.989194,1/6/2017 9:45,9:45,3,0,0,ACOMA STREET NORTH & THIRD AVENUE WEST,4,1,0,0,1,1,0,,25,0,0,0,0,0,4,2,1
,2017_66103,39.732228,-104.9886315,1/9/2017 11:18,11:18,3,0,0,ACOMA STREET 1000 BLOCK NORTH & 10TH AVENUE WEST,1,1,0,0,1,3,0,,25,0,0,0,0,0,4,2,8
,2017_66104,39.680316,-104.9888115,2/28/2017 10:59,10:59,12,0,0,ACOMA STREET 1900 BLOCK SOUTH & ASBURY AVENUE WEST,1,1,1,0,1,2,0,,25,0,0,0,0,0,4,2,13
,2017_66106,39.687579,-104.9887845,5/10/2017 9:05,9:05,3,0,0,ACOMA STREET SOUTH & IOWA AVENUE WEST,1,1,0,0,1,1,0,,30,0,0,0,0,0,4,3,13
,2017_66107,39.676689,-104.9887845,1/23/2017 14:40,14:40,3,0,0,ACOMA STREET SOUTH & WARREN AVENUE WEST,1,1,0,7,1,1,0,,25,0,0,0,0,1,4,2,16
,2017_66108,39.725784,-105.039441,8/21/2017 9:19,9:19,12,0,0,SIXTH AVENUE DRIVE WEST NOT CDOT & PERRY STREET NORTH,1,1,0,0,1,4,0,,55,0,0,0,0,0,4,3,13
,2017_66109,39.79281162,-104.9487031,1/24/2017 7:30,7:30,6,0,0,ADAMS STREET & 1400 BLOCK NORTH,1,1,0,0,1,4,0,,25,0,0,0,0,0,4,2,13
,2017_66110,39.716226,-104.9485815,7/30/2017 20:59,20:59,6,0,0,ADAMS STREET & ADAMS STREET 1600 BLOCK NORTH,1,3,0,0,1,4,0,,,0,0,0,0,0,4,2,13
,2017_66111,39.740148,-104.94837,6/16/2017 16:45,16:45,6,0,0,ADAMS STREET 1400 BLOCK NORTH & COLFAX AVENUE EAST,1,1,0,0,1,2,0,,25,0,0,0,0,0,4,2,7
,2017_66112,39.678462,-104.949387,1/20/2017 1:45,1:45,5,0,2,ADAMS STREET SOUTH & EVANS AVENUE EAST,1,3,0,0,1,1,0,,25,0,0,0,0,2,4,1,5
,2017_66113,39.701106,-105.0335235,3/27/2017 20:18,20:18,6,0,0,ADA PLACE & 3502 WEST ADA PLACE,1,3,0,0,1,4,0,,25,0,0,0,0,0,4,2,14
,2017_66114,39.77717935,-104.9056732,4/23/2017 18:00,18:00,6,0,0,AIRLAWN ROAD & 7000 EAST,1,5,0,0,1,4,0,,25,0,0,0,0,0,4,2,14
,2017_66115,39.711114,-104.9679378,4/19/2017 17:21,17:21,1,0,0,ALAMEDA AVENUE & 4200 EAST SHOPPING ENTRANCE,1,3,0,0,1,1,0,,35,0,0,0,0,0,4,2,13
,2017_66116,39.71115,-104.987592,10/9/2017 18:26,18:26,3,0,0,ALAMEDA AVENUE EAST & ALAMEDA AVENUE 4200 EAST,2,3,0,0,1,1,0,,30,0,0,0,0,0,4,2,13
,2017_66117,39.711159,-104.9900175,1/17/2017 7:30,7:30,1,0,0,ALAMEDA AVENUE EAST & BANNOCK STREET SOUTH,5,1,0,7,1,1,0,,30,0,0,0,0,0,4,2,16
,2017_66118,39.711159,-104.9900175,1/31/2017 7:49,7:49,1,0,0,ALAMEDA AVENUE WEST & BANNOCK STREET SOUTH,1,1,0,0,1,1,0,,60,0,0,0,0,0,4,2,13
,2017_66119,39.711159,-104.9900175,7/24/2017 23:18,23:18,5,0,1,ALAMEDA AVENUE WEST & BANNOCK STREET SOUTH,1,3,0,0,3,1,0,,30,0,0,0,0,2,4,1,5
,2017_66120,39.711159,-104.9900175,7/27/2017 8:09,8:09,3,0,0,ALAMEDA AVENUE 200 BLOCK WEST & BANNOCK STREET NORTH,1,1,0,0,1,2,0,,,0,0,0,0,0,4,2,13
,2017_66121,39.711159,-104.9900175,9/5/2017 14:39,14:39,12,0,1,ALAMEDA AVENUE 100 BLOCK WEST & BANNOCK STREET SOUTH,1,1,0,0,1,1,0,,30,0,0,0,0,2,4,2,13
,2017_66122,39.711159,-104.9900175,9/5/2017 17:26,17:26,1,0,0,ALAMEDA AVENUE WEST & BANNOCK STREET SOUTH,1,1,0,0,1,1,0,,30,0,0,0,0,0,4,2,13
,2017_66123,39.711159,-104.9900175,9/17/2017 11:50,11:50,12,0,0,ALAMEDA AVENUE 200 BLOCK WEST & BANNOCK STREET SOUTH,1,1,1,0,1,4,0,,30,0,0,0,0,0,4,2,13
,2017_66124,39.71115,-104.987592,1/11/2017 14:27,14:27,15,0,0,ALAMEDA AVENUE WEST & BROADWAY SOUTH,1,1,0,7,1,1,0,,30,0,0,0,0,0,4,2,3
,2017_66125,39.711168,-104.99238,2/3/2017 11:10,11:10,12,0,0,ALAMEDA AVENUE WEST & CHEROKEE STREET SOUTH,1,5,1,7,1,2,0,,30,0,0,0,0,0,4,2,16
,2017_66126,39.708135,-104.879142,8/5/2017 20:22,20:22,1,0,0,ALAMEDA AVENUE EAST & CLINTON STREET SOUTH,1,3,0,0,1,1,0,,40,0,0,0,0,0,4,2,13
,2017_66127,39.711105,-104.9745645,2/3/2017 9:10,9:10,15,0,0,ALAMEDA AVENUE EAST & CORONA STREET SOUTH,2,1,0,0,1,4,0,,30,0,0,0,0,0,4,2,13
,2017_66128,39.711105,-104.9745645,8/8/2017 7:28,7:28,3,0,0,ALAMEDA AVENUE EAST & CORONA STREET SOUTH,1,1,0,0,1,1,0,,25,0,0,0,0,0,4,2,8
,2017_66129,39.709026,-104.875443,1/5/2017 17:22,17:22,1,0,0,ALAMEDA AVENUE EAST & DAYTON STREET SOUTH,12,3,0,0,1,1,0,,40,0,0,0,0,0,4,3,14
,2017_66130,39.709026,-104.875443,6/8/2017 11:49,11:49,15,0,0,ALAMEDA AVENUE EAST & DAYTON STREET SOUTH,1,1,0,0,1,1,0,,35,0,0,0,0,0,4,2,13
,2017_66131,39.709026,-104.875443,8/13/2017 21:51,21:51,3,0,0,ALAMEDA AVENUE EAST & DAYTON STREET SOUTH,1,3,0,0,1,1,0,,30,0,0,0,0,0,4,2,13
,2017_66132,39.701943,-104.8753215,8/29/2017 15:12,15:12,6,0,0,ALTON WAY 700 BLOCK SOUTH & DAYTON STREET SOUTH,1,1,0,0,1,1,0,,25,0,0,0,0,0,4,2,13
,2017_66133,39.711105,-104.97339,1/21/2017 12:50,12:50,3,0,1,ALAMEDA AVENUE 1100 BLOCK EAST & DOWNING STREET SOUTH,1,1,0,0,1,2,0,,30,0,0,0,0,2,4,2,13
,2017_66134,39.711105,-104.9769135,1/8/2017 10:33,10:33,3,0,0,ALAMEDA AVENUE EAST & EMERSON STREET SOUTH,2,1,0,7,1,1,0,,30,0,0,0,0,0,4,2,16
,2017_66135,39.711105,-104.9769135,3/30/2017 17:15,17:15,12,0,0,ALAMEDA AVENUE 800 BLOCK EAST & EMERSON STREET SOUTH,1,1,0,0,1,3,0,,,0,0,0,0,0,4,2,13
,2017_66136,39.711186,-104.892912,1/12/2017 7:42,7:42,5,0,0,ALAMEDA AVENUE EAST & FAIRMOUNT DRIVE EAST,1,1,0,7,2,4,0,,30,0,0,0,0,0,4,1,14
,2017_66137,39.711186,-104.892912,3/16/2017 20:04,20:04,15,0,0,ALAMEDA AVENUE 8200 BLOCK EAST & FAIRMONT DRIVE EAST,1,3,0,0,1,4,0,,40,0,0,0,0,0,4,2,1
,2017_66138,39.711186,-104.892912,4/16/2017 21:10,21:10,5,0,0,ALAMEDA AVENUE EAST & FAIRMOUNT DRIVE EAST,1,3,0,0,2,4,0,,40,0,0,0,0,0,4,1,1
,2017_66139,39.711186,-104.892912,7/17/2017 22:20,22:20,3,0,0,ALAMEDA AVENUE EAST & FAIRMOUNT DRIVE EAST,1,4,0,0,1,3,0,,40,0,0,0,0,1,4,2,14
,2017_66140,39.711114,-104.9686965,1/19/2017 13:11,13:11,12,0,0,ALAMEDA AVENUE EAST & FRANKLIN STREET SOUTH,1,1,0,7,1,1,0,,35,0,0,0,0,1,4,2,3
,2017_66141,39.711114,-104.9686965,9/18/2017 19:15,19:15,3,0,0,ALAMEDA AVENUE EAST & FRANKLIN STREET SOUTH,1,3,0,0,1,1,0,,25,0,0,0,0,0,4,2,1
,2017_66142,39.711204,-104.9222835,6/26/2017 14:15,14:15,1,0,0,ALAMEDA AVENUE EAST & HOLLY STREET SOUTH,1,1,0,0,1,1,0,,35,0,0,0,0,0,4,2,13
,2017_66143,39.711204,-104.9222835,7/20/2017 16:52,16:52,3,0,0,ALAMEDA AVENUE EAST & HOLLY STREET SOUTH,1,1,1,0,1,1,0,,40,0,0,0,0,0,4,2,13
,2017_66144,39.711195,-104.9234535,1/2/2017 1:16,1:16,5,0,0,ALAMEDA AVENUE EAST & HUDSON STREET NORTH,1,3,1,0,3,4,0,,35,0,0,0,0,0,4,1,5
,2017_66145,39.71142,-104.9366835,1/4/2017 16:05,16:05,12,0,0,ALAMEDA AVENUE EAST & LEETSDALE DRIVE,4,1,1,2,1,3,0,,60,0,0,0,0,0,4,2,16
,2017_66146,39.71142,-104.9366835,1/17/2017 15:40,15:40,1,0,0,ALAMEDA AVENUE 4200 BLOCK EAST & LEETSDALE DRIVE,2,1,0,0,1,2,0,,30,0,0,0,0,0,4,2,13
,2017_66147,39.711141,-104.9863905,8/29/2017 11:18,11:18,1,0,0,ALAMEDA AVENUE EAST & LINCOLN STREET SOUTH,1,1,0,0,1,1,0,,25,0,0,0,0,0,4,2,14
,2017_66148,39.711105,-104.972427,2/23/2017 19:00,19:00,15,0,0,ALAMEDA AVENUE 1300 BLOCK EAST & MARION STREET SOUTH,5,3,0,2,1,4,0,,30,0,0,0,0,0,4,2,13
,2017_66149,39.711366,-104.912964,1/6/2017 13:30,13:30,15,0,0,ALAMEDA AVENUE 6400 BLOCK EAST & MONACO STREET SOUTH,4,1,1,1,1,3,0,,35,0,0,0,0,0,4,2,1
,2017_66150,39.711366,-104.912964,1/30/2017 13:05,13:05,15,0,0,ALAMEDA AVENUE EAST & MONACO STREET SOUTH,1,1,0,0,1,1,0,,35,0,0,0,0,0,4,2,13
,2017_66151,39.711366,-104.912964,1/30/2017 15:00,15:00,12,0,0,ALAMEDA AVENUE EAST & MONACO PARKWAY SOUTH,1,1,1,7,1,3,0,,35,0,0,0,0,0,4,2,3
,2017_66152,39.759885,-104.9870835,3/6/2017 11:36,11:36,15,0,0,BLAKE STREET & 26TH STREET,1,1,0,0,1,1,0,,30,0,0,0,0,0,4,2,13
,2017_66153,39.711366,-104.912964,2/2/2017 21:16,21:16,1,0,0,ALAMEDA AVENUE EAST & MONACO PARKWAY SOUTH,1,3,0,7,1,1,0,,40,0,0,0,0,0,4,2,16
,2017_66154,39.711366,-104.912964,5/23/2017 7:36,7:36,15,0,0,ALAMEDA AVENUE 6400 BLOCK EAST & MONACO STREET SOUTH,1,1,0,0,1,4,0,,25,0,0,0,0,0,4,2,13
,2017_66155,39.711438,-104.9449725,9/8/2017 19:44,19:44,15,0,0,ALAMEDA AVENUE 3500 BLOCK EAST & MONROE STREET SOUTH,1,3,0,0,1,4,0,,30,0,0,0,0,1,4,2,1
,2017_66156,39.711186,-104.9087025,1/17/2017 7:50,7:50,3,0,0,ALAMEDA AVENUE EAST & NEWPORT WAY SOUTH,5,1,0,7,1,1,0,,25,0,0,0,0,0,4,2,16
,2017_66157,39.73520199,-104.9740757,5/28/2017 11:00,11:00,6,0,0,CORONA STREET 1200 BLOCK NORTH & 13TH AVENUE EAST,1,1,0,0,1,4,0,,25,0,0,0,0,0,4,2,14
,2017_66158,39.711186,-104.997132,1/17/2017 6:24,6:24,15,0,0,ALAMEDA AVENUE WEST & SANTA FE DRIVE SOUTH,5,3,0,0,1,3,1,,25,0,0,0,0,0,4,2,1
,2017_66159,39.711186,-104.997132,1/20/2017 23:35,23:35,12,0,0,ALAMEDA AVENUE WEST & SANTA FE DRIVE SOUTH,1,3,0,0,1,1,0,,3,0,0,0,0,0,4,2,8
,2017_66160,39.711186,-104.997132,1/24/2017 7:26,7:26,3,0,0,ALAMEDA AVENUE WEST & SANTA FE DRIVE SOUTH,1,5,1,0,1,1,1,,25,0,0,0,0,1,4,3,1
,2017_66161,39.711186,-104.997132,9/10/2017 14:20,14:20,3,0,0,ALAMEDA AVENUE WEST & SANTA FE DRIVE SOUTH,1,1,0,0,1,1,0,,35,0,0,0,0,0,4,2,13
,2017_66162,39.711114,-104.959305,1/16/2017 7:11,7:11,12,0,0,ALAMEDA AVENUE EAST & UNIVERSITY BOULEVARD SOUTH,5,1,1,2,1,3,0,,30,0,0,0,0,0,4,2,16
,2017_66163,39.716208,-104.939532,8/25/2017 15:05,15:05,6,0,0,ALBION STREET NORTH & ALBION STREET 1200 BLOCK NORTH,1,1,0,0,3,4,0,,25,0,0,0,0,0,4,2,7
,2017_66164,39.7759725,-104.936166,7/17/2017 2:10,2:10,5,0,0,ALBION STREET & 4100 NORTH,1,3,0,0,3,6,0,,25,0,0,0,0,0,4,1,14
,2017_66165,39.740067,-104.93946,9/19/2017 1:35,1:35,6,0,0,ALBION STREET 1400 BLOCK NORTH & COLFAX AVENUE EAST,1,3,0,0,1,4,0,,,0,0,0,0,0,4,2,13
,2017_66166,39.687489,-104.9394825,1/24/2017 1:40,1:40,6,0,0,ALBION STREET 1588 SOUTH & IOWA AVENUE EAST,1,3,0,0,1,4,0,,,0,0,0,0,0,4,2,13
,2017_66167,39.773898,-104.8349205,8/6/2017 6:17,6:17,5,0,0,CARSON STREET NORTH & 42ND AVENUE EAST,1,3,0,0,1,4,0,,25,0,0,0,0,0,4,1,1
,2017_66168,39.783987,-104.8466205,9/3/2017 21:00,21:00,12,0,0,ALBROOK DRIVE EAST & ALBROOK DRIVE 12900 BLOCK EAST,1,3,0,0,1,1,0,,25,0,0,0,0,0,4,2,14
,2017_66169,39.783357,-104.8466025,6/17/2017 9:05,9:05,3,0,0,ALBROOK DRIVE & PEORIA STREET NORTH,1,1,0,0,1,2,0,,25,0,0,0,0,0,4,2,13
,2017_66170,39.783357,-104.8466025,7/14/2017 18:25,18:25,1,0,0,ALBROOK DRIVE 12100 BLOCK EAST & PEORIA STREET NORTH,1,1,0,0,1,2,0,,35,0,0,0,0,0,4,2,1
,2017_66171,39.719385,-105.0168641,7/16/2017 20:51,20:51,6,0,0,ALCOTT STREET & 1000 BLOCK SOUTH,1,3,0,0,1,4,0,,25,0,0,0,0,0,4,2,13
,2017_66172,39.71709,-105.0172425,5/21/2017 13:17,13:17,5,0,0,ALCOTT STREET & 2401 NORTH ALCOTT STREET,1,1,1,0,3,7,0,,10,0,0,0,0,0,4,1,13
,2017_66173,39.787578,-105.016671,8/15/2017 19:00,19:00,6,0,0,ALCOTT STREET 5000 BLOCK NORTH & 50TH AVENUE WEST,1,3,0,0,1,4,0,,25,0,0,0,0,0,4,2,13
,2017_66174,39.696759,-105.017004,1/17/2017 17:31,17:31,14,0,0,ALCOTT STREET SOUTH & MISSISSIPPI AVENUE WEST,6,4,0,0,1,4,0,,25,0,0,0,0,0,4,2,3
,2017_66175,39.729609,-105.028983,3/21/2017 8:00,8:00,5,0,0,ALLEY HOOKER IRVING 800 BLOCK & HOOKER STREET 809,1,1,0,0,2,5,0,,25,0,0,0,0,0,4,1,14
,2017_66176,39.711366,-104.912964,9/15/2017 20:15,20:15,3,0,0,ALAMEDA AVENUE EAST & MONACO STREET SOUTH,1,3,0,0,1,1,0,,35,0,0,0,0,0,4,2,13
,2017_66177,39.778794,-104.824692,1/30/2017 16:50,16:50,6,0,0,ANDREWS DRIVE EAST & 46TH AVENUE EAST,1,1,0,0,1,4,0,,25,0,0,0,0,0,4,2,13
,2017_66178,39.775032,-104.809923,1/8/2017 14:43,14:43,3,0,0,ANDREWS DRIVE 15300 BLOCK EAST & CHAMBERS ROAD NORTH,10,1,0,0,1,1,0,,40,0,0,0,0,0,4,2,1
,2017_66179,39.775032,-104.809923,1/26/2017 6:35,6:35,12,0,0,ANDREWS DRIVE EAST & CHAMBERS ROAD NORTH,1,3,0,7,1,1,0,,40,0,0,0,0,0,4,3,16
,2017_66180,39.782826,-104.828625,9/3/2017 5:00,5:00,5,0,0,ANDREWS DRIVE EAST & CHANDLER COURT NORTH,1,3,0,0,3,1,0,,35,0,0,0,0,0,4,1,1
,2017_66181,39.725545,-105.012704,12/17/2017 23:40,23:40,5,0,0,SIXTH AVENUE WEST & I25,1,3,0,0,3,8,0,,55,0,0,0,0,0,2,1,13
,2017_66182,39.785778,-104.835204,1/26/2017 8:15,8:15,12,0,0,ANDREWS DRIVE EAST & ELGIN PLACE,1,1,1,7,1,3,0,,25,0,0,0,0,0,4,2,14
,2017_66183,39.773637,-104.7991095,2/2/2017 17:50,17:50,15,0,0,ANDREW WAY EAST & MEMPHIS COURT NORTH,1,4,0,0,1,4,0,,25,0,0,0,0,0,4,2,1
,2017_66184,39.786309,-104.837085,4/19/2017 6:45,6:45,3,0,0,ANDREWS DRIVE EAST & URSULA STREET NORTH,1,1,0,0,1,1,0,,35,0,0,0,0,0,4,2,14
,2017_66185,39.7397475,-105.0198975,1/31/2017 10:08,10:08,12,0,0,ANOSA COURT & 200 BLOCK SOUTH,1,1,0,0,1,4,0,,25,0,0,0,0,1,4,2,13
,2017_66186,39.74876914,-104.9943865,5/26/2017 11:20,11:20,15,0,0,ARAPAHOE STREET 1700 BLOCK & 17TH STREET,1,1,0,0,1,4,0,,,0,0,0,0,0,4,2,13
,2017_66187,39.749715,-104.9932665,1/6/2017 23:15,23:15,15,0,0,ARAPAHOE STREET & 18TH STREET,12,3,0,0,1,1,0,,25,0,0,0,0,0,4,2,13
,2017_66188,39.74876914,-104.9943865,9/29/2017 23:40,23:40,15,0,0,ARAPAHOE STREET 1700 BLOCK & 17TH STREET,1,3,0,0,1,4,0,,30,0,0,0,0,0,4,2,3
,2017_66189,39.715731,-105.0203835,1/5/2017 21:23,21:23,6,0,0,ARCHER PLACE WEST & CLAY STREET SOUTH,5,3,0,0,1,4,0,,25,0,0,0,0,0,4,2,13
,2017_66190,39.694815,-104.9886675,8/13/2017 13:47,13:47,6,0,0,ARIZONA AVENUE WEST & ACOMA STREET SOUTH,1,1,0,0,1,2,0,,15,0,0,0,0,0,4,2,13
,2017_66192,39.748446,-105.0033735,1/6/2017 23:15,23:15,3,0,0,AURARIA PARKWAY & SPEER BOULEVARD,5,3,0,7,1,1,0,,35,0,0,0,0,0,4,2,16
,2017_66193,39.691152,-104.987493,9/29/2017 0:48,0:48,12,0,0,ARKANSAS AVENUE EAST & ARKANSAS AVENUE 1200 BLOCK EAST,1,3,0,0,1,4,0,,25,0,0,0,0,0,4,2,9
,2017_66194,39.691269,-105.0355575,9/5/2017 8:02,8:02,3,0,0,ARKANSAS AVENUE WEST & MEADE STREET SOUTH,1,1,0,0,1,1,0,,25,0,0,0,0,0,4,2,13
,2017_66195,39.690855,-105.0136605,1/12/2017 7:53,7:53,1,0,0,ARKANSAS AVENUE 2200 BLOCK WEST & VALLEJO STREET SOUTH,1,1,0,0,1,4,0,,25,0,0,0,0,0,4,2,13
,2017_66196,39.680244,-104.9330565,3/9/2017 10:22,10:22,6,0,0,ASBURY AVENUE 4700 BLOCK EAST & DEXTER STREET SOUTH,1,1,0,0,1,4,0,,25,0,0,0,0,0,4,2,13
,2017_66197,39.680271,-104.9652315,1/9/2017 8:20,8:20,12,0,0,ASBURY AVENUE EAST & HIGH STREET SOUTH,5,1,0,7,1,3,0,,25,0,0,0,0,0,4,2,7
,2017_66198,39.68037,-104.922252,4/20/2017 16:22,16:22,3,0,0,ASBURY AVENUE EAST & HOLLY STREET SOUTH,2,1,0,1,1,1,0,,,0,0,0,0,0,4,2,13
,2017_66199,39.680316,-104.9828625,9/1/2017 13:08,13:08,3,0,0,ASBURY AVENUE EAST & LOGAN STREET SOUTH,1,1,0,0,1,1,0,,25,0,0,0,0,0,4,2,13
,2017_66200,39.680262,-104.9640615,1/17/2017 16:25,16:25,12,0,0,ASBURY AVENUE EAST & RACE STREET SOUTH,5,1,1,7,1,4,0,,25,0,0,0,0,0,4,2,3
,2017_66201,39.680226,-104.959404,9/28/2017 21:05,21:05,6,0,0,ASBURY AVENUE EAST & UNIVERSITY BOULEVARD SOUTH,1,3,0,0,1,4,0,,25,0,0,0,0,0,4,2,7
,2017_66202,39.7616625,-104.991003,8/3/2017 18:54,18:54,6,0,0,DELGANY STREET 2700 BLOCK & WEWATTA WAY,1,2,0,0,1,4,0,,,0,0,0,0,0,4,2,13
,2017_66203,39.716262,-104.9384205,4/1/2017 22:10,22:10,12,0,0,ASH STREET & 2884 NORTH ASH STREET,1,3,0,0,1,4,0,,25,0,0,0,0,0,4,2,5
,2017_66204,39.748446,-105.0033735,9/16/2017 13:01,13:01,10,0,0,AURARIA PARKWAY & SPEER BOULEVARD NORTH,1,1,0,0,1,1,0,,35,0,0,0,0,0,4,2,13
,2017_66205,39.684015,-105.0283125,1/10/2017 15:51,15:51,6,0,0,BAILS PLACE WEST & HOOKER STREET SOUTH,1,1,0,0,1,4,0,,10,0,0,0,0,0,4,2,13
,2017_66206,39.78218697,-104.9677515,2/3/2017 10:00,10:00,6,0,0,BALDWIN COURT & 4600 BLOCK NORTH,2,1,0,0,1,4,0,,25,0,0,0,0,1,4,2,7
,2017_66207,39.678489,-104.967585,6/2/2017 11:30,11:30,6,0,0,GILPIN STREET 200 BLOCK SOUTH & EVANS AVENUE EAST,1,1,0,0,1,4,0,,25,0,0,0,0,0,4,2,13
,2017_66208,39.759876,-104.890752,7/28/2017 18:00,18:00,12,0,0,CENTRAL PARK BOULEVARD NORTH & MLK BOULEVARD EAST,1,1,0,0,1,4,0,,,0,0,0,0,0,4,2,13
,2017_66210,39.735252,-104.9902425,1/23/2017 17:02,17:02,1,0,0,BANNOCK STREET NORTH & 12TH AVENUE WEST,1,3,0,7,1,1,0,,25,0,0,0,0,0,4,2,16
,2017_66211,39.7368937,-104.9901764,1/8/2017 17:45,17:45,6,0,0,BANNOCK STREET 1300 BLOCK NORTH & 14TH AVENUE WEST,2,3,0,0,1,4,0,,60,0,0,0,0,0,4,2,1
,2017_66212,39.784077,-104.991102,2/3/2017 11:04,11:04,12,0,0,BANNOCK STREET NORTH & 48TH AVENUE WEST,1,1,0,7,1,1,0,,35,0,0,0,0,0,4,2,14
,2017_66213,39.711159,-104.9900175,1/17/2017 15:11,15:11,12,0,0,BANNOCK STREET SOUTH & ALAMEDA AVENUE WEST,1,1,0,7,1,1,0,,30,0,0,0,0,0,4,2,16
,2017_66214,39.694752,-104.9901615,6/30/2017 4:00,4:00,6,0,0,BANNOCK STREET 1200 BLOCK SOUTH & ARIZONA AVENUE WEST,1,3,0,0,1,4,0,,25,0,0,0,0,0,4,2,9