id,drcog_id,latitude,longitude,crashtime,time,crashtype,numbkilled,numbinjurd,drcoglocat,rdconditin,lightngcon,roadcntgrd,weatherco,location,roaddescrp,constrzone,schoolzone,splimit,bikeinv,pedinv,sctrinv,motoinv,svrty,rdsystem,ttlvehcls,hcf
,2017_66215,39.79099042,-104.9891094,1/29/2017 16:30,16:30,3,0,0,BANNOCK STREET NORTH & IRVING PLACE WEST,1,1,0,7,1,1,0,,30,0,0,0,0,0,4,2,16
,2017_66216,39.729717,-104.9912235,6/13/2017 22:00,22:00,15,0,0,BANNOCK STREET NORTH & SPEER BOULEVARD NORTH,1,3,0,0,1,1,0,,,0,0,0,0,0,4,2,13
,2017_66217,39.676689,-104.989941,6/15/2017 1:43,1:43,6,0,0,BANNOCK STREET SOUTH & WARREN AVENUE WEST,1,3,0,0,1,4,0,,25,0,0,0,0,0,4,2,5
,2017_66218,39.75711353,-105.0029179,6/25/2017 14:35,14:35,5,0,0,BASSETT STREET & 1700 BLOCK,1,1,0,0,3,4,0,,25,0,0,0,0,0,4,1,14
,2017_66219,39.75461444,-105.0059923,8/27/2017 10:11,10:11,6,0,0,BASSETT CIRCLE 1500 BLOCK & 16TH STREET,1,1,0,0,1,4,0,,25,0,0,0,0,0,4,2,13
,2017_66220,39.742596,-104.90346,8/4/2017 15:40,15:40,5,0,0,BATAVIA PLACE EAST & QUEBEC STREET NORTH,1,1,0,0,3,1,0,,25,0,0,0,0,0,4,1,1
,2017_66221,39.661695,-105.057603,9/22/2017 7:17,7:17,6,0,0,BATES AVENUE & GOLDEN WAY SOUTH,1,1,0,0,1,4,0,,25,0,0,0,0,1,4,2,13
,2017_66222,39.66813,-104.9381213,3/2/2017 0:50,0:50,5,0,0,BELLAIRE STREET 2500 BLOCK SOUTH & YALE AVENUE EAST,1,3,0,0,4,4,0,,25,0,0,0,0,0,4,1,5
,2017_66223,39.714642,-104.9339565,1/5/2017 21:30,21:30,15,0,0,BAYAUD AVENUE EAST & CHERRY CREEK DRIVE NORTH EAST,10,4,0,2,1,4,0,,35,0,0,0,0,0,4,2,13
,2017_66224,39.703842,-104.973372,3/4/2017 16:57,16:57,5,0,1,BAYAUD  / MARION PARKWAY  & DOWNING STREET SOUTH,1,1,0,0,3,3,0,,30,0,0,0,0,2,4,1,13
,2017_66225,39.753693,-104.9955525,5/21/2017 21:30,21:30,6,0,0,BLAKE STREET & 1909 BLAKE STREET,2,3,0,1,1,4,0,,30,0,0,0,0,0,4,2,5
,2017_66226,39.714714,-104.982723,1/18/2017 16:59,16:59,3,0,0,BAYAUD AVENUE EAST & LOGAN STREET SOUTH,1,1,0,7,1,1,0,,25,0,0,0,0,1,4,2,16
,2017_66227,39.75430023,-104.9941767,1/8/2017 2:38,2:38,12,0,0,BLAKE STREET 2000 BLOCK & 20TH STREET,6,3,0,2,1,3,0,,,0,0,0,0,0,4,2,13
,2017_66228,39.714642,-104.9449635,4/1/2017 10:17,10:17,3,0,0,BAYAUD AVENUE EAST & MONROE STREET SOUTH,2,1,0,0,1,1,0,,30,0,0,0,0,0,4,2,13
,2017_66229,39.714723,-104.980356,2/12/2017 11:15,11:15,6,0,0,BAYAUD AVENUE 500 BLOCK EAST & PEART STREET SOUTH,1,1,0,0,1,4,0,,25,0,0,0,0,0,4,2,13
,2017_66230,39.714651,-104.949972,1/17/2017 12:25,12:25,3,0,0,BAYAUD AVENUE EAST & STEELE STS,4,1,0,7,1,2,0,,25,0,0,0,0,0,4,2,16
,2017_66231,39.714804,-105.0109515,1/25/2017 12:32,12:32,3,0,0,BAYAUD AVENUE WEST & TEJON STREET SOUTH,1,1,0,7,1,1,0,,25,0,0,0,0,0,4,2,8
,2017_66232,39.695958,-105.017463,9/3/2017 22:35,22:35,6,0,0,BEACH COURT SOUTH & MOSIER PLACE WEST,1,4,0,0,1,4,0,,,0,0,0,0,0,4,3,13
,2017_66233,39.650652,-104.8810635,8/5/2017 18:00,18:00,5,0,0,BEELER STREET SOUTH & JEFFERSON PLACE EAST,1,1,0,0,2,1,0,,25,0,0,0,0,0,4,1,5
,2017_66234,39.75638942,-104.937224,7/21/2017 22:20,22:20,6,0,0,BELLAIRE STREET & 2900 BLOCK NORTH,2,3,0,1,3,4,0,,25,0,0,0,0,0,4,3,5
,2017_66235,39.764466,-104.936832,4/10/2017 14:31,14:31,6,0,0,BELLAIRE STREET & BRUCE RANDOLPH AVENUE EAST,1,1,0,0,1,4,0,,25,0,0,0,0,0,4,2,3
,2017_66236,39.740076,-104.937282,8/16/2017 19:50,19:50,6,0,0,BELLAIRE STREET NORTH & COLFAX AVENUE EAST,1,1,1,0,1,4,0,,,0,0,0,0,0,4,2,13
,2017_66238,39.75332175,-104.995428,1/16/2017 17:00,17:00,6,0,0,BLAKE STREET 1900 BLOCK & 19TH STREET,4,2,0,2,1,4,0,,30,0,0,0,0,0,4,2,13
,2017_66239,39.624192,-104.89473,1/4/2017 9:50,9:50,12,0,0,BELLEVIEW AVENUE EAST & ULSTER STREET SOUTH,4,1,0,2,1,3,0,,35,0,0,0,0,0,4,2,16
,2017_66240,39.790665,-104.844564,4/5/2017 16:00,16:00,6,0,0,BERKLEY PLACE 12200 BLOCK EAST & QUENTIN STREET NORTH,1,1,0,0,1,4,0,,,0,0,0,1,0,4,2,13
,2017_66241,39.725307,-104.936004,3/25/2017 12:03,12:03,3,0,0,BIRCH STREET NORTH & SIXTH AVENUE EAST,1,1,0,0,1,1,0,,30,0,0,0,0,0,4,2,7
,2017_66242,39.689316,-104.936211,8/15/2017 21:59,21:59,6,0,0,BIRCH STREET 1400 BLOCK SOUTH & FLORIDA AVENUE EAST,2,3,0,1,1,4,0,,,0,0,0,0,0,4,3,13
,2017_66243,39.692943,-104.9362245,4/25/2017 10:40,10:40,6,0,0,BIRCH STREET 1200 BLOCK SOUTH & LOUISIANA AVENUE EAST,1,1,0,0,1,4,0,,25,0,0,0,0,0,4,2,1
,2017_66244,39.782376,-104.8329135,8/27/2017 0:26,0:26,6,0,0,BLACKHAWK WAY NORTH & CROWN BOULEVARD NORTH,1,3,1,0,1,4,0,,25,0,0,0,0,0,4,2,2
,2017_66245,39.757689,-104.9904315,1/7/2017 23:00,23:00,12,0,0,BLAKE STREET & 2301 BLAKE STREET,1,3,0,0,1,4,0,,60,0,0,0,0,0,4,2,1
,2017_66246,39.757689,-104.9904315,1/25/2017 23:45,23:45,6,0,0,BLAKE STREET & 2301 BLAKE STREET,1,3,0,0,5,7,0,,10,0,0,0,0,0,3,2,13
,2017_66247,39.759489,-104.9876505,7/21/2017 19:58,19:58,15,0,1,BLAKE STREET 2400 BLOCK & BROADWAY NORTH,1,2,0,0,1,4,0,,30,0,0,0,1,2,4,2,13
,2017_66248,39.770469,-104.9734035,3/22/2017 15:47,15:47,15,0,0,BLAKE STREET & DOWNING STREET NORTH,1,1,0,0,1,4,0,,35,0,0,0,1,0,4,2,13
,2017_66249,39.757086,-104.990715,7/30/2017 2:00,2:00,12,0,0,BLAKE STREET & PARK AVENUE WEST,1,3,0,0,1,1,0,,30,0,0,0,0,0,4,2,13
,2017_66250,39.77208923,-104.9765841,1/6/2017 10:15,10:15,3,0,0,BRIGHTON BOULEVARD & 3400 BLOCK,2,1,0,0,1,2,0,,35,0,0,0,0,0,4,2,13
,2017_66251,39.74891993,-105.0011609,1/14/2017 0:48,0:48,6,0,0,BLAKE STREET 1400 BLOCK & 14TH STREET,1,3,0,0,1,4,0,,30,0,0,0,0,0,4,3,14
,2017_66252,39.750732,-104.9983515,7/22/2017 2:25,2:25,6,0,0,BLAKE STREET 1600 BLOCK & 16TH STREET,1,3,0,0,1,4,0,,30,0,0,0,0,0,4,2,5
,2017_66253,39.751344,-104.997501,1/12/2017 16:36,16:36,15,0,0,BLAKE STREET 1700 BLOCK & 18TH STREET,2,3,0,0,1,4,0,,60,0,0,0,0,1,4,4,13
,2017_66254,39.753333,-104.995521,6/10/2017 2:00,2:00,10,0,0,BLAKE STREET & 19TH STREET,1,3,0,0,1,1,0,,30,0,0,0,0,0,4,2,14
,2017_66255,39.75332175,-104.995428,7/22/2017 1:30,1:30,12,0,0,BLAKE STREET 1900 BLOCK & 19TH STREET,1,3,1,0,1,4,0,,,0,0,0,0,0,4,2,13
,2017_66256,39.748509,-105.0031305,1/27/2017 14:18,14:18,15,0,0,BLAKE STREET & SPEER BOULEVARD NORTH,1,1,1,0,1,3,0,,30,0,0,0,0,0,4,2,13
,2017_66257,39.748509,-105.0031305,6/2/2017 17:00,17:00,15,0,0,BLAKE STREET & SPEER BOULEVARD,2,1,0,1,1,1,0,,30,0,0,0,0,1,4,2,13
,2017_66258,39.781701,-104.8184415,2/3/2017 8:00,8:00,3,0,0,BOLLING DRIVE EAST & EAGLE STREET NORTH,5,1,0,0,1,1,0,,35,0,0,0,0,1,4,2,13
,2017_66259,39.767706,-104.981832,6/2/2017 12:06,12:06,14,0,0,BRIGHTON BOULEVARD 3200 BLOCK NORTH & 31ST STREET,1,1,0,0,1,2,0,,30,0,0,0,0,1,4,2,8
,2017_66260,39.766572,-104.983713,7/18/2017 10:25,10:25,15,0,0,BRIGHTON BOULEVARD NORTH & 31ST STREET,1,1,0,0,1,3,1,,25,0,0,0,0,0,4,2,8
,2017_66261,39.766572,-104.983713,8/8/2017 17:44,17:44,1,0,0,BRIGHTON BOULEVARD NORTH & 31ST STREET,1,1,0,0,1,1,0,,30,0,0,0,0,0,4,2,13
,2017_66262,39.7716201,-104.9898212,1/16/2017 6:25,6:25,6,0,0,BROADWAY STREET & 200 BLOCK NORTH,4,3,0,2,1,3,0,,25,0,0,0,0,0,4,2,1
,2017_66263,39.7716201,-104.9898212,7/30/2017 1:50,1:50,12,0,0,BROADWAY STREET & 800 BLOCK NORTH,1,3,0,0,1,4,0,,35,0,0,0,0,0,4,3,14
,2017_66264,39.77312829,-104.9892215,1/28/2017 10:23,10:23,15,0,0,BROADWAY & 1200 BLOCK NORTH,1,1,0,0,1,4,0,,30,0,0,0,0,0,4,2,8
,2017_66265,39.7716201,-104.9898212,8/24/2017 13:19,13:19,15,0,0,BROADWAY STREET & 1300 BLOCK NORTH,1,1,3,0,1,4,0,,40,0,0,0,0,0,4,2,8
,2017_66267,39.783807,-104.809833,1/12/2017 20:13,20:13,12,0,0,CHAMBERS ROAD NORTH & GATEWAY AVENUE EAST,1,3,0,0,1,4,0,,40,0,0,0,0,1,4,2,13
,2017_66268,39.724137,-104.9875065,9/15/2017 12:45,12:45,10,0,0,BROADWAY STREET NORTH & FIFTH AVENUE EAST,1,1,0,0,1,1,0,,30,0,0,0,0,0,4,2,8
,2017_66269,39.725631,-104.9874435,4/1/2017 0:10,0:10,15,0,0,BROADWAY STREET NORTH & SIXTH AVENUE EAST,2,4,0,2,1,1,0,,30,0,0,0,0,0,4,2,8
,2017_66270,39.696624,-104.9874525,7/11/2017 13:29,13:29,12,0,0,BROADWAY STREET SOUTH & MISSISSIPPI AVENUE EAST,1,1,0,0,1,4,0,,25,0,0,0,0,0,4,2,1
,2017_66271,39.725631,-104.9874435,7/17/2017 16:11,16:11,10,0,0,BROADWAY STREET NORTH & SIXTH AVENUE EAST,1,1,0,0,1,1,0,,35,0,0,0,1,1,4,2,8
,2017_66272,39.730428,-104.987394,10/8/2017 2:10,2:10,10,0,0,BROADWAY STREET NORTH & NINTH AVENUE EAST,1,3,0,0,1,1,0,,25,0,0,0,0,1,4,2,14
,2017_66273,39.736845,-104.9873715,1/5/2017 12:35,12:35,12,0,0,BROADWAY NORTH & 13TH AVENUE EAST,4,1,0,2,1,4,0,,35,0,0,0,0,0,4,2,16
,2017_66274,39.713049,-105.0121935,4/14/2017 23:50,23:50,6,0,0,BYERS DRIVE WEST & CEDAR AVENUE WEST,1,3,0,0,1,4,0,,25,0,0,0,0,0,4,2,13
,2017_66275,39.73842,-104.987394,1/12/2017 22:28,22:28,12,0,0,BROADWAY NORTH & 14TH AVENUE WEST,2,3,0,7,1,4,0,,35,0,0,0,0,0,4,3,16
,2017_66276,39.73842,-104.987394,8/1/2017 9:13,9:13,10,0,0,BROADWAY STREET NORTH & 14TH AVENUE EAST,1,1,0,0,1,1,0,,30,0,0,0,0,1,4,2,7
,2017_66277,39.737142,-104.98689,8/14/2017 15:45,15:45,6,0,0,BROADWAY STREET 1300 BLOCK NORTH & 14TH AVENUE,1,1,0,0,1,4,0,,30,0,0,0,0,1,4,5,13
,2017_66278,39.743388,-104.9873895,7/16/2017 3:12,3:12,10,0,0,BROADWAY STREET NORTH & 17TH AVENUE EAST,1,3,0,0,1,1,0,,,0,0,0,0,0,4,2,5
,2017_66279,39.714813,-105.0191415,8/11/2017 1:50,1:50,6,0,0,CANOSA COURT & 1054 SOUTH CANOSA COURT,1,4,0,0,1,4,0,,25,0,0,0,0,0,4,3,7
,2017_66281,39.743577,-104.9869215,8/23/2017 14:00,14:00,12,0,0,BROADWAY 1700 BLOCK NORTH & 18TH AVENUE EAST,1,1,0,1,1,4,1,,30,0,0,0,0,0,4,2,13
,2017_66282,39.649554,-104.9175315,8/13/2017 18:45,18:45,5,0,0,HILLCREST DRIVE 3600 BLOCK & JERSEY STREET SOUTH,1,2,0,0,2,1,0,,,0,0,0,0,0,4,1,13
,2017_66283,39.74634,-104.9871915,1/17/2017 14:45,14:45,15,0,0,BROADWAY STREET 1900 BLOCK NORTH & 19TH AVENUE EAST,1,1,0,0,1,4,0,,30,0,0,0,0,0,4,2,8
,2017_66284,39.74616,-104.987385,9/25/2017 9:10,9:10,3,0,0,BROADWAY STREET NORTH & 19TH AVENUE EAST,1,1,0,0,1,1,0,,30,0,0,0,0,0,4,2,13
,2017_66285,39.778587,-104.987565,8/14/2017 11:17,11:17,15,0,0,BROADWAY STREET NORTH & 44TH AVENUE EAST,1,1,0,0,1,1,0,,30,0,0,0,0,0,4,2,1
,2017_66286,39.711141,-104.987592,6/27/2017 16:10,16:10,3,0,0,BROADWAY STREET SOUTH & ALAMEDA AVENUE WEST,1,1,0,0,1,1,0,,30,0,0,0,0,0,4,2,13
,2017_66287,39.694788,-104.9874615,9/4/2017 4:05,4:05,5,0,1,BROADWAY STREET SOUTH & ARIZONA AVENUE EAST,1,3,0,0,2,4,0,,30,0,0,0,0,2,4,4,13
,2017_66288,39.680289,-104.987583,1/9/2017 15:43,15:43,1,0,0,BROADWAY SOUTH & ASBURY AVENUE WEST,1,1,0,0,1,1,0,,60,0,0,0,0,1,4,2,14
,2017_66289,39.680289,-104.987583,4/3/2017 15:20,15:20,6,0,0,BROADWAY STREET 2200 BLOCK SOUTH & ASBURY STREET WEST,1,1,0,0,1,4,0,,40,0,0,0,0,0,4,2,13
,2017_66290,39.714759,-104.9875425,2/3/2017 14:15,14:15,15,0,0,BROADWAY SOUTH & BAYAUD AVENUE WEST,1,1,1,0,1,1,0,,30,0,0,0,0,0,4,2,13
,2017_66291,39.759489,-104.9876505,1/18/2017 15:51,15:51,12,0,0,BROADWAY NORTH & BLAKE STREET,1,1,0,7,1,4,0,,30,0,0,0,0,0,4,2,3
,2017_66292,39.712995,-104.987574,8/26/2017 15:05,15:05,10,0,0,BROADWAY STREET SOUTH & CEDAR AVENUE WEST,1,1,0,0,1,1,0,,30,0,0,0,0,0,4,2,8
,2017_66293,39.705696,-104.987583,1/1/2017 18:05,18:05,12,0,0,BROADWAY STREET 600 BLOCK SOUTH & CENTER AVENUE EAST,1,3,0,0,1,4,0,,35,0,0,0,0,0,4,3,13
,2017_66294,39.751542,-104.9874255,8/31/2017 17:00,17:00,15,0,1,BROADWAY STREET NORTH & CHAMPA STREET,1,1,0,1,1,4,0,,30,0,0,0,0,2,4,2,8
,2017_66295,39.740688,-104.987385,3/1/2017 11:07,11:07,15,0,0,BROADWAY STREET NORTH & CHEYENNE PLACE,1,1,0,0,1,1,0,,,0,0,0,0,0,4,2,13
,2017_66296,39.683961,-104.987565,8/7/2017 19:30,19:30,6,0,0,BROADWAY STREET 1900 BLOCK SOUTH & COLORADO AVENUE EAST,2,2,0,1,1,4,0,,35,0,0,0,0,0,4,2,3
,2017_66297,39.683961,-104.987565,8/10/2017 16:18,16:18,6,0,0,BROADWAY STREET 1800 BLOCK SOUTH & COLORADO AVENUE EAST,1,1,0,0,1,4,0,,30,0,0,0,0,0,4,2,8
,2017_66298,39.752874,-104.9874255,2/14/2017 15:20,15:20,15,0,0,BROADWAY STREET NORTH & CURTIS STREET,1,1,0,0,1,1,0,,,0,0,0,0,0,4,2,13
,2017_66299,39.703878,-104.9875425,2/3/2017 11:50,11:50,12,0,0,BROADWAY STREET 600 BLOCK SOUTH & EXPOSITION AVENUE EAST,1,1,0,0,1,4,0,,30,0,0,0,0,0,4,3,13
,2017_66300,39.678498,-104.987565,1/3/2017 18:23,18:23,12,0,0,BROADWAY SOUTH & EVANS AVENUE EAST,1,3,0,0,1,3,0,,35,0,0,0,0,0,4,2,13
,2017_66301,39.678489,-104.9875605,3/2/2017 11:20,11:20,3,0,0,BROADWAY STREET 2100 BLOCK SOUTH & EVANS AVENUE WEST,1,1,0,0,1,1,0,,,0,0,0,0,0,4,2,13
,2017_66302,39.678489,-104.9875605,4/27/2017 11:54,11:54,15,0,0,BROADWAY STREET 2100 BLOCK SOUTH & EVANS AVENUE EAST,1,1,1,0,1,3,0,,30,0,0,0,0,0,4,2,13
,2017_66303,39.678489,-104.9875605,4/29/2017 4:58,4:58,3,0,0,BROADWAY STREET SOUTH & EVANS AVENUE WEST,4,2,0,2,1,1,0,,35,0,0,0,0,0,4,2,7
,2017_66304,39.678498,-104.987565,5/18/2017 13:49,13:49,15,0,0,BROADWAY & EVANS AVENUE WEST,2,1,0,2,1,1,0,,35,0,0,0,0,0,4,2,13
,2017_66306,39.674889,-104.9875335,2/18/2017 14:47,14:47,12,0,0,BROADWAY STREET SOUTH & ILIFF AVENUE WEST,1,1,0,0,1,1,0,,35,0,0,0,0,0,4,2,14
,2017_66307,39.687543,-104.9875245,2/12/2017 4:17,4:17,5,0,0,BROADWAY SOUTH & IOWA AVENUE WEST,1,3,0,0,2,3,0,,35,0,0,0,0,0,4,1,12
,2017_66308,39.687543,-104.9875245,7/25/2017 14:55,14:55,12,0,0,BROADWAY STREET 1500 SOUTH & IOWA AVENUE EAST,2,1,0,1,1,1,0,,30,0,0,0,0,1,4,2,13
,2017_66309,39.682116,-104.987583,9/24/2017 17:48,17:48,5,0,0,BROADWAY STREET SOUTH & JEWELL AVENUE 1900 BLOCK WEST,2,2,0,1,3,4,0,,30,0,0,0,0,0,4,1,3
,2017_66310,39.756951,-104.98743,6/14/2017 12:45,12:45,15,0,0,BROADWAY 2300 BLOCK & LARIMER STREET,1,1,0,0,1,4,0,,30,0,0,0,0,0,4,2,13
,2017_66311,39.756951,-104.98743,8/15/2017 19:08,19:08,15,0,0,BROADWAY STREET NORTH & LARIMER STREET,1,3,0,0,1,1,0,,30,0,0,0,0,0,4,2,13
,2017_66312,39.693024,-104.987466,1/6/2017 18:00,18:00,12,0,0,BROADWAY SOUTH & LOUISIANA AVENUE EAST,6,2,0,7,1,3,0,,35,0,0,0,0,1,4,2,16
,2017_66313,39.693024,-104.987466,8/19/2017 21:00,21:00,15,0,0,BROADWAY STREET SOUTH & LOUISIANA AVENUE EAST,1,3,0,0,1,4,0,,35,0,0,0,0,0,4,2,14
,2017_66314,39.696624,-104.9874525,3/1/2017 15:37,15:37,15,0,0,BROADWAY STREET 1100 BLOCK SOUTH & MISSISSIPPI AVENUE WEST,1,1,0,0,1,4,1,,35,0,0,0,0,0,4,2,13
,2017_66315,39.696624,-104.9874525,3/8/2017 13:40,13:40,12,0,0,BROADWAY 1000 BLOCK SOUTH & MISSISSIPPI AVENUE WEST,1,1,0,0,1,3,0,,30,0,0,0,0,0,4,2,1
,2017_66316,39.746961,-104.987412,8/17/2017 7:16,7:16,15,0,0,BROADWAY STREET NORTH & 19TH STREET,1,1,0,0,1,4,0,,30,0,0,0,0,0,4,2,13
,2017_66317,39.752667,-104.98743,4/3/2017 11:45,11:45,12,0,0,BROADWAY STREET NORTH & 22ND STREET,1,1,0,0,1,1,0,,35,0,0,0,0,0,4,2,1
,2017_66318,39.752667,-104.98743,9/22/2017 21:31,21:31,15,0,0,BROADWAY STREET NORTH & 22ND STREET,1,3,0,0,1,1,0,,,0,0,0,0,0,4,2,13
,2017_66319,39.750237,-104.9874075,1/11/2017 16:36,16:36,15,0,0,BROADWAY NORTH & STOUT STREET,1,2,0,7,1,4,0,,30,0,0,0,0,0,4,2,16
,2017_66320,39.698559,-104.987484,1/5/2017 13:42,13:42,15,0,0,BROADWAY SOUTH & TENNESSEE AVENUE EAST,4,1,0,4,1,1,0,,30,0,0,0,0,0,4,2,16
,2017_66321,39.698559,-104.987484,3/7/2017 11:00,11:00,15,0,0,BROADWAY STREET 1000 BLOCK SOUTH & TENNESSEE AVENUE EAST,1,1,0,0,1,4,0,,30,0,0,0,0,1,4,2,13
,2017_66322,39.698559,-104.987484,4/7/2017 17:29,17:29,15,0,0,BROADWAY STREET 1000 BLOCK SOUTH & TENNESSEE AVENUE WEST,1,1,0,0,1,4,0,,35,0,0,0,0,0,4,2,13
,2017_66323,39.707514,-104.98761,1/12/2017 12:55,12:55,15,0,0,BROADWAY STREET 400 BLOCK SOUTH & VIRGINIA AVENUE EAST,1,1,0,0,1,4,0,,35,0,0,0,0,0,4,2,13
,2017_66324,39.683961,-104.987565,8/18/2017 20:15,20:15,5,0,0,COLORADO AVENUE & 5143 WEST COLORADO AVENUE,1,3,0,0,2,4,0,,25,0,0,0,0,0,4,1,6
,2017_66325,39.707514,-104.98761,6/7/2017 14:30,14:30,3,0,0,BROADWAY STREET SOUTH & VIRGINIA AVENUE WEST,1,1,0,0,1,1,0,,30,0,0,0,0,0,4,2,13
,2017_66326,39.712896,-104.9769225,3/25/2017 14:30,14:30,6,0,0,EMERSON STREET 194 SOUTH & CEDAR AVENUE EAST,1,1,0,0,1,3,0,,20,0,0,0,0,0,4,2,13
,2017_66327,39.676698,-104.9875245,1/5/2017 11:17,11:17,6,0,0,BROADWAY STREET 2200 BLOCK SOUTH & WARREN AVENUE EAST,4,1,0,2,1,4,0,,35,0,0,0,0,0,4,2,14
,2017_66328,39.676698,-104.9875245,1/6/2017 6:45,6:45,5,0,0,BROADWAY SOUTH & WARREN AVENUE EAST,4,3,0,7,3,3,0,,35,0,0,0,0,0,4,1,16
,2017_66330,39.676698,-104.9875245,2/3/2017 7:48,7:48,8,0,2,BROADWAY STREET SOUTH & WARREN AVENUE EAST,5,1,0,0,6,4,0,,35,0,0,0,0,2,4,2,7
,2017_66331,39.747339,-104.9874345,2/15/2017 5:52,5:52,3,0,0,BROADWAY STREET NORTH & WELTON STREET,1,1,3,0,1,1,0,,30,0,0,0,0,1,4,2,13
,2017_66332,39.747339,-104.9874345,7/23/2017 16:00,16:00,12,0,0,BROADWAY STREET NORTH & WELTON STREET,1,1,0,0,1,1,0,,30,0,0,0,0,0,4,2,14
,2017_66333,39.747339,-104.9874345,8/5/2017 15:55,15:55,10,0,2,BROADWAY 1900 NORTH & WELTON STREET,1,3,0,0,1,4,0,,30,0,0,0,0,2,4,2,5
,2017_66334,39.667707,-104.987511,2/28/2017 23:44,23:44,5,0,0,BROADWAY SOUTH & YALE AVENUE WEST,1,3,0,0,3,1,0,,35,0,0,0,0,0,4,1,5
,2017_66335,39.667707,-104.987511,9/15/2017 13:25,13:25,15,0,0,BROADWAY STREET 2700 BLOCK SOUTH & YALE AVENUE EAST,1,1,0,0,1,4,0,,30,0,0,0,0,0,4,2,13
,2017_66336,39.666312,-104.9353245,2/14/2017 2:00,2:00,6,0,0,BROOK DRIVE 2775 SOUTH & CHERRY WAY SOUTH,1,3,1,0,1,1,0,,30,0,0,0,0,0,4,2,1
,2017_66337,39.76447081,-104.9361796,1/27/2017 12:04,12:04,15,0,0,BRUCE RANDOLPH AVENUE & 3100 BLOCK EAST,1,1,1,0,1,4,0,,30,0,0,0,0,0,4,2,1
,2017_66338,39.764448,-104.940504,5/3/2017 15:31,15:31,3,0,0,BRUCE RANDOLPH 4000 BLOCK EAST & COLORADO BOULEVARD NORTH,1,1,0,0,1,2,0,,30,0,0,0,0,0,4,2,14
,2017_66339,39.764484,-104.957325,2/22/2017 8:14,8:14,6,0,0,BRUCE RANDOLPH 2400 BLOCK EAST & COLUMBINE STREET NORTH,1,1,0,0,1,4,0,,,0,0,0,0,0,4,2,13
,2017_66340,39.764493,-104.9683815,10/1/2017 2:15,2:15,6,0,0,BRUCE RANDOLPH AVENUE EAST & FRANKLIN STREET NORTH,1,3,0,0,1,4,0,,,0,0,0,0,0,4,2,13
,2017_66341,39.764466,-104.9585625,9/3/2017 17:57,17:57,6,0,0,BRUCE RANDOLPH AVENUE EAST & JOSEPHINE STREET NORTH,1,1,0,0,1,4,0,,30,0,0,0,0,0,4,2,1
,2017_66342,39.764502,-104.97087,1/21/2017 2:00,2:00,6,0,0,BRUCE RANDOLPH AVENUE 1300 BLOCK EAST & LAFAYETTE STREET NORTH,1,3,0,0,1,4,0,,25,0,0,0,0,0,4,2,10
,2017_66343,39.679146,-105.05727,5/29/2017 3:00,3:00,6,0,0,EVANS AVENUE WEST & DEPEW STREET SOUTH,1,3,1,0,1,1,0,,35,0,0,0,0,0,4,2,13
,2017_66344,39.764448,-104.946255,8/28/2017 7:44,7:44,3,0,0,BRUCE RANDOLPH STREET EAST & MADISON STREET NORTH,1,1,0,0,1,1,0,,25,0,0,0,0,1,4,2,13
,2017_66345,39.764475,-104.945013,4/8/2017 0:39,0:39,6,0,1,BRUCE RANDOLPH 3500 BLOCK EAST & MONROE STREET NORTH,1,3,0,0,1,4,0,,35,0,0,0,0,2,4,2,5
,2017_66346,39.764448,-104.9406705,9/8/2017 16:20,16:20,12,0,0,BRUCE RANDOLPH AVENUE & BRUCE RANDOLPH AVENUE 4100,1,1,0,0,1,3,0,,25,0,0,0,0,1,4,2,14
,2017_66347,39.72044179,-105.018651,1/4/2017 16:15,16:15,12,0,0,BRYANT STREET & 2300 BLOCK NORTH,5,2,2,2,1,4,0,,25,0,0,0,0,0,4,2,13
,2017_66348,39.72933,-105.019236,9/27/2017 9:35,9:35,3,0,0,BRYANT STREET NORTH & EIGHTH AVENUE WEST,1,1,0,1,1,1,0,,30,0,0,0,0,1,4,2,3
,2017_66349,39.762009,-105.0189705,2/24/2017 17:46,17:46,3,0,0,BRYANT STREET NORTH & 32ND AVENUE WEST,1,3,0,0,1,1,0,,30,0,0,0,0,0,4,2,1
,2017_66350,39.770505,-105.018984,6/5/2017 21:34,21:34,6,0,0,BRYANT STREET NORTH & 39TH AVENUE,1,1,0,0,1,4,0,,25,0,0,0,0,0,4,2,14
,2017_66351,39.703914,-105.018075,2/26/2017 5:25,5:25,6,0,0,BRYANT STREET 600 BLOCK SOUTH & EXPOSITION AVENUE WEST,1,3,0,0,1,4,0,,25,0,0,0,0,0,4,2,13
,2017_66352,39.680109,-104.9407605,6/12/2017 16:30,16:30,3,0,0,BUCHTEL BOULEVARD 3900 BLOCK EAST & SOUTH COLORADO BOULEVARD,1,1,0,0,1,2,0,,30,0,0,0,0,0,4,2,13
,2017_66353,39.6927,-104.976954,1/24/2017 19:42,19:42,3,0,0,BUCHTEL BOULEVARD EAST & EMERSON STREET SOUTH,1,3,0,0,1,1,0,,30,0,0,0,0,0,4,2,13
,2017_66354,39.6927,-104.976954,8/12/2017 16:17,16:17,3,0,0,BUCHTEL BOULEVARD SOUTH & EMERSON STREET SOUTH,1,1,0,0,1,1,0,,30,0,0,0,0,1,4,2,13
,2017_66355,39.770046,-104.968413,8/14/2017 12:34,12:34,12,0,0,BUCHTEL BOULEVARD 1400 BLOCK EAST & HUMBOLDT / FRANKLIN,1,1,0,0,1,5,0,,30,0,0,0,0,0,4,2,13