id,drcog_id,latitude,longitude,crashtime,time,crashtype,numbkilled,numbinjurd,drcoglocat,rdconditin,lightngcon,roadcntgrd,weatherco,location,roaddescrp,constrzone,schoolzone,splimit,bikeinv,pedinv,sctrinv,motoinv,svrty,rdsystem,ttlvehcls,hcf
,2017_66356,39.682755,-104.959332,1/25/2017 16:43,16:43,5,0,0,BUCHTEL BOULEVARD 2200 BLOCK EAST & UNIVERSITY BOULEVARD SOUTH,1,5,1,0,3,1,0,,60,0,0,0,0,0,4,1,5
,2017_66357,39.79026,-104.8097835,6/27/2017 0:56,0:56,5,0,1,CHAMBERS ROAD NORTH & 53RD AVENUE EAST,1,3,1,0,3,1,0,,40,0,0,0,0,2,4,1,5
,2017_66358,39.682755,-104.959332,6/29/2017 9:48,9:48,1,0,0,BUCHTEL BOULEVARD EAST & UNIVERSITY BOULEVARD SOUTH,1,1,0,0,1,1,0,,30,0,0,0,0,0,4,2,12
,2017_66359,39.713049,-105.0121935,8/22/2017 17:17,17:17,12,0,0,BYERS DRIVE WEST & CEDAR AVENUE WEST,1,1,0,0,1,3,0,,25,0,0,0,0,0,4,2,7
,2017_66360,39.748932,-105.0012495,8/8/2017 14:00,14:00,10,0,0,14TH COURT & BLAKE STREET,2,1,0,1,1,1,0,,20,0,0,0,0,0,4,2,13
,2017_66361,39.778317,-104.9911695,8/9/2017 11:45,11:45,6,0,0,CAHITA COURT 4400 BLOCK NORTH & CHEROKEE STREET NORTH,1,1,0,0,1,4,0,,25,0,0,0,0,0,4,2,13
,2017_66362,39.750813,-104.984703,2/28/2017 7:59,7:59,12,0,0,CALIFORNIA STREET & 2200 CALIFORNIA STREET,1,1,0,0,1,4,0,,20,0,0,0,0,0,4,2,13
,2017_66363,39.74606507,-104.991029,1/19/2017 12:00,12:00,6,0,0,CALIFORNIA STREET & 2500 BLOCK,1,1,0,0,1,3,0,,,0,0,0,0,0,4,2,13
,2017_66364,39.74606507,-104.991029,7/24/2017 11:10,11:10,12,0,0,CALIFORNIA STREET 400 BLOCK & BANNOCK STREET,1,1,0,0,1,2,0,,30,0,0,0,0,0,4,2,13
,2017_66365,39.745224,-104.991633,2/3/2017 14:10,14:10,15,0,0,CALIFORNIA STREET 1600 BLOCK & 16TH STREET,1,1,0,0,1,4,0,,,0,0,0,0,0,4,2,13
,2017_66366,39.74700319,-104.9896679,5/28/2017 14:03,14:03,6,0,0,CALI FORNIA STREET 1800 BLOCK & 19TH STREET,1,1,0,0,1,4,0,,25,0,0,0,0,0,4,2,13
,2017_66367,39.749832,-104.986152,1/19/2017 17:50,17:50,10,0,0,CALIFORNIA STREET & 21ST STREET,1,3,0,0,1,1,0,,30,0,0,0,0,1,4,2,12
,2017_66368,39.75075,-104.984946,1/25/2017 9:39,9:39,10,0,0,CALIFORNIA STREET & 22ND STREET,1,1,0,0,1,1,0,,25,0,0,0,0,0,4,2,13
,2017_66369,39.75075,-104.984946,1/26/2017 12:56,12:56,15,0,0,CALIFORNIA STREET & 22ND STREET,1,1,1,0,1,1,0,,25,0,0,0,0,0,4,2,13
,2017_66370,39.75264,-104.9825115,1/31/2017 1:00,1:00,6,0,0,CALIFORNIA STREET 2445 & 24TH STREET,1,3,0,0,1,4,0,,30,0,0,0,0,0,4,3,13
,2017_66371,39.753576,-104.9813325,1/17/2017 16:03,16:03,3,0,0,CALIFORNIA STREET & 25TH STREET,1,1,0,7,1,1,0,,25,0,0,0,0,0,4,2,16
,2017_66372,39.712896,-104.9734035,1/24/2017 17:50,17:50,3,0,0,CEDAR AVENUE EAST & DOWNING STREET SOUTH,1,3,0,7,1,1,0,,25,0,0,0,0,0,4,2,7
,2017_66373,39.712896,-104.9734035,7/25/2017 17:08,17:08,3,0,0,CEDAR AVENUE EAST & DOWNING STREET SOUTH,1,1,0,0,1,1,0,,30,0,0,0,0,0,4,2,1
,2017_66374,39.713094,-104.9129415,1/4/2017 13:18,13:18,3,0,0,CEDAR AVENUE EAST & MONACO PARKWAY,3,1,1,2,1,1,0,,25,0,0,0,0,0,4,2,3
,2017_66375,39.712905,-104.9804055,10/3/2017 10:45,10:45,6,0,0,CEDAR AVENUE 500 BLOCK EAST & PEARL STREET SOUTH,1,1,0,0,1,4,0,,,0,0,0,0,0,4,2,13
,2017_66376,39.713364,-105.039693,6/12/2017 18:33,18:33,3,0,0,CEDAR AVENUE WEST & PERRY STREET SOUTH,1,1,0,0,1,1,0,,,0,0,0,0,0,4,2,13
,2017_66377,39.712959,-104.98509,4/29/2017 22:15,22:15,6,0,0,CEDAR AVENUE EAST & SHERMAN STREET SOUTH,2,3,0,2,1,4,0,,25,0,0,0,0,0,4,4,5
,2017_66378,39.712959,-104.98509,7/31/2017 0:45,0:45,6,0,0,CEDAR AVENUE 200 BLOCK EAST & SHERMAN STREET SOUTH,1,4,0,0,3,4,0,,25,0,0,0,0,0,4,3,5
,2017_66379,39.713049,-105.0110145,1/18/2017 8:24,8:24,3,0,0,CEDAR AVENUE WEST & TEJON STREET,1,1,0,0,1,1,0,,25,0,0,0,0,0,4,2,7
,2017_66380,39.706911,-104.8778145,4/13/2017 11:55,11:55,15,0,0,CENTER AVENUE EAST 9600 & CLINTON STREET SOUTH,1,1,0,0,1,4,0,,25,0,0,0,0,0,4,2,13
,2017_66381,39.69895094,-104.9991715,1/4/2017 7:50,7:50,10,0,1,CENTER AVENUE WEST & JASON STREET SOUTH,1,1,0,0,1,4,0,,30,0,0,0,0,2,4,2,13
,2017_66382,39.705696,-104.982804,1/11/2017 17:50,17:50,3,0,0,CENTER AVENUE EAST & LOGAN STREET SOUTH,1,3,0,7,1,1,0,,30,0,0,0,0,0,4,2,16
,2017_66383,39.660111,-104.902416,8/3/2017 16:44,16:44,3,0,0,CORNELL AVENUE EAST & TAMARAC DRIVE SOUTH,2,1,0,1,1,1,0,,25,0,0,0,0,1,4,2,7
,2017_66384,39.757896,-104.8906935,7/26/2017 11:55,11:55,1,0,0,CENTRAL PARK BOULEVARD NORTH & 29TH AVENUE EAST,1,1,0,0,1,1,0,,30,0,0,0,0,0,4,2,1
,2017_66385,39.774105,-104.882778,3/4/2017 17:26,17:26,12,0,0,CENTRAL PARK BOULEVARD NORTH & 40TH AVENUE EAST,1,1,0,0,1,1,0,,40,0,0,0,0,1,4,2,13
,2017_66386,39.774105,-104.882778,8/17/2017 14:45,14:45,15,0,0,CENTRAL PARK BL 4000 BLOCK NORTH & 40TH AVENUE EAST,1,1,0,0,1,3,0,,35,0,0,0,0,0,4,5,13
,2017_66387,39.759876,-104.890752,3/15/2017 12:05,12:05,15,0,0,CENTRAL PARK BOULEVARD NORTH & MLK BOULEVARD EAST,1,1,0,0,1,1,0,,35,0,0,0,0,0,4,2,13
,2017_66388,39.759876,-104.890752,8/29/2017 11:58,11:58,3,0,0,CENTRAL PARK BOULEVARD NORTH & MLK BOULEVARD EAST,1,1,0,0,1,1,0,,35,0,0,0,0,0,4,2,7
,2017_66389,39.785724,-104.883093,2/3/2017 6:45,6:45,12,0,0,CENTRAL PARK BOULEVARD & NORTHFIELD BOULEVARD,3,2,1,7,1,1,0,,35,0,0,0,0,0,4,2,14
,2017_66390,39.785724,-104.883093,3/17/2017 22:00,22:00,5,0,0,CENTRAL PARK BOULEVARD NORTH  & NORTHFIELD BOULEVARD,1,3,0,0,2,1,1,,15,0,0,0,1,0,4,1,13
,2017_66391,39.751758,-104.890041,1/5/2017 9:51,9:51,12,0,0,CENTRAL PARK BOULEVARD & VERBENA STREET NORTH,4,1,0,2,1,1,0,,40,0,0,0,0,0,4,2,16
,2017_66392,39.751929,-104.889852,4/8/2017 20:00,20:00,5,0,0,CENTRAL PARK BOULEVARD 2400 BLOCK NORTH & WABASH STREET,1,3,0,0,2,4,0,,35,0,0,0,0,0,4,1,13
,2017_66393,39.786669,-104.762502,9/23/2017 23:30,23:30,6,0,0,CEYLON WAY NORTH & CEYLON WAY 4895 NORTH,2,4,0,1,1,4,0,,,0,0,0,0,0,4,2,13
,2017_66394,39.801843,-104.76477,1/27/2017 0:44,0:44,6,0,0,CEYLON STREET NORTH & 58TH AVENUE EAST,1,3,0,0,1,4,0,,25,0,0,0,0,0,4,2,13
,2017_66395,39.79800079,-104.8096024,8/13/2017 21:03,21:03,12,0,0,CHAMBERS ROAD & 4600 BLOCK NORTH,1,3,0,0,1,4,0,,40,0,0,0,0,1,4,3,13
,2017_66396,39.776769,-104.809914,1/13/2017 18:02,18:02,1,0,0,CHAMBERS ROAD NORTH & 46TH AVENUE EAST,1,3,0,7,1,1,0,,15,0,0,0,0,1,4,2,16
,2017_66397,39.776769,-104.809914,8/22/2017 13:40,13:40,1,0,1,CHAMBERS ROAD NORTH & 46TH AVENUE EAST,1,1,0,0,1,1,0,,45,0,0,0,0,2,4,2,13
,2017_66398,39.80698464,-104.8845532,7/24/2017 15:11,15:11,15,0,0,CENTRAL PARK BL 2900 BLOCK NORTH & MARTIN LUTHER KIN EAST,1,1,0,0,1,3,0,,30,0,0,0,0,0,4,2,7
,2017_66399,39.783807,-104.809833,8/24/2017 16:15,16:15,3,0,0,CHAMBERS ROAD 5100 BLOCK NORTH & GATEWAY AVENUE EAST,1,1,0,0,1,1,0,,35,0,0,0,0,0,4,2,13
,2017_66400,39.78378,-104.809653,4/12/2017 17:12,17:12,15,0,0,CHAMBERS ROAD 7800 BLOCK NORTH & GREEN VALLEY RANCH BOULEVARD EAST,1,1,0,0,1,4,0,,30,0,0,0,0,0,4,2,1
,2017_66401,39.783771,-104.8096575,4/14/2017 11:00,11:00,12,0,0,CHAMBERS ROAD NORTH & GREEN VALLEY RANCH BOULEVARD EAST,1,1,0,0,1,1,0,,40,0,0,0,0,0,4,3,1
,2017_66402,39.74326881,-104.9981263,8/17/2017 11:15,11:15,15,0,0,CHAMPA STREET & 1600 BLOCK,1,1,0,0,1,4,0,,30,0,0,0,0,0,4,2,1
,2017_66403,39.74329418,-104.9978901,1/26/2017 3:00,3:00,3,0,0,CHAMPA STREET / STOUT STREET ALLEY & 1400 BLOCK,1,3,0,7,1,5,0,,5,0,0,0,0,0,4,2,16
,2017_66404,39.751542,-104.9874255,3/31/2017 22:27,22:27,10,0,0,CHAMPA STREET & BROADWAY STREET NORTH,2,4,0,1,1,1,0,,30,0,0,0,0,0,4,2,13
,2017_66405,39.74652,-104.9939235,4/18/2017 13:55,13:55,15,0,0,CHAMPA STREET & 16TH STREET,1,1,0,0,1,1,0,,30,0,0,0,0,0,4,2,14
,2017_66406,39.750264,-104.9891625,4/25/2017 11:28,11:28,10,0,0,CHAMPA STREET & 20TH STREET,1,1,1,0,1,1,0,,25,0,0,0,0,0,4,2,7
,2017_66407,39.75491487,-104.9829675,5/7/2017 1:17,1:17,6,0,0,CHAMPA STREET 2500 BLOCK & 25TH STREET,1,3,0,0,1,4,0,,25,0,0,0,0,0,4,5,5
,2017_66408,39.757752,-104.97942,6/2/2017 12:51,12:51,12,0,0,CHAMPA STREET & 28TH STREET,1,1,0,0,1,4,0,,30,0,0,0,0,0,4,2,14
,2017_66409,39.742263,-104.9993505,8/27/2017 17:07,17:07,15,0,0,CHAMPA STREET & SPEER BOULEVARD NORTH,1,1,0,0,1,1,0,,35,0,0,0,0,0,4,2,14
,2017_66410,39.742263,-104.9993505,8/28/2017 15:35,15:35,15,0,0,CHAMPA STREET & SPEER BOULEVARD NORTH,1,1,0,0,6,1,0,,35,0,0,0,0,0,4,2,13
,2017_66411,39.788838,-104.8222845,4/2/2017 15:50,15:50,6,0,0,CHANDLER WAY 5200 BLOCK NORTH & CRYSTAL STREET NORTH,1,1,0,0,1,4,0,,25,0,0,0,0,0,4,2,5
,2017_66412,39.716559,-104.992155,6/16/2017 15:39,15:39,6,0,0,CHEROKEE STREET NORTH & CHEROKEE STREET 1100 BLOCK NORTH,1,1,0,0,1,4,0,,30,0,0,0,0,0,4,2,7
,2017_66413,39.716559,-104.992155,2/16/2017 10:46,10:46,5,0,0,CHEROKEE STREET NORTH & CHEROKEE STREET 1331 NORTH,1,1,1,0,1,2,0,,10,0,0,0,0,0,4,1,1
,2017_66414,39.77666713,-104.9911518,8/18/2017 20:55,20:55,5,0,0,CHEROKEE STREET & 1955 SOUTH 40TH PLACE,1,3,0,0,5,4,0,,25,0,0,0,0,0,3,1,5
,2017_66415,39.73383,-104.99166,8/3/2017 13:32,13:32,6,0,0,CHEROKEE STREET NORTH & 11TH AVENUE WEST,1,1,0,0,1,4,0,,25,0,0,0,0,0,4,2,13
,2017_66416,39.711168,-104.99238,3/25/2017 13:20,13:20,14,0,0,CHEROKEE STREET 500 BLOCK SOUTH & ALAMEDA AVENUE WEST,1,1,0,0,1,4,0,,25,0,0,0,0,0,4,2,13
,2017_66417,39.711555,-104.947092,1/10/2017 22:30,22:30,5,0,0,CHERRY CREEK NORTH DRIVE & ALAMEDA AVENUE EAST,1,3,0,0,3,4,0,,,0,0,0,0,0,4,1,13
,2017_66418,39.711555,-104.947092,4/2/2017 2:05,2:05,5,0,0,CHERRY CREEK NORTH DRIVE EAST & ALAMEDA AVENUE EAST,1,3,0,0,3,1,0,,30,0,0,0,0,0,4,1,1
,2017_66419,39.706056,-104.940873,1/13/2017 5:33,5:33,5,0,0,CHERRY CREEK DRIVE NORTH & COLORADO BOULEVARD SOUTH,1,3,0,7,3,4,0,,35,0,0,0,0,0,4,1,1
,2017_66420,39.706056,-104.940873,1/17/2017 16:35,16:35,15,0,0,CHERRY CREEK SOUTH DRIVE & COLORADO BOULEVARD SOUTH,2,1,0,7,1,4,0,,30,0,0,0,0,0,4,2,16
,2017_66421,39.709188,-104.94432,3/4/2017 15:22,15:22,15,0,0,CHERRY CREEK NORTH DRIVE & DAKOTA AVENUE EAST,1,1,0,0,1,1,0,,25,0,0,0,0,0,4,2,13
,2017_66422,39.71932304,-105.0227727,1/9/2017 16:00,16:00,6,0,0,DECATUR STREET & 900 BLOCK NORTH,1,1,1,0,1,4,0,,30,0,0,0,0,0,4,2,13
,2017_66423,39.696597,-104.9219055,1/26/2017 19:10,19:10,12,0,0,CHERRY CREEK NORTH DRIVE & HOLLY STREET SOUTH,1,3,0,7,1,4,0,,30,0,0,0,0,1,4,2,7
,2017_66424,39.7114965,-104.946282,2/25/2017 5:12,5:12,5,0,0,CHERRY CREEK NORTH DRIVE EAST & MADISON STREET NORTH / ALAMEDA AVENUE EAST,1,3,0,0,3,4,0,,35,0,0,0,0,1,4,1,2
,2017_66425,39.690378,-104.91291,1/25/2017 8:05,8:05,12,0,0,CHERRY CREEK SOUTH DRIVE & MONACO PARKWAY SOUTH,1,1,0,7,1,3,0,,30,0,0,0,0,0,4,2,3
,2017_66426,39.712329,-104.9495715,4/21/2017 11:56,11:56,12,0,0,CHERRY CREEK SOUTH DRIVE & STEELE STREET SOUTH,1,1,1,0,1,1,0,,30,0,0,0,0,0,4,2,13
,2017_66427,39.683961,-104.987565,4/13/2017 16:00,16:00,6,0,0,COLORADO AVENUE WEST & COLORADO AVENUE 3271 WEST,1,1,0,0,1,4,0,,,0,0,0,0,0,4,2,13
,2017_66428,39.715263,-104.959323,1/17/2017 10:40,10:40,6,0,0,CHERRY CREEK SOUTH DRIVE 2400 BLOCK EAST & UNIVERSITY BL SOUTH,5,1,1,0,1,3,0,,25,0,0,0,0,1,4,6,7
,2017_66429,39.715263,-104.959323,9/14/2017 18:20,18:20,6,0,0,CHERRY CREEK SOUTH 2500 BLOCK EAST & UNIVERSITY BOULEVARD SOUTH,1,1,0,0,1,4,0,,35,0,0,0,0,0,4,3,13
,2017_66430,39.667455,-104.9344155,6/30/2017 11:25,11:25,3,0,0,CHERRY STREET 2600 BLOCK SOUTH & YALE AVENUE EAST,1,1,0,0,1,3,0,,25,0,0,0,0,0,4,2,12
,2017_66431,39.789999,-104.9771115,3/29/2017 15:05,15:05,6,0,0,CLARKSON STREET & 1400 BLOCK NORTH,1,1,0,0,1,4,0,,30,0,0,0,0,0,4,3,12
,2017_66432,39.746169,-104.9775435,1/17/2017 15:28,15:28,3,0,0,CLARKSON STREET NORTH & 19TH AVENUE EAST,2,1,0,7,1,1,0,,30,0,0,0,0,0,4,2,5
,2017_66433,39.74076,-104.956974,9/18/2017 12:53,12:53,6,0,0,COLUMBINE STREET NORTH & COLUMBINE STREET 1300 BLOCK NORTH,1,5,0,0,1,4,0,,25,0,0,0,0,0,4,2,13
,2017_66434,39.747501,-104.9775615,8/2/2017 14:56,14:56,15,0,0,CLARKSON STREET NORTH & 20TH AVENUE,1,1,0,0,1,4,0,,35,0,0,0,0,0,4,2,14
,2017_66435,39.74753112,-104.9769054,8/25/2017 9:18,9:18,6,0,0,CLARKSON STREET 2000 BLOCK NORTH & 22ND AVENUE EAST,1,1,0,0,1,4,0,,25,0,0,0,0,0,4,3,14
,2017_66436,39.711105,-104.97807,1/6/2017 16:15,16:15,3,0,1,CLARKSON STREET SOUTH & ALAMEDA AVENUE EAST,4,2,1,7,1,1,0,,25,0,0,0,0,2,4,2,16
,2017_66437,39.711105,-104.97807,6/28/2017 17:13,17:13,15,0,0,CLARKSON STREET 300 BLOCK SOUTH & ALAMEDA AVENUE EAST,1,1,0,0,1,1,0,,25,0,0,0,0,0,4,2,1
,2017_66438,39.720105,-104.9775525,4/26/2017 9:32,9:32,6,0,0,CLARKSON STREET 300 BLOCK NORTH & SPEER BOULEVARD EAST,1,1,0,0,1,4,0,,25,0,0,0,0,0,4,2,13
,2017_66439,39.716622,-105.0203835,2/2/2017 12:40,12:40,6,0,0,CLAY STREET & CLAY STREET 920 SOUTH,5,1,0,0,1,4,0,,25,0,0,0,0,0,4,2,1
,2017_66440,39.754818,-105.020514,6/1/2017 16:55,16:55,3,0,0,CLAY STREET NORTH & 26TH AVENUE WEST,1,1,0,0,1,1,0,,30,0,0,0,0,0,4,2,13
,2017_66441,39.680532,-105.020343,6/9/2017 16:20,16:20,10,0,0,CLAY STREET 2000 BLOCK SOUTH & ASBURY AVENUE WEST,1,1,0,0,1,4,0,,25,0,0,0,0,0,4,2,7
,2017_66442,39.709314,-105.020361,1/14/2017 13:21,13:21,15,0,0,CLAY STREET SOUTH & DAKOTA AVENUE WEST,1,1,0,0,1,1,0,,25,0,0,0,0,0,4,2,1
,2017_66443,39.709314,-105.020361,1/17/2017 9:30,9:30,6,0,0,CLAY STREET SOUTH & DAKOTA AVENUE WEST,5,5,1,0,1,4,0,,25,0,0,0,0,0,4,2,13
,2017_66444,39.74076,-104.956974,4/2/2017 7:46,7:46,6,0,0,COLUMBINE STREET & 1916 SOUTH COLUMBINE STREET,1,1,0,0,2,1,0,,30,0,0,0,0,0,4,2,14
,2017_66445,39.67866,-105.020352,4/4/2017 16:37,16:37,3,0,0,CLAY STREET 2000 BLOCK SOUTH & EVANS AVENUE WEST,1,1,0,0,1,2,0,,15,0,0,0,0,0,4,2,7
,2017_66446,39.7681155,-104.954598,8/28/2017 14:44,14:44,6,0,0,CLAYTON STREET & CLAYTON STREET 4052 NORTH,1,1,0,0,1,4,0,,25,0,0,0,0,0,4,2,7
,2017_66447,39.718197,-104.9558355,8/25/2017 7:44,7:44,1,0,0,CLAYTON LANE NORTH & FIRST AVENUE EAST,1,1,0,0,1,1,0,,30,0,0,0,0,0,4,2,13
,2017_66448,39.762009,-104.9548545,9/18/2017 9:41,9:41,3,0,0,CLAYTON STREET NORTH & MLK BOULEVARD EAST,1,1,0,0,1,1,0,,25,0,0,0,0,0,4,2,13
,2017_66449,39.732975,-105.02064,8/28/2017 9:21,9:21,6,0,0,CLAY WAY 958 NORTH & 10TH AVENUE WEST,1,1,0,0,1,4,0,,,0,0,0,0,0,4,2,13
,2017_66450,39.703887,-105.0215355,8/20/2017 20:38,20:38,6,0,0,DALE COURT 600 BLOCK SOUTH & EXPOSITION AVENUE WEST,1,3,0,0,1,4,0,,25,0,0,0,0,0,4,3,1
,2017_66451,39.789621,-105.05934,1/15/2017 13:49,13:49,3,0,0,CLEAR CREEK DRIVE 5800 BLOCK WEST & EATON STREET NORTH,1,1,0,0,1,2,0,,25,0,0,0,0,0,4,2,13
,2017_66452,39.668535,-105.0250815,4/3/2017 8:00,8:00,3,0,0,COLLEGE AVENUE 2900 BLOCK WEST & FEDERAL BOULEVARD SOUTH,1,1,0,0,1,2,0,,25,0,0,0,0,0,4,2,13
,2017_66453,39.684114,-105.0191865,1/21/2017 8:00,8:00,6,0,0,COLORADO AVENUE WEST & CANOSA COURT SOUTH,1,1,0,0,1,4,0,,25,0,0,0,0,0,4,2,3
,2017_66454,39.680109,-104.9407605,1/11/2017 14:50,14:50,15,0,0,COLORADO CENTER DRIVE EAST & COLORADO BOULEVARD SOUTH,1,1,0,7,1,4,0,,25,0,0,0,0,0,4,2,14
,2017_66455,39.68406,-105.0110415,4/6/2017 9:00,9:00,6,0,0,COLORADO AVENUE WEST & TEJON STREET SOUTH,1,1,1,0,1,2,0,,25,0,0,0,0,0,4,2,13
,2017_66456,39.74076,-104.956974,8/25/2017 20:55,20:55,6,0,0,COLUMBINE STREET NORTH & COLUMBINE STREET 4400 BLOCK NORTH,1,3,0,0,1,4,0,,25,0,0,0,0,0,4,2,5
,2017_66457,39.720978,-104.9570415,6/4/2017 12:38,12:38,12,0,0,COLUMBINE STREET NORTH & THIRD AVENUE EAST,1,1,0,0,1,4,0,,25,0,0,0,0,0,4,2,13
,2017_66458,39.733839,-104.9571225,7/18/2017 19:38,19:38,6,0,0,COLUMBINE STREET 1100 BLOCK NORTH & 12TH AVENUE EAST,1,3,0,0,1,4,0,,25,0,0,0,0,0,4,4,12
,2017_66459,39.735306,-104.9572125,2/19/2017 10:00,10:00,6,0,0,COLUMBINE STREET 1200 BLOCK NORTH & 13TH AVENUE EAST,1,1,0,0,1,4,0,,25,0,0,0,0,0,4,2,1
,2017_66460,39.782106,-104.9567625,1/16/2017 4:00,4:00,6,0,0,COLUMBINE STREET 4700 BLOCK NORTH & 47TH AVENUE EAST,1,4,0,0,1,4,0,,30,0,0,0,0,0,4,2,13
,2017_66461,39.78924676,-104.956935,8/11/2017 23:45,23:45,6,0,0,COLUMBINE STREET 5100 BLOCK NORTH & 51ST AVENUE EAST,1,3,0,0,1,4,0,,35,0,0,0,0,0,4,2,13
,2017_66462,39.78947618,-104.94756,8/4/2017 12:29,12:29,6,0,0,COOK STREET & 1300 BLOCK NORTH,1,1,1,0,1,4,0,,25,0,0,0,0,0,4,2,7
,2017_66463,39.662118,-105.0228045,1/17/2017 15:32,15:32,12,0,0,CORNELL AVENUE WEST & DECATUR STREET SOUTH,1,1,0,0,1,4,0,,25,0,0,0,0,1,4,2,3
,2017_66464,39.698532,-105.021531,4/12/2017 15:15,15:15,6,0,0,DALE COURT SOUTH & TENNESSEE AVENUE WEST,1,1,0,0,1,4,0,,,0,0,0,0,0,4,2,13
,2017_66465,39.730437,-104.974101,6/30/2017 14:28,14:28,3,0,0,CORONA STREET 900 BLOCK NORTH & NINTH AVENUE EAST,1,1,0,0,1,2,0,,5,0,0,0,0,0,4,2,13
,2017_66466,39.730437,-104.974101,8/30/2017 19:55,19:55,6,0,1,CORONA STREET 900 BLOCK NORTH & NINTH AVENUE EAST,1,3,0,0,1,4,0,,30,0,0,0,0,2,4,2,14
,2017_66467,39.663711,-105.022782,3/24/2017 2:23,2:23,6,0,0,DECATUR STREET SOUTH & BATES AVENUE WEST,1,3,0,0,1,4,0,,25,0,0,0,0,0,4,3,13
,2017_66468,39.732039,-104.9741055,1/12/2017 12:40,12:40,3,0,0,CORONA STREET NORTH & 10TH AVENUE EAST,1,1,0,7,1,1,0,,30,0,0,0,0,0,4,2,16
,2017_66469,39.73520199,-104.9740757,8/18/2017 3:00,3:00,15,0,0,CORONA STREET 1200 BLOCK NORTH & 13TH AVENUE EAST,2,3,0,0,1,4,0,,30,0,0,0,0,0,4,2,13
,2017_66470,39.714714,-104.974497,10/9/2017 16:40,16:40,6,0,0,CORONA STREET 100 BLOCK SOUTH & BAYAUD AVENUE EAST,2,2,0,0,1,5,0,,10,0,0,0,0,0,4,2,7
,2017_66471,39.678516,-104.974605,1/3/2017 7:56,7:56,3,0,0,CORONA STREET SOUTH & EVANS AVENUE EAST,1,1,0,0,1,1,0,,25,0,0,0,0,0,4,2,13
,2017_66472,39.71835,-104.9745915,8/14/2017 11:40,11:40,10,0,0,CORONA STREET NORTH & SPEER BOULEVARD EAST,1,1,0,0,1,1,0,,30,0,0,0,0,0,4,2,7
,2017_66473,39.740652,-104.9911335,9/20/2017 16:16,16:16,12,0,0,COURT PLACE & 14TH STREET,1,1,0,0,1,5,0,,10,0,0,0,0,0,4,2,8
,2017_66474,39.742506,-104.988681,6/8/2017 11:20,11:20,10,0,0,COURT PLACE & 16TH STREET,1,1,0,0,1,1,0,,30,0,0,0,0,0,4,2,2
,2017_66475,39.78871052,-104.8280762,4/21/2017 10:00,10:00,6,0,0,CROWN BOULEVARD 5100 BLOCK NORTH & 51ST AVENUE EAST,1,1,0,0,6,4,0,,25,0,0,0,0,0,4,2,1
,2017_66476,39.782376,-104.8329135,7/30/2017 16:00,16:00,15,0,1,CROWN BOULEVARD 5500 BLOCK NORTH & BLACKHAWK WAY NORTH,2,1,0,0,1,2,0,,30,0,0,0,1,2,4,3,7
,2017_66477,39.78583826,-104.8301366,3/9/2017 17:40,17:40,1,0,0,CROWN BOULEVARD 15600 NORTH & GREEN VALLEY RANCH BOULEVARD EAST,1,2,0,0,1,2,0,,35,0,0,0,0,1,4,2,13
,2017_66478,39.780144,-104.829624,1/12/2017 8:16,8:16,6,0,0,CRYSTAL STREET 4700 BLOCK NORTH & ELK PLACE EAST,1,1,0,0,1,4,0,,25,0,0,0,0,0,4,2,13
,2017_66479,39.762414,-104.97465,8/18/2017 8:14,8:14,6,0,0,CURTIS STREET 3200 BLOCK & 33RD AVENUE EAST,1,1,0,0,1,4,0,,25,0,0,0,0,0,4,2,13
,2017_66480,39.752874,-104.9874255,1/11/2017 11:35,11:35,6,0,0,CURTIS STREET & BROADWAY,1,1,0,0,1,1,0,,30,0,0,0,0,0,4,2,13
,2017_66481,39.752874,-104.9874255,9/30/2017 23:00,23:00,15,0,0,CURIS STREET & BROADWAY STREET NORTH,1,3,0,0,1,1,0,,25,0,0,0,0,1,4,2,13
,2017_66482,39.745305,-104.9971905,4/8/2017 1:50,1:50,12,0,0,CURTIS STREET 1400 & 14TH STREET,1,3,0,0,1,4,0,,,0,0,0,0,0,4,2,13
,2017_66483,39.746196,-104.995593,6/9/2017 11:56,11:56,12,0,0,CURTIS STREET 1500 BLOCK & 16TH STREET,1,1,0,0,1,2,0,,25,0,0,0,0,0,4,2,13
,2017_66484,39.749049,-104.9923935,1/7/2017 11:22,11:22,3,0,0,CURTIS STREET & 18TH STREET,5,1,0,2,1,1,0,,25,0,0,0,0,0,4,2,1
,2017_66485,39.752757,-104.9875515,4/23/2017 20:26,20:26,15,0,0,CURTIS STREET & 22ND STREET,1,2,0,0,1,1,0,,30,0,0,0,0,0,4,2,13
,2017_66486,39.706488,-105.0293925,3/15/2017 7:38,7:38,12,0,0,CUSTER PLACE & 3274 WEST CUSTER PLACE,1,1,0,0,1,2,0,,25,0,0,0,0,0,4,4,13
,2017_66487,39.716235,-104.9316345,6/28/2017 15:40,15:40,5,0,0,DAHLIA STREET NORTH & DAHLIA STREET 2824 NORTH,1,1,0,0,1,4,0,,25,0,0,0,0,0,4,1,14
,2017_66488,39.729222,-104.9304825,8/2/2017 13:40,13:40,3,0,0,DAHLIA/ EUDORA NORTH  & EIGHTH AVENUE EAST,1,1,0,0,1,5,0,,30,0,0,0,0,0,4,2,13
,2017_66489,39.76283001,-104.9733612,8/20/2017 12:00,12:00,6,0,0,DOWNING STREET & 1218 NORTH,1,3,0,0,1,5,0,,10,0,0,0,0,0,4,2,1