id,drcog_id,latitude,longitude,crashtime,time,crashtype,numbkilled,numbinjurd,drcoglocat,rdconditin,lightngcon,roadcntgrd,weatherco,location,roaddescrp,constrzone,schoolzone,splimit,bikeinv,pedinv,sctrinv,motoinv,svrty,rdsystem,ttlvehcls,hcf
,2017_66490,39.779757,-104.9317335,1/29/2017 6:01,6:01,3,0,0,DAHLIA STREET NORTH & 46TH AVENUE EAST,1,3,0,0,1,1,0,,40,0,0,0,0,0,4,2,13
,2017_66491,39.779757,-104.9317335,8/25/2017 7:52,7:52,10,0,0,DAHLIA STREET NORTH & 46TH AVENUE EAST,1,1,0,0,1,1,0,,25,0,0,0,0,0,4,2,14
,2017_66492,39.678444,-104.931612,1/31/2017 7:39,7:39,15,0,0,DAHLIA STREET SOUTH & EVANS AVENUE EAST,1,1,0,0,1,1,0,,35,0,0,0,0,0,4,2,7
,2017_66493,39.678444,-104.931612,7/15/2017 14:04,14:04,15,0,0,DAHLIA STREET 2000 BLOCK SOUTH & EVANS AVENUE EAST,1,1,0,0,1,1,0,,,0,0,0,0,0,4,2,13
,2017_66495,39.678444,-104.931612,8/18/2017 15:40,15:40,3,0,0,DAHLIA STREET SOUTH & EVANS AVENUE EAST,1,1,0,0,1,1,0,,30,0,0,0,0,1,4,2,13
,2017_66496,39.678444,-104.931612,8/18/2017 23:00,23:00,1,0,0,DAHLIA STREET SOUTH & EVANS AVENUE EAST,1,3,0,0,1,1,0,,40,0,0,0,0,0,4,2,13
,2017_66497,39.689325,-104.931702,3/19/2017 0:17,0:17,6,0,0,DAHLIA STREET 1400 BLOCK SOUTH & FLORIDA AVENUE EAST,1,3,0,0,1,4,0,,30,0,0,0,0,1,4,3,3
,2017_66498,39.762,-104.9318325,1/5/2017 12:42,12:42,12,0,1,DAHLIA STREET NORTH & MLK BOULEVARD,4,1,0,2,1,3,0,,25,0,0,0,0,2,4,2,16
,2017_66499,39.779757,-104.9317335,1/27/2017 6:34,6:34,15,0,0,DAHLIA STREET NORTH & STAPLETON NORTH DRIVE,1,3,0,7,1,4,0,,25,0,0,0,0,0,4,2,16
,2017_66500,39.779757,-104.9317335,6/4/2017 21:42,21:42,3,0,2,DAHLIA STREET NORTH & STAPLETON NORTH DRIVE EAST,1,3,0,0,1,1,0,,30,0,0,0,0,2,4,3,13
,2017_66502,39.709314,-104.98761,3/14/2017 14:15,14:15,6,0,0,DAKOTA AVENUE EAST & DAKOTA AVENUE 3800 EAST,1,1,0,0,1,4,0,,25,0,0,0,0,0,4,2,3
,2017_66503,39.709296,-104.9827815,3/9/2017 17:07,17:07,15,0,0,DAKOTA AVENUE EAST & LOGAN STREET SOUTH,1,1,0,0,1,1,0,,25,0,0,0,0,0,4,2,13
,2017_66504,39.682449,-105.0212205,7/16/2017 13:55,13:55,6,0,0,DALE COURT & 1894 SOUTH DALE COURT,1,1,0,0,1,4,0,,20,0,0,0,0,0,4,4,7
,2017_66505,39.714714,-104.973444,4/22/2017 18:15,18:15,12,0,0,DOWNING STREET SOUTH & BAYAUD AVENUE EAST,1,1,0,0,1,4,0,,,0,0,0,0,0,4,2,13
,2017_66506,39.66040628,-104.9660054,1/6/2017 18:20,18:20,14,0,0,DARTMOUTH AVENUE & 5200 BLOCK SOUTH,5,3,0,0,1,4,0,,60,0,0,0,0,0,4,2,14
,2017_66507,39.660336,-104.894172,7/16/2017 0:10,0:10,15,0,0,DARTMOUTH AVENUE & 10500 BLOCK EAST,1,3,0,0,1,4,0,,30,0,0,0,0,1,4,2,7
,2017_66508,39.658914,-105.064704,9/29/2017 7:41,7:41,15,0,0,DARTMOUTH AVENUE WEST & INGALLS WAY SOUTH,1,1,0,0,1,4,0,,30,0,0,0,0,1,4,2,9
,2017_66509,39.66021,-104.862312,7/18/2017 18:35,18:35,3,0,1,DARTMOUTH AVENUE EAST & JAMAICA COURT SOUTH,1,1,1,0,1,3,0,,35,0,0,0,0,2,4,2,3
,2017_66510,39.659211,-105.043383,1/27/2017 11:11,11:11,3,0,0,DARTMOUTH AVENUE WEST & RALEIGH STREET SOUTH,1,1,0,0,1,1,0,,30,0,0,0,0,0,4,2,13
,2017_66511,39.656169,-105.0532335,3/3/2017 17:45,17:45,10,0,0,DARTMOUTH AVENUE 5100 BLOCK WEST & SHERIDAN BOULEVARD SOUTH,1,1,0,0,1,4,0,,25,0,0,0,0,0,4,2,14
,2017_66513,39.66669,-104.872617,3/16/2017 10:35,10:35,6,0,1,DAYTON WAY SOUTH 2600 BLOCK & ELMIRA STREET SOUTH,1,1,1,0,1,4,0,,60,0,0,0,0,2,4,2,12
,2017_66515,39.671568,-104.8753035,8/4/2017 22:35,22:35,6,0,0,DAYTON WAY 2500 BLOCK SOUTH & HARVARD AVENUE EAST,1,3,1,0,1,4,0,,,0,0,0,0,0,4,4,13
,2017_66516,39.707496,-105.022683,7/15/2017 20:43,20:43,6,0,0,DECATUR STREET 500 BLOCK SOUTH & VIRGINIA AVENUE WEST,1,3,0,0,1,4,0,,25,0,0,0,0,0,4,4,7
,2017_66517,39.716622,-105.0227505,5/20/2017 12:25,12:25,6,0,0,DECATUR STREET & 4990 NORTH DECATUR STREET,1,1,0,0,1,1,0,,25,0,0,0,0,0,4,3,14
,2017_66518,39.758454,-105.022053,1/6/2017 9:53,9:53,3,0,0,DECATUR STREET NORTHBOUND & 29TH AVENUE WEST,4,1,0,2,1,5,0,,20,0,0,0,0,0,4,3,14
,2017_66519,39.758454,-105.022053,1/21/2017 10:43,10:43,6,0,0,DECATUR STREET NORTH & 29TH AVENUE WEST,1,2,1,0,1,4,0,,25,0,0,0,0,0,4,3,13
,2017_66520,39.711141,-105.022692,2/20/2017 1:55,1:55,6,0,0,DECATUR STREET 250 SOUTH & ALAMEDA AVENUE WEST,1,3,0,0,1,4,0,,25,0,0,0,0,0,4,2,5
,2017_66521,39.711141,-105.022692,9/18/2017 1:49,1:49,6,0,0,DECATUR STREET 200 BLOCK SOUTH & ALAMEDA AVENUE WEST,1,3,0,0,1,4,0,,25,0,0,0,0,0,4,2,5
,2017_66522,39.690801,-105.022224,1/15/2017 0:00,0:00,6,0,0,DECATUR STREET SOUTH & ARKANSAS AVENUE WEST,1,3,0,0,1,3,0,,,0,0,0,0,1,4,2,5
,2017_66523,39.716622,-105.0227505,9/17/2017 17:15,17:15,6,0,0,DECATUR STREET NORTH & ELLSWORTH AVENUE WEST,1,1,0,0,1,4,0,,25,0,0,0,0,0,4,2,14
,2017_66524,39.700404,-105.0226965,8/18/2017 12:38,12:38,3,0,0,DECATUR STREET SOUTH & KENTUCKY AVENUE WEST,1,1,0,0,1,1,0,,25,0,0,0,0,0,4,2,13
,2017_66525,39.73690238,-104.9928761,3/6/2017 15:06,15:06,15,0,0,DELAWARE STREET 1300 BLOCK NORTH & 13TH AVENUE WEST,1,1,0,0,1,1,0,,30,0,0,0,0,0,4,2,13
,2017_66526,39.735468,-104.992632,8/23/2017 15:55,15:55,10,0,1,DELAWARE STREET 1200 BLOCK NORTH & 13TH AVENUE WEST,1,1,0,0,1,2,1,,30,0,0,0,1,2,4,2,13
,2017_66527,39.678246,-104.9923035,8/24/2017 12:20,12:20,12,0,0,DELAWARE STREET 2100 BLOCK SOUTH & EVANS AVENUE WEST,1,1,0,0,1,4,0,,25,0,0,0,0,0,4,2,1
,2017_66528,39.757653,-104.9966415,6/23/2017 8:49,8:49,6,0,0,DELGANY STREET 2100 BLOCK & 21ST AVENUE,1,1,0,0,1,4,0,,20,0,0,0,0,0,4,2,14
,2017_66529,39.752298,-105.003873,8/1/2017 17:23,17:23,3,0,0,DELGANY STREET & 15TH STREET,1,1,0,0,1,1,0,,30,0,0,0,0,0,4,2,8
,2017_66530,39.757653,-104.9966415,1/1/2017 14:41,14:41,6,0,0,DELGANY STREET 2100 BLOCK & 21ST STREET,1,1,0,0,1,4,0,,25,0,0,0,0,0,4,4,2
,2017_66531,39.761442,-104.991003,7/19/2017 13:30,13:30,12,0,0,DENARGO STREET 3200 BLOCK & DELGANY STREET,1,1,0,0,1,4,0,,30,0,0,0,0,0,4,2,13
,2017_66532,39.770199,-105.02289,8/10/2017 16:02,16:02,6,0,0,DENVER PLACE 2900 BLOCK WEST & ELIOT PLACE NORTH,1,1,0,0,1,4,0,,25,0,0,0,0,0,4,2,13
,2017_66534,39.680244,-104.9330565,8/10/2017 15:30,15:30,6,0,0,DEXTER STREET 2000 BLOCK SOUTH & ASBURY AVENUE EAST,1,1,0,0,1,4,0,,25,0,0,0,0,0,4,2,5
,2017_66535,39.789468,-104.8209615,1/19/2017 7:20,7:20,14,0,0,DILLON STREET NORTH & 52ND AVENUE EAST,5,1,0,0,1,1,0,,25,0,0,0,0,0,4,2,3
,2017_66536,39.676689,-104.973462,3/2/2017 15:36,15:36,6,0,0,DOWING STREET 2300 BLOCK SOUTH & WARREN AVENUE EAST,1,1,1,0,1,4,0,,30,0,0,0,0,0,4,3,3
,2017_66537,39.76283001,-104.9733612,4/29/2017 9:54,9:54,12,0,0,DOWNING STREET & 1100 BLOCK NORTH,2,1,1,2,1,4,0,,65,0,0,0,0,0,4,2,2
,2017_66538,39.73271486,-104.972994,9/14/2017 12:10,12:10,12,0,0,DOWNING STREET NORTH & 3100 BLOCK NORTH,1,1,0,0,1,4,0,,30,0,0,0,0,0,4,2,13
,2017_66539,39.725586,-104.972922,1/11/2017 15:13,15:13,12,0,0,DOWNING STREET NORTH & SIXTH AVENUE EAST,1,1,1,7,1,1,0,,30,0,0,0,0,0,4,2,1
,2017_66540,39.729069,-104.972958,3/15/2017 21:15,21:15,14,0,0,DOWNING STREET NORTH & EIGHTH AVENUE EAST,1,3,0,0,1,1,0,,35,0,0,0,0,0,4,2,5
,2017_66541,39.730446,-104.9729625,1/3/2017 19:09,19:09,15,0,0,DOWNING STREET NORTH & NINTH AVENUE EAST,1,3,0,7,1,4,0,,30,0,0,0,0,0,4,2,16
,2017_66542,39.751956,-104.973354,9/4/2017 18:06,18:06,6,0,0,DOWNING STREET NORTH & 24TH AVENUE EAST,1,1,0,0,1,3,0,,30,0,0,0,0,0,4,2,14
,2017_66543,39.760758,-104.9733405,2/3/2017 15:00,15:00,3,0,0,DOWNING STREET NORTH & 31ST AVENUE EAST,1,1,0,7,1,1,0,,30,0,0,0,0,0,4,2,3
,2017_66544,39.765753,-104.973354,1/7/2017 22:13,22:13,12,0,0,DOWNING STREET NORTH & 35TH AVENUE EAST,10,3,0,7,1,1,0,,30,0,0,0,0,0,4,2,7
,2017_66545,39.71655,-105.031233,6/30/2017 11:00,11:00,6,0,0,JULIAN WAY SOUTH & JULIAN WAY 1640 SOUTH,1,1,0,0,1,4,0,,,0,0,0,0,0,4,2,13
,2017_66546,39.712896,-104.9734035,3/3/2017 19:23,19:23,6,0,0,DOWNING STREET 200 BLOCK NORTH & CEDAR AVENUE EAST,1,3,0,0,1,4,0,,25,0,0,0,0,0,4,3,13
,2017_66548,39.716523,-104.97339,1/2/2017 10:49,10:49,3,0,0,DOWNING STREET NORTH & ELLSWORTH AVENUE EAST,1,1,0,0,1,1,0,,60,0,0,0,0,0,4,2,13
,2017_66549,39.716523,-104.97339,9/29/2017 8:23,8:23,3,0,0,DOWNING STREET NORTH & ELLSWORTH AVENUE EAST,1,1,0,0,1,1,0,,25,0,0,0,0,0,4,2,13
,2017_66550,39.678507,-104.973444,1/27/2017 16:26,16:26,3,0,0,DOWNING STREET 2100 BLOCK SOUTH & EVANS AVENUE EAST,1,1,0,0,1,1,0,,35,0,0,0,0,0,4,2,13
,2017_66551,39.703842,-104.973372,1/19/2017 8:48,8:48,12,0,0,DOWNING STREET SOUTH & EXPOSITION AVENUE EAST,1,1,0,7,1,3,0,,30,0,0,0,0,0,4,2,3
,2017_66552,39.674889,-104.973471,1/26/2017 18:45,18:45,6,0,0,DOWNING 2200 BLOCK SOUTH & ILIFF AVENUE EAST,1,3,0,0,1,4,0,,25,0,0,0,0,0,4,2,12
,2017_66553,39.68757,-104.973444,1/4/2017 17:00,17:00,3,0,0,DOWNING STREET SOUTH & IOWA AVENUE EAST,3,2,1,7,1,2,0,,25,0,0,0,0,0,4,2,7
,2017_66554,39.766446,-104.973381,8/12/2017 23:59,23:59,3,0,0,DOWNING STREET NORTH & LAWRENCE STREET,1,3,0,0,1,1,0,,25,0,0,0,0,1,4,2,13
,2017_66555,39.692988,-104.973417,2/3/2017 11:55,11:55,12,0,0,DOWNING STREET SOUTH & LOUISIANA AVENUE EAST,1,1,0,0,1,4,0,,30,0,0,0,0,1,4,3,3
,2017_66556,39.692988,-104.973417,8/23/2017 16:41,16:41,5,0,0,DOWNING STREET SOUTH & LOUISIANA AVENUE EAST,1,1,0,0,3,3,0,,30,0,0,0,0,0,4,1,13
,2017_66557,39.755727,-104.972751,3/4/2017 18:45,18:45,15,0,0,DOWNING STREET NORTH & MARION STREET NORTH,1,3,0,0,1,3,0,,30,0,0,0,0,0,4,2,13
,2017_66558,39.743793,-104.9734035,1/24/2017 14:40,14:40,3,0,0,DOWNING STREET NORTH & PARK AVENUE WEST,1,1,0,7,1,1,0,,30,0,0,0,0,0,4,2,7
,2017_66559,39.718278,-104.973777,3/14/2017 7:14,7:14,15,0,0,DOWNING STREET 100 BLOCK NORTH & SPEER BOULEVARD EAST,1,1,0,0,1,2,0,,30,0,0,0,0,0,4,2,13
,2017_66560,39.698406,-104.9734035,1/24/2017 5:07,5:07,6,0,0,DOWNING STREET 900 BLOCK SOUTH & TENNESSEE AVENUE EAST,1,1,0,0,1,4,0,,30,0,0,0,0,0,4,3,3
,2017_66561,39.785103,-104.8357755,8/28/2017 0:10,0:10,6,0,0,ELGIN DRIVE EAST & ELGIN DRIVE 12900 BLOCK EAST,1,3,0,0,1,4,0,,25,0,0,0,0,0,4,2,13
,2017_66562,39.673098,-104.973462,4/7/2017 11:31,11:31,6,0,0,DOWNING STREET 2400 BLOCK SOUTH & WESLEY AVENUE,1,1,1,0,1,4,0,,25,0,0,0,0,0,4,2,13
,2017_66563,39.698406,-104.9734035,8/13/2017 4:51,4:51,6,0,0,DOWNING STREET 1000 BLOCK SOUTH & TENNESSEE AVENUE SOUTH,1,3,0,0,1,4,0,,35,0,0,0,0,0,4,2,13
,2017_66564,39.624219,-104.8898565,1/17/2017 9:08,9:08,12,0,0,DTC BOULEVARD & BELLEVIEW AVENUE EAST,11,1,0,7,1,4,0,,40,0,0,0,0,1,4,2,16
,2017_66565,39.624219,-104.8898565,2/3/2017 7:30,7:30,12,0,0,DTC BOULEVARD & BELLEVIEW AVENUE EAST,5,1,0,4,1,4,0,,35,0,0,0,0,0,4,3,7
,2017_66566,39.624219,-104.8898565,9/21/2017 17:00,17:00,3,0,0,DTC BOULEVARD 4900 BLOCK SOUTH & BELLEVIEW AVENUE EAST,1,1,0,0,1,1,0,,35,0,0,0,0,0,4,2,7
,2017_66567,39.631356,-104.8923,1/25/2017 12:14,12:14,1,0,0,DTC BOULEVARD & UNION AVENUE EAST,1,1,1,7,1,1,0,,35,0,0,0,0,0,4,2,16
,2017_66568,39.78667464,-104.8191715,9/10/2017 4:25,4:25,6,0,0,DULUTH COURT NORTH & 4700 BLOCK NORTH,1,3,0,0,1,4,0,,25,0,0,0,0,0,4,3,10
,2017_66569,39.782763,-104.821254,8/5/2017 20:37,20:37,6,0,0,DULUTH COURT 4800 BLOCK NORTH & BOLLING DRIVE EAST,2,3,0,1,1,4,0,,25,0,0,0,0,0,4,3,14
,2017_66570,39.793896,-104.81535,10/2/2017 12:20,12:20,12,0,0,EAGLE STREET 5500 BLOCK NORTH & MAXWELL DRIVE EAST,1,1,0,0,1,4,0,,25,0,0,0,0,0,4,2,13
,2017_66571,39.638727,-104.904081,1/5/2017 18:15,18:15,1,0,0,EASTMOOR DRIVE EAST & QUINCY AVENUE,5,3,0,7,1,2,0,,35,0,0,0,0,0,4,2,16
,2017_66572,39.725676,-104.994063,8/1/2017 11:57,11:57,3,0,0,ELATI STREET EAST & SIXTH AVENUE WEST,1,1,0,0,1,1,0,,35,0,0,0,0,0,4,2,13
,2017_66573,39.736017,-104.993802,9/25/2017 12:10,12:10,6,0,0,ELATI STREET 1200 BLOCK NORTH & 13TH AVENUE WEST,1,1,0,0,1,4,0,,,0,0,0,0,0,4,2,13
,2017_66574,39.714795,-104.993982,3/30/2017 8:16,8:16,6,0,0,ELATI STREET 100 BLOCK SOUTH & BAYAUD AVENUE WEST,1,1,0,0,1,4,0,,25,0,0,0,0,0,4,2,13
,2017_66575,39.703887,-105.023853,8/18/2017 6:52,6:52,6,0,0,ELIOT STREET 700 BLOCK SOUTH & EXPOSITION AVENUE WEST,1,1,1,0,1,4,0,,25,0,0,0,0,0,4,3,13
,2017_66576,39.76934738,-105.0228326,1/7/2017 12:20,12:20,3,0,0,ELIOT STREET 3800 BLOCK NORTH & 38TH STREET ALLEY WEST,6,1,0,0,1,5,0,,10,0,0,0,0,0,4,2,13
,2017_66577,39.78186298,-104.9558886,1/29/2017 14:30,14:30,6,0,0,ELIZABETH STREET & 1400 BLOCK NORTH,1,3,0,0,1,4,0,,25,0,0,0,0,0,4,2,13
,2017_66578,39.74076,-104.956713,8/15/2017 18:30,18:30,6,0,0,ELIZABETH STREET & 3616 NORTH ELIZABETH STREET,1,2,0,0,1,4,0,,25,0,0,0,0,0,4,2,13
,2017_66579,39.768129,-104.9559345,6/26/2017 13:11,13:11,6,0,0,ELIZABETH STREET NORTH & 37TH AVENUE EAST,1,1,0,0,1,4,0,,25,0,0,0,0,0,4,2,1
,2017_66580,39.716226,-104.9485815,8/6/2017 15:35,15:35,5,0,0,ELLSWORTH AVENUE EAST & ADAMS STREET NORTH,1,1,0,0,1,3,0,,25,0,0,0,0,0,4,1,14
,2017_66582,39.716217,-104.943753,6/8/2017 5:30,5:30,6,0,1,ELLSWORTH AVENUE EAST & GARFIELD STREET SOUTH,1,2,0,0,1,4,0,,25,0,0,0,0,2,4,3,2
,2017_66583,39.71655,-105.0263235,1/5/2017 13:50,13:50,10,0,0,ELLSWORTH AVENUE WEST & GROVE STREET NORTH,5,1,0,2,1,1,0,,30,0,0,0,0,0,4,1,13
,2017_66584,39.716523,-104.9757525,6/8/2017 18:34,18:34,6,0,0,ELLSWORTH AVENUE EAST & OGDEN STREET NORTH,1,2,0,0,1,4,0,,15,0,0,0,0,0,4,2,13
,2017_66585,39.716514,-104.980302,1/7/2017 15:20,15:20,6,0,0,ELLSWORTH AVENUE 600 BLOCK EAST & PEARL STREET NORTH,4,1,0,0,1,3,0,,25,0,0,0,0,0,4,2,13
,2017_66586,39.716559,-104.998572,1/20/2017 7:18,7:18,5,0,0,ELLSWORTH AVENUE WEST & SANTA FE DRIVE SOUTH,5,1,0,7,3,3,0,,25,0,0,0,0,0,4,1,1
,2017_66587,39.716235,-104.949963,3/27/2017 7:36,7:36,1,0,0,ELLSWORTH AVENUE EAST & STEELE STREET NORTH,1,1,0,0,1,1,0,,30,0,0,0,0,1,4,3,13
,2017_66588,39.716235,-104.949963,8/23/2017 14:59,14:59,3,0,0,ELLSWORTH AVENUE EAST & STEELE STREET SOUTH,1,1,0,0,1,1,0,,35,0,0,0,0,0,4,2,13
,2017_66589,39.716235,-104.949963,9/12/2017 18:00,18:00,15,0,0,ELLSWORTH AVENUE EAST & STEELE STREET SOUTH,1,1,0,0,1,1,0,,30,0,0,0,0,0,4,2,13
,2017_66590,39.716559,-105.0433335,1/17/2017 7:51,7:51,5,0,0,ELLSWORTH AVENUE WEST & STUART STREET SOUTH,4,5,0,2,3,5,0,,25,0,0,0,0,0,4,1,13
,2017_66591,39.716496,-104.9791545,3/24/2017 8:09,8:09,3,0,0,ELLSWORTH AVENUE 600 BLOCK EAST & WASHINGTON BOULEVARD SOUTH,2,1,0,0,1,5,0,,25,0,0,0,0,0,4,2,14
,2017_66592,39.73692138,-104.9763756,6/14/2017 9:25,9:25,6,0,0,EMERSON STREET 1300 BLOCK NORTH & 13TH AVENUE EAST,1,1,0,0,1,4,0,,25,0,0,0,0,0,4,2,13
,2017_66593,39.741813,-104.9757615,3/29/2017 18:00,18:00,6,0,0,EMERSON STREET 1600 BLOCK NORTH & 16TH AVENUE EAST,1,2,0,0,1,1,0,,25,0,0,0,0,0,4,2,14
,2017_66594,39.709278,-104.9769225,1/16/2017 19:00,19:00,6,0,0,EMERSON STREET 300 BLOCK SOUTH & DAKOTA AVENUE EAST,5,2,0,0,1,4,0,,25,0,0,0,0,0,4,2,14
,2017_66595,39.7665,-104.9305563,1/6/2017 3:00,3:00,6,0,0,EUDORA STREET & 3500 BLOCK NORTH,4,4,0,0,1,4,0,,25,0,0,0,0,0,4,3,13
,2017_66597,39.678417,-104.9642147,7/31/2017 11:04,11:04,12,0,0,EVANS AVENUE & 1000 BLOCK EAST,1,1,0,0,1,4,0,,35,0,0,0,0,1,4,2,3
,2017_66598,39.67844667,-104.9972104,9/23/2017 11:10,11:10,12,0,0,EVANS AVENUE WEST & 1700 BLOCK WEST,1,1,1,0,1,1,0,,35,0,0,0,0,0,4,2,13
,2017_66600,39.678417,-104.9642147,8/16/2017 17:51,17:51,12,0,0,EVANS AVENUE & 2200 BLOCK WEST,1,1,0,0,1,4,0,,35,0,0,0,0,1,4,2,14
,2017_66601,39.678417,-104.9642147,8/3/2017 17:19,17:19,3,0,0,EVANS AVENUE & 2900 BLOCK WEST,1,1,0,0,1,2,0,,40,0,0,0,0,1,4,2,8
,2017_66602,39.678426,-104.9395905,1/17/2017 19:24,19:24,12,0,0,EVANS AVENUE EAST & ALBION STREET SOUTH,1,3,0,7,1,1,0,,35,0,0,0,0,0,4,3,16
,2017_66603,39.678426,-104.9395905,4/6/2017 12:05,12:05,1,0,1,EVANS AVENUE 4000 BLOCK EAST & ALBION STREET,1,1,1,0,1,2,0,,35,0,0,0,0,2,4,2,13
,2017_66604,39.678426,-104.9395905,4/26/2017 17:42,17:42,1,0,0,EVANS AVENUE EAST & ALBION STREET SOUTH,1,1,0,0,1,1,0,,25,0,0,0,0,1,4,4,13
,2017_66605,39.678435,-104.922234,1/5/2017 17:54,17:54,1,0,0,EVANS AVENUE EAST & HOLLY STREET SOUTH,4,3,0,0,1,1,0,,30,0,0,0,0,0,4,2,13
,2017_66606,39.678426,-104.9385015,8/15/2017 16:57,16:57,1,0,0,EVANS AVENUE EAST & ASH STREET SOUTH,1,1,3,0,1,1,0,,35,0,0,0,0,0,4,3,13
,2017_66607,39.689217,-105.0003,2/28/2017 6:45,6:45,12,0,0,FLORIDA AVENUE WEST & PLATTE RIVER DRIVE SOUTH,1,1,0,0,1,3,0,,30,0,0,0,0,0,4,2,13
,2017_66608,39.678426,-104.9899545,1/10/2017 17:49,17:49,1,0,0,EVANS AVENUE WEST & BANNOCK STREET SOUTH,1,3,0,7,1,3,0,,65,0,0,0,0,0,4,3,14
,2017_66609,39.678426,-104.9899545,3/21/2017 20:15,20:15,15,0,0,EVANS AVENUE WEST & BANNOCK STREET SOUTH,1,3,0,0,1,4,0,,35,0,0,0,0,0,4,2,5
,2017_66610,39.678426,-104.9899545,6/13/2017 16:49,16:49,10,0,0,EVANS AVENUE WEST & BANNOCK STREET SOUTH,1,1,1,0,1,3,0,,30,0,0,0,0,0,4,2,13
,2017_66611,39.678426,-104.9899545,7/26/2017 18:52,18:52,10,0,0,EVANS AVENUE WEST & BANNOCK STREET SOUTH,2,3,0,1,1,1,0,,35,0,0,0,0,0,4,2,13
,2017_66613,39.67866,-105.020352,4/26/2017 14:45,14:45,3,0,0,EVANS AVENUE 2700 BLOCK WEST & CLAY STREET SOUTH,1,1,0,0,1,2,0,,30,0,0,0,0,0,4,2,14
,2017_66614,39.67866,-105.020352,6/27/2017 9:00,9:00,10,0,0,EVANS AVENUE 2700 BLOCK WEST & CLAY STREET SOUTH,1,1,0,0,1,4,0,,35,0,0,0,0,0,4,2,13
,2017_66615,39.67866,-105.020352,7/23/2017 15:57,15:57,12,0,0,EVANS AVENUE WEST & CLAY STREET SOUTH,1,1,0,0,1,1,0,,40,0,0,0,0,1,4,2,13
,2017_66616,39.678435,-104.9407425,6/22/2017 17:15,17:15,3,0,0,EVANS AVENUE 3900 BLOCK EAST & COLORADO BOULEVARD SOUTH,1,1,0,0,1,2,0,,35,0,0,0,0,0,4,2,13
,2017_66617,39.678435,-104.9407425,9/23/2017 19:00,19:00,12,0,0,EVANS AVENUE 4100 BLOCK EAST & COLORADO BOULEVARD SOUTH,2,3,0,1,1,4,0,,35,0,0,0,0,0,4,2,7
,2017_66618,39.678444,-104.931612,3/18/2017 17:20,17:20,3,0,0,EVANS AVENUE 4900 BLOCK EAST & DAHLIA STREET SOUTH,1,1,0,0,1,2,0,,35,0,0,0,0,0,4,2,1
,2017_66619,39.678417,-104.9642147,7/17/2017 11:14,11:14,3,0,1,EVANS AVENUE & 4600 BLOCK EAST,1,1,1,0,1,3,0,,35,0,0,0,0,2,4,2,1
,2017_66620,39.678507,-104.973444,3/15/2017 6:59,6:59,1,0,0,EVANS AVENUE EAST & DOWNING STREET SOUTH,1,1,0,0,1,1,0,,35,0,0,0,0,0,4,3,13
,2017_66621,39.678507,-104.973444,6/8/2017 7:37,7:37,3,0,1,EVANS AVENUE EAST & DOWNING STREET SOUTH,1,1,0,0,1,1,0,,25,0,0,0,0,2,4,2,13
,2017_66622,39.678507,-104.973444,8/16/2017 11:13,11:13,15,0,0,EVANS AVENUE 1100 BLOCK EAST & DOWNING STREET SOUTH,1,1,1,0,1,3,0,,35,0,0,0,0,0,4,2,7
,2017_66623,39.678507,-104.973444,8/20/2017 8:42,8:42,5,0,0,EVANS AVENUE 1135 EAST & DOWNING STREET SOUTH,1,1,0,0,5,3,0,,30,0,0,0,0,0,3,1,10
,2017_66624,39.678624,-105.0250365,6/9/2017 15:23,15:23,1,0,0,EVANS AVENUE 2900 BLOCK WEST & FEDERAL BOULEVARD NORTH,1,1,0,0,1,2,0,,35,0,0,0,0,0,4,2,14
,2017_66625,39.678624,-105.0250365,8/8/2017 17:30,17:30,12,0,0,EVANS AVENUE WEST & FEDERAL BOULEVARD SOUTH,1,1,0,0,1,3,0,,25,0,0,0,0,0,4,2,12
,2017_66626,39.69203614,-104.961744,1/31/2017 10:09,10:09,12,0,0,EVANS AVENUE EAST & GAYLORD STREET SOUTH,1,5,0,7,1,4,0,,35,0,0,0,0,0,4,2,16
,2017_66627,39.77662895,-105.03108,6/3/2017 18:00,18:00,6,0,0,JULIAN STREET & 3200 BLOCK NORTH,1,1,0,0,1,4,0,,25,0,0,0,0,0,4,2,13
,2017_66628,39.678435,-104.9251905,1/18/2017 15:19,15:19,12,0,0,EVANS AVENUE EAST & GRAPE STREET SOUTH,1,1,0,7,1,4,0,,30,0,0,0,0,1,4,3,16
,2017_66629,39.678435,-104.9251905,1/30/2017 12:50,12:50,5,0,0,EVANS AVENUE 5200 BLOCK EAST & GRAPE STREET SOUTH,1,1,1,0,3,4,0,,35,0,0,0,0,1,4,1,3
,2017_66630,39.678435,-104.9251905,3/7/2017 15:45,15:45,15,0,0,EVANS AVENUE 5300 BLOCK EAST & GRAPE STREET SOUTH,1,1,0,0,1,3,0,,35,0,0,0,0,0,4,2,1
,2017_66631,39.678435,-104.9251905,9/6/2017 8:42,8:42,12,0,0,EVANS AVENUE 5000 BLOCK EAST & GRAPE STREET SOUTH,1,1,0,0,1,4,0,,,0,0,0,0,0,4,3,13
,2017_66632,39.678435,-104.922234,1/21/2017 10:17,10:17,1,0,0,EVANS AVENUE EAST & HOLLY STREET SOUTH,1,1,0,7,1,1,0,,35,0,0,0,0,0,4,2,16
,2017_66633,39.678435,-104.922234,2/14/2017 10:45,10:45,15,0,0,EVANS AVENUE 5500 BLOCK EAST & HOLLY STREET SOUTH,1,1,1,0,1,4,0,,,0,0,0,0,0,4,2,13