id,drcog_id,latitude,longitude,crashtime,time,crashtype,numbkilled,numbinjurd,drcoglocat,rdconditin,lightngcon,roadcntgrd,weatherco,location,roaddescrp,constrzone,schoolzone,splimit,bikeinv,pedinv,sctrinv,motoinv,svrty,rdsystem,ttlvehcls,hcf
,2017_66634,39.678435,-104.922234,3/11/2017 18:50,18:50,3,0,0,EVANS AVENUE EAST & HOLLY STREET SOUTH,1,3,0,0,1,1,0,,35,0,0,0,0,0,4,2,3
,2017_66635,39.678435,-104.922234,3/17/2017 9:04,9:04,15,0,0,EVANS AVENUE 5600 BLOCK EAST & HOLLY STREET SOUTH,1,1,1,0,1,4,1,,35,0,0,0,0,0,4,2,1
,2017_66636,39.678435,-104.922234,7/26/2017 8:55,8:55,15,0,0,EVANS AVENUE EAST & HOLLY STREET SOUTH,1,1,0,0,1,3,0,,35,0,0,0,0,0,4,2,13
,2017_66637,39.678228,-105.0288255,1/11/2017 13:09,13:09,5,0,0,EVANS AVENUE WEST & HOOKER WAY SOUTH,1,1,0,0,3,4,0,,25,0,0,0,0,0,4,1,7
,2017_66638,39.678174,-105.029802,1/13/2017 15:58,15:58,1,0,0,EVANS AVENUE WEST & IRVING STREET SOUTH,1,1,0,0,1,1,0,,25,0,0,0,0,0,4,2,7
,2017_66639,39.678543,-105.032142,8/3/2017 10:56,10:56,5,0,0,EVANS AVENUE 3400 BLOCK WEST & KNOX COURT SOUTH,1,1,0,0,3,4,0,,25,0,0,0,0,0,4,1,14
,2017_66640,39.678516,-105.0017625,1/4/2017 17:00,17:00,1,0,0,EVANS AVENUE WEST & LIPAN STREET SOUTH,2,3,0,2,1,1,0,,30,0,0,0,0,0,4,2,13
,2017_66641,39.678453,-104.946561,1/20/2017 22:31,22:31,5,0,0,EVANS AVENUE 3500 BLOCK EAST & MADISON STREET SOUTH,1,3,0,0,3,4,0,,30,0,0,0,0,0,4,1,5
,2017_66642,39.678453,-104.946561,1/25/2017 14:12,14:12,12,0,0,EVANS AVENUE EAST & MADISON STREET SOUTH,1,1,0,7,1,4,0,,35,0,0,0,0,0,4,3,16
,2017_66643,39.678435,-104.9127435,1/7/2017 2:28,2:28,12,0,0,EVANS AVENUE EAST & MONACO PARKWAY SOUTH,1,3,0,7,1,3,0,,35,0,0,0,0,0,4,2,16
,2017_66644,39.678435,-104.9127435,1/19/2017 21:12,21:12,12,0,0,EVANS AVENUE EAST & MONACO PARKWAY SOUTH,1,3,0,0,1,4,0,,65,0,0,0,0,0,4,2,13
,2017_66645,39.678435,-104.9127435,1/24/2017 7:06,7:06,15,0,0,EVANS AVENUE EAST & MONACO PARKWAY SOUTH,1,1,0,7,1,3,0,,30,0,0,0,0,0,4,2,16
,2017_66646,39.678435,-104.9127435,1/27/2017 16:16,16:16,12,0,0,EVANS AVENUE EAST & MONACO PARKWAY SOUTH,1,1,1,7,1,3,0,,30,0,0,0,0,0,4,2,12
,2017_66647,39.63799513,-104.9126831,8/4/2017 8:30,8:30,12,0,0,EVANS AVENUE 6500 BLOCK EAST & MONACO STREET PARKWAY SOUTH,1,1,0,0,1,3,0,,35,0,0,0,0,0,4,2,13
,2017_66648,39.678453,-104.945193,8/7/2017 7:43,7:43,12,0,0,EVANS AVENUE EAST & MONROE STREET SOUTH,2,1,0,1,1,3,0,,30,0,0,0,0,0,4,2,13
,2017_66649,39.678552,-105.0040935,1/26/2017 12:49,12:49,9,0,0,EVANS AVENUE WEST & NAVAJO STREET SOUTH,1,1,1,0,1,4,0,,35,0,0,0,0,0,4,2,7
,2017_66650,39.678516,-104.9757615,3/6/2017 15:20,15:20,3,0,0,EVANS AVENUE 1000 BLOCK EAST & OGDEN STREET SOUTH,1,1,0,0,1,5,0,,30,0,0,0,0,0,4,2,13
,2017_66651,39.678444,-104.908194,2/23/2017 9:35,9:35,15,0,0,EVANS AVENUE EAST & ONEIDA STREET SOUTH,1,1,0,0,1,1,0,,35,0,0,0,0,0,4,2,13
,2017_66652,39.678543,-104.980482,3/13/2017 16:05,16:05,1,0,0,EVANS AVENUE EAST & PEARL STREET SOUTH,1,1,1,0,1,1,0,,35,0,0,0,0,0,4,2,13
,2017_66653,39.74763895,-105.0314722,8/29/2017 7:25,7:25,6,0,0,JULIAN STREET 2000 BLOCK NORTH & 20TH AVENUE WEST,1,3,0,0,1,4,0,,25,0,0,0,0,0,4,2,13
,2017_66655,39.678633,-105.008661,9/21/2017 17:30,17:30,15,0,0,EVANS AVENUE WEST & RARITAN STREET SOUTH,1,1,1,0,1,3,0,,35,0,0,0,0,0,4,2,14
,2017_66656,39.661713,-105.056487,9/5/2017 15:44,15:44,15,0,0,FENTON STREET SOUTH & BATES AVENUE WEST,1,1,1,0,1,4,0,,,0,0,0,0,0,4,2,13
,2017_66657,39.678624,-105.0250365,4/30/2017 13:55,13:55,10,0,0,EVANS AVENUE 3000 BLOCK WEST & FEDERAL BOULEVARD SOUTH,1,1,0,0,1,4,0,,35,0,0,0,0,0,4,2,8
,2017_66658,39.678543,-104.985225,1/18/2017 15:35,15:35,12,0,1,EVANS AVENUE 200 BLOCK EAST & SHERMAN STREET SOUTH,1,1,1,0,1,4,0,,30,0,0,0,0,2,4,2,13
,2017_66659,39.67866,-105.0110325,5/28/2017 5:15,5:15,1,0,0,EVANS AVENUE WEST & TEJON STREET SOUTH,1,1,0,0,1,1,0,,40,0,0,0,0,0,4,2,7
,2017_66660,39.679578,-105.044094,4/23/2017 2:31,2:31,9,0,1,EVANS AVENUE 4300 BLOCK WEST & TENNYSON STREET SOUTH,2,3,0,0,1,3,0,,30,0,0,0,0,2,4,2,8
,2017_66661,39.678363,-104.959404,1/4/2017 22:29,22:29,1,0,0,EVANS AVENUE EAST & UNIVERSITY BOULEVARD SOUTH,10,3,0,2,1,1,0,,35,0,0,0,0,0,4,2,16
,2017_66662,39.678363,-104.959404,1/6/2017 10:57,10:57,12,0,0,EVANS AVENUE EAST & UNIVERSITY BOULEVARD SOUTH,2,1,0,7,1,4,0,,35,0,0,0,0,0,4,2,1
,2017_66664,39.678363,-104.959404,1/23/2017 16:30,16:30,3,0,0,EVANS AVENUE EAST & UNIVERSITY BOULEVARD SOUTH,1,2,0,0,1,1,0,,35,0,0,0,0,0,4,2,13
,2017_66665,39.678363,-104.959404,1/24/2017 18:17,18:17,12,0,0,EVANS AVENUE EAST & UNIVERSITY BOULEVARD SOUTH,1,3,0,7,1,4,0,,30,0,0,0,0,1,4,2,16
,2017_66666,39.678363,-104.959404,1/29/2017 18:00,18:00,3,0,0,EVANS AVENUE 2400 BLOCK EAST & UNIVERSITY BOULEVARD SOUTH,1,3,0,0,1,5,0,,35,0,0,0,0,0,4,2,13
,2017_66667,39.678498,-104.9664015,5/30/2017 20:00,20:00,15,0,0,EVANS AVENUE EAST & SOUTH WILLIAMS STREET,1,3,0,0,1,1,0,,,0,0,0,0,0,4,2,13
,2017_66668,39.678498,-104.9664015,8/7/2017 8:35,8:35,12,0,0,EVANS AVENUE 1700 BLOCK EAST & WILLIAMS STREET SOUTH,2,1,0,1,1,4,0,,35,0,0,0,0,0,4,2,13
,2017_66669,39.70045837,-104.9542094,1/6/2017 15:09,15:09,3,0,0,DUP TO 3990 & BONNIE BRAE BOULEVARD SOUTH,1,1,0,0,1,1,0,,,0,0,0,0,0,4,2,13
,2017_66670,39.703896,-105.020361,4/4/2017 15:16,15:16,15,0,0,EXPOSITION AVENUE WEST & CLAY STREET SOUTH,1,1,0,0,1,3,0,,25,0,0,0,0,0,4,2,1
,2017_66671,39.703887,-105.023853,1/2/2017 14:24,14:24,3,0,0,EXPOSITION AVENUE WEST & ELIOT STREET SOUTH,1,1,0,7,1,1,0,,30,0,0,0,0,0,4,2,16
,2017_66672,39.703851,-104.9674905,9/13/2017 19:11,19:11,6,0,0,EXPOSITION AVENUE EAST & GILPIN STREET SOUTH,1,2,0,0,1,4,0,,25,0,0,0,0,0,4,2,7
,2017_66673,39.704004,-105.027534,6/10/2017 2:41,2:41,6,0,0,EXPOSITION AVENUE WEST & HAZEL COURT SOUTH,1,3,0,0,1,3,0,,25,0,0,0,0,0,4,2,13
,2017_66674,39.704013,-105.0324435,4/13/2017 16:30,16:30,3,0,0,EXPOSITION AVENUE WEST & KNOX COURT SOUTH,1,1,0,0,1,3,0,,25,0,0,0,0,0,4,2,13
,2017_66675,39.70386,-104.9164065,8/2/2017 17:20,17:20,3,0,0,EXPOSITION AVENUE EAST & KRAMERIA STREET SOUTH,1,1,0,0,1,2,0,,10,0,0,0,0,0,4,3,13
,2017_66676,39.703932,-105.0395535,5/29/2017 0:16,0:16,6,0,0,EXPOSITION AVENUE 4000 BLOCK WEST & PERRY STREET SOUTH,1,3,0,0,1,4,0,,25,0,0,0,0,0,4,2,13
,2017_66677,39.703851,-104.95935,1/26/2017 19:33,19:33,12,0,0,EXPOSITION AVENUE EAST & UNIVERSITY BOULEVARD SOUTH,1,3,0,7,1,1,0,,25,0,0,0,0,0,4,2,14
,2017_66678,39.743235,-104.967225,4/3/2017 11:57,11:57,6,0,0,GILPIN STREET NORTH & 17TH AVENUE EAST,1,1,0,0,1,4,0,,25,0,0,0,0,0,4,2,13
,2017_66679,39.703851,-104.95935,3/8/2017 14:30,14:30,3,0,0,EXPOSITION AVENUE 2300 BLOCK EAST & UNIVERSITY BOULEVARD SOUTH,1,1,0,0,1,5,0,,25,0,0,0,0,1,4,2,13
,2017_66680,39.738285,-104.928066,1/26/2017 13:36,13:36,3,0,0,FAIRFAX STREET NORTH & 14TH AVENUE,1,1,0,7,1,1,0,,25,0,0,0,0,1,4,2,16
,2017_66681,39.7170765,-104.8955513,3/3/2017 11:50,11:50,15,0,0,FAIRMOUNT DRIVE EAST & LOWRY BOULEVARD EAST,1,1,0,0,1,1,0,,30,0,0,0,0,0,4,2,13
,2017_66682,39.7170765,-104.8955513,8/31/2017 17:28,17:28,10,0,0,FAIRMOUNT DRIVE EAST & LOWRY BOULEVARD EAST,1,1,0,0,1,6,0,,25,0,0,0,0,0,4,2,8
,2017_66683,39.764466,-104.953644,4/25/2017 1:08,1:08,6,0,0,FILLMORE STREET 3400 BLOCK NORTH & BRUCE RANDOLPH AVENUE EAST,1,3,0,0,1,4,0,,25,0,0,0,0,0,4,2,5
,2017_66684,39.671172,-104.9536935,6/2/2017 16:14,16:14,5,0,0,FILLMORE STREET SOUTH & HARVARD AVENUE EAST,1,1,0,0,2,1,0,,30,0,0,0,0,0,4,1,1
,2017_66685,39.780423,-104.9529015,9/2/2017 1:59,1:59,6,0,0,FILLMORE STREET NORTH & VASQUEZ BOULEVARD NORTH FRONTAGE WEST,1,4,0,0,1,4,0,,25,0,0,0,0,0,4,2,5
,2017_66686,39.762315,-104.8659525,1/17/2017 10:00,10:00,12,0,0,FLORENCE WAY EAST & HAVANA STREET NORTH,5,1,1,7,1,3,0,,25,0,0,0,0,0,4,2,16
,2017_66688,39.68934297,-104.9699063,7/12/2017 12:38,12:38,15,0,0,FLORIDA AVENUE & 1500 BLOCK WEST,1,1,0,0,1,4,0,,30,0,0,0,0,0,4,2,13
,2017_66689,39.68934297,-104.9699063,8/28/2017 14:10,14:10,12,0,0,FLORIDA AVENUE EAST & 7300 BLOCK EAST,1,1,0,0,1,2,0,,25,0,0,0,0,0,4,2,14
,2017_66690,39.689298,-104.939514,10/4/2017 16:16,16:16,3,0,0,FLORIDA AVENUE 4000 BLOCK EAST & ALBION STREET SOUTH,1,1,0,0,1,2,0,,30,0,0,0,0,1,4,2,13
,2017_66691,39.689388,-104.987511,7/27/2017 19:00,19:00,6,0,0,FLORIDA AVENUE  & BROADWAY STREET SOUTH,1,1,0,0,1,4,0,,15,0,0,0,0,0,4,2,13
,2017_66692,39.77865,-104.865912,8/28/2017 6:27,6:27,5,0,0,HAVANA STREET & 45TH AVENUE,1,1,0,0,3,4,0,,25,0,0,0,0,0,4,1,14
,2017_66693,39.689505,-105.021387,1/17/2017 8:29,8:29,14,0,0,FLORIDA AVENUE WEST & DALE COURT SOUTH,5,1,1,0,1,1,0,,30,0,0,0,0,0,4,2,7
,2017_66694,39.689487,-105.025086,1/30/2017 8:00,8:00,3,0,0,FLORIDA AVENUE 2900 BLOCK WEST & FEDERAL BOULEVARD SOUTH,1,1,0,0,1,1,0,,35,0,0,0,0,0,4,2,13
,2017_66695,39.689487,-105.025086,3/27/2017 10:18,10:18,15,0,0,FLORIDA AVENUE WEST & FEDERAL BOULEVARD SOUTH,1,1,0,0,1,3,0,,30,0,0,0,0,0,4,2,7
,2017_66696,39.689487,-105.025086,4/13/2017 16:15,16:15,3,0,0,FLORIDA AVENUE 2900 WEST & FEDERAL BOULEVARD SOUTH,1,1,0,0,1,2,0,,35,0,0,0,0,0,4,2,13
,2017_66697,39.689487,-105.025086,4/25/2017 15:57,15:57,12,0,0,FLORIDA AVENUE 3000 BLOCK WEST & FEDERAL BOULEVARD SOUTH,1,1,0,0,1,4,0,,25,0,0,0,0,1,4,2,3
,2017_66698,39.689487,-105.025086,8/24/2017 0:00,0:00,3,0,0,FLORIDA AVENUE WEST & FEDERAL BOULEVARD SOUTH,1,1,0,0,1,2,0,,45,0,0,0,0,0,4,2,8
,2017_66699,39.689487,-105.025086,10/11/2017 20:30,20:30,3,0,0,FLORIDA AVENUE WEST & FEDERAL BOULEVARD SOUTH,1,1,0,0,1,3,0,,30,0,0,0,0,1,4,2,7
,2017_66700,39.689325,-104.926464,9/1/2017 15:36,15:36,13,0,1,FLORIDA AVENUE EAST & GLENCOE STREET SOUTH,1,1,0,0,1,1,0,,30,0,0,0,0,2,4,2,1
,2017_66701,39.68946,-105.0297165,1/7/2017 11:18,11:18,12,0,0,FLORIDA AVENUE WEST & IRVING STREET SOUTH,2,1,0,7,1,1,0,,35,0,0,0,0,0,4,2,7
,2017_66702,39.716568,-104.9963265,7/2/2017 14:10,14:10,1,0,0,GALAPAGO STREET NORTH & ELLSWORTH AVENUE WEST,1,1,0,0,1,1,0,,,0,0,0,0,0,4,2,13
,2017_66703,39.68946,-105.0297165,2/3/2017 16:13,16:13,3,0,0,FLORIDA AVENUE WEST & IRVING STREET SOUTH,1,1,1,7,1,1,0,,65,0,0,0,0,0,4,2,3
,2017_66704,39.68946,-105.0297165,9/19/2017 17:21,17:21,1,0,0,FLORIDA AVENUE WEST & IRVING STREET SOUTH,1,1,0,0,1,1,0,,30,0,0,0,0,0,4,2,4
,2017_66706,39.689307,-104.945364,9/14/2017 7:56,7:56,6,0,0,FLORIDA AVENUE 3300 BLOCK EAST & MONROE STREET SOUTH,1,1,0,0,1,4,0,,20,0,0,0,0,0,4,2,1
,2017_66707,39.689379,-104.9804415,6/21/2017 13:11,13:11,6,0,0,FLORIDA AVENUE 500 BLOCK EAST & PEARL STREET SOUTH,1,1,0,0,1,1,0,,25,0,0,0,0,0,4,2,14
,2017_66708,39.689487,-105.0421545,1/9/2017 12:59,12:59,15,0,0,FLORIDA AVENUE WEST & RALEIGH STREET SOUTH,1,1,0,7,1,3,0,,45,0,0,0,0,0,4,2,7
,2017_66709,39.689397,-104.9923215,11/22/2017 13:05,13:05,3,0,0,FLORIDA AVENUE WEST & SANTA FE DRIVE SOUTH,1,1,0,0,1,2,0,,,0,0,0,0,0,4,2,13
,2017_66710,39.689514,-105.0442425,1/20/2017 6:58,6:58,3,0,0,FLORIDA AVENUE WEST & TENNYSON STREET SOUTH,1,1,0,7,1,1,0,,35,0,0,0,0,0,4,2,16
,2017_66711,39.65697,-105.029802,1/9/2017 13:47,13:47,3,0,0,FLOYD AVENUE WEST & IRVING STREET SOUTH,1,1,0,0,1,1,0,,25,0,0,0,0,1,4,4,1
,2017_66712,39.65697,-105.029802,7/21/2017 23:13,23:13,6,0,0,FLOYD AVENUE WEST & IRVING STREET SOUTH,1,3,0,0,1,3,0,,25,0,0,0,0,0,4,2,5
,2017_66713,39.65697,-105.029802,9/22/2017 11:42,11:42,6,0,0,FLOYD AVENUE 3200 BL WEST & IRVING STREET SOUTH,1,1,0,0,1,4,0,,25,0,0,0,0,0,4,2,1
,2017_66714,39.716226,-104.9269455,3/26/2017 2:24,2:24,5,0,0,FOREST STREET & 715 SOUTH FOREST STREET,1,3,0,0,3,4,0,,25,0,0,0,0,0,4,1,2
,2017_66715,39.716226,-104.9269455,6/14/2017 17:18,17:18,5,0,0,FOREST STREET SOUTH & FOREST STREET 715 SOUTH,1,1,0,0,3,4,0,,25,0,0,0,0,0,4,1,13
,2017_66716,39.728925,-104.995224,8/3/2017 14:30,14:30,3,0,0,FOX STREET NORTH & EIGHTH AVENUE WEST,1,1,0,0,1,1,0,,30,0,0,0,0,0,4,2,13
,2017_66717,39.740013,-104.9953005,8/17/2017 16:13,16:13,6,0,0,FOX STREET NORTH & COLFAX AVENUE WEST,1,1,0,0,1,4,0,,25,0,0,0,0,0,4,2,14
,2017_66718,39.747105,-104.968422,4/14/2017 22:21,22:21,3,0,0,FRANKLIN STREET & FRANKLIN STREET 1550 BLOCK NORTH,1,3,0,0,1,2,0,,30,0,0,0,0,0,4,2,14
,2017_66719,39.747105,-104.968422,9/8/2017 22:24,22:24,6,0,0,FRANKLIN STREET SOUTH & FRANKLIN STREET 2100 BLOCK SOUTH,1,3,0,0,1,4,0,,25,0,0,0,0,1,4,2,1
,2017_66720,39.687966,-104.9659605,7/26/2017 20:25,20:25,6,0,0,FRANKLIN STREET 1500 BLOCK NORTH & 16TH AVENUE EAST,2,3,1,1,1,4,0,,25,0,0,0,0,0,4,2,14
,2017_66721,39.753216,-104.968413,1/30/2017 12:50,12:50,3,0,0,FRANKLIN STREET NORTH & 25TH AVENUE EAST,1,1,0,7,1,1,0,,25,0,0,0,0,0,4,2,16
,2017_66722,39.7658025,-104.9683241,1/4/2017 9:31,9:31,6,0,0,FRANKLIN STREET 3500 BLOCK NORTH & 35TH AVENUE EAST,4,1,0,2,6,4,0,,25,0,0,0,0,0,4,2,13
,2017_66723,39.711114,-104.9686965,1/13/2017 18:00,18:00,3,0,0,FRANKLIN STREET SOUTH & ALAMEDA AVENUE EAST,1,3,0,7,1,1,0,,30,0,0,0,0,0,4,2,16
,2017_66724,39.683925,-104.9687325,4/2/2017 15:00,15:00,6,0,0,FRANKLIN STREET 1700 BLOCK SOUTH & COLORADO AVENUE EAST,1,1,0,0,1,4,0,,20,0,0,0,0,0,4,2,3
,2017_66725,39.709305,-104.968692,8/13/2017 4:18,4:18,6,0,0,FRANKLIN STREET SOUTH & DAKOTA EAST,1,4,0,0,1,4,0,,25,0,0,0,0,0,4,3,2
,2017_66726,39.787254,-104.7597525,1/14/2017 10:38,10:38,6,0,0,FUNDY STREET 4900 BLOCK NORTH & HALIFAX WAY NORTH,1,3,0,0,1,1,0,,20,0,0,0,0,0,4,2,14
,2017_66727,39.733668,-104.9965605,3/3/2017 20:30,20:30,6,0,0,GALAPAGO STREET NORTH & 11TH AVENUE WEST,1,3,0,0,1,4,0,,25,0,0,0,0,0,4,3,3
,2017_66729,39.736845,-104.9970735,4/3/2017 16:05,16:05,3,0,0,GALAPAGO STREET NORTH & 13TH AVENUE WEST,1,5,0,0,1,1,0,,30,0,0,0,0,0,4,2,13
,2017_66730,39.678426,-104.995971,1/8/2017 12:00,12:00,6,0,0,GALAPAGO STREET SOUTH & EVANS AVENUE WEST,2,1,1,0,1,4,0,,25,0,0,0,0,0,4,2,13
,2017_66731,39.678426,-104.995971,3/14/2017 15:40,15:40,6,0,0,GALAPAGO STREET 2100 BLOCK SOUTH & EVANS AVENUE WEST,1,1,1,0,1,3,0,,25,0,0,0,0,0,4,2,1
,2017_66732,39.678426,-104.995971,7/29/2017 16:02,16:02,12,0,0,GALAPAGO STREET 2100 BLOCK SOUTH & EVANS AVENUE WEST,2,1,0,1,1,3,0,,25,0,0,0,0,0,4,2,3
,2017_66733,39.674817,-104.995953,3/8/2017 20:19,20:19,6,0,0,GALAPAGO STREET 2334 SOUTH & ILIFF AVENUE WEST,1,4,0,0,1,4,0,,15,0,0,0,0,0,4,2,7
,2017_66734,39.654036,-104.8690305,1/6/2017 14:37,14:37,6,0,0,GALENA STREET 3400 BLOCK SOUTH & HAMILTON PLACE EAST,4,1,0,0,1,4,0,,25,0,0,0,0,0,4,2,13
,2017_66735,39.707217,-104.8683015,1/5/2017 14:39,14:39,3,0,0,GALENA WAY 400 BLOCK SOUTH & VIRGINIA AVENUE EAST,4,1,0,4,1,1,0,,25,0,0,0,0,0,4,3,13
,2017_66736,39.73509,-104.9439825,1/13/2017 8:06,8:06,15,0,0,GARFIELD STREET NORTH & 12TH AVENUE EAST,1,1,0,0,1,4,0,,25,0,0,0,0,0,4,2,13
,2017_66737,39.764457,-104.9437845,4/21/2017 10:20,10:20,6,0,0,GARFIELD STREET NORTH & BRUCE RANDOLPH AVENUE EAST,1,1,0,0,1,4,0,,15,0,0,0,0,0,4,2,13
,2017_66738,39.76458638,-104.9671046,1/11/2017 15:37,15:37,6,0,0,GILPIN STREET 3400 BLOCK NORTH & 35TH AVENUE EAST,1,1,0,0,1,4,0,,25,0,0,0,0,0,4,2,13
,2017_66739,39.692925,-104.944203,1/16/2017 15:09,15:09,6,0,0,GARFIELD STREET 1200 BLOCK SOUTH & LOUISIANA AVENUE EAST,4,1,0,0,1,1,0,,25,0,0,0,0,0,4,2,13
,2017_66740,39.682098,-104.9675715,1/24/2017 2:00,2:00,6,0,0,GILPIN STREET SOUTH & JEWELL AVENUE EAST,1,4,0,0,1,4,0,,25,0,0,0,0,0,4,2,13
,2017_66741,39.762018,-104.9609745,7/22/2017 0:31,0:31,6,0,0,GAYLORD NORTH & MLK BOULEVARD EAST,2,3,0,0,1,4,0,,30,0,0,0,0,0,4,3,5
,2017_66742,39.7781738,-104.7571427,1/21/2017 17:45,17:45,6,0,0,GIBRALTAR WAY & 4400 BLOCK NORTH,1,1,0,0,1,4,0,,25,0,0,0,0,0,4,2,12
,2017_66743,39.704769,-105.013332,1/12/2017 7:49,7:49,6,0,0,GILL AVENUE 2100 BLOCK WEST & VALLEJO STREET SOUTH,1,1,0,0,1,4,0,,25,0,0,0,0,0,4,2,13
,2017_66744,39.704769,-105.013332,2/2/2017 10:10,10:10,6,0,0,GILL AVENUE WEST & VALLEJO STREET SOUTH,5,1,0,0,1,4,0,,25,0,0,0,0,0,4,2,13
,2017_66745,39.704931,-105.0298245,4/16/2017 8:10,8:10,5,0,0,GILL PLACE WEST & IRVING STREET SOUTH,1,1,0,0,2,3,0,,25,0,0,0,0,0,4,2,13
,2017_66746,39.704742,-105.01569,8/18/2017 5:54,5:54,6,0,0,GILL PLACE 2280 WEST & ZUNI STREET SOUTH,1,1,0,0,1,4,0,,25,0,0,0,0,0,4,2,13
,2017_66747,39.718332,-104.966784,1/16/2017 9:19,9:19,5,0,0,GILPIN STREET NORTH & FIRST AVENUE EAST,6,1,0,2,3,4,0,,30,0,0,0,0,0,4,1,13
,2017_66748,39.685599,-104.967243,9/2/2017 7:50,7:50,6,0,0,GILPIN STREET 1700 BLOCK NORTH & 17TH AVENUE EAST,1,2,0,0,1,3,0,,30,0,0,0,0,0,4,3,6
,2017_66749,39.655071,-104.8702725,3/6/2017 8:19,8:19,6,0,0,GIRARD AVENUE 10200 EAST & GALENA STREET SOUTH,1,1,1,0,1,4,0,,25,0,0,0,0,1,4,4,10
,2017_66750,39.655071,-104.8702725,6/4/2017 22:25,22:25,15,0,0,GIRARD AVENUE EAST & GALENA STREET SOUTH,1,3,0,0,1,1,0,,25,0,0,0,0,0,4,2,13
,2017_66751,39.654225,-104.9073795,2/3/2017 9:59,9:59,6,0,0,GIRARD AVENUE 6900 BLOCK EAST & OLEANDER COURT SOUTH,5,1,0,0,1,4,0,,25,0,0,0,0,0,4,4,1
,2017_66752,39.657213,-105.03801,6/23/2017 14:12,14:12,6,0,0,GIRARD AVENUE WEST & PATTON WAY SOUTH,1,1,0,0,1,4,0,,25,0,0,0,0,0,4,2,7
,2017_66753,39.74107753,-104.9939967,1/25/2017 12:01,12:01,12,0,0,GLENARM PLACE & 2800 BLOCK,1,1,0,0,1,2,0,,25,0,0,0,0,0,4,2,13
,2017_66754,39.750363,-104.981985,1/21/2017 15:30,15:30,12,0,0,GLENARM PLACE & PARK AVENUE WEST,1,1,0,0,1,4,0,,30,0,0,0,0,0,4,2,13
,2017_66755,39.750363,-104.981985,7/17/2017 17:23,17:23,3,0,0,GLENARM PLACE & PARK AVENUE WEST,1,1,0,0,1,1,0,,35,0,0,0,0,0,4,2,13
,2017_66756,39.750363,-104.981985,8/31/2017 1:29,1:29,14,0,0,GLENARM PLACE 2200 BLOCK & PARK AVENUE WEST,1,3,0,0,1,4,0,,,0,0,0,0,0,4,2,13
,2017_66757,39.78023322,-104.9258115,8/16/2017 18:02,18:02,6,0,0,GLENCOE STREET & 900 BLOCK NORTH,1,1,0,0,1,2,0,,25,0,0,0,0,0,4,2,15
,2017_66758,39.73109738,-104.9257046,9/29/2017 8:45,8:45,13,0,1,GLENCOE STREET 900 BLOCK NORTH & 11TH AVENUE EAST,1,1,0,0,1,4,0,,,0,0,0,0,2,4,2,13
,2017_66759,39.740076,-104.9257755,2/3/2017 12:20,12:20,3,0,0,GLENCOE STREET NORTH & COLFAX AVENUE EAST,1,5,1,7,1,1,0,,25,0,0,0,0,0,4,2,16
,2017_66760,39.765726,-104.9948415,2/2/2017 9:56,9:56,6,0,0,GLOBEVILLE ROAD 3700 BLOCK & PARK AVENUE WEST,5,1,0,2,1,4,0,,35,0,0,0,0,0,4,2,14
,2017_66761,39.765726,-104.9948415,2/2/2017 9:56,9:56,6,0,0,GLOBEVILLE ROAD 3700 BLOCK & PARK AVENUE WEST,5,1,0,2,1,4,0,,35,0,0,0,0,0,4,2,14
,2017_66762,39.716514,-104.983785,9/13/2017 17:45,17:45,6,0,0,GRANT STREET & GRANT STREET 16 NORTH,1,2,0,0,1,4,0,,30,0,0,0,0,0,4,2,3
,2017_66763,39.716523,-104.9837805,1/21/2017 21:22,21:22,6,0,0,GRANT STREET NORTH & GRANT STREET 900 BLOCK NORTH,1,3,0,0,1,4,0,,,0,0,0,0,0,4,2,13
,2017_66764,39.790764,-104.984721,1/11/2017 9:51,9:51,12,0,0,GRANT STREET & 1300 BLOCK NORTH,1,1,0,0,1,4,0,,30,0,0,0,0,0,4,2,13
,2017_66765,39.716523,-104.9837805,4/28/2017 11:00,11:00,6,0,0,GRANT STREET NORTH & GRANT STREET 1515 NORTH,1,1,0,0,1,4,0,,30,0,0,0,0,0,4,3,7
,2017_66766,39.71835,-104.9837715,1/11/2017 7:39,7:39,3,0,0,GRANT STREET NORTH & FIRST AVENUE EAST,1,1,0,7,1,1,0,,25,0,0,0,0,0,4,2,16
,2017_66767,39.720915,-104.983803,1/22/2017 11:20,11:20,6,0,0,GRANT STREET NORTH & THIRD AVENUE EAST,1,1,0,0,1,4,0,,25,0,0,0,0,0,4,2,13
,2017_66768,39.716244,-104.941341,1/16/2017 21:48,21:48,5,0,0,HARRISON STREET & 1212 SOUTH HARRISON STREET,4,3,0,0,3,5,0,,25,0,0,0,0,0,4,1,13
,2017_66769,39.732282,-104.98338,3/5/2017 2:00,2:00,6,0,0,GRANT STREET 1000 BLOCK NORTH & 10TH AVENUE EAST,1,3,0,0,1,4,0,,32,0,0,0,0,0,4,2,14
,2017_66770,39.735459,-104.9833935,5/31/2017 8:45,8:45,6,0,0,GRANT STREET 1200 BLOCK NORTH & 13TH AVENUE EAST,1,1,0,0,1,4,0,,30,0,0,0,0,0,4,2,13
,2017_66771,39.740463,-104.9832315,7/24/2017 16:55,16:55,6,0,0,GRANT STREET 1500 BLOCK NORTH & 16TH AVENUE EAST,1,1,0,0,1,4,0,,30,0,0,0,0,0,4,2,13