id,drcog_id,latitude,longitude,crashtime,time,crashtype,numbkilled,numbinjurd,drcoglocat,rdconditin,lightngcon,roadcntgrd,weatherco,location,roaddescrp,constrzone,schoolzone,splimit,bikeinv,pedinv,sctrinv,motoinv,svrty,rdsystem,ttlvehcls,hcf
,2017_66772,39.685626,-104.9838705,6/17/2017 1:15,1:15,10,0,0,GRANT STREET 1700 BLOCK NORTH & 17TH AVENUE EAST,1,1,0,0,1,3,0,,30,0,0,0,0,0,4,2,3
,2017_66773,39.69117,-104.983992,3/24/2017 7:24,7:24,6,0,0,GRANT STREET 1400 BLOCK SOUTH & ARKANSAS AVENUE EAST,2,3,0,1,1,4,0,,25,0,0,0,0,0,4,2,13
,2017_66774,39.678552,-104.9840415,3/2/2017 22:36,22:36,6,0,0,GRANT STREET 2000 BLOCK SOUTH & EVANS AVENUE EAST,1,3,0,0,1,4,0,,25,0,0,0,0,0,4,4,5
,2017_66775,39.78013499,-104.9246415,4/21/2017 12:47,12:47,6,0,0,GRAPE STREET & 1500 BLOCK NORTH,1,1,0,0,1,4,0,,25,0,0,0,0,0,4,2,13
,2017_66776,39.671181,-105.026085,4/10/2017 19:58,19:58,5,0,0,GREEN COURT SOUTH & VASSAR AVENUE WEST,1,2,0,0,2,4,0,,25,0,0,0,0,0,4,3,10
,2017_66777,39.77938357,-105.0267865,1/24/2017 14:24,14:24,6,0,0,GROVE STREET & 1000 BLOCK NORTH,1,1,1,0,1,4,0,,25,0,0,0,0,0,4,2,13
,2017_66778,39.742713,-105.026823,8/26/2017 10:49,10:49,5,0,0,GROVE STREET NORTH & 16TH AVENUE WEST,1,1,0,0,3,4,0,,25,0,0,0,0,0,4,1,13
,2017_66779,39.746628,-105.026544,8/5/2017 11:36,11:36,15,0,0,GROVE STREET 1900 BLOCK NORTH & 20TH AVENUE WEST,1,1,0,0,1,4,0,,30,0,0,0,0,0,4,2,13
,2017_66780,39.709413,-105.026391,3/18/2017 17:40,17:40,15,0,0,GROVE STREET SOUTH & DAKOTA AVENUE WEST,1,1,0,0,1,1,0,,25,0,0,0,0,0,4,2,14
,2017_66781,39.71655,-105.0263235,5/24/2017 4:30,4:30,6,0,0,GROVE STREET NORTH & ELLSWORTH AVENUE WEST,1,3,0,0,1,4,0,,25,0,0,0,0,0,4,2,1
,2017_66782,39.78378,-104.809653,4/1/2017 15:50,15:50,1,0,0,GREEN VALLEY RANCH BOULEVARD EAST & CHAMBERS ROAD NORTH,2,1,0,1,1,1,0,,35,0,0,0,0,0,4,3,13
,2017_66783,39.838059,-104.7154635,6/29/2017 18:30,18:30,1,0,0,GUN CLUB ROAD NORTH & 78TH AVENUE EAST,1,1,0,0,1,2,0,,35,0,0,0,0,0,4,2,8
,2017_66784,39.7818601,-104.7396396,4/24/2017 21:58,21:58,5,0,0,GREEN VALLEY RANCH BOULEVARD EAST & GREEN VALLEY RANCH BOULEVARD 15800 BLOCK EAST,1,3,0,0,3,4,0,,40,0,0,0,0,1,4,1,4
,2017_66785,39.713085,-104.9222655,4/17/2017 12:00,12:00,5,0,0,HOLLY STREET 100 BLOCK SOUTH & CEDAR AVENUE EAST,1,1,0,0,1,4,0,,,0,0,0,0,0,4,2,13
,2017_66786,39.78378,-104.809653,4/13/2017 6:40,6:40,5,0,1,GREEN VALLEY RANCH BOULEVARD EAST & CHAMBERS ROAD NORTH,1,1,0,0,3,1,0,,40,0,0,0,0,2,4,1,14
,2017_66787,39.78378,-104.809653,8/19/2017 18:30,18:30,15,0,0,GREEN VALLEY RANCH BOULEVARD 15300 BLOCK EAST & CHAMBERS ROAD NORTH,1,1,0,0,1,4,0,,30,0,0,0,0,0,4,2,13
,2017_66788,39.783762,-104.798043,3/28/2017 15:30,15:30,3,0,0,GREEN VALLEY RANCH BOULEVARD EAST & MEMPHIS STREET NORTH,2,1,0,1,1,1,0,,45,0,0,0,0,1,4,2,7
,2017_66789,39.783816,-104.7816855,1/13/2017 7:05,7:05,12,0,0,GREEN VALLEY RANCH BOULEVARD & TELLURIDE STREET NORTH,1,3,0,7,1,4,0,,40,0,0,0,0,0,4,2,16
,2017_66790,39.783816,-104.7816855,1/27/2017 9:10,9:10,12,0,0,GREEN VALLEY RANCH BOULEVARD & TELLURIDE STREET NORTH,1,1,0,7,1,1,0,,40,0,0,0,0,0,4,2,16
,2017_66791,39.783816,-104.7816855,1/31/2017 7:50,7:50,12,0,0,GREEN VALLEY RANCH BOULEVARD & TELLURIDE STREET NORTH,1,5,0,7,1,3,0,,40,0,0,0,0,0,4,2,16
,2017_66793,39.783609,-104.772222,3/18/2017 15:34,15:34,12,0,0,GREEN VALLEY RANCH BOULEVARD EAST & TOWER ROAD NORTH,1,1,0,0,1,4,0,,35,0,0,0,0,0,4,2,13
,2017_66794,39.783609,-104.772222,4/5/2017 7:30,7:30,3,0,1,GREEN VALLEY RANCH BOULEVARD EAST & TOWER ROAD NORTH,11,1,0,0,1,1,0,,40,0,0,0,0,2,4,2,14
,2017_66795,39.783609,-104.772222,6/28/2017 16:25,16:25,3,0,0,GREEN VALLEY RANCH BOULEVARD 18500 BLOCK EAST & TOWER ROAD NORTH,1,1,0,0,1,1,0,,45,0,0,0,0,0,4,2,13
,2017_66797,39.783609,-104.7913916,1/8/2017 13:10,13:10,1,0,0,GREEN VALLEY RANCH BOULEVARD EAST & PENA BOULEVARD INBOUND,1,1,0,0,1,1,0,,35,0,0,0,0,0,4,2,7
,2017_66798,39.783609,-104.7913916,1/26/2017 16:00,16:00,1,0,0,GREEN VALLEY RANCH BOULEVARD EAST & PENA BOULEVARD INBOUND,1,1,0,0,1,3,0,,40,0,0,0,0,0,4,2,13
,2017_66799,39.734352,-104.9384025,1/5/2017 22:20,22:20,5,0,0,HALE PARKWAY EAST & ASH STREET NORTH,5,3,1,2,3,1,0,,25,0,0,0,0,0,4,1,14
,2017_66800,39.731841,-104.929263,4/4/2017 10:45,10:45,3,0,0,HALE PARKWAY EAST & ELM STREET NORTH,2,1,0,0,1,1,0,,25,0,0,0,0,0,4,2,7
,2017_66801,39.732327,-104.930451,1/22/2017 16:47,16:47,3,0,0,HALE PARKWAY & EUDORA STREET NORTH,1,1,0,0,1,1,0,,30,0,0,0,0,0,4,2,13
,2017_66802,39.651327,-104.8987935,8/16/2017 18:32,18:32,3,0,0,HAMPDEN CIRCLE EAST & TAMARAC DRIVE SOUTH,2,1,1,0,1,1,0,,35,0,0,0,0,0,4,2,3
,2017_66803,39.65175,-105.053202,7/25/2017 11:25,11:25,14,0,1,HAMPDEN AVENUE 5900 BLOCK WEST  & SHERIDAN BOULEVARD SOUTH,1,1,0,0,1,4,0,,35,0,0,0,0,2,4,5,14
,2017_66804,39.648204,-104.916753,7/28/2017 7:05,7:05,6,0,0,HILLCREST DR3700 BLOCK SOUTH & KENYON AVENUE SOUTH,1,1,1,0,1,4,0,,25,0,0,0,0,0,4,2,7
,2017_66805,39.716235,-104.941341,4/23/2017 2:00,2:00,5,0,0,HARRISON STREET & HARRISON STREET 287 NORTH,1,1,0,0,3,4,0,,,0,0,0,0,0,4,1,13
,2017_66806,39.733794,-104.9415435,3/6/2017 18:56,18:56,6,0,0,HARRISON STREET 1100 BLOCK NORTH & 11TH AVENUE EAST,1,4,0,0,1,4,0,,25,0,0,0,0,0,4,3,3
,2017_66807,39.7116,-104.9413635,7/31/2017 16:11,16:11,10,0,0,HARRISON STREET & ALAMEDA AVENUE EAST,1,1,0,0,1,2,0,,25,0,0,0,0,0,4,2,13
,2017_66808,39.671568,-104.8753035,1/6/2017 17:15,17:15,6,0,0,HARVARD AVENUE EAST & DAYTON WAY SOUTH,4,3,0,2,1,3,0,,85,0,0,0,0,0,4,2,14
,2017_66809,39.671199,-104.957946,4/27/2017 16:43,16:43,6,0,0,HARVARD AVENUE 2400 BLOCK EAST & JOSEPHINE STREET SOUTH,1,1,0,0,1,4,0,,,0,0,0,0,0,4,2,13
,2017_66810,39.672531,-105.0308865,1/30/2017 21:55,21:55,6,0,1,HARVARD AVENUE WEST & JULIAN STREET SOUTH,1,3,0,0,1,4,0,,25,0,0,0,0,2,4,2,13
,2017_66811,39.671262,-104.975802,1/17/2017 8:40,8:40,5,0,0,HARVARD AVENUE EAST & OGDEN STREET SOUTH,4,1,0,0,1,5,0,,25,0,0,0,0,0,4,1,3
,2017_66812,39.672837,-105.041718,1/5/2017 16:00,16:00,6,0,0,HARVARD AVENUE 4100 BLOCK WEST & RALEIGH STREET SOUTH,4,1,0,0,1,4,0,,25,0,0,0,0,0,4,2,1
,2017_66813,39.78727607,-104.8657563,8/31/2017 6:31,6:31,5,0,0,HAVANA STREET 5000 BLOCK NORTH & 51ST AVENUE EAST,2,1,0,0,3,4,0,,25,0,0,0,0,0,4,1,14
,2017_66814,39.772854,-104.865894,6/14/2017 11:20,11:20,15,0,0,HAVANA STREET NORTH & 40TH AVENUE EAST,1,1,0,0,1,1,0,,25,0,0,0,0,0,4,2,13
,2017_66815,39.77865,-104.865912,4/7/2017 11:00,11:00,5,0,0,HAVANA STREET NORTH & 45TH AVENUE EAST,1,1,0,0,3,1,0,,40,0,0,0,0,0,4,1,3
,2017_66817,39.781026,-104.8649805,1/3/2017 16:11,16:11,15,0,0,HAVANA STREET 4600 BLOCK NORTH & 47TH AVENUE EAST,1,1,0,0,1,4,0,,35,0,0,0,0,0,4,3,1
,2017_66818,39.78727607,-104.8657563,8/31/2017 14:45,14:45,5,0,0,HAVANA STREET 5000 BLOCK NORTH & 51ST AVENUE EAST,1,1,0,0,3,4,0,,40,0,0,0,0,1,4,1,7
,2017_66819,39.760038,-104.865813,1/6/2017 9:28,9:28,12,0,0,HAVANA STREET NORTH & MLK BOULEVARD EAST,6,1,0,0,1,3,0,,30,0,0,0,0,0,4,2,13
,2017_66820,39.760038,-104.865813,7/22/2017 15:06,15:06,15,0,0,HAVANA STREET 3000 BLOCK NORTH & MLK BOULEVARD EAST,1,1,0,0,1,4,0,,25,0,0,0,0,0,4,2,1
,2017_66821,39.718152,-105.0275745,3/8/2017 16:46,16:46,12,0,0,HAZEL COURT NORTH & FIRST AVENUE WEST,1,1,0,0,1,1,0,,25,0,0,0,0,0,4,2,7
,2017_66822,39.704922,-105.027534,7/11/2017 17:25,17:25,3,0,0,HAZEL COURT SOUTH & GILL PLACE WEST,1,1,0,0,1,1,0,,25,0,0,0,0,0,4,2,13
,2017_66823,39.675285,-105.0278625,1/4/2017 10:00,10:00,6,0,0,HAZEL WAY 2200 BLOCK SOUTH & ILIFF AVENUE WEST,10,3,0,2,1,4,0,,25,0,0,0,0,0,4,2,13
,2017_66857,39.660035,-104.940554,8/4/2017 15:03,15:03,12,0,0,COLORDAO BOULEVARD SOUTH 3000 BLOCK & DARTMOUTH AVENUE EAST,1,1,1,0,1,3,0,,35,0,0,0,0,0,2,2,1
,2017_66858,39.671501,-104.940617,2/3/2017 18:45,18:45,3,0,0,COLORADO BOULEVARD SOUTH & DICKENSON PLACE EAST,1,3,0,0,1,2,0,,30,0,0,0,0,0,2,2,1
,2017_66859,39.678006,-104.940637,9/5/2017 11:40,11:40,15,0,0,COLORADO BOULEVARD SOUTH 2100 BLOCK & EVANS AVENUE EAST,1,1,1,0,1,3,0,,35,0,0,0,0,1,2,2,13
,2017_66860,39.67843,-104.940638,9/26/2017 21:27,21:27,3,0,0,EVANS AVENUE EAST & COLORADO BOULEVARD SOUTH,1,3,0,0,1,1,0,,35,0,0,0,0,0,2,2,13
,2017_66861,39.67843,-104.940638,10/9/2017 13:11,13:11,12,0,0,EVANS AVENUE 3900 BLOCK EAST & COLORADO BOULEVARD SOUTH,4,1,0,2,1,3,0,,35,0,0,0,0,0,2,3,13
,2017_66862,39.679985,-104.940643,8/12/2017 17:30,17:30,12,0,0,COLORADO BOULEVARD SOUTH 1900 BLOCK & BUCHTEL BOULEVARD EAST,1,1,0,0,1,3,0,,35,0,0,0,0,0,2,3,13
,2017_66863,39.679985,-104.940643,10/18/2017 10:06,10:06,3,0,0,COLORADO BOULEVARD SOUTH & COLORADO CENTER DRIVE EAST,1,1,0,0,1,1,0,,35,0,0,0,0,0,2,2,12
,2017_66864,39.685533,-104.940543,1/21/2017 16:20,16:20,1,0,0,MEXICO AVENUE EAST & COLORADO BOULEVARD SOUTH,1,2,0,0,1,1,0,,30,0,0,0,0,0,2,2,13
,2017_66865,39.688521,-104.940545,9/6/2017 20:40,20:40,15,0,0,COLORADO BOULEVARD SOUTH 1500 BLOCK & FLORIDA AVENUE EAST,1,3,0,0,1,4,0,,35,0,0,0,0,0,2,2,1
,2017_66866,39.689119,-104.940546,7/1/2017 20:01,20:01,12,0,0,COLORADO BOULEVARD SOUTH & FLORIDA AVENUE EAST,1,2,0,0,1,3,0,,40,0,0,0,0,1,2,4,1
,2017_66867,39.689119,-104.940546,7/26/2017 10:37,10:37,3,0,0,COLORADO BOULEVARD SOUTH & FLORIDA AVENUE EAST,1,1,1,0,1,1,0,,30,0,0,0,0,0,2,2,3
,2017_66868,39.692256,-104.940548,3/16/2017 10:41,10:41,12,0,0,COLORADO BOULEVARD 1300 BLOCK SOUTH & LOUISIANA AVENUE EAST,1,1,1,0,1,4,0,,35,0,0,0,0,0,2,2,14
,2017_66869,39.692854,-104.940549,9/5/2017 10:30,10:30,15,0,0,COLORADO BOULEVARD SOUTH & LOUISIANA AVENUE EAST,1,1,0,0,1,1,0,,35,0,0,0,0,0,2,2,13
,2017_66870,39.694796,-104.94055,10/17/2017 8:25,8:25,3,0,0,COLORADO BOULEVARD SOUTH & ARIZONA AVENUE EAST,1,1,1,0,1,2,0,,35,0,0,0,0,0,2,2,13
,2017_66899,39.712952,-104.940611,7/18/2017 7:25,7:25,3,0,0,ALAMEDA AVENUE EAST & COLORADO BOULEVARD SOUTH,1,1,0,0,1,1,0,,35,0,0,0,0,0,2,2,3
,2017_66900,39.713244,-104.940611,10/7/2017 17:08,17:08,3,0,0,ALAMEDA AVENUE EAST & COLORADO BOULEVARD SOUTH,1,1,0,0,1,1,0,,30,0,0,0,0,0,2,2,13
,2017_66901,39.716454,-104.94061,3/26/2017 16:00,16:00,1,0,0,COLORADO BOULEVARD SOUTH & BAYAUD AVENUE EAST,1,1,0,0,1,1,0,,35,0,0,0,0,0,2,2,8
,2017_66902,39.716454,-104.94061,3/30/2017 16:00,16:00,12,0,0,BAYAUD AVENUE EAST & COLORADO BOULEVARD SOUTH,1,1,0,0,1,1,0,,30,0,0,0,0,0,2,2,14
,2017_66903,39.719664,-104.940609,7/14/2017 17:00,17:00,1,0,0,COLORADO BOULEVARD NORTH & FIRST AVENUE EAST,1,1,0,0,1,1,0,,30,0,0,0,0,0,2,2,13
,2017_66904,39.725354,-104.940607,6/9/2017 18:01,18:01,15,0,0,COLORADO BOULEVARD NORTH & FIFTH AVENUE EAST ROAD WEST,1,1,0,0,1,4,0,,35,0,0,0,0,0,2,2,13
,2017_66905,39.7255,-104.940607,7/24/2017 12:40,12:40,12,0,0,COLORADO BOULEVARD NORTH & SIXTH AVENUE EAST,1,1,0,0,1,3,0,,40,0,0,0,0,0,2,2,1
,2017_66907,39.726813,-104.940606,10/5/2017 8:30,8:30,15,0,0,COLORADO BOULEVARD 600 BLOCK NORTH & SEVENTH AVENUE EAST,1,1,0,0,1,4,0,,35,0,0,0,0,0,2,2,7
,2017_66908,39.72871,-104.940605,10/12/2017 15:24,15:24,1,0,0,COLORADO BOULEVARD NORTH & EIGHTH AVENUE EAST,1,1,0,0,1,1,0,,35,0,0,0,0,0,2,2,13
,2017_66909,39.738194,-104.940602,12/6/2017 10:05,10:05,12,0,2,COLORADO BOULEVARD NORTH 1300 BLOCK & 14TH AVENUE EAST,1,1,0,0,1,3,0,,35,0,0,0,0,2,2,3,13
,2017_66910,39.738485,-104.940602,2/14/2017 14:39,14:39,12,0,0,14TH AVENUE EAST 3900 BLOCK & COLORADO BOULEVARD NORTH,1,1,0,0,1,1,0,,30,0,0,0,0,0,2,2,3
,2017_66911,39.74009,-104.940601,9/25/2017 18:36,18:36,12,0,0,COLORADO BOULEVARD NORTH & COLFAX AVENUE EAST,1,1,0,0,1,3,0,,,0,0,0,0,0,2,3,13
,2017_66912,39.74009,-104.940601,9/26/2017 16:04,16:04,12,0,0,COLORADO BOULEVARD NORTH & COLFAX AVENUE EAST,1,1,3,0,1,3,0,,40,0,0,0,0,0,2,2,1
,2017_66913,39.740236,-104.940601,2/24/2017 10:57,10:57,15,0,0,COLORADO BOULEVARD NORTH & COLFAX AVENUE EAST,1,1,0,0,1,3,0,,35,0,0,0,0,0,2,2,13
,2017_66914,39.740382,-104.940601,7/28/2017 15:30,15:30,15,0,0,COLORADO BOULEVARD NORTH & 1500 BLOCK NORTH,1,1,0,0,1,4,0,,30,0,0,0,0,0,2,2,1
,2017_66915,39.742571,-104.9406,8/22/2017 14:16,14:16,15,0,0,COLORADO BOULEVARD NORTH & 1600 BLOCK NORTH ROAD EAST,1,1,0,0,1,4,0,,35,0,0,0,0,0,2,2,13
,2017_66917,39.74724,-104.940599,11/14/2017 7:49,7:49,3,0,0,COLORADO BOULEVARD NORTH & MONTVIEW BOULEVARD EAST,1,1,0,0,1,1,0,,30,0,0,0,0,0,2,3,1
,2017_66918,39.749136,-104.940598,5/29/2017 19:09,19:09,15,0,0,COLORADO BOULEVARD NORTH & 22ND AVENUE EAST,1,1,0,0,1,1,0,,,0,0,0,0,0,2,2,13
,2017_66920,39.761914,-104.940511,12/30/2017 3:55,3:55,14,0,0,COLORADO BOULEVARD NORTH & MLK BOULEVARD EAST,1,3,0,0,1,4,0,,35,0,0,0,0,1,2,2,5
,2017_66922,39.764528,-104.940501,2/15/2017 20:19,20:19,10,0,0,BRUCE RANDOLPH AVENUE EAST & COLORADO BOULEVARD NORTH,1,3,0,0,1,5,0,,30,0,0,0,0,0,2,2,13
,2017_66923,39.764528,-104.940501,11/17/2017 17:50,17:50,1,0,0,COLORADO BOULEVARD NORTH & BRUCE RANDOLPH AVENUE EAST,4,3,0,1,1,1,0,,40,0,0,0,0,0,2,2,7
,2017_66924,39.764528,-104.940501,11/30/2017 14:59,14:59,3,0,0,COLORADO BOULEVARD NORTH & BRUCE RANDOLPH AVENUE EAST,1,1,0,0,1,1,0,,40,0,0,0,0,0,2,2,1
,2017_66925,39.774344,-104.940516,7/31/2017 13:33,13:33,12,0,0,COLORADO BOULEVARD NORTH & 40TH AVENUE EAST,1,1,0,0,1,3,0,,40,0,0,0,0,0,2,3,8
,2017_66926,39.784135,-104.94045,12/14/2017 11:55,11:55,3,0,0,48TH AVENUE EAST & COLORADO BOULEVARD NORTH,1,1,1,0,1,1,0,,40,0,0,0,0,0,2,3,3
,2017_66943,39.776439,-104.98921,9/13/2017 17:40,17:40,5,0,0,44TH AVENUE WEST & I25,1,1,0,0,2,4,0,,25,0,0,0,0,0,1,1,13
,2017_66946,39.725556,-105.039261,11/29/2017 8:20,8:20,12,0,0,SIXTH AVENUE WEST & PERRY STREET NORTH,1,1,0,0,1,4,0,,65,0,0,0,0,0,2,2,13
,2017_66951,39.725652,-105.053207,2/7/2017 19:03,19:03,12,0,0,SIXTH AVENUE WEST & SHERIDAN BOULEVARD,1,3,0,0,1,4,0,,55,0,0,0,0,0,2,2,13
,2017_66952,39.725652,-105.053207,9/25/2017 10:45,10:45,15,0,0,SIXTH AVENUE WEST & SHERIDAN BOULEVARD,1,1,0,0,1,4,0,,55,0,0,0,0,0,2,2,13
,2017_66953,39.725652,-105.053207,6/15/2017 11:40,11:40,12,0,0,SIXTH AVENUE WEST EASTBOUND ON RAMP & SHERIDAN BOULEVARD,1,1,0,0,1,8,0,,35,0,0,0,0,0,2,2,1
,2017_66954,39.725652,-105.053207,11/17/2017 18:42,18:42,12,0,0,SIXTH AVENUE WEST EASTBOUND ON RAMP & SHERIDAN BOULEVARD,2,3,1,1,1,8,0,,35,0,0,0,0,0,2,3,13
,2017_66955,39.725641,-105.050955,8/25/2017 11:44,11:44,12,0,0,SIXTH AVENUE WB OFF RAMP TO SHERIDAN & SIXTH AVENUE DRIVE NORTH LINK TO RAMP,1,1,1,0,1,8,0,,30,0,0,0,0,0,2,2,2
,2017_66956,39.725541,-105.035083,1/11/2017 12:33,12:33,12,0,0,SIXTH AVENUE WEST & LOWELL BOULEVARD NORTH,1,1,0,0,1,1,0,,45,0,0,0,0,0,2,2,14
,2017_66957,39.725455,-105.032456,1/24/2017 7:32,7:32,12,0,0,SIXTH AVENUE WEST & KNOX COURT NORTH,1,1,0,0,1,4,0,,55,0,0,0,0,0,2,2,3
,2017_66958,39.725413,-105.023923,11/3/2017 14:15,14:15,15,0,0,SIXTH AVENUE WEST & FEDERAL BOULEVARD NORTH,1,1,1,0,1,4,0,,55,0,0,0,0,0,2,2,7
,2017_66959,39.725533,-105.01288,11/11/2017 15:48,15:48,12,0,0,SIXTH AVENUE WEST & I25,1,1,0,0,1,4,0,,55,0,0,0,0,0,2,2,13
,2017_66960,39.725533,-105.01288,11/26/2017 12:25,12:25,12,0,0,SIXTH AVENUE WEST & I25 INTCH,1,1,0,0,1,4,0,,55,0,0,0,0,1,2,2,1
,2017_66961,39.725533,-105.01288,12/18/2017 0:19,0:19,12,0,0,SIXTH AVENUE WEST & I25,1,3,1,0,1,4,0,,55,0,0,0,0,0,2,2,5
,2017_66962,39.725545,-105.012704,4/29/2017 21:50,21:50,12,0,0,SIXTH AVENUE WEST & I25 APPROXIMATELY,14,3,0,0,1,4,0,,30,0,0,0,0,0,2,2,13
,2017_66963,39.725545,-105.012704,7/2/2017 15:40,15:40,5,0,0,SIXTH AVENUE WEST & MM 284.49,1,1,0,0,2,4,0,,45,0,0,0,0,0,2,1,7
,2017_66964,39.779447,-104.949726,7/3/2017 11:12,11:12,1,0,0,46TH AVENUE EAST & STEELE STREET NORTH,1,1,0,0,1,1,0,,30,0,0,0,0,0,2,2,13
,2017_66965,39.780055,-104.949721,9/18/2017 19:18,19:18,3,0,0,STEELE STREET NORTH & I70 WB OFF RAMP,1,4,0,0,1,1,0,,35,0,0,0,0,0,2,2,2
,2017_66966,39.783752,-104.947831,8/23/2017 16:52,16:52,3,0,0,48TH AVENUE EAST & VASQUEZ BOULEVARD NORTH,1,1,0,0,1,1,0,,40,0,0,0,0,1,2,2,1
,2017_67064,39.779391,-104.989164,10/11/2017 10:39,10:39,12,0,1,I25 & I70 INTCH,1,1,0,1,1,4,0,,55,0,0,0,0,2,1,2,13
,2017_67078,39.624269,-104.901674,2/10/2017 16:00,16:00,15,0,0,I25 NORTHBOUND ON RAMP & BELLEVIEW AVENUE EAST,1,1,1,0,1,8,0,,55,0,0,0,0,0,1,2,13
,2017_67079,39.624403,-104.901751,12/5/2017 6:44,6:44,12,0,0,I25 & BELLEVIEW AVENUE EAST,1,1,0,0,1,4,0,,65,0,0,0,0,0,1,2,13
,2017_67080,39.625207,-104.902215,5/3/2017 9:58,9:58,15,0,0,I25 & BELLEVIEW AVENUE EAST,2,1,0,1,1,4,0,,65,0,0,0,0,0,1,2,1
,2017_67081,39.62841,-104.904128,1/27/2017 16:10,16:10,12,0,0,I25 & UNION AVENUE EAST,1,1,0,0,1,4,0,,55,0,0,0,0,0,1,3,13
,2017_67082,39.628802,-104.904344,3/10/2017 18:00,18:00,12,0,0,I25 NORTHBOUND & UNION AVENUE EAST,1,3,0,0,1,4,0,,55,0,0,0,0,1,1,2,13
,2017_67083,39.629064,-104.904487,3/13/2017 7:52,7:52,15,0,0,I25 NORTHBOUND & I225 NORTHBOUND DIRECT CONNECT,1,1,0,0,1,4,0,,65,0,0,0,0,0,1,2,13
,2017_67084,39.629064,-104.904487,10/11/2017 14:45,14:45,12,0,0,I25 & UNION AVENUE EAST,1,1,0,0,1,4,0,,55,0,0,0,0,0,1,2,3
,2017_67085,39.629194,-104.904559,10/11/2017 14:15,14:15,15,0,0,I25 & UNION AVENUE EAST,1,1,0,0,1,4,0,,55,0,0,0,0,0,1,2,3
,2017_67086,39.714925,-105.00119,11/8/2017 8:17,8:17,12,0,0,I25 & ALAMEDA AVENUE WEST,1,1,0,0,1,4,0,,55,0,0,0,0,0,1,2,13
,2017_67087,39.640105,-104.910793,5/9/2017 7:43,7:43,12,0,0,I25 & QUINCY AVENUE EAST,1,1,0,0,1,4,0,,65,0,0,0,0,0,1,3,3
,2017_67088,39.65111,-104.917074,3/30/2017 3:52,3:52,5,0,0,I25 NORTHBOUND RAMP OFF CRASH CUSHION & HAMPDEN AVENUE EAST APPROXIMATELY,1,3,0,0,2,8,0,,55,0,0,0,0,0,1,1,13
,2017_67089,39.720036,-105.007094,11/18/2017 8:16,8:16,15,0,0,I25 & SIXTH AVENUE WEST,1,1,0,0,1,4,0,,65,0,0,0,0,0,1,2,13
,2017_67090,39.684918,-104.950632,6/26/2017 16:40,16:40,12,0,0,I25 & STEELE STREET SOUTH,1,1,0,0,1,4,0,,55,0,0,0,0,1,1,3,13
,2017_67091,39.6849,-104.953384,12/14/2017 15:40,15:40,15,0,0,I25 & UNIVERSITY BOULEVARD SOUTH SOUTHBOUND ENTRANCE GORE,1,1,0,0,1,4,0,,55,0,0,0,0,0,1,2,1
,2017_67092,39.68492,-104.959509,4/29/2017 6:18,6:18,5,0,1,I25 & UNIVERSITY BOULEVARD SOUTH,6,1,0,2,3,4,0,,55,0,0,0,0,2,1,1,13
,2017_67093,39.686223,-104.965636,10/28/2017 18:53,18:53,15,0,1,I25 & FRANKLIN STREET SOUTH,1,3,0,0,1,4,0,,60,0,0,0,1,2,1,2,1
,2017_67094,39.686596,-104.966416,1/18/2017 17:47,17:47,12,0,0,I25 SOUTHBOUND RAMP OFF & FRANKLIN STREET,1,3,1,0,1,8,0,,60,0,0,0,0,0,1,2,12
,2017_67095,39.690115,-104.973561,2/3/2017 16:45,16:45,12,0,0,I25 NORTHBOUND & DOWNING STREET,1,5,0,0,1,4,0,,50,0,0,0,0,0,1,2,13
,2017_67096,39.69219,-104.976782,6/30/2017 13:30,13:30,15,0,0,I25 NORTHBOUND & EMERSON STREET SOUTH,1,1,0,0,1,4,0,,,0,0,0,0,0,1,2,13
,2017_67097,39.693168,-104.977858,8/24/2017 14:46,14:46,12,0,0,I25 & LOUISIANA AVENUE EAST,1,1,0,0,1,4,0,,65,0,0,0,0,1,1,2,1
,2017_67098,39.694895,-104.979778,11/20/2017 17:00,17:00,12,0,0,I25 & WASHINGTON STREET SOUTH,1,3,0,0,1,4,0,,55,0,0,0,0,0,1,2,13
,2017_67099,39.70473,-104.994657,3/21/2017 16:45,16:45,12,0,0,I25 NORTHBOUND OFF RAMP NEW CONFIG & SANTA FE DRIVE SOUTH EXIT GORE,1,1,1,0,1,8,0,,35,0,0,0,0,0,1,2,13
,2017_67100,39.713041,-105.000001,1/13/2017 14:57,14:57,12,0,0,I25 NORTHBOUND & MM 208.1,1,1,1,0,1,4,0,,55,0,0,0,0,0,1,2,5
,2017_67101,39.71413,-105.000671,3/29/2017 17:45,17:45,12,0,0,I25 SOUTHBOUND & ALAMEDA AVENUE WEST,1,1,0,0,1,4,0,,55,0,0,0,0,0,1,2,13
,2017_67102,39.715058,-105.001276,5/4/2017 9:57,9:57,15,0,0,I25 NORTHBOUND MERGE LANE & MAPLE / CEDAR AVENUE NORTHBOUND RAMP ON,1,1,0,0,1,4,0,,35,0,0,0,0,0,1,2,13
,2017_67103,39.722783,-105.010342,10/5/2017 6:49,6:49,12,0,0,I25 & SIXTH AVENUE WEST,1,2,0,0,1,4,0,,55,0,0,0,0,0,1,2,1
,2017_67104,39.724815,-105.012562,6/15/2017 15:56,15:56,12,0,0,SIXTH AVENUE EASTBOUND RAMP OFF & I25 NORTHBOUND / SOUTHBOUND RAMP SPLIT,1,1,1,0,1,8,0,,45,0,0,0,0,0,1,2,3