id,drcog_id,latitude,longitude,crashtime,time,crashtype,numbkilled,numbinjurd,drcoglocat,rdconditin,lightngcon,roadcntgrd,weatherco,location,roaddescrp,constrzone,schoolzone,splimit,bikeinv,pedinv,sctrinv,motoinv,svrty,rdsystem,ttlvehcls,hcf
,2017_67105,39.724932,-105.012646,11/8/2017 7:05,7:05,12,0,0,I25 & SIXTH AVENUE WEST INTCH,1,1,1,0,1,4,0,,55,0,0,0,0,0,1,3,13
,2017_67106,39.725165,-105.012815,10/24/2017 9:27,9:27,12,0,0,I25 & SIXTH AVENUE FWY WEST,1,1,1,0,1,4,0,,55,0,0,0,0,0,1,3,13
,2017_67107,39.731026,-105.015398,10/1/2017 22:54,22:54,9,0,0,I25 SOUTHBOUND RAMP OFF & EIGHTH AVENUE WEST / ZUNI STREET EXIT,2,3,1,1,4,8,0,,55,0,0,0,0,1,1,1,14
,2017_67108,39.738721,-105.013834,6/14/2017 21:15,21:15,15,0,0,I25 & SIXTH AVENUE WEST,1,3,0,0,1,4,0,,65,0,0,0,0,0,1,2,14
,2017_67109,39.740059,-105.013916,1/1/2017 2:56,2:56,15,0,0,I25 & COLFAX AVENUE WEST,1,3,0,0,1,4,0,,55,0,0,0,0,0,1,2,13
,2017_67110,39.742025,-105.014657,3/27/2017 11:23,11:23,5,0,0,I25 HIGHWAY SOUTHBOUND & AURARIA PARKWAY,1,1,0,0,1,4,0,,55,0,0,0,0,0,1,2,14
,2017_67111,39.744863,-105.017408,11/4/2017 16:12,16:12,15,0,0,I25 SOUTHBOUND ON RAMP GORE POINT & 23RD AVENUE WEST ON MRG LANE,1,1,0,0,1,4,0,,55,0,0,0,0,0,1,2,13
,2017_67112,39.75115,-105.016647,9/18/2017 17:47,17:47,12,0,0,I25 & 23RD AVENUE WEST,1,1,0,0,1,4,0,,55,0,0,0,0,0,1,3,13
,2017_67114,39.751295,-105.016566,3/4/2017 11:55,11:55,12,0,0,I25 NORTHBOUND & 23RD AVENUE WEST,1,1,0,0,1,4,0,,55,0,0,0,0,1,1,2,7
,2017_67115,39.751295,-105.016566,12/14/2017 6:30,6:30,15,0,0,I25 & 23RD AVENUE WEST,1,2,0,0,1,4,0,,55,0,0,0,0,0,1,2,1
,2017_67116,39.759539,-105.006582,2/16/2017 16:01,16:01,12,0,0,I25 & SPEER BOULEVARD NORTH,1,1,0,0,1,4,0,,55,0,0,0,0,1,1,3,10
,2017_67117,39.760997,-105.004271,1/6/2017 16:45,16:45,15,0,0,I25 NORTHBOUND & 20TH STREET,2,1,1,0,1,4,0,,55,0,0,0,0,0,1,3,13
,2017_67118,39.760997,-105.004271,10/14/2017 15:36,15:36,12,0,0,I25 & 20TH STREET,1,2,0,0,1,4,0,,55,0,0,0,0,0,1,4,13
,2017_67119,39.761222,-105.003978,12/19/2017 18:45,18:45,12,0,0,I25 NORTHBOUND ON RAMP & 20TH STREET,1,3,0,0,1,8,0,,60,0,0,0,0,1,1,3,13
,2017_67120,39.76158,-105.003512,6/20/2017 8:40,8:40,12,0,0,I25 SOUTHBOUND RAMP OFF & 20TH STREET,1,1,1,0,1,8,0,,55,0,0,0,0,0,1,2,14
,2017_67121,39.762031,-105.00302,8/28/2017 23:23,23:23,15,0,0,I25 & 20TH STREET,1,3,0,0,1,4,0,,55,0,0,0,0,0,1,2,13
,2017_67122,39.762406,-105.002655,7/20/2017 13:10,13:10,12,0,0,I25 & 20TH STREET,1,1,1,0,1,4,0,,55,0,0,0,0,0,1,4,3
,2017_67123,39.767414,-104.996384,7/17/2017 8:05,8:05,12,0,0,I25 NORTHBOUND & PARK AVENUE WEST OFF RAMP GORE,1,1,0,0,1,4,0,,55,0,0,0,0,0,1,2,14
,2017_67124,39.767414,-104.996384,8/7/2017 5:48,5:48,12,0,0,I25 & PARK AVENUE WEST APPROXIMATELY,2,2,1,1,1,4,0,,55,0,0,0,0,0,1,2,13
,2017_67125,39.767414,-104.996384,10/5/2017 21:20,21:20,12,0,0,I25 NORTHBOUND & 38TH AVENUE WEST EXIT  APPROXIMATELY,1,3,0,0,1,4,0,,55,0,0,0,0,1,1,2,4
,2017_67126,39.768049,-104.994761,2/15/2017 7:15,7:15,12,0,0,I25 SOUTHBOUND & PARK AVENUE WEST,1,1,1,0,1,4,0,,55,0,0,0,0,0,1,2,13
,2017_67127,39.768049,-104.994761,11/14/2017 20:06,20:06,12,0,0,I25 & PARK AVENUE WEST,1,3,0,0,1,4,0,,55,0,0,0,0,0,1,2,13
,2017_67128,39.771236,-104.990561,4/5/2017 7:30,7:30,12,0,1,I25 NORTHBOUND RAMP OFF & 40TH AVENUE OFFSET REF,1,1,0,0,1,8,0,,65,0,0,0,0,2,1,2,13
,2017_67130,39.781119,-104.989156,9/16/2017 7:55,7:55,5,0,0,I25 SOUTHBOUND & MM 213.77,1,1,1,0,1,4,0,,65,0,0,0,0,0,1,2,13
,2017_67131,39.784575,-104.989139,11/30/2017 20:11,20:11,12,0,1,I25 & 48TH AVENUE APPROXIMATELY,1,3,0,0,1,4,0,,55,0,0,0,0,2,1,3,13
,2017_67132,39.785152,-104.989136,5/2/2017 4:29,4:29,12,0,0,I25 NORTHBOUND & 48TH AVENUE WEST,1,3,0,0,1,4,0,,35,0,0,0,0,0,1,2,13
,2017_67289,39.711265,-105.053095,1/15/2017 2:15,2:15,5,0,0,ALAMEDA AVENUE WEST & SHERIDAN BOULEVARD SOUTH,1,3,1,0,3,4,0,,35,0,0,0,0,0,2,1,1
,2017_67290,39.711265,-105.053095,7/28/2017 19:15,19:15,12,0,0,ALAMEDA AVENUE WEST & SHERIDAN BOULEVARD SOUTH,1,1,1,0,1,3,0,,35,0,0,0,0,0,2,2,16
,2017_67291,39.711081,-105.026424,12/19/2017 17:40,17:40,9,0,0,ALAMEDA AVENUE WEST & GROVE STREET SOUTH,1,3,0,0,2,1,0,,35,0,0,0,0,0,2,1,13
,2017_67292,39.71108,-105.026037,6/20/2017 14:00,14:00,15,0,0,ALAMEDA AVENUE WEST & MM 12.65,1,1,0,0,1,1,0,,35,0,0,0,0,0,2,2,3
,2017_67293,39.711077,-105.025075,6/1/2017 5:49,5:49,15,0,0,ALAMEDA AVENUE WEST & FEDERAL BOULEVARD SOUTH,1,1,0,0,1,1,0,,35,0,0,0,0,0,2,2,13
,2017_67294,39.711077,-105.025075,12/8/2017 11:14,11:14,12,0,0,ALAMEDA AVENUE WEST & FEDERAL BOULEVARD SOUTH,1,1,0,0,1,1,0,,35,0,0,0,0,0,2,2,13
,2017_67295,39.711077,-105.025075,12/11/2017 20:23,20:23,12,0,0,ALAMEDA AVENUE WEST & FEDERAL BOULEVARD SOUTH,1,3,1,0,1,1,0,,35,0,0,0,0,0,2,2,13
,2017_67296,39.711078,-105.02488,10/19/2017 16:10,16:10,12,0,0,ALAMEDA AVENUE WEST & FEDERAL BOULEVARD SOUTH,1,1,0,0,1,4,0,,,0,0,0,0,0,2,2,13
,2017_67297,39.711183,-105.009175,1/6/2017 12:10,12:10,10,0,0,ALAMEDA AVENUE & 1500 BLOCK WEST,1,1,1,0,1,2,0,,35,0,0,0,0,0,2,2,13
,2017_67298,39.711204,-104.99873,12/7/2017 8:10,8:10,15,0,0,ALAMEDA AVENUE & KALAMATH STREET SOUTH,1,1,0,0,1,4,0,,35,0,0,0,0,0,2,2,13
,2017_67299,39.653084,-104.91283,8/21/2017 20:55,20:55,1,0,0,HAMPDEN AVENUE EAST & MONACO STREET SOUTH,1,3,0,0,1,1,0,,35,0,0,0,0,0,2,2,13
,2017_67300,39.65308,-104.911204,6/14/2017 12:40,12:40,12,0,0,HAMPDEN AVENUE EAST & MONACO STREET SOUTH,1,1,0,0,1,4,0,,40,0,0,0,0,0,2,2,1
,2017_67301,39.653079,-104.910662,2/28/2017 17:23,17:23,10,0,0,HAMPDEN AVENUE 6000 BLOCK EAST & ONEIDA WAY SOUTH,2,2,0,2,1,4,0,,40,0,0,0,0,0,2,2,13
,2017_67302,39.653077,-104.898619,1/25/2017 18:30,18:30,12,0,0,HAMPDEN AVENUE EAST & TAMARAC DRIVE SOUTH,1,3,0,0,1,3,0,,30,0,0,0,0,0,2,2,7
,2017_67303,39.66645,-104.866162,5/14/2017 8:19,8:19,12,0,0,HAVANA STREET SOUTH & YALE AVENUE EAST,1,1,0,0,1,1,0,,45,0,0,0,0,0,2,2,13
,2017_67304,39.653077,-104.898619,10/10/2017 23:10,23:10,1,0,0,HAMPDEN AVENUE EAST & TAMARAC DRIVE SOUTH,1,3,1,0,1,1,0,,,0,0,0,0,0,2,2,13
,2017_67305,39.65308,-104.891582,10/23/2017 14:15,14:15,1,0,0,HAMPDEN AVENUE EAST & VERBENA STREET SOUTH,1,1,0,0,1,1,0,,40,0,0,0,0,1,2,2,1
,2017_67306,39.653025,-104.881512,9/24/2017 1:55,1:55,15,0,0,HAMPDEN AVENUE EAST 9100 BLOCK & AKRON STREET SOUTH,2,3,0,1,1,4,0,,40,0,0,0,0,0,2,2,13
,2017_67307,39.793194,-104.903334,7/30/2017 18:25,18:25,5,0,0,QUEBEC STREET & 53RD PLACE EAST,2,1,0,1,1,4,0,,45,0,0,0,0,0,2,1,13
,2017_67308,39.660018,-104.866322,12/5/2017 18:52,18:52,8,0,1,HAVANA STREET SOUTH 3100 BLOCK & DARTMOUTH AVENUE EAST,1,3,0,0,6,3,0,,40,0,0,0,0,2,2,2,15
,2017_67309,39.662036,-104.866272,10/22/2017 18:30,18:30,15,0,0,HAVANA STREET SOUTH 3000 BLOCK & CORNELL AVENUE EAST,1,3,1,0,1,4,0,,45,0,0,0,0,0,2,2,1
,2017_67310,39.666198,-104.866169,10/27/2017 17:30,17:30,3,0,0,HAVANA STREET SOUTH & YALE AVENUE EAST,1,2,1,0,1,2,0,,40,0,0,0,0,0,2,2,13
,2017_67311,39.66645,-104.866162,10/25/2017 16:39,16:39,12,0,0,HAVANA STREET SOUTH & YALE AVENUE EAST,1,1,0,0,1,1,0,,30,0,0,0,0,0,2,2,12
,2017_67312,39.669477,-104.866088,8/8/2017 15:52,15:52,3,0,0,HAVANA STREET SOUTH & PARKER ROAD SOUTH,1,1,0,0,1,1,0,,40,0,0,0,0,0,2,2,13
,2017_67313,39.670234,-104.866069,12/7/2017 8:00,8:00,12,0,0,HAVANA STREET SOUTH & PARKER ROAD SOUTH,1,1,0,0,1,4,0,,15,0,0,0,0,0,2,2,1
,2017_67374,39.779316,-104.903391,1/12/2017 8:10,8:10,15,0,0,QUEBEC STREET NORTH & I70 WB RAMPS,1,1,1,0,1,1,0,,40,0,0,0,0,0,2,2,13
,2017_67375,39.781489,-104.901001,6/22/2017 14:49,14:49,15,0,0,QUEBEC STREET & I270 WB RAMP APPROXIMATELY,1,1,0,0,1,3,0,,35,0,0,0,0,0,2,2,3
,2017_67376,39.788683,-104.903257,9/2/2017 16:50,16:50,15,0,0,QUEBEC STREET 5000 BLOCK NORTH & 5101 NORTH QUEBEC STREET,1,1,0,0,1,4,0,,40,0,0,0,0,0,2,2,3
,2017_67377,39.789725,-104.903408,10/12/2017 11:20,11:20,12,0,0,QUEBEC STREET NORTH & 53RD PLACE EAST,1,1,0,0,1,4,0,,40,0,0,0,0,0,2,2,12
,2017_67467,39.740076,-105.005215,9/12/2017 15:10,15:10,12,0,0,COLFAX AVENUE WEST & OSAGE STREET NORTH,1,1,0,0,1,3,0,,35,0,0,0,0,1,2,2,13
,2017_67473,39.740328,-105.05289,4/19/2017 19:04,19:04,12,0,0,COLFAX AVENUE WEST & SHERIDAN BOULEVARD NORTH,1,2,0,0,1,4,0,,35,0,0,0,0,0,2,2,2
,2017_67474,39.740345,-105.052121,7/9/2017 15:37,15:37,5,0,0,COLFAX AVENUE WEST & ZENOBIA STREET NORTH,1,1,0,0,2,1,0,,35,0,0,0,0,0,2,1,13
,2017_67475,39.740337,-105.039295,3/12/2017 20:12,20:12,1,0,0,COLFAX AVENUE WEST & PERRY STREET NORTH,1,2,0,0,1,1,0,,35,0,0,0,0,0,2,2,13
,2017_67476,39.74034,-105.034599,7/24/2017 17:33,17:33,6,0,0,COLFAX AVENUE WEST & LOWELL BOULEVARD NORTH,1,1,0,0,1,4,0,,35,0,0,0,0,0,2,2,13
,2017_67477,39.740298,-105.029333,7/10/2017 6:30,6:30,12,0,0,COLFAX AVENUE WEST & IRVING STREET NORTH,1,1,0,0,1,4,0,,35,0,0,0,0,1,2,2,13
,2017_67478,39.740433,-105.021166,10/27/2017 17:20,17:20,12,0,0,COLFAX AVENUE WEST & ELIOT STREET NORTH OFFSET REF,1,1,1,0,1,3,0,,40,0,0,0,0,0,2,2,13
,2017_67479,39.740076,-105.005215,3/1/2017 8:44,8:44,12,0,0,COLFAX AVENUE WEST EASTBOUND & OSAGE STREET NORTH,1,1,0,0,1,3,0,,35,0,0,0,0,0,2,2,14
,2017_67480,39.740076,-105.005215,3/15/2017 13:39,13:39,1,0,0,COLFAX AVENUE WEST & SEVENTH STREET,1,1,1,0,1,1,0,,30,0,0,0,0,0,2,2,13
,2017_67481,39.74001,-104.980167,9/16/2017 7:00,7:00,6,0,0,COLFAX AVENUE & PEARL STREET,1,1,0,0,1,4,0,,,0,0,0,0,1,2,3,13
,2017_67482,39.740076,-105.005215,7/30/2017 12:00,12:00,15,0,0,COLFAX AVENUE WEST & SEVENTH STREET,1,1,1,0,1,3,0,,30,0,0,0,0,0,2,2,13
,2017_67483,39.740028,-105.002766,11/16/2017 18:49,18:49,12,0,0,COLFAX AVENUE WEST & MARIPOSA STREET NORTH,1,2,0,0,1,1,0,,,0,0,0,0,0,2,2,13
,2017_67484,39.740039,-105.001258,12/27/2017 2:07,2:07,5,0,0,COLFAX AVENUE WEST & LIPAN STREET NORTH,4,3,0,0,2,4,0,,,0,0,0,0,0,2,2,13
,2017_67485,39.740048,-104.999933,9/14/2017 6:50,6:50,12,0,0,KALAMATH STREET NORTH & COLFAX AVENUE WEST,1,1,0,0,1,4,0,,30,0,0,0,0,0,2,2,13
,2017_67487,39.740038,-104.997854,6/17/2017 19:19,19:19,3,0,0,COLFAX AVENUE WEST & SPEER BOULEVARD NORTH  ROAD NORTH,1,1,0,0,1,1,0,,35,0,0,0,0,0,2,2,13
,2017_67488,39.740031,-104.996607,1/6/2017 7:28,7:28,5,0,0,COLFAX AVENUE EASTBOUND WEST & LIPAN STREET,4,1,0,2,3,3,0,,35,0,0,0,0,0,2,1,14
,2017_67489,39.740031,-104.996607,9/17/2017 22:45,22:45,9,0,0,COLFAX AVENUE WEST & LIPAN STREET NORTH,1,3,0,0,1,4,0,,35,0,0,0,1,1,2,1,14
,2017_67490,39.740031,-104.996607,11/11/2017 13:10,13:10,15,0,0,COLFAX AVENUE WEST & GALAPAGO STREET N/ WELTON STREET,1,1,0,0,1,1,0,,30,0,0,0,0,0,2,2,1
,2017_67491,39.74003,-104.996398,11/9/2017 15:28,15:28,1,0,0,COLFAX AVENUE WEST & FOX STREET NORTH,1,1,0,0,1,1,0,,35,0,0,0,0,0,2,2,13
,2017_67492,39.74003,-104.996398,12/27/2017 17:51,17:51,12,0,0,HIGHWAY 40 & FOX STREET NORTH,1,1,1,0,1,1,0,,55,0,0,0,0,0,2,2,13
,2017_67493,39.740029,-104.996191,7/6/2017 16:56,16:56,12,0,0,COLFAX AVENUE & GLENARM PLACE,1,1,0,0,1,4,0,,25,0,0,0,0,1,2,2,13
,2017_67494,39.740007,-104.991824,11/5/2017 9:05,9:05,3,0,0,COURT PLACE / CHEROKEE STREET & COLFAX AVENUE WEST,1,1,0,0,1,1,0,,30,0,0,0,0,0,2,2,13
,2017_67495,39.739999,-104.990369,8/9/2017 20:30,20:30,12,0,0,COLFAX AVENUE WEST & 14TH STREET,1,1,0,0,1,1,0,,25,0,0,0,0,0,2,2,13
,2017_67496,39.739999,-104.990369,9/22/2017 10:48,10:48,12,0,0,COLFAX AVENUE WEST & 14TH STREET,7,1,0,0,1,3,0,,30,0,0,0,1,1,2,2,8
,2017_67497,39.740301,-104.98832,7/31/2017 10:50,10:50,10,0,0,COLFAX AVENUE WEST & 15TH STREET,1,1,0,0,1,1,0,,25,0,0,0,0,0,2,2,13
,2017_67498,39.74003,-104.98786,9/15/2017 9:44,9:44,15,0,0,COLFAX AVENUE 000 BLOCK WEST & BROADWAY STREET NORTH,1,1,0,0,1,4,0,,30,0,0,0,0,0,2,2,13
,2017_67499,39.740007,-104.987765,11/25/2017 2:09,2:09,5,0,0,COLFAX AVENUE & BROADWAY NORTH,1,1,0,0,2,4,0,,30,0,0,0,0,0,2,1,5
,2017_67500,39.740007,-104.987765,12/18/2017 10:31,10:31,15,0,0,COLFAX AVENUE WEST & BROADWAY STREET NORTH,1,1,0,0,1,4,0,,30,0,0,0,0,0,2,2,8
,2017_67501,39.740005,-104.987167,2/10/2017 15:05,15:05,12,0,0,BROADWAY STREET NORTH & COLFAX AVENUE EAST,1,1,0,0,1,3,0,,30,0,0,0,0,0,2,2,14
,2017_67502,39.740005,-104.987167,3/28/2017 14:03,14:03,10,0,0,BROADWAY NORTH & COLFAX AVENUE EAST,2,1,0,1,1,1,0,,25,0,0,0,0,0,2,2,1
,2017_67503,39.740005,-104.987167,8/13/2017 11:20,11:20,12,0,0,COLFAX AVENUE EAST & BROADWAY,1,1,0,0,1,3,0,,35,0,0,0,0,0,2,2,7
,2017_67504,39.740005,-104.987167,8/15/2017 12:10,12:10,12,0,0,COLFAX AVENUE 000 BLOCK EAST & BROADWAY NORTH,1,1,0,0,1,4,0,,30,0,0,0,0,0,2,2,13
,2017_67505,39.740049,-104.986167,7/3/2017 12:19,12:19,12,0,0,COLFAX AVENUE EAST & LINCOLN STREET,1,1,0,0,1,1,0,,30,0,0,0,0,0,2,2,1
,2017_67506,39.740049,-104.986167,7/26/2017 12:28,12:28,12,0,0,COLFAX AVENUE EAST & LINCOLN STREET NORTH,1,1,0,0,1,3,0,,30,0,0,0,0,0,2,2,14
,2017_67507,39.74005,-104.984853,4/5/2017 8:40,8:40,10,0,0,SHERMAN STREET & COLFAX AVENUE,1,1,0,0,1,3,0,,30,0,0,0,0,0,2,2,13
,2017_67508,39.74005,-104.984853,4/15/2017 10:40,10:40,10,0,0,COLFAX AVENUE EAST & SHERMAN STREET NORTH,1,1,1,0,1,1,0,,30,0,0,0,0,0,2,2,8
,2017_67509,39.74005,-104.984853,4/26/2017 16:10,16:10,15,0,0,COLFAX AVENUE EAST & SHERMAN STREET NORTH ROAD NORTH,1,1,0,0,1,4,0,,30,0,0,0,0,0,2,2,13
,2017_67510,39.740008,-104.973052,12/8/2017 21:58,21:58,15,0,0,COLFAX AVENUE 1200 BLOCK EAST & DOWNING STREET NORTH,1,3,0,1,1,1,0,,,0,0,0,0,0,2,2,13
,2017_67511,39.740041,-104.983728,10/21/2017 22:17,22:17,15,0,0,COLFAX AVENUE EAST & GRANT STREET NORTH,1,3,0,0,1,1,0,,25,0,0,0,0,0,2,2,1
,2017_67512,39.740041,-104.983728,11/14/2017 11:50,11:50,15,0,0,COLFAX AVENUE EAST & GRANT STREET NORTH,1,1,0,0,1,4,0,,25,0,0,0,0,0,2,2,14
,2017_67513,39.740041,-104.983728,11/15/2017 10:10,10:10,12,0,0,COLFAX AVENUE 300 BLOCK EAST & GRANT STREET NORTH,1,1,0,0,1,4,0,,30,0,0,0,0,0,2,2,13
,2017_67514,39.74002,-104.981291,10/22/2017 13:04,13:04,6,0,0,COLFAX AVENUE 400 BLOCK EAST & PENNSYLVANIA STREET NORTH,1,1,0,0,1,4,0,,30,0,0,0,0,0,2,2,13
,2017_67515,39.740007,-104.979792,11/25/2017 23:28,23:28,3,0,0,PEARL STREET 1400 BLOCK & COLFAX AVENUE,1,3,0,0,1,2,0,,30,0,0,0,0,0,2,2,13
,2017_67516,39.739952,-104.979447,5/4/2017 21:27,21:27,6,0,0,COLFAX AVENUE & MM 298.55 APPROXIMATELY,1,3,0,0,1,4,0,,30,0,0,0,0,0,2,2,8
,2017_67517,39.740004,-104.979417,12/22/2017 7:49,7:49,1,0,0,COLFAX AVENUE EAST & PEARL STREET NORTH,5,3,0,0,1,2,0,,25,0,0,0,0,0,2,2,14
,2017_67518,39.739998,-104.978667,4/20/2017 23:06,23:06,3,0,0,COLFAX AVENUE 700 BLOCK EAST & WASHINGTON STREET NORTH,2,3,0,1,1,5,0,,,0,0,0,0,0,2,2,13
,2017_67519,39.740002,-104.976421,2/9/2017 19:00,19:00,3,0,0,COLFAX AVENUE 1100 BLOCK EAST & EMERSON STREET NORTH,1,1,0,0,1,2,0,,35,0,0,0,0,1,2,2,13
,2017_67520,39.740002,-104.976421,3/3/2017 0:00,0:00,3,0,0,COLFAX AVENUE EAST & EMERSON STREET NORTH,1,3,0,0,1,1,0,,30,0,0,0,0,0,2,2,13
,2017_67521,39.740007,-104.973426,5/26/2017 0:50,0:50,15,0,0,COLFAX AVENUE EAST & DOWNING STREET NORTH,2,3,0,0,1,1,0,,30,0,0,0,0,0,2,2,13
,2017_67522,39.740009,-104.972303,6/24/2017 20:05,20:05,6,0,0,COLFAX AVENUE EAST & MARION STREET NORTH ROAD NORTH,1,3,0,0,1,4,0,,25,0,0,0,0,0,2,2,3
,2017_67523,39.740012,-104.969119,6/15/2017 23:14,23:14,6,0,0,COLFAX AVENUE & FRANKLIN STREET NORTH APPROXIMATELY,1,3,0,0,1,4,0,,,0,0,0,0,0,2,2,13
,2017_67524,39.740012,-104.970431,6/12/2017 15:10,15:10,12,0,0,COLFAX AVENUE 1400 BLOCK EAST & HUMBOLDT STREET NORTH,1,1,0,0,1,4,0,,30,0,0,0,0,0,2,3,13
,2017_67525,39.740009,-104.968553,7/29/2017 21:15,21:15,1,0,0,COLFAX AVENUE EAST & PARK AVENUE,1,3,0,0,1,1,0,,35,0,0,0,0,0,2,2,13
,2017_67526,39.740009,-104.968553,9/19/2017 8:10,8:10,15,0,0,COLFAX AVENUE EAST & FRANKLIN STREET NORTH,1,1,0,0,1,1,0,,30,0,0,0,0,0,2,2,13
,2017_67527,39.740162,-104.950495,8/25/2017 9:51,9:51,6,0,0,COLFAX AVENUE 3100 BLOCK EAST & STREET PAUL STREET NORTH,1,1,0,0,1,4,0,,,0,0,0,0,0,2,2,13
,2017_67528,39.740009,-104.968553,12/17/2017 16:10,16:10,12,0,0,PARK AVENUE & COLFAX AVENUE EAST,1,1,0,0,1,3,0,,30,0,0,0,0,0,2,2,13
,2017_67529,39.740003,-104.967234,1/20/2017 17:44,17:44,3,0,0,COLFAX AVENUE EAST & GILPIN STREET NORTH,1,3,0,0,1,1,0,,35,0,0,0,0,0,2,2,14
,2017_67530,39.739998,-104.966103,4/14/2017 15:57,15:57,12,0,0,COLFAX AVENUE & WILLIAMS STREET,1,1,0,0,1,3,0,,25,0,0,0,0,0,2,2,5
,2017_67531,39.739998,-104.966103,7/9/2017 6:54,6:54,3,0,0,COLFAX AVENUE & WILLIAMS STREET NORTH,1,1,1,0,1,1,0,,35,0,0,0,0,0,2,2,13
,2017_67532,39.739991,-104.964595,11/22/2017 11:55,11:55,12,0,1,COLFAX AVENUE & 1900 BLOCK EAST,1,1,0,0,1,3,0,,30,0,0,0,0,2,2,2,13
,2017_67533,39.740177,-104.955011,3/26/2017 15:53,15:53,6,0,0,COLFAX AVENUE EAST & CLAYTON STREET NORTH,2,1,0,0,1,4,0,,35,0,0,0,0,0,2,3,12
,2017_67534,39.74016,-104.94993,11/4/2017 19:25,19:25,6,0,0,COLFAX AVENUE EAST & STEELE STREET NORTH ROAD NORTH,1,3,0,0,1,4,0,,30,0,0,0,0,0,2,2,13
,2017_67535,39.740155,-104.948425,3/24/2017 2:11,2:11,15,0,0,ADAMS STREET ROAD SOUTH & COLFAX AVENUE EAST,2,3,0,1,1,3,0,,25,0,0,0,0,0,2,2,14
,2017_67536,39.740155,-104.948425,7/10/2017 13:31,13:31,6,0,0,ADAMS STREET 1400 BLOCK NORTH & COLFAX AVENUE EAST,1,1,0,0,1,4,0,,25,0,0,0,0,0,2,2,14
,2017_67537,39.740145,-104.945226,6/10/2017 11:30,11:30,12,0,0,COLFAX AVENUE EAST & MONROE STREET NORTH,1,1,0,0,1,4,0,,30,0,0,0,0,0,2,2,13
,2017_67538,39.74012,-104.941846,2/9/2017 11:00,11:00,10,0,0,COLFAX AVENUE EAST 3900 BLOCK & 3900 BLOCK EAST,1,1,0,0,1,1,0,,30,0,0,0,0,0,2,2,7
,2017_67539,39.740063,-104.941507,8/8/2017 14:34,14:34,12,0,0,COLFAX AVENUE 3900 BLOCK EAST & COLORADO BOULEVARD NORTH,1,1,0,0,1,4,0,,35,0,0,0,0,0,2,2,3
,2017_67540,39.740062,-104.940759,4/2/2017 18:08,18:08,12,0,0,COLFAX AVENUE 3900 BLOCK EAST & COLORADO BOULEVARD NORTH,1,1,0,0,1,4,0,,35,0,0,0,0,0,2,2,13
,2017_67541,39.740062,-104.94057,2/7/2017 12:16,12:16,12,0,1,COLFAX AVENUE EAST & COLORADO BOULEVARD NORTH,1,1,0,0,1,1,0,,30,0,0,0,0,2,2,2,10
,2017_67542,39.740081,-104.916313,6/1/2017 17:43,17:43,12,0,0,COLFAX AVENUE EAST & KRAMERIA,1,1,0,0,1,1,0,,35,0,0,0,0,0,2,2,13
,2017_67543,39.740082,-104.912743,6/29/2017 17:49,17:49,12,0,0,COLFAX AVENUE EAST & MONACO PARKWAY APPROXIMATELY,1,1,0,0,1,1,0,,35,0,0,0,0,0,2,2,13
,2017_67544,39.740082,-104.912367,3/8/2017 9:37,9:37,3,0,0,COLFAX AVENUE EAST & MONACO STREET PARKWAY NORTHBOUND,1,1,0,0,1,1,0,,45,0,0,0,0,0,2,2,13
,2017_67545,39.740082,-104.912367,12/5/2017 15:25,15:25,12,0,0,COLFAX AVENUE EAST & MONACO STREET NORTH,1,1,0,0,1,1,0,,35,0,0,0,0,0,2,2,1
,2017_67546,39.740083,-104.910488,8/23/2017 14:11,14:11,12,0,0,COLFAX AVENUE EAST & NIAGARA STREET,1,1,0,0,1,1,0,,35,0,0,0,0,0,2,2,13
,2017_67547,39.740084,-104.904288,7/20/2017 18:14,18:14,6,0,0,COLFAX AVENUE & 7200 BLOCK EAST,1,1,0,0,3,4,0,,35,0,0,0,0,1,2,6,14
,2017_67548,39.740085,-104.901093,10/6/2017 15:01,15:01,12,0,0,COLFAX AVENUE EAST & ROSLYN STREET,1,1,0,0,1,1,0,,35,0,0,0,0,0,2,2,13
,2017_67549,39.740085,-104.900905,6/16/2017 10:40,10:40,12,0,0,COLFAX AVENUE & ROSLYN STREET NORTH,1,1,0,0,1,3,0,,35,0,0,0,0,1,2,3,13
,2017_67550,39.740086,-104.894141,7/2/2017 16:34,16:34,3,0,0,COLFAX AVENUE EAST & ULSTER STREET NORTH APPROXIMATELY,1,1,0,0,1,2,0,,30,0,0,0,0,0,2,2,14
,2017_67551,39.740086,-104.89057,4/10/2017 8:19,8:19,3,0,0,COLFAX AVENUE EAST & VERBENA STREET NORTH,1,1,0,0,1,1,0,,25,0,0,0,0,0,2,2,13
,2017_67552,39.740087,-104.885873,1/8/2017 15:18,15:18,1,0,0,COLFAX AVENUE EAST & XENIA STREET NORTH,1,1,0,0,1,1,0,,35,0,0,0,0,0,2,2,14
,2017_67553,39.740087,-104.885873,1/15/2017 14:51,14:51,3,0,0,COLFAX AVENUE EAST & XENIA STREET NORTH,2,1,0,0,1,1,0,,25,0,0,0,0,0,2,2,13
,2017_67554,39.740087,-104.885873,12/3/2017 12:20,12:20,15,0,0,XENIA STREET NORTH & COLFAX STREET EAST,1,1,0,0,1,1,0,,35,0,0,0,0,0,2,2,13