id,drcog_id,latitude,longitude,crashtime,time,crashtype,numbkilled,numbinjurd,drcoglocat,rdconditin,lightngcon,roadcntgrd,weatherco,location,roaddescrp,constrzone,schoolzone,splimit,bikeinv,pedinv,sctrinv,motoinv,svrty,rdsystem,ttlvehcls,hcf
,2017_67555,39.740087,-104.885685,11/11/2017 0:46,0:46,12,0,0,COLFAX AVENUE & 8800 BLOCK EAST,1,3,0,0,1,4,0,,45,0,0,0,0,0,2,2,13
,2017_67556,39.740087,-104.885497,5/21/2017 20:58,20:58,12,0,0,COLFAX AVENUE EAST & YOSEMITE STREET NORTH,2,4,0,1,1,4,0,,35,0,0,0,0,0,2,2,3
,2017_67805,39.783088,-105.000825,1/11/2017 22:48,22:48,5,0,0,I70 WB OFF RAMP & PECOS STREET EXIT,1,3,0,0,1,8,0,,55,0,0,0,0,1,1,1,5
,2017_67810,39.782237,-104.99781,12/31/2017 11:23,11:23,5,0,0,I70 & PECO STREET NORTH,1,1,0,0,1,4,0,,55,0,0,0,0,0,1,2,13
,2017_67811,39.783669,-105.052895,5/16/2017 14:58,14:58,5,0,0,I70 EASTBOUND RAMP ON & SHERIDAN BOULEVARD NORTH,1,1,0,0,3,3,0,,35,0,0,0,0,0,1,1,7
,2017_67812,39.78372,-105.05273,10/30/2017 6:30,6:30,12,0,0,I70 HIGHWAY WB SPLIT OFF RAMP & SHERIDAN BOULEVARD,2,2,0,1,1,8,0,,45,0,0,0,0,0,1,2,14
,2017_67813,39.784042,-105.052069,8/21/2017 14:20,14:20,15,0,0,I70 & SHERIDAN BOULEVARD NORTH,1,1,1,0,1,4,0,,55,0,0,0,0,0,1,2,3
,2017_67814,39.783668,-105.020448,8/25/2017 21:00,21:00,5,0,0,I70 & FEDERAL BOULEVARD NORTH,1,3,0,0,2,4,0,,55,0,0,0,0,0,1,2,5
,2017_67815,39.783357,-105.034655,9/19/2017 17:38,17:38,12,0,0,I70 & LOWELL BOULEVARD NORTH,1,1,0,0,1,4,0,,55,0,0,0,0,0,1,2,13
,2017_67816,39.784195,-105.025519,4/6/2017 6:51,6:51,12,0,0,I70 & FEDERAL BOULEVARD NORTH,1,1,1,0,1,4,0,,55,0,0,0,0,1,1,2,1
,2017_67817,39.784175,-105.023613,3/9/2017 15:12,15:12,15,0,0,I70 & FEDERAL BOULEVARD NORTH,1,1,1,0,1,4,0,,55,0,0,0,0,0,1,2,13
,2017_67818,39.783149,-105.006371,5/8/2017 16:04,16:04,12,0,0,I70 & PECOS STREET NORTH INTCH,2,1,0,2,1,4,0,,55,0,0,0,0,0,1,2,7
,2017_67819,39.783003,-105.000523,1/8/2017 2:49,2:49,5,0,0,I70 WB OFF RAMP & PECOS STREET NORTH,5,3,0,0,2,8,0,,55,0,0,0,0,1,1,1,5
,2017_67820,39.780124,-104.989762,9/29/2017 18:05,18:05,12,0,0,I70 & I25,1,1,2,0,1,4,0,,45,0,0,0,1,1,1,2,13
,2017_67821,39.780058,-104.9894,7/26/2017 8:54,8:54,12,0,0,I70 & I25 SOUTHBOUND,1,1,0,0,1,4,0,,55,0,0,0,0,0,1,2,13
,2017_67822,39.779937,-104.988665,7/4/2017 9:23,9:23,15,0,0,I70 WB RAMP SPLIT & I25 SOUTHBOUND RAMP BEGIN,1,1,0,0,1,8,0,,55,0,0,0,0,0,1,2,14
,2017_67823,39.779937,-104.988665,10/11/2017 19:00,19:00,15,0,0,I70 WB RAMP OFF & I25 APPROXIMATELY,1,3,1,0,1,8,0,,40,0,0,0,0,0,1,2,13
,2017_67824,39.77947,-104.979393,5/25/2017 17:25,17:25,12,0,0,I70 EASTBOUND & WASHINGTON STREET NORTH,1,1,0,1,1,4,0,,55,0,0,0,0,0,1,2,12
,2017_67825,39.779441,-104.979019,1/13/2017 6:05,6:05,1,0,0,WASHINGTON STREET NORTH & I70 EASTBOUND,1,3,1,0,1,1,0,,65,0,0,0,0,0,1,2,13
,2017_67826,39.779441,-104.979019,1/16/2017 6:28,6:28,12,0,0,WASHINGTON STREET & I70 EASTBOUND ON RAMP,5,3,0,2,1,1,0,,35,0,0,0,0,0,1,2,3
,2017_67827,39.779529,-104.975346,3/31/2017 22:00,22:00,12,0,0,I70 WB & WASHINGTON STREET NORTH,2,3,0,1,1,4,0,,,0,0,0,0,0,1,2,13
,2017_67828,39.779575,-104.974317,5/8/2017 8:00,8:00,5,0,0,I70 WB ON RAMP FROM NORTHBOUND I25 & I25,1,1,1,0,2,8,0,,45,0,0,0,0,0,1,1,13
,2017_67829,39.779942,-104.966087,8/17/2017 13:13,13:13,12,0,0,I70 & BRIGHTON BOULEVARD NORTH,1,1,0,0,1,4,0,,65,0,0,0,0,0,1,2,3
,2017_67830,39.779942,-104.966087,8/29/2017 15:18,15:18,15,0,0,I70 & BRIGHTON BOULEVARD NORTH,1,1,1,0,1,4,0,,,0,0,0,0,0,1,2,13
,2017_67831,39.779951,-104.965881,12/21/2017 9:15,9:15,12,0,0,I70 WB OFF RAMP & BRIGHTON BOULEVARD NORTH,4,1,1,2,1,8,0,,35,0,0,0,0,0,1,2,13
,2017_67832,39.780012,-104.959789,11/10/2017 23:45,23:45,15,0,0,I70 & YORK STREET NORTH,1,3,0,0,1,4,0,,55,0,0,0,0,0,1,2,13
,2017_67833,39.779999,-104.949951,1/9/2017 7:11,7:11,5,0,0,I70 & STEELE STREET NORTH,1,1,0,0,1,4,0,,55,0,0,0,0,0,1,2,14
,2017_67834,39.780003,-104.950521,8/7/2017 14:18,14:18,12,0,0,I70 & STEELE / VASQUEZ BOULEVARD NORTH APPROXIMATELY,2,1,0,1,1,4,0,,55,0,0,0,0,0,1,2,13
,2017_67835,39.78008,-104.936119,10/18/2017 17:10,17:10,12,0,0,I70 EASTBOUND RAMP OFF TO STAPLETON DRIVE SOUTH & DAHLIA STREET NORTH,1,1,0,0,1,8,0,,55,0,0,0,0,0,1,2,3
,2017_67836,39.780032,-104.931784,5/14/2017 18:52,18:52,15,0,0,I70 & DAHLIA STREET NORTH,1,5,0,0,1,4,0,,65,0,0,0,0,0,1,2,3
,2017_67837,39.780032,-104.931784,9/7/2017 10:03,10:03,12,0,0,I70 WB & DAHLIA STREET,1,1,0,0,1,4,0,,55,0,0,0,0,0,1,2,1
,2017_67838,39.778341,-104.92238,11/9/2017 15:11,15:11,12,0,0,I70 & HOLLY STREET NORTH,1,1,1,0,1,4,0,,55,0,0,0,0,0,1,2,4
,2017_67839,39.778295,-104.903636,5/30/2017 5:20,5:20,9,0,1,I70 WB RAMP ON & QUEBEC,1,2,1,0,1,8,0,,35,0,0,0,1,2,1,1,13
,2017_67840,39.778295,-104.903454,5/7/2017 0:36,0:36,12,0,0,I70 & QUEBEC,1,3,0,0,1,4,0,,55,0,0,0,0,0,1,2,13
,2017_67841,39.778295,-104.903454,7/26/2017 15:01,15:01,12,0,0,I70 & NORTH NORTHFIELD QUEBEC,1,1,0,0,1,4,0,,65,0,0,0,0,0,1,2,7
,2017_67842,39.778298,-104.898898,4/2/2017 9:41,9:41,15,0,0,QUEBEC STREET NORTH & I70 WB,1,1,0,0,1,4,0,,55,0,0,0,0,0,1,3,13
,2017_67843,39.777209,-104.883707,10/18/2017 18:42,18:42,12,0,0,I70 & CENTRAL PARK BOULEVARD NORTH,1,3,0,0,1,4,0,,55,0,0,0,0,0,1,3,13
,2017_67844,39.777139,-104.882953,1/28/2017 17:59,17:59,12,0,0,I70 & CENTRAL PARK BOULEVARD NORTH,1,3,0,0,1,4,0,,55,0,0,0,0,0,1,2,13
,2017_67845,39.77707,-104.882198,10/2/2017 11:58,11:58,12,0,0,I70 & CENTRAL PARK BOULEVARD NORTH,1,1,0,0,1,4,0,,55,0,0,0,0,0,1,2,13
,2017_67846,39.77597,-104.869716,5/22/2017 12:00,12:00,15,0,0,I70 & HAVANA STREET NORTH,1,1,0,0,1,4,0,,55,0,0,0,0,0,1,2,13
,2017_67847,39.775732,-104.866943,11/11/2017 13:21,13:21,12,0,0,I70 & HAVANA STREET NORTH,1,1,0,0,1,4,0,,55,0,0,0,0,0,1,2,13
,2017_67848,39.775716,-104.866758,11/11/2017 12:11,12:11,15,0,0,I70 & HAVANA STREET NORTH,1,1,0,0,1,4,0,,55,0,0,0,0,0,1,2,13
,2017_67849,39.775573,-104.865095,10/23/2017 16:30,16:30,12,0,0,I70 & HAVANA STREET NORTH,1,1,0,0,1,4,0,,,0,0,0,0,0,1,2,13
,2017_67850,39.775573,-104.865095,7/7/2017 10:59,10:59,12,0,1,HAVANA STREET NORTH & I70 WB RAMPS,1,1,0,0,1,3,0,,35,0,0,0,0,2,1,2,1
,2017_67851,39.775494,-104.864171,4/15/2017 21:30,21:30,5,0,0,I70 EASTBOUND LOOP RAMP OFF & HAVANA STREET NORTH,1,3,1,0,2,8,0,,,0,0,0,0,0,1,1,13
,2017_67852,39.774476,-104.852339,6/11/2017 2:31,2:31,12,0,0,I70 & PEORIA STREET NORTH,1,3,0,0,1,4,0,,55,0,0,0,0,0,1,2,5
,2017_67853,39.774015,-104.846978,8/27/2017 17:15,17:15,12,0,0,I70 & PEORIA STREET NORTH,1,1,0,0,1,4,0,,55,0,0,0,0,0,1,2,1
,2017_67854,39.773999,-104.846793,8/2/2017 14:55,14:55,12,0,0,PEORIA STREET NORTH & I70 INTCH,1,1,0,0,1,4,0,,40,0,0,0,0,0,1,2,13
,2017_67855,39.773983,-104.846608,10/14/2017 11:54,11:54,12,0,0,I70 EASTBOUND ON RAMP & PEORIA STREET NORTH,1,1,0,0,1,8,0,,20,0,0,0,0,0,1,2,13
,2017_67856,39.773761,-104.84402,6/1/2017 17:49,17:49,12,0,0,I225 & I70,1,1,1,0,1,4,0,,65,0,0,0,0,0,1,3,7
,2017_67857,39.773538,-104.841432,7/30/2017 16:22,16:22,12,0,0,I70 & PEORIA STREET NORTH,2,1,0,0,1,8,0,,55,0,0,0,0,0,1,2,13
,2017_67858,39.773776,-104.839643,4/25/2017 19:15,19:15,5,0,0,I70 WB RAMP OFF & PEORIA STREET NORTH,2,3,1,1,2,8,0,,55,0,0,0,0,0,1,1,7
,2017_67859,39.773576,-104.83734,12/13/2017 14:40,14:40,5,0,0,I70 HIGHWAY WB CRASH CUSHION & PEORIA STREET OFF / I70 ON RAMP SPLIT,1,1,1,0,1,8,0,,55,0,0,0,0,0,1,1,14
,2017_67860,39.773171,-104.837181,2/21/2017 6:56,6:56,12,0,0,I70 WB OFF RAMP & PEORIA STREET NORTH,1,1,0,0,1,8,0,,65,0,0,0,0,1,1,2,1
,2017_67861,39.772821,-104.833114,4/29/2017 22:30,22:30,15,0,0,I70 & I225 SOUTHBOUND RAMP OFF,2,3,1,2,1,4,0,,65,0,0,0,0,0,1,2,1
,2017_67862,39.77255,-104.829971,5/24/2017 7:22,7:22,12,0,1,I70 WB FLYOVER & I225,1,1,1,0,1,4,0,,65,0,0,0,0,2,1,2,1
,2017_67863,39.772428,-104.828873,6/12/2017 19:10,19:10,12,0,0,I70 & CHAMBERS ROAD NORTH,1,1,0,0,1,4,0,,55,0,0,0,0,0,1,2,13
,2017_67864,39.772428,-104.828873,12/1/2017 22:19,22:19,5,0,1,I70 & CHAMBERS ROAD NORTH APPROXIMATELY,1,3,0,0,2,4,0,,55,0,0,0,0,2,1,1,5
,2017_67882,39.746925,-104.9647545,8/2/2017 16:50,16:50,6,0,0,HIGH STREET SOUTH & HIGH STREET 1300 BLOCK NORTH,1,1,1,0,1,4,0,,30,0,0,0,0,0,4,2,13
,2017_67883,39.746925,-104.9647545,9/29/2017 12:08,12:08,3,0,0,HIGH STREET NORTH & HIGH STREET 2055 NORTH,1,1,0,0,1,2,0,,25,0,0,0,0,0,4,2,13
,2017_67884,39.749643,-104.964534,4/20/2017 10:24,10:24,6,0,0,HIGH STREET 2200 BLOCK NORTH & 22ND AVENUE EAST,1,1,1,0,1,4,0,,,0,0,0,0,0,4,2,13
,2017_67885,39.764511,-104.964687,4/19/2017 19:24,19:24,6,0,0,HIGH STREET NORTH & BRUCE RANDOLPH AVENUE EAST,1,1,1,0,1,4,0,,30,0,0,0,0,0,4,2,13
,2017_67886,39.739995,-104.9647635,4/2/2017 22:00,22:00,6,0,0,HIGH STREET 1400 BLOCK NORTH & COLFAX AVENUE EAST,14,3,0,0,1,4,0,,25,0,0,0,0,0,4,2,1
,2017_67887,39.762009,-104.964723,4/20/2017 16:28,16:28,12,0,0,HIGH STREET NORTH & MLK BOULEVARD EAST,2,1,0,1,1,1,0,,,0,0,0,0,0,4,2,13
,2017_67888,39.777219,-104.75406,1/5/2017 10:15,10:15,3,0,0,HIMALAYA ROAD NORTH & MITCHELL PLACE EAST,4,1,0,2,1,1,0,,25,0,0,0,0,0,4,2,1
,2017_67889,39.735657,-105.02532,3/11/2017 13:59,13:59,5,0,0,HOLDEN PLACE WEST & FEDERAL BOULEVARD NORTH,1,1,0,1,3,4,0,,25,0,0,0,0,0,4,1,3
,2017_67890,39.76386638,-104.9222441,7/18/2017 10:43,10:43,6,0,0,HOLLY STREET 3300 BLOCK NORTH & 33RD AVENUE EAST,1,1,0,0,1,4,0,,25,0,0,0,0,0,4,2,13
,2017_67891,39.711204,-104.9222835,1/3/2017 15:20,15:20,12,0,0,HOLLY STREET SOUTH & ALAMEDA AVENUE EAST,1,1,1,7,1,3,0,,30,0,0,0,0,0,4,2,3
,2017_67892,39.68037,-104.922252,1/19/2017 12:24,12:24,6,0,0,HOLLY STREET 1900 BLOCK SOUTH & ASBURY AVENUE EAST,1,1,0,0,1,1,0,,30,0,0,0,0,0,4,2,14
,2017_67908,39.78959,-105.064687,6/30/2017 15:06,15:06,12,0,0,I76 & MM 1,1,1,0,0,1,4,0,,65,0,0,0,0,0,1,3,13
,2017_67976,39.672393,-104.867813,2/8/2017 17:46,17:46,12,0,0,PARKER ROAD SOUTH 2500 BLOCK & HARVARD AVENUE EAST,1,3,1,0,1,4,0,,35,0,0,0,0,0,2,2,14
,2017_67977,39.67476,-104.870723,1/4/2017 16:00,16:00,15,0,0,PARKER ROAD SOUTH & ILIFF AVENUE EAST,1,2,1,2,1,1,0,,35,0,0,0,0,0,2,2,13
,2017_67978,39.67476,-104.870723,3/3/2017 0:37,0:37,12,0,0,ILIFF AVENUE EAST & PARKER ROAD SOUTH,1,3,0,0,1,1,0,,40,0,0,0,0,0,2,2,5
,2017_67980,39.67476,-104.870723,3/23/2017 9:00,9:00,15,0,0,PARKER ROAD SOUTH & ILIFF AVENUE EAST,1,1,0,0,1,1,0,,45,0,0,0,0,0,2,2,1
,2017_67981,39.67476,-104.870723,11/21/2017 10:38,10:38,12,0,0,ILIFF AVENUE EAST & PARKER ROAD SOUTH,2,1,1,1,1,4,0,,35,0,0,0,0,0,2,2,13
,2017_67984,39.69629,-104.897364,4/21/2017 8:21,8:21,12,0,0,MISSISSIPPI AVENUE EAST & PARKER ROAD SOUTH,1,1,0,0,1,1,0,,35,0,0,0,0,0,2,2,3
,2017_67985,39.69629,-104.897364,10/9/2017 9:00,9:00,12,0,0,MISSISSIPPI AVENUE EAST & PARKER ROAD SOUTH,4,1,0,2,1,1,0,,30,0,0,0,0,0,2,2,1
,2017_67986,39.697928,-104.901807,9/15/2017 7:39,7:39,8,0,0,PARKER ROAD SOUTH & QUINCE STREET SOUTH,1,1,0,0,1,4,0,,25,0,0,0,0,0,2,2,14
,2017_67987,39.698424,-104.903117,9/27/2017 8:55,8:55,3,0,0,PARKER ROAD 1000 BLOCK SOUTH & QUEBEC STREET SOUTH,1,1,0,0,1,2,0,,15,0,0,0,0,0,2,2,7
,2017_67988,39.698614,-104.903606,10/12/2017 7:50,7:50,15,0,0,QUEBEC STREET SOUTH & LEETSDALE DRIVE,1,1,0,0,1,1,0,,,0,0,0,0,0,2,2,13
,2017_67989,39.698805,-104.904121,11/9/2017 8:34,8:34,15,0,0,LEETSDALE DRIVE & QUEBEC AVENUE SOUTH,1,1,0,0,1,3,0,,35,0,0,0,0,0,2,2,13
,2017_67991,39.698869,-104.904295,5/8/2017 13:50,13:50,12,0,0,LEETSDALE DRIVE & QUEBEC STREET SOUTH,1,1,0,0,1,4,0,,45,0,0,0,0,0,2,2,13
,2017_67992,39.701082,-104.910423,10/14/2017 11:34,11:34,12,0,1,LEETSDALE DRIVE & NIAGARA STREET SOUTH,1,1,0,0,1,3,0,,35,0,0,0,0,2,2,2,12
,2017_67993,39.707328,-104.922192,6/4/2017 16:03,16:03,3,0,0,LEETSDALE DRIVE & HOLLY STREET SOUTH,1,1,1,0,1,1,0,,35,0,0,0,0,0,2,2,13
,2017_67994,39.707828,-104.925171,9/24/2017 19:25,19:25,12,0,0,LEETSDALE DRIVE & FOREST STREET SOUTH,2,4,0,1,1,4,0,,35,0,0,0,0,0,2,2,14
,2017_67995,39.70817,-104.92701,11/13/2017 17:16,17:16,1,0,1,LEETSDALE DRIVE & FOREST STREET SOUTH,1,3,0,0,1,1,0,,35,0,0,0,0,2,2,2,7
,2017_67996,39.708204,-104.927194,10/10/2017 9:09,9:09,12,0,0,LEETSDALE DRIVE & FOREST STREET SOUTH,1,1,0,0,1,4,0,,35,0,0,0,0,0,2,2,3
,2017_67997,39.708204,-104.927194,12/12/2017 13:21,13:21,12,0,0,LEETSDALE DRIVE EAST & FOREST STREET SOUTH,1,1,0,0,1,4,0,,,0,0,0,0,0,2,3,13
,2017_68034,39.678447,-104.993319,2/12/2017 19:44,19:44,3,0,0,EVANS AVENUE WEST & SANTA FE DRIVE SOUTH,14,3,1,0,1,1,0,,,0,0,0,0,0,2,2,13
,2017_68036,39.689481,-104.99207,11/28/2017 14:49,14:49,12,0,0,SANTA FE DRIVE SOUTH & FLORIDA AVENUE WEST,1,1,0,0,1,3,0,,35,0,0,0,0,0,2,2,13
,2017_68037,39.696679,-104.991877,1/22/2017 14:10,14:10,3,0,0,MISSISSIPPI AVENUE WEST & PLATTE RIVER DRIVE SOUTH,1,1,0,0,1,1,0,,30,0,0,0,0,0,2,2,3
,2017_68038,39.696679,-104.991877,6/30/2017 7:51,7:51,12,0,0,PLATTE RIVER DRIVE 1100 BLOCK SOUTH & MISSISSIPPI AVENUE WEST,1,1,0,0,1,3,0,,40,0,0,0,0,0,2,2,1
,2017_68039,39.696679,-104.991877,9/18/2017 8:20,8:20,15,0,0,SANTA FE DRIVE SOUTH & MISSISSIPPI AVENUE WEST,1,1,0,0,1,1,0,,40,0,0,0,0,0,2,2,13
,2017_68058,39.739965,-105.025306,2/23/2017 15:32,15:32,3,0,0,FEDERAL BOULEVARD SOUTH & KENTUCKY AVENUE WEST,2,1,0,2,1,1,0,,,0,0,0,0,0,2,2,13
,2017_68059,39.737983,-105.025273,2/21/2017 16:09,16:09,15,0,0,FEDERAL BOULEVARD & FEDERAL BOULEVARD 1400 BLOCK NORTH,1,1,1,0,1,4,0,,35,0,0,0,0,0,2,3,14
,2017_68060,39.737983,-105.025273,2/23/2017 8:19,8:19,3,0,0,FEDERAL BOULEVARD NORTH & HOWARD PLACE WEST,2,1,0,2,1,1,0,,35,0,0,0,0,0,2,2,14
,2017_68061,39.737983,-105.025273,9/4/2017 18:44,18:44,12,0,1,FEDERAL BOULEVARD NORTH & 14TH AVENUE WEST,1,1,0,0,1,4,0,,40,0,0,0,0,2,2,2,5
,2017_68062,39.737067,-105.025323,10/8/2017 9:45,9:45,15,0,0,FEDERAL BOULEVARD NORTH & HOLDEN PLACE WEST,1,1,0,0,1,4,0,,30,0,0,0,0,0,2,2,13
,2017_68063,39.733058,-105.025176,2/24/2017 18:42,18:42,12,0,0,10TH AVENUE WEST & FEDERAL BOULEVARD NORTH,1,3,0,0,1,1,0,,35,0,0,0,0,0,2,2,5
,2017_68064,39.728405,-105.02514,1/8/2017 21:18,21:18,1,0,2,FEDERAL BOULEVARD NORTH & SEVERN PLACE WEST,2,5,0,0,1,1,0,,35,0,0,0,0,2,2,2,13
,2017_68065,39.722114,-105.025207,12/21/2017 5:50,5:50,12,0,0,FEDERAL BOULEVARD NORTH & FOURTH AVENUE WEST,5,3,0,2,1,3,0,,35,0,0,0,0,0,2,2,13
,2017_68066,39.721509,-105.025201,6/17/2017 7:53,7:53,5,0,0,FEDERAL BOULEVARD NORTH & THIRD AVENUE WEST,1,1,0,0,3,4,0,,35,0,0,0,0,0,2,1,1
,2017_68067,39.719731,-105.025174,11/7/2017 16:22,16:22,15,0,0,SECOND AVENUE WEST & FEDERAL BOULEVARD NORTH,1,1,0,0,1,4,0,,25,0,0,0,0,0,2,2,3
,2017_68068,39.715427,-105.025136,4/1/2017 20:20,20:20,5,0,0,FEDERAL BOULEVARD SOUTH & ARCHER PLACE WEST,1,3,0,0,2,4,0,,35,0,0,0,0,0,2,1,5
,2017_68069,39.711998,-105.025124,2/12/2017 21:10,21:10,5,0,0,FEDERAL BOULEVARD SOUTH & ALAMEDA AVENUE WEST,1,3,0,0,1,3,0,,40,0,0,0,0,1,2,1,12
,2017_68070,39.711104,-105.025094,7/2/2017 0:15,0:15,12,0,0,FEDERAL BOULEVARD SOUTH & ALAMEDA AVENUE WEST,1,3,0,0,1,3,0,,35,0,0,0,0,0,2,2,3
,2017_68071,39.70849,-105.025081,2/17/2017 15:43,15:43,15,0,0,FEDERAL BOULEVARD SOUTH & ALASKA PLACE WEST,1,1,0,0,1,4,0,,35,0,0,0,0,0,2,2,13
,2017_68072,39.707624,-105.025082,6/16/2017 12:08,12:08,12,0,0,FEDERAL BOULEVARD 400 BLOCK SOUTH & VIRGINIA AVENUE WEST,1,1,0,0,1,4,0,,40,0,0,0,0,0,2,2,13
,2017_68073,39.707191,-105.025083,2/23/2017 7:29,7:29,15,0,0,FEDERAL BOULEVARD SOUTH & VIRGINIA AVENUE  APPROXIMATELY,2,1,0,2,1,4,0,,35,0,0,0,0,0,2,2,14
,2017_68074,39.707191,-105.025083,4/7/2017 16:24,16:24,12,0,0,FEDERAL BOULEVARD SOUTH & VIRGINIA AVENUE WEST,1,1,0,0,1,4,0,,40,0,0,0,0,0,2,3,12
,2017_68075,39.706614,-105.025084,11/6/2017 16:21,16:21,15,0,0,FEDERAL BOULEVARD SOUTH & CUSTER PLACE WEST,1,1,1,0,1,3,0,,40,0,0,0,0,0,2,2,3
,2017_68076,39.704882,-105.025088,3/20/2017 15:23,15:23,15,0,0,FEDERAL BOULEVARD SOUTH & GILL PLACE WEST,1,1,1,0,1,4,0,,30,0,0,0,0,0,2,2,12
,2017_68078,39.703865,-105.025087,9/22/2017 10:24,10:24,12,0,0,FEDERAL BOULEVARD SOUTH & EXPOSITION AVENUE WEST,1,1,1,0,1,4,0,,40,0,0,0,0,0,2,2,14
,2017_68079,39.702207,-105.025062,8/14/2017 16:20,16:20,3,0,0,FEDERAL BOULEVARD SOUTH & OHIO AVENUE WEST,1,1,0,0,1,1,0,,25,0,0,0,0,0,2,2,13
,2017_68080,39.702075,-105.02506,2/20/2017 2:04,2:04,12,0,0,FEDERAL BOULEVARD SOUTH & OHIO AVENUE WEST,1,3,0,0,1,4,0,,35,0,0,0,0,0,2,2,5
,2017_68081,39.696865,-105.025071,3/6/2017 14:53,14:53,15,0,0,FEDERAL BOULEVARD SOUTH & MISSISIIIPPE AVENUE WEST,1,1,0,0,1,4,0,,40,0,0,0,0,0,2,2,7
,2017_68082,39.696865,-105.025071,3/29/2017 13:09,13:09,15,0,0,FEDERAL BOULEVARD SOUTH & MISSISSIPPI AVENUE WEST,1,1,0,0,1,3,0,,40,0,0,0,0,0,2,2,7
,2017_68083,39.696718,-105.025071,5/17/2017 15:46,15:46,1,0,0,FEDERAL BOULEVARD SOUTH & MISSISSIPPI AVENUE WEST,1,1,0,0,1,1,0,,35,0,0,0,0,1,2,2,1
,2017_68084,39.69657,-105.02507,12/1/2017 17:20,17:20,15,0,0,FEDERAL BOULEVARD SOUTH & MISSISSIPPI AVENUE WEST,1,3,0,0,1,3,0,,35,0,0,0,0,0,2,2,3
,2017_68085,39.694802,-105.025063,11/27/2017 15:41,15:41,1,0,1,FEDERAL BOULEVARD SOUTH & ARIZONA AVENUE WEST,1,1,1,0,1,1,0,,40,0,0,0,0,2,2,2,13
,2017_68086,39.694802,-105.025063,12/23/2017 17:14,17:14,12,0,0,FEDERAL BOULEVARD SOUTH & ARIZONA AVENUE WEST,1,2,0,0,1,4,0,,40,0,0,0,0,1,2,2,13
,2017_68087,39.694654,-105.025063,5/31/2017 11:21,11:21,10,0,0,FEDERAL BOULEVARD SOUTH & ARIZONA AVENUE WEST,1,1,0,0,1,2,0,,35,0,0,0,0,0,2,2,13
,2017_68088,39.693033,-105.025057,5/17/2017 7:30,7:30,12,0,0,FEDERAL BOULEVARD SOUTH & LOUISIANA AVENUE WEST,1,1,1,0,1,1,0,,40,0,0,0,0,0,2,2,7
,2017_68089,39.692148,-105.025053,4/8/2017 14:25,14:25,3,0,0,FEDERAL BOULEVARD SOUTH & FEDERAL BOULEVARD 600 BLOCK SOUTH,1,1,1,0,1,2,0,,40,0,0,0,0,0,2,2,14
,2017_68090,39.691706,-105.025052,9/3/2017 8:25,8:25,12,0,0,FEDERAL BOULEVARD SOUTH & FEDERAL BOULEVARD 1300 BLOCK SOUTH,1,1,1,0,1,2,0,,35,0,0,0,0,0,2,2,3
,2017_68091,39.691116,-105.025049,11/2/2017 8:05,8:05,12,0,0,FEDERAL BOULEVARD SOUTH & ARKANSAS AVENUE WEST,1,1,0,0,1,3,0,,40,0,0,0,0,0,2,2,13
,2017_68092,39.690969,-105.025049,2/27/2017 16:52,16:52,1,0,0,FEDERAL BOULEVARD & ARKANSAS AVENUE WEST,1,1,0,0,1,2,0,,40,0,0,0,0,0,2,2,13
,2017_68093,39.689495,-105.025043,6/3/2017 14:30,14:30,3,0,0,FEDERAL BOULEVARD SOUTH & FLORIDA AVENUE WEST,1,1,0,0,1,1,0,,35,0,0,0,0,0,2,2,12
,2017_68094,39.689495,-105.025043,12/2/2017 17:20,17:20,12,0,0,FLORIDA AVENUE WEST & FEDERAL BOULEVARD SOUTH,1,3,0,0,1,1,0,,,0,0,0,0,0,2,2,13
,2017_68095,39.6892,-105.025042,3/19/2017 14:10,14:10,12,0,0,FEDERAL BOULEVARD 1500 BLOCK SOUTH & FLORIDA AVENUE WEST,1,1,0,0,1,4,0,,35,0,0,0,0,0,2,4,14
,2017_68096,39.688758,-105.02504,6/24/2017 13:00,13:00,3,0,0,FEDERAL BOULEVARD & MM 3.5,1,1,0,0,1,2,0,,40,0,0,0,0,0,2,2,13
,2017_68097,39.685957,-105.02503,2/2/2017 6:45,6:45,12,0,0,FEDERAL BOULEVARD SOUTH & MEXICO AVENUE WEST,1,2,0,0,1,1,0,,,0,0,0,0,0,2,2,13
,2017_68098,39.684925,-105.025026,8/4/2017 18:26,18:26,12,0,0,FEDERAL BOULEVARD SOUTH & COLORADO AVENUE WEST,1,1,1,0,1,1,0,,40,0,0,0,1,1,2,2,3
,2017_68099,39.682275,-105.025016,1/17/2017 8:44,8:44,12,0,0,JEWELL AVENUE WEST & FEDERAL BOULEVARD SOUTH,5,1,0,0,1,3,0,,30,0,0,0,0,0,2,2,13
,2017_68100,39.682275,-105.025016,1/18/2017 16:16,16:16,1,0,0,FEDERAL BOULEVARD SOUTH & JEWELL AVENUE WEST,1,1,0,0,1,1,0,,40,0,0,0,0,0,2,2,3
,2017_68101,39.682275,-105.025016,11/5/2017 14:15,14:15,12,0,0,FEDERAL BOULEVARD 1900 BLOCK SOUTH & JEWELL AVENUE WEST,1,1,0,0,1,4,0,,35,0,0,0,0,0,2,2,13
,2017_68102,39.682275,-105.025016,12/4/2017 18:28,18:28,12,0,0,JEWELL AVENUE WEST & FEDERAL BOULEVARD SOUTH,1,3,0,0,1,3,0,,30,0,0,0,0,0,2,2,3
,2017_68103,39.67863,-105.025035,5/11/2017 15:20,15:20,12,0,0,EVANS AVENUE 3000 BLOCK WEST & FEDERAL BOULEVARD SOUTH,1,1,0,0,1,4,0,,30,0,0,0,0,0,2,3,13
,2017_68104,39.67863,-105.025035,5/31/2017 9:50,9:50,12,0,0,EVANS AVENUE 3000 BLOCK WEST & FEDERAL BOULEVARD SOUTH,1,1,0,0,1,1,0,,30,0,0,0,0,0,2,2,13