id,drcog_id,latitude,longitude,crashtime,time,crashtype,numbkilled,numbinjurd,drcoglocat,rdconditin,lightngcon,roadcntgrd,weatherco,location,roaddescrp,constrzone,schoolzone,splimit,bikeinv,pedinv,sctrinv,motoinv,svrty,rdsystem,ttlvehcls,hcf
,2017_68105,39.676736,-105.025046,10/16/2017 7:45,7:45,1,0,0,FEDERAL BOULEVARD SOUTH & WARREN AVENUE WEST,1,1,1,0,1,1,0,,40,0,0,0,0,0,2,2,7
,2017_68106,39.675133,-105.025054,4/10/2017 13:43,13:43,12,0,0,FEDERAL BOULEVARD SOUTH & ILIFF AVENUE WEST,1,1,1,0,1,4,0,,40,0,0,0,0,0,2,2,7
,2017_68107,39.672074,-105.025071,11/6/2017 9:53,9:53,1,0,1,FEDERAL BOULEVARD & HARVARD AVENUE WEST,1,1,0,0,1,2,0,,35,0,0,0,0,2,2,2,13
,2017_68108,39.671783,-105.025072,3/16/2017 9:04,9:04,1,0,0,FEDERAL BOULEVARD SOUTH & HARVARD AVENUE WEST,1,1,0,0,1,1,0,,40,0,0,0,0,1,2,2,7
,2017_68109,39.667744,-105.025111,12/13/2017 7:35,7:35,12,0,0,FEDERAL BOULEVARD SOUTH & YALE AVENUE WEST,1,1,0,0,1,3,0,,35,0,0,0,0,0,2,2,3
,2017_68110,39.667466,-105.025118,8/16/2017 9:04,9:04,12,0,0,FEDERAL BOULEVARD 2700 BLOCK SOUTH & YALE AVENUE WEST,1,1,0,0,1,2,0,,40,0,0,0,0,0,2,2,13
,2017_68111,39.665737,-105.025137,10/24/2017 11:25,11:25,12,0,0,FEDERAL BOULEVARD & AMHERST AVENUE WEST,1,1,0,0,1,3,0,,40,0,0,0,0,0,2,2,1
,2017_68112,39.665591,-105.025138,2/3/2017 18:54,18:54,12,0,0,FEDERAL BOULEVARD SOUTH & AMHERST AVENUE WEST,1,3,0,0,1,3,0,,40,0,0,0,0,0,2,2,13
,2017_68113,39.662075,-105.025157,7/16/2017 20:09,20:09,15,0,0,FEDERAL BOULEVARD SOUTH & CORNELL AVENUE WEST,1,3,0,0,1,4,0,,40,0,0,0,0,1,2,2,13
,2017_68114,39.660488,-105.025192,11/29/2017 9:05,9:05,12,0,0,FEDERAL BOULEVARD & DARTMOUTH AVENUE WEST,1,1,0,0,1,3,0,,35,0,0,0,0,0,2,2,3
,2017_68118,39.630562,-105.025497,8/14/2017 17:24,17:24,12,0,1,FEDERAL BOULEVARD SOUTH & FEDERAL BOULEVARD 4750 SOUTH,1,1,0,0,1,4,0,,35,0,0,0,0,2,2,3,14
,2017_68119,39.629387,-105.025508,2/24/2017 15:05,15:05,5,0,0,FEDERAL BOULEVARD SOUTH & CHENANGO AVENUE WEST,5,1,0,2,3,1,0,,35,0,0,0,0,0,2,1,14
,2017_68156,39.682251,-105.053195,8/3/2017 16:12,16:12,12,0,0,SHERIDAN BOULEVARD SOUTH & JEWELL AVENUE WEST,1,1,1,0,1,1,0,,40,0,0,0,0,0,2,2,12
,2017_68236,39.652747,-105.053042,8/23/2017 14:21,14:21,12,0,0,SHERIDAN BOULEVARD NORTH & SIXTH AVENUE WEST,1,1,1,0,1,3,0,,,0,0,0,0,1,2,2,13
,2017_68237,39.655095,-105.053188,5/4/2017 10:30,10:30,12,0,0,SHERIDAN BOULEVARD & DARTMOUTH AVENUE WEST,1,1,0,0,1,4,0,,40,0,0,0,0,0,2,2,14
,2017_68238,39.655941,-105.053223,10/6/2017 16:35,16:35,1,0,0,SHERIDAN BOULEVARD SOUTH & DARTMOUTH AVENUE WEST,1,1,0,1,1,1,0,,35,0,0,0,0,1,2,2,13
,2017_68239,39.656087,-105.053224,10/1/2017 19:15,19:15,10,0,0,SHERIDAN BOULEVARD SOUTH & DARTMOUTH AVENUE WEST,1,3,0,0,1,1,0,,40,0,0,0,0,0,2,2,1
,2017_68240,39.657989,-105.053229,1/6/2017 11:20,11:20,12,0,0,SHERIDAN BOULEVARD SOUTH & COLUMBIA PLACE WEST,12,1,0,0,1,4,0,,40,0,0,0,0,0,2,3,13
,2017_68241,39.657989,-105.053229,11/3/2017 9:14,9:14,12,0,0,SHERIDAN BOULEVARD & HAMPDEN AVENUE WEST,1,1,0,0,1,4,0,,35,0,0,0,0,0,2,2,13
,2017_68242,39.667643,-105.053256,5/31/2017 17:31,17:31,12,0,0,SHERIDAN BOULEVARD SOUTH & YALE AVENUE WEST,1,1,1,0,1,3,0,,35,0,0,0,0,1,2,3,13
,2017_68251,39.678519,-105.053267,5/4/2017 7:40,7:40,12,0,0,SHERIDAN BOULEVARD NORTH 2100 BLOCK SOUTH & EVANS AVENUE WEST,1,1,0,0,1,4,0,,40,0,0,0,0,1,2,3,7
,2017_68252,39.679091,-105.053268,7/31/2017 12:31,12:31,1,0,0,SHERIDAN BOULEVARD SOUTH & EVANS AVENUE WEST,1,1,0,0,1,1,0,,35,0,0,0,0,1,2,3,4
,2017_68253,39.679521,-105.053268,2/14/2017 16:59,16:59,12,0,0,SHERIDAN BOULEVARD SOUTH & EVANS AVENUE WEST,1,1,0,0,1,4,0,,40,0,0,0,0,0,2,3,3
,2017_68254,39.679664,-105.053268,11/29/2017 7:40,7:40,12,0,0,SHERIDAN BOULEVARD 2000 BLOCK SOUTH & EVANS AVENUE WEST,1,1,0,0,1,4,0,,,0,0,0,0,0,2,2,13
,2017_68255,39.681815,-105.053237,1/30/2017 16:13,16:13,3,0,0,SHERIDAN BOULEVARD 2100 BLOCK SOUTH & JEWELL AVENUE WEST,1,1,0,0,1,3,0,,35,0,0,0,0,0,2,2,7
,2017_68256,39.682251,-105.053195,7/27/2017 13:51,13:51,3,0,0,JEWELL AVENUE WEST & SHERIDAN BOULEVARD SOUTH,1,1,0,0,1,1,0,,30,0,0,0,0,0,2,2,7
,2017_68257,39.682251,-105.053195,7/29/2017 16:10,16:10,12,0,0,SHERIDAN BOULEVARD SOUTH & JEWELL AVENUE WEST,1,1,0,0,1,3,0,,40,0,0,0,0,0,2,2,12
,2017_68263,39.690557,-105.053131,6/20/2017 19:10,19:10,1,0,0,SHERIDAN BOULEVARD SOUTH & FLORIDA AVENUE WEST,1,1,0,0,1,2,0,,35,0,0,0,0,0,2,3,3
,2017_68265,39.692993,-105.053213,9/30/2017 12:51,12:51,15,0,0,SHERIDAN BOULEVARD SOUTH 1300 BLOCK SOUTH & LOUISIANA AVENUE WEST,1,1,0,0,1,4,0,,35,0,0,0,0,0,2,2,1
,2017_68266,39.695178,-105.053229,11/12/2017 20:36,20:36,3,0,0,SHERIDAN BOULEVARD SOUTH & ARIZONA AVENUE WEST,1,4,0,0,1,1,0,,35,0,0,0,0,0,2,4,8
,2017_68267,39.695178,-105.053229,12/12/2017 21:30,21:30,12,0,0,SHERIDAN BOULEVARD SOUTH & ARIZONA AVENUE WEST,1,3,1,0,1,3,0,,40,0,0,0,0,1,2,2,13
,2017_68268,39.696067,-105.053148,10/11/2017 20:27,20:27,1,0,0,SHERIDAN BOULEVARD & MM 2.96 APPROXIMATELY,1,3,1,0,1,2,0,,35,0,0,0,0,0,2,2,13
,2017_68275,39.71655,-105.0300135,8/4/2017 2:09,2:09,6,0,0,IRVING STREET & 563 SOUTH IRVING STREET,1,3,0,0,1,4,0,,25,0,0,0,0,0,4,2,5
,2017_68321,39.733188,-105.053221,9/28/2017 3:15,3:15,5,0,0,10TH AVENUE 5200 BLOCK WEST & SHERIDAN BOULEVARD NORTH,2,3,0,2,3,4,0,,25,0,0,0,0,0,2,1,13
,2017_68323,39.724175,-105.053225,7/2/2017 17:15,17:15,12,0,0,SHERIDAN BOULEVARD & FIFTH AVENUE WEST,1,1,1,0,1,4,0,,25,0,0,0,0,0,2,3,7
,2017_68324,39.725821,-105.05313,12/24/2017 15:39,15:39,12,0,0,SHERIDAN BOULEVARD NORTH & SIXTH AVENUE WEST,6,1,0,2,1,3,0,,35,0,0,0,0,0,2,2,13
,2017_68325,39.724175,-105.053225,12/2/2017 14:55,14:55,12,0,0,SHERIDAN BOULEVARD NORTH & FIFTH AVENUE WEST,1,1,0,0,1,4,0,,35,0,0,0,0,0,2,3,14
,2017_68327,39.725353,-105.053144,3/28/2017 15:17,15:17,12,0,0,SHERIDAN BOULEVARD NORTH & SIXTH AVENUE WEST EASTBOUND ON RAMP,2,1,0,1,1,1,0,,35,0,0,0,0,0,2,2,7
,2017_68328,39.72551,-105.053136,1/31/2017 12:31,12:31,12,0,0,SHERIDAN BOULEVARD 600 BLOCK NORTH & SIXTH AVENUE WEST,1,1,0,0,1,3,0,,35,0,0,0,0,0,2,2,14
,2017_68329,39.725589,-105.053132,7/13/2017 7:28,7:28,12,0,0,SHERIDAN BOULEVARD & SIXTH AVENUE WEST,1,1,1,0,1,4,0,,35,0,0,0,0,0,2,2,13
,2017_68330,39.725353,-105.053144,3/4/2017 19:03,19:03,12,0,0,SHERIDAN BOULEVARD SOUTH & SIXTH AVENUE EASTBOUND ON RAMP,1,3,0,0,1,1,0,,35,0,0,0,0,1,2,2,7
,2017_68331,39.726735,-105.053136,7/1/2017 9:30,9:30,12,0,0,SHERIDAN BOULEVARD & SHERIDAN BOULEVARD,1,1,1,0,1,4,0,,30,0,0,0,0,0,2,2,13
,2017_68332,39.726887,-105.053137,1/29/2017 20:17,20:17,3,0,0,SHERIDAN BOULEVARD NORTH & SIXTH AVENUE WEST,1,3,0,0,1,2,0,,45,0,0,0,0,0,2,2,7
,2017_68333,39.727355,-105.05323,7/14/2017 15:02,15:02,14,0,0,SIXTH AVENUE WEST FRONTAGE ROAD NORTH & SHERIDAN BOULEVARD NORTH,1,1,1,0,1,1,0,,30,0,0,0,0,0,2,2,13
,2017_68334,39.728912,-105.053228,1/23/2017 16:47,16:47,1,0,0,SHERIDAN BOULEVARD & 700 BLOCK NORTH,1,1,1,0,1,2,0,,35,0,0,0,0,1,2,2,13
,2017_68336,39.729054,-105.053227,3/29/2017 7:54,7:54,12,0,0,SHERIDAN BOULEVARD & EIGHTH AVENUE WEST,1,1,0,0,1,4,0,,35,0,0,0,0,0,2,3,14
,2017_68337,39.729197,-105.053227,2/20/2017 9:00,9:00,15,0,0,SHERIDAN BOULEVARD NORTH & EIGHTH AVENUE WEST,1,1,1,0,1,4,0,,,0,0,0,0,0,2,2,13
,2017_68338,39.729624,-105.053227,3/23/2017 13:30,13:30,12,0,1,SHERIDAN BOULEVARD & EIGHTH AVENUE WEST,1,1,1,0,1,1,0,,35,0,0,0,0,2,2,4,2
,2017_68339,39.731762,-105.053223,5/31/2017 13:03,13:03,15,0,0,SHERIDAN BOULEVARD NORTH & NINTH AVENUE WEST,1,1,0,0,1,4,0,,35,0,0,0,0,0,2,2,13
,2017_68340,39.732475,-105.053222,3/18/2017 13:56,13:56,12,0,0,SHERIDAN BOULEVARD NORTH & NINTH AVENUE WEST,1,1,0,0,1,4,0,,30,0,0,0,1,0,2,2,1
,2017_68341,39.732903,-105.053221,11/10/2017 11:02,11:02,12,0,0,SHERIDAN BOULEVARD NORTH & 10TH AVENUE WEST,1,1,0,0,1,3,0,,,0,0,0,0,0,2,2,13
,2017_68342,39.733188,-105.053221,6/11/2017 3:21,3:21,15,0,0,SHERIDAN BOULEVARD NORTH & 10TH AVENUE WEST,1,3,0,0,1,4,0,,35,0,0,0,0,0,2,2,14
,2017_68343,39.733188,-105.053221,7/22/2017 18:26,18:26,12,0,0,10TH AVENUE WEST & SHERIDAN BOULEVARD NORTH,1,1,0,0,1,4,0,,35,0,0,0,0,0,2,2,13
,2017_68344,39.733331,-105.053221,9/11/2017 16:05,16:05,12,0,0,SHERIDAN BOULEVARD NORTH 1000 BLOCK & 10TH AVENUE WEST,1,1,1,0,1,4,0,,30,0,0,0,0,0,2,2,13
,2017_68345,39.734899,-105.053218,5/31/2017 17:15,17:15,9,0,0,SHERIDAN BOULEVARD NORTH & MM 5.65 APPROXIMATELY,1,1,0,0,1,4,0,,40,0,0,0,0,0,2,2,13
,2017_68346,39.735896,-105.053217,5/22/2017 16:07,16:07,15,0,0,SHERIDAN BOULEVARD 1200 BLOCK NORTH & 12TH AVENUE WEST,1,1,0,0,1,4,0,,35,0,0,0,0,0,2,2,13
,2017_68348,39.737607,-105.053214,8/16/2017 21:00,21:00,12,0,0,SHERIDAN BOULEVARD 1400 BLOCK NORTH & COLFAX AVENUE WEST,1,3,0,0,1,4,0,,,0,0,0,0,0,2,3,13
,2017_68349,39.73832,-105.053213,5/23/2017 14:11,14:11,12,0,0,SHERIDAN BOULEVARD NORTH & 14TH AVENUE WEST,1,1,1,0,1,4,0,,35,0,0,0,0,0,2,2,13
,2017_68350,39.73832,-105.053213,12/20/2017 12:30,12:30,12,0,0,SHERIDAN BOULEVARD 1300 BLOCK NORTH & 14TH AVENUE WEST,1,1,1,0,1,3,0,,,0,0,0,0,0,2,3,13
,2017_68351,39.738462,-105.053213,2/20/2017 2:24,2:24,12,0,0,SHERIDAN BOULEVARD NORTH & 14TH AVENUE WEST,1,3,0,0,1,3,0,,35,0,0,0,0,0,2,2,13
,2017_68352,39.738462,-105.053213,5/14/2017 13:50,13:50,12,0,0,SHERIDAN BOULEVARD & 14TH AVENUE WEST,1,1,0,0,1,4,0,,35,0,0,0,0,0,2,2,3
,2017_68403,39.770193,-105.05324,11/14/2017 13:39,13:39,12,0,0,SHERIDAN BOULEVARD NORTH & 3800 BLOCK NORTH,1,1,1,0,1,4,0,,35,0,0,0,0,0,2,2,13
,2017_68405,39.772969,-105.053235,2/16/2017 16:58,16:58,8,0,0,SHERIDAN BOULEVARD NORTH & 41ST AVENUE WEST APPROXIMATELY,1,3,0,0,6,1,0,,35,0,0,0,0,1,2,2,3
,2017_68421,39.78401,-105.053277,4/6/2017 12:58,12:58,12,0,0,SHERIDAN BOULEVARD NORTH 4700 BLOCK & WEST 48TH AVENUE,1,1,0,0,1,3,0,,35,0,0,0,0,0,2,2,14
,2017_68422,39.784398,-105.053272,4/28/2017 18:52,18:52,12,0,0,SHERIDAN BOULEVARD & 48TH AVENUE WEST,2,2,0,2,1,4,0,,35,0,0,0,0,0,2,2,7
,2017_68423,39.784786,-105.053268,3/30/2017 14:23,14:23,15,0,0,SHERIDAN BOULEVARD & 4900 BLOCK NORTH,1,1,1,0,1,4,0,,35,0,0,0,0,1,2,2,13
,2017_68551,39.627507,-105.089454,8/22/2017 15:54,15:54,6,0,0,WADSWORTH BOULEVARD SOUTH & BELLEVIEW AVENUE WEST,1,1,0,0,3,4,0,,40,0,0,0,0,0,2,2,10
,2017_68553,39.618006,-105.091112,8/27/2017 14:33,14:33,10,0,0,WADSWORTH BOULEVARD SOUTH & CRESTLINE AVENUE WEST,1,1,0,0,1,1,0,,45,0,0,0,0,0,2,2,13
,2017_68555,39.635297,-105.082331,1/16/2017 9:24,9:24,12,0,0,WADSWORTH BOULEVARD SOUTH & STANFORD AVENUE WEST,6,1,0,2,1,1,0,,45,0,0,0,0,0,2,2,7
,2017_68562,39.667185,-105.081424,8/23/2017 11:20,11:20,12,0,0,WADSWORTH BOULEVARD 2700 BLOCK SOUTH & YALE AVENUE WEST,1,1,0,0,1,4,0,,40,0,0,0,0,1,2,2,14
,2017_68563,39.667319,-105.081424,1/9/2017 15:53,15:53,12,0,0,WADSWORTH BOULEVARD SOUTH & YALE AVENUE WEST,1,1,0,0,1,3,0,,45,0,0,0,0,0,2,2,7
,2017_68564,39.667319,-105.081424,4/27/2017 19:12,19:12,5,0,0,WADSWORTH BOULEVARD SOUTH & YALE AVENUE WEST,1,1,0,0,2,4,0,,45,0,0,0,0,0,2,2,12
,2017_68565,39.667453,-105.081423,12/19/2017 10:28,10:28,15,0,0,WADSWORTH BOULEVARD SOUTH & YALE AVENUE WEST,1,1,0,0,1,4,0,,40,0,0,0,0,0,2,2,8
,2017_68566,39.667588,-105.081422,11/13/2017 8:10,8:10,12,0,0,WADSWORTH BOULEVARD SOUTH & YALE AVENUE WEST,1,5,0,0,1,4,0,,40,0,0,0,0,0,2,2,14
,2017_68630,39.774474,-104.751351,8/26/2017 23:38,23:38,5,0,0,IRELAND STREET & IRELAND STREET 4331 NORTH,1,3,0,0,4,4,0,,25,0,0,0,0,0,4,1,13
,2017_68680,39.630502,-104.905067,8/18/2017 14:47,14:47,12,0,0,I225 SOUTHBOUND & I25,1,1,0,0,1,4,0,,55,0,0,0,0,0,1,3,1
,2017_68681,39.635522,-104.893462,2/6/2017 21:37,21:37,1,0,0,TAMARAC PARKWAY SOUTH & I225 SOUTHBOUND RAMPS,1,3,0,0,1,1,0,,35,0,0,0,0,0,1,2,13
,2017_68682,39.635522,-104.893462,5/10/2017 16:55,16:55,3,0,0,TAMARAC STREET SOUTH & I225 EASTBOUND / NORTHBOUND RAMPS,2,1,0,1,1,1,0,,35,0,0,0,0,0,1,2,13
,2017_68683,39.639223,-104.885207,10/21/2017 12:27,12:27,3,0,0,YOSEMITE STREET SOUTH & I225 SOUTHBOUND RAMP OFF,1,1,0,0,1,1,0,,35,0,0,0,0,0,1,2,14
,2017_68684,39.639465,-104.884712,1/31/2017 6:35,6:35,12,0,0,I225 SOUTHBOUND & YOSEMITE STREET SOUTH,1,3,0,0,1,4,0,,65,0,0,0,0,1,1,3,13
,2017_68685,39.640574,-104.882467,7/18/2017 17:28,17:28,15,0,0,I225 NORTHBOUND & MM 1.5,1,1,0,0,1,4,0,,65,0,0,0,0,0,1,2,13
,2017_68728,39.665016,-105.028893,7/18/2017 8:18,8:18,6,0,0,HOOKER STREET 2700 BLOCK SOUTH & AMHERST AVENUE WEST,1,1,0,0,1,4,0,,25,0,0,0,0,0,4,2,13
,2017_68729,39.696597,-104.9219055,4/6/2017 9:13,9:13,15,0,0,HOLLY STREET 1000 BLOCK SOUTH & CHERRY CREEK NORTH DRIVE EAST,1,1,0,0,1,3,0,,30,0,0,0,0,0,4,2,1
,2017_68730,39.709278,-104.92227,9/15/2017 8:30,8:30,15,0,0,HOLLY STREET SOUTH & DAKOTA AVENUE EAST,1,1,0,0,1,1,0,,30,0,0,0,0,0,4,2,1
,2017_68731,39.678435,-104.922234,1/23/2017 6:30,6:30,3,0,0,HOLLY STREET 2100 BLOCK SOUTH & EVANS AVENUE EAST,1,2,0,0,1,2,0,,35,0,0,0,0,0,4,2,14
,2017_68732,39.678435,-104.922234,5/24/2017 12:53,12:53,3,0,0,HOLLY STREET SOUTH & EVANS AVENUE EAST,1,1,0,0,1,1,0,,35,0,0,0,0,0,4,2,13
,2017_68733,39.731814,-104.918022,7/27/2017 0:50,0:50,6,0,0,JASMINE STREET 1000 BLOCK NORTH & 10TH AVENUE EAST,1,4,1,0,1,1,0,,25,0,0,0,0,0,4,2,14
,2017_68734,39.678435,-104.922234,6/15/2017 17:11,17:11,15,0,0,HOLLY STREET 2100 BLOCK SOUTH & EVANS AVENUE EAST,1,1,0,0,1,4,0,,35,0,0,0,0,0,4,2,13
,2017_68735,39.689343,-104.9223105,2/3/2017 6:34,6:34,12,0,0,HOLLY STREET SOUTH & FLORIDA AVENUE EAST,5,3,1,1,1,3,0,,35,0,0,0,0,0,4,2,1
,2017_68736,39.689343,-104.9223105,8/26/2017 12:30,12:30,14,0,0,HOLLY STREET SOUTH & FLORIDA AVENUE EAST,1,1,0,0,1,1,0,,30,0,0,0,0,1,4,2,7
,2017_68737,39.78039413,-104.969741,12/27/2017 16:48,16:48,6,0,0,HUMBOLDT STREET & 1260 NORTH,5,2,0,0,1,4,0,,25,0,0,0,0,0,4,3,1
,2017_68738,39.691494,-104.9223015,1/20/2017 14:56,14:56,12,0,0,HOLLY STREET SOUTH & IVANHOE WAY SOUTH,1,1,1,7,1,2,0,,30,0,0,0,0,0,4,2,3
,2017_68739,39.776877,-104.889364,1/1/2017 4:15,4:15,5,0,0,I270 WB DIR CONNECT & I70 APPROXIMATELY,1,3,0,0,3,4,0,,55,0,0,0,0,0,1,1,2
,2017_68741,39.657456,-104.919264,1/11/2017 16:27,16:27,15,0,0,HOLLY PLACE 3200 BLOCK SOUTH & KRAMERIA STREET SOUTH,1,1,0,0,1,2,0,,25,0,0,0,0,0,4,2,14
,2017_68742,39.747384,-104.9222655,3/7/2017 7:34,7:34,6,0,0,HOLLY STREET NORTH & MONTVIEW AVENUE EAST,1,1,0,0,1,4,0,,25,0,0,0,0,0,4,2,13
,2017_68743,39.747384,-104.9222655,4/4/2017 9:22,9:22,5,0,0,HOLLY STREET NORTH & MONTVIEW BOULEVARD EAST,2,1,0,1,2,1,0,,35,0,0,0,0,0,4,1,13
,2017_68744,39.777984,-104.9223105,8/3/2017 9:33,9:33,15,0,0,HOLLY STREET NORTH & STAPLETON DRIVE EAST,1,1,0,0,1,3,0,,30,0,0,0,0,0,4,2,7
,2017_68745,39.778722,-104.9222925,8/30/2017 8:35,8:35,10,0,0,HOLLY STREET NORTH & STAPLETON NORTH DRIVE EAST,1,1,0,0,1,1,0,,25,0,0,0,0,0,4,2,13
,2017_68746,39.716541,-105.0287715,9/3/2017 20:03,20:03,6,0,0,HOOKER STREET SOUTH & HOOKER STREET 100 BLOCK SOUTH,1,3,0,0,1,4,0,,,0,0,0,0,0,4,4,13
,2017_68747,39.714975,-105.0287715,1/11/2017 17:12,17:12,12,0,0,HOOKER STREET SOUTH & BAYAUD AVENUE WEST,1,1,1,0,1,4,0,,25,0,0,0,0,0,4,4,1
,2017_68748,39.71655,-105.028776,1/23/2017 22:05,22:05,6,0,0,HOOKER STREET NORTH & ELLSWORTH AVENUE WEST,1,3,0,0,3,4,0,,30,0,0,0,0,0,4,2,12
,2017_68749,39.697299,-105.006582,8/14/2017 12:50,12:50,5,0,0,QUIVAS STREET SOUTH & HOYE PLACE 1691 WEST,1,1,0,0,3,4,0,,35,0,0,0,0,1,4,1,10
,2017_68750,39.72924,-104.9239035,6/2/2017 9:12,9:12,6,0,0,HUDSON STREET NORTH & EIGHTH AVENUE EAST,1,1,0,0,1,4,0,,25,0,0,0,0,0,4,2,7
,2017_68751,39.780063,-104.9698215,4/24/2017 11:15,11:15,6,0,0,HUMBOLDT STREET NORTH & HUMBOLDT STREET 1370 NORTH,1,1,1,0,1,4,0,,25,0,0,0,0,0,4,2,8
,2017_68753,39.687147,-104.969691,1/16/2017 10:40,10:40,12,0,0,HUMBOLDT STREET 1600 BLOCK NORTH & 17TH AVENUE EAST,4,1,0,2,1,4,0,,45,0,0,0,0,0,4,2,2
,2017_68754,39.740985,-104.9697315,8/9/2017 16:30,16:30,3,0,0,HUMBOLDT STREET NORTH & PARK AVENUE,1,1,0,0,1,1,0,,30,0,0,0,0,0,4,2,13
,2017_68755,39.79495064,-104.8063442,3/19/2017 15:30,15:30,6,0,1,IDALIA 5544 NORTH & OLMSTED PLACE 15500 EAST,1,1,0,0,1,4,0,,35,0,0,0,0,2,4,3,9
,2017_68756,39.674754,-104.875281,1/20/2017 7:40,7:40,12,0,0,ILIFF AVENUE EAST & DAYTON WAY SOUTH,1,1,0,0,1,3,0,,25,0,0,0,0,0,4,3,13
,2017_68757,39.674835,-104.908896,1/4/2017 19:10,19:10,5,0,0,ILIFF AVENUE 6890 EAST & ONEIDA STREET SOUTH,4,3,0,2,3,3,0,,35,0,0,0,0,0,4,1,14
,2017_68758,39.691296,-105.02973,10/3/2017 17:42,17:42,3,0,0,IRVING STREET SOUTH & ARKANSAS AVENUE WEST,1,1,0,0,1,1,0,,,0,0,0,0,0,4,2,13
,2017_68759,39.674835,-104.908896,5/31/2017 13:16,13:16,3,0,0,ILIFF AVENUE EAST & ONEIDA STREET SOUTH,1,1,0,0,1,1,0,,5,0,0,0,0,0,4,2,13
,2017_68760,39.68748,-104.9383305,1/19/2017 13:38,13:38,12,0,0,IOWA AVENUE EAST & ASH STREET SOUTH,5,1,0,0,1,1,0,,25,0,0,0,0,0,4,4,14
,2017_68761,39.68757,-104.973444,8/20/2017 11:46,11:46,3,0,0,IOWA AVENUE EAST & DOWNING STREET SOUTH,1,1,0,0,1,1,0,,30,0,0,0,0,0,4,2,13
,2017_68762,39.798324,-104.753322,9/19/2017 8:56,8:56,3,0,0,IRELAND STREET NORTH & 56TH AVENUE EAST,1,1,0,0,1,1,0,,25,0,0,0,0,1,4,2,13
,2017_68768,39.786212,-104.903097,4/10/2017 12:30,12:30,15,0,0,I270 WB ON RAMP MERGE LNS & QUEBEC STREET RAMP EAST METER LIGHT,1,1,0,0,1,8,0,,35,0,0,0,0,0,1,2,8
,2017_68769,39.78558,-104.902663,9/26/2017 16:20,16:20,15,0,0,I270 WB ON RAMP MERGE LNS & QUEBEC STREET RAMP EAST METER LIGHT,1,1,0,0,1,8,0,,65,0,0,0,0,0,1,2,13
,2017_68770,39.785327,-104.902489,4/6/2017 5:39,5:39,1,0,0,SANDCREEK DRIVE SOUTH & 49TH AVENUE EAST,1,2,1,0,1,1,0,,35,0,0,0,0,0,4,2,13
,2017_68771,39.785327,-104.902489,9/29/2017 13:33,13:33,3,0,0,SANDCREEK DRIVE SOUTH & 49TH AVENUE EAST,1,1,0,0,1,1,0,,35,0,0,0,0,0,4,2,13
,2017_68772,39.783682,-104.901359,2/28/2017 19:05,19:05,9,0,0,SANDCREEK DRIVE SOUTH & 47TH AVENUE EAST,2,2,0,0,3,4,0,,35,0,0,0,0,0,4,1,14
,2017_68773,39.782797,-104.900751,7/11/2017 7:43,7:43,15,0,0,I270 & QUEBEC STREET NORTH,1,1,0,0,1,4,0,,55,0,0,0,0,0,1,3,13
,2017_68774,39.782797,-104.900751,8/9/2017 7:33,7:33,12,0,0,I270 & QUEBEC STREET NORTH,1,1,0,0,1,4,0,,55,0,0,0,0,0,1,2,13
,2017_68780,39.653216,-105.049557,9/19/2017 14:58,14:58,5,0,0,HAMPDEN AVENUE & SHERIDAN BOULEVARD EASTBOUND ON RAMP GORE POINT,1,1,1,0,2,4,0,,55,0,0,0,0,0,2,1,14
,2017_68787,39.653796,-105.044016,5/23/2017 7:56,7:56,12,0,0,HAMPDEN AVENUE WEST & SHERIDAN BOULEVARD SOUTH,1,1,0,0,1,4,0,,55,0,0,0,0,0,2,2,13
,2017_68788,39.653885,-105.035629,3/19/2017 9:01,9:01,1,0,1,HIGHWAY 285 & MM 257.5,1,1,0,0,1,1,0,,45,0,0,0,0,2,2,2,14
,2017_68809,39.78571,-105.025223,10/2/2017 9:15,9:15,12,0,0,FEDERAL BOULEVARD NORTH & 49TH AVENUE WEST,2,1,0,1,1,1,0,,,0,0,0,0,0,2,2,13
,2017_68823,39.754834,-105.025131,12/30/2017 9:43,9:43,15,0,0,FEDERAL BOULEVARD NORTH & 26TH AVENUE WEST,1,1,0,0,1,1,0,,,0,0,0,0,0,2,2,13
,2017_68854,39.787424,-105.025217,2/21/2017 11:35,11:35,12,0,0,FEDERAL BOULEVARD & 50TH AVENUE WEST,1,1,0,0,1,3,0,,,0,0,0,0,0,2,2,14
,2017_68856,39.65298,-104.931126,1/25/2017 11:51,11:51,15,0,0,HAMPDEN AVENUE EAST & DAHLIA STREET SOUTH,1,1,0,0,1,3,0,,40,0,0,0,0,0,2,2,13
,2017_68857,39.65298,-104.926221,6/22/2017 14:48,14:48,12,0,0,HAMPDEN AVENUE EAST & GLENCOE STREET SOUTH,1,1,0,0,1,4,0,,50,0,0,0,0,0,2,3,13
,2017_68858,39.740856,-105.025169,7/29/2017 11:20,11:20,15,0,0,FEDERAL BOULEVARD NORTH & WB OFF LOOP RAMP FROM COLFAX AVENUE,2,1,0,0,1,4,0,,,0,0,0,0,0,2,2,13
,2017_68859,39.743865,-105.02522,9/2/2017 14:33,14:33,3,0,0,FEDERAL BOULEVARD NORTH & 17TH AVENUE WEST,1,1,0,0,1,1,0,,25,0,0,0,0,0,2,2,13
,2017_68860,39.751253,-105.025137,1/25/2017 17:30,17:30,15,0,0,FEDERAL BOULEVARD 2300 BLOCK NORTH & 23RD AVENUE WEST,1,3,1,0,1,3,0,,35,0,0,0,0,0,2,2,1