id,drcog_id,latitude,longitude,crashtime,time,crashtype,numbkilled,numbinjurd,drcoglocat,rdconditin,lightngcon,roadcntgrd,weatherco,location,roaddescrp,constrzone,schoolzone,splimit,bikeinv,pedinv,sctrinv,motoinv,svrty,rdsystem,ttlvehcls,hcf
,2017_68861,39.758968,-105.025145,11/14/2017 9:41,9:41,12,0,0,FEDERAL BOULEVARD 2900 BLOCK NORTH & 29TH AVENUE WEST,1,1,0,0,1,4,0,,35,0,0,0,0,0,2,3,13
,2017_68862,39.76082,-105.025151,5/22/2017 8:22,8:22,15,0,0,FEDERAL BOULEVARD NORTH & DOUGLAS PLACE WEST,1,1,1,0,1,3,0,,35,0,0,0,0,0,2,2,13
,2017_68863,39.77024,-105.025232,6/2/2017 16:23,16:23,12,0,0,FEDERAL BOULEVARD NORTH & DENVER PLACE WEST,1,1,1,0,1,4,0,,35,0,0,0,0,0,2,3,13
,2017_68864,39.773392,-105.02523,7/17/2017 16:08,16:08,15,0,0,FEDERAL BOULEVARD NORTH & 41ST AVENUE WEST,1,1,0,0,1,4,0,,35,0,0,0,0,0,2,2,12
,2017_68865,39.776686,-105.025228,5/22/2017 16:56,16:56,10,0,0,44TH AVENUE WEST & FEDERAL BOULEVARD NORTH,2,1,0,1,1,3,0,,,0,0,0,0,0,2,2,13
,2017_68866,39.782272,-105.025225,11/20/2017 21:30,21:30,12,0,0,FEDERAL BOULEVARD NORTH & 4700 BLOCK NORTH,1,3,0,0,1,3,0,,35,0,0,0,0,0,2,2,3
,2017_68867,39.787566,-105.025215,2/23/2017 7:41,7:41,12,0,0,FEDERAL BOULEVARD NORTH & 50TH AVENUE WEST,2,1,0,2,1,3,0,,35,0,0,0,0,0,2,2,14
,2017_69021,39.834134,-104.746852,8/31/2017 22:42,22:42,12,0,0,PENA BOULEVARD & EAST 470 HIGHWAY,1,3,0,0,1,4,0,,65,0,0,0,0,0,2,2,1
,2017_69022,39.834134,-104.746852,5/3/2017 14:37,14:37,15,0,0,PENA BOULEVARD 7500 BLOCK & E470,2,1,0,1,1,4,0,,65,0,0,0,0,0,2,2,1
,2017_69046,39.711118,-104.948228,3/16/2017 7:33,7:33,12,0,0,ALAMEDA AVENUE EAST & CHERRY CREEK DRIVE SOUTH,1,1,0,0,1,3,0,,,0,0,0,0,0,4,2,13
,2017_69047,39.711188,-104.995912,4/7/2017 22:00,22:00,5,0,0,ALAMEDA AVENUE WEST & SANTA FE DRIVE SOUTH,1,3,0,0,2,1,0,,,0,0,0,0,0,4,1,5
,2017_69049,39.71147,-104.946545,4/7/2017 23:49,23:49,15,0,1,CHERRY CREEK NORTH 3300 BLOCK EAST & ALAMEDA AVENUE EAST,1,3,0,0,1,4,0,,30,0,0,0,0,2,4,2,13
,2017_69050,39.739633,-104.975281,4/21/2017 19:30,19:30,6,0,0,OGDEN STREET  & 14TH AVENUE / COLFAX AVENUE EAST ALLEY,1,2,1,0,1,5,0,,30,0,0,0,0,0,4,2,13
,2017_69051,39.838072,-104.715758,5/17/2017 23:00,23:00,5,0,0,78TH AVENUE & GUN CLUB,2,3,0,1,3,1,0,,45,0,0,0,0,0,4,1,8
,2017_69054,39.777682,-104.889087,8/14/2017 3:05,3:05,5,0,0,I70 & MM 279,1,3,0,0,3,4,0,,,0,0,0,0,0,1,1,13
,2017_69975,39.844602,-104.6809395,5/18/2017 10:45,10:45,5,0,0,PENA BOULEVARD & PENA COUNTY ROAD,2,1,1,1,2,4,0,,35,0,0,0,0,0,4,1,1
,2017_70058,39.694905,-105.0320835,8/27/2017 5:00,5:00,6,0,0,KNOX COURT 1200 BLOCK SOUTH & ARIZONA AVENUE WEST,1,3,0,0,3,2,0,,,0,0,0,0,0,4,2,13
,2017_70102,39.736863,-104.9718555,7/12/2017 16:00,16:00,6,0,0,13TH AVENUE & MARION STREET NORTH,1,3,1,0,1,4,0,,,0,0,0,0,0,4,6,13
,2017_70106,39.768228,-104.945904,2/5/2017 14:30,14:30,5,0,0,MADISON STREET NORTH 3700 BLOCK & ALLEY SOUTH,1,1,0,0,5,2,0,,,0,0,0,0,0,3,1,13
,2017_70109,39.660399,-104.9505615,5/13/2017 0:00,0:00,6,0,0,STREET PAUL STREET SOUTH 3100 BLOCK & DARTMOUTH AVENUE EAST,1,3,1,0,1,4,0,,,0,0,0,0,0,4,2,13
,2017_70110,39.698532,-105.020352,5/17/2017 11:52,11:52,5,0,0,CLAY STREET SOUTH & TENNESSEE AVENUE WEST,1,1,0,0,2,1,0,,25,0,0,0,0,0,4,1,1
,2017_70111,39.736629,-105.0392655,6/16/2017 23:32,23:32,5,0,0,13TH AVENUE WEST & PERRY STREET NORTH,1,3,0,0,1,4,0,,25,0,0,0,0,0,4,1,13
,2017_70123,39.844602,-104.6809395,3/16/2017 0:13,0:13,5,0,1,PENA BOULEVARD & 21700 PENA BOULEVARD,1,3,0,0,2,4,0,,55,0,0,0,0,2,4,1,14
,2017_71018,39.76268826,-104.8925546,3/12/2017 11:00,11:00,6,0,0,UINTA STREET & 1700 BLOCK NORTH,1,1,0,1,1,4,0,,25,0,0,0,0,0,4,2,13
,2017_71105,39.754881,-105.015924,2/19/2017 2:15,2:15,5,0,0,ZUNI STREET & 26TH AVENUE WEST,1,3,1,0,3,4,0,,30,0,0,0,0,0,4,1,5
,2017_71176,39.73370022,-104.973233,11/11/2017 18:40,18:40,6,0,0,11TH AVENUE & 3500 BLOCK EAST,1,3,0,0,3,4,0,,25,0,0,0,0,0,4,2,5
,2017_71177,39.760038,-104.865813,1/6/2017 9:28,9:28,12,0,0,HAVANA STREET NORTH & MLK BOULEVARD EAST,6,1,0,0,1,3,0,,30,0,0,0,0,0,4,2,13
,2017_71178,39.730437,-104.9763825,1/7/2017 14:45,14:45,3,0,0,NINTH AVENUE EAST & EMERSON STREET NORTH,6,1,0,0,1,1,0,,30,0,0,0,0,0,4,2,16
,2017_71179,39.653055,-104.9153535,1/12/2017 17:29,17:29,3,0,0,LOCUST STREET SOUTH & HAMPDEN AVENUE EAST,2,3,0,2,1,2,0,,25,0,0,0,0,0,4,4,13
,2017_71180,39.624192,-104.885334,1/18/2017 7:58,7:58,12,0,0,YOSEMITE STREET SOUTH & BELLEVIEW AVENUE EAST,1,1,0,0,1,3,0,,35,0,0,0,0,0,4,2,16
,2017_71181,39.75417,-104.9893335,1/19/2017 11:32,11:32,3,0,0,22ND STREET & LAWRENCE STREET,1,1,0,0,1,1,0,,,0,0,0,0,1,4,2,7
,2017_71182,39.754827,-105.025284,1/31/2017 17:20,17:20,12,0,0,26TH AVENUE 2900 BLOCK WEST & FEDERAL BOULEVARD NORTH,1,2,0,0,1,4,0,,30,0,0,0,0,0,4,2,1
,2017_71183,39.70251,-104.9048505,1/31/2017 19:30,19:30,15,0,0,WALSH PLACE EAST & OHIO AVENUE EAST,1,3,0,0,1,1,0,,,0,0,0,0,0,4,2,13
,2017_71184,39.711114,-104.9679378,2/2/2017 6:20,6:20,12,0,0,ALAMEDA AVENUE & 400 BLOCK EAST,5,1,1,0,1,3,0,,65,0,0,0,0,0,4,3,13
,2017_71185,39.676608,-104.959386,2/4/2017 12:09,12:09,1,0,0,WARREN AVENUE EAST & UNIVERSITY BOULEVARD SOUTH,1,1,0,0,1,1,0,,,0,0,0,0,1,4,2,13
,2017_71186,39.73509,-104.940774,2/5/2017 12:15,12:15,6,0,0,12TH AVENUE EAST & COLORADO BOULEVARD NORTH,1,1,0,0,3,4,0,,30,0,0,0,0,0,4,2,10
,2017_71187,39.736836,-104.965983,2/6/2017 17:16,17:16,3,0,0,WILLIAMS STREET & 13TH AVENUE EAST APPROXIMATELY,1,1,0,0,1,2,0,,25,0,0,0,0,0,4,2,3
,2017_71188,39.756411,-104.987421,2/7/2017 18:23,18:23,3,0,0,24TH STREET & BROADWAY NORTH,1,2,0,0,1,1,0,,30,0,0,0,0,1,4,2,13
,2017_71189,39.729141,-104.88672,2/8/2017 15:50,15:50,6,0,0,YOSEMITE STREET & AKRON WAY NORTH,1,1,1,0,1,4,0,,20,0,0,0,0,0,4,2,3
,2017_71190,39.680226,-104.959404,2/8/2017 21:53,21:53,12,0,0,ASBURY AVENUE EAST & UNIVERSITY BOULEVARD SOUTH,1,3,0,7,1,1,0,,30,0,0,0,0,1,4,2,16
,2017_71191,39.725694,-104.995197,2/9/2017 9:39,9:39,3,0,0,SIXTH AVENUE WEST & FOX STREET NORTH,1,1,0,0,1,1,0,,30,0,0,0,0,0,4,2,12
,2017_71192,39.73842,-104.9752845,2/9/2017 20:53,20:53,6,0,0,14TH AVENUE & OGDEN STREET EAST,1,3,0,0,1,4,0,,30,0,0,0,0,0,4,2,13
,2017_71193,39.739995,-104.9903415,2/13/2017 8:41,8:41,6,0,0,BANNOCK STREET 1437 & COLFAX AVENUE WEST,1,1,0,0,1,4,0,,25,0,0,0,0,0,4,2,13
,2017_71194,39.678426,-104.9395905,2/10/2017 15:55,15:55,1,0,0,EVANS AVENUE EAST & ALBION STREET SOUTH,1,1,0,0,1,1,0,,35,0,0,0,0,0,4,2,13
,2017_71195,39.711186,-104.997132,2/12/2017 1:55,1:55,3,0,0,ALAMEDA AVENUE WEST & SANTA FE DRIVE SOUTH,1,2,0,0,1,1,0,,,0,0,0,0,0,4,2,13
,2017_71196,39.728232,-104.8943115,2/12/2017 22:35,22:35,6,0,1,EIGHTH AVENUE & ULSTER WAY NORTH,1,3,1,0,1,1,0,,25,0,0,0,0,2,4,2,1
,2017_71197,39.725694,-104.9985945,2/13/2017 1:35,1:35,5,0,0,SANTA FE DRIVE SOUTH & SIXTH AVENUE WEST,1,3,0,0,2,4,0,,30,0,0,0,0,0,4,3,5
,2017_71198,39.720924,-104.9875065,2/14/2017 8:21,8:21,10,0,0,THIRD AVENUE & BROADWAY NORTH,1,1,0,0,1,5,0,,30,0,0,0,0,0,4,2,1
,2017_71199,39.680586,-104.9451345,2/15/2017 17:19,17:19,3,0,0,BUCHTEL BOULEVARD EAST & MONROE STREET SOUTH,1,1,0,7,1,1,0,,25,0,0,0,0,0,4,2,16
,2017_71200,39.772962,-104.975442,2/15/2017 17:25,17:25,1,0,0,38TH STREET & BRIGHTON BOULEVARD NORTH,1,1,0,0,1,1,0,,30,0,0,0,0,0,4,2,16
,2017_71201,39.755088,-104.988114,2/16/2017 15:20,15:20,6,0,0,LAWRENCE STREET & PARK AVENUE WEST,1,1,0,0,1,4,0,,30,0,0,0,0,0,4,2,13
,2017_71202,39.747339,-104.9874345,2/17/2017 16:05,16:05,10,0,0,BROADWAY NORTH & WELTON STREET,1,1,0,0,1,1,0,,30,0,0,0,0,0,4,2,13
,2017_71203,39.770253,-104.9719725,2/17/2017 16:17,16:17,10,0,0,38TH STREET & MARION STREET NORTH,1,1,0,0,1,1,0,,30,0,0,0,0,0,4,2,13
,2017_71204,39.68226,-105.008913,2/17/2017 22:30,22:30,3,0,0,RARITAN STREET SOUTH & JEWELL AVENUE WEST,1,3,1,0,1,1,0,,,0,0,0,0,1,4,2,13
,2017_71205,39.654414,-104.872302,2/18/2017 22:33,22:33,3,0,0,GIRARD AVENUE EAST & FLORENCE STREET SOUTH,14,3,0,0,1,2,0,,,0,0,0,0,0,4,2,13
,2017_71206,39.780243,-105.0346035,2/21/2017 7:35,7:35,1,0,0,LOWELL BOULEVARD NORTH & 46TH AVENUE WEST,1,1,0,0,1,1,0,,35,0,0,0,0,0,4,2,13
,2017_71207,39.791115,-105.0346305,2/22/2017 8:34,8:34,3,0,0,52ND AVENUE WEST & LOWELL BOULEVARD NORTH,1,1,0,0,1,1,0,,35,0,0,0,0,0,4,2,14
,2017_71208,39.718404,-104.9985855,2/22/2017 15:10,15:10,3,0,0,FIRST AVENUE WEST & SANTA FE DRIVE NORTH,1,1,1,0,1,1,0,,30,0,0,0,0,1,4,2,13
,2017_71209,39.66336,-105.03477,2/23/2017 15:36,15:36,12,0,0,LOWELL BOULEVARD SOUTH & AMHERST AVENUE WEST,5,1,2,2,1,3,0,,,0,0,0,0,0,4,2,13
,2017_71210,39.667455,-104.936211,2/23/2017 17:10,17:10,12,0,0,YALE AVENUE 4400 BLOCK EAST & CLERMONT STREET SOUTH,4,1,0,2,1,1,0,,30,0,0,0,0,0,4,2,13
,2017_71211,39.735135,-104.976441,2/24/2017 16:35,16:35,12,0,0,12TH AVENUE EAST & EMERSON STREET NORTH,1,2,0,7,1,1,0,,30,0,0,0,0,0,4,2,16
,2017_71212,39.777993,-104.7720735,2/25/2017 13:22,13:22,3,0,0,TOWER ROAD NORTH & 45TH AVENUE EAST,1,1,0,0,1,1,0,,40,0,0,0,0,0,4,2,13
,2017_71213,39.743415,-104.95926,2/26/2017 0:00,0:00,3,0,0,17TH AVENUE EAST & JOSEPHINE STREET NORTH,1,3,0,7,1,1,0,,30,0,0,0,0,0,4,2,7
,2017_71214,39.787983,-105.012693,2/26/2017 14:17,14:17,6,0,0,UMATILLA STREET & 5025 NORTH UMATILLA STREET,1,1,1,0,1,4,0,,,0,0,0,0,0,4,2,13
,2017_71215,39.689217,-105.0003,2/27/2017 7:34,7:34,12,0,0,PLATTE RIVER DRIVE SOUTH & FLORIDA AVENUE WEST,1,2,0,7,1,3,0,,30,0,0,0,0,0,4,2,14
,2017_71216,39.746187,-104.9861025,2/27/2017 16:34,16:34,10,0,0,LINCOLN STREET NORTH & 19TH AVENUE EAST,1,1,0,0,1,4,0,,25,0,0,0,0,0,4,2,13
,2017_71217,39.749463,-104.973381,3/1/2017 9:29,9:29,6,0,0,DOWNING STREET 2160 NORTH & 22ND AVENUE EAST,1,1,0,0,1,4,0,,30,0,0,0,0,0,4,2,1
,2017_71218,39.743397,-104.987394,3/1/2017 10:50,10:50,15,0,0,17TH STREET & BROADWAY STREET,1,1,0,0,1,1,0,,30,0,0,0,0,0,4,2,13
,2017_71219,39.710313,-105.0340635,3/2/2017 15:40,15:40,3,0,0,MORRISON ROAD & NEVADA PLACE WEST,1,1,0,0,1,3,0,,30,0,0,0,0,0,4,2,13
,2017_71220,39.717792,-104.9508225,3/3/2017 10:55,10:55,15,0,0,FIRST AVENUE EAST & STEELE STREET SOUTH,1,1,0,0,1,4,1,,35,0,0,0,0,0,4,2,1
,2017_71221,39.75633,-105.015852,3/3/2017 15:23,15:23,12,0,0,SPEER BOULEVARD NORTH & ZUNI STREET NORTH,1,1,0,0,1,4,0,,30,0,0,0,0,0,4,2,13
,2017_71222,39.700395,-105.0437565,3/4/2017 13:18,13:18,12,0,1,KENTUCKY AVENUE 4300 BLOCK WEST & TENNYSON STREET SOUTH,1,2,0,0,1,3,0,,25,0,0,0,1,2,4,2,3
,2017_71223,39.769551,-105.034617,3/4/2017 13:57,13:57,12,0,0,38TH AVENUE WEST & LOWELL BOULEVARD NORTH,1,1,0,0,1,1,0,,30,0,0,0,0,0,4,3,16
,2017_71224,39.733839,-104.9873895,3/7/2017 9:45,9:45,3,0,0,11TH AVENUE EAST & BROADWAY STREET NORTH,1,1,0,0,1,1,0,,30,0,0,0,0,0,4,2,13
,2017_71225,39.725478,-105.039414,3/8/2017 8:30,8:30,15,0,0,SIXTH AVENUE FRONTAGE ROAD  & PERRY STREET NORTH,1,1,0,0,1,1,0,,25,0,0,0,0,0,4,2,14
,2017_71226,39.713085,-104.9222655,3/8/2017 7:13,7:13,3,0,0,CEDAR AVENUE EAST & HOLLY STREET SOUTH,1,1,0,0,1,1,0,,30,0,0,0,0,0,4,2,14
,2017_71227,39.746898,-104.996871,3/8/2017 17:10,17:10,3,0,0,15TH STREET & ARAPAHOE STREET,1,1,0,0,1,1,0,,30,0,0,0,0,0,4,2,13
,2017_71228,39.678435,-104.9407425,3/10/2017 9:17,9:17,12,0,0,EVANS AVENUE EAST & COLORADO BOULEVARD SOUTH,1,1,0,0,1,3,0,,35,0,0,0,0,0,4,2,13
,2017_71229,39.743577,-104.9869215,3/10/2017 18:40,18:40,12,0,0,BROADWAY STREET NORTH 1700 BLOCK & 17TH STREET,1,2,0,0,1,4,0,,,0,0,0,0,0,4,2,13
,2017_71230,39.711348,-104.9035005,3/12/2017 10:15,10:15,5,0,0,QUEBEC STREET 200 BLOCK SOUTH & ALAMEDA AVENUE EAST,1,1,0,0,3,4,0,,35,0,0,0,0,1,4,1,3
,2017_71231,39.743415,-104.95926,3/13/2017 8:00,8:00,3,0,0,17TH AVENUE EAST & JOSEPHINE STREET NORTH,1,1,0,0,1,1,0,,35,0,0,0,0,0,4,2,13
,2017_71232,39.750993,-104.9081355,3/13/2017 8:48,8:48,6,0,0,23RD AVENUE 6900 BLOCK EAST & ONEIDA STREET NORTH,1,1,0,0,1,4,0,,25,0,0,0,0,1,4,2,10
,2017_71233,39.72627,-105.0002055,3/14/2017 8:50,8:50,15,0,0,SIXTH AVENUE 1000 BLOCK WEST & KALAMATH STREET NORTH,1,1,0,0,1,3,0,,35,0,0,0,0,0,4,2,13
,2017_71234,39.751002,-104.903442,3/14/2017 16:30,16:30,13,0,0,23RD AVENUE 7200 BLOCK EAST & QUEBEC STREET NORTH,1,1,0,0,1,4,0,,30,0,0,0,0,1,4,2,13
,2017_71235,39.789198,-104.7610035,3/15/2017 0:06,0:06,6,0,0,50TH PLACE 19500 BLOCK EAST & ESPANA WAY NORTH,1,4,1,0,1,4,0,,25,0,0,0,0,0,4,2,2
,2017_71236,39.738375,-104.961015,3/15/2017 16:56,16:56,3,0,0,14TH AVENUE EAST & GAYLORD STREET NORTH,1,1,0,0,1,1,0,,30,0,0,0,0,0,4,2,16
,2017_71237,39.71835,-104.962041,3/15/2017 17:00,17:00,12,0,0,FIRST AVENUE EAST & VINE STREET NORTH,1,1,0,0,1,4,0,,30,0,0,0,0,0,4,3,13
,2017_71238,39.711348,-104.9035005,3/16/2017 6:29,6:29,12,0,0,QUEBEC STREET 300 BLOCK SOUTH & ALAMEDA AVENUE EAST,1,1,0,0,1,3,0,,35,0,0,0,0,0,4,2,1
,2017_71239,39.638664,-104.89266,3/16/2017 17:21,17:21,1,0,0,TAMARAC DRIVE 9 & QUINCY AVENUE EAST,1,3,0,0,1,1,0,,35,0,0,0,0,0,4,2,7
,2017_71240,39.709107,-104.996502,3/17/2017 9:25,9:25,12,0,0,SANTA FE DRIVE NORTH ALLEY & KALAMATH STREET NORTH,1,1,1,0,1,5,0,,25,0,0,0,0,0,4,2,13
,2017_71241,39.78875689,-104.9499343,3/17/2017 15:55,15:55,3,0,0,STEELE STREET NORTH & 23RD AVENUE EAST,1,1,0,0,1,1,0,,60,0,0,0,0,0,4,2,13
,2017_71242,39.73210631,-104.9694276,3/17/2017 23:30,23:30,6,0,0,HUMBOLDT STREET 1000 BLOCK NORTH & 11TH AVENUE EAST,1,4,0,0,1,4,0,,,0,0,0,0,0,4,2,13
,2017_71243,39.767382,-104.90346,3/18/2017 14:17,14:17,1,0,0,36TH AVENUE & QUEBEC STREET,1,1,0,0,1,1,0,,30,0,0,0,0,0,4,2,13
,2017_71244,39.725604,-104.9752305,3/19/2017 12:20,12:20,12,0,0,SIXTH AVENUE 900 BLOCK EAST & OGDEN STREET NORTH,1,1,0,0,1,4,0,,30,0,0,0,0,0,4,2,3
,2017_71245,39.783474,-104.9732865,3/20/2017 2:09,2:09,5,0,0,47TH AVENUE EAST & NATIONAL WESTERN NORTH,1,3,0,0,2,4,0,,25,0,0,0,0,0,4,1,5
,2017_71246,39.689469,-105.036714,3/20/2017 8:49,8:49,5,0,0,FLORIDA AVENUE WEST & NEWTON STREET SOUTH,1,1,0,0,3,4,0,,40,0,0,0,0,0,4,1,7
,2017_71247,39.692952,-104.9593455,3/20/2017 11:15,11:15,3,0,0,UNIVERSITY BOULEVARD SOUTH & LOUISIANA AVENUE EAST,1,1,0,7,1,1,0,,30,0,0,0,0,0,4,2,16
,2017_71248,39.777975,-104.917599,3/22/2017 13:36,13:36,5,0,0,STAPLETON DRIVE SOUTH EAST & KEARNEY STREET NORTH,1,1,0,0,3,1,0,,35,0,0,0,0,0,4,1,13
,2017_71249,39.741318,-104.9919615,3/22/2017 18:26,18:26,3,0,0,14TH STREET & TREMONT PLACE,1,1,0,0,1,1,0,,30,0,0,0,0,0,4,2,3
,2017_71250,39.719322,-104.9908455,3/23/2017 16:05,16:05,3,0,0,SECOND AVENUE WEST & BANNOCK STREET NORTH,1,1,0,7,1,1,0,,25,0,0,0,0,0,4,2,16
,2017_71251,39.727287,-104.984883,3/24/2017 19:26,19:26,6,0,0,SEVENTH AVENUE 200 BLOCK EAST & SHERMAN STREET NORTH,1,3,0,0,1,4,0,,25,0,0,0,0,0,4,2,3
,2017_71252,39.755988,-104.9033115,3/25/2017 19:25,19:25,12,0,0,QUEBEC STREET NORTH & 28TH AVENUE EAST,1,2,0,0,1,1,0,,35,0,0,0,0,0,4,2,13
,2017_71253,39.743775,-104.9034825,3/26/2017 19:55,19:55,12,0,0,QUEBEC STREET NORTH & 17TH AVENUE EAST,1,3,0,0,1,4,0,,30,0,0,0,0,0,4,2,14
,2017_71254,39.78954,-104.772231,3/29/2017 12:03,12:03,15,0,0,TOWER ROAD NORTH & 51ST AVENUE EAST,2,1,0,1,1,3,0,,30,0,0,0,0,0,4,2,1
,2017_71255,39.651246,-104.9293755,3/31/2017 20:00,20:00,12,0,0,HAPPY CANYON ROAD EAST & ELM WAY SOUTH,2,3,0,1,1,1,0,,25,0,0,0,0,0,4,2,13
,2017_71256,39.738447,-104.9941125,4/1/2017 15:46,15:46,12,0,0,14TH AVENUE WEST & ELATI STREET NORTH,1,1,0,0,1,1,0,,35,0,0,0,0,0,4,2,13
,2017_71257,39.772962,-104.975442,4/2/2017 13:25,13:25,12,0,0,38TH AVENUE EAST & BRIGHTON BOULEVARD NORTH,1,1,0,0,1,4,0,,30,0,0,0,0,0,4,2,8
,2017_71258,39.844602,-104.6809395,4/2/2017 14:00,14:00,6,0,0,PENA BOULEVARD & 8400 BLOCK,1,1,0,0,1,4,0,,35,0,0,0,0,0,4,2,3
,2017_71259,39.678363,-104.959404,4/3/2017 14:45,14:45,15,0,0,UNIVERSITY BOULEVARD 2000 BLOCK SOUTH & EVANS AVENUE EAST,1,1,0,0,1,4,0,,30,0,0,0,0,0,4,2,13
,2017_71260,39.783033,-105.03459,4/4/2017 7:13,7:13,3,0,0,48TH SOUTH DRIVE WEST & LOWELL BOULEVARD NORTH,2,1,0,1,1,1,0,,35,0,0,0,0,0,4,2,14
,2017_71261,39.660345,-104.9565825,4/5/2017 7:52,7:52,12,0,0,DARTMOUTH AVENUE EAST & CLAYTON STREET SOUTH,1,1,0,0,1,3,0,,30,0,0,0,0,0,4,2,14
,2017_71262,39.747438,-104.90346,4/5/2017 12:04,12:04,12,0,0,QUEBEC STREET 1900 BLOCK NORTH & MONTVIEW BOULEVARD EAST APPROXIMATELY,1,1,0,0,1,3,0,,30,0,0,0,0,0,4,2,16
,2017_71263,39.778479,-104.846373,4/6/2017 16:17,16:17,15,0,0,PEORIA STREET 4500 BLOCK NORTH & 45TH AVENUE EAST,1,1,0,0,1,4,0,,40,0,0,0,0,0,4,2,16
,2017_71264,39.768147,-104.972121,4/7/2017 18:16,18:16,3,0,0,37TH AVENUE EAST & MARION STREET NORTH,1,1,0,0,1,1,0,,30,0,0,0,0,0,4,2,13
,2017_71265,39.736854,-104.97762,4/7/2017 18:20,18:20,12,0,0,13TH AVENUE EAST & CLARKSON STREET NORTH,1,1,0,0,1,3,0,,30,0,0,0,0,0,4,2,13
,2017_71266,39.7821206,-104.9592915,4/9/2017 13:19,13:19,15,0,0,YORK STREET & 1700 NORTH,1,1,0,0,1,6,0,,5,0,0,0,0,0,4,2,13
,2017_71267,39.75798412,-104.9894475,4/9/2017 17:22,17:22,12,0,0,BLAKE STREET 2400 BLOCK & 24TH STREET,1,1,0,6,1,4,0,,30,0,0,0,0,0,4,2,5
,2017_71268,39.711366,-104.912964,4/10/2017 10:30,10:30,15,0,0,ALAMEDA AVENUE 6400 BLOCK EAST & MONACO PARKWAY SOUTH,1,1,0,0,1,3,0,,35,0,0,0,0,0,4,2,13
,2017_71269,39.733695,-104.9787135,4/10/2017 10:58,10:58,3,0,0,WASHINGTON STREET NORTH & 11TH AVENUE EAST,1,1,0,0,1,1,0,,30,0,0,0,0,0,4,2,8
,2017_71270,39.7353149,-105.0144669,4/10/2017 11:28,11:28,3,0,0,12TH AVENUE & 900 BLOCK WEST ALLEY,1,1,0,0,1,5,0,,35,0,0,0,0,1,4,3,14
,2017_71271,39.689325,-104.931702,4/10/2017 20:16,20:16,3,0,0,FLORIDA AVENUE EAST & DAHLIA STREET SOUTH,1,3,1,0,1,1,0,,25,0,0,0,0,0,4,3,3
,2017_71272,39.748185,-104.9864445,4/11/2017 10:50,10:50,3,0,0,20TH STREET & WELTON STREET,1,1,0,0,1,1,0,,35,0,0,0,0,1,4,2,3
,2017_71273,39.738366,-104.963472,4/26/2017 15:00,15:00,6,0,0,14TH AVENUE & RACE STREET NORTH,1,1,0,0,1,1,0,,30,0,0,0,0,0,4,2,13
,2017_71274,39.758499,-105.036975,4/12/2017 8:00,8:00,12,0,0,29TH AVENUE WEST & NEWTON STREET NORTH,1,1,0,0,1,4,0,,35,0,0,0,0,0,4,2,13
,2017_71275,39.682116,-104.987583,4/12/2017 16:41,16:41,6,0,0,BROADWAY STREET 1900 BLOCK SOUTH & JEWELL AVENUE EAST,1,1,0,0,1,4,0,,35,0,0,0,0,1,4,2,12
,2017_71276,39.757887,-104.9844735,4/12/2017 16:53,16:53,3,0,0,26TH STREET & LAWRENCE STREET,1,1,0,7,1,1,0,,30,0,0,0,0,0,4,2,16
,2017_71277,39.717819,-104.946165,4/13/2017 7:54,7:54,3,0,0,MADISON STREET NORTH & FIRST AVENUE EAST,1,1,0,0,1,1,0,,35,0,0,0,0,0,4,2,13
,2017_71278,39.7415307,-104.9881683,4/14/2017 17:00,17:00,6,0,0,CLEVELAND PLACE & 2300 BLOCK,1,1,0,0,1,4,0,,30,0,0,0,0,0,4,2,13
,2017_71279,39.743226,-104.961006,4/14/2017 17:21,17:21,3,0,0,17TH AVENUE EAST & GAYLORD STREET NORTH,1,1,0,0,1,1,0,,30,0,0,0,0,0,4,2,8
,2017_71280,39.74368863,-104.9975201,4/22/2017 10:30,10:30,6,0,0,CHAMPA STREET 1300 BLOCK & 14TH STREET,1,1,0,0,1,4,0,,30,0,0,0,0,0,4,2,14
,2017_71281,39.74368863,-104.9975201,4/15/2017 22:54,22:54,12,0,0,CHAMPA STREET 1300 BLOCK & 13TH STREET,1,1,1,0,1,4,0,,30,0,0,0,0,0,4,2,12
,2017_71282,39.743244,-104.986107,4/16/2017 20:17,20:17,3,0,0,LINCOLN STREET NORTH & 17TH AVENUE EAST,1,3,0,0,1,1,0,,45,0,0,0,0,1,4,2,14
,2017_71283,39.73869,-104.9034645,4/17/2017 11:11,11:11,12,0,1,QUEBEC STREET NORTH & 14TH AVENUE EAST,1,1,0,0,1,1,0,,30,0,0,0,0,2,4,4,12
,2017_71284,39.769335,-105.0520635,4/17/2017 12:53,12:53,5,0,0,38TH AVENUE 5037 WEST & ZENOBIA STREET NORTH,1,1,0,0,3,1,0,,25,0,0,0,0,1,4,1,10
,2017_71285,39.70881,-105.0362235,4/19/2017 1:18,1:18,3,0,0,MEADE STREET SOUTH & MORRISON ROAD,1,3,0,0,1,1,0,,30,0,0,0,0,0,4,2,7
,2017_71286,39.783645,-104.7675465,4/19/2017 6:30,6:30,3,0,0,ANDES COURT NORTH & GREEN VALLEY RANCH BOULEVARD EAST,1,1,0,7,1,1,0,,30,0,0,0,0,0,4,2,1
,2017_71287,39.759624,-105.013143,4/19/2017 7:23,7:23,3,0,0,30TH AVENUE WEST & VALLEJO STREET NORTH,1,1,0,0,1,1,0,,60,0,0,0,0,0,4,2,14