id,drcog_id,latitude,longitude,crashtime,time,crashtype,numbkilled,numbinjurd,drcoglocat,rdconditin,lightngcon,roadcntgrd,weatherco,location,roaddescrp,constrzone,schoolzone,splimit,bikeinv,pedinv,sctrinv,motoinv,svrty,rdsystem,ttlvehcls,hcf
,2017_71288,39.788973,-104.9782815,4/19/2017 11:50,11:50,12,0,0,WASHINGTON STREET NORTH & 51ST AVENUE EAST,1,1,0,7,1,1,0,,35,0,0,0,0,0,4,2,3
,2017_71289,39.761964,-104.903451,4/19/2017 21:08,21:08,3,0,0,QUEBEC STREET NORTH & MLK BOULEVARD EAST,1,3,0,0,1,1,0,,45,0,0,0,0,0,4,2,7
,2017_71290,39.775689,-105.009633,4/20/2017 7:17,7:17,6,0,0,SHOSHONE STREET NORTH 4314 BLOCK & 43RD AVENUE WEST,1,3,0,0,1,4,0,,25,0,0,0,0,0,4,2,1
,2017_71291,39.769272,-105.0096015,4/20/2017 15:10,15:10,12,0,0,38TH AVENUE WEST & SHOSHONE STREET NORTH,2,1,0,1,1,1,0,,35,0,0,0,0,0,4,2,13
,2017_71292,39.629898,-105.10983,4/20/2017 17:11,17:11,3,0,0,SARATOGA PLACE WEST & KIPLING STREET SOUTH,2,1,0,1,1,1,0,,25,0,0,0,0,0,4,2,4
,2017_71293,39.703833,-104.9500125,4/20/2017 17:59,17:59,3,0,0,EXPOSITION AVENUE EAST & STEELE STREET SOUTH,2,1,0,1,1,2,0,,15,0,0,0,0,0,4,2,7
,2017_71294,39.725595,-104.9418315,4/21/2017 7:40,7:40,3,0,0,SIXTH AVENUE EAST & HARRISON STREET NORTH,1,1,0,0,1,1,0,,30,0,0,0,0,0,4,3,7
,2017_71295,39.77558338,-105.0041116,4/21/2017 8:40,8:40,6,0,0,NAVAJO 4300 BLOCK & 44TH AVENUE WEST,2,3,0,1,1,4,0,,25,0,0,0,0,0,4,2,14
,2017_71296,39.754305,-104.9942745,4/21/2017 15:05,15:05,12,0,0,20TH STREET 1500 BLOCK & BLAKE STREET,1,1,1,0,1,4,0,,30,0,0,0,0,0,4,2,8
,2017_71297,39.738375,-104.965992,4/21/2017 16:05,16:05,3,0,0,14TH AVENUE EAST & WILLIAMS STREET NORTH,1,1,1,0,1,1,0,,25,0,0,0,0,0,4,2,16
,2017_71298,39.654414,-104.872302,4/21/2017 17:38,17:38,6,0,0,FLORENCE STREET SOUTH & GIRARD AVENUE EAST,1,1,0,0,1,2,0,,,0,0,0,0,0,4,3,13
,2017_71299,39.632922,-105.0900615,4/21/2017 18:15,18:15,3,0,0,TUFTS AVENUE WEST & BALSAM WAY SOUTH,1,1,0,0,1,1,0,,35,0,0,0,0,1,4,2,14
,2017_71300,39.736845,-104.98617,4/23/2017 18:28,18:28,10,0,0,13TH AVENUE EAST & LINCOLN STREET NORTH,1,1,0,0,1,1,0,,30,0,0,0,0,1,4,2,5
,2017_71301,39.7053,-104.912982,4/25/2017 7:37,7:37,12,0,0,MONACO STREET SOUTH & CENTER AVENUE EAST,1,1,0,0,1,1,0,,30,0,0,0,0,0,4,2,14
,2017_71302,39.757086,-104.990715,4/25/2017 15:23,15:23,12,0,0,PARK AVENUE WEST 1400 BLOCK & BLAKE STREET,1,1,0,0,1,1,0,,25,0,0,0,0,0,4,2,13
,2017_71303,39.782205,-104.760324,4/26/2017 21:20,21:20,6,0,0,47TH PLACE & FLANDERS WAY NORTH,1,3,1,0,1,4,0,,25,0,0,0,0,0,4,2,3
,2017_71304,39.758049,-105.02055,4/27/2017 15:14,15:14,3,0,0,SPEER BOULEVARD NORTH & CLAY STREET NORTH,1,1,0,0,1,1,0,,25,0,0,0,0,0,4,2,16
,2017_71305,39.844602,-104.6809395,4/28/2017 8:00,8:00,15,0,0,PENA BOULEVARD 8000 BLOCK & 80TH AVENUE EAST,1,1,0,0,1,4,0,,35,0,0,0,0,0,4,2,8
,2017_71306,39.74606507,-104.991029,4/28/2017 9:15,9:15,12,0,0,23RD STREET 600 BLOCK & CALIFORNIA STREET,1,1,0,0,1,3,0,,30,0,0,0,0,0,4,2,7
,2017_71307,39.72627,-105.0002055,4/30/2017 1:14,1:14,5,0,0,SIXTH AVENUE WEST & KALAMATH STREET NORTH,5,3,0,0,2,3,0,,25,0,0,0,0,0,4,1,13
,2017_71308,39.77892,-104.9541255,4/28/2017 14:27,14:27,3,0,0,45TH AVENUE EAST & CLAYTON STREET NORTH,1,1,0,0,1,1,0,,25,0,0,0,0,0,4,2,13
,2017_71309,39.750651,-104.991984,4/29/2017 0:22,0:22,15,0,0,19TH STREET & ARAPAHOE STREET,2,3,0,2,1,4,0,,25,0,0,0,0,0,4,2,13
,2017_71310,39.743244,-104.976171,4/29/2017 18:10,18:10,6,0,0,EMERSON STREET & 17TH AVENUE EAST,2,1,0,2,1,4,0,,30,0,0,0,0,0,4,2,13
,2017_71311,39.844602,-104.6809395,4/29/2017 21:30,21:30,9,0,0,PENA BOULEVARD & 8500 BLOCK,2,3,0,0,3,4,0,,65,0,0,0,0,0,4,1,3
,2017_71312,39.71835,-104.9745915,4/30/2017 9:51,9:51,12,0,0,SPEER BOULEVARD EAST & CORONA STREET NORTH,1,1,0,0,1,1,0,,30,0,0,0,0,0,4,2,13
,2017_71313,39.729222,-104.932782,5/1/2017 14:25,14:25,3,0,0,EIGHTH AVENUE EAST & DEXTER STREET NORTH,1,1,0,0,1,1,0,,25,0,0,0,0,1,4,2,3
,2017_71314,39.72411,-104.9985945,5/2/2017 7:35,7:35,1,0,0,FIFTH AVENUE WEST & SANTA FE DRIVE NORTH,1,1,0,0,1,1,0,,25,0,0,0,0,0,4,2,13
,2017_71315,39.74481,-104.9810715,5/3/2017 9:15,9:15,10,0,0,18TH AVENUE & PENNSYLVANIA STREET,2,1,0,1,1,1,0,,30,0,0,0,0,0,4,2,13
,2017_71316,39.711186,-104.997132,5/3/2017 13:50,13:50,12,0,0,SANTA FE DRIVE 500 BLOCK SOUTH & ALAMEDA AVENUE WEST,1,1,0,0,1,4,0,,25,0,0,0,0,0,4,2,1
,2017_71317,39.780918,-104.836914,5/3/2017 20:08,20:08,3,0,0,TOPEKA COURT NORTH & CROWN BOULEVARD NORTH,1,3,1,0,1,1,0,,25,0,0,0,0,0,4,2,13
,2017_71319,39.77171824,-104.90281,5/5/2017 10:57,10:57,12,0,0,QUEBEC STREET & 1300 BLOCK NORTH,1,1,1,0,1,3,0,,30,0,0,0,0,0,4,3,14
,2017_71320,39.78455738,-105.0345236,5/5/2017 15:17,15:17,12,0,0,LOWELL BOULEVARD 4800 BLOCK NORTH & 49TH AVENUE WEST,1,1,1,0,1,4,0,,30,0,0,0,0,0,4,3,13
,2017_71321,39.7759725,-104.936166,5/5/2017 19:23,19:23,6,0,1,ALBION STREET & 1200 BLOCK,1,1,0,0,1,4,0,,30,0,0,0,0,2,4,3,5
,2017_71322,39.825027,-104.774751,5/13/2017 21:28,21:28,6,0,0,YAMPA STREET & 71ST AVENUE EAST,1,3,0,0,1,4,0,,25,0,0,0,0,0,4,2,14
,2017_71323,39.74331972,-104.9774955,5/5/2017 21:00,21:00,3,0,0,CLARKSON STREET 1700 BLOCK NORTH & 17TH AVENUE NORTH,1,3,0,0,1,5,0,,40,0,0,0,0,1,4,2,3
,2017_71324,39.696705,-104.9991345,5/6/2017 17:00,17:00,3,0,3,MISSISSIPPI AVENUE WEST & JASON STREET SOUTH,1,1,0,0,1,1,0,,30,0,0,0,0,2,4,2,13
,2017_71325,39.787425,-105.034563,5/7/2017 6:13,6:13,3,0,0,LOWELL BOULEVARD NORTH & 50TH AVENUE WEST,1,1,0,7,1,1,0,,30,0,0,0,0,1,4,2,16
,2017_71326,39.736863,-104.9799015,5/7/2017 21:05,21:05,6,0,0,PEARL STREET NORTH & 13TH AVENUE EAST,1,3,0,0,1,4,0,,,0,0,0,0,0,4,2,13
,2017_71327,39.670128,-105.0250725,5/8/2017 16:46,16:46,3,0,0,VASSAR AVENUE 2900 BLOCK WEST & FEDERAL BOULEVARD SOUTH,2,1,0,1,1,2,0,,25,0,0,0,0,0,4,3,13
,2017_71328,39.743226,-104.9721525,5/8/2017 19:05,19:05,10,0,0,17TH AVENUE EAST & MARION STREET NORTH,2,1,0,1,1,1,0,,30,0,0,0,0,0,4,2,8
,2017_71329,39.722616,-104.982624,5/9/2017 18:35,18:35,12,0,0,SPEER BOULEVARD 400 BLOCK EAST & LOGAN STREET NORTH,1,1,0,0,1,4,0,,35,0,0,0,0,0,4,2,13
,2017_71330,39.738438,-104.983623,5/9/2017 20:20,20:20,3,0,2,14TH AVENUE EAST & GRANT STREET NORTH,1,3,0,7,1,1,0,,30,0,0,0,0,2,4,2,14
,2017_71331,39.75776208,-104.9819155,5/10/2017 16:58,16:58,3,0,0,27TH STREET & 1100 BLOCK,2,1,0,1,1,5,0,,15,0,0,0,0,0,4,2,13
,2017_71332,39.729321,-105.019803,5/11/2017 6:38,6:38,10,0,0,CANOSA COURT NORTH & EIGHTH AVENUE WEST,1,1,0,0,1,1,0,,25,0,0,0,0,1,4,2,13
,2017_71333,39.74166,-104.981094,5/11/2017 13:35,13:35,3,0,1,PENNSYLVANIA STREET NORTH & 16TH AVENUE EAST,1,1,0,0,1,1,0,,25,0,0,0,0,2,4,2,7
,2017_71334,39.783438,-104.811993,5/12/2017 5:30,5:30,6,0,0,50TH DRIVE & FRASER WAY NORTH,1,4,0,0,1,4,0,,,0,0,0,0,0,4,2,13
,2017_71335,39.738474,-105.039324,5/12/2017 8:56,8:56,1,0,0,PERRY STREET NORTH & 14TH AVENUE WEST,1,1,0,0,1,1,0,,25,0,0,0,0,0,4,2,13
,2017_71336,39.716523,-104.976927,7/6/2017 0:20,0:20,6,0,0,EMERSON STREET & ELLSWORTH AVENUE EAST,1,3,0,0,1,4,0,,,0,0,0,0,0,4,2,13
,2017_71337,39.769551,-105.034617,5/12/2017 12:56,12:56,12,0,0,38TH AVENUE 3600 BLOCK WEST & LOWELL BOULEVARD NORTH,1,1,1,7,1,4,0,,30,0,0,0,0,1,4,2,16
,2017_71338,39.787353,-104.764491,5/12/2017 22:30,22:30,5,0,0,50TH AVENUE EAST & CATHAY STREET NORTH,1,1,0,0,3,3,0,,25,0,0,0,0,0,4,1,13
,2017_71339,39.678444,-104.9579415,5/13/2017 10:15,10:15,15,0,0,EVANS AVENUE 2300 BLOCK EAST & JOSEPHINE STREET SOUTH,1,1,0,0,1,4,0,,35,0,0,0,0,0,4,2,1
,2017_71340,39.70035,-105.0367725,5/13/2017 10:15,10:15,14,0,0,KENTUCKY AVENUE WEST & NEWTON STREET SOUTH,1,1,0,0,1,4,0,,,0,0,0,0,0,4,2,13
,2017_71341,39.738402,-104.912802,5/13/2017 15:55,15:55,15,0,0,14TH AVENUE EAST & MONACO STREET NORTH,1,1,0,0,1,4,0,,30,0,0,0,0,1,4,2,14
,2017_71342,39.720123,-104.974074,5/14/2017 16:32,16:32,12,0,0,CORONA STREET & THIRD AVENUE EAST,1,1,0,0,1,4,0,,,0,0,0,0,0,4,2,13
,2017_71343,39.743937,-105.03306,5/15/2017 7:52,7:52,1,0,0,KING STREET NORTH & 17TH AVENUE WEST,1,5,0,0,1,1,0,,25,0,0,0,0,0,4,2,13
,2017_71344,39.746187,-104.9861025,5/15/2017 13:09,13:09,3,0,0,LINCOLN STREET NORTH & 19TH AVENUE EAST,1,1,0,0,1,1,0,,30,0,0,0,0,0,4,2,8
,2017_71345,39.724119,-104.997564,5/15/2017 14:30,14:30,6,0,0,INCA STREET NORTH & FIFTH AVENUE WEST,1,1,0,0,1,4,0,,20,0,0,0,0,0,4,2,1
,2017_71346,39.738357,-104.955084,5/15/2017 17:46,17:46,3,0,0,14TH AVENUE EAST & CLAYTON STREET NORTH,1,1,0,0,1,1,0,,25,0,0,0,0,0,4,2,3
,2017_71347,39.743244,-104.9598315,5/16/2017 9:55,9:55,15,0,0,17TH AVENUE EAST 2200 BLOCK & YORK STREET,1,1,0,0,1,4,0,,,0,0,0,0,0,4,2,13
,2017_71348,39.771063,-104.8470435,5/17/2017 14:22,14:22,1,0,1,DENVER PLACE EAST & PEORIA STREET NORTH,1,1,0,0,1,1,0,,30,0,0,0,0,2,4,2,13
,2017_71349,39.687498,-104.9605425,5/17/2017 18:20,18:20,14,0,0,IOWA AVENUE & YORK STREET SOUTH,1,1,0,0,1,4,0,,,0,0,0,0,0,4,2,13
,2017_71350,39.75849,-105.039324,5/18/2017 12:15,12:15,3,0,0,29TH AVENUE WEST & PERRY STREET NORTH,2,1,0,1,1,1,0,,25,0,0,0,0,0,4,2,3
,2017_71351,39.783609,-104.772222,5/18/2017 16:02,16:02,15,0,0,GREEN VALLEY RANCH BOULEVARD EAST & TOWER ROAD NORTH,4,1,0,2,1,4,0,,,0,0,0,0,0,4,2,13
,2017_71352,39.70197,-104.987214,5/19/2017 7:00,7:00,8,0,0,LINCOLN STREET SOUTH & OHIO AVENUE EAST,2,1,0,0,1,4,0,,,0,0,0,0,0,4,3,13
,2017_71353,39.69657,-104.9407425,5/19/2017 10:04,10:04,3,0,0,MISSISSIPPI AVENUE 4000 BLOCK EAST & COLORADO BOULEVARD SOUTH,1,1,0,0,1,5,0,,30,0,0,0,0,0,4,2,13
,2017_71354,39.77171824,-104.90281,5/20/2017 12:48,12:48,12,0,0,QUEBEC STREET & 1200 BLOCK NORTH,1,1,0,0,1,4,0,,25,0,0,0,0,0,4,2,14
,2017_71355,39.735612,-104.898762,5/20/2017 13:13,13:13,12,0,0,12TH AVENUE EAST & SYRACUSE STREET NORTH,1,1,0,0,1,1,0,,25,0,0,0,0,0,4,2,13
,2017_71356,39.68946,-105.0039405,5/22/2017 6:55,6:55,12,0,0,NAVAJO STREET SOUTH & FLORIDA AVENUE WEST,1,2,0,0,1,2,0,,25,0,0,0,0,0,4,2,13
,2017_71357,39.752262,-104.991804,5/22/2017 17:00,17:00,15,0,0,20TH STREET & LAWRENCE STREET,2,2,0,1,1,4,0,,30,0,0,0,0,0,4,2,13
,2017_71358,39.773178,-104.809932,5/22/2017 21:31,21:31,12,0,0,40TH AVENUE 15400 BLOCK EAST & CHAMBERS ROAD NORTH,1,3,0,0,1,3,0,,35,0,0,0,0,0,4,2,8
,2017_71359,39.722517,-104.9951835,5/23/2017 13:25,13:25,3,0,0,FOX STREET NORTH & FOURTH AVENUE WEST,1,1,3,0,1,1,0,,25,0,0,0,0,0,4,2,6
,2017_71360,39.746187,-104.981085,5/23/2017 16:50,16:50,12,0,0,PENNSYLVANIA STREET & 19TH AVENUE EAST,1,1,0,0,1,7,0,,25,0,0,0,0,0,4,2,14
,2017_71361,39.762954,-104.981373,5/23/2017 17:00,17:00,10,0,0,WALNUT STREET & 30TH STREET,1,1,0,0,1,1,0,,30,0,0,0,0,0,4,2,8
,2017_71362,39.711141,-104.9840235,5/24/2017 10:33,10:33,10,0,0,ALAMEDA AVENUE EAST & GRANT STREET SOUTH,1,1,0,0,1,1,0,,35,0,0,0,0,1,4,2,6
,2017_71363,39.744882,-104.99427,5/24/2017 12:45,12:45,3,0,0,15TH STREET & STOUT STREET,1,1,0,0,1,1,0,,30,0,0,0,0,0,4,2,7
,2017_71364,39.711168,-104.99238,5/24/2017 16:03,16:03,12,0,0,ALAMEDA AVENUE 300 BLOCK WEST & CHEROKEE STREET SOUTH,1,1,0,0,1,4,0,,35,0,0,0,0,0,4,2,13
,2017_71365,39.779577,-104.8471335,5/25/2017 7:10,7:10,15,0,0,46TH AVENUE 12100 BLOCK EAST & PEORIA STREET NORTH,1,1,0,0,1,2,0,,25,0,0,0,0,0,4,2,13
,2017_71366,39.712932,-104.9827815,5/25/2017 18:40,18:40,12,0,0,LOGAN STREET SOUTH & CEDAR AVENUE EAST,1,1,0,0,1,4,0,,30,0,0,0,0,0,4,3,16
,2017_71367,39.737268,-104.9034645,5/26/2017 23:19,23:19,12,0,0,QUEBEC STREET NORTH & 13TH AVENUE EAST,1,3,0,0,1,3,0,,,0,0,0,0,1,4,2,13
,2017_71368,39.73284,-104.887044,5/26/2017 13:25,13:25,5,0,0,11TH AVENUE EAST & XANTHIA STREET NORTH,1,1,0,0,3,4,0,,30,0,0,0,0,1,4,1,4
,2017_71369,39.713859,-104.987565,5/26/2017 17:22,17:22,15,0,0,BROADWAY STREET SOUTH & MAPLE AVENUE WEST,1,1,0,0,1,4,0,,35,0,0,0,0,0,4,2,13
,2017_71370,39.737259,-104.892876,5/26/2017 17:23,17:23,3,0,0,13TH AVENUE EAST & UINTA STREET,1,1,0,0,1,1,0,,25,0,0,0,0,0,4,2,13
,2017_71371,39.736845,-104.9929335,5/27/2017 9:50,9:50,3,0,0,13TH AVENUE WEST & DELAWARE STREET NORTH,1,1,0,0,1,1,0,,25,0,0,0,0,0,4,2,3
,2017_71372,39.759282,-104.993892,5/28/2017 7:28,7:28,12,0,0,PARK AVENUE WEST & WEWATTA STREET,1,1,0,0,1,3,0,,30,0,0,0,0,1,4,2,13
,2017_71373,39.738456,-104.9902425,6/7/2017 20:03,20:03,6,0,0,14TH AVENUE & BANNOCK STREET NORTH,1,3,0,0,1,4,0,,30,0,0,0,0,0,4,2,13
,2017_71374,39.75633,-105.015852,5/28/2017 8:41,8:41,3,0,0,SPEER BOULEVARD & ZUNI STREET NORTH,1,1,1,0,1,1,0,,35,0,0,0,0,1,4,2,13
,2017_71375,39.716226,-104.946183,5/30/2017 12:57,12:57,12,0,0,MADISON STREET / MADISON STREET ALLEY & FIRST AVENUE EAST,1,1,1,0,1,5,0,,15,0,0,0,0,0,4,2,3
,2017_71376,39.76506,-104.8903515,5/30/2017 17:03,17:03,12,0,0,CENTRAL PARK BOULEVARD NORTH & 35TH AVENUE EAST,1,1,0,0,1,3,0,,35,0,0,0,0,0,4,2,13
,2017_71377,39.678435,-104.912892,5/31/2017 11:49,11:49,3,0,0,EVANS AVENUE EAST & MONACO STREET SOUTH,1,1,0,0,1,2,0,,35,0,0,0,0,0,4,2,13
,2017_71378,39.743424,-104.9820435,5/31/2017 17:14,17:14,12,0,0,LOGAN STREET 1700 BLOCK NORTH & 18TH AVENUE EAST,1,1,0,0,1,4,0,,35,0,0,0,0,0,4,2,14
,2017_71379,39.725622,-104.976405,5/31/2017 17:15,17:15,3,0,1,SIXTH AVENUE EAST & EMERSON STREET NORTH,1,1,0,0,1,1,0,,30,0,0,0,0,2,4,2,13
,2017_71380,39.747555,-104.9799015,6/2/2017 18:00,18:00,6,0,0,20TH AVENUE 500 BLOCK EAST & PEARL STREET NORTH,1,1,0,0,1,4,0,,,0,0,0,0,0,4,2,13
,2017_71381,39.786165,-104.97933,6/6/2017 12:12,12:12,6,0,0,PEARL STREET NORTH 4900 BLOCK & 49TH AVENUE EAST,1,1,0,0,1,4,0,,25,0,0,0,0,0,4,3,13
,2017_71382,39.760038,-104.865813,6/7/2017 5:56,5:56,3,0,0,HAVANA STREET NORTH & MLK BOULEVARD EAST,1,1,0,0,1,1,0,,30,0,0,0,0,1,4,2,7
,2017_71383,39.711348,-104.9035005,6/7/2017 13:57,13:57,1,0,0,ALAMEDA AVENUE EAST & QUEBEC STREET SOUTH,1,1,0,0,1,1,0,,35,0,0,0,0,0,4,2,1
,2017_71384,39.761964,-104.903451,6/8/2017 8:47,8:47,12,0,0,MLK BOULEVARD EAST & QUEBEC STREET NORTH,1,1,0,0,1,1,0,,30,0,0,0,0,0,4,2,16
,2017_71385,39.698388,-104.959332,6/8/2017 8:58,8:58,15,0,0,UNIVERSITY BOULEVARD SOUTH & TENNESSEE AVENUE EAST,1,1,0,0,1,3,0,,30,0,0,0,0,0,4,3,13
,2017_71386,39.75121029,-104.999951,6/8/2017 13:55,13:55,12,0,0,WAZEE STREET 1600 BLOCK & 16TH STREET,1,1,0,0,1,4,0,,30,0,0,0,0,0,4,2,13
,2017_71387,39.720915,-104.981463,11/16/2017 13:20,13:20,6,0,0,PENNSYLVANIA STREET NORTH & THIRD AVENUE EAST,1,1,0,0,1,4,0,,25,0,0,0,0,0,4,2,1
,2017_71388,39.720456,-104.9791185,6/9/2017 7:00,7:00,3,0,0,SPEER BOULEVARD EAST & WASHINGTON STREET NORTH,1,1,0,0,1,1,0,,35,0,0,0,0,0,4,2,13
,2017_71389,39.736746,-104.9483835,6/9/2017 13:05,13:05,12,0,0,13TH AVENUE 3200 BLOCK EAST & ADAMS STREET NORTH,1,1,0,0,1,4,0,,30,0,0,0,0,0,4,2,13
,2017_71390,39.747429,-104.9128245,6/9/2017 19:08,19:08,3,0,0,MONACO STREET NORTH & MONTVIEW BOULEVARD EAST,1,1,0,0,1,1,0,,30,0,0,0,0,0,4,2,13
,2017_71391,39.765744,-104.964714,6/11/2017 16:25,16:25,3,0,0,35TH AVENUE EAST & HIGH STREET NORTH,1,1,0,0,1,1,0,,25,0,0,0,0,0,4,2,13
,2017_71392,39.761964,-104.903451,6/12/2017 17:35,17:35,12,0,0,QUEBEC STREET NORTH & MLK BOULEVARD EAST,1,1,0,0,1,1,0,,30,0,0,0,0,0,4,2,13
,2017_71393,39.763827,-104.903451,6/12/2017 17:40,17:40,3,0,0,QUEBEC STREET NORTH & 33RD AVENUE EAST,1,1,0,7,1,1,0,,25,0,0,0,0,0,4,2,7
,2017_71394,39.759282,-104.993892,6/13/2017 9:16,9:16,12,0,0,PARK AVENUE WEST 1800 & WEWATTA STREET,1,1,0,0,1,1,0,,25,0,0,0,0,0,4,2,13
,2017_71395,39.747456,-104.888214,6/13/2017 17:10,17:10,12,0,0,MONTVIEW BOULEVARD EAST & WILLOW STREET NORTH,1,1,0,0,1,4,0,,,0,0,0,0,0,4,5,13
,2017_71396,39.669489,-104.9711535,6/14/2017 18:04,18:04,3,0,0,LAFAYETTE STREET SOUTH & VASSAR AVENUE EAST,1,1,0,0,1,1,0,,25,0,0,0,0,0,4,2,13
,2017_71397,39.71655,-105.032493,6/18/2017 1:55,1:55,6,0,0,KNOX COURT SOUTH & ELLSWORTH AVENUE WEST,1,3,0,0,1,4,0,,30,0,0,0,0,0,4,2,5
,2017_71398,39.66255,-105.05214,6/17/2017 2:16,2:16,6,0,2,BATES AVENUE WEST & ZURICH COURT SOUTH,1,3,0,0,1,4,0,,25,0,0,0,0,2,4,2,5
,2017_71399,39.653073,-104.92173,6/17/2017 20:40,20:40,6,0,0,IVANHOE STREET & 2349 NORTH IVANHOE STREET,1,3,0,0,1,4,0,,20,0,0,0,0,0,4,2,7
,2017_71400,39.729303,-105.0217245,6/19/2017 7:47,7:47,3,0,0,EIGHTH AVENUE WEST & DECATUR STREET NORTH,1,1,0,0,1,1,0,,35,0,0,0,0,1,4,2,1
,2017_71401,39.667707,-104.987511,6/27/2017 11:45,11:45,12,0,1,BROADWAY STREET SOUTH & YALE AVENUE EAST,1,1,0,0,1,4,0,,30,0,0,0,1,2,4,2,7
,2017_71402,39.692988,-104.973417,6/20/2017 8:01,8:01,12,0,0,DOWNING 1300 BLOCK SOUTH & LOUISIANA AVENUE EAST,1,1,0,0,1,3,0,,30,0,0,0,0,0,4,5,3
,2017_71403,39.690288,-104.911083,6/20/2017 8:10,8:10,12,0,0,CHERRY CREEK NORTH 6600 EAST BLOCK & NIAGARA STREET SOUTH,1,1,0,0,1,4,0,,30,0,0,0,0,0,4,2,16
,2017_71404,39.718332,-104.966784,6/20/2017 12:49,12:49,15,0,0,FIRST AVENUE EAST & GILPIN STREET NORTH,1,1,0,0,1,4,0,,35,0,0,0,0,0,4,2,13
,2017_71405,39.678435,-104.9127435,6/20/2017 12:55,12:55,12,0,0,MONACO STREET 2100 BLOCK SOUTH & EVANS AVENUE EAST,1,1,0,0,1,4,0,,35,0,0,0,0,1,4,2,13
,2017_71406,39.758265,-104.975262,6/21/2017 6:50,6:50,6,0,0,CALIFORNIA STREET & 30TH STREET,1,1,0,0,1,4,0,,30,0,0,0,0,0,4,3,13
,2017_71407,39.728907,-104.998644,6/21/2017 9:25,9:25,12,0,0,EIGHTH AVENUE WEST & SANTA FE DRIVE NORTH,1,1,0,0,1,3,0,,35,0,0,0,0,0,4,3,14
,2017_71408,39.757896,-104.8906935,6/21/2017 17:55,17:55,3,0,0,CENTRAL PARK BOULEVARD NORTH & 29TH AVENUE EAST,1,1,0,0,1,1,0,,35,0,0,0,0,1,4,2,3
,2017_71409,39.750363,-104.981985,6/22/2017 8:11,8:11,3,0,0,GLENARM PLACE & PARK AVENUE WEST,1,1,0,0,1,1,0,,25,0,0,0,0,0,4,2,16
,2017_71410,39.772755,-104.9593815,6/22/2017 9:48,9:48,5,0,0,YORK STREET NORTH & 40TH AVENUE EAST,1,1,0,0,2,4,0,,30,0,0,0,0,1,4,1,2
,2017_71411,39.755187,-104.9809815,6/22/2017 12:15,12:15,3,0,0,STOUT STREET & 26TH STREET,1,1,0,0,1,1,0,,,0,0,0,0,0,4,2,13
,2017_71412,39.783609,-104.7913916,6/23/2017 10:35,10:35,12,0,0,GREEN VALLEY RANCH BOULEVARD EAST & PENA BOULEVARD,1,1,0,0,1,1,0,,40,0,0,0,0,0,4,2,13
,2017_71413,39.678426,-104.9395905,6/23/2017 15:35,15:35,1,0,0,EVANS AVENUE EAST & ALBION STREET SOUTH,1,1,0,0,1,1,0,,35,0,0,0,0,0,4,2,13
,2017_71414,39.741426,-104.9988915,6/25/2017 4:43,4:43,5,0,1,STOUT STREET & SPEER BOULEVARD NORTH,1,3,0,0,2,4,0,,30,0,0,0,0,2,4,1,3
,2017_71415,39.747672,-105.002334,6/26/2017 17:20,17:20,12,0,0,MARKET STREET & SPEER BOULEVARD NORTH,1,1,1,0,1,3,0,,30,0,0,0,0,0,4,2,8
,2017_71416,39.776535,-104.987025,6/27/2017 12:21,12:21,6,0,0,LEAF COURT & 44TH AVENUE EAST,1,5,0,0,1,4,0,,25,0,0,0,0,0,4,2,13
,2017_71417,39.745782,-104.903091,6/28/2017 16:24,16:24,12,0,0,QUEBEC STREET 1900 BLOCK NORTH & 19TH AVENUE EAST,1,1,0,0,1,4,0,,5,0,0,0,0,0,4,2,13
,2017_71418,39.680316,-104.9828625,6/29/2017 14:13,14:13,3,0,0,LOGAN STREET SOUTH & ASBURY AVENUE EAST,1,1,0,0,1,1,0,,,0,0,0,0,0,4,2,13
,2017_71419,39.732282,-104.98338,6/29/2017 14:32,14:32,12,0,0,GRANT STREET 1000 BLOCK NORTH & 10TH AVENUE EAST,1,1,0,0,1,3,0,,,0,0,0,0,0,4,2,13
,2017_71420,39.74481,-104.9799015,6/29/2017 15:22,15:22,10,0,0,18TH AVENUE EAST & PEARL STREET NORTH,1,1,0,0,1,1,0,,30,0,0,0,0,0,4,2,13
,2017_71421,39.758049,-105.02055,6/29/2017 17:59,17:59,12,0,0,SPEER BOULEVARD NORTH & CLAY STREET NORTH,1,1,0,0,1,1,0,,35,0,0,0,0,0,4,2,13
,2017_71422,39.728943,-105.000183,6/30/2017 9:05,9:05,15,0,0,EIGHTH AVENUE 100 BLOCK WEST & KALAMATH STREET NORTH,1,1,0,0,1,4,0,,30,0,0,0,0,0,4,2,14
,2017_71423,39.755088,-104.988114,7/2/2017 2:02,2:02,3,0,0,LAWRENCE STREET & PARK AVENUE WEST,1,3,0,0,1,1,0,,30,0,0,0,0,0,4,2,13
,2017_71424,39.769407,-105.0440445,7/2/2017 22:47,22:47,12,0,0,38TH AVENUE WEST & TENNYSON STREET NORTH,1,3,0,0,1,4,0,,35,0,0,0,0,0,4,2,13
,2017_71425,39.725649,-104.986314,7/3/2017 15:47,15:47,15,0,0,LINCOLN STREET NORTH & SPEER BOULEVARD EAST,1,1,0,0,1,3,0,,30,0,0,0,0,0,4,2,8