id,drcog_id,latitude,longitude,crashtime,time,crashtype,numbkilled,numbinjurd,drcoglocat,rdconditin,lightngcon,roadcntgrd,weatherco,location,roaddescrp,constrzone,schoolzone,splimit,bikeinv,pedinv,sctrinv,motoinv,svrty,rdsystem,ttlvehcls,hcf
,2017_71426,39.659454,-105.061923,7/4/2017 11:15,11:15,6,0,0,COLGATE PLACE & HARLAN STREET SOUTH,1,1,0,0,1,3,0,,25,0,0,0,0,0,4,2,12
,2017_71427,39.762009,-105.008022,7/4/2017 23:23,23:23,5,0,0,32ND AVENUE 1700 BLOCK WEST & QUIVAS STREET NORTH,1,3,1,0,3,4,0,,25,0,0,0,0,1,4,1,5
,2017_71428,39.798279,-104.9015565,7/5/2017 12:55,12:55,15,0,0,56TH AVENUE 7500 BLOCK EAST & ROSLYN STREET NORTH,1,1,0,0,1,4,0,,45,0,0,0,0,0,4,2,13
,2017_71429,39.79818,-104.845023,7/6/2017 7:00,7:00,12,0,0,56TH AVENUE EAST & QUENTIN STREET NORTH,1,1,0,7,1,4,0,,40,0,0,0,0,0,4,3,16
,2017_71430,39.692925,-104.931702,7/10/2017 14:06,14:06,5,0,0,LOUISIANA AVENUE & DAHLIA STREET SOUTH,1,1,1,0,1,4,0,,25,0,0,0,0,0,4,1,13
,2017_71431,39.782385,-104.8526325,7/6/2017 13:25,13:25,3,0,0,47TH AVENUE EAST & NOME STREET NORTH,1,1,0,0,1,1,0,,30,0,0,0,0,1,4,2,13
,2017_71432,39.736476,-104.931531,7/6/2017 17:11,17:11,3,0,0,DAHLIA STREET NORTH & 13TH AVENUE EAST,1,1,0,0,1,1,0,,25,0,0,0,0,0,4,2,8
,2017_71433,39.738447,-104.986143,7/7/2017 9:37,9:37,12,0,0,14TH AVENUE 3 & LINCOLN STREET NORTH,1,1,0,0,1,3,0,,30,0,0,0,0,0,4,2,7
,2017_71434,39.705696,-104.987583,7/7/2017 13:37,13:37,15,0,0,BROADWAY STREET 600 BLOCK SOUTH & CENTER AVENUE EAST,1,1,1,0,1,2,0,,30,0,0,0,0,0,4,2,13
,2017_71435,39.711105,-104.9769135,7/7/2017 13:55,13:55,3,0,0,ALAMEDA AVENUE EAST & EMERSON STREET SOUTH,1,1,1,0,1,1,0,,30,0,0,0,0,1,4,2,3
,2017_71436,39.696678,-104.9944545,7/7/2017 18:36,18:36,12,0,0,MISSISSIPPI AVENUE 600 BLOCK WEST & FOX STREET SOUTH,1,5,0,7,1,4,0,,30,0,0,0,0,1,4,2,1
,2017_71437,39.783357,-104.8466025,7/8/2017 15:05,15:05,1,0,0,ALBROOK DRIVE & PEORIA STREET NORTH,1,1,0,0,1,2,0,,30,0,0,0,0,1,4,2,7
,2017_71438,39.752676,-104.9946705,7/9/2017 2:08,2:08,6,0,0,MARKET STREET & 19TH STREET,1,3,0,0,1,4,0,,30,0,0,0,0,0,4,2,13
,2017_71439,39.714768,-104.912892,7/9/2017 16:52,16:52,3,0,0,MONACO STREET SOUTH & BAYAUD AVENUE EAST,1,1,0,0,1,3,0,,35,0,0,0,0,0,4,2,8
,2017_71440,39.752676,-104.9946705,7/10/2017 16:21,16:21,10,0,0,19TH STREET & MARKET STREET,1,1,0,0,1,1,0,,30,0,0,0,0,0,4,2,1
,2017_71441,39.73851338,-104.9860856,7/10/2017 16:28,16:28,15,0,0,LINCOLN STREET 1400 BLOCK NORTH & 14TH AVENUE EAST,1,1,0,0,1,4,0,,35,0,0,0,0,0,4,2,14
,2017_71442,39.707352,-104.940864,8/10/2017 2:20,2:20,5,0,0,CHERRY CREEK NORTH 3900 BLOCK EAST & COLORADO BOULEVARD SOUTH,1,3,0,0,3,4,0,,35,0,0,0,0,0,4,1,2
,2017_71443,39.740085,-104.9128065,7/11/2017 9:45,9:45,15,0,0,MONACO STREET 1500 BLOCK NORTH & COLFAX AVENUE EAST,1,1,0,0,1,4,0,,30,0,0,0,0,0,4,2,16
,2017_71444,39.738285,-104.9257845,7/11/2017 18:46,18:46,3,0,0,14TH AVENUE EAST & GLENCOE STREET NORTH,1,1,0,0,1,1,0,,25,0,0,0,0,0,4,2,3
,2017_71445,39.758805,-104.86305,7/12/2017 12:09,12:09,3,0,3,HAVANA STREET NORTH & 29TH DRIVE EAST,1,1,0,0,1,1,0,,30,0,0,0,0,2,4,2,13
,2017_71446,39.747447,-104.906961,7/12/2017 17:50,17:50,12,0,0,MONTVIEW BOULEVARD 7100 EAST & OLIVE STREET NORTH,1,1,0,7,1,4,0,,30,0,0,0,0,0,4,2,3
,2017_71447,39.71655,-105.039693,7/12/2017 18:10,18:10,6,0,0,PERRY STREET SOUTH & ELLSWORTH AVENUE WEST,1,1,1,0,1,4,0,,25,0,0,0,0,0,4,2,8
,2017_71448,39.787389,-104.9782905,7/13/2017 11:51,11:51,15,0,0,50TH AVENUE & WASHINGTON STREET NORTH,1,1,1,0,1,4,0,,30,0,0,0,0,0,4,2,13
,2017_71449,39.782394,-104.848956,7/13/2017 9:37,9:37,1,0,0,47TH AVENUE EAST & PARIS STREET NORTH,1,1,0,0,1,1,0,,30,0,0,0,0,0,4,2,13
,2017_71450,39.7116,-104.9408055,7/13/2017 15:14,15:14,15,0,0,ALAMEDA AVENUE & COLORADO BOULEVARD SOUTH,7,1,1,0,1,3,0,,30,0,0,0,0,0,4,2,3
,2017_71451,39.785724,-104.883093,7/13/2017 15:41,15:41,15,0,0,NORTHFIELD BOULEVARD EAST & CENTRAL PARK BOULEVARD NORTH,1,1,0,0,1,1,0,,35,0,0,0,0,0,4,2,14
,2017_71452,39.7172835,-104.8960418,7/13/2017 15:48,15:48,10,0,0,LOWRY BOULEVARD ROUNDABOUT & RAMPART WAY NORTH,1,1,0,0,1,6,0,,30,0,0,0,0,0,4,2,13
,2017_71453,39.744837,-104.976144,7/14/2017 18:29,18:29,10,0,0,18TH AVENUE EAST & EMERSON STREET NORTH,1,1,0,0,1,1,0,,25,0,0,0,0,0,4,2,13
,2017_71454,39.745872,-104.9927805,7/15/2017 15:35,15:35,15,0,0,STOUT STREET 1600 BLOCK & 16TH STREET,1,1,0,0,1,4,0,,25,0,0,0,0,0,4,2,14
,2017_71455,39.738312,-104.919462,7/18/2017 12:01,12:01,12,0,0,JERSEY STREET NORTH & 14TH AVENUE EAST,1,1,0,0,1,1,0,,25,0,0,0,0,0,4,2,13
,2017_71456,39.750525,-104.9870205,8/15/2017 22:31,22:31,3,0,0,21ST STREET & STOUT STREET,1,3,0,0,1,1,0,,30,0,0,0,0,0,4,2,8
,2017_71457,39.762,-104.9318325,7/18/2017 19:30,19:30,12,0,0,MLK BOULEVARD EAST & DAHLIA STREET NORTH,1,1,0,0,1,1,0,,35,0,0,0,0,0,4,2,13
,2017_71458,39.711105,-104.972427,7/20/2017 8:20,8:20,12,0,0,ALAMEDA AVENUE EAST & MARION STREET SOUTH,1,1,0,0,1,4,0,,30,0,0,0,0,0,4,2,13
,2017_71459,39.753612,-104.993451,7/22/2017 2:09,2:09,12,0,0,20TH STREET & MARKET STREET,1,3,0,0,1,4,0,,25,0,0,0,0,0,4,2,5
,2017_71460,39.73520199,-104.9740757,7/23/2017 14:20,14:20,12,0,0,CORONA STREET 1200 BLOCK NORTH & 13TH AVENUE EAST,1,1,0,0,1,4,0,,25,0,0,0,0,0,4,2,13
,2017_71461,39.798315,-104.8754655,7/24/2017 6:25,6:25,12,0,1,56TH AVENUE EAST & DALLAS STREET NORTH,1,1,0,0,1,3,0,,45,0,0,0,0,2,4,2,14
,2017_71462,39.729276,-104.9128155,7/24/2017 12:20,12:20,12,0,0,MONACO STREET 800 BLOCK NORTH & EIGHTH AVENUE EAST,1,1,0,0,1,4,0,,30,0,0,0,0,0,4,2,13
,2017_71463,39.769218,-104.9293215,7/24/2017 21:35,21:35,3,0,0,38TH AVENUE EAST & ELM STREET NORTH,1,3,0,7,1,1,0,,25,0,0,0,0,1,4,2,14
,2017_71464,39.783609,-104.7913916,7/25/2017 17:42,17:42,5,0,0,GREEN VALLEY RANCH BOULEVARD 16900 BLOCK EAST & PENA BOULEVARD NORTH,2,1,0,1,3,3,0,,40,0,0,0,0,0,4,1,1
,2017_71465,39.733686,-105.00282,7/26/2017 3:10,3:10,6,0,0,MARIPOSA STREET & 11TH AVENUE WEST,1,3,0,0,1,4,0,,25,0,0,0,0,1,4,2,5
,2017_71466,39.71115,-104.9851845,7/26/2017 15:41,15:41,3,0,2,ALAMEDA AVENUE EAST & SHERMAN STREET SOUTH,1,1,0,0,1,1,0,,30,0,0,0,0,2,4,2,14
,2017_71467,39.740652,-104.9911335,7/27/2017 13:10,13:10,15,0,0,14TH STREET & COURT PLACE,1,1,0,0,1,3,0,,30,0,0,0,0,0,4,2,14
,2017_71468,39.793842,-104.8290525,7/28/2017 17:52,17:52,3,0,0,MAXWELL PLACE EAST & NORTH YOST COURT,2,1,0,1,1,1,0,,30,0,0,0,0,0,4,2,13
,2017_71469,39.724137,-104.987502,7/28/2017 18:03,18:03,3,0,0,FIFTH AVENUE EAST & BROADWAY STREET NORTH,2,1,0,1,1,1,0,,25,0,0,0,0,0,4,2,13
,2017_71470,39.75121029,-104.999951,7/29/2017 22:40,22:40,12,0,0,WAZEE STREET 1600 BLOCK & 16TH STREET,1,3,0,0,1,3,0,,,0,0,0,0,0,4,2,13
,2017_71471,39.716622,-105.022755,7/30/2017 18:20,18:20,3,0,0,DECATUR STREET SOUTH & ELLSWORTH AVENUE WEST,1,1,0,0,1,1,0,,25,0,0,0,0,0,4,2,16
,2017_71472,39.667725,-105.026985,8/1/2017 9:16,9:16,12,0,0,GROVE STREET & YALE AVENUE WEST,1,1,0,0,1,2,0,,25,0,0,0,0,1,4,2,13
,2017_71473,39.775797,-104.978754,8/1/2017 9:28,9:28,15,0,0,WASHINGTON STREET 4300 BLOCK NORTH & RINGSBY COURT,1,1,0,0,1,4,0,,25,0,0,0,0,0,4,2,14
,2017_71474,39.757653,-104.998635,8/1/2017 22:33,22:33,12,0,0,20TH STREET 2000 BLOCK & CHESTNUT STREET,1,3,1,7,1,4,0,,35,0,0,0,0,0,4,2,8
,2017_71475,39.718134,-105.0396975,8/2/2017 15:44,15:44,3,0,0,FIRST AVENUE WEST & PERRY STREET NORTH,1,1,0,0,1,1,0,,30,0,0,0,0,1,4,2,16
,2017_71476,39.759579,-105.0017805,8/2/2017 16:45,16:45,1,0,0,20TH STREET & LITTLE RAVEN STREET,1,1,1,0,1,1,0,,35,0,0,0,0,0,4,2,13
,2017_71477,39.728934,-105.0028425,8/2/2017 16:55,16:55,1,0,0,EIGHTH AVENUE WEST & MARIPOSA STREET NORTH,1,1,0,0,1,1,0,,25,0,0,0,0,1,4,2,13
,2017_71478,39.763206,-105.0189435,8/2/2017 17:00,17:00,3,0,0,BRYANT STREET NORTH & 33RD AVENUE WEST,1,1,0,0,1,1,0,,25,0,0,0,0,1,4,2,13
,2017_71479,39.75415684,-104.9892402,8/5/2017 1:59,1:59,15,0,0,LAWRENCE STREET 2200 BLOCK & 22ND STREET,1,3,0,0,1,4,0,,25,0,0,0,1,1,4,2,13
,2017_71480,39.711186,-105.014493,8/7/2017 9:00,9:00,12,0,0,YUMA STREET 200 BLOCK & ALAMEDA AVENUE WEST,2,1,1,1,1,4,0,,25,0,0,0,0,0,4,2,13
,2017_71481,39.755745,-104.989014,8/8/2017 9:45,9:45,10,0,0,PARK AVENUE WEST & LARIMER STREET,1,1,0,0,1,1,0,,30,0,0,0,0,0,4,2,8
,2017_71482,39.73419,-104.912811,8/8/2017 16:39,16:39,15,0,0,MONACO STREET NORTH & RICHTHOFEN PLACE EAST,1,1,0,0,1,1,0,,30,0,0,0,0,0,4,2,3
,2017_71483,39.740085,-104.9128065,8/9/2017 16:18,16:18,12,0,0,MONACO STREET NORTH & COLFAX AVENUE EAST,1,1,0,0,1,4,0,,30,0,0,0,0,0,4,2,16
,2017_71484,39.70215,-104.9875605,8/9/2017 16:27,16:27,15,0,0,BROADWAY STREET 700 BLOCK SOUTH & OHIO AVENUE WEST,1,1,1,0,1,4,0,,30,0,0,0,0,0,4,2,16
,2017_71485,39.678552,-104.9840415,8/10/2017 16:05,16:05,3,0,0,EVANS AVENUE EAST & GRANT STREET SOUTH,2,1,1,1,1,1,0,,25,0,0,0,0,0,4,2,13
,2017_71486,39.798234,-104.7721815,8/11/2017 21:20,21:20,1,0,0,56TH AVENUE EAST & TOWER ROAD NORTH,1,3,0,0,1,1,0,,40,0,0,0,0,1,4,2,8
,2017_71487,39.765069,-104.8905405,8/12/2017 17:42,17:42,12,0,0,35TH AVENUE EAST & CENTERAL PARK BOULEVARD,1,1,0,0,1,3,0,,30,0,0,0,0,0,4,2,13
,2017_71488,39.747438,-104.90346,8/15/2017 7:15,7:15,12,0,0,QUEBEC STREET 1900 BLOCK NORTH & MONTVIEW BOULEVARD EAST,1,1,0,0,1,4,0,,30,0,0,0,0,0,4,2,16
,2017_71489,39.693024,-104.987466,8/17/2017 19:20,19:20,12,0,0,BROADWAY STREET SOUTH & LOUISIANA AVENUE WEST,1,1,0,0,1,1,0,,35,0,0,0,0,0,4,2,13
,2017_71490,39.776769,-104.809914,8/17/2017 20:15,20:15,1,0,0,46TH AVENUE EAST & CHAMBERS ROAD NORTH,1,3,0,0,1,1,0,,40,0,0,0,0,0,4,2,14
,2017_71491,39.725595,-104.952213,8/18/2017 16:30,16:30,5,0,0,SIXTH AVENUE EAST & MILWAUKEE / STREET PAUL STREET NORTH ALLEY,1,1,0,0,2,5,0,,15,0,0,0,0,0,4,1,13
,2017_71492,39.759876,-104.890752,8/19/2017 9:09,9:09,3,0,0,CENTRAL PARK BOULEVARD NORTH & MLK BOULEVARD EAST,1,1,0,0,1,1,0,,30,0,0,0,0,0,4,2,1
,2017_71493,39.720915,-104.98626,8/20/2017 2:02,2:02,12,0,0,THIRD AVENUE EAST & LINCOLN STREET NORTH,1,3,0,0,1,4,0,,30,0,0,0,0,0,4,2,13
,2017_71494,39.844602,-104.6809395,8/21/2017 12:18,12:18,15,0,1,PENA BOULEVARD INBOUND & 8000 BLOCK,1,1,1,0,1,4,0,,35,0,0,0,0,2,4,2,8
,2017_71495,39.736863,-104.9718555,8/23/2017 12:50,12:50,15,0,0,MARION STREET NORTH & 13TH AVENUE EAST,1,1,0,0,1,4,0,,30,0,0,0,0,0,4,2,13
,2017_71496,39.72564,-104.982381,8/23/2017 14:00,14:00,3,0,0,SIXTH AVENUE EAST & LOGAN STREET SOUTH,1,1,0,7,1,1,0,,,0,0,0,0,0,4,2,1
,2017_71497,39.773097,-104.8079115,8/27/2017 18:09,18:09,3,0,0,40TH AVENUE EAST & ANDREWS DRIVE EAST,1,1,0,0,1,1,0,,35,0,0,0,0,0,4,2,13
,2017_71498,39.74481,-104.977566,8/28/2017 13:21,13:21,3,0,1,CLARKSON STREET NORTH & 18TH AVENUE EAST,1,1,0,7,1,1,0,,30,0,0,0,0,2,4,2,8
,2017_71499,39.765339,-104.97483,8/28/2017 13:27,13:27,3,0,0,34TH STREET & LAWRENCE STREET,1,1,0,7,1,1,0,,25,0,0,0,0,0,4,2,8
,2017_71500,39.761964,-104.903451,8/31/2017 9:50,9:50,15,0,0,MLK BOULEVARD & QUEBEC STREET NORTH,1,1,0,0,1,1,0,,30,0,0,0,0,0,4,2,8
,2017_71501,39.75633,-105.015852,8/31/2017 10:15,10:15,3,0,0,ZUNI STREET NORTH & SPEER BOULEVARD,1,1,1,0,1,1,0,,35,0,0,0,0,0,4,2,7
,2017_71502,39.75012,-104.9962005,8/31/2017 16:34,16:34,10,0,0,17TH STREET & LARIMER STREET,1,1,0,0,1,1,0,,30,0,0,0,0,0,4,2,8
,2017_71503,39.678435,-104.9251905,9/2/2017 16:29,16:29,12,0,0,EVANS AVENUE 5300 BLOCK EAST & GRAPE STREET SOUTH,1,1,0,0,1,3,0,,35,0,0,0,0,0,4,2,13
,2017_71504,39.728907,-104.998644,9/4/2017 15:44,15:44,3,0,0,EIGHTH AVENUE WEST & SANTA FE DRIVE NORTH,1,1,1,0,1,1,0,,30,0,0,0,0,1,4,2,13
,2017_71505,39.709305,-104.9863905,9/5/2017 14:50,14:50,15,0,0,LINCOLN STREET 400 BLOCK SOUTH & DAKOTA AVENUE EAST,1,1,0,0,1,3,0,,30,0,0,0,0,0,4,2,13
,2017_71506,39.7748035,-105.0497508,9/5/2017 22:54,22:54,6,0,0,XAVIER STREET NORTH & 336 BLOCK NORTH,1,4,0,0,1,4,0,,25,0,0,0,0,0,4,2,3
,2017_71507,39.722535,-104.987502,9/5/2017 23:05,23:05,6,0,0,FOURTH AVENUE & 2835 WEST FOURTH AVENUE,1,3,0,0,1,4,0,,25,0,0,0,0,0,4,2,13
,2017_71508,39.71304,-105.015681,9/5/2017 23:06,23:06,6,0,0,CEDAR AVENUE WEST & ZUNI STREET SOUTH,1,2,0,0,1,3,0,,25,0,0,0,0,0,4,2,13
,2017_71509,39.778839,-104.9269725,9/7/2017 11:45,11:45,12,0,0,STAPLETON DRIVE NORTH 5100 BLOCK EAST & FOREST STREET NORTH,1,1,0,0,1,4,0,,40,0,0,0,0,1,4,2,16
,2017_71510,39.778722,-104.9222925,10/3/2017 5:00,5:00,3,0,0,STAPLETON NORTH DRIVE EAST & HOLLY STREET NORTH,2,3,0,4,1,1,0,,,0,0,0,0,0,4,2,13
,2017_71511,39.785292,-104.833512,9/7/2017 16:00,16:00,3,0,0,BILLINGS STREET NORTH & ANDREWS DRIVE EAST,1,1,0,0,1,1,0,,25,0,0,0,0,1,4,2,1
,2017_71512,39.678435,-104.9251905,9/9/2017 18:12,18:12,3,0,0,EVANS AVENUE 5400 BLOCK EAST & GRAPE STREET SOUTH,1,1,0,0,1,2,0,,,0,0,0,0,1,4,2,16
,2017_71513,39.758634,-104.9977935,9/9/2017 19:00,19:00,12,0,0,INCA STREET 2900 BLOCK & 29TH AVENUE WEST,1,2,0,0,1,4,0,,25,0,0,0,0,0,4,2,13
,2017_71514,39.729114,-104.960232,9/10/2017 8:38,8:38,3,0,0,YORK STREET NORTH & EIGHTH AVENUE EAST,1,1,0,0,1,1,0,,30,0,0,0,0,0,4,2,8
,2017_71515,39.743262,-104.9835915,9/11/2017 15:40,15:40,12,0,0,GRANT STREET NORTH & 17TH AVENUE EAST,1,1,0,1,1,1,0,,5,0,0,0,0,0,4,2,6
,2017_71516,39.678435,-104.9407425,9/11/2017 16:00,16:00,1,0,0,EVANS AVENUE 3900 BLOCK EAST & COLORADO BOULEVARD SOUTH,1,1,0,0,1,2,0,,30,0,0,0,0,1,4,3,8
,2017_71517,39.744657,-104.9963625,9/11/2017 18:47,18:47,15,0,0,14TH STREET & CHAMPA STREET,1,3,0,0,1,1,0,,35,0,0,0,0,0,4,2,13
,2017_71518,39.83346903,-104.692932,9/12/2017 8:55,8:55,3,0,0,JACKSON GAP STREET NORTH 7500 BLOCK & PENA BOULEVARD I/B,1,1,0,0,1,1,0,,35,0,0,0,0,0,4,2,14
,2017_71519,39.755682,-104.953653,9/12/2017 20:50,20:50,6,0,0,FILLMORE STREET NORTH & 27TH AVENUE EAST,1,4,1,0,1,4,0,,30,0,0,0,0,0,4,3,3
,2017_71520,39.755745,-104.989014,9/14/2017 8:08,8:08,15,0,0,PARK AVENUE WEST 1200 BLOCK & LARIMER STREET,1,1,0,0,1,4,0,,25,0,0,0,0,0,4,2,14
,2017_71521,39.743226,-104.9711377,9/14/2017 16:20,16:20,12,0,0,17TH AVENUE EAST & 3800 BLOCK,1,1,0,0,1,4,0,,30,0,0,0,0,1,4,2,13
,2017_71522,39.783537,-104.977503,9/14/2017 16:33,16:33,12,0,0,WASHINGTON STREET 4800 BLOCK NORTH & 48TH AVENUE EAST,1,1,0,7,1,4,0,,35,0,0,0,0,0,4,2,16
,2017_71523,39.785247,-104.902857,9/14/2017 17:00,17:00,3,0,0,49TH AVENUE EAST & SAND CREEK ROAD NORTH,1,1,0,7,1,1,0,,35,0,0,0,0,0,4,2,14
,2017_71524,39.666348,-105.029874,9/15/2017 8:33,8:33,3,0,0,IRVING STREET SOUTH & LINVALE PLACE WEST,1,1,0,0,1,1,0,,20,0,0,0,0,1,4,2,14
,2017_71525,39.704013,-105.0298335,9/15/2017 22:35,22:35,3,0,0,EXPOSITION AVENUE WEST & IRVING STREET SOUTH,1,4,0,1,1,1,0,,30,0,0,0,0,0,4,2,3
,2017_71526,39.754476,-104.965956,9/16/2017 15:20,15:20,6,0,0,26TH AVENUE E1800 BLOCK & WILLIAMS STREET,1,1,0,0,1,4,0,,25,0,0,0,0,0,4,3,10
,2017_71527,39.732084,-104.9986845,9/16/2017 15:36,15:36,3,0,0,10TH AVENUE WEST & SANTA FE DRIVE NORTH,1,1,0,0,1,1,0,,35,0,0,0,0,0,4,2,8
,2017_71528,39.749832,-104.986152,9/17/2017 13:03,13:03,3,0,0,21ST STREET & CALIFORNIA STREET,1,1,0,0,1,1,0,,25,0,0,0,0,1,4,2,13
,2017_71529,39.838023,-104.7097305,9/17/2017 22:20,22:20,12,0,0,78TH AVENUE & CALAWBA COURT,1,3,0,0,1,3,0,,35,0,0,0,0,0,4,2,13
,2017_71530,39.762027,-104.9826015,9/18/2017 15:24,15:24,3,0,0,29TH STREET & WALNUT STREET,1,1,0,0,1,1,0,,25,0,0,0,0,0,4,2,13
,2017_71531,39.77730987,-104.8130518,9/24/2017 2:30,2:30,6,0,0,FRASER WAY NORTH 4600 BLOCK & 45TH AVENUE EAST,1,4,0,0,1,4,0,,,0,0,0,0,0,4,2,13
,2017_71532,39.743226,-104.961006,9/18/2017 17:35,17:35,3,0,0,17TH AVENUE EAST & GAYLORD STREET NORTH,1,1,0,0,1,1,0,,25,0,0,0,0,0,4,2,13
,2017_71533,39.707478,-104.903514,9/19/2017 9:05,9:05,12,0,0,QUEBEC STREET 500 BLOCK SOUTH & VIRGINIA AVENUE EAST,1,1,0,0,1,4,0,,35,0,0,0,0,0,4,2,3
,2017_71534,39.711186,-104.997132,9/20/2017 12:09,12:09,12,0,0,ALAMEDA AVENUE 1000 BLOCK WEST & SANTA FE DRIVE SOUTH,1,1,0,0,1,3,0,,35,0,0,0,0,0,4,2,3
,2017_71535,39.631356,-104.8923,9/20/2017 17:30,17:30,1,0,0,UNION AVENUE EAST & DTC BOULEVARD SOUTH,1,1,0,0,1,1,0,,35,0,0,0,0,1,4,2,13
,2017_71536,39.683853,-104.906943,9/20/2017 18:25,18:25,6,0,0,COLORADO AVENUE EAST & OLIVE STREET,1,1,0,0,1,4,0,,,0,0,0,0,0,4,2,13
,2017_71537,39.683862,-104.905944,9/20/2017 18:30,18:30,6,0,0,COLORADO AVENUE EAST & PONTIAC WAY SOUTH,1,3,0,0,1,4,0,,25,0,0,0,0,0,4,2,13
,2017_71538,39.775797,-104.978754,9/21/2017 8:32,8:32,12,0,0,WASHINGTON STREET NORTH & RINGSBY COURT,1,1,1,0,1,4,0,,35,0,0,0,0,0,4,2,14
,2017_71539,39.747438,-104.90346,9/21/2017 13:47,13:47,1,0,0,QUEBEC STREET NORTH & MONTVIEW BOULEVARD EAST,1,1,1,0,1,1,0,,30,0,0,0,0,0,4,2,7
,2017_71540,39.774519,-104.922315,9/21/2017 14:51,14:51,1,0,0,SMITH ROAD EAST & HOLLY STREET NORTH,1,1,0,0,1,1,0,,35,0,0,0,0,1,4,2,13
,2017_71541,39.7172835,-104.8960418,9/22/2017 7:55,7:55,15,0,0,LOWRY BOULEVARD EAST & RAMPART WAY NORTH,1,1,0,7,1,1,0,,30,0,0,0,0,0,4,2,16
,2017_71542,39.711555,-104.947092,9/22/2017 8:53,8:53,12,0,0,CHERRY CREEK NORTH DRIVE EAST & ALAMEDA AVENUE EAST,1,1,0,7,1,4,0,,35,0,0,0,0,0,4,2,13
,2017_71543,39.837969,-104.6928825,9/22/2017 14:15,14:15,15,0,0,78TH AVENUE 24500 BLOCK EAST & JACKSON GAP STREET,1,1,0,0,1,4,0,,45,0,0,0,0,0,4,2,13
,2017_71544,39.73203,-104.982273,9/23/2017 2:17,2:17,6,0,0,LOGAN STREET & 10TH AVENUE EAST,1,4,1,0,1,4,0,,30,0,0,0,0,0,4,4,3
,2017_71545,39.749832,-104.986152,9/23/2017 18:51,18:51,10,0,0,CALIFORNIA STREET & 21ST STREET,2,2,0,1,1,1,0,,35,0,0,0,0,0,4,2,14
,2017_71546,39.738366,-104.963472,10/8/2017 11:52,11:52,6,0,0,RACE STREET NORTH & 14TH AVENUE EAST,1,1,0,0,1,4,0,,,0,0,0,0,0,4,2,13
,2017_71547,39.714804,-105.0109515,9/25/2017 6:50,6:50,1,0,1,TEJON STREET SOUTH & BAYAUD AVENUE WEST,2,2,0,0,1,1,0,,30,0,0,0,0,2,4,3,13
,2017_71548,39.725658,-104.9908725,9/25/2017 7:30,7:30,12,0,0,SIXTH AVENUE WEST & BANNOCK STREET NORTH,1,1,0,0,1,1,0,,30,0,0,0,0,0,4,2,7
,2017_71549,39.735621,-104.9034645,9/26/2017 13:29,13:29,3,0,0,12TH AVENUE & QUEBEC STREET,1,1,0,0,1,1,0,,25,0,0,0,0,0,4,2,14
,2017_71550,39.738375,-104.964741,9/27/2017 3:10,3:10,6,0,0,14TH AVENUE 1800 BLOCK EAST & HIGH STREET NORTH,1,3,0,0,1,4,0,,25,0,0,0,0,0,4,2,14
,2017_71551,39.68577,-104.9875425,9/27/2017 12:33,12:33,3,0,0,BROADWAY STREET SOUTH & MEXICO AVENUE EAST,2,1,0,1,1,1,0,,35,0,0,0,0,0,4,2,13
,2017_71552,39.778929,-104.758137,9/27/2017 12:54,12:54,6,0,0,GENOA STREET NORTH & SCOTT PLACE EAST,1,1,0,0,1,3,0,,20,0,0,0,0,0,4,3,7
,2017_71553,39.720924,-104.982615,9/28/2017 8:30,8:30,12,0,0,LOGAN STREET NORTH & THIRD AVENUE EAST,2,1,0,1,1,3,0,,25,0,0,0,0,0,4,2,13
,2017_71554,39.749022,-104.98023,9/28/2017 8:31,8:31,12,0,0,PARK AVENUE WEST 200 BLOCK & COURT PLACE,2,1,0,0,1,4,1,,30,0,0,0,0,0,4,3,12
,2017_71555,39.738672,-104.89401,9/28/2017 8:50,8:50,1,0,0,14TH AVENUE EAST & NORTH ULSTER STREET,1,1,0,0,1,1,0,,25,0,0,0,0,0,4,2,8
,2017_71556,39.735279,-104.9945895,9/29/2017 2:51,2:51,15,0,0,SPEER BOULEVARD NORTH & 12TH AVENUE WEST,1,3,0,0,1,4,0,,30,0,0,0,0,0,4,2,5
,2017_71557,39.741966,-104.88816,9/29/2017 5:00,5:00,3,0,0,16TH AVENUE EAST & WILLOW STREET NORTH,1,3,0,0,1,1,0,,20,0,0,0,0,1,4,2,1
,2017_71558,39.798324,-104.753322,9/29/2017 7:05,7:05,3,0,0,56TH AVENUE EAST & IRELAND STREET NORTH,1,1,0,0,1,1,0,,25,0,0,0,0,1,4,2,13
,2017_71559,39.653073,-104.9130225,9/29/2017 9:50,9:50,15,0,0,MONACO STREET SOUTH & HAMPDEN AVENUE EAST,1,1,0,0,1,4,0,,35,0,0,0,0,0,4,2,13
,2017_71560,39.740022,-104.998824,9/29/2017 16:13,16:13,15,0,0,SPEER BOULEVARD 1400 BLOCK NORTHBOUND & COLFAX AVENUE WEST,1,1,0,0,1,4,0,,35,0,0,0,0,0,4,2,16
,2017_71561,39.73527,-104.9987025,10/1/2017 13:00,13:00,6,0,0,SANTA FE DRIVE NORTH NORTHBOUND 1100 BLOCK & 12TH AVENUE WEST,1,2,0,0,1,4,0,,35,0,0,0,0,0,4,2,14