id,drcog_id,latitude,longitude,crashtime,time,crashtype,numbkilled,numbinjurd,drcoglocat,rdconditin,lightngcon,roadcntgrd,weatherco,location,roaddescrp,constrzone,schoolzone,splimit,bikeinv,pedinv,sctrinv,motoinv,svrty,rdsystem,ttlvehcls,hcf
,2017_71562,39.754557,-104.9922225,9/29/2017 21:25,21:25,12,0,0,MARKET STREET 2100 & 21ST STREET,1,3,0,0,1,4,0,,25,0,0,0,0,0,4,3,5
,2017_71563,39.7759725,-104.936166,9/30/2017 12:10,12:10,6,0,0,ALBION STREET NORTH & 1200 BLOCK,1,1,0,0,1,2,0,,5,0,0,0,0,0,4,2,13
,2017_71564,39.759696,-104.995431,10/1/2017 1:08,1:08,12,0,0,30TH AVENUE & FOX STREET NORTH,1,3,0,0,1,4,0,,25,0,0,0,0,0,4,2,13
,2017_71565,39.78378,-104.9846805,10/1/2017 14:23,14:23,6,0,0,SHERMAN NORTH STREET 4700 BLOCK & 48TH AVENUE WEST,1,1,0,0,1,3,0,,25,0,0,0,0,0,4,3,3
,2017_71566,39.729078,-104.983614,10/2/2017 7:05,7:05,15,0,0,EIGHTH AVENUE 300 BLOCK EAST & GRANT STREET NORTH,1,1,1,0,1,4,0,,30,0,0,0,0,0,4,2,13
,2017_71567,39.738456,-104.995314,10/2/2017 7:34,7:34,3,0,0,FOX STREET NORTH & 14TH AVENUE WEST,1,1,0,0,1,1,0,,25,0,0,0,0,0,4,2,13
,2017_71568,39.691134,-104.9734215,10/2/2017 12:15,12:15,1,0,0,DOWNING STREET SOUTH & ARKANSAS AVENUE EAST,1,1,1,0,1,1,0,,30,0,0,0,0,0,4,2,13
,2017_71569,39.749796,-104.903433,10/2/2017 17:01,17:01,15,0,0,QUEBEC STREET NORTH & 22ND AVENUE EAST,2,1,0,1,1,2,0,,35,0,0,0,0,0,4,2,8
,2017_71570,39.765627,-104.906961,10/3/2017 12:17,12:17,3,0,0,OLIVE STREET NORTH & 35TH AVENUE EAST,1,1,0,0,1,1,0,,25,0,0,0,0,0,4,2,13
,2017_71571,39.678516,-105.0017625,10/3/2017 12:30,12:30,12,0,0,LIPAN STREET 2100 BLOCK SOUTH & EVANS AVENUE WEST,1,1,0,0,1,4,0,,25,0,0,0,0,0,4,2,10
,2017_71572,39.783609,-104.7913916,10/3/2017 15:03,15:03,12,0,0,GREEN VALLEY RANCH BOULEVARD EAST & PENA BOULEVARD,1,1,0,0,1,1,0,,35,0,0,0,0,0,4,2,13
,2017_71573,39.726594,-104.9874165,10/3/2017 19:21,19:21,12,0,0,BROADWAY STREET NORTH & SPEER BOULEVARD EAST,1,3,0,0,1,1,0,,30,0,0,0,0,0,4,2,5
,2017_71574,39.760677,-104.98086,10/3/2017 20:03,20:03,3,0,0,29TH STREET & LAWRENCE STREET,1,3,0,0,1,1,0,,30,0,0,0,0,1,4,2,8
,2017_71575,39.728079,-104.9034735,10/4/2017 12:09,12:09,5,0,2,QUEBEC STREET 700 BLOCK NORTH & SEVERN PLACE EAST,1,1,1,0,3,4,0,,30,0,0,0,0,2,4,1,14
,2017_71576,39.782394,-104.848956,10/4/2017 17:10,17:10,1,0,0,47TH AVENUE EAST & PARIS STREET NORTH,1,1,0,0,1,1,0,,40,0,0,0,0,0,4,2,14
,2017_71577,39.680316,-104.9828625,10/4/2017 17:22,17:22,3,0,0,ASBURY AVENUE EAST & LOGAN STREET SOUTH,1,1,0,7,1,1,0,,25,0,0,0,0,0,4,2,16
,2017_71578,39.736782,-104.950575,10/4/2017 17:28,17:28,3,0,0,13TH AVENUE EAST & STREET PAUL STREET NORTH,1,1,0,0,1,1,0,,30,0,0,0,0,0,4,2,8
,2017_71579,39.774114,-105.0112305,10/5/2017 11:20,11:20,12,0,0,42ND AVENUE & TEJON STREET NORTH,1,1,1,0,1,2,0,,,0,0,0,0,0,4,2,13
,2017_71580,39.787812,-104.8265415,10/5/2017 11:30,11:30,3,0,0,51ST AVENUE EAST & CHANDLER WAY NORTH,1,1,1,0,1,1,0,,30,0,0,0,0,0,4,2,12
,2017_71581,39.719394,-104.957064,10/5/2017 16:28,16:28,6,0,0,COLUMBINE STREET NORTH & SECOND AVENUE EAST,1,1,0,0,1,4,0,,25,0,0,0,0,0,4,2,13
,2017_71582,39.683511,-105.032736,10/7/2017 20:18,20:18,6,0,0,KNOX COURT / KING STREET ALLEY & 14TH AVENUE WEST,1,3,0,0,1,5,0,,,0,0,0,0,0,4,2,13
,2017_71583,39.769371,-105.050925,10/5/2017 17:45,17:45,15,0,0,38TH AVENUE 5000 BLOCK WEST & YATES STREET NORTH,1,1,1,0,1,4,0,,30,0,0,0,0,0,4,2,13
,2017_71584,39.743226,-104.9734125,10/5/2017 18:57,18:57,3,0,0,17TH AVENUE EAST & DOWNING STREET NORTH,1,3,0,0,1,1,0,,30,0,0,0,0,0,4,2,13
,2017_71585,39.722517,-104.990832,10/6/2017 16:25,16:25,3,0,0,FOURTH STREET WEST & BANNOCK STREET NORTH,1,1,0,0,1,1,0,,24,0,0,0,0,1,4,2,13
,2017_71586,39.74824337,-104.9985687,10/6/2017 22:59,22:59,12,0,0,LARIMER STREET 1500 BLOCK & 15TH STREET,1,3,0,0,1,4,0,,30,0,0,0,0,0,4,2,13
,2017_71587,39.709026,-104.875443,10/7/2017 11:00,11:00,3,0,0,ALAMEDA AVENUE EAST & DAYTON STREET SOUTH,1,1,0,0,1,1,0,,35,0,0,0,0,0,4,2,1
,2017_71588,39.736782,-104.950575,10/7/2017 11:05,11:05,6,0,0,STREET PAUL STREET NORTH & 13TH AVENUE EAST,1,1,0,0,1,4,0,,25,0,0,0,0,0,4,2,14
,2017_71589,39.719403,-104.958576,10/7/2017 15:49,15:49,3,0,0,SECOND AVENUE EAST & JOSEPHINE STREET NORTH,1,1,0,0,1,1,0,,30,0,0,0,0,1,4,2,3
,2017_71590,39.733659,-104.976423,10/7/2017 17:00,17:00,6,0,0,EMERSON STREET 1043 NORTH & 11TH AVENUE EAST,1,1,0,0,1,4,0,,,0,0,0,0,0,4,2,13
,2017_71591,39.738375,-104.961015,10/7/2017 22:45,22:45,6,0,0,14TH AVENUE 2100 BLOCK EAST & GAYLORD STREET NORTH,1,3,0,0,1,5,0,,,0,0,0,0,0,4,2,14
,2017_71592,39.77829,-104.903604,10/8/2017 11:46,11:46,15,0,0,QUEBEC STREET NORTH & I70 EASTBOUND RAMPS,1,1,0,0,1,4,0,,40,0,0,0,0,0,4,2,13
,2017_71593,39.748752,-105.003324,10/8/2017 12:57,12:57,3,0,0,SPEER BOULEVARD & WAZEE STREET,1,1,0,0,1,1,0,,30,0,0,0,0,0,4,2,7
,2017_71594,39.718188,-105.049413,10/8/2017 19:10,19:10,6,0,0,XAVIER STREET NORTH EAST ALLEY & FIRST AVENUE WEST,1,4,0,0,1,5,0,,25,0,0,0,0,0,4,2,13
,2017_71595,39.76529688,-104.8902936,10/8/2017 19:16,19:16,12,0,0,CENTRAL PARK BL 3500 BLOCK & 35TH AVENUE EAST,1,3,0,0,1,4,0,,40,0,0,0,0,0,4,2,7
,2017_71596,39.725649,-104.986314,10/8/2017 21:58,21:58,3,0,0,SIXTH AVENUE EAST & LINCOLN STREET NORTH,2,4,0,1,1,1,0,,35,0,0,0,0,0,4,2,3
,2017_71597,39.738375,-104.964741,10/9/2017 10:05,10:05,3,0,0,14TH AVENUE EAST & HIGH STREET NORTH,1,1,0,2,1,1,0,,30,0,0,0,0,0,4,2,8
,2017_71598,39.762,-104.912865,10/9/2017 10:05,10:05,3,0,0,MONACO STREET NORTH & MLK BOULEVARD EAST,2,1,0,2,1,3,0,,30,0,0,0,0,1,4,2,13
,2017_71599,39.707478,-104.903514,10/9/2017 15:04,15:04,3,0,0,VIRGINIA AVENUE EAST & QUEBEC STREET SOUTH,2,1,0,0,1,1,0,,35,0,0,0,0,0,4,2,7
,2017_71600,39.691125,-104.959332,10/9/2017 15:34,15:34,15,0,0,UNIVERSITY BOULEVARD SOUTH 1400 BLOCK & ARKANSAS AVENUE EAST,2,1,0,0,1,4,0,,30,0,0,0,0,0,4,2,13
,2017_71601,39.629457,-104.895333,10/10/2017 13:46,13:46,3,0,0,UNION AVENUE EAST & ULSTER STREET SOUTH,1,1,0,0,1,1,0,,30,0,0,0,0,0,4,2,3
,2017_71602,39.7919385,-104.9033053,10/10/2017 16:54,16:54,12,0,0,QUEBEC STREET 5300 BLOCK NORTH & 53RD PLACE EAST,1,1,0,0,1,4,0,,45,0,0,0,0,0,4,3,13
,2017_71603,39.738447,-104.986143,10/11/2017 11:57,11:57,12,0,0,14TH AVENUE EAST & LINCOLN STREET NORTH,1,1,0,0,1,3,0,,30,0,0,0,0,0,4,2,13
,2017_71604,39.772917,-105.011226,10/11/2017 12:05,12:05,6,0,0,TEJON STREET NORTH & 41ST AVENUE WEST,1,1,0,0,1,4,0,,25,0,0,0,0,1,4,2,13
,2017_71605,39.696615,-104.912973,10/11/2017 15:25,15:25,6,0,0,MISSISSIPPI AVENUE EAST & MONACO STREET SOUTH,1,1,0,0,1,4,0,,25,0,0,0,0,0,4,2,1
,2017_71606,39.700233,-104.91291,10/11/2017 18:12,18:12,15,0,0,KENTUCKY AVENUE EAST & MONACO STREET SOUTH,1,1,0,0,1,4,0,,30,0,0,0,0,0,4,2,13
,2017_71607,39.727314,-105.0002235,10/12/2017 8:12,8:12,3,0,0,KALAMATH STREET NORTH & SEVENTH AVENUE WEST,1,1,0,0,1,1,0,,35,0,0,0,0,1,4,2,13
,2017_71608,39.758247,-104.9660055,10/12/2017 8:15,8:15,3,0,0,29TH AVENUE EAST & WILLIAMS STREET NORTH,1,1,0,0,1,1,0,,25,0,0,0,0,0,4,2,13
,2017_71609,39.678489,-104.967585,10/12/2017 16:00,16:00,12,0,0,EVANS AVENUE EAST & GILPIN STREET SOUTH,1,1,0,0,1,4,0,,35,0,0,0,0,1,4,2,1
,2017_71610,39.776535,-104.998167,10/12/2017 16:20,16:20,15,0,0,INCA STREET NORTH & 44TH AVENUE WEST,1,1,1,0,1,4,0,,25,0,0,0,0,0,4,2,13
,2017_71611,39.688578,-105.015681,10/13/2017 7:30,7:30,3,0,0,GUNNISON PLACE WEST & ZUNI STREET SOUTH,1,1,1,0,1,1,0,,25,0,0,0,0,0,4,2,13
,2017_71612,39.783618,-104.774463,10/13/2017 7:45,7:45,12,0,0,GREEN VALLEY RANCH BOULEVARD 18300 BLOCK EAST & YAMPA STREET NORTH,1,1,0,0,1,4,0,,30,0,0,0,0,0,4,2,2
,2017_71613,39.702177,-105.039126,10/13/2017 7:48,7:48,3,0,0,PATTON COURT SOUTH & OHIO / KENTUCKY ALLEY,1,1,0,0,1,1,0,,25,0,0,0,0,0,4,2,13
,2017_71614,39.723903,-105.0186735,10/13/2017 17:14,17:14,3,0,0,FIFTH AVENUE WEST & BRYANT STREET NORTH,1,1,0,0,1,1,0,,30,0,0,0,0,0,4,2,3
,2017_71615,39.75762822,-104.9985991,10/14/2017 12:00,12:00,12,0,0,20TH STREET & 2100 BLOCK,1,1,0,0,1,4,0,,30,0,0,0,0,0,4,2,13
,2017_71616,39.783735,-105.0345945,10/14/2017 13:15,13:15,3,0,0,LOWELL BOULEVARD NORTH & 48TH AVENUE WEST,1,1,0,0,1,1,0,,30,0,0,0,0,0,4,2,13
,2017_71617,39.746106,-104.935473,10/14/2017 20:27,20:27,6,0,0,CLERMONT STREET NORTH & 19TH AVENUE EAST,1,3,0,0,1,4,0,,20,0,0,0,0,0,4,4,13
,2017_71618,39.78748238,-105.0345056,10/15/2017 13:15,13:15,8,0,0,LOWELL BOULEVARD 5000 BLOCK NORTH & 50TH AVENUE WEST,1,1,0,0,1,4,0,,30,0,0,0,0,0,4,2,3
,2017_71619,39.754827,-105.0177825,10/15/2017 22:08,22:08,3,0,0,26TH AVENUE WEST & ALCOTT STREET NORTH,1,3,0,0,1,1,0,,30,0,0,0,0,1,4,2,1
,2017_71620,39.738447,-104.986143,10/16/2017 14:50,14:50,3,0,0,LINCOLN STREET NORTH & 14TH AVENUE EAST,1,1,0,0,1,1,0,,30,0,0,0,0,0,4,2,13
,2017_71621,39.725649,-104.986314,10/17/2017 11:44,11:44,10,0,0,LINCOLN STREET NORTH & SIXTH AVENUE EAST,1,1,0,0,1,1,0,,30,0,0,0,0,0,4,2,13
,2017_71622,39.751857,-104.988762,10/17/2017 15:50,15:50,3,0,0,21ST STREET & CURTIS STREET,1,1,0,0,1,1,0,,25,0,0,0,0,0,4,2,12
,2017_71623,39.769416,-105.042852,10/17/2017 19:34,19:34,1,0,0,38TH AVENUE 4300 BLOCK WEST & STUART STREET NORTH,1,3,0,0,1,2,0,,35,0,0,0,0,0,4,2,13
,2017_71624,39.7368,-104.9598225,10/18/2017 8:40,8:40,6,0,0,YORK STREET 1200 NORTH & 13TH AVENUE EAST,1,1,0,0,1,4,0,,30,0,0,0,0,0,4,2,7
,2017_71625,39.74481,-104.9799015,10/18/2017 13:48,13:48,15,0,0,18TH AVENUE EAST & PEARL STREET NORTH,1,1,0,0,1,4,0,,35,0,0,0,0,0,4,2,14
,2017_71626,39.744801,-104.9861205,10/18/2017 19:19,19:19,12,0,0,LINCOLN STREET NORTH & 18TH AVENUE EAST,1,3,0,0,1,3,0,,30,0,0,0,0,0,4,2,14
,2017_71627,39.718404,-104.9985855,10/19/2017 13:00,13:00,3,0,0,SANTA FE DRIVE NORTH & FIRST AVENUE WEST,1,1,0,0,1,1,0,,30,0,0,0,0,0,4,2,8
,2017_71628,39.743757,-104.90814,10/19/2017 17:20,17:20,3,0,0,17TH AVENUE EAST & ONEIDA STREET NORTH,1,1,0,0,1,1,0,,30,0,0,0,0,1,4,2,13
,2017_71629,39.660957,-104.928426,11/12/2017 9:50,9:50,6,0,0,DARTMOUTH AVENUE EAST & FAIRFAX STREET SOUTH,1,1,0,0,1,4,0,,25,0,0,0,0,0,4,2,13
,2017_71630,39.696579,-104.959323,10/20/2017 14:04,14:04,12,0,0,UNIVERSITY BOULEVARD SOUTH & MISSISSIPPI AVENUE EAST,1,1,0,0,1,1,0,,30,0,0,0,0,0,4,2,13
,2017_71631,39.73154379,-104.9694711,10/22/2017 7:00,7:00,6,0,0,HUMBOLDT STREET NORTH & 700 BLOCK NORTH,1,1,0,0,1,4,0,,30,0,0,0,0,0,4,2,14
,2017_71632,39.711321,-104.933943,10/20/2017 19:51,19:51,12,0,0,CHERRY CREEK 3200 BLOCK EAST & ALAMEDA AVENUE EAST,1,3,0,0,1,4,0,,30,0,0,0,0,0,4,2,13
,2017_71633,39.796146,-104.8846815,10/21/2017 4:25,4:25,6,0,0,CENTRAL PARK BOULEVARD & 5433 NORTH CENTRAL PARK BOULEVARD,1,3,0,0,1,4,0,,,0,0,0,0,0,4,2,13
,2017_71634,39.774771,-105.027633,10/21/2017 14:00,14:00,10,0,0,42ND AVENUE WEST & GROVE NORTH,1,1,0,0,1,1,0,,25,0,0,0,0,0,4,2,1
,2017_71635,39.782385,-104.847093,10/21/2017 14:39,14:39,1,0,0,PEORIA STREET NORTH & 47TH AVENUE EAST,1,1,0,0,1,1,0,,35,0,0,0,0,0,4,2,7
,2017_71636,39.680253,-104.9579325,10/21/2017 21:35,21:35,3,0,0,JOSEPHINE STREET SOUTH & ASBURY AVENUE EAST,1,4,0,0,1,1,0,,35,0,0,0,0,0,4,2,13
,2017_71637,39.77187943,-104.7683703,10/22/2017 5:30,5:30,9,0,0,40TH PLACE & 19490 EAST,1,1,0,0,1,4,0,,20,0,0,0,0,0,4,3,7
,2017_71638,39.743172,-104.9895405,10/22/2017 15:50,15:50,6,0,0,TREMONT PLACE 1600 & 16TH STREET,1,1,0,0,1,4,0,,,0,0,0,0,0,4,2,13
,2017_71639,39.729231,-104.922801,10/23/2017 18:00,18:00,15,0,0,EIGHTH AVENUE EAST & HOLLY STREET NORTH,1,1,0,0,1,4,0,,30,0,0,0,0,0,4,2,1
,2017_71640,39.781287,-104.742378,10/24/2017 15:10,15:10,3,0,0,MALAYA STREET NORTH & GREEN VALLEY RANCH BOULEVARD EAST,1,1,1,0,1,1,0,,35,0,0,0,0,1,4,2,2
,2017_71641,39.689334,-104.958144,10/24/2017 18:05,18:05,3,0,1,FLORIDA AVENUE EAST & JOSEPHINE STREET SOUTH,1,2,0,0,1,1,0,,25,0,0,0,1,2,4,2,3
,2017_71642,39.756987,-105.0178005,10/25/2017 8:05,8:05,15,0,0,SPEER BOULEVARD NORTH & ALCOTT STREET NORTH,1,1,1,0,1,1,0,,35,0,0,0,0,0,4,2,13
,2017_71643,39.787938,-104.806953,10/27/2017 19:00,19:00,6,0,0,IDALIA STREET NORTH & 51ST PLACE EAST,1,3,0,0,1,1,0,,25,0,0,0,0,1,4,2,1
,2017_71644,39.706983,-104.8706415,11/4/2017 21:10,21:10,6,0,0,FULTON STREET SOUTH & VIRGINIA AVENUE EAST,1,3,0,0,1,4,0,,25,0,0,0,0,0,4,2,3
,2017_71645,39.674844,-104.965254,10/26/2017 21:28,21:28,6,0,0,ILIFF AVENUE 1900 BLOCK EAST & HIGH STREET SOUTH,2,3,0,0,1,4,0,,20,0,0,0,0,0,4,2,5
,2017_71646,39.687579,-104.979294,10/26/2017 22:38,22:38,6,0,0,WASHINGTON STREET 1600 BLOCK SOUTH & IOWA AVENUE EAST,1,3,0,0,1,4,0,,30,0,0,0,0,0,4,2,12
,2017_71647,39.75075,-104.984946,10/27/2017 9:49,9:49,3,0,0,22ND STREET & CALIFORNIA STREET,1,1,0,0,1,1,0,,25,0,0,0,0,0,4,2,1
,2017_71648,39.736854,-104.97762,10/27/2017 15:40,15:40,3,0,0,13TH AVENUE EAST & CLARKSON STREET NORTH,1,1,0,0,1,1,0,,30,0,0,0,0,0,4,2,1
,2017_71649,39.725631,-104.9874435,10/27/2017 22:00,22:00,12,0,0,SIXTH AVENUE WEST & BROADWAY STREET NORTH,1,3,0,0,1,3,0,,,0,0,0,0,0,4,2,13
,2017_71650,39.760785,-105.018183,10/28/2017 12:00,12:00,6,0,0,CAITHNESS PLACE WEST & FIFE COURT NORTH,1,1,0,0,1,4,0,,25,0,0,0,0,0,4,2,5
,2017_71651,39.689379,-104.9804415,10/28/2017 13:13,13:13,6,0,0,PEARL STREET 1400 BLOCK SOUTH & FLORIDA AVENUE EAST,1,1,0,0,1,4,0,,30,0,0,0,0,0,4,2,13
,2017_71652,39.7368,-104.9586435,10/30/2017 9:04,9:04,12,0,0,13TH AVENUE 2200 BLOCK EAST & JOSEPHINE STREET NORTH,2,2,0,1,1,4,0,,25,0,0,0,0,0,4,2,14
,2017_71653,39.778047,-104.8471245,10/31/2017 9:22,9:22,10,0,0,45TH AVENUE & PEORIA STREET NORTH,1,1,0,0,1,2,0,,25,0,0,0,0,0,4,2,13
,2017_71654,39.711105,-104.97339,10/31/2017 20:26,20:26,1,0,0,ALAMEDA AVENUE & DOWNING STREET SOUTH,1,3,0,0,1,2,0,,15,0,0,0,0,0,4,3,13
,2017_71655,39.758931,-104.976162,10/31/2017 20:40,20:40,15,0,0,30TH STREET & STOUT STREET,1,3,0,0,1,4,0,,30,0,0,0,0,0,4,2,4
,2017_71656,39.711141,-104.987592,11/1/2017 9:03,9:03,15,0,0,ALAMEDA AVENUE 000 BLOCK WEST & BROADWAY STREET SOUTH,1,1,0,0,1,4,0,,30,0,0,0,0,0,4,2,13
,2017_71657,39.738312,-104.919462,11/3/2017 23:00,23:00,6,0,0,14TH AVENUE EAST & JERSEY STREET NORTH,1,3,0,0,1,4,0,,35,0,0,0,0,0,4,2,14
,2017_71658,39.741957,-104.89518,11/4/2017 3:00,3:00,6,0,0,16TH AVENUE EAST & TAMARAC STREET NORTH,1,3,0,0,1,4,0,,,0,0,0,0,0,4,2,13
,2017_71659,39.725487,-105.039414,11/1/2017 20:46,20:46,3,0,0,SIXTH AVENUE WEST NORTH FRONTAGE  & PERRY STREET NORTH,1,2,0,0,1,1,0,,,0,0,0,0,0,4,2,13
,2017_71660,39.78166103,-104.7719674,11/2/2017 9:35,9:35,15,0,0,TOWER ROAD 4700 BLOCK NORTH & 47TH AVENUE EAST,1,1,0,0,1,3,0,,40,0,0,0,0,0,4,2,8
,2017_71661,39.678624,-105.0250365,11/2/2017 15:22,15:22,12,0,0,EVANS AVENUE WEST & FEDERAL BOULEVARD SOUTH,1,1,0,0,1,4,0,,30,0,0,0,0,1,4,2,3
,2017_71662,39.700206,-104.957055,11/2/2017 15:41,15:41,6,0,0,COLUMBINE STREET SOUTH & KENTUCKY AVENUE EAST,1,1,0,0,1,4,0,,25,0,0,0,0,0,4,2,3
,2017_71663,39.728934,-104.9906115,11/2/2017 18:52,18:52,15,0,0,EIGHTH AVENUE WEST & SPEER BOULEVARD NORTH,1,1,0,0,1,1,0,,30,0,0,0,0,0,4,2,16
,2017_71664,39.720456,-104.9791185,11/2/2017 19:00,19:00,12,0,0,SPEER BOULEVARD EAST & WASHINGTON STREET NORTH,1,3,0,0,1,1,0,,35,0,0,0,0,1,4,2,7
,2017_71665,39.748446,-105.0033735,11/3/2017 11:30,11:30,10,0,0,AURARIA PARKWAY WB & SPEER BOULEVARD,1,1,0,0,1,1,0,,35,0,0,0,0,0,4,2,14
,2017_71666,39.741624,-104.9634765,11/3/2017 11:55,11:55,3,0,0,16TH AVENUE EAST & RACE STREET NORTH,1,1,0,0,1,1,0,,30,0,0,0,0,1,4,2,13
,2017_71667,39.67842504,-104.936508,11/3/2017 15:06,15:06,12,0,0,COLORADO CENTER DRIVE EAST & BIRCH STREET SOUTH,1,1,0,0,1,1,0,,30,0,0,0,0,0,4,2,13
,2017_71668,39.733839,-104.9873895,11/3/2017 23:29,23:29,1,0,0,11TH AVENUE EAST & BROADWAY NORTH,1,3,0,0,1,1,0,,30,0,0,0,0,0,4,2,13
,2017_71669,39.756141,-104.991912,11/4/2017 13:46,13:46,3,0,1,22ND STREET & BLAKE STREET,1,1,0,0,1,1,0,,30,0,0,0,0,2,4,2,13
,2017_71670,39.737268,-104.9034645,11/4/2017 13:51,13:51,12,0,0,QUEBEC STREET NORTH & 13TH AVENUE EAST,1,1,0,0,1,1,0,,30,0,0,0,0,0,4,2,13
,2017_71671,39.724488,-104.9850315,11/4/2017 22:18,22:18,1,0,0,SPEER BOULEVARD EAST & SHERMAN STREET NORTH,1,3,0,0,1,1,0,,30,0,0,0,0,1,4,2,16
,2017_71672,39.738465,-104.999382,11/6/2017 1:25,1:25,5,0,0,SANTA FE DRIVE NORTH & 14TH AVENUE WEST,1,3,0,0,3,4,0,,35,0,0,0,0,0,4,1,2
,2017_71673,39.769407,-105.0440445,11/6/2017 3:28,3:28,5,0,0,38TH AVENUE WEST & TENNYSON STREET,1,3,0,4,3,1,0,,35,0,0,0,0,0,4,1,9
,2017_71674,39.711186,-104.997132,11/6/2017 5:32,5:32,3,0,0,ALAMEDA AVENUE WEST & SANTA FE DRIVE SOUTH,1,3,0,0,1,1,0,,30,0,0,0,0,0,4,2,13
,2017_71675,39.783762,-104.798043,11/6/2017 17:48,17:48,12,0,2,GREEN VALLEY RANCH BOULEVARD EAST & MEMPHIS STREET NORTH,1,3,1,0,1,3,0,,40,0,0,0,0,2,4,5,1
,2017_71676,39.780279,-105.0345461,11/7/2017 9:15,9:15,5,0,0,LOWELL BOULEVARD 4600 BLOCK NORTH & 46TH AVENUE WEST,9,1,0,0,3,4,0,,30,0,0,0,0,0,4,1,7
,2017_71677,39.638727,-104.904081,11/12/2017 17:11,17:11,6,0,0,EASTMOOR DRIVE EAST & QUINCY AVENUE EAST,1,3,1,0,1,4,0,,30,0,0,0,0,1,4,2,3
,2017_71678,39.709287,-104.9211135,11/8/2017 7:21,7:21,15,0,0,IVY STREET 300 BLOCK SOUTH & DAKOTA AVENUE EAST,1,1,0,0,1,4,0,,25,0,0,0,0,0,4,2,13
,2017_71679,39.713373,-105.032484,11/8/2017 7:27,7:27,3,0,0,CEDAR AVENUE WEST & KNOX COURT SOUTH,1,1,0,0,1,1,0,,25,0,0,0,0,0,4,2,13
,2017_71680,39.760731,-104.9659515,11/8/2017 8:15,8:15,5,0,0,GILPIN & WILLIAMS ALLEY & 31ST AVENUE EAST,1,1,0,0,3,5,0,,10,0,0,0,0,0,4,1,13
,2017_71681,39.776427,-104.8469535,11/8/2017 16:20,16:20,1,0,2,PEORIA STREET NORTH & 44TH AVENUE EAST,1,2,1,0,1,3,0,,40,0,0,0,0,2,4,2,13
,2017_71682,39.689334,-104.903604,11/8/2017 19:40,19:40,12,0,1,QUEBEC STREET SOUTH & FLORIDA AVENUE EAST,1,4,1,0,1,1,0,,35,0,0,0,0,2,4,2,3
,2017_71683,39.717,-104.899725,11/9/2017 10:40,10:40,15,0,0,ROSEMARY STREET NORTH & LOWRY BOULEVARD EAST,1,1,0,0,1,1,0,,15,0,0,0,0,0,4,2,13
,2017_71684,39.720888,-104.939532,11/9/2017 15:27,15:27,3,0,0,THIRD AVENUE EAST & ALBION STREET NORTH,1,1,0,0,1,1,0,,25,0,0,0,0,0,4,2,13
,2017_71685,39.722526,-105.0001965,11/9/2017 17:20,17:20,10,0,0,KALAMATH STREET NORTH & FOURTH AVENUE WEST,1,2,0,0,1,2,0,,35,0,0,0,0,0,4,2,13
,2017_71686,39.738339,-104.947272,11/9/2017 17:21,17:21,3,0,0,14TH AVENUE EAST & COOK STREET NORTH,1,1,0,0,1,1,0,,30,0,0,0,0,0,4,2,13
,2017_71687,39.763215,-105.0096105,11/9/2017 23:14,23:14,6,0,0,SHOSHONE STREET NORTH & 33RD AVENUE WEST,1,3,0,0,1,4,0,,25,0,0,0,0,0,4,2,5
,2017_71688,39.696579,-104.959323,11/10/2017 7:43,7:43,12,0,0,MISSISSIPPI AVENUE EAST & UNIVERSITY BOULEVARD SOUTH,1,1,0,7,1,3,0,,30,0,0,0,0,0,4,2,16
,2017_71689,39.75024684,-105.0010894,11/10/2017 13:00,13:00,12,0,0,WAZEE STREET 1500 BLOCK & 15TH STREET,1,1,0,0,1,4,0,,25,0,0,0,0,0,4,2,13
,2017_71690,39.762,-104.912865,11/10/2017 17:56,17:56,1,0,0,MLK BOULEVARD EAST & MONACO STREET NORTH,1,3,0,0,1,1,0,,30,0,0,0,0,1,4,2,1
,2017_71691,39.718278,-104.973777,11/10/2017 23:30,23:30,3,0,0,SPEER BOULEVARD EAST & DOWNING STREET NORTH,1,3,0,0,1,1,0,,30,0,0,0,0,0,4,2,13
,2017_71692,39.687516,-104.9593725,11/11/2017 15:49,15:49,12,0,0,UNIVERSITY BOULEVARD 1600 BLOCK SOUTH & IOWA AVENUE EAST,1,1,0,0,1,4,0,,30,0,0,0,0,0,4,2,16
,2017_71693,39.7383978,-104.9712315,11/11/2017 23:27,23:27,6,0,0,14TH AVENUE & 1400 BLOCK EAST,1,1,0,0,1,4,0,,25,0,0,0,0,0,4,2,13
,2017_71694,39.760758,-104.9733405,11/12/2017 1:11,1:11,1,0,0,31ST AVENUE EAST & DOWNING STREET NORTH,1,3,0,0,1,1,0,,30,0,0,0,0,0,4,2,7
,2017_71695,39.752118,-104.9866605,11/12/2017 1:56,1:56,3,0,0,CHAMPA STREET & 22ND STREET,1,3,0,0,1,1,0,,25,0,0,0,0,0,4,2,9
,2017_71696,39.673161,-105.034923,11/13/2017 7:50,7:50,12,0,0,LOWELL SOUTH & WEST WESLEY,1,1,0,0,1,1,0,,25,0,0,0,0,1,4,2,13
,2017_71697,39.75346997,-104.8971513,11/13/2017 9:50,9:50,8,0,0,25TH AVENUE & 5100 BLOCK WEST,1,1,1,0,1,1,0,,35,0,0,0,0,0,4,2,7