id,drcog_id,latitude,longitude,crashtime,time,crashtype,numbkilled,numbinjurd,drcoglocat,rdconditin,lightngcon,roadcntgrd,weatherco,location,roaddescrp,constrzone,schoolzone,splimit,bikeinv,pedinv,sctrinv,motoinv,svrty,rdsystem,ttlvehcls,hcf
,2017_71698,39.738438,-104.983623,11/13/2017 14:05,14:05,12,0,0,GRANT STREET NORTH & 14TH AVENUE EAST,1,1,0,0,1,4,0,,30,0,0,0,0,0,4,2,13
,2017_71699,39.73388775,-104.986104,11/14/2017 9:10,9:10,12,0,0,LINCOLN STREET 1100 BLOCK NORTH & 11TH AVENUE EAST,1,1,0,0,1,4,0,,30,0,0,0,0,0,4,2,16
,2017_71700,39.67659,-104.9539545,11/15/2017 13:00,13:00,6,0,0,WARREN AVENUE 2900 EAST & FILLMORE STREET SOUTH,1,1,1,0,1,4,0,,25,0,0,0,0,1,4,2,5
,2017_71701,39.76002,-104.8883175,11/16/2017 6:20,6:20,3,0,0,MLK BOULEVARD & WILLOW STREET NORTH,1,2,0,0,1,1,0,,25,0,0,0,0,0,4,2,13
,2017_71702,39.711348,-104.9035005,11/16/2017 7:00,7:00,12,0,0,ALAMEDA AVENUE 7300 BLOCK EAST & QUEBEC STREET SOUTH,1,1,0,0,1,4,0,,35,0,0,0,0,0,4,2,12
,2017_71703,39.725631,-104.9874435,11/16/2017 9:02,9:02,15,0,0,BROADWAY STREET NORTH & SIXTH AVENUE EAST,1,1,0,0,1,1,0,,35,0,0,0,0,0,4,2,8
,2017_71704,39.782529,-104.7444435,11/16/2017 10:06,10:06,5,0,0,48TH PLACE & LISBON STREET,1,1,0,0,3,4,0,,30,0,0,0,0,1,4,2,10
,2017_71705,39.783825,-105.0112035,11/16/2017 19:37,19:37,3,0,0,48TH AVENUE 2000 BLOCK WEST & TEJON STREET NORTH,1,3,0,0,1,2,0,,35,0,0,0,0,0,4,3,5
,2017_71706,39.711366,-104.9199525,11/16/2017 15:16,15:16,5,0,0,ALAMEDA AVENUE EAST & JERSEY STREET SOUTH,1,1,1,0,3,1,0,,35,0,0,0,0,0,4,1,13
,2017_71707,39.751434,-104.9858325,11/16/2017 19:00,19:00,3,0,0,22ND STREET & STOUT STREET,1,4,1,0,1,1,0,,30,0,0,0,0,0,4,2,13
,2017_71708,39.736845,-104.9987115,11/17/2017 8:10,8:10,14,0,0,13TH AVENUE WEST & SANTA FE DRIVE NORTH,1,1,0,0,1,1,0,,30,0,0,0,0,1,4,2,13
,2017_71709,39.72627,-105.0002055,11/17/2017 14:49,14:49,12,0,0,SIXTH AVENUE 1000 BLOCK WEST & KALAMATH STREET NORTH,1,1,0,0,1,4,0,,35,0,0,0,0,0,4,3,13
,2017_71710,39.69117,-104.9979915,11/17/2017 18:49,18:49,8,0,0,PLATTE RIVER DRIVE SOUTH & INCA STREET SOUTH,2,3,1,1,1,4,0,,35,0,0,0,0,1,4,2,8
,2017_71711,39.753612,-104.993451,11/17/2017 19:40,19:40,15,0,0,20TH STREET & MARKET STREET,2,3,0,1,1,2,0,,,0,0,0,0,0,4,2,13
,2017_71712,39.756375,-104.977692,11/18/2017 14:59,14:59,3,0,0,CALIFORNIA STREET & 28TH STREET,1,1,0,0,1,1,0,,25,0,0,0,0,0,4,2,3
,2017_71713,39.716514,-104.980302,11/19/2017 2:00,2:00,6,0,0,PEARL STREET & 1050 NORTH PEARL STREET,1,3,0,0,1,4,0,,,0,0,0,0,0,4,2,13
,2017_71714,39.743298,-104.994621,11/20/2017 16:10,16:10,6,0,0,14TH STREET 700 BLOCK & CALIFORNIA STREET,1,1,0,0,1,5,0,,25,0,0,0,0,0,4,2,7
,2017_71715,39.746196,-104.995593,11/20/2017 17:00,17:00,15,0,0,CURTIS STREET 1500 BLOCK & 16TH STREET,1,3,0,0,1,4,0,,25,0,0,0,0,0,4,3,7
,2017_71716,39.707487,-104.9804325,11/21/2017 17:55,17:55,3,0,0,VIRGINIA AVENUE EAST & PEARL STREET SOUTH,1,2,0,0,1,1,0,,25,0,0,0,0,0,4,2,13
,2017_71717,39.709296,-104.9663205,11/21/2017 18:01,18:01,3,0,0,DAKOTA AVENUE EAST & SOUTH WILLAIMS STREET,1,4,0,0,1,1,0,,25,0,0,0,0,1,4,2,16
,2017_71718,39.759489,-104.9721435,11/22/2017 14:54,14:54,6,0,0,30TH AVENUE EAST & MARION STREET NORTH,1,1,0,0,1,3,0,,,0,0,0,0,0,4,2,13
,2017_71719,39.651102,-104.8848435,11/22/2017 16:55,16:55,12,0,0,JEFFERSON AVENUE EAST & YOSEMITE STREET SOUTH,1,2,0,0,1,1,0,,30,0,0,0,0,0,4,2,14
,2017_71720,39.780162,-105.0064425,11/22/2017 16:56,16:56,1,0,0,PECOS STREET NORTH & 46TH AVENUE WEST,1,3,0,0,1,1,0,,30,0,0,0,0,1,4,2,8
,2017_71721,39.763413,-105.006123,11/22/2017 17:00,17:00,6,0,0,PECOS STREET 3300 BLOCK NORTH & 33RD AVENUE WEST,1,3,0,0,1,4,0,,30,0,0,0,0,0,4,2,9
,2017_71722,39.614508,-105.09687,11/24/2017 13:38,13:38,3,0,0,CROSS DRIVE WEST & ESTES STREET SOUTH,1,1,0,0,1,1,0,,30,0,0,0,0,0,4,2,14
,2017_71723,39.678498,-104.9699115,11/24/2017 22:50,22:50,12,0,0,EVANS AVENUE EAST & HUMBOLDT STREET SOUTH,1,4,0,0,1,5,0,,,0,0,0,0,0,4,2,13
,2017_71724,39.728664,-104.901714,11/25/2017 15:51,15:51,6,0,0,QUINCE STREET NORTH & SEVERN PLACE EAST,1,1,0,0,1,4,0,,15,0,0,0,0,0,4,2,13
,2017_71725,39.743793,-104.9734035,11/26/2017 6:21,6:21,3,0,0,DOWNING STREET 1700 BLOCK NORTH & PARK AVENUE,1,1,1,0,1,1,0,,30,0,0,0,0,0,4,2,13
,2017_71726,39.717045,-104.903793,11/27/2017 4:05,4:05,5,0,0,QUEBEC STREET 0050 BLOCK SOUTH & LOWRY BOULEVARD,1,3,0,0,3,4,0,,30,0,0,0,0,0,4,1,2
,2017_71727,39.725334,-104.912793,11/28/2017 21:46,21:46,15,0,0,SIXTH AVENUE EAST & MONACO STREET NORTH,1,3,0,0,1,4,0,,35,0,0,0,0,0,4,2,5
,2017_71728,39.773142,-104.9127615,11/29/2017 14:20,14:20,15,0,0,SMITH ROAD EAST & MONACO STREET NORTH,1,1,0,0,1,1,0,,35,0,0,0,0,0,4,2,13
,2017_71729,39.736854,-105.0066135,11/29/2017 16:30,16:30,5,0,0,PECOS STREET NORTH & 13TH AVENUE WEST,1,1,1,0,3,1,0,,30,0,0,0,0,0,4,1,13
,2017_71730,39.776715,-105.034644,11/29/2017 16:30,16:30,12,0,0,44TH AVENUE WEST & LOWELL BOULEVARD NORTH,1,2,0,0,1,1,0,,30,0,0,0,0,0,4,2,7
,2017_71731,39.678435,-104.9127435,12/1/2017 9:10,9:10,15,0,0,MONACO STREET SOUTH & EVANS AVENUE EAST,1,1,0,0,1,3,0,,,0,0,0,0,0,4,2,13
,2017_71732,39.676653,-104.999454,12/1/2017 17:10,17:10,3,0,0,JASON STREET 2200 SOUTH & WARRREN AVENUE WEST,1,3,0,0,1,1,0,,,0,0,0,0,0,4,2,13
,2017_71733,39.664998,-105.029883,12/21/2017 10:36,10:36,5,0,0,IRVING STREET SOUTH & AMHERST AVENUE WEST,5,1,1,2,3,4,0,,25,0,0,0,0,0,4,1,13
,2017_71734,39.7546748,-104.8948031,12/2/2017 11:15,11:15,15,0,0,26TH AVENUE & 800 BLOCK EAST,1,1,0,0,1,4,0,,30,0,0,0,0,0,4,2,13
,2017_71735,39.724515,-105.0312735,12/2/2017 16:10,16:10,6,0,0,FIFTH AVENUE WEST & JULIAN STREET NORTH,1,1,0,0,1,6,0,,15,0,0,0,0,1,4,2,7
,2017_71736,39.747438,-104.90346,12/3/2017 11:50,11:50,12,0,0,QUEBEC STREET NORTH & MONTVIEW BOULEVARD,1,1,0,0,1,4,0,,35,0,0,0,0,0,4,2,15
,2017_71737,39.753306,-104.9834205,12/4/2017 13:36,13:36,3,0,0,STOUT STREET & 24TH STREET,1,1,0,0,1,1,0,,25,0,0,0,0,0,4,2,13
,2017_71738,39.7198189,-104.9344584,12/4/2017 17:09,17:09,6,0,0,CHERRY STREET NORTH & 850 BLOCK NORTH,1,1,0,0,1,4,0,,,0,0,0,0,0,4,2,13
,2017_71739,39.832011,-104.71554,12/4/2017 21:20,21:20,15,0,0,75TH AVENUE EAST & GUN CLUB ROAD NORTH,1,3,0,0,1,1,0,,35,0,0,0,0,0,4,2,13
,2017_71740,39.738339,-104.946165,12/5/2017 0:46,0:46,6,0,0,MADISON STREET NORTH & 14TH AVENUE EAST,1,3,0,0,1,1,0,,15,0,0,0,0,0,4,3,5
,2017_71741,39.687408,-104.9848335,12/5/2017 12:15,12:15,6,0,0,SHERMAN STREET 1600 BLOCK NORTH & 16TH AVENUE EAST,1,1,0,0,1,4,0,,25,0,0,0,0,0,4,2,14
,2017_71742,39.752667,-104.98743,12/5/2017 12:49,12:49,15,0,0,22ND STREET & BROADWAY NORTH,1,1,0,0,1,1,0,,30,0,0,0,0,0,4,2,8
,2017_71743,39.757608,-104.9865705,12/5/2017 17:00,17:00,12,0,0,LARIMER STREET & 25TH STREET,1,3,0,0,1,4,0,,30,0,0,0,0,0,4,2,12
,2017_71744,39.749571,-104.9882535,12/6/2017 7:55,7:55,3,0,0,20TH STREET & STOUT STREET,1,1,0,0,1,1,0,,30,0,0,0,0,0,4,2,13
,2017_71745,39.727305,-104.9986125,12/6/2017 8:10,8:10,3,0,0,SANTA FE DRIVE NORTH & SEVENTH AVENUE WEST,1,1,0,0,1,1,0,,30,0,0,0,0,0,4,2,3
,2017_71746,39.802923,-104.8829625,12/6/2017 14:21,14:21,3,0,0,ALTON STREET NORTH & 58TH DRIVE EAST,1,1,1,0,1,1,0,,25,0,0,0,0,0,4,2,13
,2017_71747,39.670092,-105.041754,12/7/2017 20:00,20:00,6,0,0,RALEIGH STREET SOUTH & VASSAR AVENUE WEST,2,3,0,2,1,4,0,,25,0,0,0,0,0,4,2,13
,2017_71748,39.638547,-105.041511,12/7/2017 21:10,21:10,5,0,0,QUINCY AVENUE WEST & QUITMAN STREET SOUTH,5,3,0,0,3,4,0,,35,0,0,0,0,0,4,1,13
,2017_71749,39.711222,-104.903505,12/8/2017 7:15,7:15,15,0,0,QUEBEC STREET SOUTH & ALAMEDA AVENUE EAST,1,1,0,0,1,1,0,,35,0,0,0,0,0,4,2,1
,2017_71750,39.717045,-104.903793,12/8/2017 7:25,7:25,3,0,0,LOWRY BOULEVARD EAST & QUEBEC STREET NORTH,1,1,0,0,1,1,0,,30,0,0,0,0,0,4,2,1
,2017_71751,39.678444,-104.9209965,12/8/2017 11:02,11:02,12,0,0,EVANS AVENUE EAST & IVANHOE STREET SOUTH,1,1,0,0,1,1,0,,35,0,0,0,0,0,4,2,1
,2017_71752,39.735603,-104.884695,12/8/2017 18:15,18:15,10,0,0,12TH AVENUE EAST & YOSEMITE STREET NORTH,1,2,0,0,1,1,0,,25,0,0,0,0,0,4,2,7
,2017_71753,39.730419,-104.986143,12/8/2017 22:59,22:59,6,0,0,NINTH AVENUE EAST & LINCOLN STREET NORTH,1,3,0,0,1,4,0,,30,0,0,0,0,0,4,2,5
,2017_71754,39.754305,-104.9942745,12/9/2017 8:31,8:31,15,0,0,BLAKE STREET & 20TH STREET,1,1,0,0,1,1,0,,30,0,0,0,0,0,4,2,8
,2017_71755,39.744468,-105.0000435,12/9/2017 16:05,16:05,10,0,0,SPEER BOULEVARD & ARAPAHOE STREET,1,1,0,0,1,1,0,,35,0,0,0,0,1,4,2,13
,2017_71756,39.711204,-104.9222835,12/9/2017 17:45,17:45,1,0,0,ALAMEDA AVENUE EAST & HOLLY STREET SOUTH,1,3,0,0,1,1,0,,35,0,0,0,0,0,4,2,13
,2017_71757,39.784878,-104.815197,12/10/2017 8:47,8:47,3,0,0,GATEWAY AVENUE & ENID WAY,1,1,0,0,1,1,0,,30,0,0,0,0,0,4,2,13
,2017_71758,39.678498,-104.9664015,12/11/2017 12:40,12:40,6,0,0,WILLIAMS STREET SOUTH & EVANS AVENUE EAST,1,1,0,0,1,4,0,,25,0,0,0,0,0,4,2,13
,2017_71759,39.74292,-104.991642,12/11/2017 18:00,18:00,15,0,0,15TH STREET & GLENARM PLACE,1,1,0,0,1,4,0,,30,0,0,0,0,0,4,2,13
,2017_71760,39.678444,-104.931612,12/12/2017 12:06,12:06,12,0,0,DAHLIA STREET SOUTH & EVANS AVENUE EAST,1,1,0,0,1,3,0,,30,0,0,0,0,0,4,2,16
,2017_71761,39.691296,-105.02973,12/13/2017 15:23,15:23,12,0,1,IRVING STREET SOUTH & ARKANSAS AVENUE WEST,1,1,0,0,1,4,0,,25,0,0,0,0,2,4,2,13
,2017_71762,39.754818,-105.020514,12/14/2017 7:17,7:17,3,0,0,26TH AVENUE WEST & CLAY STREET NORTH,1,3,0,0,1,1,0,,25,0,0,0,0,0,4,2,14
,2017_71763,39.736476,-104.931531,12/14/2017 12:35,12:35,3,0,1,DAHLIA STREET NORTH & 13TH AVENUE EAST,1,1,0,0,1,1,0,,25,0,0,0,0,2,4,2,13
,2017_71764,39.743262,-104.9835915,12/14/2017 19:47,19:47,3,0,0,GRANT STREET NORTH & 17TH AVENUE EAST,1,3,0,0,1,1,0,,,0,0,0,0,0,4,2,13
,2017_71765,39.679839,-105.0412725,12/15/2017 5:44,5:44,6,0,1,QUITMAN STREET 2000 BLOCK SOUTH & EVANS AVENUE WEST,1,3,0,0,2,4,0,,25,0,0,0,0,2,4,3,2
,2017_71766,39.765726,-104.9948415,12/15/2017 9:43,9:43,12,0,0,PARK AVENUE WEST & GLOBEVILLE ROAD,1,1,0,0,1,3,0,,35,0,0,0,0,0,4,2,14
,2017_71767,39.764349,-104.986584,12/15/2017 18:15,18:15,1,0,0,29TH STREET & BRIGHTON BOULEVARD,1,3,0,0,1,1,0,,35,0,0,0,0,0,4,2,13
,2017_71768,39.689523,-105.0156945,12/15/2017 18:30,18:30,12,0,0,FLORIDA AVENUE WEST & ZUNI STREET SOUTH,1,3,1,0,1,4,0,,35,0,0,0,0,0,4,2,14
,2017_71769,39.793419,-104.8264425,12/16/2017 11:45,11:45,6,0,0,ATCHINSON STREET NORTH & 5554 ATCHINSON STREET NORTH,1,1,0,0,1,4,0,,20,0,0,0,0,0,4,2,13
,2017_71770,39.77171824,-104.90281,12/16/2017 17:05,17:05,12,0,0,QUEBEC STREET NORTH & 4100 BLOCK NORTH,1,3,1,0,1,4,0,,30,0,0,0,0,0,4,4,1
,2017_71771,39.638619,-104.9040945,12/18/2017 7:00,7:00,1,0,0,QUINCY AVENUE EAST & QUEBEC STREET SOUTH,1,1,0,0,1,1,0,,30,0,0,0,0,0,4,2,1
,2017_71772,39.725676,-104.994063,12/18/2017 9:19,9:19,12,0,0,SIXTH AVENUE 500 BLOCK WEST & ELATI STREET NORTH,1,1,0,0,1,4,0,,30,0,0,0,0,0,4,2,13
,2017_71773,39.735072,-104.9586525,12/18/2017 17:42,17:42,6,0,0,JOSEPHINE STREET NORTH & 12TH AVENUE EAST,1,3,0,0,1,4,0,,,0,0,0,0,0,4,2,13
,2017_71774,39.7199385,-104.8909343,12/19/2017 8:11,8:11,12,0,0,LOWRY BOULEVARD 8500 BLOCK EAST & UINTA WAY NORTH,1,1,0,7,1,4,0,,30,0,0,0,0,0,4,2,1
,2017_71775,39.679047,-105.0298605,12/19/2017 13:35,13:35,6,0,0,IRVING STREET SOUTH & JULIAN CIRCLE SOUTH,1,1,0,0,1,4,0,,25,0,0,0,0,0,4,2,14
,2017_71776,39.7188135,-104.875677,12/21/2017 9:34,9:34,5,0,0,FIRST AVENUE EAST & SOUTH DAYOTN STREET,5,1,0,2,2,7,0,,30,0,0,0,0,0,4,1,13
,2017_71777,39.735252,-104.988825,12/21/2017 12:26,12:26,12,0,0,ACOMA STREET NORTH & 12TH AVENUE WEST,5,1,0,2,1,3,0,,25,0,0,0,0,0,4,2,14
,2017_71778,39.762108,-105.0300315,12/21/2017 20:13,20:13,12,0,0,IRVING STREET NORTH & 32ND AVENUE WEST,1,3,0,0,1,3,0,,25,0,0,0,0,0,4,2,13
,2017_71779,39.750912,-104.9899545,12/21/2017 20:20,20:20,3,0,0,20TH STREET & CURTIS STREET,11,3,0,2,1,1,0,,30,0,0,0,0,0,4,2,7
,2017_71780,39.76506,-104.8903515,12/22/2017 15:04,15:04,12,0,0,CENTRAL PARK BOULEVARD NORTH & 35TH AVENUE EAST,1,1,0,0,1,3,0,,35,0,0,0,0,0,4,2,13
,2017_71781,39.716568,-105.027552,8/14/2017 7:18,7:18,6,0,0,HAZEL COURT 100 BLOCK SOUTH & ELLSWORTH,1,1,0,0,1,4,0,,,0,0,0,0,0,4,4,13
,2017_71782,39.743226,-104.9711377,12/24/2017 3:10,3:10,6,0,0,17TH AVENUE EAST & 3800 BLOCK EAST,4,3,0,2,1,4,0,,30,0,0,0,0,0,4,3,13
,2017_71783,39.70134,-105.027534,12/25/2017 9:00,9:00,3,0,0,HAZEL COURT SOUTH & ADA PLACE WEST,4,1,0,2,1,1,0,,,0,0,0,0,0,4,2,13
,2017_71784,39.678525,-104.9769225,12/27/2017 6:04,6:04,10,0,1,EMERSON STREET SOUTH & EVANS AVENUE EAST,1,1,0,0,1,1,0,,25,0,0,0,0,2,4,2,1
,2017_71785,39.83661322,-104.6679149,12/27/2017 15:22,15:22,9,0,0,PENA BOULEVARD INBOUND 8000 BLOCK & HARRY B COMBS PARKWAY,1,1,1,0,1,4,0,,35,0,0,0,0,0,4,1,12
,2017_71786,39.730428,-104.9811615,12/30/2017 9:12,9:12,6,0,0,PENNSYLVANIA STREET NORTH & NINTH AVENUE EAST,2,1,0,0,1,4,0,,25,0,0,0,0,0,4,3,13
,2017_71787,39.753603,-105.022053,12/30/2017 18:35,18:35,6,0,0,25TH AVENUE WEST & DECATUR STREET NORTH,1,3,0,0,1,4,0,,25,0,0,0,0,0,4,2,5
,2017_71788,39.773142,-105.03459,12/30/2017 23:15,23:15,5,0,0,41ST AVENUE WEST & LOWELL BOULEVARD NORTH,1,4,0,0,3,1,0,,25,0,0,0,0,1,4,1,5
,2017_71789,39.711204,-104.9222835,12/31/2017 20:03,20:03,3,0,0,HOLLY STREET SOUTH & ALAMEDA AVENUE EAST,1,3,0,0,1,1,0,,35,0,0,0,0,0,4,2,13
,2017_71790,39.718332,-104.987502,8/12/2017 19:20,19:20,6,0,0,FIRST AVENUE WEST & 4935 WEST FIRST AVENUE,1,1,0,0,3,4,0,,25,0,0,0,0,0,4,3,3
,2017_71791,39.718359,-104.990832,1/23/2017 21:15,21:15,3,0,0,FIRST AVENUE WEST & BANNOCK STREET NORTH,1,3,0,0,1,1,0,,25,0,0,0,0,0,4,2,13
,2017_71792,39.72024,-105.018651,1/9/2017 0:38,0:38,3,0,0,SECOND AVENUE WEST & BRYANT STREET NORTH,2,3,0,0,1,1,0,,25,0,0,0,0,0,4,2,13
,2017_71793,39.719394,-104.955858,1/14/2017 8:31,8:31,3,0,0,SECOND AVENUE EAST & CLAYTON LANE NORTH,1,1,0,7,1,1,0,,25,0,0,0,0,0,4,2,12
,2017_71794,39.719403,-104.9498415,6/27/2017 15:05,15:05,15,0,0,SECOND AVENUE EAST & STEELE STREET NORTH,1,1,0,0,1,4,0,,30,0,0,0,0,0,4,2,13
,2017_71795,39.724092,-104.9963535,3/1/2017 7:45,7:45,6,0,0,FIFTH AVENUE 700 BLOCK WEST & GALAPAGO STREET NORTH,1,1,0,0,1,3,0,,25,0,0,0,0,0,4,2,7
,2017_71796,39.72411,-105.000192,1/11/2017 10:49,10:49,12,0,0,FIFTH AVENUE WEST & KALAMATH STREET NORTH,1,1,0,7,1,4,0,,25,0,0,0,0,0,4,2,1
,2017_71797,39.727305,-104.971761,1/29/2017 16:50,16:50,12,0,0,SEVENTH AVENUE EAST & MARION STREET NORTH,1,2,0,0,1,1,0,,,0,0,0,0,0,4,2,13
,2017_71798,39.728223,-105.0373035,8/3/2017 18:30,18:30,6,0,0,SEVENTH AVENUE WEST & NEWTON STREET NORTH,1,1,0,0,1,4,0,,25,0,0,0,0,0,4,2,3
,2017_71799,39.727269,-104.98113,1/11/2017 8:30,8:30,6,0,0,SEVENTH AVENUE EAST & PENNSYLVANIA STREET NORTH,1,2,0,0,1,4,0,,30,0,0,0,0,0,4,2,13
,2017_71801,39.729087,-104.987412,10/6/2017 13:40,13:40,15,0,0,EIGHTH AVENUE EAST & BROADWAY STREET NORTH,1,1,1,0,1,3,0,,30,0,0,0,0,0,4,2,1
,2017_71802,39.729321,-105.019803,4/7/2017 12:57,12:57,3,0,0,EIGHTH AVENUE WEST & CANOSA STREET,1,1,0,0,1,1,0,,35,0,0,0,0,0,4,2,14
,2017_71803,39.728925,-104.995224,1/22/2017 14:40,14:40,3,0,0,EIGHTH AVENUE WEST & FOX STREET NORTH,1,1,0,7,1,1,0,,35,0,0,0,0,0,4,2,7
,2017_71804,39.728925,-104.995224,4/7/2017 16:36,16:36,3,0,0,EIGHTH AVENUE WEST & FOX STREET NORTH,1,1,1,0,1,1,0,,,0,0,0,0,0,4,2,13
,2017_71805,39.729078,-104.9848605,8/3/2017 8:39,8:39,10,0,0,EIGHTH AVENUE EAST & SHERMAN STREET NORTH,1,1,0,0,1,1,0,,30,0,0,0,0,0,4,2,13
,2017_71806,39.731031,-104.9339835,1/15/2017 19:58,19:58,6,0,0,NINTH AVENUE 4500 BLOCK EAST & CHERRY STREET NORTH,1,3,0,0,1,4,0,,25,0,0,0,0,0,4,2,13
,2017_71807,39.73301827,-105.0511169,4/4/2017 8:46,8:46,15,0,0,10TH AVENUE WEST & 5000 BLOCK WEST 10TH AVENUE,6,1,0,2,1,4,0,,30,0,0,0,0,0,4,2,1
,2017_71808,39.73203,-104.982273,7/20/2017 20:00,20:00,6,0,0,10TH AVENUE EAST & LOGAN STREET NORTH,1,2,0,0,1,4,0,,,0,0,0,0,0,4,2,13
,2017_71809,39.758247,-104.872618,1/9/2017 12:25,12:25,5,0,0,29TH AVENUE & 3600 BLOCK WEST,1,1,1,0,3,4,0,,30,0,0,0,0,1,4,1,1
,2017_71810,39.73383,-104.9902515,3/8/2017 15:30,15:30,12,0,0,11TH AVENUE 400 BLOCK WEST & BANNOCK STREET NORTH,1,1,0,0,1,4,0,,30,0,0,0,0,0,4,2,8
,2017_71811,39.732858,-104.9372955,1/19/2017 15:26,15:26,6,0,0,11TH AVENUE EAST & BELLAIRE STREET NORTH,1,1,0,0,1,4,0,,25,0,0,0,0,0,4,2,13
,2017_71812,39.733704,-104.9798835,1/10/2017 17:00,17:00,3,0,0,11TH AVENUE EAST & PEARL STREET NORTH,1,3,0,7,1,5,0,,35,0,0,0,0,1,4,2,16
,2017_71813,39.732822,-104.8847355,1/17/2017 20:08,20:08,5,0,0,11TH AVENUE EAST & YOSEMITE STREET NORTH,1,3,0,0,3,1,0,,60,0,0,0,0,0,4,1,13
,2017_71814,39.735144,-104.9562945,8/20/2017 12:00,12:00,12,0,0,12TH AVENUE EAST  & ELIZABETH STREET NORTH,1,1,1,0,1,5,0,,25,0,0,0,0,0,4,2,13
,2017_71816,39.735162,-104.971824,3/29/2017 16:10,16:10,6,0,0,12TH AVENUE 1200 BLOCK EAST & MARION STREET NORTH,1,1,0,0,1,4,0,,25,0,0,0,0,0,4,2,13
,2017_71817,39.735252,-104.9848605,6/12/2017 6:08,6:08,3,0,0,12TH AVENUE 200 BLOCK EAST & SHERMAN STREET NORTH,1,1,0,0,1,5,0,,15,0,0,0,0,0,4,2,13
,2017_71818,39.736827,-104.99166,9/24/2017 15:12,15:12,10,0,0,13TH AVENUE 200 BLOCK WEST & CHEROKEE STREET,1,1,0,0,1,4,0,,30,0,0,0,0,0,4,2,7
,2017_71819,39.736476,-104.933844,6/12/2017 16:38,16:38,10,0,0,13TH AVENUE EAST & CHERRY STREET NORTH,1,1,0,0,1,1,0,,30,0,0,0,0,0,4,2,13
,2017_71820,39.737268,-104.9034645,5/30/2017 12:15,12:15,15,0,0,13TH AVENUE NORTH & QUEBEC STREET NORTH,1,1,0,0,1,1,0,,30,0,0,0,0,0,4,2,8
,2017_71821,39.73842,-104.987394,6/12/2017 16:45,16:45,6,0,0,14TH AVENUE & 14TH AVENUE 3400 EAST,1,1,0,1,3,4,0,,25,0,0,0,0,0,4,2,14
,2017_71822,39.738447,-104.9916645,9/7/2017 14:59,14:59,10,0,0,14TH AVENUE WEST & CHEROKEE STREET NORTH,1,1,0,0,1,1,0,,30,0,0,0,0,0,4,2,13
,2017_71823,39.738357,-104.9529735,3/31/2017 16:05,16:05,15,0,0,14TH AVENUE EAST & FILLMORE STREET NORTH,2,1,0,0,1,4,0,,,0,0,0,0,0,4,2,14
,2017_71824,39.738267,-104.924601,8/15/2017 13:15,13:15,5,0,0,14TH AVENUE EAST & GRAPE STREET NORTH,1,1,0,0,3,1,0,,30,0,0,0,0,0,4,1,13
,2017_71825,39.73842,-104.9752845,7/31/2017 9:40,9:40,3,0,0,14TH AVENUE EAST & OGDEN STREET NORTH,1,1,0,0,1,1,0,,30,0,0,0,0,0,4,2,13
,2017_71826,39.73842,-104.9787315,4/10/2017 19:50,19:50,12,0,0,14TH AVENUE 600 BLOCK EAST & WASHINGTON STREET NORTH,1,1,0,0,1,4,0,,30,0,0,0,0,0,4,2,13
,2017_71827,39.738699,-104.888178,8/13/2017 2:06,2:06,6,0,0,14TH AVENUE EAST & WILLOW STREET NORTH,1,3,0,0,1,4,0,,35,0,0,0,0,0,4,2,13
,2017_71828,39.741678,-104.982354,8/13/2017 12:16,12:16,10,0,0,16TH AVENUE EAST & LOGAN STREET NORTH,1,1,0,0,1,1,0,,30,0,0,0,0,0,4,2,8
,2017_71829,39.74166,-104.981094,9/1/2017 22:06,22:06,3,0,0,16TH AVENUE EAST & PENNSYLVANIA STREET NORTH,1,3,0,0,1,1,0,,25,0,0,0,0,0,4,2,13
,2017_71830,39.743757,-104.944194,1/16/2017 8:44,8:44,15,0,0,17TH AVENUE EAST & GARFIELD STREET NORTH,4,1,0,0,1,4,0,,30,0,0,0,0,0,4,2,13
,2017_71831,39.743226,-104.9721525,1/17/2017 18:00,18:00,15,0,0,17TH AVENUE EAST & MARION STREET NORTH,1,3,0,7,1,4,0,,25,0,0,0,0,0,4,2,16
,2017_71832,39.743235,-104.965992,3/25/2017 9:15,9:15,3,0,0,17TH AVENUE EAST & WILLIAMS STREET NORTH,1,1,0,0,1,1,0,,35,0,0,0,0,0,4,2,7
,2017_71833,39.746952,-104.973354,1/27/2017 16:15,16:15,3,0,0,20TH AVENUE EAST & DOWNING STREET NORTH,1,1,1,0,1,1,0,,25,0,0,0,0,0,4,2,13
,2017_71834,39.749679,-104.8818578,7/29/2017 13:25,13:25,6,0,0,22ND AVENUE & 1100 BLOCK EAST,1,1,0,0,1,4,0,,30,0,0,0,0,0,4,2,13
,2017_71835,39.749454,-104.959791,8/19/2017 15:00,15:00,3,0,0,22ND AVENUE EAST & YORK STREET NORTH,1,1,0,0,1,1,0,,30,0,0,0,0,0,4,2,13
,2017_71836,39.751182,-105.0345945,3/28/2017 16:29,16:29,3,0,0,23RD AVENUE WEST & LOWELL BOULEVARD NORTH,1,1,0,0,1,1,0,,25,0,0,0,0,1,4,2,3