id,drcog_id,latitude,longitude,crashtime,time,crashtype,numbkilled,numbinjurd,drcoglocat,rdconditin,lightngcon,roadcntgrd,weatherco,location,roaddescrp,constrzone,schoolzone,splimit,bikeinv,pedinv,sctrinv,motoinv,svrty,rdsystem,ttlvehcls,hcf
,2017_71837,39.751002,-104.906952,4/26/2017 22:35,22:35,6,0,0,23RD AVENUE EAST & OLIVE STREET NORTH,1,4,0,0,1,4,0,,30,0,0,0,0,0,4,2,7
,2017_71838,39.751002,-104.903442,6/11/2017 15:06,15:06,1,0,0,23RD AVENUE & QUEBEC STREET NORTH,1,1,0,0,1,1,0,,35,0,0,0,0,0,4,2,13
,2017_71839,39.757266,-105.029919,10/4/2017 10:27,10:27,3,0,0,28TH AVENUE 3300 BLOCK WEST & IRVING STREET NORTH,1,1,0,0,1,2,0,,35,0,0,0,0,0,4,2,13
,2017_71840,39.755952,-104.899005,3/23/2017 9:15,9:15,6,0,0,28TH AVENUE EAST & SYRACUSE STREET NORTH,1,1,0,0,1,1,0,,30,0,0,0,0,0,4,2,14
,2017_71841,39.758058,-104.9010525,8/26/2017 13:35,13:35,6,0,0,29TH AVENUE EAST & 29TH AVENUE 1400 BLOCK EAST,1,1,0,0,1,4,0,,30,0,0,0,0,0,4,2,13
,2017_71842,39.758247,-104.872618,1/17/2017 15:59,15:59,13,0,0,29TH AVENUE & 3000 BLOCK WEST,1,1,1,0,1,4,0,,30,0,0,0,0,1,4,2,13
,2017_71843,39.758058,-104.9010525,8/12/2017 16:45,16:45,5,0,0,29TH AVENUE WEST & 29TH AVENUE 5005 WEST,1,1,0,0,2,5,0,,25,0,0,0,0,0,4,1,13
,2017_71844,39.758247,-104.9683815,8/21/2017 19:20,19:20,6,0,0,29TH AVENUE EAST & FRANKLIN STREET NORTH,1,1,0,0,1,4,0,,25,0,0,0,0,0,4,2,9
,2017_71845,39.75849,-105.038154,7/18/2017 8:35,8:35,3,0,0,29TH AVENUE WEST & OSCEOLA STREET NORTH,1,1,0,0,1,1,0,,30,0,0,0,0,0,4,2,13
,2017_71846,39.758256,-104.9634,1/20/2017 17:09,17:09,3,0,1,29TH AVENUE EAST & RACE STREET NORTH,1,2,0,7,1,1,0,,25,0,0,0,0,2,4,2,16
,2017_71847,39.765636,-104.912874,1/11/2017 16:30,16:30,3,0,0,35TH AVENUE EAST & MONACO PARKWAY NORTH,1,1,0,7,1,1,0,,30,0,0,0,0,0,4,2,16
,2017_71848,39.767382,-104.90346,4/8/2017 13:56,13:56,3,0,0,36TH AVENUE 7300 BLOCK EAST & QUEBEC STREET NORTH,1,1,0,0,1,2,0,,,0,0,0,0,0,4,2,13
,2017_71849,39.769272,-105.0174225,1/8/2017 16:00,16:00,6,0,0,38TH AVENUE WEST & ALCOTT STREET,2,2,0,0,1,4,0,,10,0,0,0,0,0,4,2,14
,2017_71850,39.769272,-105.006456,1/6/2017 14:01,14:01,1,0,0,38TH AVENUE WEST & PECOS STREET NORTH,5,1,1,7,1,1,0,,30,0,0,0,0,0,4,2,16
,2017_71851,39.770496,-105.0017715,9/15/2017 14:53,14:53,3,0,0,39TH AVENUE WEST & LIPAN STREET NORTH,1,1,0,0,1,1,0,,25,0,0,0,0,0,4,2,13
,2017_71852,39.772026,-105.020505,9/8/2017 16:00,16:00,6,0,0,40TH AVENUE 2700 BLOCK WEST & CLAY STREET NORTH,1,1,0,0,1,4,0,,25,0,0,0,0,0,4,2,13
,2017_71853,39.772854,-104.865894,2/3/2017 5:40,5:40,1,0,0,40TH AVENUE EAST & HAVANA STREET NORTH,2,2,0,1,1,1,0,,35,0,0,0,0,0,4,2,16
,2017_71854,39.772881,-104.9429205,8/22/2017 18:17,18:17,12,0,0,JACKSON STREET NORTH & 40TH AVENUE EAST,1,1,0,0,1,3,0,,,0,0,0,0,0,4,2,13
,2017_71855,39.772458,-105.042852,5/23/2017 15:37,15:37,6,0,0,41ST AVENUE WEST & STUART STREET NORTH,1,1,0,0,1,4,0,,30,0,0,0,0,0,4,2,13
,2017_71856,39.776616,-105.0239745,8/28/2017 6:54,6:54,3,0,0,44TH AVENUE 2900 BLOCK WEST & ELIOT STREET NORTH,1,1,0,0,1,5,0,,30,0,0,0,0,0,4,2,13
,2017_71857,39.776625,-105.025221,4/24/2017 14:46,14:46,10,0,0,44TH AVENUE 2900 BLOCK WEST & FEDERAL BOULEVARD NORTH,1,5,1,0,1,2,0,,,0,0,0,0,0,4,2,13
,2017_71858,39.77667,-105.0299055,6/15/2017 7:36,7:36,5,0,0,44TH AVENUE WEST & IRVING STREET NORTH,1,1,0,0,3,3,0,,35,0,0,0,0,0,4,1,14
,2017_71859,39.780207,-105.0170535,5/27/2017 23:59,23:59,5,0,0,46TH AVENUE WEST & ALCOTT STREET NORTH,1,3,0,0,3,1,0,,30,0,0,0,0,0,4,1,13
,2017_71860,39.780621,-104.841774,1/30/2017 8:20,8:20,6,0,0,46TH AVENUE EAST & TULSA COURT NORTH,1,1,0,0,1,4,0,,25,0,0,0,0,0,4,2,13
,2017_71861,39.782007,-105.0064515,10/3/2017 10:05,10:05,6,0,0,47TH AVENUE 1300 BLOCK WEST & PECOS STREET NORTH,1,1,0,0,1,4,0,,30,0,0,0,0,0,4,2,14
,2017_71862,39.711114,-104.961726,4/6/2017 8:50,8:50,6,0,0,ALAMEDA AVENUE 2200 BLOCK EAST & GAYLORD STREET SOUTH,1,1,1,0,1,4,0,,60,0,0,0,0,0,4,2,14
,2017_71863,39.78954,-104.772231,1/18/2017 19:45,19:45,3,0,0,51ST AVENUE EAST & TOWER ROAD NORTH,1,3,0,0,1,1,0,,35,0,0,0,0,1,4,2,13
,2017_71864,39.795867,-104.8613175,1/16/2017 9:30,9:30,6,0,0,55TH AVENUE 10900 BLOCK EAST & JOLIET STREET NORTH,6,1,0,0,1,4,0,,30,0,0,0,0,0,4,2,13
,2017_71865,39.795867,-104.8613175,1/16/2017 13:05,13:05,6,0,0,55TH AVENUE 10900 BLOCK EAST & JOLIET STREET NORTH,4,1,0,2,1,4,0,,25,0,0,0,0,0,4,2,1
,2017_71866,39.796299,-104.847264,1/29/2017 12:00,12:00,3,0,0,55TH AVENUE EAST & PEORIA STREET NORTH,1,1,0,0,1,1,0,,35,0,0,0,0,1,4,2,13
,2017_71867,39.796299,-104.847264,8/24/2017 16:40,16:40,1,0,0,55TH AVENUE EAST & PEORIA STREET NORTH,1,1,0,0,1,1,0,,35,0,0,0,0,1,4,2,7
,2017_71868,39.797253,-104.8857525,1/25/2017 13:52,13:52,6,0,0,55TH AVENUE 8800 BLOCK EAST & XENIA STREET NORTH,1,1,0,0,1,5,0,,5,0,0,0,0,0,4,2,13
,2017_71869,39.798297,-104.88447,1/29/2017 17:40,17:40,1,0,0,56TH AVENUE EAST & CENTRAL PARK BOULEVARD NORTH,1,3,0,0,1,3,0,,45,0,0,0,0,0,4,2,1
,2017_71870,39.798387,-104.861304,1/4/2017 17:14,17:14,15,0,0,56TH AVEE & JOLIET STREET NORTH,4,3,0,2,1,3,0,,15,0,0,0,0,0,4,2,16
,2017_71871,39.798387,-104.861304,10/4/2017 15:35,15:35,5,0,0,56TH AVENUE EAST & JOLIET STREET NORTH,1,1,0,0,1,1,0,,35,0,0,0,0,0,4,2,13
,2017_71872,39.798297,-104.7999735,3/25/2017 4:17,4:17,5,0,1,56TH AVENUE 15700 BLOCK EAST & LAREDO STREET NORTH,1,3,0,0,2,4,0,,45,0,0,0,0,2,4,1,5
,2017_71873,39.798441,-104.762772,9/18/2017 15:41,15:41,3,0,1,56TH AVENUE 19200 BLOCK EAST & DUNKIRK STREET NORTH,1,1,0,0,1,1,0,,15,0,0,0,1,2,4,2,1
,2017_71874,39.838023,-104.7097305,9/17/2017 10:16,10:16,15,0,0,78TH AVENUE 24000 BLOCK EAST & CALAWBA COURT,1,1,0,0,1,1,0,,40,0,0,0,0,0,4,2,8
,2017_71875,39.838059,-104.7154635,3/29/2017 2:10,2:10,5,0,0,78TH AVENUE 23000 BLOCK EAST & GUN CLUB ROAD NORTH,2,3,0,1,2,1,0,,45,0,0,0,0,0,4,1,8
,2017_71876,39.711159,-104.9900175,4/2/2017 17:13,17:13,3,0,0,ALAMEDA WEST & BANNOCK STREET SOUTH,1,1,0,0,1,1,0,,30,0,0,0,0,0,4,2,13
,2017_71877,39.709026,-104.875443,8/3/2017 9:40,9:40,3,0,1,ALAMEDA AVENUE EAST & DAYTON STREET SOUTH,1,1,0,0,1,1,0,,30,0,0,0,0,2,4,2,8
,2017_71878,39.711186,-104.9087025,9/21/2017 18:18,18:18,1,0,0,ALAMEDA AVENUE EAST & NEWPORT WAY SOUTH,1,1,0,0,1,1,0,,35,0,0,0,0,0,4,5,13
,2017_71879,39.711393,-104.907366,1/29/2017 13:16,13:16,5,0,0,ALAMEDA AVENUE 6900 BLOCK EAST & ONEIDA STREET SOUTH,1,1,0,0,2,4,0,,35,0,0,0,0,1,4,1,1
,2017_71880,39.778371,-104.8372605,3/24/2017 8:10,8:10,6,0,0,ALBROOK DRIVE 13300 BLOCK EAST & ABILENE STREET,2,1,0,1,1,4,0,,25,0,0,0,0,0,4,2,13
,2017_71881,39.783357,-104.8466025,4/17/2017 12:45,12:45,1,0,0,ALBROOK DRIVE EAST & PEORIA STREET NORTH,1,1,0,1,1,1,0,,40,0,0,0,0,0,4,2,7
,2017_71882,39.775032,-104.809923,3/20/2017 15:30,15:30,15,0,0,ANDREWS DRIVE 15400 BLOCK EAST & CHAMBERS ROAD NORTH,1,1,0,0,1,4,0,,35,0,0,0,0,1,4,2,14
,2017_71883,39.694752,-104.959323,2/3/2017 18:44,18:44,12,0,0,ARIZONA AVENUE EAST & UNIVERSITY BOULEVARD SOUTH,1,4,0,7,1,4,0,,25,0,0,0,0,0,4,2,16
,2017_71884,39.714822,-105.02505,8/14/2017 6:17,6:17,8,0,0,BAYAUD AVENUE 300 BLOCK WEST & FEDERAL BOULEVARD SOUTH,1,1,0,0,1,4,0,,,0,0,0,0,0,4,2,13
,2017_71885,39.624219,-104.8898565,7/29/2017 11:11,11:11,1,0,2,BELLEVIEW AVENUE 8400 BLOCK EAST & DTC BOULEVARD,1,1,1,0,1,2,0,,35,0,0,0,0,2,4,2,13
,2017_71886,39.624219,-104.8898565,8/2/2017 17:20,17:20,3,0,0,BELLEVIEW AVENUE EAST & DTC BOULEVARD SOUTH,1,1,0,0,1,1,0,,35,0,0,0,0,0,4,2,1
,2017_71887,39.751452,-104.9979645,1/17/2017 10:04,10:04,12,0,0,BLAKE STREET & 17TH STREET,1,1,0,0,1,4,0,,25,0,0,0,0,0,4,2,3
,2017_71888,39.694734,-104.9734215,1/8/2017 22:20,22:20,5,0,0,DOWNING STREET SOUTH & ARIZONA AVENUE EAST,2,3,0,7,2,4,0,,30,0,0,0,0,0,4,1,2
,2017_71889,39.75332175,-104.995428,8/31/2017 9:10,9:10,12,0,0,BLAKE STREET & BLAKE STREET 1900 BLOCK,1,1,0,0,1,4,0,,30,0,0,0,0,0,4,3,13
,2017_71890,39.755214,-104.992632,1/21/2017 21:20,21:20,6,0,0,BLAKE STREET 2100 BLOCK & 22ND STREET,1,3,0,0,3,4,0,,30,0,0,0,0,0,4,2,5
,2017_71891,39.7716201,-104.9898212,3/15/2017 13:05,13:05,15,0,0,BROADWAY STREET & 1600 BLOCK NORTH,1,1,0,0,1,4,0,,30,0,0,0,0,0,4,2,13
,2017_71892,39.716559,-104.9875155,8/27/2017 2:12,2:12,12,0,0,BROADWAY STREET SOUTH & BROADWAY STREET 2100 BLOCK SOUTH,1,3,0,0,1,4,0,,,0,0,0,0,0,4,2,13
,2017_71893,39.7716201,-104.9898212,1/16/2017 13:36,13:36,12,0,0,BROADWAY STREET & 2800 BLOCK NORTH,6,1,0,2,1,4,0,,35,0,0,0,0,0,4,2,13
,2017_71894,39.720924,-104.9875065,1/31/2017 17:18,17:18,12,0,0,BROADWAY NORTH & THIRD AVENUE EAST,1,1,0,7,1,3,0,,30,0,0,0,0,1,4,3,16
,2017_71895,39.720924,-104.9875065,7/29/2017 19:00,19:00,15,0,0,BROADWAY STREET NORTH & THIRD AVENUE EAST,1,3,0,0,1,1,0,,30,0,0,0,0,0,4,2,13
,2017_71896,39.725631,-104.9874435,4/25/2017 10:47,10:47,15,0,0,BROADWAY STREET NORTH & SIXTH AVENUE EAST,1,1,0,0,1,1,0,,30,0,0,0,0,0,4,2,13
,2017_71897,39.73203,-104.987403,1/15/2017 2:40,2:40,12,0,0,BROADWAY NORTH & 10TH AVENUE WEST,1,3,0,0,1,3,0,,25,0,0,0,0,0,4,2,7
,2017_71898,39.751542,-104.9874255,3/31/2017 14:45,14:45,10,0,0,BROADWAY STREET NORTH & CHAMPA STREET,1,1,0,1,1,1,0,,30,0,0,0,0,0,4,2,13
,2017_71899,39.703878,-104.9875425,3/30/2017 13:10,13:10,5,0,0,BROADWAY STREET 700 BLOCK SOUTH & EXPOSITION AVENUE EAST,1,1,1,0,3,4,0,,30,0,0,0,0,0,4,1,13
,2017_71900,39.689388,-104.987511,1/23/2017 11:46,11:46,12,0,0,BROADWAY SOUTH & FLORIDA AVENUE WEST,1,1,0,7,1,4,0,,35,0,0,0,0,0,4,2,1
,2017_71901,39.70215,-104.9875605,6/10/2017 11:55,11:55,3,0,0,BROADWAY SOUTH & OHIO AVENUE EAST,1,1,1,0,1,1,0,,30,0,0,0,0,0,4,2,13
,2017_71902,39.783807,-104.809833,4/14/2017 6:40,6:40,5,0,0,CHAMBERS ROAD NORTH & GATEWAY AVENUE E/GVR BOULEVARD,1,1,0,0,3,1,0,,25,0,0,0,0,1,4,1,3
,2017_71903,39.775032,-104.809923,6/16/2017 20:45,20:45,15,0,0,CHAMBERS ROAD 4300 BLOCK NORTH & ANDREWS DRIVE EAST,1,3,0,0,1,3,0,,35,0,0,0,0,0,4,2,13
,2017_71904,39.745755,-104.994423,6/1/2017 17:18,17:18,6,0,0,CHAMPA STREET 1500 BLOCK & 15TH STREET,1,1,0,0,1,4,0,,30,0,0,0,0,0,4,3,7
,2017_71905,39.742263,-104.9993505,1/6/2017 8:17,8:17,12,0,0,CHAMPA STREET & SPEER BOULEVARD,4,1,0,7,1,1,0,,25,0,0,0,0,1,4,2,16
,2017_71906,39.707352,-104.940864,8/1/2017 13:19,13:19,10,0,0,CHERRY CREEK NORTH 3800 BLOCK EAST & COLORADO BOULEVARD SOUTH,1,1,0,0,1,4,0,,30,0,0,0,0,0,4,2,2
,2017_71907,39.709539,-104.9460525,1/16/2017 9:02,9:02,5,0,0,CHERRY CREEK DRIVE 3700 BLOCK EAST & GARFIELD STREET SOUTH,4,1,0,2,3,4,0,,35,0,0,0,0,0,4,1,1
,2017_71908,39.74737375,-105.0080112,4/7/2017 18:51,18:51,15,0,0,CHOPPER CIRCLE 1000 BLOCK & 11TH STREET,1,2,0,0,1,1,0,,25,0,0,0,0,0,4,3,13
,2017_71909,39.789999,-104.9771115,3/2/2017 9:15,9:15,12,0,0,CLARKSON STREET & 1400 BLOCK NORTH,1,1,0,0,1,1,0,,30,0,0,0,0,0,4,2,13
,2017_71910,39.761991,-105.020514,1/11/2017 9:05,9:05,3,0,0,CLAY STREET NORTH NORTHBOUND & 32ND AVENUE WEST,1,1,0,7,1,5,0,,25,0,0,0,0,0,4,2,14
,2017_71911,39.776607,-105.020523,6/2/2017 13:15,13:15,3,0,0,CLAY STREET NORTH & 44TH AVENUE WEST,1,1,1,0,1,1,0,,30,0,0,0,0,0,4,2,13
,2017_71912,39.729213,-104.935167,1/26/2017 8:49,8:49,3,0,0,CLERMONT STREET 800 BLOCK NORTH & EIGHTH AVENUE EAST,1,1,0,0,1,2,0,,25,0,0,0,0,0,4,2,13
,2017_71913,39.685689,-104.9477175,3/30/2017 10:37,10:37,6,0,0,COOK STREET 1700 BLOCK SOUTH & MEXICO AVENUE EAST,1,1,1,0,1,4,0,,25,0,0,0,0,0,4,2,3
,2017_71914,39.738276,-104.931522,1/26/2017 12:21,12:21,12,0,0,DAHLIA STREET NORTH & 14TH AVENUE EAST,1,1,0,0,1,2,0,,25,0,0,0,0,0,4,2,13
,2017_71915,39.709314,-104.98761,9/12/2017 18:37,18:37,6,0,1,DAKOTA AVENUE & DAKOTA AVENUE 3271 WEST,1,1,0,0,2,4,0,,25,0,0,0,0,2,4,4,3
,2017_71916,39.706884,-104.875353,7/22/2017 11:17,11:17,10,0,0,DAYTON STREET 500 BLOCK SOUTH & CENTER AVENUE EAST,1,1,0,0,1,2,0,,30,0,0,0,0,0,4,2,14
,2017_71917,39.671568,-104.8753035,8/2/2017 0:55,0:55,6,0,0,DAYTON WAY SOUTH & HARVARD AVENUE EAST,1,3,0,0,1,3,0,,25,0,0,0,0,0,4,2,5
,2017_71918,39.678246,-104.9923035,1/24/2017 16:57,16:57,5,0,0,DELAWARE STREET SOUTH & EVANS SOUTH FRTG WEST,1,3,0,0,2,1,0,,25,0,0,0,0,0,4,1,7
,2017_71919,39.74023288,-104.9546761,9/8/2017 11:39,11:39,15,0,0,DETROIT STREET 1500 BLOCK NORTH & 16TH AVENUE EAST,1,1,0,0,1,4,0,,25,0,0,0,0,0,4,2,13
,2017_71920,39.740166,-104.9541435,5/12/2017 13:00,13:00,6,0,0,DETROIT STREET 1500 BLOCK NORTH & COLFAX AVENUE NORTH,1,1,0,0,1,4,0,,25,0,0,0,0,0,4,2,7
,2017_71921,39.760758,-104.9733405,1/29/2017 12:00,12:00,12,0,0,DOWNING STREET NORTH & 31ST AVENUE EAST,1,1,0,7,1,1,0,,30,0,0,0,0,0,4,2,16
,2017_71922,39.729222,-104.932782,1/27/2017 9:02,9:02,3,0,1,DEXTER STREET NORTH & EIGHTH AVENUE EAST,1,1,0,7,1,1,0,,25,0,0,0,0,2,4,5,16
,2017_71924,39.76283001,-104.9733612,7/22/2017 14:00,14:00,6,0,0,DOWNING STREET & 2700 BLOCK NORTH,1,1,0,0,1,4,0,,30,0,0,0,0,0,4,2,13
,2017_71925,39.709269,-104.973372,1/18/2017 0:01,0:01,6,0,0,DOWNING STREET 400 BLOCK SOUTH & DAKOTA AVENUE EAST,4,3,0,0,1,4,0,,30,0,0,0,0,0,4,2,13
,2017_71926,39.718278,-104.973777,2/28/2017 15:48,15:48,15,0,0,DOWNING STREET NORTH & SPEER BOULEVARD EAST,1,1,0,0,1,1,0,,30,0,0,0,0,0,4,2,8
,2017_71927,39.707469,-104.973381,1/14/2017 3:11,3:11,5,0,0,DOWNING STREET SOUTH & VIRGINIA AVENUE EAST,1,3,0,0,2,1,0,,30,0,0,0,0,0,4,1,12
,2017_71928,39.77649388,-104.8218388,3/2/2017 11:25,11:25,6,0,0,DULUTH WAY 4400 BLOCK NORTH & 45TH AVENUE EAST,1,1,0,0,1,4,0,,25,0,0,0,0,0,4,2,3
,2017_71929,39.716559,-104.9875155,3/13/2017 17:20,17:20,15,0,0,ELLSWORTH AVENUE 100 BLOCK WEST & BROADWAY STREET NORTH,1,1,0,0,1,4,0,,25,0,0,0,0,0,4,2,13
,2017_71930,39.70566,-104.9769315,7/23/2017 23:02,23:02,6,0,0,EMERSON STREET SOUTH & CENTER AVENUE EAST,1,3,0,0,1,4,0,,25,0,0,0,0,0,4,3,1
,2017_71931,39.740004,-104.9764725,4/1/2017 2:00,2:00,6,0,0,EMERSON STREET NORTH & COLFAX AVENUE EAST,2,3,0,1,1,4,0,,25,0,0,0,0,0,4,2,13
,2017_71932,39.678462,-104.956515,8/22/2017 18:25,18:25,12,0,0,EVANS AVENUE EAST & COLUMBINE STREET SOUTH,1,1,0,0,1,1,0,,,0,0,0,0,0,4,2,13
,2017_71933,39.678444,-104.931612,2/21/2017 14:56,14:56,15,0,0,EVANS AVENUE 4800 BLOCK EAST & DAHLIA STREET SOUTH,1,1,1,0,1,4,0,,35,0,0,0,0,0,4,2,13
,2017_71934,39.678489,-104.967585,1/3/2017 19:15,19:15,3,0,0,EVANS AVENUE EAST & GILPIN STREET SOUTH,1,3,0,0,1,1,0,,35,0,0,0,0,0,4,2,14
,2017_71935,39.678543,-104.980482,3/24/2017 0:41,0:41,5,0,0,EVANS AVENUE 500 BLOCK EAST & PEARL STREET SOUTH,2,3,0,1,2,4,0,,35,0,0,0,0,1,4,1,5
,2017_71936,39.678462,-104.9976135,1/7/2017 13:00,13:00,12,0,0,EVANS AVENUE WEST & PLATTE RIVER DRIVE SOUTH,1,1,1,0,1,1,0,,35,0,0,0,0,0,4,2,1
,2017_71937,39.678363,-104.959404,1/20/2017 14:05,14:05,12,0,0,EVANS AVENUE EAST & UNIVERSITY BOULEVARD SOUTH,1,1,0,7,1,4,0,,35,0,0,0,0,0,4,2,16
,2017_71938,39.703869,-104.9863005,1/5/2017 13:35,13:35,3,0,0,EXPOSITION AVENUE EAST & LINCOLN STREET SOUTH,4,1,0,2,1,1,0,,25,0,0,0,0,0,4,2,16
,2017_71939,39.79653748,-104.8125375,7/7/2017 6:30,6:30,6,0,0,FAIRPLAY & 5205 NORTH,1,3,0,0,1,4,0,,30,0,0,0,0,0,4,3,13
,2017_71940,39.768948,-104.995332,1/2/2017 20:00,20:00,1,0,0,FOX STREET NORTH & 38TH AVENUE WEST,1,3,0,0,1,1,0,,35,0,0,0,0,0,4,3,7
,2017_71941,39.73371621,-104.9964948,8/12/2017 12:00,12:00,6,0,0,GALAPAGO STREET 1100 BLOCK NORTH & 11TH AVENUE WEST,1,1,0,0,1,4,0,,25,0,0,0,0,0,4,3,14
,2017_71942,39.78609949,-104.8184195,1/3/2017 18:40,18:40,3,0,0,GATEWAY AVENUE & 5100 BLOCK EAST,1,3,0,0,1,3,0,,65,0,0,0,0,0,4,2,13
,2017_71943,39.78441,-104.813532,1/20/2017 12:25,12:25,3,0,1,GATEWAY AVENUE EAST & FONTANA COURT,1,1,0,0,1,1,0,,30,0,0,0,0,2,4,2,1
,2017_71944,39.746925,-104.9610105,9/14/2017 10:20,10:20,3,0,0,GAYLORD STREET NORTH & 20TH AVENUE EAST,1,1,0,0,1,1,0,,25,0,0,0,0,0,4,2,13
,2017_71945,39.75476277,-104.9779186,7/20/2017 10:46,10:46,6,0,0,WELTON STREET 2700 BLOCK & 26TH STREET,1,1,0,0,1,4,0,,25,0,0,0,0,0,4,2,13
,2017_71946,39.760965,-104.9670135,10/1/2017 2:19,2:19,6,0,0,GILPIN STREET 3100 BLOCK NORTH & 31ST AVENUE EAST,1,3,0,0,1,4,0,,25,0,0,0,0,0,4,5,5
,2017_71948,39.689325,-104.926464,1/16/2017 5:37,5:37,6,0,0,GLENCOE STREET 1400 BLOCK SOUTH & FLORIDA AVENUE EAST,4,3,1,2,2,3,0,,25,0,0,0,0,0,4,2,13
,2017_71949,39.685626,-104.9838705,8/12/2017 1:53,1:53,6,0,0,GRANT STREET 1700 BLOCK NORTH & 18TH AVENUE EAST,1,3,0,0,1,4,0,,30,0,0,0,0,0,4,3,5
,2017_71950,39.783618,-104.774463,8/7/2017 19:33,19:33,3,0,0,GREEN VALLEY RANCH BOULEVARD EAST & YAMPA STREET NORTH,2,2,0,1,1,1,0,,40,0,0,0,0,0,4,2,7
,2017_71951,39.78288,-104.7555,2/3/2017 8:20,8:20,5,0,0,GREEN VALLEY RANCH BOULEVARD EAST & HIMALAYA ROAD NORTH,5,1,1,2,3,4,0,,,0,0,0,0,0,4,1,1
,2017_71952,39.755016,-104.940711,6/2/2017 19:56,19:56,6,0,0,HADDON ROAD & COLORADO BOULEVARD,1,1,0,0,1,4,0,,25,0,0,0,0,0,4,3,5
,2017_71953,39.647034,-104.9239845,7/18/2017 17:35,17:35,14,0,0,HAPPY CANYON ROAD 5500 BLOCK EAST & MANSFIELD AVENUE EAST,1,1,0,0,1,4,0,,30,0,0,0,0,0,4,2,2
,2017_71954,39.646053,-104.92272,1/27/2017 7:23,7:23,15,0,0,HOLLY STREET 3900 BLOCK SOUTH & HAPPY CANYON ROAD,1,1,0,0,1,4,0,,20,0,0,0,0,0,4,2,13
,2017_71955,39.78039413,-104.969741,5/21/2017 17:00,17:00,6,0,0,HUMBOLDT STREET & 1400 BLOCK NORTH,1,2,0,0,1,4,0,,25,0,0,0,0,0,4,2,7
,2017_71956,39.736863,-104.9695335,8/3/2017 16:00,16:00,6,0,0,HUMBOLDT STREET 1285 NORTH & 13TH AVENUE EAST,1,1,0,0,1,4,0,,25,0,0,0,0,0,4,2,13
,2017_71957,39.716046,-104.918562,1/31/2017 12:08,12:08,6,0,0,JASMINE STREET 3561 NORTH & JASMINE STREET 3500 BLOCK NORTH,1,1,0,0,1,4,0,,25,0,0,0,0,0,4,2,3
,2017_71958,39.706659,-104.99922,1/17/2017 16:30,16:30,15,0,0,JASON STREET SOUTH & CUSTER PLACE WEST,1,1,0,0,1,4,0,,35,0,0,0,0,0,4,2,3
,2017_71959,39.682116,-104.987583,4/26/2017 10:55,10:55,12,0,0,JEWELL AVENUE WEST & JEWELL AVENUE 5100 BLOCK WEST,1,1,1,0,1,4,0,,30,0,0,0,0,0,4,2,13
,2017_71960,39.682062,-104.9341635,1/16/2017 12:46,12:46,3,0,0,JEWELL AVENUE EAST & CHERRY STREET SOUTH,5,1,0,2,1,1,0,,25,0,0,0,0,0,4,2,7
,2017_71961,39.725595,-104.958261,1/17/2017 13:54,13:54,15,0,0,JOSEPHINE STREET NORTH & SIXTH AVENUE EAST,2,1,0,7,1,4,0,,30,0,0,0,0,0,4,2,8
,2017_71962,39.74043846,-105.0314537,3/7/2017 8:15,8:15,6,0,0,JULIAN STREET 1500 BLOCK NORTH & 16TH AVENUE WEST,1,1,0,0,1,4,0,,20,0,0,0,0,0,4,2,13
,2017_71963,39.711168,-105.031224,6/3/2017 19:30,19:30,6,0,0,JULIAN STREET 254 SOUTH & ALAMEDA AVENUE WEST,1,1,0,0,1,4,0,,25,0,0,0,0,0,4,2,3
,2017_71964,39.694869,-105.0003225,3/2/2017 15:55,15:55,10,0,1,KALAMATH STREET 1200 BLOCK SOUTH & ARIZONA AVENUE WEST,1,1,0,0,1,4,0,,35,0,0,0,0,2,4,2,13
,2017_71965,39.700116,-105.0476715,9/10/2017 0:30,0:30,5,0,0,KENTUCKY AVENUE & 4670 KENTUCKY AVENUE WEST,1,3,0,0,3,4,0,,35,0,0,0,0,0,4,1,13
,2017_71966,39.741894,-104.970924,9/11/2017 18:55,18:55,3,0,0,LAFAYETTE STREET NORTH & PARK AVENUE,1,1,0,0,1,1,0,,25,0,0,0,0,0,4,2,8
,2017_71967,39.755088,-104.988114,6/5/2017 7:18,7:18,10,0,0,LAWRENCE STREET & PARK AVENUE WEST,1,1,0,0,1,1,0,,25,0,0,0,0,0,4,2,8
,2017_71968,39.735369,-104.970501,2/17/2017 11:00,11:00,6,0,0,LAFAYETTE STREET 1200 BLOCK NORTH & 13TH AVENUE EAST,1,1,0,0,1,4,0,,30,0,0,0,0,0,4,2,13
,2017_71969,39.647502,-104.884983,2/3/2017 6:44,6:44,3,0,0,LEHIGH AVENUE EAST & YOSEMITE STREET SOUTH,5,3,1,2,1,1,0,,25,0,0,0,0,0,4,3,1
,2017_71970,39.795759,-104.796864,9/5/2017 17:00,17:00,6,0,0,LEWISTON COURT 5500 BLOCK NORTH & MAXWELL STREET EAST,1,1,0,0,1,4,0,,45,0,0,0,0,0,4,2,12
,2017_71971,39.725649,-104.986314,1/16/2017 7:35,7:35,3,0,0,LINCOLN STREET NORTH & SIXTH AVENUE EAST,4,1,1,2,1,1,0,,30,0,0,0,0,0,4,2,16
,2017_71972,39.725649,-104.986314,2/28/2017 18:23,18:23,15,0,0,LINCOLN STREET NORTH & SIXTH AVENUE EAST,1,1,0,0,1,1,0,,35,0,0,0,0,1,4,2,13