id,drcog_id,latitude,longitude,crashtime,time,crashtype,numbkilled,numbinjurd,drcoglocat,rdconditin,lightngcon,roadcntgrd,weatherco,location,roaddescrp,constrzone,schoolzone,splimit,bikeinv,pedinv,sctrinv,motoinv,svrty,rdsystem,ttlvehcls,hcf
,2017_71973,39.725649,-104.986314,8/6/2017 8:39,8:39,10,0,0,LINCOLN STREET NORTH & SIXTH AVENUE EAST,1,1,0,0,1,1,0,,30,0,0,0,0,0,4,2,13
,2017_71974,39.744801,-104.9861205,1/5/2017 11:32,11:32,3,0,0,LINCOLN STREET NORTH & 18TH AVENUE EAST,4,1,0,2,1,1,0,,30,0,0,0,0,0,4,2,16
,2017_71975,39.709305,-104.9863905,4/29/2017 13:10,13:10,10,0,0,LINCOLN STREET SOUTH & DAKOTA AVENUE EAST,2,1,0,2,1,1,0,,30,0,0,0,0,0,4,2,12
,2017_71976,39.716532,-104.9862825,1/5/2017 15:20,15:20,10,0,0,LINCOLN STREET SOUTH & ELLSWORTH AVENUE EAST,4,1,0,2,1,1,0,,30,0,0,0,0,0,4,2,13
,2017_71977,39.76929,-105.001767,4/1/2017 13:39,13:39,15,0,0,LIPAN STREET NORTH & 38TH AVENUE WEST,2,1,0,0,1,3,0,,25,0,0,0,0,0,4,2,13
,2017_71978,39.682206,-105.0343515,4/5/2017 10:00,10:00,14,0,0,LOWELL BOULEVARD 1800 SOUTH & JEWELL AVENUE WEST,1,1,0,0,1,4,0,,30,0,0,0,0,0,4,2,7
,2017_71979,39.77824411,-104.946422,8/11/2017 11:40,11:40,12,0,0,MADISON STREET 1800 BLOCK SOUTH & COOK STREET ALLEY SOUTH,1,1,0,0,1,5,0,,15,0,0,0,0,0,4,2,13
,2017_71980,39.682017,-104.946534,9/4/2017 1:51,1:51,6,0,0,MADISON STREET 1800 BLOCK SOUTH & JEWELL AVENUE EAST,1,4,0,0,1,4,0,,25,0,0,0,0,0,4,2,14
,2017_71981,39.73374338,-105.0027626,2/2/2017 23:55,23:55,12,0,0,MARIPOSA STREET 1100 BLOCK NORTH & 11TH AVENUE WEST,1,3,0,0,1,3,0,,30,0,0,0,0,0,4,2,13
,2017_71982,39.74893775,-104.9994373,4/28/2017 20:28,20:28,15,0,0,MARKET STREET 1500 BLOCK & 16TH STREET,2,3,0,1,1,4,0,,25,0,0,0,0,0,4,2,13
,2017_71983,39.75078361,-104.9969804,1/22/2017 13:20,13:20,6,0,0,MARKET STREET 1700 BLOCK & 18TH STREET,1,1,0,0,1,4,0,,25,0,0,0,0,0,4,2,13
,2017_71984,39.689316,-104.952384,1/6/2017 12:15,12:15,6,0,0,MILWAUKEE STREET 1400 BLOCK SOUTH & FLORIDA AVENUE EAST,4,1,0,0,1,4,0,,25,0,0,0,0,0,4,2,1
,2017_71985,39.78577374,-104.9518964,2/2/2017 12:10,12:10,6,0,0,MILWAUKEE STREET 300 BLOCK NORTH & STREET PAUL NORTH ALLEY,2,1,1,0,1,5,0,,10,0,0,0,0,0,4,3,1
,2017_71986,39.699189,-104.8887135,9/28/2017 1:40,1:40,6,0,1,MISSISSIPPI AVENUE & MISSISSIPPI AVENUE 3595 WEST,2,3,0,1,1,4,0,,25,0,0,0,0,2,4,3,5
,2017_71987,39.69675,-105.0238215,1/21/2017 13:44,13:44,3,0,0,MISSISSIPPI AVENUE WEST & ELIOT STREET SOUTH,1,1,0,0,1,1,0,,15,0,0,0,1,0,4,3,13
,2017_71988,39.696678,-104.9944545,1/4/2017 12:20,12:20,12,0,0,MISSISSIPPI AVENUE WEST & FOX STREET SOUTH,1,1,0,0,1,4,0,,35,0,0,0,0,0,4,2,1
,2017_71989,39.759426,-104.9937435,5/15/2017 7:16,7:16,12,0,0,PARK AVENUE WEST & DELGANY STREET,1,1,0,0,1,4,0,,35,0,0,0,0,0,4,2,13
,2017_71990,39.695652,-104.903595,1/8/2017 8:21,8:21,12,0,0,MISSISSIPPI AVENUE EAST & QUEBEC STREET SOUTH,4,2,0,7,1,3,0,,30,0,0,0,0,0,4,2,16
,2017_71991,39.761964,-104.903451,1/17/2017 9:25,9:25,3,0,0,MLK BOULEVARD & QUEBEC STREET NORTH,2,1,0,7,1,1,0,,45,0,0,0,0,0,4,3,16
,2017_71992,39.674835,-104.912973,6/28/2017 7:45,7:45,12,0,0,MONACO STREET 2300 BLOCK SOUTH & ILIFF AVENUE EAST,1,1,0,0,1,4,0,,35,0,0,0,0,0,4,2,13
,2017_71993,39.69846,-104.9129235,1/30/2017 18:47,18:47,6,0,0,MONACO STREET 900 BLOCK SOUTH & TENNESSEE AVENUE EAST,1,3,0,0,1,4,0,,35,0,0,0,0,0,4,2,5
,2017_71994,39.627432,-104.9112675,1/6/2017 16:40,16:40,3,0,0,MONACO STREET 4300 BLOCK SOUTH & UNION AVENUE EAST,5,1,0,0,1,2,0,,30,0,0,0,0,0,4,2,13
,2017_71995,39.747429,-104.913972,9/5/2017 17:31,17:31,3,0,0,MONTVIEW BOULEVARD EAST & LOCUST STREET NORTH,1,1,0,0,1,5,0,,30,0,0,0,0,1,4,4,10
,2017_71996,39.747438,-104.90346,3/12/2017 17:30,17:30,12,0,0,MONTVIEW BOULEVARD EAST & QUEBEC STREET NORTH,1,1,0,0,1,3,0,,35,0,0,0,0,0,4,2,13
,2017_71997,39.73925455,-105.0213076,1/16/2017 2:50,2:50,14,0,0,MORRISON ROAD & 4400 BLOCK,4,3,0,2,1,4,0,,30,0,0,0,0,0,4,2,13
,2017_71998,39.78215551,-105.036944,1/2/2017 11:16,11:16,6,0,1,NEWTON STREET & 1300 BLOCK NORTH,1,1,1,0,1,4,0,,25,0,0,0,0,2,4,3,13
,2017_71999,39.78734849,-104.950791,1/27/2017 10:45,10:45,6,0,0,STREET PAUL STREET & 1600 BLOCK NORTH,1,1,0,0,1,4,0,,25,0,0,0,0,0,4,2,7
,2017_72000,39.747465,-104.974695,1/2/2017 13:00,13:00,6,0,0,OGDEN STREET & OGDEN STREET 1041 NORTH,1,1,0,0,1,7,0,,,0,0,0,0,0,4,2,13
,2017_72001,39.736863,-105.005322,1/4/2017 18:01,18:01,3,0,0,OSAGE STREET NORTH & 13TH AVENUE WEST,4,2,1,2,1,1,0,,30,0,0,0,0,0,4,3,16
,2017_72002,39.76788931,-104.9948145,1/25/2017 6:56,6:56,12,0,0,PARK AVENUE WEST & 700 BLOCK,1,2,0,0,1,2,0,,30,0,0,0,0,0,4,2,13
,2017_72003,39.759426,-104.9937435,8/20/2017 11:27,11:27,10,0,0,PARK AVENUE & DELGANY STREET,1,1,0,0,1,1,0,,35,0,0,0,0,0,4,2,13
,2017_72004,39.744846,-104.9748075,3/26/2017 1:45,1:45,5,0,0,PARK AVENUE WEST & OGDEN STREET NORTH / 18TH AVENUE EAST,1,3,0,0,2,1,0,,30,0,0,0,0,0,4,1,13
,2017_72005,39.75642,-104.989833,4/25/2017 13:51,13:51,15,0,0,PARK AVENUE WEST 1300 BLOCK & WALNUT STREET,1,1,0,0,1,4,0,,25,0,0,0,0,0,4,2,13
,2017_72006,39.757887,-104.9917545,7/21/2017 11:17,11:17,10,0,1,PARK AVENUE WEST & WAZEE STREET,1,1,0,0,1,1,0,,35,0,0,0,0,2,4,2,13
,2017_72007,39.751056,-104.9828805,1/21/2017 22:26,22:26,1,0,0,PARK AVENUE WEST & WELTON STREET,1,3,0,7,1,1,0,,,0,0,0,0,0,4,2,8
,2017_72008,39.844602,-104.6809395,9/13/2017 23:30,23:30,4,0,0,PENA BOULEVARD & PENA BOULEVARD 7300 BLOCK,1,3,0,0,1,3,0,,45,0,0,0,0,0,4,1,13
,2017_72009,39.798396,-104.786415,9/12/2017 13:15,13:15,5,0,1,PENA BOULEVARD 5600 BLOCK & 56TH AVENUE,1,1,0,0,3,4,0,,65,0,0,0,0,2,4,1,2
,2017_72010,39.83338151,-104.771988,9/18/2017 6:20,6:20,15,0,0,PENA BOULEVARD 6600 BLOCK & TOWER ROAD NORTH,1,2,0,0,1,4,0,,55,0,0,0,0,0,4,2,13
,2017_72011,39.82518494,-104.6955041,1/4/2017 16:25,16:25,5,0,0,PENA 7500 BLOCK & JACKSON GAP STREET,5,3,0,2,2,4,0,,65,0,0,0,0,0,4,1,1
,2017_72012,39.769605,-104.8474125,6/9/2017 6:48,6:48,12,0,0,PEORIA STREET NORTH & 38TH AVENUE EAST,1,1,0,0,1,4,0,,30,0,0,0,0,1,4,2,13
,2017_72013,39.769452,-104.846481,9/14/2017 17:00,17:00,12,0,0,PEORIA STREET 3800 BLOCK NORTH & 38TH AVENUE EAST,1,1,1,0,1,4,0,,40,0,0,0,0,1,4,4,3
,2017_72014,39.778479,-104.846373,4/8/2017 14:15,14:15,15,0,0,PEORIA STREET 4500 BLOCK NORTH & 45TH AVENUE EAST,1,1,0,0,1,4,0,,40,0,0,0,0,0,4,2,13
,2017_72015,39.784005,-104.84712,8/10/2017 17:47,17:47,3,0,0,PEORIA STREET NORTH & ALBROOK DRIVE EAST,1,1,0,0,1,1,0,,25,0,0,0,0,0,4,2,7
,2017_72016,39.678462,-104.9976135,7/26/2017 14:12,14:12,1,0,0,PLATTE RIVER DRIVE SOUTH & EVANS AVENUE WEST,1,5,0,0,1,1,0,,30,0,0,0,0,1,4,2,7
,2017_72017,39.678462,-104.9976135,9/1/2017 11:28,11:28,15,0,0,PLATTE RIVER DRIVE 2100 BLOCK SOUTH & EVANS AVENUE WEST,1,1,0,0,1,1,0,,35,0,0,0,0,0,4,2,13
,2017_72018,39.64077,-104.907312,2/23/2017 18:25,18:25,15,0,0,PRINCETON AVENUE EAST & OLIVE STREET SOUTH,5,3,0,2,1,1,0,,35,0,0,0,0,0,4,2,1
,2017_72019,39.737268,-104.9034645,1/25/2017 17:59,17:59,12,0,0,QUEBEC STREET NORTH & 13TH AVENUE EAST,1,3,0,0,1,4,0,,,0,0,0,0,0,4,2,13
,2017_72020,39.684987,-104.9035905,1/27/2017 14:59,14:59,12,0,0,QUEBEC STREET SOUTH & CHERRY CREEK SOUTH DRIVE,1,1,0,7,1,1,0,,35,0,0,0,0,1,4,2,14
,2017_72021,39.761964,-104.903451,2/23/2017 17:45,17:45,12,0,0,QUEBEC STREET NORTH & MLK BOULEVARD EAST,2,3,0,2,1,1,0,,35,0,0,0,0,0,4,2,13
,2017_72022,39.747429,-104.902263,8/30/2017 16:51,16:51,14,0,0,QUINCE STREET NORTH & MONTVIEW BOULEVARD EAST,1,1,0,0,1,1,0,,30,0,0,0,0,0,4,2,1
,2017_72023,39.639762,-105.05331,1/3/2017 8:30,8:30,15,0,0,QUINCY AVENUE WEST & SHERIDAN BOULEVARD SOUTH,1,1,0,7,1,4,0,,35,0,0,0,0,0,4,2,16
,2017_72024,39.738366,-104.963472,1/30/2017 19:12,19:12,3,0,0,RACE STREET NORTH & 14TH AVENUE EAST,1,3,0,0,1,1,0,,30,0,0,0,0,1,4,4,2
,2017_72025,39.738456,-104.9976405,1/1/2017 14:10,14:10,12,0,0,SPEER BOULEVARD & 14TH AVENUE WEST,1,1,0,0,1,3,0,,85,0,0,0,0,0,4,2,5
,2017_72026,39.7172835,-104.8960418,4/7/2017 15:51,15:51,3,0,0,RAMPART WAY NORTH & LOWRY BOULEVARD EAST ROUNDABOUT,1,1,1,0,1,6,0,,45,0,0,0,0,0,4,2,8
,2017_72027,39.75130672,-104.9981625,1/11/2017 15:03,15:03,15,0,0,13TH STREET & BLAKE STREET,1,1,0,0,1,1,0,,30,0,0,0,0,0,4,2,8
,2017_72028,39.747609,-104.997762,3/22/2017 12:05,12:05,15,0,0,15TH STREET & LAWRENCE STREET,1,1,0,0,1,1,0,,30,0,0,0,0,0,4,2,13
,2017_72029,39.712959,-104.98509,9/14/2017 22:00,22:00,6,0,0,SHERMAN STREET 100 BLOCK SOUTH & CEDAR AVENUE EAST,1,4,0,0,1,4,0,,25,0,0,0,0,0,4,2,14
,2017_72030,39.752352,-105.001551,10/5/2017 16:31,16:31,15,0,0,16TH STREET & 16TH STREET 1500 BLOCK,1,1,0,0,1,4,0,,30,0,0,0,0,0,4,3,7
,2017_72031,39.741435,-104.9873715,4/28/2017 12:20,12:20,15,0,0,16TH STREET & BROADWAY STREET NORTH,1,1,0,0,1,1,0,,,0,0,0,0,0,4,2,13
,2017_72032,39.751209,-105.0000435,1/29/2017 1:28,1:28,10,0,0,16TH STREET & WAZEE STREET,1,3,0,0,1,1,0,,25,0,0,0,0,0,4,2,14
,2017_72033,39.753198,-105.0025905,8/18/2017 10:20,10:20,15,0,0,16TH STREET & WEWATTA STREET,1,1,0,0,1,1,0,,20,0,0,0,0,0,4,2,13
,2017_72034,39.750786,-104.9970735,1/24/2017 0:45,0:45,3,0,0,17TH STREET & MARKET STREET,1,3,0,0,1,1,0,,30,0,0,0,0,0,4,2,13
,2017_72035,39.746772,-104.991813,1/19/2017 17:35,17:35,15,0,0,17TH STREET & STOUT STREET,1,2,1,7,1,1,0,,80,0,0,0,0,0,4,2,1
,2017_72036,39.747708,-104.990616,3/2/2017 20:16,20:16,3,0,0,18TH STREET & STOUT STREET,1,3,0,0,1,1,0,,30,0,0,0,0,0,4,2,12
,2017_72037,39.746367,-104.9888655,4/14/2017 14:40,14:40,15,0,0,18TH STREET 500 BLOCK & WELTON STREET,1,1,0,0,1,4,0,,30,0,0,0,0,0,4,2,13
,2017_72038,39.749994,-104.991156,8/29/2017 15:50,15:50,15,0,0,19TH STREET & CURTIS STREET,1,1,0,0,1,1,0,,25,0,0,0,0,0,4,2,13
,2017_72039,39.754305,-104.9942745,8/5/2017 23:08,23:08,12,0,0,20TH STREET & BLAKE STREET,1,3,0,0,1,1,0,,30,0,0,0,0,0,4,2,13
,2017_72040,39.750912,-104.9899545,4/5/2017 21:00,21:00,3,0,2,20TH STREET & CURTIS STREET,1,3,0,0,1,1,0,,30,0,0,0,0,2,4,2,8
,2017_72041,39.752946,-104.992614,1/30/2017 16:28,16:28,12,0,0,20TH STREET & LARIMER STREET,1,1,0,7,1,3,0,,25,0,0,0,0,0,4,2,16
,2017_72042,39.75469102,-104.9827388,9/13/2017 2:56,2:56,6,0,1,25TH STREET 2500 BLOCK & CENTER STREET,1,3,0,0,1,4,0,,25,0,0,0,0,2,4,3,5
,2017_72043,39.765744,-104.9777505,1/20/2017 20:54,20:54,3,0,0,33RD STREET & WALNUT STREET,1,3,0,0,1,1,0,,,0,0,0,0,0,4,2,13
,2017_72044,39.716559,-104.998572,1/22/2017 3:20,3:20,5,0,1,SANTA FE DRIVE & 36 SOUTH SANTA FE DRIVE,1,3,0,0,3,4,0,,30,0,0,0,0,2,4,1,12
,2017_72045,39.720915,-104.99859,5/12/2017 18:06,18:06,12,0,0,SANTA FE DRIVE NORTH & THIRD AVENUE WEST,1,1,0,0,1,4,0,,30,0,0,0,0,0,4,2,13
,2017_72046,39.72411,-104.9985945,1/25/2017 7:53,7:53,12,0,0,SANTA FE DRIVE NORTH & FIFTH AVENUE WEST,1,1,0,0,1,3,0,,25,0,0,0,0,0,4,2,13
,2017_72047,39.711186,-104.997132,2/2/2017 10:05,10:05,3,0,0,SANTA FE DRIVE SOUTH & ALAMEDA AVENUE WEST,5,1,1,2,1,1,0,,30,0,0,0,0,0,4,2,13
,2017_72048,39.711186,-104.997132,2/14/2017 15:55,15:55,12,0,0,SANTA FE DRIVE 300 BLOCK SOUTH & ALAMEDA AVENUE WEST,1,1,0,0,1,3,0,,25,0,0,0,0,0,4,2,13
,2017_72049,39.729078,-104.9848605,1/26/2017 8:05,8:05,3,0,0,SHERMAN STREET NORTH & EIGHTH AVEE,1,1,1,7,1,1,0,,25,0,0,0,0,0,4,2,16
,2017_72050,39.750039,-105.0049305,6/9/2017 15:00,15:00,12,0,0,SPEER BOULEVARD NORTH BOULEVARD & SPEER BOULEVARD 1300 BLOCK NORTH,1,1,0,0,1,4,0,,35,0,0,0,0,0,4,2,13
,2017_72051,39.73851768,-104.9969761,1/19/2017 13:28,13:28,12,0,0,SPEER BOULEVARD & 800 BLOCK NORTH,1,1,1,0,1,4,0,,30,0,0,0,0,0,4,2,13
,2017_72052,39.73851768,-104.9969761,6/30/2017 16:06,16:06,12,0,0,SPEER BOULEVARD & 1100 BLOCK NORTH,1,1,0,0,1,3,0,,35,0,0,0,0,0,4,2,13
,2017_72053,39.724074,-104.983614,1/25/2017 7:51,7:51,12,0,0,SPEER BOULEVARD EASTBOUND & FIFTH AVENUE / GRANT STREET,1,1,0,7,1,3,0,,35,0,0,0,0,0,4,3,14
,2017_72054,39.750192,-105.0047415,3/18/2017 19:05,19:05,15,0,0,SPEER BOULEVARD NORTH & WEWATTA STREET,1,1,0,0,1,4,0,,,0,0,0,0,0,4,2,13
,2017_72055,39.750192,-105.0047415,4/16/2017 13:35,13:35,10,0,0,SPEER BOULEVARD NORTH & WEWATTA STREET,1,1,0,0,1,1,0,,25,0,0,0,0,1,4,2,14
,2017_72056,39.778722,-104.9222925,8/21/2017 9:45,9:45,10,0,0,STAPLETON DRIVE NORTH & HOLLY STREET NORTH,1,1,0,0,1,1,0,,30,0,0,0,0,1,4,2,13
,2017_72057,39.778902,-104.9498505,1/17/2017 17:05,17:05,1,0,0,STEELE STREET NORTH & 45TH AVENUE EAST,1,2,0,0,1,1,0,,30,0,0,0,0,0,4,2,3
,2017_72058,39.751578,-104.9851305,8/24/2017 20:15,20:15,6,0,0,STOUT STREET 2200 BLOCK & 22ND STREET,1,3,0,0,1,4,0,,25,0,0,0,0,0,4,2,5
,2017_72059,39.751011,-104.8987305,1/25/2017 11:25,11:25,3,0,0,SYRACUSE STREET NORTH & 23RD AVENUE EAST,1,1,0,7,1,1,0,,30,0,0,0,0,1,4,2,16
,2017_72060,39.766842,-105.0111945,1/6/2017 10:36,10:36,6,0,0,TEJON SOUTHBOUND 3600 BLOCK NORTH & 36TH AVENUE WEST,4,1,0,2,1,4,0,,85,0,0,0,0,0,4,2,14
,2017_72061,39.83338151,-104.771988,1/25/2017 16:27,16:27,12,0,0,TOWER ROAD NORTH & PENA BOULEVARD IB,1,1,0,7,1,4,0,,35,0,0,0,0,0,4,2,16
,2017_72062,39.74406575,-104.9881883,9/27/2017 22:52,22:52,15,0,0,TREMONT PLACE & TREMONT PLACE 1700 BLOCK,2,3,0,1,1,1,0,,30,0,0,0,0,0,4,2,8
,2017_72063,39.71950109,-104.95944,6/5/2017 16:40,16:40,12,0,0,UNIVERSITY BOULEVARD & 2100 BLOCK SOUTH,1,1,0,0,1,4,0,,30,0,0,0,0,1,4,2,3
,2017_72064,39.676698,-104.9875245,4/11/2017 7:35,7:35,3,0,0,WARREN AVENUE EAST & BROADWAY STREET SOUTH,1,1,0,0,1,1,0,,25,0,0,0,0,0,4,2,13
,2017_72065,39.676689,-104.973462,8/18/2017 20:59,20:59,6,0,0,WARREN AVENUE 1200 BLOCK EAST & DOWNING STREET SOUTH,1,3,0,0,1,4,0,,25,0,0,0,0,0,4,2,13
,2017_72066,39.7550034,-105.0001986,6/10/2017 23:40,23:40,15,0,0,WEWATTA STREET 1800 BLOCK & 19TH STREET,1,3,0,0,1,4,0,,,0,0,0,0,0,4,2,14
,2017_72067,39.718188,-105.0481665,3/3/2017 22:35,22:35,6,0,0,WOLFF STREET NORTH & FIRST AVENUE WEST,1,3,1,0,1,4,0,,25,0,0,0,0,0,4,3,5
,2017_72068,39.731238,-105.0486705,8/14/2017 8:33,8:33,6,0,0,WOLFF STREET 900 BLOCK NORTH & NINTH AVENUE WEST,1,1,1,0,1,4,0,,30,0,0,0,0,0,4,2,12
,2017_72069,39.667626,-104.9036175,5/15/2017 12:55,12:55,12,0,0,YALE AVENUE EAST & QUEBEC STREET SOUTH,1,1,0,0,1,4,0,,30,0,0,0,0,0,4,2,3
,2017_72070,39.667626,-104.9036175,9/18/2017 7:14,7:14,3,0,0,YALE AVENUE EAST & QUEBEC STREET SOUTH,1,1,1,0,1,1,0,,30,0,0,0,0,0,4,2,14
,2017_72071,39.79476,-104.749353,9/14/2017 17:15,17:15,3,0,0,MAXWELL PLACE EAST & JEBEL COURT NORTH,1,1,0,0,1,1,0,,30,0,0,0,0,0,4,2,13
,2017_72072,39.733443,-104.959845,8/11/2017 11:53,11:53,3,0,0,YORK STREET NORTH & 11TH AVENUE EAST,1,1,0,0,1,1,0,,30,0,0,0,0,0,4,2,8
,2017_72073,39.783789,-104.9593005,1/31/2017 7:36,7:36,3,0,0,YORK STREET NORTH & 48TH AVENUE EAST,1,1,0,0,1,2,0,,30,0,0,0,0,0,4,3,3
,2017_72074,39.764466,-104.959773,5/11/2017 20:58,20:58,3,0,0,YORK STREET NORTH & BRUCE RANDOLPH AVENUE EAST,1,3,0,0,1,2,0,,30,0,0,0,0,0,4,2,5
,2017_72075,39.721455,-104.881761,1/17/2017 7:24,7:24,5,0,0,YOSEMITE WAY NORTH & FIFTH AVENUE EAST,5,1,0,7,3,4,0,,30,0,0,0,0,0,4,1,7
,2017_72076,39.72393,-104.8839413,1/26/2017 16:49,16:49,15,0,0,YOSEMITE STREET NORTH & LOWRY BOULEVARD EAST ROUNDABOUT,1,2,0,0,1,6,0,,25,0,0,0,0,0,4,2,13
,2017_72077,39.723705,-104.8837095,3/9/2017 15:27,15:27,15,0,0,YOSEMITE WAY NORTH & LOWRY BOULEVARD EAST ROUNDABOUT,1,1,0,0,1,6,0,,45,0,0,0,0,0,4,2,13
,2017_72078,39.640392,-104.88519,7/17/2017 17:30,17:30,15,0,0,YOSEMITE STREET 4000 BLOCK SOUTH & OXFORD DRIVE EAST,1,1,0,0,1,4,0,,35,0,0,0,0,0,4,2,13
,2017_72079,39.732822,-104.8847355,8/23/2017 15:35,15:35,1,0,0,YOSEMITE STREET NORTH & 11TH AVENUE EAST,1,1,0,0,1,1,0,,30,0,0,0,0,0,4,2,1
,2017_72080,39.78576,-105.01551,6/25/2017 10:35,10:35,15,0,0,ZUNI STREET 4900 BLOCK NORTH & 50TH AVENUE WEST,1,1,0,0,1,4,0,,30,0,0,0,0,0,4,2,8
,2017_72081,39.787578,-105.01551,8/18/2017 2:20,2:20,6,0,0,ZUNI STREET 5000 BLOCK NORTH & 50TH AVENUE WEST,1,3,0,0,1,4,0,,30,0,0,0,0,0,4,2,7
,2017_72082,39.690855,-105.01569,1/29/2017 0:40,0:40,14,0,0,ZUNI STREET SOUTH & ARKANSAS AVENUE WEST,1,3,0,0,6,1,0,,30,0,0,0,0,0,4,2,1
,2017_72085,39.660192,-104.902281,1/25/2017 23:13,23:13,5,0,0,QUEBEC STREET SOUTH & DARTMOUTH AVENUE EAST,1,3,0,7,2,4,0,,30,0,0,0,0,0,4,1,5
,2017_72122,39.78501096,-104.9667244,9/19/2017 6:00,6:00,9,0,0,BRIGHTON BOULEVARD NORTH & 4910 NORTH,1,2,0,0,2,4,0,,,0,0,0,1,0,2,1,13
,2017_72123,39.71385,-104.986305,6/28/2017 23:58,23:58,6,0,0,LINCOLN STREET 150 BLOCK SOUTH & MAPLE AVENUE EAST,1,3,0,0,3,4,0,,35,0,0,0,0,0,4,2,3
,2017_72124,39.741642,-104.986134,9/16/2017 13:55,13:55,12,0,0,LINCOLN STREET NORTH & 16TH STREET EAST,1,1,0,0,1,1,0,,,0,0,0,0,0,4,2,13
,2017_72125,39.747933,-104.9861295,8/8/2017 8:22,8:22,15,0,0,LINCOLN STREET NORTH & 20TH STREET,1,1,1,0,1,4,0,,30,0,0,0,0,0,4,2,1
,2017_72126,39.707505,-104.98635,1/21/2017 11:15,11:15,3,0,0,LINCOLN STREET SOUTH & VIRGINIA AVENUE EAST,1,1,0,7,1,1,0,,30,0,0,0,0,0,4,2,16
,2017_72127,39.730626,-105.001452,6/25/2017 17:13,17:13,6,0,0,LIPAN STREET 900 BLOCK NORTH & 10TH AVENUE WEST,1,1,0,0,1,4,0,,25,0,0,0,0,0,4,2,1
,2017_72128,39.7386,-105.001443,7/14/2017 18:30,18:30,6,0,0,LIPAN STREET 1400 BLOCK NORTH & 14TH AVENUE WEST,1,1,0,0,1,4,0,,25,0,0,0,0,0,4,3,13
,2017_72129,39.770496,-105.0017715,7/18/2017 17:00,17:00,6,0,0,LIPAN STREET NORTH & 39TH AVENUE WEST,1,1,0,0,1,4,0,,30,0,0,0,0,0,4,2,7
,2017_72130,39.76934781,-105.0017056,3/3/2017 22:05,22:05,6,0,0,LIPAN STREET 3800 BLOCK NORTH & 38TH AVENUE WEST,1,3,0,0,1,4,0,,25,0,0,0,0,0,4,2,12
,2017_72133,39.775464,-105.0017535,1/5/2017 15:55,15:55,5,0,0,LIPAN STREET NORTH & 43RD AVENUE WEST,4,1,1,2,3,1,0,,25,0,0,0,0,0,4,2,14
,2017_72134,39.678516,-105.0017625,1/12/2017 9:55,9:55,10,0,0,LIPAN STREET SOUTH & EVANS AVENUE WEST,1,1,0,0,1,1,0,,35,0,0,0,0,0,4,2,13
,2017_72135,39.78252882,-104.9717383,7/31/2017 22:59,22:59,6,0,0,MARION STREET & 3000 BLOCK NORTH,1,3,0,0,1,4,0,,25,0,0,0,0,0,4,3,5
,2017_72136,39.837969,-104.6928825,1/12/2017 10:45,10:45,15,0,0,JACKSON GAP STREET 7700 BLOCK NORTH & 78TH AVENUE EAST,1,1,0,0,1,4,0,,35,0,0,0,0,0,4,2,3
,2017_72137,39.709305,-104.942574,8/14/2017 9:30,9:30,12,0,0,JACKSON STREET 300 BLOCK SOUTH & DAKOTA AVENUE EAST,1,1,0,0,1,2,0,,15,0,0,0,0,0,4,2,13
,2017_72138,39.689298,-104.943033,8/3/2017 14:16,14:16,3,0,0,JACKSON STREET SOUTH & FLORIDA AVENUE EAST,1,1,0,0,1,1,0,,30,0,0,0,0,1,4,2,13
,2017_72139,39.689298,-104.943033,8/15/2017 11:51,11:51,3,0,1,JACKSON STREET SOUTH & FLORIDA AVENUE EAST,1,1,1,0,1,1,0,,25,0,0,0,0,2,4,2,13
,2017_72140,39.696705,-104.9991345,1/7/2017 9:38,9:38,6,0,0,JASON STREET 1000 BLOCK SOUTH & MISSISSIPPI AVENUE WEST,4,1,0,0,1,4,0,,30,0,0,0,0,0,4,2,13
,2017_72141,39.696705,-104.9991345,1/13/2017 8:40,8:40,3,0,0,JASON STREET SOUTH & MISSISSIPPI AVENUE WEST,1,1,0,7,1,1,0,,60,0,0,0,0,0,4,2,16
,2017_72142,39.696705,-104.9991345,4/24/2017 12:53,12:53,6,0,0,JASON STREET 1100 BLOCK SOUTH & MISSISSIPPI AVENUE WEST,1,1,0,0,1,2,0,,25,0,0,0,0,0,4,2,13
,2017_72143,39.716532,-104.9862825,6/4/2017 22:50,22:50,6,0,0,LINCOLN STREET 900 BLOCK NORTH & LINCOLN STREET NORTH,1,3,0,0,1,4,0,,65,0,0,0,0,0,4,2,13
,2017_72144,39.73190582,-104.9861681,1/6/2017 10:15,10:15,15,0,0,LINCOLN STREET & 1100 BLOCK NORTH,1,1,1,0,1,1,0,,60,0,0,0,0,0,4,3,13
,2017_72145,39.73190582,-104.9861681,3/9/2017 13:00,13:00,12,0,0,LINCOLN STREET & 1200 BLOCK NORTH,1,1,0,0,1,4,0,,30,0,0,0,0,0,4,2,13
,2017_72146,39.73190582,-104.9861681,1/30/2017 17:20,17:20,15,0,0,LINCOLN STREET & 1500 BLOCK NORTH,1,3,0,0,1,4,0,,60,0,0,0,0,0,4,2,13
,2017_72147,39.73190582,-104.9861681,1/16/2017 7:18,7:18,12,0,0,LINCOLN STREET & 1600 BLOCK NORTH,4,1,0,2,1,3,0,,30,0,0,0,0,0,4,2,7
,2017_72148,39.720915,-104.98626,5/21/2017 2:33,2:33,6,0,0,LINCOLN STREET NORTH & THIRD AVENUE NORTH,1,3,0,0,1,4,0,,35,0,0,0,0,0,4,4,5