id,drcog_id,latitude,longitude,crashtime,time,crashtype,numbkilled,numbinjurd,drcoglocat,rdconditin,lightngcon,roadcntgrd,weatherco,location,roaddescrp,constrzone,schoolzone,splimit,bikeinv,pedinv,sctrinv,motoinv,svrty,rdsystem,ttlvehcls,hcf
,2017_72149,39.722535,-104.9862825,1/5/2017 18:50,18:50,12,0,0,LINCOLN STREET NORTH & FOURTH AVENUE EAST,4,3,0,7,1,4,0,,35,0,0,0,0,0,4,2,16
,2017_72150,39.722535,-104.9862825,4/24/2017 9:02,9:02,1,0,0,LINCOLN STREET NORTH & FOURTH AVENUE EAST,1,1,0,0,1,1,0,,25,0,0,0,0,0,4,2,13
,2017_72151,39.73041,-104.986143,1/7/2017 20:55,20:55,12,0,0,LINCOLN STREET NORTH & NINTH AVENUE EAST,4,3,0,7,1,4,0,,35,0,0,0,0,0,4,2,16
,2017_72152,39.732021,-104.98617,1/10/2017 13:45,13:45,6,0,0,LINCOLN STREET 900 NORTH & 10TH AVENUE,1,1,0,0,1,4,0,,30,0,0,0,0,0,4,2,1
,2017_72153,39.730608,-104.985963,1/23/2017 15:00,15:00,6,0,0,LINCOLN STREET 900 BLOCK NORTH & 10TH AVENUE,1,1,0,0,1,4,0,,35,0,0,0,0,0,4,2,13
,2017_72154,39.732021,-104.98617,8/1/2017 22:10,22:10,15,0,0,LINCOLN STREET NORTH & 10TH AVENUE EAST,1,3,0,0,1,4,0,,30,0,0,0,0,0,4,2,13
,2017_72155,39.73388775,-104.986104,8/11/2017 16:15,16:15,15,0,0,LINCOLN STREET 1100 BLOCK NORTH & 11TH AVENUE EAST,1,1,0,0,1,4,0,,35,0,0,0,0,0,4,2,13
,2017_72156,39.743559,-104.9859,8/9/2017 17:40,17:40,15,0,0,LINCOLN STREET 1700 BLOCK NORTH & 17TH AVENUE EAST,1,1,0,0,1,3,0,,30,0,0,0,0,0,4,3,13
,2017_72159,39.744801,-104.9861205,1/6/2017 22:00,22:00,15,0,0,LINCOLN STREET NORTH & 18TH AVENUE EAST,10,3,0,2,1,1,0,,30,0,0,0,0,0,4,2,13
,2017_72160,39.744801,-104.9861205,8/3/2017 8:15,8:15,15,0,0,LINCOLN STREET NORTH & 18TH AVENUE EAST,1,1,0,6,1,1,0,,25,0,0,0,0,0,4,2,13
,2017_72161,39.780135,-104.985783,3/25/2017 16:08,16:08,3,0,0,LINCOLN STREET NORTH & 46TH AVENUE EAST,1,1,0,0,1,1,0,,,0,0,0,0,0,4,2,13
,2017_72162,39.711141,-104.9863905,1/6/2017 17:49,17:49,6,0,0,LINCOLN STREET 200 BLOCK SOUTH & ALAMEDA AVENUE EAST,6,3,0,0,1,4,0,,30,0,0,0,0,0,4,3,13
,2017_72163,39.711141,-104.9863905,5/23/2017 13:57,13:57,15,0,0,LINCOLN STREET 300 BLOCK SOUTH & ALAMEDA AVENUE EAST,1,1,0,0,1,4,0,,30,0,0,0,0,0,4,2,13
,2017_72164,39.711141,-104.9863905,6/5/2017 10:23,10:23,12,0,0,LINCOLN STREET 300 BLOCK SOUTH & ALAMEDA AVENUE EAST,1,1,0,0,1,4,0,,30,0,0,0,0,0,4,2,13
,2017_72165,39.714732,-104.9863005,1/6/2017 20:38,20:38,15,0,0,LINCOLN STREET SOUTH & BAYAUD AVENUE EAST,5,3,0,2,1,4,0,,30,0,0,0,0,0,4,2,16
,2017_72166,39.714732,-104.9863005,4/28/2017 22:22,22:22,10,0,0,LINCOLN STREET SOUTH & BAYAUD AVENUE EAST,2,3,0,2,1,1,0,,65,0,0,0,0,0,4,2,5
,2017_72167,39.714732,-104.9863005,7/29/2017 13:13,13:13,6,0,0,LINCOLN STREET 0 BLOCK SOUTH & BAYAUD AVENUE EAST,1,1,0,0,1,4,0,,30,0,0,0,0,0,4,2,13
,2017_72168,39.779415,-104.768334,6/6/2017 10:20,10:20,5,0,0,46TH PLACE EAST & ARGONNE STREET NORTH,1,1,0,0,3,3,0,,20,0,0,0,0,0,4,1,13
,2017_72169,39.714732,-104.9863005,8/16/2017 9:45,9:45,10,0,0,LINCOLN STREET SOUTH & BAYAUD AVENUE EAST,1,1,0,0,1,1,0,,30,0,0,0,0,0,4,2,13
,2017_72170,39.709305,-104.9863905,1/19/2017 15:35,15:35,12,0,0,LINCOLN STREET SOUTH & DAKOTA AVENUE EAST,1,1,1,7,1,4,0,,30,0,0,0,0,0,4,2,3
,2017_72172,39.702033,-104.9141025,9/5/2017 8:20,8:20,10,0,0,LOCUST STREET 700 BLOCK SOUTH & OHIO AVENUE EAST,1,1,0,0,1,4,0,,25,0,0,0,0,0,4,2,13
,2017_72173,39.702033,-104.9141025,3/22/2017 7:25,7:25,6,0,0,LOCUST STREET 700 BLOCK SOUTH & OHIO STREET SOUTH,1,1,0,0,1,4,0,,25,0,0,0,0,0,4,2,13
,2017_72174,39.7895539,-104.9828997,3/10/2017 12:15,12:15,15,0,0,LOGAN STREET & 1200 BLOCK NORTH,1,1,0,0,1,1,0,,30,0,0,0,0,1,4,3,13
,2017_72175,39.7895539,-104.9828997,3/14/2017 10:40,10:40,10,0,0,LOGAN STREET & 1200 BLOCK NORTH,1,1,0,0,1,3,0,,30,0,0,0,0,0,4,2,13
,2017_72176,39.716514,-104.982633,6/16/2017 16:15,16:15,15,0,0,LOGAN STREET NORTH & LOGAN STREET 1500 BLOCK NORTH,1,1,0,0,1,2,0,,30,0,0,0,0,0,4,2,8
,2017_72177,39.716514,-104.982633,6/8/2017 15:58,15:58,15,0,0,LOGAN STREET NORTH & LOGAN STREET 4441 NORTH,1,1,0,0,1,4,0,,,0,0,0,0,0,4,5,13
,2017_72178,39.71934,-104.9826015,6/10/2017 8:55,8:55,12,0,0,LOGAN STREET SOUTH & SECOND AVENUE EAST,1,1,0,0,1,4,0,,30,0,0,0,0,0,4,2,13
,2017_72179,39.729078,-104.982408,3/28/2017 18:42,18:42,15,0,0,LOGAN STREET NORTH & EIGHTH AVENUE EAST,2,2,1,1,1,1,0,,30,0,0,0,0,0,4,2,2
,2017_72180,39.729078,-104.982408,5/31/2017 18:36,18:36,15,0,0,LOGAN STREET 700 BLOCK NORTH & EIGHTH AVENUE EAST,1,1,0,0,1,3,0,,30,0,0,0,0,0,4,2,8
,2017_72181,39.729078,-104.982408,8/21/2017 13:20,13:20,10,0,0,LOGAN STREET NORTH & EIGHTH AVENUE EAST,1,1,1,0,1,1,0,,35,0,0,0,0,0,4,2,13
,2017_72182,39.730716,-104.9819805,2/10/2017 22:00,22:00,6,0,0,LOGAN STREET 900 BLOCK NORTH & 10TH AVENUE EAST,1,3,0,0,1,3,0,,,0,0,0,0,0,4,5,5
,2017_72183,39.730716,-104.9819805,3/1/2017 9:00,9:00,6,0,0,LOGAN STREET 900 BLOCK NORTH & 10TH AVENUE EAST,1,1,0,0,1,4,0,,30,0,0,0,0,0,4,2,13
,2017_72184,39.743253,-104.9823225,9/5/2017 11:26,11:26,15,0,0,LOGAN NORTH 1700 & 17TH AVENUE EAST,1,1,0,0,1,4,0,,30,0,0,0,0,0,4,2,13
,2017_72185,39.744819,-104.9823765,1/20/2017 9:25,9:25,3,0,0,LOGAN STREET NORTH & 18TH AVENUE EAST,1,1,0,7,1,1,0,,30,0,0,0,0,0,4,2,16
,2017_72186,39.71115,-104.982795,6/24/2017 16:57,16:57,12,0,0,LOGAN STREET 300 BLOCK SOUTH & ALAMEDA AVENUE EAST,1,1,0,0,1,4,0,,30,0,0,0,0,0,4,2,13
,2017_72187,39.705696,-104.982804,1/18/2017 15:56,15:56,3,0,0,LOGAN STREET SOUTH & CENTER AVENUE EAST,2,1,0,7,1,3,0,,25,0,0,0,0,1,4,2,14
,2017_72188,39.703887,-104.9827905,1/10/2017 15:50,15:50,12,0,0,LOGAN STREET SOUTH & EXPOSITION AVENUE EAST,1,5,0,0,1,1,0,,30,0,0,0,0,0,4,3,5
,2017_72189,39.674898,-104.98284,1/11/2017 10:00,10:00,3,0,0,LOGAN STREET SOUTH & ILIFF AVENUE EAST,1,1,1,7,1,1,0,,60,0,0,0,0,0,4,2,16
,2017_72190,39.700269,-104.9827815,7/17/2017 18:00,18:00,6,0,0,LOGAN STREET SOUTH & KENTUCKY AVENUE EAST,1,1,0,0,1,4,0,,25,0,0,0,0,0,4,4,13
,2017_72191,39.698397,-104.9827815,7/28/2017 17:25,17:25,12,0,0,LOGAN STREET 1000 SOUTH & TENNESSEE AVENUE EAST,1,1,0,0,1,4,0,,30,0,0,0,0,0,4,2,13
,2017_72192,39.66948,-104.9828355,6/12/2017 16:15,16:15,6,0,0,LOGAN STREET SOUTH & VASSAR AVENUE EAST,1,1,0,0,1,4,0,,30,0,0,0,0,0,4,2,15
,2017_72193,39.693024,-104.9874615,1/14/2017 15:39,15:39,3,0,0,LOUISIANA AVENUE EAST & BROADWAY SOUTH,1,1,1,7,1,1,0,,35,0,0,0,0,0,4,2,16
,2017_72194,39.693024,-104.987466,5/8/2017 18:20,18:20,6,0,0,LOUISIANA AVENUE 00 BLOCK EAST & BROADWAY STREET SOUTH,2,1,0,1,1,4,0,,25,0,0,0,0,0,4,2,5
,2017_72195,39.692997,-104.976963,1/5/2017 18:45,18:45,5,0,0,LOUISIANA AVENUE EAST & EMERSON STREET SOUTH,4,4,1,2,3,3,0,,25,0,0,0,0,0,4,1,16
,2017_72196,39.693123,-105.0250725,8/26/2017 9:55,9:55,10,0,0,LOUISIANA AVENUE WEST & FEDERAL BOULEVARD SOUTH,1,1,0,0,1,2,0,,25,0,0,0,0,0,4,2,1
,2017_72197,39.693006,-104.9804415,3/2/2017 16:10,16:10,3,0,0,LOUISIANA AVENUE EAST & PEARL STREET SOUTH,1,1,0,0,1,1,0,,30,0,0,0,0,0,4,2,3
,2017_72198,39.693006,-104.9816025,4/26/2017 7:51,7:51,15,0,0,LOUISIANA AVENUE 400 BLOCK EAST & PENNSYLVANIA STREET SOUTH,1,1,0,0,1,5,0,,25,0,0,0,0,0,4,2,1
,2017_72199,39.692952,-104.9640435,4/11/2017 9:19,9:19,3,0,0,LOUISIANA AVENUE EAST & RACE STREET SOUTH,1,1,0,0,1,1,0,,30,0,0,0,0,0,4,2,13
,2017_72200,39.76552276,-105.0346227,7/25/2017 17:25,17:25,12,0,0,LOWELL BOULEVARD & 4500 BLOCK NORTH,2,1,1,1,1,3,0,,35,0,0,0,0,1,4,3,1
,2017_72201,39.76552276,-105.0346227,1/30/2017 17:27,17:27,12,0,0,LOWELL BOULEVARD & 5100 BLOCK NORTH,1,2,1,0,1,4,0,,30,0,0,0,0,1,4,3,3
,2017_72202,39.752109,-105.0346125,3/29/2017 8:00,8:00,6,0,0,LOWELL BOULEVARD 2425 NORTH & 24TH AVENUE WEST,2,2,0,1,1,3,0,,25,0,0,0,0,0,4,2,14
,2017_72203,39.75671953,-105.0345858,7/31/2017 21:11,21:11,6,0,0,LOWELL BOULEVARD 2700 BLOCK & 29TH AVENUE WEST,1,3,0,0,1,4,0,,30,0,0,0,0,0,4,3,5
,2017_72204,39.762117,-105.034572,1/20/2017 16:06,16:06,12,0,0,LOWELL BOULEVARD NORTH & 32ND AVENUE WEST,1,1,0,0,1,3,0,,30,0,0,0,0,0,4,2,13
,2017_72205,39.7612912,-105.0345315,3/20/2017 17:15,17:15,6,0,0,LOWELL BOULEVARD 3100 BLOCK NORTH & 32ND AVENUE WEST,1,1,0,0,1,4,0,,30,0,0,0,0,0,4,2,13
,2017_72206,39.764808,-105.034635,9/22/2017 19:25,19:25,3,0,0,LOWELL BOULEVARD NORTH & 34TH AVENUE WEST,1,4,0,0,1,1,0,,25,0,0,0,0,0,4,2,13
,2017_72207,39.767625,-105.034401,6/30/2017 1:05,1:05,6,0,0,LOWELL BOULEVARD 3700 BLOCK NORTH & 38TH AVENUE WEST,1,3,0,0,1,4,0,,25,0,0,0,0,0,4,2,13
,2017_72208,39.76961781,-105.0345556,10/2/2017 14:10,14:10,15,0,0,LOWELL BOULEVARD 3800 BLOCK NORTH & 38TH AVENUE WEST,1,1,0,0,1,4,0,,25,0,0,0,0,0,4,2,13
,2017_72209,39.770748,-105.0346215,1/6/2017 11:37,11:37,8,0,0,LOWELL BOULEVARD NORTH & 39TH AVENUE WEST,5,1,1,7,1,1,0,,30,0,0,0,0,1,4,2,16
,2017_72210,39.74330171,-104.9798355,4/5/2017 16:13,16:13,6,0,0,PEARL STREET 1700 BLOCK NORTH & 18TH AVENUE,1,1,0,0,1,4,0,,,0,0,0,0,0,4,2,13
,2017_72211,39.783735,-105.0345945,1/21/2017 5:35,5:35,6,0,0,LOWELL BOULEVARD NORTH & 48TH AVENUE WEST,1,4,3,0,1,4,0,,25,0,0,0,0,0,4,2,12
,2017_72212,39.787425,-105.034563,6/1/2017 16:56,16:56,12,0,0,LOWELL BOULEVARD NORTH & 50TH AVENUE WEST,1,1,0,0,1,3,0,,30,0,0,0,0,1,4,2,1
,2017_72213,39.714966,-105.034905,1/17/2017 18:15,18:15,12,0,0,LOWELL BOULEVARD SOUTH & BAYAUD AVENUE WEST,5,4,1,0,1,3,0,,25,0,0,0,0,1,4,2,1
,2017_72214,39.706758,-105.03504,9/10/2017 21:06,21:06,6,0,0,LOWELL BOULEVARD 500 BLOCK SOUTH & CUSTER PLACE WEST,1,3,0,0,1,4,0,,25,0,0,0,0,0,4,2,5
,2017_72215,39.66768,-105.0349725,6/1/2017 13:30,13:30,15,0,0,LOWELL BOULEVARD 2700 BLOCK SOUTH & YALE AVENUE WEST,1,1,0,0,1,3,0,,30,0,0,0,0,0,4,2,7
,2017_72216,39.72393,-104.8839413,6/7/2017 8:35,8:35,12,0,0,LOWRY BOULEVARD EAST & YOSEMITE STREET NORTH,1,1,0,0,1,6,0,,30,0,0,0,0,0,4,2,13
,2017_72217,39.72082433,-104.8889059,7/27/2017 20:15,20:15,5,0,0,LOWRY BOULEVARD & 8890 EAST,1,1,0,0,5,6,0,,25,0,0,0,0,0,3,1,8
,2017_72218,39.7170765,-104.8955513,6/1/2017 16:43,16:43,3,0,0,LOWRY BOULEVARD EAST & FAIRMOUNT DRIVE EAST,1,1,0,0,1,6,0,,25,0,0,0,0,0,4,2,13
,2017_72219,39.7170765,-104.8955513,8/21/2017 10:25,10:25,15,0,0,LOWRY BOULEVARD EAST & FAIRMOUNT DRIVE EAST,1,1,0,0,1,6,0,,15,0,0,0,0,0,4,2,13
,2017_72220,39.717045,-104.903793,8/16/2017 13:17,13:17,1,0,0,LOWRY BOULEVARD EAST & QUEBEC STREET NORTH,1,1,0,0,1,1,0,,35,0,0,0,0,0,4,2,13
,2017_72221,39.7199385,-104.8909343,4/27/2017 15:15,15:15,12,0,0,LOWRY BOULEVARD EAST & UINTA WAY SOUTH,1,1,0,0,1,6,0,,,0,0,0,0,0,4,2,13
,2017_72222,39.72082433,-104.8889059,6/29/2017 6:09,6:09,15,0,0,LOWRY BOULEVARD EAST & WAY NORTH,1,1,0,0,1,6,0,,25,0,0,0,0,0,4,2,1
,2017_72223,39.7692571,-104.9463548,8/14/2017 21:28,21:28,6,0,0,MADISON STREET 3800 BLOCK NORTH & 38TH AVENUE EAST,1,3,0,0,1,4,0,,,0,0,0,0,0,4,2,13
,2017_72224,39.718359,-104.911641,8/24/2017 14:45,14:45,6,0,0,MAGNOLIA STREET NORTH & MAGNOLIA STREET 3200 BLOCK NORTH,1,1,0,0,2,4,0,,25,0,0,0,0,0,4,2,7
,2017_72225,39.78191736,-104.981211,2/1/2017 10:00,10:00,6,0,0,PENNSYLVANIA STREET & 1500 BLOCK NORTH,1,5,0,0,1,4,0,,15,0,0,0,0,0,4,2,13
,2017_72226,39.781287,-104.742378,3/6/2017 23:05,23:05,3,0,0,MALAYA STREET NORTH & GREEN VALLEY RANCH BOULEVARD EAST,1,3,0,0,1,1,0,,35,0,0,0,0,0,4,2,13
,2017_72227,39.797658,-104.7423105,1/18/2017 6:25,6:25,6,0,0,MALTA STREET 5500 BLOCK NORTH & RANDOLPH PLACE EAST,3,5,1,0,3,2,0,,20,0,0,0,0,0,4,2,1
,2017_72228,39.713625,-104.897511,8/30/2017 8:12,8:12,3,0,0,MAPLE AVENUE EAST & TRENTON STREET SOUTH,1,1,0,0,1,1,0,,25,0,0,0,0,0,4,2,13
,2017_72229,39.78252882,-104.9717383,5/3/2017 13:30,13:30,10,0,0,MARION STREET & 1500 BLOCK NORTH,2,1,0,0,1,4,0,,30,0,0,0,0,0,4,2,13
,2017_72230,39.765762,-104.9721255,4/26/2017 8:00,8:00,3,0,0,MARION STREET NORTH & 35TH AVENUE EAST,1,1,0,0,1,1,0,,25,0,0,0,0,1,4,3,14
,2017_72231,39.711105,-104.972427,1/4/2017 22:28,22:28,3,0,0,MARION STREET SOUTH & ALAMEDA AVENUE EAST,4,3,0,2,1,3,0,,30,0,0,0,0,0,4,2,14
,2017_72232,39.740013,-104.9721435,6/27/2017 15:34,15:34,15,0,0,MARION STREET 1500 BLOCK NORTH & COLFAX AVENUE EAST,1,1,0,0,1,4,0,,25,0,0,0,0,0,4,2,8
,2017_72233,39.730716,-105.002433,8/31/2017 8:00,8:00,3,0,0,MARIPOSA STREET 900 BLOCK NORTH & 10TH AVENUE WEST,1,1,0,0,1,2,0,,25,0,0,0,0,0,4,2,14
,2017_72234,39.733686,-105.00282,7/28/2017 20:03,20:03,6,0,0,MARIPOSA STREET NORTH & 11TH AVENUE WEST,1,3,0,0,1,4,0,,30,0,0,0,0,0,4,4,14
,2017_72235,39.736872,-105.0028065,1/26/2017 18:10,18:10,6,0,0,MARIPOSA STREET NORTH & 13TH AVENUE WEST,1,3,0,0,1,4,0,,30,0,0,0,0,0,4,2,13
,2017_72236,39.736872,-105.0028065,7/30/2017 11:53,11:53,3,0,0,MARIPOSA STREET NORTH & 13TH AVENUE WEST,1,1,0,0,1,2,0,,25,0,0,0,0,0,4,2,13
,2017_72237,39.768183,-105.002604,7/17/2017 8:00,8:00,6,0,0,MARIPOSA STREET 3700 BLOCK NORTH & 38TH AVENUE WEST,1,1,1,0,1,2,0,,25,0,0,0,0,0,4,2,13
,2017_72238,39.768183,-105.002604,8/21/2017 9:25,9:25,12,0,0,MARIPOSA STREET 3700 BLOCK NORTH & 38TH AVENUE WEST,1,1,0,0,1,4,0,,25,0,0,0,0,0,4,2,1
,2017_72239,39.748014,-105.000462,3/31/2017 22:41,22:41,6,0,0,MARKET STREET 1400 BLOCK & 14TH STREET,2,3,0,1,1,4,0,,,0,0,0,0,0,4,2,13
,2017_72240,39.75031845,-104.9977268,5/19/2017 22:54,22:54,12,0,0,MARKET STREET & 2000 BLOCK,1,3,0,0,1,4,0,,30,0,0,0,0,0,4,2,13
,2017_72241,39.756411,-104.989833,8/29/2017 17:20,17:20,10,0,0,MARKET STREET & PARK AVENUE WEST,1,1,0,0,1,1,0,,25,0,0,0,0,0,4,2,8
,2017_72242,39.748014,-105.000462,8/2/2017 12:33,12:33,15,0,0,MARKET STREET 1400 BLOCK & 14TH STREET,1,1,0,0,1,4,0,,25,0,0,0,0,0,4,2,13
,2017_72243,39.748014,-105.000462,8/27/2017 0:03,0:03,15,0,0,MARKET STREET 1400 BLOCK & 14TH STREET,1,3,0,0,1,4,0,,30,0,0,0,0,0,4,2,1
,2017_72244,39.75078361,-104.9969804,6/29/2017 9:34,9:34,10,0,0,MARKET STREET 1700 BLOCK & 18TH STREET,1,1,0,0,1,4,0,,30,0,0,0,0,0,4,2,1
,2017_72245,39.75183,-104.9952915,7/23/2017 2:17,2:17,15,0,0,MARKET STREET 1800 BLOCK & 18TH STREET,1,3,0,0,1,4,0,,30,0,0,0,0,0,4,2,5
,2017_72246,39.753207,-104.993451,1/1/2017 0:20,0:20,15,0,0,MARKET STREET 1900 BLOCK & 19TH STREET,1,3,0,0,1,4,0,,35,0,0,0,0,0,4,2,13
,2017_72247,39.753207,-104.993451,3/4/2017 1:03,1:03,6,0,0,MARKET STREET 1900 BLOCK & 19TH STREET,1,3,0,0,1,4,0,,30,0,0,0,0,0,4,2,5
,2017_72248,39.753207,-104.993451,4/2/2017 2:12,2:12,15,0,0,MARKET STREET 1900 BLOCK & 19TH STREET,1,3,0,0,1,4,0,,30,0,0,0,0,0,4,2,13
,2017_72249,39.753927,-104.992551,9/29/2017 17:44,17:44,15,0,0,MARKET STREET 2000 BLOCK & 21ST STREET,1,1,0,0,1,2,0,,,0,0,0,0,0,4,2,13
,2017_72250,39.755754,-104.990211,8/22/2017 7:19,7:19,6,0,0,MARKET STREET 2200 BLOCK & 22ND STREET,1,1,0,0,1,4,0,,25,0,0,0,0,0,4,2,13
,2017_72251,39.762009,-104.917572,2/27/2017 17:54,17:54,15,0,0,MARTIN LUTHER KING BOULEVARD EAST & KEARNEY STREET NORTH,1,1,0,0,1,1,0,,35,0,0,0,0,0,4,2,13
,2017_72252,39.794787,-104.809761,1/6/2017 15:28,15:28,1,0,0,MAXWELL PLACE EAST & CHAMBERS ROAD NORTH,6,2,0,7,1,1,0,,40,0,0,0,0,0,4,2,7
,2017_72253,39.794364,-104.814702,6/6/2017 16:00,16:00,6,0,0,MAXWELL PLACE 14800 BLOCK EAST & ELKHART STREET EAST,1,1,0,0,3,4,0,,25,0,0,0,0,0,4,2,7
,2017_72254,39.79521,-104.743341,1/7/2017 10:20,10:20,3,0,0,MAXWELL PLACE EAST & MALAYA STREET NORTH,5,1,0,7,1,1,0,,20,0,0,0,0,0,4,2,1
,2017_72255,39.794652,-104.8025925,2/20/2017 14:29,14:29,3,0,0,MAXWELL PLACE EAST & PENSACOLA DRIVE NORTH,1,1,0,0,1,1,0,,25,0,0,0,0,0,4,2,7
,2017_72256,39.792438,-104.820984,3/21/2017 16:00,16:00,15,0,0,MAXWELL PLACE 15700 BLOCK EAST & PENSACOLA DRIVE EAST,1,1,0,0,1,4,0,,25,0,0,0,0,0,4,2,13
,2017_72257,39.77418291,-104.7603039,9/16/2017 14:26,14:26,6,0,0,MAYALA STREET 4100 BLOCK NORTH & 41ST PLACE EAST,1,1,0,0,1,4,0,,25,0,0,0,0,0,4,3,1
,2017_72258,39.778992,-104.9692005,1/8/2017 16:47,16:47,15,0,0,MCFARLAND DRIVE & 44TH AVENUE EAST,1,1,0,0,1,1,0,,30,0,0,0,0,0,4,2,14
,2017_72259,39.736575,-105.0357915,4/24/2017 11:40,11:40,6,0,0,MEADE STREET 1300 NORTH & WEST 13TH AVENUE,1,1,0,0,1,4,0,,25,0,0,0,0,0,4,2,14
,2017_72260,39.785454,-104.797872,6/9/2017 7:19,7:19,10,0,0,MEMPHIS STREET NORTH & 49TH AVENUE EAST,1,1,0,0,1,4,0,,35,0,0,0,0,1,4,2,1
,2017_72261,39.78827043,-104.7968327,4/3/2017 14:44,14:44,1,0,0,MEMPHIS STREET 5200 BLOCK NORTH & 53RD AVENUE,1,1,0,0,1,4,0,,35,0,0,0,0,1,4,4,14
,2017_72262,39.68577,-104.9875425,1/16/2017 13:42,13:42,6,0,0,MEXICO AVENUE & 2175 WEST MEXICO AVENUE,1,1,0,0,1,4,0,,25,0,0,0,0,0,4,3,5
,2017_72263,39.685662,-104.9394825,8/18/2017 12:01,12:01,3,0,0,MEXICO AVENUE 4100 BLOCK EAST & ALBION STREET SOUTH,1,1,0,0,1,3,0,,30,0,0,0,0,0,4,2,14
,2017_72264,39.685698,-104.9361165,6/15/2017 23:55,23:55,6,0,0,MEXICO AVENUE EAST & SOUTH BIRCH STREET,1,3,0,0,1,4,0,,25,0,0,0,0,0,4,2,5
,2017_72265,39.685761,-104.9875425,9/24/2017 13:23,13:23,6,0,0,MEXICO AVENUE EAST & BROADWAY STREET SOUTH,2,1,0,1,1,1,0,,30,0,0,0,0,0,4,2,13
,2017_72266,39.762018,-104.9240115,2/19/2017 19:35,19:35,6,0,0,MLK BOULEVARD 5500 BLOCK EAST & HUDSON STREET NORTH,1,3,0,0,1,4,0,,30,0,0,0,0,0,4,2,2
,2017_72267,39.696624,-104.9874525,9/23/2017 17:00,17:00,6,0,0,MISSISSIPPI AVENUE WEST & MISSISSIPPI AVENUE 4200 BLOCK WEST,2,1,0,1,1,4,0,,25,0,0,0,0,0,4,2,7
,2017_72268,39.696759,-105.017004,7/17/2017 0:15,0:15,12,0,0,MISSISSIPPI AVENUE WEST & ALCOTT STREET SOUTH,1,3,0,0,1,1,0,,25,0,0,0,0,0,4,2,3
,2017_72269,39.696624,-104.9874525,1/30/2017 15:24,15:24,15,0,0,MISSISSIPPI AVENUE 000 BLOCK WEST & BROADWAY STREET SOUTH,1,1,1,0,1,3,0,,30,0,0,0,0,0,4,2,13
,2017_72270,39.696624,-104.9874525,7/17/2017 13:05,13:05,12,0,0,MISSISSIPPI AVENUE 000 BLOCK WEST & BROADWAY STREET SOUTH,1,1,1,0,1,3,0,,30,0,0,0,0,0,4,2,13
,2017_72271,39.696732,-105.02037,1/17/2017 8:25,8:25,3,0,0,MISSISSIPI AVENUE WEST & CLAY STREET SOUTH,5,1,0,0,1,1,0,,30,0,0,0,0,1,4,2,13
,2017_72272,39.696732,-105.02037,1/20/2017 17:24,17:24,3,0,0,MISSISSIPPI AVENUE WEST & CLAY STREET SOUTH,1,3,0,0,1,1,0,,25,0,0,0,0,0,4,3,13
,2017_72273,39.762009,-104.934393,7/24/2017 15:51,15:51,5,0,0,MLK BOULEVARD 4500 BLOCK EAST & CHERRY STREET NORTH,1,1,0,0,2,4,0,,35,0,0,0,0,1,4,1,5
,2017_72274,39.696588,-104.961735,8/23/2017 16:33,16:33,12,0,0,MISSISSIPPPI AVENUE EAST & GAYLORD STREET SOUTH,1,1,0,0,1,1,0,,25,0,0,0,0,0,4,2,13
,2017_72275,39.696687,-104.996835,1/11/2017 16:35,16:35,1,0,0,MISSISSIPPI AVENUE WEST & HURON STREET SOUTH,1,2,1,7,1,1,0,,65,0,0,0,0,1,4,2,16
,2017_72276,39.696705,-104.9991345,4/25/2017 8:35,8:35,3,0,0,MISSISSIPPI AVENUE WEST & JASON STREET SOUTH,1,1,0,0,1,1,0,,30,0,0,0,0,0,4,2,13
,2017_72277,39.696696,-105.001533,1/16/2017 5:50,5:50,15,0,0,MISSISSIPPI AVENUE WEST & LIPAN STREET SOUTH,4,2,1,2,1,3,0,,35,0,0,0,0,0,4,2,13
,2017_72278,39.696696,-105.001533,7/31/2017 8:12,8:12,5,0,0,MISSISSIPPI AVENUE WEST & LIPAN STREET SOUTH,1,1,1,0,2,1,0,,,0,0,0,0,0,4,1,13
,2017_72279,39.696624,-104.9827815,1/18/2017 14:06,14:06,3,0,0,MISSISSIPPI AVENUE EAST & LOGAN STREET SOUTH,2,1,0,0,1,1,0,,30,0,0,0,0,1,4,2,14
,2017_72280,39.696615,-104.912973,8/30/2017 15:00,15:00,10,0,0,MISSISSIPPI AVENUE EAST & MONACO STREET SOUTH,1,1,0,0,1,1,0,,25,0,0,0,0,0,4,2,13
,2017_72281,39.674835,-104.912973,8/29/2017 16:57,16:57,3,0,0,MONACO STREET SOUTH & ILIFF AVENUE EAST,1,1,0,0,1,1,0,,30,0,0,0,0,1,4,2,14
,2017_72282,39.6963,-104.8974705,5/31/2017 7:11,7:11,15,0,0,MISSISSIPPI AVENUE 7800 BLOCK EAST & PARKER ROAD SOUTH,1,1,0,0,1,3,0,,40,0,0,0,0,0,4,2,13
,2017_72283,39.696669,-104.9929605,1/31/2017 19:09,19:09,15,0,0,MISSISSIPPI AVENUE WEST & PLATTE RIVER DRIVE SOUTH,1,3,0,0,1,3,0,,65,0,0,0,0,0,4,2,7
,2017_72284,39.69675,-105.010713,1/10/2017 17:07,17:07,1,0,0,MISSISSIPPI AVENUE WEST & SHOSHONE STREET SOUTH,1,1,0,0,1,1,0,,35,0,0,0,0,0,4,2,1