id,drcog_id,latitude,longitude,crashtime,time,crashtype,numbkilled,numbinjurd,drcoglocat,rdconditin,lightngcon,roadcntgrd,weatherco,location,roaddescrp,constrzone,schoolzone,splimit,bikeinv,pedinv,sctrinv,motoinv,svrty,rdsystem,ttlvehcls,hcf
,2017_72285,39.69657,-104.945364,6/25/2017 1:11,1:11,5,0,0,MONROE STREET 1100 BLOCK SOUTH & MISSISSIPPI AVENUE EAST,1,4,0,0,1,4,0,,20,0,0,0,0,1,4,1,5
,2017_72286,39.69675,-105.0127245,6/12/2017 18:30,18:30,3,0,0,MISSISSIPPI AVENUE WEST & TEJON STREET SOUTH,1,1,0,0,1,2,0,,40,0,0,0,0,0,4,2,7
,2017_72287,39.696579,-104.959323,7/23/2017 13:05,13:05,3,0,0,MISSISSIPPI AVENUE EAST & UNIVERSITY BOULEVARD SOUTH,1,1,0,0,1,1,0,,30,0,0,0,0,0,4,3,1
,2017_72288,39.696759,-105.0156675,3/29/2017 22:02,22:02,12,0,0,MISSISSIPPI AVENUE WEST & ZUNI STREET SOUTH,1,3,0,0,1,3,0,,30,0,0,0,0,1,4,2,5
,2017_72289,39.776562,-104.7554415,1/1/2017 5:00,5:00,6,0,0,MITCHELL PLACE & 19985 EAST MITCHELL PLACE,1,3,0,0,1,4,0,,25,0,0,0,0,0,4,2,13
,2017_72290,39.776337,-104.7558825,1/1/2017 4:00,4:00,6,0,0,MITCHELL CIRCLE EAST & MITCHELL PLACE EAST,1,3,0,0,1,4,0,,25,0,0,0,0,0,4,2,7
,2017_72291,39.76119,-104.90274,9/12/2017 16:36,16:36,12,0,0,MLK BOULEVARD EAST & MLK BOULEVARD 1600 BLOCK EAST,1,1,0,0,1,4,0,,30,0,0,0,0,0,4,2,2
,2017_72292,39.761838,-104.9383125,10/4/2017 7:57,7:57,1,0,0,MLK BOULEVARD EAST & ASH STREET NORTH,1,1,0,0,1,1,0,,35,0,0,0,0,0,4,2,13
,2017_72293,39.762009,-104.93685,2/28/2017 3:41,3:41,6,0,0,MLK BOULEVARD EAST & BELLAIRE STREET NORTH,1,3,1,0,1,4,0,,35,0,0,0,0,0,4,3,13
,2017_72294,39.759876,-104.890752,1/2/2017 8:13,8:13,3,0,0,MLK BOULEVARD & CENTRAL PARK BOULEVARD,1,1,0,7,1,1,0,,30,0,0,0,0,1,4,3,3
,2017_72295,39.759876,-104.890752,4/4/2017 16:15,16:15,3,0,0,MLK BOULEVARD & CENTRAL PARK BOULEVARD NORTH,2,1,0,2,1,1,0,,35,0,0,0,0,0,4,2,13
,2017_72296,39.759876,-104.890752,8/18/2017 19:08,19:08,3,0,0,MLK BOULEVARD EAST & CENTRAL PARK BOULEVARD NORTH,1,5,0,0,1,1,0,,35,0,0,0,0,0,4,2,13
,2017_72297,39.761784,-104.9405175,8/31/2017 16:17,16:17,15,0,0,MLK BOULEVARD EAST & COLORADO BOULEVARD,1,1,0,0,1,1,0,,30,0,0,0,0,0,4,2,13
,2017_72298,39.762009,-104.933151,3/10/2017 14:35,14:35,15,0,0,MLK BOULEVARD EAST & DEXTER STREET NORTH,1,1,0,0,1,4,0,,,0,0,0,0,1,4,2,14
,2017_72299,39.772431,-104.907681,2/9/2017 18:10,18:10,6,0,0,ONEIDA STREET 3900 BLOCK NORTH & SMITH ROAD EAST,1,2,0,0,1,4,0,,25,0,0,0,0,0,4,2,5
,2017_72300,39.761775,-104.956101,1/16/2017 6:59,6:59,12,0,0,MLK BOULEVARD & ELIZABETH STREET NORTH,5,1,0,2,1,3,0,,35,0,0,0,0,0,4,2,16
,2017_72301,39.761838,-104.929371,1/26/2017 13:17,13:17,3,0,2,MLK BOULEVARD & ELM STREET EAST,1,1,0,7,1,1,0,,25,0,0,0,0,2,4,2,16
,2017_72302,39.760074,-104.8742415,1/8/2017 10:58,10:58,3,0,0,MLK BOULEVARD & EMPORIA STREET NORTH,12,1,0,0,1,1,0,,20,0,0,0,0,1,4,2,13
,2017_72303,39.761838,-104.9305545,4/19/2017 8:31,8:31,6,0,0,MLK BOULEVARD EAST & EUDORA STREET NORTH,1,1,0,0,1,4,0,,,0,0,0,0,0,4,2,13
,2017_72304,39.762,-104.919966,6/25/2017 11:42,11:42,10,0,1,MLK BOULEVARD EAST & IVY STREET NORTH,1,1,1,0,1,3,0,,35,0,0,0,1,2,4,2,7
,2017_72305,39.761829,-104.9524155,7/24/2017 19:09,19:09,6,0,1,MLK BOULEVARD 3000 BLOCK EAST & MILWAUKEE STREET NORTH,1,1,0,0,1,4,0,,35,0,0,0,1,2,4,2,14
,2017_72306,39.762,-104.912865,9/29/2017 10:36,10:36,1,0,0,MLK BOULEVARD EAST & MONACO STREET NORTH,1,1,0,0,1,1,0,,35,0,0,0,0,0,4,2,14
,2017_72307,39.761973,-104.910561,8/24/2017 16:37,16:37,1,0,3,MLK BOULEVARD EAST & NIAGARA STREET NORTH,1,1,0,0,1,1,0,,35,0,0,0,0,2,4,2,1
,2017_72308,39.761982,-104.9081715,1/4/2017 18:00,18:00,12,0,0,MLK BOULEVARD & ONEIDA STREET NORTH,5,3,0,2,1,4,0,,35,0,0,0,0,0,4,2,16
,2017_72309,39.761982,-104.9081715,8/10/2017 21:30,21:30,1,0,0,MLK BOULEVARD EAST & ONEIDA STREET NORTH,1,3,0,0,1,1,0,,25,0,0,0,0,0,4,2,13
,2017_72310,39.761973,-104.905773,5/1/2017 17:25,17:25,12,0,0,MLK BOULEVARD EAST & PONTIAC NORTH,1,1,0,0,1,4,0,,35,0,0,0,0,1,4,2,13
,2017_72311,39.761964,-104.903451,3/6/2017 9:54,9:54,3,0,0,MLK BOULEVARD 7300 BLOCK EAST & QUEBEC STREET NORTH,1,1,0,6,1,1,0,,35,0,0,0,0,0,4,2,13
,2017_72312,39.761964,-104.903451,4/14/2017 18:44,18:44,3,0,0,MLK BOULEVARD EAST & QUEBEC STREET NORTH,1,1,0,0,1,1,0,,30,0,0,0,0,0,4,2,13
,2017_72313,39.761964,-104.903451,6/1/2017 7:56,7:56,3,0,0,MLK BOULEVARD EAST & QUEBEC STREET NORTH,1,1,0,0,1,1,0,,35,0,0,0,0,0,4,2,13
,2017_72314,39.761964,-104.903451,9/29/2017 4:42,4:42,3,0,0,MLK BOULEVARD EAST & QUEBEC STREET NORTH,1,3,0,0,1,3,0,,35,0,0,0,0,0,4,2,13
,2017_72315,39.761829,-104.9511735,4/27/2017 20:23,20:23,3,0,0,MLK BOULEVARD EAST & STREET PAUL STREET NORTH,2,3,0,1,1,1,0,,30,0,0,0,0,1,4,3,14
,2017_72316,39.76011,-104.899023,7/20/2017 7:25,7:25,12,0,0,MLK BOULEVARD EAST & SYRACUSE STREET NORTH,1,1,0,0,1,1,0,,35,0,0,0,0,0,4,2,14
,2017_72317,39.762018,-104.959773,1/9/2017 12:46,12:46,15,0,0,MLK BOULEVARD & YORK STREET NORTH,2,1,0,7,1,3,0,,30,0,0,0,0,0,4,3,14
,2017_72318,39.762018,-104.959773,6/29/2017 0:35,0:35,3,0,2,MLK BOULEVARD EAST & YORK STREET NORTH,1,3,1,0,1,1,0,,30,0,0,0,0,2,4,2,13
,2017_72319,39.760056,-104.8705425,1/5/2017 13:20,13:20,3,0,0,MLK BOULEVARD EAST & FULTON STREET NORTH,6,1,0,2,1,1,0,,65,0,0,0,0,0,4,2,13
,2017_72320,39.762,-104.912865,1/12/2017 22:48,22:48,3,0,0,MLK BOULEVARD EAST & MONACO STREET NORTH,2,3,0,0,1,1,0,,35,0,0,0,0,1,4,2,13
,2017_72321,39.762,-104.912865,1/20/2017 10:40,10:40,14,0,0,MLK BOULEVARD EAST & MONACO STREET NORTH,1,1,0,0,1,1,0,,35,0,0,0,0,0,4,2,13
,2017_72322,39.762018,-104.959773,1/5/2017 16:26,16:26,15,0,0,MLK BOULEVARD EAST & YORK STREET NORTH,5,1,0,2,1,4,0,,30,0,0,0,0,0,4,2,13
,2017_72323,39.762018,-104.962203,7/13/2017 22:30,22:30,10,0,0,MLK BOULEVARD EAST & VINE STREET NORTH,1,3,0,0,1,1,0,,35,0,0,0,0,0,4,2,13
,2017_72324,39.786543,-104.8541805,1/9/2017 12:00,12:00,6,0,0,MOLINE STREET 4900 BLOCK NORTH & 51ST AVENUE EAST,1,1,0,0,1,4,0,,25,0,0,0,0,0,4,2,14
,2017_72325,39.788037,-104.854221,8/2/2017 10:39,10:39,3,0,0,MOLINE STREET 5000 BLOCK NORTH & 51ST AVENUE,1,1,0,0,1,2,0,,25,0,0,0,0,0,4,2,2
,2017_72326,39.716667,-104.912883,6/26/2017 8:45,8:45,5,0,0,MONACO PARKWAY & MONACO PARKWAY 99 SOUTH,1,1,0,0,4,1,0,,35,0,0,0,0,0,4,1,13
,2017_72327,39.773142,-104.9127615,9/8/2017 12:28,12:28,7,0,0,MONACO STREET NORTH & MONACO STREET 4300 NORTH,1,1,0,0,1,4,0,,30,0,0,0,0,0,4,3,8
,2017_72328,39.725334,-104.912793,6/14/2017 15:10,15:10,15,0,0,MONACO STREET NORTH & SIXTH AVENUE EAST,1,1,0,0,1,4,0,,30,0,0,0,0,0,4,2,13
,2017_72329,39.725334,-104.912793,7/18/2017 15:02,15:02,3,0,0,MONACO STREET NORTH & SIXTH AVENUE EAST,1,1,0,0,1,1,0,,30,0,0,0,0,0,4,2,8
,2017_72330,39.767445,-104.9069835,7/26/2017 12:47,12:47,5,0,0,OLIVE STREET 3630 NORTH & 36TH AVENUE EAST,1,1,2,1,3,4,0,,25,0,0,0,0,0,4,2,13
,2017_72331,39.73365,-104.912811,1/22/2017 13:54,13:54,3,0,0,MONACO PARKWAY NORTH & 11TH AVENUE,1,1,0,7,1,1,0,,30,0,0,0,0,1,4,2,16
,2017_72332,39.73365,-104.912811,9/28/2017 12:33,12:33,6,0,0,MONACO STREET NORTH & 11TH AVENUE EAST,1,1,0,0,1,4,0,,30,0,0,0,0,0,4,2,13
,2017_72333,39.743478,-104.9128155,1/17/2017 16:46,16:46,12,0,0,MONACO STREET NORTH & 17TH AVENUE EAST,1,1,0,7,1,4,0,,30,0,0,0,0,0,4,2,12
,2017_72334,39.711366,-104.912964,1/31/2017 8:34,8:34,12,0,0,MONACO STREET & ALAMEDA AVENUE EAST,1,1,0,7,1,1,0,,60,0,0,0,0,0,4,2,16
,2017_72335,39.711366,-104.912964,4/28/2017 15:33,15:33,15,0,0,MONACO STREET 300 BLOCK SOUTH & ALAMEDA AVENUE EAST ,1,1,0,0,1,2,0,,30,0,0,0,0,0,4,2,13
,2017_72336,39.711366,-104.912964,7/28/2017 17:15,17:15,15,0,0,MONACO STREET SOUTH & ALAMEDA AVENUE EAST,1,1,0,0,1,1,0,,35,0,0,0,0,0,4,2,13
,2017_72337,39.695283,-104.912973,7/30/2017 11:25,11:25,3,0,0,MONACO STREET 1200 BLOCK SOUTH & ARIZONA AVENUE EAST,1,1,0,0,1,2,0,,30,0,0,0,0,0,4,2,13
,2017_72338,39.700368,-105.0391035,8/13/2017 8:00,8:00,6,0,0,PATTON COURT 800 BLOCK SOUTH & KENTUCKY AVENUE WEST,1,1,0,0,1,4,0,,25,0,0,0,0,0,4,2,5
,2017_72339,39.680028,-104.912982,1/31/2017 15:55,15:55,15,0,0,MONACO STREET & ASBURY AVENUE EAST,1,1,0,7,1,3,0,,35,0,0,0,0,0,4,2,16
,2017_72340,39.762,-104.912865,1/25/2017 8:15,8:15,12,0,0,MONACO STREET NORTH & MLK BOULEVARD,1,1,0,7,1,3,0,,35,0,0,0,0,0,4,2,16
,2017_72341,39.713094,-104.9129415,1/4/2017 13:00,13:00,3,0,0,MONACO STREET SOUTH & CEDAR AVENUE EAST,4,1,1,2,1,1,0,,35,0,0,0,0,1,4,3,13
,2017_72342,39.713094,-104.9129415,4/24/2017 19:00,19:00,3,0,0,MONACO STREET SOUTH & CEDAR AVENUE EAST,1,3,0,0,1,1,0,,40,0,0,0,0,0,4,2,13
,2017_72343,39.730599,-105.0373125,8/31/2017 7:07,7:07,6,0,0,NEWTON STREET 900 BLOCK NORTH & NINTH AVENUE WEST,1,1,1,0,1,4,0,,,0,0,0,0,0,4,2,13
,2017_72344,39.678435,-104.9127435,1/16/2017 15:30,15:30,15,0,0,MONACO STREET 2000 BLOCK SOUTH & EVANS AVENUE EAST,1,5,1,0,1,1,0,,35,0,0,0,0,0,4,2,13
,2017_72345,39.678435,-104.9127435,1/26/2017 16:00,16:00,12,0,0,MONACO STREET & EVANS AVENUE EAST,1,1,1,7,1,3,0,,35,0,0,0,0,0,4,2,12
,2017_72346,39.678435,-104.9127435,3/12/2017 8:06,8:06,15,0,0,MONACO STREET SOUTH & EVANS AVENUE EAST,1,1,0,0,1,1,0,,35,0,0,0,0,0,4,2,13
,2017_72347,39.703887,-104.912964,1/31/2017 12:50,12:50,12,0,0,MONACO STREET & EXPOSITION AVENUE EAST,1,1,1,7,1,4,0,,35,0,0,0,0,0,4,3,7
,2017_72348,39.703887,-104.912964,6/6/2017 22:28,22:28,3,0,0,MONACO STREET SOUTH & EXPOSITION AVENUE EAST,1,3,0,0,1,1,0,,35,0,0,0,0,0,4,2,14
,2017_72349,39.653073,-104.9130225,4/3/2017 14:24,14:24,15,0,0,MONACO STREET 3400 BLOCK SOUTH & HAMPDEN AVENUE EAST,1,1,1,0,1,4,0,,,0,0,0,0,0,4,2,13
,2017_72350,39.643407,-104.91228,7/20/2017 13:45,13:45,9,0,0,MONACO STREET 3700 BLOCK SOUTH & MAGNOLIA WAY SOUTH,1,1,0,0,3,3,0,,30,0,0,0,1,1,4,2,13
,2017_72351,39.643407,-104.91228,9/12/2017 20:42,20:42,6,0,0,MONACO PARKWAY SOUTH & MAGNOLIA WAY SOUTH,1,3,0,0,1,4,0,,35,0,0,0,0,0,4,2,13
,2017_72352,39.685698,-104.912892,2/3/2017 8:25,8:25,8,0,0,MONACO STREET & MEXICO AVENUE EAST,5,1,0,2,1,4,0,,35,0,0,0,0,0,4,2,7
,2017_72353,39.763989,-104.9078115,6/29/2017 10:10,10:10,5,0,0,ONEIDA STREET 3300 BLOCK NORTH & 33RD AVENUE EAST,1,1,0,0,5,5,0,,5,0,0,0,0,0,3,1,14
,2017_72354,39.762,-104.912865,7/17/2017 16:30,16:30,12,0,0,MONACO STREET NORTH & MLK BOULEVARD EAST,1,1,0,0,1,3,0,,35,0,0,0,0,0,4,3,1
,2017_72355,39.651165,-104.91309,1/24/2017 18:50,18:50,3,0,0,MONACO STREET PARKWAY SOUTH & NARCISSUS WAY EAST,1,3,0,0,1,1,0,,40,0,0,0,0,0,4,2,7
,2017_72356,39.651165,-104.91309,9/21/2017 12:20,12:20,3,0,1,MONACO STREET SOUTH & NARCISSUS WAY SOUTH,1,1,0,0,1,1,0,,30,0,0,0,0,2,4,2,13
,2017_72357,39.649563,-104.9131035,9/5/2017 9:29,9:29,10,0,0,MONACO STREET SOUTH & NIAGARA WAY SOUTH,1,1,0,0,1,1,0,,35,0,0,0,0,0,4,2,13
,2017_72358,39.63816,-104.912532,9/15/2017 8:47,8:47,10,0,0,MONACO STREET 3400 & QUINCE STREET SOUTH,1,1,0,0,1,4,1,,,0,0,0,0,0,4,2,13
,2017_72359,39.778686,-104.912874,1/19/2017 21:55,21:55,15,0,0,MONACO STREET NORTH & STAPLETON NORTH DRIVE EAST,1,3,0,0,1,1,0,,30,0,0,0,0,0,4,2,13
,2017_72360,39.627432,-104.9112675,6/1/2017 9:31,9:31,3,0,0,MONACO STREET 4500 BLOCK SOUTH & UNION AVENUE EAST,1,1,0,0,1,2,0,,15,0,0,0,0,0,4,2,1
,2017_72361,39.707478,-104.912946,2/3/2017 7:34,7:34,12,0,0,MONACO STREET & VIRGINIA AVENUE EAST,5,1,0,2,1,1,0,,35,0,0,0,0,0,4,2,16
,2017_72362,39.707478,-104.912946,2/3/2017 8:04,8:04,12,0,0,MONACO STREET & VIRGINIA AVENUE EAST,5,1,0,7,1,3,0,,35,0,0,0,0,0,4,2,16
,2017_72363,39.667626,-104.912964,1/12/2017 8:08,8:08,1,0,0,MONACO STREET SOUTH & YALE AVENUE EAST,1,1,0,0,1,1,0,,35,0,0,0,0,1,4,2,7
,2017_72364,39.691422,-104.912901,8/13/2017 15:39,15:39,8,0,1,MONACO STREET SOUTH & CHERRY CREEK NORTH DRIVE EAST,2,1,0,1,1,4,0,,65,0,0,0,0,2,4,2,10
,2017_72365,39.703887,-104.912964,7/24/2017 13:26,13:26,5,0,2,MONACO STREET 700 BLOCK SOUTH & EXPOSITION AVENUE EAST,1,1,1,0,3,3,0,,35,0,0,0,0,2,4,5,5
,2017_72366,39.76300032,-105.0486345,1/23/2017 13:05,13:05,14,0,0,MONCRIEFF PLACE & 3300 BLOCK WEST,1,1,1,0,1,4,0,,25,0,0,0,0,0,4,2,13
,2017_72367,39.747456,-104.884695,8/10/2017 20:41,20:41,15,0,0,MONTVIEW BOULEVARD EAST & CENTRAL PARK BOULEVARD NORTH,1,3,0,0,1,4,0,,30,0,0,0,0,0,4,2,13
,2017_72368,39.747456,-104.884695,8/16/2017 7:45,7:45,15,0,0,MONTVIEW BOULEVARD EAST & CENTRAL PARK BOULEVARD NORTH,1,1,0,0,1,4,0,,35,0,0,0,0,0,4,2,13
,2017_72369,39.747375,-104.933943,1/5/2017 10:50,10:50,3,0,0,MONTVIEW BOULEVARD & CHERRY STREET NORTH,4,1,0,2,1,1,0,,30,0,0,0,0,0,4,2,7
,2017_72370,39.74742,-104.916321,3/31/2017 11:59,11:59,3,0,0,MONTVIEW BOULEVARD EAST & KRAMERIA STREET NORTH,2,1,0,1,1,1,0,,25,0,0,0,0,0,4,2,13
,2017_72371,39.747447,-104.906961,8/15/2017 17:54,17:54,15,0,0,MONTVIEW BOULEVARD EAST & OLIVE STREET NORTH,1,5,0,0,1,4,0,,30,0,0,0,0,0,4,2,1
,2017_72372,39.747438,-104.90346,1/10/2017 14:44,14:44,12,0,0,MONTVIEW BOULEVARD & QUEBEC STREET NORTH,1,1,0,0,1,4,0,,30,0,0,0,0,0,4,4,5
,2017_72373,39.76328995,-105.0079552,8/15/2017 10:42,10:42,6,0,0,QUIVAS STREET 3300 BLOCK NORTH & 33RD AVENUE WEST,1,1,0,0,1,4,0,,25,0,0,0,0,0,4,2,14
,2017_72374,39.747429,-104.899896,1/9/2017 17:41,17:41,3,0,0,MONTVIEW BOULEVARD EAST & ROSEMARY STREET NORTH,1,3,0,0,1,1,0,,30,0,0,0,0,0,4,2,7
,2017_72375,39.73925455,-105.0213076,7/24/2017 2:36,2:36,5,0,0,MORRISON ROAD & 4000 BLOCK,1,3,0,0,3,4,0,,35,0,0,0,0,0,4,1,7
,2017_72376,39.759426,-104.9937435,4/29/2017 22:30,22:30,5,0,0,PARK AVENUE WEST & DELGANEY STREET,5,3,1,0,2,4,0,,35,0,0,0,0,0,4,1,13
,2017_72377,39.73925455,-105.0213076,1/8/2017 21:00,21:00,12,0,0,MORRISON ROAD & 4600 BLOCK,1,3,0,0,1,4,0,,35,0,0,0,0,0,4,2,13
,2017_72378,39.711204,-105.032745,8/4/2017 13:29,13:29,15,0,0,MORRISON ROAD & ALAMEDA AVENUE WEST,1,1,0,0,1,3,0,,30,0,0,0,0,0,4,2,3
,2017_72379,39.710313,-105.0340635,1/22/2017 11:20,11:20,12,0,0,MORRISON ROAD & NEVADA PLACE WEST,1,1,0,7,1,1,0,,30,0,0,0,0,0,4,2,16
,2017_72380,39.702087,-105.04575,9/2/2017 23:37,23:37,5,0,0,MORRISON ROAD 4400 BLOCK & UTICA STREET SOUTH,1,3,0,0,2,4,0,,,0,0,0,0,0,4,1,1
,2017_72381,39.703959,-105.043095,8/10/2017 14:49,14:49,3,0,0,MORRISON ROAD & WALSH PLACE WEST,1,1,0,0,1,3,0,,35,0,0,0,0,0,4,2,3
,2017_72382,39.74506348,-104.9751936,1/29/2017 18:00,18:00,5,0,0,PARK AVENUE WEST 1800 BLOCK & 17TH AVENUE EAST,1,4,0,0,2,4,0,,30,0,0,0,0,0,4,1,13
,2017_72383,39.703959,-105.043095,9/9/2017 12:58,12:58,12,0,0,MORRISON ROAD & WALSH PLACE,1,1,0,0,1,4,0,,25,0,0,0,0,0,4,2,13
,2017_72384,39.764529,-105.0040215,6/2/2017 8:06,8:06,6,0,0,NAVAJO STREET 3400 BLOCK NORTH & 34TH AVENUE,1,1,0,0,1,4,0,,25,0,0,0,0,0,4,2,14
,2017_72385,39.705768,-105.003846,6/22/2017 9:30,9:30,5,0,0,NAVAJO STREET 1200 BLOCK SOUTH & CENTER AVENUE WEST,1,1,2,0,3,4,0,,25,0,0,0,0,1,4,1,14
,2017_72386,39.709332,-105.003873,4/13/2017 10:15,10:15,6,0,0,NAVAJO STREET 300 BLOCK SOUTH & DAKOTA AVENUE WEST,1,1,0,0,1,4,0,,,0,0,0,0,0,4,2,13
,2017_72387,39.710295,-105.029811,4/25/2017 19:30,19:30,3,0,0,NEVADA PLACE WEST & IRVING STREET SOUTH,2,3,0,1,1,1,0,,30,0,0,0,0,1,4,2,13
,2017_72388,39.625407,-104.9069835,9/7/2017 9:37,9:37,15,0,0,NEWPORT STREET 4900 BLOCK SOUTH & CHENANGO AVENUE EAST,1,1,0,0,1,4,0,,25,0,0,0,0,0,4,2,14
,2017_72389,39.753198,-105.0025905,8/7/2017 17:05,17:05,15,0,0,16TH STREET & WEWATTA STREET,2,1,0,1,1,1,0,,,0,0,0,0,0,4,2,13
,2017_72390,39.716541,-105.0373035,7/22/2017 17:20,17:20,6,0,0,NEWTON STREET SOUTH & NEWTON STREET 2114 SOUTH,1,1,0,0,1,4,0,,,0,0,0,0,0,4,2,13
,2017_72391,39.72294,-105.0373125,3/2/2017 1:45,1:45,6,0,0,NEWTON STREET NORTH & FOURTH AVENUE WEST,1,4,1,0,1,4,0,,25,0,0,0,0,0,4,2,13
,2017_72392,39.672288,-105.036804,4/12/2017 19:15,19:15,6,0,0,NEWTON STREET SOUTH & HARVARD AVENUE WEST,1,2,0,0,1,4,0,,25,0,0,0,0,0,4,2,13
,2017_72393,39.63852,-105.037272,3/15/2017 17:20,17:20,3,0,0,NEWTON STREET SOUTH & QUINCY AVENUE WEST,1,1,0,0,1,3,0,,25,0,0,0,0,0,4,2,14
,2017_72394,39.627594,-104.909004,1/11/2017 13:58,13:58,3,0,0,NIAGARA STREET SOUTH & UNION AVENUE EAST,1,1,1,0,1,3,0,,35,0,0,0,0,0,4,2,14
,2017_72395,39.755745,-104.989014,8/12/2017 16:38,16:38,12,0,0,PARK AVENUE WEST 1200 BLOCK & LARIMER STREET,1,1,0,0,1,4,0,,30,0,0,0,0,0,4,2,13
,2017_72396,39.625317,-104.908914,7/17/2017 8:25,8:25,3,0,0,NIAGARA STREET SOUTH & CHENANGO AVENUE EAST,1,1,1,0,1,1,0,,25,0,0,0,0,0,4,2,13
,2017_72397,39.78244265,-104.8525754,9/27/2017 6:25,6:25,6,0,0,NOME STREET 4700 BLOCK NORTH & 47TH AVENUE EAST,1,2,0,0,1,4,0,,25,0,0,0,0,0,4,2,7
,2017_72398,39.83338151,-104.771988,1/5/2017 11:28,11:28,5,0,0,PENA BOULEVARD OB 7100 BLOCK & TOWER ROAD,6,1,0,2,2,4,0,,65,0,0,0,0,0,4,1,5
,2017_72399,39.785724,-104.883093,1/16/2017 10:53,10:53,15,0,0,NORTHFIELD BOULEVARD EAST & CENTRAL PARK BOULEVARD NORTH,4,1,1,2,1,1,0,,35,0,0,0,0,0,4,2,13
,2017_72400,39.785724,-104.883093,7/17/2017 11:19,11:19,15,0,0,NORTHFIELD BOULEVARD EAST & CENTRAL PARK BOULEVARD NORTH,1,1,0,0,1,1,0,,35,0,0,0,0,0,4,2,13
,2017_72401,39.76270603,-104.8736104,1/12/2017 1:03,1:03,6,0,0,STREET PAUL STREET & 1580 NORTH STREET PAUL STREET,1,3,0,0,3,4,0,,,0,0,0,0,0,4,2,14
,2017_72402,39.763827,-104.906952,4/23/2017 17:49,17:49,6,0,0,OLIVE STREET NORTH & 33RD AVENUE EAST,1,1,0,0,1,1,0,,30,0,0,0,0,0,4,3,3
,2017_72403,39.79413661,-104.8499596,8/23/2017 9:00,9:00,6,0,0,OSWEGO STREET 5400 BLOCK NORTH & 54TH AVENUE EAST,1,1,0,0,1,2,0,,10,0,0,0,0,0,4,3,13
,2017_72404,39.73847835,-104.9752236,6/9/2017 19:25,19:25,10,0,0,OGDEN STREET 1400 BLOCK NORTH & 14TH AVENUE EAST,1,1,0,0,1,3,0,,30,0,0,0,0,0,4,2,7
,2017_72405,39.737106,-104.975181,10/3/2017 17:10,17:10,6,0,0,OGDEN STREET 1300 BLOCK NORTH & 14TH AVENUE EAST,1,1,0,0,1,4,0,,,0,0,0,0,0,4,2,13
,2017_72406,39.714714,-104.9757435,8/10/2017 8:07,8:07,15,0,0,OGDEN STREET 100 BLOCK SOUTH & BAYAUD AVENUE EAST,1,1,0,0,1,4,0,,25,0,0,0,0,0,4,2,13
,2017_72407,39.70566,-104.9757345,6/28/2017 6:50,6:50,6,0,0,ODGEN STREET 600 BLOCK SOUTH & CENTER AVENUE EAST,1,1,0,0,1,4,0,,25,0,0,0,0,0,4,2,12
,2017_72408,39.740004,-104.975316,9/2/2017 12:50,12:50,6,0,0,OGDEN STREET NORTH ROAD SOUTH & COLFAX AVENUE EAST,1,1,0,0,1,4,0,,30,0,0,0,0,0,4,2,14
,2017_72409,39.701988,-104.983956,1/18/2017 8:16,8:16,3,0,0,OHIO AVENUE EAST & GRANT STREET SOUTH,1,1,0,7,1,1,0,,25,0,0,0,0,0,4,2,14
,2017_72410,39.701988,-104.983956,1/31/2017 7:30,7:30,3,0,0,OHIO AVENUE EAST & GRANT STREET SOUTH,1,1,0,7,1,1,0,,25,0,0,0,0,0,4,2,3
,2017_72411,39.702231,-105.0324435,9/27/2017 10:20,10:20,6,0,0,OHIO AVENUE 3400 BLOCK WEST & KNOX COURT SOUTH,2,1,0,1,1,4,0,,25,0,0,0,0,0,4,2,7
,2017_72412,39.702168,-105.0367725,7/4/2017 0:45,0:45,6,0,0,OHIO AVENUE 3700 WEST & NEWTON STREET SOUTH,1,3,0,0,1,4,0,,25,0,0,0,0,0,4,3,13
,2017_72413,39.7115235,-104.9064233,1/2/2017 19:10,19:10,6,0,0,OLIVE STREET & 430 NORTH OLIVE STREET,1,4,0,0,1,4,0,,60,0,0,0,0,0,4,2,14
,2017_72414,39.795525,-104.835654,4/16/2017 11:40,11:40,12,0,0,OLMSTED PLACE EAST & UVALDA STREET,1,1,0,0,1,3,0,,25,0,0,0,0,0,4,4,1
,2017_72415,39.77568454,-104.9082236,8/6/2017 4:29,4:29,6,0,0,ONEIDA STREET & 1200 BLOCK SOUTH,1,3,0,0,1,4,0,,35,0,0,0,0,0,4,3,2
,2017_72416,39.729267,-104.90814,12/21/2017 7:45,7:45,12,0,0,ONEIDA STREET NORTH & EIGHTH AVENUE EAST,5,2,1,2,1,3,0,,25,0,0,0,0,0,4,2,14
,2017_72417,39.749805,-104.9081355,6/8/2017 16:07,16:07,12,0,0,ONEIDA STREET & 22ND AVENUE EAST,1,1,0,0,1,4,0,,25,0,0,0,0,0,4,2,13
,2017_72418,39.829194,-104.7809205,1/15/2017 17:52,17:52,5,0,0,PENA BOULEVARD & MM 5,2,3,0,2,2,4,0,,55,0,0,0,0,0,4,1,16
,2017_72419,39.740094,-104.9081355,6/27/2017 15:10,15:10,6,0,0,ONEIDA STREET NORTH & COLFAX AVENUE EAST,1,1,0,0,1,4,0,,25,0,0,0,0,0,4,2,13
,2017_72420,39.678444,-104.908194,1/11/2017 18:05,18:05,12,0,0,ONEIDA STREET & EVANS AVENUE EAST,1,3,0,7,1,1,0,,35,0,0,0,0,0,4,2,12