id,drcog_id,latitude,longitude,crashtime,time,crashtype,numbkilled,numbinjurd,drcoglocat,rdconditin,lightngcon,roadcntgrd,weatherco,location,roaddescrp,constrzone,schoolzone,splimit,bikeinv,pedinv,sctrinv,motoinv,svrty,rdsystem,ttlvehcls,hcf
,2017_72421,39.678444,-104.908194,4/3/2017 17:26,17:26,15,0,0,ONEIDA STREET 2100 BLOCK SOUTH & EVANS AVENUE EAST,1,1,1,0,1,4,0,,25,0,0,0,0,1,4,3,13
,2017_72422,39.700188,-104.908185,1/22/2017 19:19,19:19,6,0,1,ONEIDA STREET 800 BLOCK SOUTH & LEETSDALE DRIVE,1,4,0,0,1,4,0,,30,0,0,0,0,2,4,2,5
,2017_72423,39.696615,-104.908203,1/27/2017 11:20,11:20,3,0,0,ONEIDA STREET 1100 BLOCK SOUTH & MISSISSIPPI AVENUE EAST,1,1,0,0,1,2,0,,30,0,0,0,0,0,4,2,13
,2017_72424,39.698424,-104.908212,1/25/2017 20:50,20:50,6,0,0,ONEIDA STREET 1000 BLOCK SOUTH & TENNESSEE AVENUE EAST,1,3,0,0,1,4,0,,25,0,0,0,0,0,4,3,14
,2017_72425,39.743757,-104.90814,8/25/2017 16:00,16:00,1,0,0,ONEIDA STREET NORTH & 17TH AVENUE EAST,1,1,0,0,1,1,0,,30,0,0,0,0,1,4,2,13
,2017_72426,39.775086,-104.7387555,1/25/2017 8:15,8:15,6,0,0,ORLEANS STREET NORTH & 42ND AVENUE EAST,1,1,1,0,1,4,0,,25,0,0,0,0,0,4,2,13
,2017_72427,39.736863,-105.005322,3/22/2017 12:55,12:55,3,0,1,OSAGE STREET NORTH & 13TH AVENUE WEST,1,1,0,0,1,2,0,,25,0,0,0,0,2,4,2,8
,2017_72428,39.7730738,-105.005364,3/21/2017 6:15,6:15,6,0,0,OSAGE STREET 4100 BLOCK NORTH & 42ND AVENUE WEST,1,3,0,0,1,4,0,,25,0,0,0,0,0,4,2,3
,2017_72429,39.716541,-105.0384915,8/19/2017 21:00,21:00,6,0,0,OSCEOLA STREET NORTH & OSCEOLA STREET 2700 BLOCK NORTH,1,1,1,0,3,4,0,,,0,0,0,0,0,4,2,13
,2017_72430,39.76536244,-105.0381491,1/14/2017 10:43,10:43,6,0,0,OSCEOLA STREET 700 NORTH & EIGHTH AVENUE WEST,1,4,0,0,1,4,0,,25,0,0,0,0,0,4,2,14
,2017_72431,39.741543,-105.038163,5/25/2017 2:28,2:28,6,0,0,OSCEOLA STREET 1500 BLOCK NORTH & CONEJOS PLACE WEST,1,3,0,0,1,4,0,,25,0,0,0,0,0,4,2,13
,2017_72432,39.640392,-104.88519,8/28/2017 15:18,15:18,1,0,0,OXFORD DRIVE 9100 BLOCK EAST & YOSEMITE STREET SOUTH,1,1,1,0,1,2,0,,25,0,0,0,0,0,4,2,13
,2017_72433,39.757509,-104.8677525,1/6/2017 8:35,8:35,5,0,0,28TH PLACE EAST & GENEVA COURT NORTH,4,1,0,0,4,1,0,,25,0,0,0,0,0,4,1,13
,2017_72434,39.756843,-104.8612005,1/15/2017 19:10,19:10,6,0,0,28TH PLACE 10800 BLOCK EAST & JOLIET STREET NORTH,1,3,0,0,1,4,0,,25,0,0,0,0,0,4,3,13
,2017_72435,39.804363,-104.8829535,6/16/2017 10:41,10:41,12,0,0,59TH PLACE EAST & ALTON STREET NORTH,1,1,0,0,1,2,0,,25,0,0,0,0,0,4,2,14
,2017_72436,39.78380886,-104.8489076,7/31/2017 16:52,16:52,15,0,0,PARIS STREET & 4600 BLOCK NORTH,1,1,0,0,1,4,0,,30,0,0,0,0,0,4,2,13
,2017_72437,39.740652,-104.9911335,6/9/2017 16:10,16:10,6,0,0,14TH STREET & COURT PLACE,1,1,0,0,1,3,0,,25,0,0,0,1,0,4,2,13
,2017_72439,39.74752058,-104.9782982,3/2/2017 12:15,12:15,15,0,0,PARK AVENUE & PARK AVENUE WEST 900 BLOCK,1,1,0,0,1,4,0,,30,0,0,0,0,0,4,2,13
,2017_72440,39.74372186,-104.9733038,8/2/2017 19:35,19:35,12,0,0,PARK AVENUE & 3200 BLOCK WEST,1,1,1,0,1,4,0,,35,0,0,0,0,0,4,2,13
,2017_72441,39.747519,-104.9782995,8/4/2017 15:30,15:30,3,0,0,PARK AVENUE & 20TH AVENUE EAST,1,1,0,0,1,1,0,,30,0,0,0,0,0,4,2,13
,2017_72442,39.754395,-104.987241,5/30/2017 23:54,23:54,12,0,1,PARK AVENUE WEST 1000 BLOCK & ARAPAHOE STREET NORTH,1,3,0,0,1,4,0,,35,0,0,0,0,2,4,3,13
,2017_72443,39.757086,-104.990715,4/29/2017 16:37,16:37,10,0,0,PARK AVENUE WEST & BLAKE STREET,2,1,0,2,1,1,0,,30,0,0,0,0,0,4,2,13
,2017_72444,39.757086,-104.990715,9/27/2017 18:43,18:43,10,0,0,PARK AVENUE WEST & BLAKE STREET,1,5,0,0,1,1,0,,30,0,0,0,0,0,4,2,8
,2017_72445,39.765726,-104.9948415,9/10/2017 21:15,21:15,1,0,0,PARK AVENUE WEST & BROADWAY STREET NORTH,1,3,0,1,1,1,0,,30,0,0,0,0,0,4,2,7
,2017_72446,39.753054,-104.9854905,1/24/2017 10:35,10:35,1,0,0,PARK AVENUE WEST & CHAMPA STREET,1,1,0,0,1,1,0,,30,0,0,0,0,0,4,2,13
,2017_72447,39.753054,-104.9854905,7/6/2017 16:40,16:40,12,0,0,PARK AVENUE WEST & CHAMPA STREET,1,1,0,0,1,1,0,,,0,0,0,0,0,4,2,13
,2017_72448,39.753054,-104.9854905,11/15/2017 10:45,10:45,15,0,0,PARK VIEW 900 BLOCK & CHAMPA STREET,1,1,0,0,1,4,0,,25,0,0,0,0,0,4,2,14
,2017_72449,39.740013,-104.9684805,10/11/2017 16:32,16:32,12,0,0,PARK AVENUE & COLFAX AVENUE EAST,1,1,0,0,1,3,0,,30,0,0,0,0,0,4,2,8
,2017_72450,39.759426,-104.9937435,1/25/2017 17:40,17:40,12,0,0,PARK AVENUE WEST & DELGANY STREET,1,3,0,7,1,1,0,,35,0,0,0,0,0,4,2,16
,2017_72451,39.743793,-104.9734035,6/20/2017 17:25,17:25,3,0,0,PARK AVENUE WEST & DOWNING STREET NORTH,1,1,1,0,1,1,0,,30,0,0,0,0,1,4,2,13
,2017_72452,39.765726,-104.9948415,4/5/2017 12:25,12:25,3,0,0,PARK AVENUE WEST & GLOBEVILLE ROAD NORTH,1,1,0,0,1,1,0,,35,0,0,0,0,0,4,2,7
,2017_72453,39.765726,-104.9948415,6/30/2017 1:25,1:25,12,0,0,PARK AVENUE WEST 3500 & GLOBEVILLE ROAD,1,3,0,0,1,4,0,,35,0,0,0,0,0,4,2,13
,2017_72454,39.740985,-104.9697315,1/5/2017 8:35,8:35,3,0,0,PARK AVENUE & HUMBOLDT STREET,4,1,0,2,1,1,0,,60,0,0,0,0,0,4,2,13
,2017_72455,39.755745,-104.989014,1/2/2017 15:58,15:58,12,0,0,PARK AVENUE WEST & LARIMER STREET,1,1,0,7,1,1,0,,35,0,0,0,0,0,4,2,16
,2017_72456,39.755745,-104.989014,1/21/2017 11:33,11:33,12,0,0,PARK AVENUE WEST & LARIMER STREET,1,1,0,7,1,1,0,,30,0,0,0,0,0,4,2,1
,2017_72457,39.755745,-104.989014,7/30/2017 9:10,9:10,10,0,0,PARK AVENUE WEST & LARIMER STREET,1,1,0,0,1,1,0,,30,0,0,0,0,0,4,2,13
,2017_72458,39.755088,-104.988114,1/12/2017 13:30,13:30,12,0,0,PARK AVENUE WEST & LAWRENCE STREET,1,1,0,7,1,4,0,,30,0,0,0,0,0,4,2,3
,2017_72459,39.755088,-104.988114,1/14/2017 21:00,21:00,3,0,0,PARK AVENUE WEST & LAWRENCE STREET,3,5,1,7,1,1,0,,30,0,0,0,0,1,4,2,12
,2017_72460,39.755088,-104.988114,1/17/2017 17:56,17:56,12,0,0,PARK AVENUE WEST & LAWRENCE STREET,1,3,0,7,1,3,0,,20,0,0,0,0,0,4,2,16
,2017_72461,39.751056,-104.9828805,3/3/2017 19:00,19:00,3,0,0,PARK AVENUE WEST & WELTON STREET,1,3,0,0,1,1,0,,30,0,0,0,0,0,4,2,13
,2017_72462,39.751056,-104.9828805,6/30/2017 8:51,8:51,7,0,1,PARK AVENUE WEST & WELTON STREET,1,1,0,0,1,1,0,,20,0,0,0,0,2,4,2,13
,2017_72463,39.759282,-104.993892,1/6/2017 9:57,9:57,12,0,0,PARK AVENUE WEST & WEWATTA STREET,5,1,0,7,1,4,0,,35,0,0,0,0,1,4,2,16
,2017_72464,39.759282,-104.993892,4/5/2017 19:22,19:22,15,0,0,PARK AVENUE WEST 1800 BLOCK & WEWATTA STREET,1,2,0,0,1,4,0,,35,0,0,0,0,0,4,4,14
,2017_72465,39.65850009,-105.0387073,1/6/2017 15:20,15:20,6,0,0,PATTON COURT & 846 SOUTH PATTON COURT,6,1,1,0,1,2,0,,10,0,0,0,0,0,4,2,5
,2017_72466,39.691287,-105.039063,1/29/2017 16:40,16:40,3,0,0,PATTON COURT SOUTH & ARKANSAS AVENUE WEST,1,1,0,7,1,1,0,,25,0,0,0,0,0,4,2,8
,2017_72467,39.716505,-104.980302,9/1/2017 12:08,12:08,6,0,0,PEARL STREET & PEARL STREET 1500 NORTH,1,1,0,0,1,4,0,,25,0,0,0,0,0,4,2,13
,2017_72468,39.716505,-104.980302,2/4/2017 20:35,20:35,6,0,0,PEARL STREET & 1329 SOUTH PEARL STREET,1,3,0,0,1,4,0,,20,0,0,0,0,0,4,3,5
,2017_72469,39.729042,-104.979951,9/5/2017 1:15,1:15,6,0,0,PEARL STREET 800 BLOCK NORTH & EIGHTH AVENUE EAST,1,3,0,0,1,4,0,,20,0,0,0,0,0,4,2,13
,2017_72470,39.73536,-104.9795415,3/16/2017 17:20,17:20,6,0,0,PEARL STREET 1200 BLOCK NORTH & 13TH AVENUE EAST,1,1,0,0,1,4,0,,25,0,0,0,0,0,4,2,7
,2017_72471,39.73536,-104.9795415,8/28/2017 4:30,4:30,6,0,0,PEARL STREET 1200 BLOCK NORTH & 13TH AVENUE EAST,1,3,0,0,1,4,0,,,0,0,0,0,0,4,5,13
,2017_72472,39.737007,-104.979762,1/1/2017 9:30,9:30,6,0,0,PEARL STREET 1300 BLOCK NORTH & 14TH AVENUE EAST,1,1,0,0,1,4,0,,30,0,0,0,0,0,4,2,14
,2017_72473,39.741642,-104.9799015,1/9/2017 15:20,15:20,3,0,0,PEARL STREET NORTH & 16TH AVENUE EAST,1,1,1,7,1,1,0,,25,0,0,0,0,1,4,2,5
,2017_72474,39.689217,-104.980104,8/18/2017 7:20,7:20,6,0,0,PEARL STREET 1500 BLOCK NORTH & 16TH AVENUE EAST,1,1,0,0,1,4,0,,30,0,0,0,0,0,4,2,13
,2017_72475,39.687345,-104.980131,4/20/2017 15:20,15:20,6,0,0,PEARL STREET 1600 BLOCK NORTH & 17TH AVENUE EAST,2,1,0,1,1,4,0,,25,0,0,0,0,0,4,3,14
,2017_72476,39.74486738,-104.9798441,7/23/2017 15:31,15:31,6,0,0,PEARL STREET 1800 BLOCK NORTH & 17TH AVENUE EAST,1,1,0,0,1,4,0,,25,0,0,0,0,0,4,2,14
,2017_72477,39.687345,-104.980131,9/22/2017 23:30,23:30,6,0,0,PEARL STREET 1600 BLOCK NORTH & 17TH AVENUE EAST,1,4,1,0,1,4,0,,15,0,0,0,0,0,4,2,13
,2017_72478,39.711114,-104.980383,1/26/2017 12:57,12:57,6,0,0,PEARL STREET 300 BLOCK SOUTH & ALAMEDA AVENUE EAST,1,1,0,0,1,4,0,,25,0,0,0,0,0,4,2,13
,2017_72479,39.69117,-104.9804505,1/7/2017 13:35,13:35,6,0,0,PEARL STREET 1400 BLOCK SOUTH & ARKANSAS AVENUE EAST,6,1,0,0,1,4,0,,25,0,0,0,0,0,4,3,7
,2017_72480,39.712905,-104.9804055,1/9/2017 15:00,15:00,6,0,0,PEARL STREET 100 BLOCK SOUTH & CEDAR AVENUE EAST,1,1,0,0,1,4,0,,25,0,0,0,0,0,4,2,13
,2017_72481,39.712905,-104.9804055,8/11/2017 16:01,16:01,6,0,0,PEARL STREET 100 BLOCK SOUTH & CEDAR AVENUE EAST,1,1,0,0,1,4,0,,30,0,0,0,0,0,4,2,13
,2017_72482,39.740013,-104.9799015,7/18/2017 18:10,18:10,15,0,0,PEARL STREET 1500 BLOCK NORTH & COLFAX AVENUE EAST,1,1,0,0,1,4,0,,25,0,0,0,0,0,4,2,14
,2017_72483,39.689379,-104.9804415,3/11/2017 16:39,16:39,6,0,0,PEARL STREET 1400 BLOCK SOUTH & FLORIDA AVENUE EAST,1,2,0,0,1,4,0,,25,0,0,0,0,0,4,2,13
,2017_72484,39.689379,-104.9804415,5/20/2017 18:20,18:20,6,0,0,PEARL STREET 1500 BLOCK SOUTH & FLORIDA AVENUE EAST,1,1,0,0,1,4,0,,20,0,0,0,0,0,4,2,13
,2017_72485,39.687345,-104.980131,8/22/2017 9:25,9:25,6,0,0,PEARL STREET 1600 BLOCK NORTH & 17TH STREET,1,1,0,0,1,4,0,,25,0,0,0,0,0,4,2,14
,2017_72486,39.76209,-105.006483,3/24/2017 21:45,21:45,6,0,0,PECOS STREET 3200 NORTH & 32ND AVENUE WEST,1,3,1,0,1,4,0,,,0,0,0,0,0,4,2,13
,2017_72487,39.765636,-105.006474,9/1/2017 20:04,20:04,10,0,0,PECOS STREET NORTH & 35TH AVENUE WEST,1,1,1,0,1,1,0,,25,0,0,0,0,0,4,2,7
,2017_72488,39.766959,-105.0060915,3/10/2017 23:17,23:17,6,0,0,PECOS STREET 3600 BLOCK NORTH & 37TH AVENUE WEST,1,3,0,0,1,1,0,,30,0,0,0,0,1,4,2,2
,2017_72489,39.768039,-105.0064605,8/13/2017 17:40,17:40,8,0,0,PECOS NORTH & 37TH AVENUE WEST,1,1,0,0,1,4,0,,25,0,0,0,0,0,4,2,8
,2017_72490,39.780162,-105.0064425,10/4/2017 18:05,18:05,1,0,0,PECOS STREET NORTH & 46TH AVENUE WEST,1,1,0,0,1,1,0,,35,0,0,0,0,1,4,2,13
,2017_72491,39.785427,-105.006411,1/30/2017 8:09,8:09,3,0,0,PECOS STREET SOUTHBOUND NORTH & DIXIE PLACE WEST,1,1,0,7,1,3,0,,35,0,0,0,0,0,4,2,14
,2017_72492,39.787038,-105.0064335,1/16/2017 8:25,8:25,14,0,0,PECOS STREET NORTH & STOLL PLACE WEST,4,2,0,2,1,3,0,,30,0,0,0,0,0,4,2,13
,2017_72493,39.787038,-105.0064335,1/18/2017 18:34,18:34,12,0,0,PECOS STREET NORTH & STOLL PLACE WEST,1,3,0,7,1,3,0,,30,0,0,0,0,0,4,4,3
,2017_72494,39.844602,-104.6809395,8/5/2017 21:26,21:26,10,0,0,PENA BOULEVARD & 5200 BLOCK,2,3,0,1,1,4,0,,55,0,0,0,0,0,4,2,13
,2017_72495,39.83358199,-104.7220845,1/4/2017 18:20,18:20,5,0,0,PENA BOULEVARD 7500 BLOCK & E470,5,3,0,2,2,4,0,,55,0,0,0,0,0,4,1,1
,2017_72496,39.844602,-104.6809395,7/19/2017 19:00,19:00,15,0,0,PENA BOULEVARD & 7800 BLOCK,1,1,0,0,1,4,0,,45,0,0,0,0,0,4,2,14
,2017_72497,39.844602,-104.6809395,1/4/2017 4:22,4:22,5,0,0,PENA BOULEVARD & 8100 BLOCK,4,3,0,2,3,4,0,,65,0,0,0,0,0,4,1,13
,2017_72498,39.844602,-104.6809395,1/19/2017 17:05,17:05,15,0,0,PENA BOULEVARD & 8400,1,3,0,0,1,4,0,,10,0,0,0,0,0,4,2,8
,2017_72499,39.844602,-104.6809395,2/2/2017 4:00,4:00,5,0,0,PENA BOULEVARD & 8400,5,3,0,2,2,4,0,,35,0,0,0,0,0,4,1,13
,2017_72500,39.844602,-104.6809395,2/8/2017 11:15,11:15,6,0,0,PENA BOULEVARD & 8400,1,3,0,0,1,7,0,,40,0,0,0,0,0,4,2,14
,2017_72501,39.844602,-104.6809395,8/2/2017 21:44,21:44,12,0,0,PENA BOULEVARD & 26000 BLOCK,1,3,1,0,1,4,1,,55,0,0,0,0,0,4,3,13
,2017_72502,39.734928,-105.0393015,9/22/2017 11:30,11:30,6,0,0,PERRY NORTH & 12TH AVENUE WEST,1,1,0,0,1,4,0,,25,0,0,0,0,0,4,2,3
,2017_72503,39.798396,-104.786415,1/18/2017 6:40,6:40,12,0,0,PENA BOULEVARD & 56TH AVENUE EAST,1,1,0,0,1,4,0,,40,0,0,0,0,0,4,2,14
,2017_72504,39.83338151,-104.771988,6/30/2017 2:40,2:40,5,0,0,PENA BOULEVARD & TOWER ROAD,2,3,0,1,2,4,0,,55,0,0,0,0,0,4,1,7
,2017_72505,39.798396,-104.786415,3/23/2017 16:00,16:00,12,0,0,PENA BOULEVARD & 56TH AVENUE EAST,1,1,0,0,1,1,0,,45,0,0,0,0,0,4,2,13
,2017_72506,39.798396,-104.786415,8/3/2017 14:30,14:30,12,0,0,PENA BOULEVARD NORTH & 56TH AVENUE EAST,1,1,0,0,1,1,0,,55,0,0,0,0,0,4,2,7
,2017_72507,39.798396,-104.786415,8/21/2017 18:00,18:00,12,0,0,PENA BOULEVARD & 56TH AVENUE EAST,1,1,0,0,1,1,0,,45,0,0,0,0,0,4,2,13
,2017_72508,39.833208,-104.6797155,1/5/2017 4:00,4:00,15,0,0,PENA BOULEVARD 7400 BLOCK & 75TH AVENUE EXIT,10,3,0,2,1,4,0,,55,0,0,0,0,0,4,2,13
,2017_72509,39.844602,-104.6809395,1/4/2017 18:20,18:20,15,0,0,PENA BOULEVARD 7600 BLOCK & 76TH AVENUE EAST,4,3,0,2,1,4,0,,45,0,0,0,0,0,4,2,7
,2017_72510,39.83868479,-104.6719364,1/16/2017 15:18,15:18,12,0,0,PENA BOULEVARD 8400 & 84TH AVENUE EAST,1,3,0,0,1,4,0,,,0,0,0,0,0,4,2,13
,2017_72511,39.783609,-104.7913916,9/9/2017 19:11,19:11,1,0,0,PENA BOULEVARD NORTH & GREEN VALLEY RANCH BOULEVARD EAST,1,2,0,0,1,1,0,,45,0,0,0,0,0,4,2,7
,2017_72512,39.844602,-104.6809395,1/4/2017 19:01,19:01,5,0,0,PENA BOULEVARD OB & 7600 BLOCK APPROXIMATELY,4,2,1,2,3,4,0,,65,0,0,0,0,0,4,1,7
,2017_72513,39.83346903,-104.692932,1/18/2017 9:20,9:20,12,0,0,PENA BOULEVARD & JACKSON GAP STREET,1,1,0,0,1,4,0,,40,0,0,0,0,0,4,2,14
,2017_72514,39.833838,-104.7468689,1/16/2017 10:05,10:05,5,0,0,PENA BOULEVARD & E470,12,1,0,2,2,4,0,,50,0,0,0,0,0,4,1,14
,2017_72515,39.8356446,-104.6717644,2/28/2017 15:47,15:47,9,0,0,PENA BOULEVARD INB 7800 BLOCK & SHADY GROVE STREET / RETURN LOOP,2,1,0,2,1,4,0,,35,0,0,0,0,0,4,1,1
,2017_72516,39.83338151,-104.771988,1/4/2017 16:40,16:40,12,0,0,PENA BOULEVARD IB & TOWER ROAD NORTH,4,3,0,0,1,4,0,,55,0,0,0,0,0,4,2,14
,2017_72517,39.83338151,-104.771988,3/22/2017 13:05,13:05,12,0,0,PENA BOULEVARD 7100 BLOCK & TOWER ROAD,1,1,0,0,1,1,0,,65,0,0,0,0,0,4,2,1
,2017_72518,39.83338151,-104.771988,9/18/2017 5:25,5:25,12,0,0,PENA BOULEVARD 6900 BLOCK & TOWER ROAD,1,3,0,0,1,4,0,,65,0,0,0,0,0,4,2,1
,2017_72519,39.78191736,-104.981211,2/24/2017 8:00,8:00,6,0,0,PENNSYLVANIA STREET & 1000 BLOCK NORTH,4,1,0,2,1,4,0,,25,0,0,0,0,0,4,2,13
,2017_72520,39.78191736,-104.981211,1/20/2017 12:30,12:30,6,0,0,PENNSYLVANIA STREET & 1400 BLOCK SOUTH,1,1,0,0,1,4,0,,25,0,0,0,0,0,4,2,13
,2017_72521,39.72513078,-104.9811374,4/13/2017 10:14,10:14,6,0,0,PENNSYLVANIA STREET NORTH & 1500 BLOCK NORTH,1,1,0,0,1,4,0,,25,0,0,0,0,0,4,2,1
,2017_72522,39.729042,-104.98113,9/12/2017 8:58,8:58,15,0,0,PENNSYLVANIA STREET 800 BLOCK NORTH & EIGHTH AVENUE EAST,1,1,0,0,1,4,0,,25,0,0,0,0,0,4,3,3
,2017_72523,39.735396,-104.9807115,5/13/2017 17:55,17:55,15,0,0,PENNSYLVANIA STREET 1200 BLOCK NORTH & 10TH AVENUE EAST,1,1,0,0,1,4,0,,25,0,0,0,0,0,4,2,13
,2017_72524,39.746187,-104.981085,1/31/2017 15:10,15:10,3,0,0,PENNSYLVANIA STREET NORTH & 19TH AVENUE EAST,1,1,1,7,1,1,0,,60,0,0,0,0,0,4,2,2
,2017_72525,39.712905,-104.981553,1/25/2017 7:27,7:27,3,0,0,PENNSYLVANIA STREET SOUTH & CEDAR AVENUE,1,1,0,7,1,1,0,,25,0,0,0,0,0,4,2,16
,2017_72526,39.683988,-104.981643,1/4/2017 14:20,14:20,3,0,0,PENNSYLVANIA STREET SOUTH & COLORADO AVENUE EAST,4,1,0,2,1,1,0,,25,0,0,0,0,0,4,2,16
,2017_72527,39.783987,-104.8466205,9/8/2017 15:10,15:10,1,0,0,PEORIA STREET NORTH & 4650 BLOCK OF NORTH PEORIA STREET,1,1,0,0,1,2,0,,40,0,0,0,0,1,4,2,13
,2017_72528,39.771063,-104.8470435,1/8/2017 8:20,8:20,12,0,0,PEORIA STREET NORTH & 39TH AVENUE EAST,1,1,0,0,1,4,0,,35,0,0,0,0,0,4,2,13
,2017_72529,39.771063,-104.8470435,1/16/2017 7:45,7:45,14,0,0,PEORIA STREET NORTH & 39TH AVENUE EAST,4,1,1,2,1,4,0,,40,0,0,0,0,0,4,2,1
,2017_72530,39.771063,-104.8470435,1/24/2017 21:12,21:12,5,0,0,PEORIA STREET NORTH & 39TH AVENUE EAST,1,3,0,0,3,1,0,,35,0,0,0,0,1,4,2,13
,2017_72531,39.769452,-104.846481,3/3/2017 7:15,7:15,1,0,0,PEORIA STREET 3800 BLOCK NORTH & 39TH AVENUE EAST,1,1,1,0,1,3,0,,40,0,0,0,0,0,4,2,13
,2017_72532,39.771063,-104.8470435,8/21/2017 12:51,12:51,15,0,0,PEORIA STREET NORTH & 39TH AVENUE EAST,1,1,0,0,1,1,0,,35,0,0,0,0,0,4,2,13
,2017_72533,39.758328,-105.00687,8/3/2017 11:04,11:04,6,0,0,PLATTE STREET 1695 & 17TH STREET,1,1,3,0,1,4,0,,25,0,0,0,0,0,4,2,14
,2017_72534,39.77111967,-104.8469854,9/18/2017 6:10,6:10,12,0,0,PEORIA STREET 3900 BLOCK NORTH & 39TH AVENUE EAST,1,3,0,0,1,4,0,,30,0,0,0,0,0,4,2,13
,2017_72535,39.776427,-104.8469535,1/3/2017 11:25,11:25,12,0,0,PEORIA STREET NORTH & 44TH AVENUE EAST,1,1,0,7,1,2,0,,40,0,0,0,0,0,4,3,16
,2017_72536,39.778047,-104.8471245,1/5/2017 15:02,15:02,15,0,0,PEORIA STREET NORTH & 45TH AVENUE EAST,6,1,0,7,1,4,0,,40,0,0,0,0,1,4,2,14
,2017_72538,39.777255,-104.8460535,7/1/2017 5:16,5:16,1,0,0,PEORIA STREET 4400 BLOCK NORTH & 45TH AVENUE EAST,1,1,0,0,1,2,0,,40,0,0,0,0,0,4,2,14
,2017_72539,39.778047,-104.8471245,10/3/2017 20:20,20:20,1,0,0,PEORIA STREET NORTH & 45TH AVENUE EAST,1,3,0,0,1,1,0,,40,0,0,0,0,0,4,2,1
,2017_72540,39.779577,-104.8471335,1/6/2017 17:45,17:45,1,0,0,PEORIA STREET NORTH & 46TH AVENUE EAST,6,3,0,7,1,1,0,,40,0,0,0,0,0,4,2,8
,2017_72541,39.779577,-104.8471335,1/16/2017 11:30,11:30,12,0,0,PEORIA STREET NORTH & 46TH AVENUE EAST,4,1,0,2,1,1,0,,25,0,0,0,0,0,4,2,16
,2017_72542,39.779577,-104.8471335,1/30/2017 8:50,8:50,12,0,0,PEORIA STREET NORTH & 46TH AVENUE EAST,1,1,0,7,1,4,0,,40,0,0,0,0,0,4,2,16
,2017_72543,39.782385,-104.847093,1/14/2017 16:41,16:41,1,0,0,PEORIA STREET NORTH & 47TH AVENUE EAST,1,1,0,7,1,1,0,,35,0,0,0,0,0,4,2,5
,2017_72544,39.786408,-104.847156,1/8/2017 11:14,11:14,3,0,0,PEORIA STREET NORTH & 49TH AVENUE EAST,2,1,0,0,1,1,0,,35,0,0,0,0,0,4,2,13
,2017_72545,39.786408,-104.847156,1/11/2017 9:30,9:30,12,0,0,PEORIA STREET NORTH & 49TH AVENUE EAST,1,1,0,7,1,1,0,,35,0,0,0,0,1,4,2,16
,2017_72546,39.792843,-104.8472235,9/1/2017 10:20,10:20,10,0,1,PEORIA STREET NORTH & 53RD AVENUE EAST,1,1,0,0,1,4,0,,35,0,0,0,0,2,4,2,1
,2017_72547,39.747807,-105.040143,8/23/2017 13:23,13:23,6,0,0,QUITMAN STREET 2000 BLOCK NORTH & 20TH STREET WEST,1,1,1,0,1,4,0,,,0,0,0,0,0,4,2,13
,2017_72548,39.79636351,-104.8470428,7/16/2017 13:13,13:13,5,0,0,PEORIA STREET 5500 BLOCK NORTH & 55TH AVENUE EAST,1,1,0,0,3,4,0,,40,0,0,0,0,0,4,1,14
,2017_72549,39.704697,-105.04206,2/27/2017 17:29,17:29,6,0,0,RALEIGH STREET SOUTH & MORRISON ROAD,2,1,1,1,1,4,0,,25,0,0,0,0,0,4,2,1
,2017_72550,39.784005,-104.84712,4/10/2017 7:47,7:47,5,0,0,PEORIA STREET NORTH & ALBROOK DRIVE EAST,1,1,0,0,3,1,0,,35,0,0,0,0,0,4,1,8
,2017_72551,39.77213081,-104.8469707,4/15/2017 7:07,7:07,15,0,0,PEORIA STREET 4000 BLOCK NORTH & I70 SOUTHBOUND SLIP RAMP,1,1,0,0,1,1,0,,40,0,0,0,0,0,4,2,3
,2017_72552,39.718134,-105.0396975,10/1/2017 14:20,14:20,6,0,0,PERRY STREET NORTH & FIRST AVENUE WEST,1,1,0,0,1,3,0,,25,0,0,0,0,0,4,3,3
,2017_72553,39.734919,-105.0393015,6/4/2017 9:40,9:40,6,0,0,PERRY STREET NORTH & 12TH AVENUE WEST,1,1,1,0,1,4,0,,30,0,0,0,0,0,4,2,2
,2017_72554,39.733893,-105.038991,7/26/2017 7:55,7:55,5,0,0,PERRY STREET 1100 BLOCK NORTH & 12TH AVENUE WEST,1,1,0,0,2,4,0,,25,0,0,0,0,0,4,1,3
,2017_72555,39.714957,-105.039693,7/23/2017 1:50,1:50,12,0,0,PERRY STREET 00 SOUTH & BAYAUD AVENUE WEST,1,3,0,0,1,4,0,,25,0,0,0,0,0,4,2,5
,2017_72556,39.740337,-105.039342,9/11/2017 14:57,14:57,3,0,0,PERRY STREET 1400 BLOCK NORTH & COLFAX AVENUE WEST,1,1,0,0,1,2,0,,25,0,0,0,0,0,4,2,13
,2017_72557,39.706344,-105.039693,4/5/2017 16:20,16:20,10,0,0,PERRY STREET SOUTH & MORRISON ROAD,1,1,0,0,1,4,0,,25,0,0,0,1,0,4,2,13
,2017_72558,39.78591774,-104.735248,1/22/2017 15:06,15:06,6,0,0,PERTH COURT 5000 BLOCK NORTH & 51ST PLACE EAST,1,1,0,0,1,4,0,,15,0,0,0,0,0,4,2,3
,2017_72559,39.784248,-104.735664,7/27/2017 23:06,23:06,6,0,0,PERTH COURT NORTH & PERTH STREET NORTH,1,3,0,0,1,1,0,,15,0,0,0,0,0,4,2,14