id,drcog_id,latitude,longitude,crashtime,time,crashtype,numbkilled,numbinjurd,drcoglocat,rdconditin,lightngcon,roadcntgrd,weatherco,location,roaddescrp,constrzone,schoolzone,splimit,bikeinv,pedinv,sctrinv,motoinv,svrty,rdsystem,ttlvehcls,hcf
,2017_72560,39.75758416,-105.0078234,1/2/2017 16:34,16:34,10,0,0,PLATTE STREET & 1500 BLOCK,1,2,1,0,1,2,0,,30,0,0,0,0,0,4,2,13
,2017_72561,39.641976,-105.038694,6/2/2017 20:45,20:45,5,0,1,PRINCETON CIRCLE & 3884 WEST PRINCETON CIRCLE,1,3,0,0,3,6,0,,25,0,0,0,0,2,4,1,10
,2017_72562,39.711204,-105.0006645,1/16/2017 14:56,14:56,3,0,0,PLATTE RIVER DRIVE SOUTH & ALAMEDA AVENUE WEST,2,1,0,0,1,2,0,,25,0,0,0,0,0,4,2,7
,2017_72563,39.75980737,-104.9057465,7/21/2017 22:30,22:30,12,0,0,PONTIAC STREET & 1500 BLOCK NORTH,2,3,0,1,1,2,0,,25,0,0,0,0,0,4,2,13
,2017_72564,39.752397,-104.996745,1/22/2017 4:24,4:24,5,0,0,18TH STREET 1500 BLOCK & BLAKE STREET,1,3,0,0,3,1,0,,,0,0,0,0,0,4,1,13
,2017_72565,39.769263,-104.9058135,7/24/2017 6:05,6:05,1,0,1,PONTIAC STREET NORTH & 38TH AVENUE EAST,1,1,0,0,1,1,0,,30,0,0,0,0,2,4,2,1
,2017_72566,39.656664,-104.9044815,3/31/2017 11:33,11:33,6,0,0,PONTIAC STREET 3300 BLOCK SOUTH & GIRARD AVENUE EAST,1,1,1,0,1,4,0,,25,0,0,0,0,1,4,2,3
,2017_72567,39.77171824,-104.90281,8/8/2017 8:17,8:17,15,0,0,QUEBEC STREET & 600 BLOCK NORTH,1,1,1,0,1,3,0,,30,0,0,0,0,0,4,2,1
,2017_72568,39.77171824,-104.90281,7/19/2017 16:35,16:35,12,0,0,QUEBEC STREET & 800 NORTH,1,1,1,0,1,4,0,,30,0,0,0,0,0,4,2,15
,2017_72569,39.777408,-104.903613,4/12/2017 6:09,6:09,12,0,0,QUEBEC STREET NORTH STREET & QUEBEC STREET 1200 BLOCK NORTH,1,1,0,0,1,4,0,,30,0,0,0,0,0,4,2,7
,2017_72570,39.77171824,-104.90281,1/11/2017 7:45,7:45,12,0,0,QUEBEC STREET & 1600 BLOCK NORTH,1,1,0,0,1,4,0,,35,0,0,0,0,0,4,3,13
,2017_72571,39.777408,-104.903613,1/7/2017 8:48,8:48,5,0,0,QUEBEC STREET & 1970 NORTH QUEBEC STREET,6,1,0,2,3,4,0,,35,0,0,0,0,0,4,1,13
,2017_72572,39.77171824,-104.90281,5/31/2017 10:52,10:52,15,0,0,QUEBEC STREET & 3000 BLOCK NORTH,1,1,0,0,1,4,0,,40,0,0,0,0,0,4,2,1
,2017_72573,39.777408,-104.903613,6/7/2017 13:27,13:27,12,0,0,QUEBEC STREET & QUEBEC STREET 3400 BLOCK NORTH,1,1,0,0,1,4,0,,30,0,0,0,0,0,4,2,13
,2017_72574,39.77171824,-104.90281,3/16/2017 6:46,6:46,15,0,0,QUEBEC STREET & 3800 BLOCK NORTH,1,2,1,0,1,4,0,,25,0,0,0,0,0,4,2,13
,2017_72575,39.777408,-104.903613,9/2/2017 18:33,18:33,12,0,1,QUEBEC STREET NORTH & QUEBEC STREET 3800 BLOCK NORTH,1,2,0,0,1,2,0,,30,0,0,0,0,2,4,2,1
,2017_72576,39.777408,-104.903613,8/23/2017 1:23,1:23,5,0,0,QUEBEC STREET & QUEBEC STREET 4100 BLOCK NORTH,1,3,1,0,2,4,0,,35,0,0,0,0,0,4,1,13
,2017_72577,39.725424,-104.903793,3/23/2017 9:13,9:13,1,0,0,QUEBEC STREET NORTH & SIXTH AVENUE EAST,1,1,0,0,1,1,0,,30,0,0,0,0,1,4,2,13
,2017_72578,39.730716,-104.9034735,1/19/2017 18:00,18:00,12,0,0,QUEBEC STREET NORTH & NINTH AVENUE EAST,1,3,0,7,1,4,0,,30,0,0,0,0,1,4,3,14
,2017_72579,39.730716,-104.9034735,6/1/2017 8:55,8:55,12,0,0,QUEBEC STREET 900 BLOCK NORTH & NINTH AVENUE EAST,1,1,1,0,1,4,0,,15,0,0,0,0,0,4,2,3
,2017_72580,39.748626,-104.9030505,6/6/2017 15:18,15:18,15,0,0,QUEBEC STREET 2100 BLOCK NORTH & 21ST AVENUE EAST,1,1,0,0,1,4,0,,35,0,0,0,0,0,4,2,1
,2017_72581,39.751002,-104.903442,1/9/2017 14:55,14:55,12,0,0,QUEBEC STREET NORTH & 23RD AVENUE EAST,1,1,0,7,1,4,0,,30,0,0,0,0,0,4,2,3
,2017_72582,39.751002,-104.903442,1/26/2017 8:01,8:01,12,0,0,QUEBEC STREET NORTH & 23RD AVENUE EAST,1,1,0,7,1,3,0,,35,0,0,0,0,0,4,2,16
,2017_72583,39.751002,-104.903442,3/26/2017 21:10,21:10,1,0,0,QUEBEC STREET NORTH & 23RD AVENUE EAST,1,3,0,0,1,1,0,,30,0,0,0,0,0,4,2,5
,2017_72584,39.75476713,-104.9033288,4/13/2017 9:40,9:40,15,0,0,QUEBEC STREET 2600 BLOCK NORTH & 26TH AVENUE,1,1,0,0,1,4,0,,35,0,0,0,0,0,4,2,7
,2017_72585,39.767382,-104.90346,1/11/2017 12:51,12:51,15,0,0,QUEBEC STREET NORTH & 36TH AVENUE EAST,1,1,0,0,1,3,0,,35,0,0,0,0,0,4,2,13
,2017_72586,39.767382,-104.90346,1/20/2017 22:12,22:12,3,0,0,QUEBEC STREET NORTH & 36TH AVENUE EAST,1,3,0,0,1,1,0,,45,0,0,0,0,0,4,2,4
,2017_72587,39.698523,-104.903541,1/20/2017 14:04,14:04,12,0,0,QUEBEC STREET SOUTH & LEETSDALE DRIVE,1,1,1,7,1,3,0,,30,0,0,0,0,0,4,2,3
,2017_72588,39.767382,-104.90346,1/24/2017 21:41,21:41,3,0,0,QUEBEC STREET NORTH & 36TH AVENUE EAST,1,1,1,7,1,1,0,,35,0,0,0,0,1,4,3,16
,2017_72589,39.766329,-104.900814,3/9/2017 13:09,13:09,15,0,0,QUEBEC STREET 3500 BLOCK NORTH & 36TH AVENUE EAST,1,1,0,6,1,4,0,,45,0,0,0,0,0,4,2,13
,2017_72590,39.767382,-104.90346,8/14/2017 22:25,22:25,10,0,0,QUEBEC STREET NORTH & 36TH AVENUE EAST,1,3,0,0,1,2,0,,35,0,0,0,0,1,4,2,8
,2017_72591,39.740085,-104.9034735,1/9/2017 18:48,18:48,3,0,0,QUEBEC STREET 1500 BLOCK NORTH & COLFAX AVENUE EAST,1,3,0,0,1,2,0,,30,0,0,0,0,0,4,3,13
,2017_72592,39.75803804,-104.9032491,1/7/2017 15:46,15:46,15,0,0,QUEBEC STREET 2900 BLOCK NORTH & 29TH DRIVE EAST,2,1,0,0,1,4,0,,35,0,0,0,0,0,4,2,1
,2017_72593,39.70386,-104.903496,3/2/2017 0:00,0:00,12,0,0,QUEBEC STREET 800 BLOCK SOUTH & EXPOSITION AVENUE EAST,1,1,0,0,1,4,0,,35,0,0,0,0,0,4,2,3
,2017_72594,39.75715154,-105.0028865,1/13/2017 22:24,22:24,6,0,0,18TH STREET & 1600 BLOCK,1,3,0,0,1,4,0,,30,0,0,0,0,1,4,2,13
,2017_72595,39.687372,-104.903604,3/9/2017 11:45,11:45,3,0,0,QUEBEC STREET SOUTH & IOWA AVENUE EAST,1,1,0,0,1,1,0,,35,0,0,0,0,1,4,2,7
,2017_72596,39.687372,-104.903604,4/28/2017 7:40,7:40,3,0,0,QUEBEC STREET SOUTH & IOWA AVENUE EAST,1,1,0,0,1,1,0,,25,0,0,0,0,0,4,2,13
,2017_72597,39.687372,-104.903604,7/17/2017 14:09,14:09,3,0,0,QUEBEC STREET SOUTH & IOWA AVENUE EAST,1,1,0,0,1,1,0,,35,0,0,0,0,0,4,2,13
,2017_72598,39.682053,-104.9034015,6/28/2017 17:31,17:31,3,0,0,QUEBEC STREET SOUTH & JEWELL AVENUE EAST,1,1,0,0,1,1,0,,30,0,0,0,0,0,4,2,13
,2017_72599,39.698523,-104.903541,1/4/2017 18:39,18:39,12,0,0,QUEBEC STREET SOUTH & LEETSDALE DRIVE,4,3,0,2,1,1,0,,40,0,0,0,0,0,4,2,14
,2017_72600,39.698523,-104.903541,1/4/2017 21:05,21:05,5,0,0,QUEBEC STREET SOUTH & LEETSDALE DRIVE,4,3,1,2,2,4,0,,40,0,0,0,0,0,4,1,5
,2017_72601,39.698523,-104.903541,8/19/2017 11:51,11:51,10,0,0,QUEBEC STREET 1050 BLOCK SOUTH & LEETSDALE DRIVE,1,1,0,0,1,1,0,,35,0,0,0,0,0,4,2,3
,2017_72603,39.692556,-104.903604,1/17/2017 9:33,9:33,3,0,0,QUEBEC STREET SOUTH & LOUISIANA AVENUE EAST,5,1,0,0,1,3,0,,25,0,0,0,0,0,4,2,13
,2017_72604,39.695652,-104.903595,1/30/2017 15:21,15:21,3,0,2,QUEBEC STREET SOUTH & MISSISSIPPI AVENUE EAST,1,1,0,0,6,1,0,,35,0,0,0,0,2,4,4,13
,2017_72605,39.761964,-104.903451,7/20/2017 6:44,6:44,3,0,0,QUEBEC STREET NORTH & MLK BOULEVARD EAST,1,1,0,0,1,1,0,,40,0,0,0,0,0,4,2,13
,2017_72606,39.714957,-105.0408945,1/3/2017 16:35,16:35,12,0,0,QUITMAN STREET SOUTH & BAYAUD AVENUE WEST,1,1,1,0,1,1,0,,25,0,0,0,0,0,4,2,8
,2017_72607,39.747438,-104.90346,1/3/2017 6:04,6:04,12,0,0,QUEBEC STREET NORTH & MONTEVIEW BOULEVARD,1,3,0,7,1,4,0,,30,0,0,0,0,0,4,3,3
,2017_72608,39.747438,-104.90346,6/15/2017 23:51,23:51,1,0,0,QUEBEC STREET NORTH & MONTVIEW BOULEVARD EAST,1,3,0,0,1,1,0,,35,0,0,0,0,1,4,2,7
,2017_72609,39.771774,-104.903442,1/26/2017 18:19,18:19,12,0,0,QUEBEC STREET NORTH & SMITH ROAD EAST,1,3,1,0,1,4,0,,40,0,0,0,0,1,4,2,14
,2017_72610,39.667626,-104.9036175,1/3/2017 16:46,16:46,12,0,0,QUEBEC STREET SOUTH & YALE AVENUE,1,1,1,7,1,1,0,,30,0,0,0,0,0,4,2,14
,2017_72611,39.776679,-104.844951,1/26/2017 13:10,13:10,12,0,0,QUENTIN STREET 4300 BLOCK NORTH & 44TH AVENUE EAST,1,1,0,0,1,2,0,,25,0,0,0,0,0,4,2,13
,2017_72612,39.760767,-104.9737815,10/1/2017 21:00,21:00,6,0,0,32ND STREET 800 BLOCK & STOUT STREET,2,4,0,1,1,4,0,,30,0,0,0,0,0,4,2,13
,2017_72613,39.639762,-105.05331,4/12/2017 20:17,20:17,12,0,0,QUINCY AVENUE WEST & SHERIDAN BOULEVARD SOUTH,1,3,0,0,1,4,0,,35,0,0,0,0,0,4,2,5
,2017_72614,39.638664,-104.89266,3/2/2017 16:54,16:54,1,0,0,QUINCY AVENUE EAST & TAMARAC STREET SOUTH,1,2,0,0,1,1,0,,40,0,0,0,0,0,4,2,13
,2017_72615,39.71655,-105.0409035,7/20/2017 22:34,22:34,6,0,0,QUITMAN STREET & 751 SOUTH QUITMAN STREET,1,3,0,0,1,4,0,,25,0,0,0,0,0,4,3,13
,2017_72616,39.76537129,-105.040494,1/5/2017 4:00,4:00,6,0,0,QUITMAN STREET & 805 SOUTH,4,3,0,2,1,4,0,,25,0,0,0,0,0,4,2,13
,2017_72617,39.780207,-105.0404355,6/1/2017 11:05,11:05,6,0,0,QUITMAN STREET 4633 NORTH & 46TH AVENUE WEST,1,1,0,0,1,4,0,,25,0,0,0,0,0,4,2,14
,2017_72618,39.706425,-105.007842,1/14/2017 15:40,15:40,3,0,0,QUIVAS STREET SOUTH & QUIETO WAY SOUTH,1,1,0,0,1,3,0,,20,0,0,0,0,0,4,2,14
,2017_72619,39.787956,-104.9635035,9/6/2017 16:30,16:30,6,0,0,RACE STREET NORTH & RACE STREET 1402 NORTH,1,1,0,0,1,4,0,,25,0,0,0,0,0,4,2,1
,2017_72620,39.78431551,-104.9634838,2/16/2017 12:00,12:00,6,0,0,RACE STREET & 2800 BLOCK NORTH,1,1,0,0,1,4,0,,25,0,0,0,0,0,4,2,13
,2017_72621,39.735054,-104.9635035,9/1/2017 12:46,12:46,3,0,0,RACE STREET NORTH & 12TH AVENUE EAST,1,1,0,0,1,1,0,,25,0,0,0,0,0,4,2,8
,2017_72622,39.755889,-104.963112,7/16/2017 20:41,20:41,6,0,0,RACE STREET 2700 BLOCK NORTH & 27TH AVENUE EAST,1,3,0,0,1,4,0,,25,0,0,0,0,0,4,2,5
,2017_72623,39.757167,-104.963112,1/16/2017 14:34,14:34,6,0,0,RACE STREET 2800 BLOCK NORTH & 29TH AVENUE EAST,4,1,0,0,1,4,0,,25,0,0,0,0,0,4,2,13
,2017_72624,39.760731,-104.9634225,1/9/2017 16:35,16:35,12,0,0,RACE STREET NORTH & 31ST AVENUE EAST,1,1,0,7,1,4,0,,25,0,0,0,0,0,4,2,3
,2017_72625,39.762135,-104.963112,3/31/2017 8:48,8:48,6,0,0,RACE STREET 3200 BLOCK NORTH & 33RD AVENUE EAST,1,1,0,0,1,4,0,,25,0,0,0,0,0,4,2,13
,2017_72626,39.739986,-104.963454,1/21/2017 23:13,23:13,6,0,0,RACE STREET 1400 BLOCK NORTH & COLFAX AVENUE EAST,1,3,0,0,1,4,0,,,0,0,0,0,0,4,2,13
,2017_72627,39.739986,-104.963454,6/4/2017 14:20,14:20,6,0,0,RACE STREET 1400 BLOCK NORTH & COLFAX AVENUE EAST,1,1,0,0,1,4,0,,25,0,0,0,0,0,4,3,10
,2017_72628,39.709296,-104.963994,1/11/2017 13:59,13:59,3,0,0,RACE STREET SOUTH & DAKOTA AVENUE EAST,1,1,0,7,1,1,0,,25,0,0,0,0,0,4,2,16
,2017_72629,39.692952,-104.9640435,8/4/2017 9:05,9:05,3,0,0,RACE STREET SOUTH & LOUISIANA AVENUE EAST,1,1,0,0,1,1,0,,,0,0,0,0,0,4,2,13
,2017_72630,39.73895282,-105.041673,7/28/2017 4:00,4:00,6,0,0,RALEIGH STREET & 2300 BLOCK SOUTH,1,3,0,0,1,4,0,,25,0,0,0,0,0,4,3,14
,2017_72631,39.7892821,-105.0415343,4/10/2017 10:25,10:25,6,0,0,RALEIGH STREET 5100 BLOCK NORTH & 51ST AVENUE WEST,1,1,1,0,1,4,0,,30,0,0,0,0,0,4,2,3
,2017_72632,39.696786,-105.0425865,1/27/2017 17:00,17:00,6,0,0,RALEIGH STREET SOUTH & MISSISSIPPI AVENUE WEST,1,2,0,0,3,4,0,,25,0,0,0,0,1,4,2,5
,2017_72633,39.7172835,-104.8960418,4/4/2017 20:24,20:24,3,0,0,RAMPART WAY NORTH & LOWRY BOULEVARD EAST ROUNDABOUT,2,3,0,2,1,6,0,,35,0,0,0,0,0,4,2,1
,2017_72634,39.72459788,-104.9012726,8/14/2017 17:00,17:00,6,0,0,RAMPART WAY NORTH & ROSELYN STREET NORTH,1,1,0,0,1,4,0,,25,0,0,0,0,0,4,2,13
,2017_72635,39.797667,-104.797044,3/29/2017 19:30,19:30,6,0,0,RANDOLPH PLACE 16200 BLOCK EAST & LEWISTON STREET NORTH,1,2,0,0,1,4,0,,15,0,0,0,0,0,4,2,3
,2017_72636,39.787416,-105.0333705,8/28/2017 8:55,8:55,3,0,0,REGIS BOULEVARD WEST & KING STREET NORTH,1,1,0,0,1,1,0,,30,0,0,0,0,0,4,3,7
,2017_72637,39.700386,-105.042591,6/7/2017 19:20,19:20,3,0,0,RALEIGH STREET SOUTH & KENTUCKY AVENUE WEST,1,2,0,0,1,1,0,,,0,0,0,0,1,4,2,13
,2017_72638,39.734172,-104.8858425,8/28/2017 22:10,22:10,6,0,0,RICHTHOFEN PLACE EAST & XENIA STREET NORTH,1,3,0,0,1,4,0,,30,0,0,0,0,0,4,2,2
,2017_72639,39.716568,-105.0015825,6/8/2017 19:30,19:30,3,0,0,RIO GRANDE BOULEVARD NORTH & LIPAN STREET NORTH,1,1,0,0,1,1,0,,,0,0,0,0,0,4,2,13
,2017_72640,39.77498489,-104.8993019,1/4/2017 18:05,18:05,14,0,0,ROSEMARY STREET 4000 BLOCK NORTH & 40TH AVENUE EAST,4,3,0,0,1,4,0,,35,0,0,0,0,0,4,2,13
,2017_72641,39.75845738,-104.9004551,1/30/2017 11:30,11:30,6,0,0,ROSLYN STREET 2900 BLOCK NORTH & 29TH DRIVE EAST,1,1,0,0,1,4,1,,25,0,0,0,0,0,4,3,14
,2017_72642,39.760551,-104.9001615,4/28/2017 20:55,20:55,12,0,0,ROSLYN STREET NORTH & MLK BOULEVARD EAST,2,3,0,2,1,1,0,,,0,0,0,0,0,4,2,13
,2017_72643,39.741813,-104.987826,7/21/2017 6:20,6:20,15,0,0,16TH STREET 200 BLOCK & CLEVELAND PLACE,1,1,0,0,1,3,0,,30,0,0,0,0,0,4,2,7
,2017_72644,39.75457509,-105.002211,8/14/2017 14:26,14:26,3,0,0,17TH STREET & 1500 BLOCK,1,1,0,0,1,5,0,,10,0,0,0,0,0,4,2,13
,2017_72645,39.752154,-104.9988465,7/4/2017 19:38,19:38,15,0,0,17TH STREET & WAZEE STREET,1,1,0,0,1,1,0,,,0,0,0,0,0,4,2,13
,2017_72646,39.744657,-104.9963625,4/2/2017 19:53,19:53,15,0,0,14TH STREET & CHAMPA STREET,1,3,0,0,1,4,0,,30,0,0,0,0,0,4,2,5
,2017_72647,39.742002,-104.99283,8/16/2017 8:35,8:35,15,0,1,14TH STREET 500 BLOCK & GLENARM PLACE,1,1,0,0,1,3,0,,25,0,0,0,1,2,4,2,13
,2017_72648,39.747348,-104.9998455,8/26/2017 17:00,17:00,6,0,0,14TH STREET 1300 BLOCK & LARIMER STREET,1,1,0,0,1,4,0,,25,0,0,0,0,0,4,2,13
,2017_72649,39.748023,-105.0006915,3/15/2017 23:30,23:30,15,0,0,14TH STREET & MARKET STREET,1,3,0,0,1,1,0,,25,0,0,0,0,0,4,2,13
,2017_72650,39.748023,-105.0006915,7/21/2017 9:48,9:48,3,0,0,14TH STREET & MARKET STREET,1,1,0,0,1,1,0,,25,0,0,0,0,0,4,2,13
,2017_72651,39.749013,-105.0024915,8/21/2017 16:14,16:14,10,0,0,14TH STREET & WAZEE STREET,1,1,0,0,1,3,0,,,0,0,0,0,0,4,2,13
,2017_72652,39.742686,-104.993721,4/19/2017 13:42,13:42,6,0,0,14TH STREET 500 BLOCK & WELTON STREET,1,1,0,0,1,4,0,,30,0,0,0,0,0,4,2,14
,2017_72653,39.746898,-104.996871,5/17/2017 14:04,14:04,12,0,0,15TH STREET & ARAPAHOE STREET,1,1,0,0,1,3,0,,30,0,0,0,0,0,4,2,1
,2017_72654,39.749616,-105.0003405,1/12/2017 20:05,20:05,15,0,0,15TH STREET & BLAKE STREET,2,3,0,0,1,4,0,,35,0,0,0,0,1,4,4,13
,2017_72655,39.740886,-104.9889735,2/12/2017 10:40,10:40,15,0,0,15TH STREET 100 BLOCK & CLEVELAND PLACE,1,1,0,0,1,4,0,,,0,0,0,0,0,4,2,1
,2017_72656,39.744792,-104.989203,9/3/2017 4:48,4:48,5,0,0,17TH STREET 500 BLOCK & GLENARM PLACE,1,5,0,0,1,4,0,,30,0,0,0,0,0,4,1,14
,2017_72657,39.753198,-105.0025905,2/3/2017 7:50,7:50,9,0,0,16TH STREET & WEWATTA STREET,2,1,0,0,1,1,0,,25,0,0,0,0,0,4,3,13
,2017_72658,39.747609,-104.997762,6/2/2017 11:37,11:37,12,0,0,15TH STREET & LAWRENCE STREET,1,1,0,0,1,1,0,,25,0,0,0,0,0,4,2,7
,2017_72659,39.747609,-104.997762,6/30/2017 19:06,19:06,15,0,0,15TH STREET 1200 BLOCK & LAWRENCE STREET,1,2,0,0,1,4,0,,25,0,0,0,0,0,4,2,13
,2017_72660,39.748941,-104.9995305,1/11/2017 15:30,15:30,15,0,0,15TH STREET & MARKET STREET,1,1,0,7,1,4,0,,30,0,0,0,0,0,4,2,16
,2017_72661,39.745431,-104.9901075,6/15/2017 8:00,8:00,10,0,0,17TH STREET & WELTON STREET,1,1,0,0,1,1,0,,,0,0,0,0,0,4,2,13
,2017_72662,39.748941,-104.9995305,9/9/2017 16:43,16:43,15,0,0,15TH STREET 1300 BLOCK & MARKET STREET,1,1,0,0,1,4,0,,30,0,0,0,0,0,4,2,1
,2017_72663,39.756456,-105.0093135,1/22/2017 12:50,12:50,10,0,0,15TH STREET 2300 BLOCK & PLATTE STREET,1,1,0,0,1,4,0,,30,0,0,0,0,0,4,2,13
,2017_72664,39.756456,-105.0093135,1/25/2017 17:27,17:27,3,0,0,15TH STREET & PLATTE STREET,1,2,1,7,1,1,0,,30,0,0,0,0,1,4,3,16
,2017_72665,39.75093,-105.0021,8/3/2017 12:45,12:45,15,0,1,15TH STREET & WYNKOOP STREET,1,1,0,0,1,4,0,,30,0,0,0,0,2,4,2,13
,2017_72666,39.75093,-105.0021,8/18/2017 8:54,8:54,15,0,0,15TH STREET 1700 BLOCK & WYNKOOP STREET,1,1,0,0,1,4,0,,,0,0,0,0,0,4,2,13
,2017_72667,39.75457509,-105.002211,1/4/2017 11:00,11:00,15,0,0,17TH STREET & 1000 BLOCK,2,1,0,2,1,4,0,,25,0,0,0,0,0,4,3,13
,2017_72668,39.748797,-104.9944635,1/21/2017 1:14,1:14,15,0,0,17TH STREET & ARAPAHOE STREET,3,5,1,0,1,1,0,,30,0,0,0,0,1,4,2,13
,2017_72669,39.760173,-105.0093,1/23/2017 8:00,8:00,3,0,0,17TH STREET 2500 BLOCK & BOULDER STREET,1,1,0,0,1,2,0,,30,0,0,0,0,0,4,2,14
,2017_72670,39.743397,-104.987394,6/3/2017 13:45,13:45,15,0,0,17TH STREET & BROADWAY STREET NORTH,1,1,0,0,1,1,0,,30,0,0,0,0,0,4,2,13
,2017_72671,39.743397,-104.987394,9/15/2017 14:22,14:22,15,0,0,17TH STREET 000 BLOCK & BROADWAY STREET NORTH,1,1,0,0,1,4,0,,30,0,0,0,0,0,4,2,13
,2017_72672,39.744792,-104.989203,7/27/2017 23:17,23:17,15,0,1,17TH STREET 400 BLOCK & GLENARM PLACE,1,3,0,0,1,4,0,,25,0,0,0,1,2,4,2,13
,2017_72673,39.746772,-104.991813,3/5/2017 7:30,7:30,15,0,0,17TH STREET 800 BLOCK & STOUT STREET,1,1,1,0,1,1,0,,30,0,0,0,0,0,4,2,13
,2017_72674,39.744072,-104.988285,10/9/2017 10:50,10:50,3,0,0,17TH STREET & TREMONT PLACE,2,1,0,2,1,1,0,,30,0,0,0,0,0,4,2,8
,2017_72675,39.745431,-104.9901075,4/8/2017 2:20,2:20,5,0,1,17TH STREET 700 BLOCK & WELTON STREET,1,3,0,0,3,4,0,,,0,0,0,0,2,4,1,5
,2017_72676,39.752676,-104.9946705,9/3/2017 20:50,20:50,3,0,1,19TH STREET 1400 BLOCK SOUTH & MARKET STREET,1,3,0,0,1,5,0,,25,0,0,0,1,2,4,2,13
,2017_72677,39.754008,-104.996412,7/30/2017 0:13,0:13,14,0,0,19TH STREET & WAZEE STREET,1,3,0,0,1,1,0,,30,0,0,0,0,0,4,2,13
,2017_72678,39.754008,-104.996412,8/10/2017 15:46,15:46,3,0,0,19TH STREET 1500 BLOCK & WAZEE STREET,1,1,0,0,1,2,0,,30,0,0,0,1,1,4,2,3
,2017_72679,39.75579,-104.998761,4/7/2017 21:53,21:53,10,0,0,19TH STREET & WEWATTA STREET,1,3,0,0,1,1,0,,30,0,0,0,0,1,4,2,13
,2017_72680,39.754305,-104.9942745,1/1/2017 1:25,1:25,12,0,0,20TH STREET & BLAKE STREET,1,1,1,7,1,4,0,,30,0,0,0,0,0,4,2,1
,2017_72681,39.754305,-104.9942745,3/11/2017 23:20,23:20,15,0,0,20TH STREET & BLAKE STREET,1,3,1,0,1,1,0,,30,0,0,0,0,0,4,2,7
,2017_72682,39.748878,-104.987448,1/12/2017 17:25,17:25,15,0,0,20TH STREET & BROADWAY STREET NORTH,9,3,0,0,1,1,0,,30,0,0,0,0,0,4,2,8
,2017_72683,39.748887,-104.9874525,2/3/2017 16:30,16:30,15,0,0,20TH STREET & BROADWAY NORTH,1,2,0,7,1,4,0,,30,0,0,0,0,0,4,2,16
,2017_72684,39.748878,-104.987448,2/26/2017 14:38,14:38,15,0,0,20TH STREET & BROADWAY STREET NORTH,1,1,0,0,1,1,0,,,0,0,0,0,0,4,2,13
,2017_72685,39.748878,-104.987448,3/2/2017 9:54,9:54,15,0,0,20TH STREET & BROADWAY STREET,1,1,0,0,1,1,0,,30,0,0,0,0,0,4,2,8
,2017_72686,39.748878,-104.987448,3/12/2017 13:19,13:19,15,0,0,20TH STREET & BROADWAY STREET NORTH,1,1,0,0,1,1,0,,35,0,0,0,0,0,4,2,1
,2017_72687,39.748878,-104.987448,6/7/2017 12:59,12:59,15,0,0,20TH STREET & BROADWAY STREET NORTH,1,1,0,0,1,1,0,,30,0,0,0,0,0,4,2,1
,2017_72688,39.748878,-104.987448,7/21/2017 20:30,20:30,15,0,0,20TH STREET & BORADWAY STREET NORTH,1,3,1,0,1,1,0,,30,0,0,0,0,0,4,2,7
,2017_72689,39.748878,-104.987448,9/16/2017 14:12,14:12,10,0,0,20TH STREET & BROADWAY STREET NORTH,1,1,0,0,1,1,0,,30,0,0,0,0,0,4,2,13
,2017_72690,39.757653,-104.998635,4/4/2017 16:08,16:08,12,0,0,20TH STREET 1800 BLOCK & CHESTNUT PLACE,2,1,0,2,1,4,0,,30,0,0,0,0,1,4,2,13
,2017_72691,39.757653,-104.998635,8/27/2017 17:49,17:49,5,0,0,20TH STREET 1900 BLOCK & CHESTNUT PLACE,1,1,1,0,2,4,0,,35,0,0,0,0,0,4,1,13
,2017_72692,39.759192,-104.9862105,8/27/2017 22:44,22:44,5,0,0,26TH STREET & WALNUT STREET,1,3,0,0,1,4,0,,30,0,0,0,0,0,4,1,5
,2017_72693,39.752946,-104.992614,4/8/2017 0:30,0:30,3,0,0,20TH STREET 1300 BLOCK & LARIMER STREET,1,3,0,0,1,5,0,,30,0,0,0,0,0,4,2,5
,2017_72694,39.752262,-104.991804,8/4/2017 8:20,8:20,3,0,0,20TH STREET & LAWRENCE STREET,1,1,0,0,1,1,0,,30,0,0,0,0,1,4,2,8
,2017_72695,39.747933,-104.986134,9/18/2017 17:34,17:34,15,0,0,20TH STREET & LINCOLN STREET NORTH,1,3,0,0,1,1,0,,30,0,0,0,0,0,4,2,14
,2017_72696,39.759579,-105.0017805,1/16/2017 6:55,6:55,12,0,0,20TH STREET & LITTLE RAVEN STREET,4,1,1,2,1,4,0,,30,0,0,0,0,1,4,2,16
,2017_72697,39.759579,-105.0017805,4/25/2017 11:13,11:13,3,0,0,20TH STREET & LITTLE RAVEN STREET,1,1,1,0,1,1,0,,30,0,0,0,0,0,4,2,12
,2017_72698,39.759579,-105.0017805,5/2/2017 18:06,18:06,3,0,0,20TH STREET & LITTLE RAVEN STREET,1,1,0,1,1,1,0,,25,0,0,0,0,1,4,2,1
,2017_72699,39.759579,-105.0017805,9/16/2017 3:20,3:20,5,0,0,20TH STREET 2100 BLOCK & LITTLE RAVEN STREET,1,3,1,0,2,4,0,,35,0,0,0,0,1,4,1,5