id,drcog_id,latitude,longitude,crashtime,time,crashtype,numbkilled,numbinjurd,drcoglocat,rdconditin,lightngcon,roadcntgrd,weatherco,location,roaddescrp,constrzone,schoolzone,splimit,bikeinv,pedinv,sctrinv,motoinv,svrty,rdsystem,ttlvehcls,hcf
,2017_72700,39.753612,-104.993451,2/3/2017 18:59,18:59,10,0,0,20TH STREET & MARKET STREET,3,5,0,0,1,1,0,,30,0,0,0,0,0,4,2,13
,2017_72701,39.753612,-104.993451,3/10/2017 23:20,23:20,15,0,0,20TH STREET & MARKET STREET,1,3,0,0,1,4,0,,30,0,0,0,0,0,4,2,14
,2017_72702,39.753612,-104.993451,4/22/2017 20:48,20:48,12,0,0,20TH STREET & MARKET STREET,2,3,0,0,1,3,0,,,0,0,0,0,0,4,2,13
,2017_72703,39.753612,-104.993451,5/21/2017 2:00,2:00,15,0,0,20TH STREET & MARKET STREET,1,3,0,0,1,1,0,,35,0,0,0,0,0,4,2,13
,2017_72704,39.753612,-104.993451,6/7/2017 18:31,18:31,15,0,0,20TH STREET 1300 BLOCK & MARKET STREET,1,1,0,0,1,5,0,,25,0,0,0,0,0,4,2,13
,2017_72705,39.748545,-104.8950315,4/21/2017 22:00,22:00,6,0,0,21ST STREET & 21ST STREET 1200 BLOCK,1,3,0,0,1,4,0,,30,0,0,0,0,0,4,2,1
,2017_72706,39.751857,-104.988762,3/8/2017 14:21,14:21,6,0,0,21ST STREET 1000 BLOCK & CURTIS STREET,1,1,0,0,1,4,0,,25,0,0,0,0,0,4,2,13
,2017_72707,39.753882,-104.99139,8/20/2017 0:00,0:00,12,0,0,21ST STREET & LARIMER STREET,1,3,0,0,1,4,0,,25,0,0,0,0,0,4,2,13
,2017_72708,39.753198,-104.9905665,4/30/2017 11:32,11:32,6,0,0,21ST STREET & LAWRENCE STREET,1,1,1,0,1,4,0,,25,0,0,0,0,0,4,2,13
,2017_72709,39.754557,-104.9922225,5/21/2017 16:23,16:23,6,0,0,21ST 1300 & MARKET STREET,1,1,0,0,1,4,0,,30,0,0,0,0,0,4,2,13
,2017_72710,39.753423,-104.988402,1/25/2017 13:35,13:35,12,0,0,22ND STREET & ARAPAHOE STREET,1,1,0,0,1,3,0,,25,0,0,0,0,0,4,2,1
,2017_72711,39.752667,-104.98743,1/3/2017 19:31,19:31,10,0,0,22ND STREET & BROADWAY NORTH / CURTIS INSCT,1,3,0,0,1,1,0,,30,0,0,0,0,0,4,2,1
,2017_72712,39.752667,-104.98743,3/21/2017 6:35,6:35,15,0,0,22ND STREET & BROADWAY STREET,1,1,0,0,1,1,0,,30,0,0,0,0,0,4,2,13
,2017_72713,39.752667,-104.98743,4/17/2017 10:13,10:13,15,0,0,22ND STREET & BROADWAY STREET NORTH,1,1,0,0,1,1,0,,30,0,0,0,0,0,4,2,13
,2017_72714,39.752667,-104.98743,5/24/2017 7:23,7:23,15,0,0,22ND STREET & BROADWAY,1,1,0,0,1,1,0,,25,0,0,0,0,0,4,2,13
,2017_72715,39.752667,-104.98743,9/9/2017 23:58,23:58,10,0,0,22ND STREET & BROADWAY STREET,1,1,0,0,1,1,0,,30,0,0,0,0,0,4,2,13
,2017_72716,39.752118,-104.9866605,1/21/2017 10:10,10:10,3,0,0,22ND STREET & CHAMPA STREET NORTH,1,1,0,7,1,1,0,,30,0,0,0,0,0,4,2,3
,2017_72717,39.752118,-104.9866605,9/20/2017 15:44,15:44,6,0,0,22ND STREET & CHAMPA STREET,1,1,0,0,1,2,0,,35,0,0,0,0,0,4,2,14
,2017_72718,39.75417,-104.9893335,1/27/2017 12:50,12:50,3,0,0,22ND STREET & LAWRENCE STREET,1,1,0,7,1,1,0,,30,0,0,0,0,1,4,2,16
,2017_72719,39.75705,-104.992893,1/12/2017 17:45,17:45,12,0,0,22ND STREET & WAZEE STREET,2,3,0,2,1,1,0,,25,0,0,0,0,0,4,2,7
,2017_72720,39.755853,-104.9818815,4/5/2017 12:50,12:50,15,0,0,26TH STREET 800 & CHAMPA STREET,1,1,1,0,1,4,0,,25,0,0,0,0,0,4,2,13
,2017_72721,39.757464,-104.9815215,8/13/2017 2:07,2:07,3,0,1,27TH STREET & CURTIS STREET,1,3,0,0,1,1,0,,25,0,0,0,0,2,4,2,14
,2017_72722,39.79094944,-104.9851935,1/20/2017 13:10,13:10,6,0,0,SHERMAN STREET & 1500 BLOCK NORTH,1,1,0,0,3,4,0,,30,0,0,0,0,0,4,2,13
,2017_72723,39.760128,-104.9850315,1/8/2017 8:30,8:30,3,0,0,27TH STREET & WALNUT STREET,4,1,0,2,1,1,0,,30,0,0,0,0,0,4,2,16
,2017_72724,39.764349,-104.986584,1/15/2017 1:00,1:00,15,0,0,29TH STREET & BRIGHTON BOULEVARD NORTH,1,3,0,0,1,1,0,,30,0,0,0,0,0,4,2,13
,2017_72725,39.759327,-104.9790915,6/6/2017 15:05,15:05,5,0,0,29TH STREET & CURTIS STREET,1,1,0,0,1,1,0,,25,0,0,0,0,0,4,1,14
,2017_72726,39.756654,-104.975613,8/25/2017 13:47,13:47,10,0,0,29TH STREET & WELTON STREET,1,1,0,0,1,1,0,,30,0,0,0,0,0,4,2,8
,2017_72727,39.766572,-104.983713,7/20/2017 15:38,15:38,9,0,0,31ST STREET & BRIGHTON BOULEVARD NORTH,1,1,0,0,1,1,0,,25,0,0,0,1,1,4,1,7
,2017_72728,39.76294906,-104.9765314,7/21/2017 19:30,19:30,12,0,0,32ND STREET & 807,1,1,0,0,1,3,0,,30,0,0,0,0,0,4,3,1
,2017_72729,39.763485,-104.977242,1/7/2017 22:24,22:24,3,0,0,32ND STREET & LAWRENCE STREET,5,3,0,7,1,1,0,,25,0,0,0,0,0,4,2,16
,2017_72730,39.763485,-104.977242,6/9/2017 22:14,22:14,3,0,0,32ND STREET & LAWRENCE STREET,1,3,0,0,1,1,0,,25,0,0,0,0,0,4,2,13
,2017_72731,39.765339,-104.97483,10/3/2017 11:10,11:10,3,0,0,34TH STREET & LAWRENCE STREET,1,1,1,0,1,1,0,,25,0,0,0,0,0,4,2,7
,2017_72732,39.770298,-104.9789115,10/3/2017 17:03,17:03,3,0,0,35TH STREET & BRIGHTON BOULEVARD NORTH,1,1,0,0,1,1,0,,25,0,0,0,0,0,4,2,8
,2017_72733,39.774528,-104.9223105,1/26/2017 11:18,11:18,5,0,0,SMITH ROAD & HOLLY STREET NORTH,1,1,0,7,1,1,0,,25,0,0,0,0,0,4,1,16
,2017_72734,39.725694,-104.9985945,8/1/2017 8:59,8:59,15,0,0,SANTA FE DRIVE NORTH & SIXTH AVENUE WEST,1,1,1,0,1,4,0,,30,0,0,0,0,0,4,2,13
,2017_72735,39.727305,-104.9986125,6/6/2017 18:20,18:20,5,0,0,SANTA FE DRIVE NORTH & SEVENTH AVENUE WEST,1,1,0,0,1,3,0,,30,0,0,0,0,1,4,1,13
,2017_72736,39.747672,-105.002334,7/29/2017 17:28,17:28,15,0,0,SPEER BOULEVARD NORTH & MARKET STREET,1,1,0,0,1,1,0,,30,0,0,0,0,0,4,2,13
,2017_72737,39.728907,-104.998644,1/25/2017 8:40,8:40,15,0,0,SANTA FE & EIGHTH AVENUE,1,1,0,0,1,1,0,,30,0,0,0,0,0,4,2,13
,2017_72738,39.732084,-104.9986845,1/12/2017 6:40,6:40,10,0,0,SANTA FE DRIVE NORTH & 10TH AVENUE WEST,1,3,0,0,1,1,0,,35,0,0,0,0,0,4,2,14
,2017_72739,39.73214178,-104.998623,5/22/2017 8:50,8:50,15,0,0,SANTA FE DRIVE 1000 BLOCK NORTH & 11TH AVENUE EAST,1,1,0,0,1,4,0,,30,0,0,0,0,0,4,2,13
,2017_72740,39.733803,-104.9985315,8/4/2017 8:10,8:10,6,0,0,SANTA FE DRIVE 1100 BLOCK NORTH & 11TH AVENUE WEST,1,1,0,0,1,4,0,,30,0,0,0,0,0,4,2,14
,2017_72741,39.711186,-104.997132,1/23/2017 8:45,8:45,3,0,0,SANTA FE DRIVE SOUTH & ALAMEDA AVENUE WEST,1,1,0,7,1,1,0,,35,0,0,0,0,1,4,2,16
,2017_72742,39.711186,-104.997132,9/6/2017 0:49,0:49,3,0,1,SANTA FE DRIVE SOUTH & ALAMEDA AVENUE WEST,1,3,0,0,1,1,0,,30,0,0,0,0,2,4,2,1
,2017_72743,39.712266,-104.997654,1/5/2017 19:25,19:25,15,0,0,SANTA FE DRIVE SOUTH & BYERS PLACE WEST,4,3,0,2,1,1,0,,30,0,0,0,0,0,4,2,13
,2017_72744,39.703887,-104.9851215,4/6/2017 17:07,17:07,6,0,0,SHERMAN STREET 600 BLOCK SOUTH & EXPOSITION AVENUE EAST,1,1,0,0,1,4,0,,30,0,0,0,0,0,4,2,13
,2017_72745,39.712266,-104.997654,6/3/2017 19:45,19:45,15,0,0,SANTA FE DRIVE 200 BLOCK SOUTH & BYERS PLACE EAST,1,2,0,0,1,3,0,,30,0,0,0,0,0,4,2,8
,2017_72746,39.713508,-104.998284,1/4/2017 14:17,14:17,15,0,0,SANTA FE DRIVE SOUTH & CEDAR AVENUE EAST,4,1,1,2,1,4,0,,30,0,0,0,0,0,4,2,16
,2017_72747,39.713508,-104.998284,2/10/2017 7:15,7:15,15,0,0,SANTA FE DRIVE SOUTH & CEDAR AVENUE WEST,1,1,0,0,1,1,0,,30,0,0,0,0,0,4,2,1
,2017_72748,39.79462677,-104.8415511,6/2/2017 16:06,16:06,1,0,0,SCRANTON STREET 5500 BLOCK NORTH & 55TH AVENUE EAST,1,1,0,0,1,4,0,,25,0,0,0,0,0,4,2,13
,2017_72749,39.8356446,-104.6717644,1/16/2017 19:42,19:42,12,0,0,SHADY GROVE STREET NORTH & PENA BOULEVARD IB,8,3,1,7,1,8,0,,35,0,0,0,0,1,4,2,16
,2017_72750,39.732102,-104.9494635,8/7/2017 1:20,1:20,6,0,0,STEELE STREET 1000 NORTH & 10TH AVENUE EAST,1,3,0,0,1,4,0,,25,0,0,0,0,0,4,2,5
,2017_72751,39.729078,-104.9848605,6/2/2017 9:29,9:29,6,0,0,SHERMAN STREET 800 BLOCK NORTH & EIGHTH AVENUE EAST,1,1,0,0,1,4,0,,25,0,0,0,0,0,4,3,13
,2017_72752,39.74346,-104.9844015,1/20/2017 8:06,8:06,15,0,0,SHERMAN STREET 1700 BLOCK & 18TH AVENUE EAST,1,1,0,0,1,3,0,,25,0,0,0,0,0,4,2,13
,2017_72753,39.714723,-104.9850135,1/4/2017 16:50,16:50,3,0,0,SHERMAN STREET SOUTH & BAYAUD AVENUE EAST,5,3,0,0,1,1,0,,25,0,0,0,0,0,4,4,13
,2017_72754,39.714723,-104.9850135,8/22/2017 9:03,9:03,6,0,0,SHERMAN STREET 100 BLOCK SOUTH & BAYAUD STREET EAST,1,1,0,0,1,4,0,,,0,0,0,0,0,4,2,13
,2017_72755,39.714723,-104.9850135,10/2/2017 7:10,7:10,6,0,0,SHERMAN STREET 100 BLOCK SOUTH & BAYAUD AVENUE EAST,1,1,0,0,1,4,0,,25,0,0,0,0,0,4,2,13
,2017_72756,39.790242,-105.010191,1/16/2017 13:21,13:21,6,0,0,SHOSHONE STREET & 3700 BLOCK NORTH,5,1,1,2,1,4,0,,25,0,0,0,0,0,4,2,13
,2017_72757,39.72066678,-105.0121053,1/13/2017 14:46,14:46,6,0,0,UMATILLA STREET & 4900 BLOCK NORTH,1,1,1,0,1,4,0,,25,0,0,0,0,0,4,2,13
,2017_72758,39.762747,-105.009273,2/2/2017 9:00,9:00,6,0,0,SHOSHONE STREET 3200 BLOCK & 33RD AVENUE WEST,2,1,0,0,1,1,0,,25,0,0,0,0,0,4,2,12
,2017_72759,39.76448781,-105.0095266,8/1/2017 16:10,16:10,15,0,0,SHOSHONE STREET 3400 BLOCK NORTH & 35TH AVENUE WEST,1,1,0,0,1,4,0,,,0,0,0,0,0,4,2,13
,2017_72760,39.76848,-104.8657545,1/20/2017 22:19,22:19,12,0,0,SMITH ROAD EAST & HAVANA STREET NORTH,1,3,0,0,1,1,0,,35,0,0,0,0,0,4,3,13
,2017_72761,39.768489,-104.86575,2/3/2017 9:35,9:35,12,0,1,SMITH ROAD & HAVANA STREET NORTH,5,1,0,2,1,1,0,,35,0,0,0,0,2,4,2,14
,2017_72762,39.728934,-104.9906115,3/1/2017 15:32,15:32,15,0,0,SPEER BOULEVARD NORTH & EIGHTH AVENUE WEST,1,1,0,0,1,1,0,,30,0,0,0,0,0,4,2,13
,2017_72763,39.728934,-104.9906115,3/16/2017 11:40,11:40,12,0,0,SPEER BOULEVARD & EIGHTH AVENUE WEST,14,1,0,0,1,1,0,,,0,0,0,0,0,4,2,13
,2017_72764,39.728934,-104.9906115,8/23/2017 10:10,10:10,3,0,0,SPEER BOULEVARD NORTH & EIGHTH AVENUE WEST,1,1,0,0,1,1,0,,25,0,0,0,0,0,4,2,13
,2017_72765,39.733623,-104.9941215,1/1/2017 19:39,19:39,15,0,0,SPEER BOULEVARD NORTH & 11TH AVENUE WEST,1,3,0,0,1,3,0,,30,0,0,0,0,0,4,2,8
,2017_72766,39.735279,-104.9945895,1/21/2017 9:15,9:15,15,0,0,SPEER BOULEVARD & 12TH AVENUE WEST,1,1,0,7,1,1,0,,35,0,0,0,0,0,4,2,7
,2017_72767,39.75408,-104.9961015,6/4/2017 1:57,1:57,12,0,0,WAZEE STREET 1900 BLOCK & 19TH STREET,1,3,0,0,1,4,0,,30,0,0,0,0,1,4,2,13
,2017_72768,39.738456,-104.9976405,9/13/2017 11:40,11:40,5,0,0,SPEER BOULEVARD NORTH & 14TH AVENUE WEST,1,1,0,0,3,4,0,,,0,0,0,0,0,4,1,13
,2017_72769,39.758445,-105.0213735,1/6/2017 8:48,8:48,12,0,0,SPEER BOULEVARD EASTBOUND & 29TH AVENUE WEST,4,1,0,2,1,1,0,,35,0,0,0,0,0,4,2,14
,2017_72770,39.76209,-105.0289335,1/23/2017 8:15,8:15,1,0,0,SPEER BOULEVARD & 32ND AVENUE WEST,1,1,0,7,1,1,0,,60,0,0,0,0,0,4,2,16
,2017_72771,39.76209,-105.0289335,6/9/2017 19:38,19:38,1,0,0,SPEER BOULEVARD NORTH & 32ND AVENUE WEST,2,2,0,0,1,2,0,,30,0,0,0,0,0,4,2,8
,2017_72772,39.744468,-105.0000435,4/18/2017 11:48,11:48,10,0,0,SPEER BOULEVARD & ARAPAHOE STREET,1,1,0,0,1,1,0,,35,0,0,0,0,1,4,2,13
,2017_72773,39.748446,-105.0033735,1/16/2017 15:15,15:15,12,0,0,SPEER BOULEVARD & AURARIA PARKWAY,5,1,1,7,1,3,0,,35,0,0,0,0,0,4,4,16
,2017_72774,39.748446,-105.0033735,3/4/2017 19:03,19:03,15,0,0,SPEER BOULEVARD NORTH & AURARIA PARKWAY,1,3,0,0,1,1,0,,35,0,0,0,0,1,4,2,13
,2017_72775,39.729717,-104.9912235,1/20/2017 17:10,17:10,10,0,0,SPEER BOULEVARD NORTH & BANNOCK STREET,1,2,0,0,1,1,0,,35,0,0,0,0,0,4,2,13
,2017_72776,39.729717,-104.9912235,6/8/2017 18:29,18:29,15,0,0,SPEER BOULEVARD NORTH & BANNOCK STREET NORTH,1,1,0,0,1,1,0,,35,0,0,0,0,0,4,2,13
,2017_72777,39.729717,-104.9912235,8/18/2017 13:58,13:58,3,0,0,SPEER BOULEVARD NORTH & BANNOCK STREET NORTH,1,1,1,0,1,1,0,,30,0,0,0,0,1,4,2,13
,2017_72778,39.729717,-104.9912235,9/20/2017 16:26,16:26,12,0,0,SPEER BOULEVARD NORTH & BANNOCK STREET NORTH,1,1,0,0,1,4,0,,35,0,0,0,0,0,4,2,13
,2017_72779,39.726594,-104.9874165,8/25/2017 18:00,18:00,3,0,0,SPEER BOULEVARD NORTH & BROADWAY STREET NORTH,1,1,0,0,1,1,0,,30,0,0,0,0,0,4,2,14
,2017_72780,39.742263,-104.9993505,1/25/2017 17:47,17:47,12,0,0,SPEER BOULEVARD & CHAMPA STREET,1,3,0,7,1,1,0,,60,0,0,0,0,0,4,2,16
,2017_72781,39.742263,-104.9993505,6/14/2017 17:39,17:39,3,0,0,SPEER BOULEVARD NORTH & CHAMPA STREET,1,1,0,0,1,1,0,,40,0,0,0,0,0,4,2,1
,2017_72782,39.731697,-104.9919525,1/16/2017 9:42,9:42,12,0,1,SPEER BOULEVARD 900 BLOCK NORTH & CHEROKEE STREET,5,1,0,2,1,3,0,,30,0,0,0,0,2,4,3,14
,2017_72783,39.75003,-105.0049305,4/6/2017 18:34,18:34,1,0,0,SPEER BOULEVARD NORTH & CHOPPER CIRCLE,1,1,0,0,1,1,0,,35,0,0,0,0,0,4,2,13
,2017_72784,39.758049,-105.02055,1/17/2017 19:21,19:21,12,0,0,SPEER BOULEVARD & CLAY STREET NORTH,1,3,0,7,1,4,0,,35,0,0,0,0,0,4,3,16
,2017_72785,39.758049,-105.02055,9/19/2017 19:09,19:09,3,0,0,SPEER BOULEVARD NORTH & CLAY STREET NORTH,1,3,0,0,1,1,0,,40,0,0,0,0,1,4,2,7
,2017_72786,39.740022,-104.998824,9/2/2017 22:35,22:35,12,0,0,SPEER BOULEVARD 1400 BLOCK NORTH & COLFAX AVENUE WEST,1,3,0,0,1,3,0,,35,0,0,0,0,0,4,2,3
,2017_72787,39.754269,-104.982183,8/22/2017 18:00,18:00,6,0,0,STOUT STREET & 25TH STREET,1,1,0,1,1,4,0,,30,0,0,0,0,0,4,2,13
,2017_72788,39.718278,-104.973777,1/12/2017 18:00,18:00,15,0,0,SPEER BOULEVARD & DOWNING STREET NORTH,2,3,0,2,1,3,0,,35,0,0,0,0,0,4,2,13
,2017_72789,39.718278,-104.973777,1/13/2017 20:15,20:15,3,0,0,SPEER BOULEVARD & DOWNING STREET NORTH,1,3,0,7,1,1,0,,30,0,0,0,0,0,4,2,16
,2017_72790,39.718278,-104.973777,4/13/2017 12:52,12:52,12,0,0,SPEER BOULEVARD EAST & DOWNING STREET NORTH,1,1,0,0,1,1,0,,35,0,0,0,0,0,4,2,13
,2017_72791,39.752343,-105.007563,2/11/2017 3:10,3:10,5,0,0,SPEER BOULEVARD 1000 BLOCK NORTH & ELITCH CIRCLE,1,3,2,0,3,4,0,,35,0,0,0,0,0,4,1,5
,2017_72792,39.752343,-105.007563,8/6/2017 14:50,14:50,9,0,0,SPEER BOULEVARD & ELITCH CIRCLE,1,1,0,0,1,1,0,,35,0,0,0,1,0,4,1,13
,2017_72793,39.752343,-105.007563,8/19/2017 12:00,12:00,10,0,0,SPEER BOULEVARD NORTH & ELITCH CIRCLE,1,1,0,0,1,1,0,,35,0,0,0,0,0,4,2,3
,2017_72794,39.769272,-105.0158655,8/10/2017 15:19,15:19,15,0,0,ZUNI STREET NORTH & 38TH AVENUE WEST,1,1,0,0,1,1,0,,25,0,0,0,0,0,4,2,13
,2017_72795,39.723435,-104.983794,1/5/2017 12:45,12:45,3,0,0,SPEER BOULEVARD & GRANT STREET NORTH,4,1,0,2,1,1,0,,35,0,0,0,0,0,4,2,16
,2017_72796,39.725649,-104.986314,3/1/2017 15:25,15:25,15,0,0,SPEER BOULEVARD EAST & LINCOLN STREET NORTH,1,1,1,0,1,1,0,,35,0,0,0,0,0,4,2,13
,2017_72797,39.725649,-104.986314,8/6/2017 2:57,2:57,15,0,0,SPEER BOULEVARD & LINCOLN STREET NORTH,1,3,0,0,1,1,0,,30,0,0,0,0,1,4,2,13
,2017_72798,39.722616,-104.982624,1/16/2017 14:52,14:52,15,0,0,SPEER BOULEVARD & LOGAN STREET NORTH,2,1,0,0,1,4,0,,35,0,0,0,0,0,4,2,1
,2017_72799,39.722616,-104.982624,7/12/2017 23:55,23:55,5,0,1,SPEER BOULEVARD EAST & LOGAN STREET NORTH,1,3,0,0,3,1,0,,35,0,0,0,0,2,4,1,13
,2017_72800,39.747672,-105.002334,9/29/2017 23:20,23:20,1,0,0,SPEER BOULEVARD NORTH & MARKET STREET,1,3,0,0,1,1,0,,30,0,0,0,0,0,4,2,13
,2017_72801,39.755133,-105.0127335,1/4/2017 8:05,8:05,15,0,0,SPEER BOULEVARD & I25 NORTHBOUND SLIP RAMP OFF,4,3,0,2,1,8,0,,30,0,0,0,0,0,4,2,13
,2017_72802,39.724488,-104.9850315,1/16/2017 6:57,6:57,12,0,0,SPEER BOULEVARD & SHERMAN STREET NORTH,4,1,0,2,1,4,0,,30,0,0,0,0,0,4,2,8
,2017_72803,39.720456,-104.9791185,9/12/2017 15:10,15:10,10,0,0,SPEER BOULEVARD EAST & WASHINGTON STREET NORTH,1,1,0,0,1,1,0,,35,0,0,0,0,0,4,2,1
,2017_72804,39.670011,-105.04278,9/19/2017 22:35,22:35,6,0,0,STUART STREET SOUTH & STUART STREET 620 SOUTH,1,3,0,0,1,4,0,,25,0,0,0,0,1,4,2,12
,2017_72805,39.748752,-105.003324,1/23/2017 3:06,3:06,15,0,0,SPEER BOULEVARD NORTH & WAZEE STREET,1,3,0,0,1,1,0,,35,0,0,0,0,0,4,2,13
,2017_72806,39.748752,-105.003324,7/26/2017 20:52,20:52,5,0,0,SPEER BOULEVARD 1300 NORTH & WAZEE STREET,2,3,0,1,2,4,0,,35,0,0,0,0,0,4,1,7
,2017_72807,39.748752,-105.003324,7/28/2017 13:38,13:38,3,0,0,SPEER BOULEVARD NORTH & WAZEE STREET,1,1,1,0,1,1,0,,30,0,0,0,0,0,4,2,8
,2017_72808,39.75633,-105.015852,2/26/2017 16:27,16:27,15,0,0,SPEER BOULEVARD NORTH & ZUNI STREET NORTH,1,1,0,0,1,1,0,,35,0,0,0,0,0,4,2,13
,2017_72809,39.75633,-105.015852,9/8/2017 11:36,11:36,12,0,0,SPEER BOULEVARD 2700 BLOCK NORTH & ZUNI STREET NORTH,1,1,1,0,1,4,0,,,0,0,0,0,0,4,2,13
,2017_72810,39.74565966,-104.8975034,4/25/2017 8:10,8:10,6,0,0,SPRUCE STREET 1900 BLOCK NORTH & 19TH AVENUE EAST,1,1,0,0,1,4,0,,20,0,0,0,0,0,4,2,7
,2017_72811,39.761775,-104.897601,8/31/2017 15:08,15:08,5,0,0,SPRUCE STREET NORTH & SPRUCE STREET 5450 NORTH,1,1,0,0,3,3,0,,45,0,0,0,0,0,4,1,13
,2017_72812,39.635667,-105.0519531,3/26/2017 11:50,11:50,3,0,0,STANFORD AVENUE WEST & ZEPHYR STREET SOUTH,1,1,0,0,1,1,0,,25,0,0,0,0,0,4,2,13
,2017_72813,39.779757,-104.9317335,3/14/2017 7:05,7:05,15,0,0,STAPLETON DRIVE SOUTH & DAHLIA STREET NORTH,1,1,0,0,1,3,0,,40,0,0,0,0,0,4,2,8
,2017_72814,39.779757,-104.9317335,8/27/2017 13:56,13:56,10,0,0,STAPLETON DRIVE EAST & DAHLIA STREET NORTH,1,1,0,0,1,1,0,,35,0,0,0,0,0,4,2,7
,2017_72815,39.778722,-104.9222925,8/29/2017 12:11,12:11,3,0,0,STAPLETON NORTH DRIVE EAST & HOLLY STREET NORTH,1,1,0,0,1,1,0,,35,0,0,0,0,0,4,2,13
,2017_72816,39.777984,-104.9223105,6/29/2017 17:16,17:16,15,0,0,STAPLETON SOUTH DRIVE EAST & HOLLY STREET NORTH,1,1,0,0,1,1,0,,30,0,0,0,0,1,4,2,1
,2017_72818,39.777984,-104.9223105,12/4/2017 11:55,11:55,10,0,0,STAPLETON DRIVE EAST SOUTH & HOLLY STREET NORTH,1,1,0,0,1,1,0,,35,0,0,0,0,0,4,2,8
,2017_72819,39.777993,-104.912901,1/9/2017 10:10,10:10,3,0,0,STAPLETON SOUTH DRIVE & MONACO STREET NORTH,1,1,0,0,1,1,0,,40,0,0,0,0,1,4,3,7
,2017_72820,39.777993,-104.912901,1/13/2017 6:32,6:32,3,0,1,STAPLETON SOUTH DRIVE & MONACO STREET NORTH,1,3,0,7,1,1,0,,25,0,0,0,0,2,4,2,16
,2017_72821,39.778686,-104.912874,6/11/2017 22:09,22:09,3,0,0,STAPLETON NORTH DRIVE EAST & MONACO STREET NORTH,1,3,0,0,1,1,0,,5,0,0,0,0,0,4,2,8
,2017_72822,39.78875689,-104.9499343,2/2/2017 9:20,9:20,15,0,0,STEELE STREET & 2300 BLOCK NORTH,1,2,1,0,5,1,0,,15,0,0,0,0,0,3,2,13
,2017_72823,39.716235,-104.949963,8/10/2017 16:10,16:10,12,0,0,STEELE STREET NORTH & STEELE STREET 3700 BLOCK NORTH,2,1,0,1,1,4,0,,30,0,0,0,0,0,4,3,12
,2017_72824,39.78875689,-104.9499343,8/1/2017 11:25,11:25,6,0,0,STEELE STREET & 5000 BLOCK NORTH,1,1,0,0,1,4,0,,25,0,0,0,0,0,4,2,13
,2017_72825,39.725604,-104.949783,8/8/2017 15:57,15:57,15,0,0,STEELE STREET NORTH & SIXTH AVENUE EAST,1,1,0,0,1,4,0,,25,0,0,0,0,0,4,2,14
,2017_72826,39.730509,-104.949486,9/15/2017 21:10,21:10,6,0,0,STEELE STREET NORTH & NINTH AVENUE EAST,1,4,0,0,1,4,0,,25,0,0,0,0,0,4,2,5
,2017_72829,39.778902,-104.9498505,8/3/2017 11:40,11:40,3,0,0,STEEL STREET NORTH & 45TH AVENUE EAST,1,1,0,0,1,1,0,,35,0,0,0,0,1,4,2,8
,2017_72830,39.786174,-104.9498505,1/15/2017 1:40,1:40,5,0,0,STEELE STREET NORTH & BEEKMAN PLACE EAST,1,4,0,7,3,4,0,,30,0,0,0,0,0,4,1,5
,2017_72831,39.716235,-104.949963,1/25/2017 18:26,18:26,1,0,0,STEELE STREET SOUTH & ELLSWORTH AVENUE EAST,1,3,0,0,1,1,0,,30,0,0,0,0,0,4,2,1
,2017_72832,39.687498,-104.950044,1/12/2017 16:00,16:00,15,0,0,STEELE STREET 1600 BLOCK SOUTH & IOWA AVENUE EAST,4,1,1,2,1,4,0,,25,0,0,0,0,0,4,2,13
,2017_72833,39.78875689,-104.9499343,8/13/2017 23:58,23:58,3,0,0,STEELE STREET 3400 BLOCK & STREET PAUL STREET ALLEY,1,3,0,0,1,5,0,,,0,0,0,0,0,4,2,13
,2017_72834,39.78486,-104.823603,4/28/2017 18:15,18:15,5,0,0,STOLL PLACE EAST & BOLLING DRIVE EAST,2,2,0,1,3,1,0,,35,0,0,0,0,0,4,1,1
,2017_72835,39.750237,-104.9874075,6/3/2017 20:15,20:15,15,0,0,STOUT STREET & BROADWAY NORTH,1,2,0,0,1,1,0,,35,0,0,0,0,0,4,2,14
,2017_72836,39.750237,-104.9874075,7/18/2017 8:03,8:03,15,0,0,STOUT STREET 2000 NORTH & BROADWAY,1,1,0,0,1,4,0,,25,0,0,0,0,0,4,2,14
,2017_72837,39.744126,-104.9950125,1/7/2017 0:05,0:05,5,0,0,STOUT STREET 1400 BLOCK & 15TH STREET,1,3,0,0,3,4,0,,30,0,0,0,0,1,4,1,5
,2017_72838,39.74486995,-104.9941769,1/15/2017 20:49,20:49,6,0,0,STOUT STREET 1500 BLOCK & 16TH STREET,1,3,0,0,1,4,0,,25,0,0,0,0,1,4,2,13
,2017_72839,39.711204,-105.0110055,1/17/2017 15:00,15:00,3,0,0,TEJON STREET SOUTH & ALAMEDA AVENUE WEST,1,1,0,0,1,2,0,,25,0,0,0,0,0,4,2,1
,2017_72840,39.74486995,-104.9941769,9/15/2017 12:26,12:26,12,0,0,STOUT STREET 1500 BLOCK & 16TH STREET,1,1,0,0,1,4,0,,30,0,0,0,0,0,4,2,13
,2017_72841,39.754269,-104.982183,8/19/2017 1:00,1:00,10,0,1,STOUT STREET & 25TH STREET,1,3,0,0,1,1,0,,30,0,0,0,0,2,4,2,13