id,drcog_id,latitude,longitude,crashtime,time,crashtype,numbkilled,numbinjurd,drcoglocat,rdconditin,lightngcon,roadcntgrd,weatherco,location,roaddescrp,constrzone,schoolzone,splimit,bikeinv,pedinv,sctrinv,motoinv,svrty,rdsystem,ttlvehcls,hcf
,2017_72842,39.757068,-104.978574,3/1/2017 23:20,23:20,3,0,0,STOUT STREET & 28TH STREET,1,3,0,0,1,1,0,,30,0,0,0,0,0,4,2,1
,2017_72843,39.757995,-104.9773725,3/10/2017 8:36,8:36,3,0,0,STOUT STREET & 29TH STREET,1,1,0,0,1,1,0,,25,0,0,0,0,0,4,2,1
,2017_72844,39.741426,-104.9988915,1/7/2017 8:40,8:40,15,0,0,STOUT STREET & SPEER BOULEVARD,6,1,0,0,1,4,0,,30,0,0,0,0,0,4,2,13
,2017_72845,39.741426,-104.9988915,1/8/2017 11:35,11:35,12,0,0,STOUT STREET & SPEER BOULEVARD,6,1,0,7,1,3,0,,25,0,0,0,0,0,4,2,16
,2017_72846,39.741426,-104.9988915,6/23/2017 20:38,20:38,15,0,0,STOUT STREET & SPEER BOULEVARD NORTH,1,1,0,0,1,3,0,,30,0,0,0,0,0,4,2,13
,2017_72847,39.708135,-105.043203,1/23/2017 22:57,22:57,6,0,0,STUART STREET SOUTH & VIRGINIA AVENUE WEST,1,4,0,0,1,4,0,,25,0,0,0,0,0,4,4,12
,2017_72848,39.732867,-104.898771,3/6/2017 23:40,23:40,6,0,0,SYRACUSE STREET & 2179 NORTH SYRACUSE STREET,1,4,0,0,1,4,0,,25,0,0,0,0,0,4,3,5
,2017_72850,39.765249,-104.8988925,1/25/2017 11:10,11:10,1,0,0,SYRACUSE STREET NORTH & 35TH AVENUE EAST,1,1,0,7,1,2,0,,25,0,0,0,0,0,4,2,16
,2017_72851,39.660111,-104.902416,2/3/2017 7:54,7:54,5,0,0,TAMARAC DRIVE SOUTH & CORNELL AVENUE EAST,5,1,0,2,4,1,0,,30,0,0,0,0,0,4,1,14
,2017_72852,39.654279,-104.8988205,1/16/2017 8:39,8:39,12,0,0,TAMARAC DRIVE SOUTH & GIRARD AVENUE EAST,4,1,0,2,1,3,0,,35,0,0,0,0,0,4,2,16
,2017_72853,39.654279,-104.8988205,1/17/2017 8:56,8:56,12,0,0,TAMARAC DRIVE SOUTH & GIRARD AVENUE EAST,5,1,0,7,1,1,0,,30,0,0,0,0,0,4,2,16
,2017_72854,39.654279,-104.8988205,1/18/2017 17:40,17:40,12,0,0,TAMARAC DRIVE SOUTH & GIRARD AVENUE EAST,1,3,0,7,1,3,0,,15,0,0,0,0,1,4,2,16
,2017_72855,39.649752,-104.898294,1/6/2017 9:34,9:34,5,0,1,TAMARAC DRIVE SOUTH & JEFFERSON AVENUE EAST,4,1,0,7,3,4,0,,30,0,0,0,0,2,4,1,7
,2017_72856,39.638664,-104.89266,4/6/2017 8:59,8:59,1,0,0,TAMARAC DRIVE SOUTH & QUINCY AVENUE EAST,1,1,0,0,1,1,0,,35,0,0,0,0,0,4,2,13
,2017_72857,39.638664,-104.89266,7/24/2017 22:00,22:00,3,0,0,TAMARAC STREET SOUTH & QUINCY AVENUE EAST,1,3,0,0,1,1,0,,35,0,0,0,0,0,4,2,1
,2017_72858,39.632904,-104.900391,2/28/2017 11:57,11:57,3,0,0,TECHNOLOGY WAY EAST & ULSTER STREET SOUTH,1,1,0,0,1,1,0,,35,0,0,0,0,1,4,2,14
,2017_72859,39.716946,-105.0109425,8/29/2017 1:25,1:25,6,0,0,TEJON STREET & TEJON STREET 741 SOUTH,1,3,0,0,1,4,0,,25,0,0,0,0,1,4,3,5
,2017_72860,39.764565,-105.0109515,3/26/2017 15:10,15:10,14,0,0,TEJON STREET 3400 BLOCK NORTH & 34TH AVENUE WEST,2,1,0,1,1,4,0,,30,0,0,0,0,0,4,2,2
,2017_72861,39.764565,-105.0109515,8/24/2017 12:35,12:35,15,0,0,TEJON STREET 3400 BLOCK NORTH & 34TH AVENUE WEST,1,1,0,0,1,4,0,,30,0,0,0,0,1,4,2,13
,2017_72862,39.769272,-105.0111945,1/17/2017 13:47,13:47,3,0,0,TEJON STREET NORTH & 38TH AVENUE WEST,1,1,1,0,1,1,0,,30,0,0,0,0,0,4,2,13
,2017_72863,39.787596,-105.010884,8/19/2017 8:10,8:10,6,0,0,TEJON STREET 5000 BLOCK NORTH & 51ST AVENUE WEST,1,1,0,0,1,4,0,,30,0,0,0,0,0,4,3,1
,2017_72864,39.714804,-105.0109515,1/3/2017 10:44,10:44,1,0,0,TEJON STREET SOUTH & BAYAUD AVENUE WEST,1,1,0,7,1,1,0,,25,0,0,0,0,0,4,2,16
,2017_72865,39.705651,-105.010992,8/8/2017 15:34,15:34,6,0,0,TEJON STREET SOUTH & CENTER AVENUE WEST,1,1,1,0,1,3,0,,25,0,0,0,0,0,4,2,14
,2017_72866,39.698586,-105.02271,2/27/2017 9:00,9:00,6,0,0,TENNESSEE AVENUE 2800 BLOCK WEST & DECATUR STREET SOUTH,1,4,0,0,1,4,0,,30,0,0,0,0,0,4,2,13
,2017_72867,39.698424,-104.908212,1/19/2017 9:00,9:00,6,0,0,TENNESSEE AVENUE EAST & ONEIDA STREET SOUTH,2,1,1,0,1,4,0,,25,0,0,0,0,0,4,2,14
,2017_72868,39.669462,-104.9852025,10/3/2017 22:12,22:12,6,0,0,VASSAR AVENUE EAST & SHERMAN STREET SOUTH,1,3,0,0,1,4,0,,25,0,0,0,0,0,4,2,5
,2017_72869,39.698388,-104.981562,3/11/2017 9:15,9:15,15,0,0,TENNESSEE AVENUE EAST & PENNSYLVANIA STREET SOUTH,1,1,0,0,1,1,0,,25,0,0,0,0,0,4,2,13
,2017_72870,39.77575718,-105.0439759,1/17/2017 21:43,21:43,5,0,0,TENNYSON STREET & 435 NORTH,5,3,0,0,3,1,0,,25,0,0,0,0,0,4,1,1
,2017_72871,39.77575718,-105.0439759,1/29/2017 6:00,6:00,5,0,0,TENNYSON STREET & 510 BLOCK NORTH,1,2,1,0,3,4,0,,30,0,0,0,0,0,4,1,13
,2017_72872,39.692106,-105.044472,1/30/2017 18:35,18:35,6,0,0,TENNYSON STREET & 1357 SOUTH TENNYSON STREET,1,4,0,0,1,4,0,,25,0,0,0,0,0,4,2,3
,2017_72873,39.77575718,-105.0439759,8/4/2017 1:10,1:10,6,0,0,TENNYSON STREET & 1600 BLOCK SOUTH,1,3,0,0,1,4,0,,,0,0,0,0,0,4,2,14
,2017_72874,39.728259,-105.0438735,4/18/2017 5:20,5:20,3,0,0,TENNYSON STREET NORTH & SEVENTH AVENUE WEST,1,1,0,0,1,3,0,,,0,0,0,0,0,4,2,13
,2017_72875,39.767868,-105.0438105,9/25/2017 8:50,8:50,15,0,0,TENNYSON STREET 3700 BLOCK NORTH & 38TH AVENUE WEST,2,1,0,0,1,4,0,,30,0,0,0,0,0,4,2,14
,2017_72876,39.771756,-105.043914,6/29/2017 12:40,12:40,6,0,0,TENNYSON STREET 4000 BLOCK NORTH & 41ST AVENUE WEST,1,1,0,0,1,3,0,,30,0,0,0,0,0,4,2,14
,2017_72877,39.696732,-105.043707,6/29/2017 16:29,16:29,15,0,0,TENNYSON STREET SOUTH & MISSISSIPPI AVENUE WEST,1,1,1,0,1,4,0,,25,0,0,0,0,0,4,2,3
,2017_72878,39.762855,-104.929344,1/20/2017 16:21,16:21,3,0,0,THRILL PLACE EAST & ELM STREET NORTH,1,1,0,0,1,1,0,,25,0,0,0,0,0,4,2,14
,2017_72879,39.8379015,-104.771925,7/28/2017 19:56,19:56,12,0,0,TOWER ROAD & 5000 BLOCK NORTH,1,3,0,0,1,4,0,,40,0,0,0,0,1,4,2,5
,2017_72880,39.77483767,-104.7720224,1/7/2017 18:08,18:08,15,0,0,TOWER ROAD 4200 BLOCK NORTH & 43RD AVENUE EAST,9,1,0,0,1,4,0,,40,0,0,0,0,1,4,4,7
,2017_72881,39.78913101,-104.7719458,4/1/2017 16:42,16:42,1,0,2,TOWER ROAD 5100 BLOCK NORTH & 51ST AVENUE EAST,2,1,0,1,1,3,0,,45,0,0,0,0,2,4,2,14
,2017_72882,39.798234,-104.7721815,1/5/2017 11:40,11:40,3,0,0,TOWER ROAD NORTH & 56TH AVENUE EAST,4,1,0,2,1,1,0,,40,0,0,0,0,0,4,2,1
,2017_72883,39.798234,-104.7721815,3/6/2017 16:48,16:48,5,0,0,TOWER ROAD NORTH & 56TH AVENUE EAST,1,1,0,0,1,3,0,,45,0,0,0,0,0,4,2,1
,2017_72884,39.825486,-104.7719655,8/30/2017 6:12,6:12,14,0,0,TOWER ROAD NORTH & 71ST AVENUE EAST,1,1,0,0,1,1,0,,40,0,0,0,0,0,4,2,13
,2017_72885,39.783609,-104.772222,4/22/2017 4:51,4:51,12,0,0,TOWER RDN & GREEN VALLEY RANCH BOULEVARD,2,2,0,1,1,4,0,,,0,0,0,0,0,4,3,13
,2017_72886,39.783609,-104.772222,1/4/2017 7:35,7:35,1,0,0,TOWER ROAD NORTH & GREEN VALLEY RANCH BOULEVARD EAST,4,1,0,2,1,1,0,,40,0,0,0,0,0,4,2,13
,2017_72887,39.783609,-104.772222,1/5/2017 18:45,18:45,12,0,0,TOWER ROAD NORTH & GREEN VALLEY RANCH BOULEVARD,11,3,0,0,1,3,0,,35,0,0,0,0,0,4,2,13
,2017_72888,39.783609,-104.772222,1/18/2017 12:54,12:54,15,0,0,TOWER ROAD NORTH & GREEN VALLEY RANCH BOULEVARD EAST,1,1,0,0,1,1,0,,35,0,0,0,0,0,4,2,7
,2017_72889,39.74785512,-104.9834395,9/29/2017 16:34,16:34,5,0,0,TREMONT PLACE & TREMONT PLACE 2100 BLOCK,1,1,0,0,1,4,0,,,0,0,0,1,0,4,1,13
,2017_72891,39.74968561,-104.9810279,6/10/2017 10:20,10:20,3,0,0,TREMONT PLACE 2300 BLOCK & GLENARM PLACE ALLEY,1,1,0,0,5,5,0,,10,0,0,0,0,0,3,2,13
,2017_72892,39.75156168,-104.9786289,8/25/2017 7:58,7:58,6,0,0,TREMONT PLACE 2500 BLOCK & 25TH STREET,1,1,0,0,1,1,0,,25,0,0,0,0,0,4,3,5
,2017_72893,39.743775,-104.8963815,8/27/2017 7:40,7:40,6,0,0,TRENTON STREET 1674 NORTH & 17TH AVENUE STREET EAST,1,1,0,0,1,4,0,,25,0,0,0,0,1,4,2,10
,2017_72894,39.634533,-105.048657,8/25/2017 9:15,9:15,10,0,0,TUFTS AVENUE & 8600 EAST TUFTS AVENUE,1,1,0,0,1,1,0,,30,0,0,0,0,0,4,2,13
,2017_72895,39.633417,-104.893272,2/23/2017 18:00,18:00,5,0,0,TUFTS AVENUE 7900 BLOCK EAST & DTC BOULEVARD,4,2,0,2,1,3,0,,30,0,0,0,0,0,4,1,13
,2017_72896,39.631608,-104.8974615,1/25/2017 9:15,9:15,12,0,0,TUFTS AVENUE EAST & ULSTER STREET SOUTH,1,1,0,7,1,1,0,,35,0,0,0,0,0,4,2,14
,2017_72897,39.78144,-104.842332,8/15/2017 7:30,7:30,6,0,0,TULSA WAY NORTH & TULSA WAY 5500 BLOCK NORTH,1,1,0,0,1,4,0,,25,0,0,0,0,0,4,3,13
,2017_72898,39.794778,-104.835663,4/1/2017 15:34,15:34,6,0,0,TULSA WAY 5500 BLOCK NORTH & UVALDA STREET NORTH,2,4,0,1,1,2,0,,25,0,0,0,0,0,4,2,3
,2017_72899,39.74203118,-104.8927911,7/24/2017 15:54,15:54,6,0,0,UINTA STREET 1600 BLOCK NORTH & 17TH AVENUE EAST,1,1,0,0,1,4,0,,25,0,0,0,0,0,4,2,13
,2017_72900,39.7199385,-104.8909343,1/7/2017 13:02,13:02,15,0,0,UINTA WAY NORTH & LOWRY BOULEVARD EAST,2,1,0,7,1,6,0,,25,0,0,0,0,0,4,2,16
,2017_72901,39.624192,-104.89473,3/28/2017 15:37,15:37,12,0,0,ULSTER STREET 5000 BLOCK EAST & BELLEVIEW AVENUE EAST,2,1,1,1,1,3,0,,,0,0,0,0,1,4,2,13
,2017_72902,39.629457,-104.895333,1/24/2017 15:40,15:40,3,0,0,ULSTER STREET SOUTH & UNION AVENUE EAST,1,2,1,7,1,1,0,,35,0,0,0,0,0,4,2,16
,2017_72903,39.629457,-104.895333,1/24/2017 21:05,21:05,1,0,0,ULSTER STREET SOUTH & UNION AVENUE EAST,1,3,0,7,1,1,0,,35,0,0,0,0,1,4,3,16
,2017_72904,39.73383,-105.012234,4/26/2017 3:20,3:20,5,0,0,UMATILLA STREET & UMATILLA STREET 1100 NORTH,1,3,0,0,5,3,0,,25,0,0,0,0,0,3,1,5
,2017_72905,39.631356,-104.8923,9/20/2017 16:07,16:07,1,0,2,UNION AVENUE EAST & DTC BOULEVARD SOUTH,1,1,0,0,1,3,0,,40,0,0,0,0,2,4,3,8
,2017_72906,39.716505,-104.97915,3/1/2017 16:30,16:30,6,0,0,WASHINGTON STREET & 4851 NORTH WASHINGTON STREET,1,1,0,0,1,4,0,,30,0,0,0,0,0,4,2,1
,2017_72907,39.632391,-105.0347745,6/3/2017 18:30,18:30,6,0,0,UNION AVENUE WEST & LOWELL BOULEVARD SOUTH,1,1,0,0,1,1,0,,25,0,0,0,0,0,4,3,2
,2017_72908,39.627999,-104.899941,3/1/2017 10:40,10:40,1,0,0,UNION AVENUE EAST & SYRACUSE STREET SOUTH,1,1,0,0,1,1,0,,35,0,0,0,0,0,4,2,13
,2017_72909,39.627999,-104.899941,8/7/2017 19:05,19:05,12,0,0,UNION AVENUE EAST & SYRACUSE STREET SOUTH,1,1,0,1,1,3,0,,30,0,0,0,0,0,4,2,13
,2017_72910,39.627999,-104.899941,9/5/2017 10:15,10:15,9,0,0,UNION AVENUE EAST & SYRACUSE STREET SOUTH,1,1,0,0,1,1,0,,30,0,0,0,0,0,4,1,14
,2017_72911,39.71950109,-104.95944,8/18/2017 21:21,21:21,15,0,0,UNIVERSITY BOULEVARD & 100 BLOCK NORTH,1,3,0,0,1,4,0,,35,0,0,0,1,0,4,2,5
,2017_72912,39.71950109,-104.95944,8/17/2017 11:50,11:50,15,0,0,UNIVERSITY BOULEVARD & 400 BLOCK SOUTH,1,1,0,0,1,4,0,,30,0,0,0,0,0,4,3,13
,2017_72913,39.718179,-104.959314,1/16/2017 9:40,9:40,12,0,0,UNIVERSITY BOULEVARD SOUTH & FIRST AVENUE EAST,4,1,0,2,1,3,0,,30,0,0,0,0,0,4,2,16
,2017_72914,39.718179,-104.959314,1/26/2017 11:05,11:05,15,0,0,UNIVERSITY BOULEVARD NORTH & FIRST AVENUE EAST,1,1,1,7,1,4,0,,30,0,0,0,0,0,4,2,16
,2017_72915,39.718179,-104.959314,4/10/2017 5:51,5:51,1,0,0,UNIVERSITY BOULEVARD NORTH & FIRST AVENUE EAST,1,3,0,0,1,1,0,,30,0,0,0,0,0,4,2,2
,2017_72916,39.678363,-104.959404,9/30/2017 14:00,14:00,15,0,0,UNIVERSITY BOULEVARD 2000 BLOCK SOUTH & EVANS AVENUE EAST,1,1,0,0,1,4,0,,30,0,0,0,0,0,4,2,13
,2017_72917,39.691125,-104.959332,1/17/2017 17:30,17:30,12,0,0,UNIVERSITY BOULEVARD SOUTH & ARKANSAS AVENUE,2,3,0,1,1,4,0,,30,0,0,0,0,0,4,5,16
,2017_72918,39.691125,-104.959332,3/18/2017 15:00,15:00,12,0,0,UNIVERSITY BOULEVARD 1400 BLOCK SOUTH & ARKANSAS AVENUE EAST,1,1,0,0,1,4,0,,30,0,0,0,0,0,4,2,13
,2017_72919,39.680226,-104.959404,1/4/2017 16:24,16:24,12,0,0,UNIVERSITY BOULEVARD SOUTH & ASBURY AVENUE EAST,4,1,0,2,1,1,0,,30,0,0,0,0,0,4,3,16
,2017_72920,39.680226,-104.959404,1/9/2017 17:54,17:54,15,0,0,UNIVERSITY BOULEVARD 2000 BLOCK SOUTH & ASBURY AVENUE EAST,1,2,0,0,1,4,0,,60,0,0,0,0,0,4,2,13
,2017_72921,39.680226,-104.959404,6/8/2017 14:45,14:45,15,0,0,UNIVERSITY BOULEVARD 1900 BLOCK SOUTH & ASBURY AVENUE EAST,1,1,0,0,1,4,0,,30,0,0,0,0,0,4,2,13
,2017_72923,39.703851,-104.95935,8/29/2017 8:59,8:59,1,0,0,UNIVERSITY BOULEVARD SOUTH & BONNIE BRAE BOULEVARD SOUTH,1,1,0,0,1,1,0,,25,0,0,0,0,0,4,2,14
,2017_72924,39.682755,-104.959332,5/25/2017 17:13,17:13,12,0,0,UNIVERSITY BOULEVARD SOUTH & BUCHTEL BOULEVARD EAST,1,1,0,0,1,3,0,,,0,0,0,0,0,4,2,13
,2017_72925,39.682755,-104.959332,6/25/2017 11:20,11:20,3,0,0,UNIVERSITY BOULEVARD SOUTH & BUCHTEL BOULEVARD EAST,1,1,0,0,1,1,0,,35,0,0,0,0,0,4,2,13
,2017_72926,39.715263,-104.959323,8/23/2017 20:27,20:27,3,0,0,UNIVERSITY BOULEVARD SOUTH & CHERRY CREEK DRIVE SOUTH,1,2,0,0,1,1,0,,30,0,0,0,0,0,4,2,1
,2017_72927,39.715983,-104.959314,8/31/2017 7:56,7:56,3,0,0,UNIVERSITY BOULEVARD SOUTH & CHERRY CREEK NORTH DRIVE EAST,1,1,0,0,1,1,0,,30,0,0,0,0,0,4,2,13
,2017_72928,39.75121029,-104.999951,8/14/2017 17:20,17:20,6,0,0,WAZEE STREET 1600 BLOCK & 16TH STREET,1,1,0,0,1,4,0,,25,0,0,0,0,0,4,2,13
,2017_72929,39.715983,-104.959314,9/22/2017 13:34,13:34,3,0,0,UNIVERSITY BOULEVARD SOUTH & CHERRY CREEK NORTH DRIVE EAST,1,1,0,0,1,1,0,,30,0,0,0,0,0,4,2,13
,2017_72930,39.678363,-104.959404,1/1/2017 1:25,1:25,12,0,0,UNIVERSITY BOULEVARD SOUTH & EVANS AVENUE EAST,1,3,0,7,1,4,0,,30,0,0,0,0,0,4,2,1
,2017_72931,39.674835,-104.9594175,1/31/2017 10:40,10:40,12,0,0,UNIVERSITY BOULEVARD SOUTH & ILIFF AVENUE EAST,1,1,1,7,1,4,0,,30,0,0,0,0,0,4,2,16
,2017_72932,39.700224,-104.959323,6/1/2017 17:55,17:55,3,0,0,UNIVERSITY BOULEVARD SOUTH & KENTUCKY AVENUE EAST,1,1,0,0,1,1,0,,30,0,0,0,0,0,4,2,13
,2017_72933,39.700224,-104.959323,9/27/2017 15:15,15:15,15,0,0,UNIVERSITY BOULEVARD SOUTH & KENTUCKY AVENUE EAST,1,1,0,0,1,1,0,,35,0,0,0,0,0,4,2,13
,2017_72934,39.692952,-104.9593455,6/9/2017 7:37,7:37,3,0,0,UNIVERSITY BOULEVARD SOUTH & LOUISIANA AVENUE EAST,1,1,0,0,1,1,0,,35,0,0,0,0,0,4,2,13
,2017_72935,39.696579,-104.959323,1/19/2017 9:08,9:08,12,0,0,UNIVERSITY BOULEVARD SOUTH & MISSISSIPPI AVENUE EAST,1,1,0,7,1,3,0,,30,0,0,0,0,0,4,2,16
,2017_72936,39.684906,-104.9594805,4/10/2017 9:42,9:42,15,0,0,UNIVERSITY BOULEVARD SOUTH & I25 NORTHBOUND RAMP,1,1,0,0,1,4,0,,35,0,0,0,0,0,4,2,13
,2017_72937,39.698388,-104.959332,1/2/2017 12:38,12:38,1,0,0,UNIVERSITY BOULEVARD SOUTH & TENNESSEE AVENUE EAST,1,1,0,0,1,1,0,,30,0,0,0,0,0,4,2,13
,2017_72938,39.707487,-104.959323,1/3/2017 15:45,15:45,1,0,0,UNIVERSITY BOULEVARD SOUTH & VIRGINIA AVENUE EAST,1,1,1,0,1,1,0,,30,0,0,0,0,0,4,2,13
,2017_72939,39.673008,-104.9593905,1/16/2017 14:55,14:55,3,0,0,UNIVERSITY BOULEVARD SOUTH & WESLEY AVENUE,4,1,1,7,1,2,0,,5,0,0,0,0,0,4,2,16
,2017_72940,39.673008,-104.9593905,1/17/2017 16:06,16:06,15,0,0,UNIVERSITY BOULEVARD SOUTH & WESLEY AVENUE EAST,2,1,1,7,1,1,0,,30,0,0,0,0,0,4,2,16
,2017_72941,39.673008,-104.9593905,1/31/2017 6:45,6:45,12,0,0,UNIVERSITY BOULEVARD SOUTH & WESLEY AVENUE EAST,1,2,0,7,1,4,0,,30,0,0,0,0,0,4,3,12
,2017_72942,39.667581,-104.9593905,2/23/2017 21:24,21:24,5,0,0,UNIVERSITY BOULEVARD 2700 BLOCK SOUTH & YALE AVENUE EAST,5,3,0,2,3,4,0,,35,0,0,0,0,0,4,1,7
,2017_72943,39.667581,-104.9593905,1/24/2017 16:53,16:53,12,0,0,UNIVERSITY BOULEVARD SOUTH & YALE AVENUE,1,1,1,7,1,1,0,,30,0,0,0,0,0,4,2,16
,2017_72944,39.667581,-104.9593905,8/15/2017 13:15,13:15,3,0,0,UNIVERSITY BOULEVARD SOUTH & YALE AVENUE EAST,1,1,0,0,1,1,0,,30,0,0,0,0,1,4,2,3
,2017_72945,39.662334,-105.0784425,1/18/2017 13:14,13:14,6,0,0,UPHAM STREET SOUTH & DARTMOUTH AVENUE WEST,4,1,0,0,1,4,0,,25,0,0,0,0,0,4,2,1
,2017_72946,39.667563,-104.9237145,7/27/2017 23:37,23:37,5,0,0,YALE AVENUE EAST & HUDSON STREET SOUTH,1,3,0,0,1,1,0,,30,0,0,0,0,0,4,1,5
,2017_72947,39.78800163,-104.8380031,5/8/2017 18:58,18:58,1,0,0,URSULA STREET 5000 BLOCK NORTH & 51ST AVENUE EAST,2,1,0,1,1,2,0,,25,0,0,0,0,0,4,2,13
,2017_72948,39.77097893,-105.0451493,1/15/2017 1:55,1:55,6,0,0,UTICA STREET & 525 SOUTH,1,3,1,0,1,4,0,,25,0,0,0,0,0,4,3,13
,2017_72949,39.716568,-105.0444315,9/18/2017 14:30,14:30,6,0,0,UTICA STREET SOUTH & ELLSWORTH AVENUE WEST,1,1,1,0,1,4,0,,25,0,0,0,0,0,4,3,13
,2017_72950,39.791052,-104.8355865,1/30/2017 7:55,7:55,12,0,0,UVALDA STREET NORTH & 51ST AVENUE EAST,1,1,0,7,1,1,0,,25,0,0,0,0,1,4,2,16
,2017_72951,39.798099,-104.8353975,1/25/2017 7:30,7:30,3,0,0,56TH AVENUE EAST & UVALDA STREET NORTH,1,1,0,0,1,1,0,,35,0,0,0,0,0,4,2,13
,2017_72952,39.796218,-104.835645,9/6/2017 23:29,23:29,5,0,0,UVALDA STREET NORTH & PENSACOLA PLACE EAST,1,3,0,0,2,4,0,,,0,0,0,0,0,4,1,13
,2017_72953,39.7057275,-104.8904798,9/18/2017 3:36,3:36,5,0,0,VALENTIA STREET SOUTH & FAIRMOUNT DRIVE EAST,1,3,0,0,2,6,0,,30,0,0,0,0,0,4,1,5
,2017_72954,39.69666,-104.8917105,7/17/2017 17:55,17:55,3,0,0,VALENTIA STREET SOUTH & MISSISSIPPI AVENUE EAST,1,1,0,0,1,2,0,,30,0,0,0,0,0,4,2,14
,2017_72955,39.747447,-104.8916745,1/8/2017 13:25,13:25,5,0,0,VALENTIA STREET NORTH & MONTVIEW BOULEVARD,4,1,0,0,3,4,0,,25,0,0,0,0,0,4,1,1
,2017_72956,39.760965,-105.0130215,8/24/2017 9:11,9:11,6,0,0,VALLEJO STREET 3100 BLOCK NORTH & 32ND AVENUE WEST,1,1,0,0,1,2,0,,25,0,0,0,0,0,4,2,13
,2017_72957,39.783942,-105.0132015,2/21/2017 11:41,11:41,5,0,0,VALLEJO STREET 4800 BLOCK NORTH & 49TH AVENUE WEST,1,1,0,0,3,3,0,,30,0,0,0,0,0,4,1,14
,2017_72959,39.669597,-104.8736655,1/9/2017 8:09,8:09,12,0,0,VASSAR DRIVE EAST & DAYTON WAY SOUTH,5,1,1,0,1,3,0,,25,0,0,0,0,0,4,3,13
,2017_72960,39.669453,-104.96763,1/17/2017 15:19,15:19,6,0,0,VASSAR AVENUE 1600 BLOCK EAST & GILPIN STREET SOUTH,4,1,0,0,1,4,0,,25,0,0,0,0,0,4,2,5
,2017_72961,39.66814958,-104.9376096,1/12/2017 11:24,11:24,12,0,0,VASSAR AVENUE EAST & YALE AVENUE,1,1,1,7,1,3,0,,30,0,0,0,0,0,4,2,16
,2017_72962,39.737259,-104.8905405,1/14/2017 11:24,11:24,9,0,1,VERBINA STREET 1200 BLOCK NORTH & 13TH AVENUE EAST,1,1,0,0,1,4,0,,25,0,0,0,1,2,4,1,7
,2017_72963,39.738375,-104.9622525,1/12/2017 17:15,17:15,3,0,0,VINE STREET NORTH & 14TH AVENUE EAST,4,3,0,2,1,1,0,,25,0,0,0,0,0,4,2,14
,2017_72964,39.74165438,-104.9621861,9/13/2017 7:51,7:51,6,0,0,VINE STREET 1600 BLOCK NORTH & 17TH AVENUE EAST,1,1,0,0,1,4,0,,25,0,0,0,0,0,4,2,7
,2017_72965,39.739986,-104.962257,5/13/2017 19:30,19:30,6,0,0,VINE STREET 1400 BLOCK NORTH & COLFAX AVENUE EAST,1,1,0,0,1,4,0,,25,0,0,0,0,0,4,2,7
,2017_72966,39.739986,-104.962257,7/17/2017 16:00,16:00,6,0,0,VINE STREET 1400 BLOCK NORTH & COLFAX AVENUE EAST,1,1,0,0,1,2,0,,25,0,0,0,0,0,4,2,3
,2017_72967,39.70386,-104.96286,7/28/2017 10:05,10:05,6,0,0,VINE STREET 700 BLOCK SOUTH & EXPOSITION AVENUE SOUTH,1,1,0,0,1,4,0,,25,0,0,0,0,0,4,3,13
,2017_72968,39.74698238,-104.9621726,3/28/2017 7:45,7:45,14,0,0,VINE STREET 2000 & 21 STREET,2,1,0,1,1,4,0,,25,0,0,0,0,0,4,2,13
,2017_72969,39.70747887,-104.9734936,1/5/2017 8:55,8:55,15,0,1,VIRGINIA AVENUE & 2300 BLOCK WEST,4,1,0,2,1,4,0,,25,0,0,0,0,2,4,2,13
,2017_72970,39.707514,-104.98761,8/25/2017 18:41,18:41,6,0,0,VIRGINIA AVENUE & VIRGINIA AVENUE 10400 BLOCK EAST,1,1,0,0,1,4,0,,35,0,0,0,0,0,4,2,12
,2017_72971,39.707496,-105.022683,1/12/2017 19:13,19:13,12,0,0,VIRGINIA AVENUE WEST & DECATUR STREET SOUTH,2,3,0,2,1,4,0,,25,0,0,0,0,0,4,2,13
,2017_72972,39.707469,-104.973381,1/5/2017 9:29,9:29,12,0,0,VIRGINIA AVENUE EAST & DOWNING STREET SOUTH,4,1,0,2,1,3,0,,25,0,0,0,0,0,4,2,16
,2017_72973,39.707496,-105.023853,1/8/2017 21:50,21:50,6,0,0,VIRGINIA AVENUE WEST & ELIOT STREET SOUTH,4,4,0,0,1,4,0,,25,0,0,0,0,0,4,3,13
,2017_72974,39.667554,-104.9428035,2/16/2017 7:50,7:50,3,0,0,YALE AVENUE EAST & JACKSON STREET SOUTH,1,1,0,0,1,1,0,,,0,0,0,0,0,4,2,13
,2017_72975,39.707361,-105.0133455,1/8/2017 9:00,9:00,6,0,0,VIRGINIA AVENUE WEST & VALLEJO STREET SOUTH,4,1,0,2,1,1,0,,25,0,0,0,0,0,4,2,14
,2017_72976,39.716559,-105.04566,1/16/2017 19:33,19:33,5,0,0,VRAIN STREET & 1300 SOUTH VRAIN STREET,6,3,0,0,1,1,0,,,0,0,0,0,0,4,2,5
,2017_72977,39.71655,-105.04566,2/2/2017 6:00,6:00,12,0,0,VRAIN STREET NORTH & VRAIN STREET 3800 BLOCK NORTH,4,1,0,2,1,4,0,,,0,0,0,0,0,4,2,13
,2017_72978,39.731247,-105.0463305,2/9/2017 20:28,20:28,6,0,0,VRAIN STREET 900 BLOCK NORTH & NINTH AVENUE WEST,1,3,1,0,1,3,0,,25,0,0,0,0,0,4,2,9