id,drcog_id,latitude,longitude,crashtime,time,crashtype,numbkilled,numbinjurd,drcoglocat,rdconditin,lightngcon,roadcntgrd,weatherco,location,roaddescrp,constrzone,schoolzone,splimit,bikeinv,pedinv,sctrinv,motoinv,svrty,rdsystem,ttlvehcls,hcf
,2017_72979,39.761208,-105.046353,5/26/2017 3:35,3:35,6,0,0,VRAIN STREET NORTH & 31ST AVENUE WEST,2,3,0,0,1,4,0,,30,0,0,0,0,0,4,2,13
,2017_72980,39.783618,-104.777595,1/28/2017 14:30,14:30,6,0,0,WALDEN STREET 4800 BLOCK NORTH & GREEN VALLEY RANCH BOULEVARD,1,1,0,0,1,3,0,,25,0,0,0,0,0,4,2,14
,2017_72981,39.760164,-104.9847615,1/22/2017 19:31,19:31,6,0,0,WALNUT STREET 2700 BLOCK & 27TH AVENUE EAST,1,3,0,0,1,4,0,,60,0,0,0,0,0,4,4,2
,2017_72982,39.760128,-104.9850315,9/26/2017 17:39,17:39,10,0,0,WALNUT STREET & 27TH STREET,1,1,0,0,1,4,0,,30,0,0,0,0,0,4,2,8
,2017_72983,39.763872,-104.980194,7/23/2017 12:02,12:02,10,0,0,WALNUT STREET & 31ST AVENUE,1,1,0,0,1,2,0,,30,0,0,0,0,0,4,2,13
,2017_72984,39.772557,-104.968764,8/8/2017 3:00,3:00,5,0,0,WALNUT STREET 4000 BLOCK & 40TH AVENUE EAST,2,3,0,0,3,3,0,,25,0,0,0,0,0,4,1,13
,2017_72985,39.759192,-104.9862105,4/19/2017 9:45,9:45,10,0,0,WALNUT STREET & 26TH STREET,1,1,0,0,1,1,0,,30,0,0,0,0,0,4,2,8
,2017_72986,39.760164,-104.9847615,3/24/2017 12:54,12:54,6,0,0,WALNUT STREET 2700 BLOCK & 27TH STREET,1,1,0,0,1,4,0,,25,0,0,0,0,0,4,2,13
,2017_72987,39.76214681,-105.0525636,7/16/2017 11:55,11:55,6,0,0,ZENOBIA STREET 3200 BLOCK NORTH & 32ND AVENUE WEST,1,1,0,0,1,4,0,,30,0,0,0,0,0,4,2,14
,2017_72988,39.76386071,-104.9801009,4/7/2017 1:01,1:01,15,0,0,WALNUT STREET 3100 BLOCK & 31ST STREET,1,3,0,0,1,4,0,,35,0,0,0,0,0,4,2,3
,2017_72989,39.770253,-104.9719725,1/31/2017 16:50,16:50,12,0,0,WALNUT STREET & 38TH STREET,1,1,0,0,1,1,0,,30,0,0,0,0,0,4,2,3
,2017_72990,39.772008,-104.969691,6/5/2017 8:05,8:05,3,0,0,WALNUT STREET & 40TH STREET,1,1,0,0,1,1,0,,30,0,0,0,0,0,4,2,8
,2017_72992,39.675402,-105.059223,8/29/2017 22:10,22:10,6,0,0,WARREN AVENUE WEST & FENTON STREET 2199 SOUTH,1,1,0,0,1,4,0,,,0,0,0,0,0,4,2,13
,2017_72993,39.676608,-104.959386,3/29/2017 11:39,11:39,15,0,0,WARREN AVENUE EAST & UNIVERSITY PLACE SOUTH,1,1,1,0,1,1,0,,25,0,0,0,0,0,4,2,13
,2017_72994,39.676608,-104.959386,9/29/2017 11:18,11:18,1,0,0,WARREN AVENUE EAST & UNIVERSITY BOULEVARD SOUTH,1,1,0,0,1,1,0,,30,0,0,0,0,0,4,2,7
,2017_72995,39.716496,-104.9791545,3/19/2017 18:38,18:38,6,0,0,WASHINGTON STREET & 641 SOUTH WASHINGTON STREET,1,3,0,0,1,4,0,,25,0,0,0,0,0,4,2,14
,2017_72996,39.775797,-104.978754,4/8/2017 21:54,21:54,12,0,0,WASHINGTON STREET & WASHINGTON STREET 4400 BLOCK NORTH,1,3,0,0,1,4,0,,35,0,0,0,0,0,4,2,13
,2017_72997,39.775797,-104.978754,8/15/2017 17:41,17:41,12,0,0,WASHINGTON BOULEVARD & WASHINGTON BOULEVARD 5000 BLOCK NORTH,1,1,1,0,1,3,0,,35,0,0,0,0,0,4,2,13
,2017_72998,39.725622,-104.978754,6/8/2017 18:38,18:38,3,0,0,WASHINGTON STREET NORTH & SIXTH AVENUE EAST,1,1,0,0,1,1,0,,25,0,0,0,0,0,4,2,8
,2017_72999,39.730428,-104.9787405,4/3/2017 2:15,2:15,6,0,0,WASHINGTON STREET 800 BLOCK NORTH & NINTH AVENUE EAST,2,3,0,0,1,4,0,,,0,0,0,0,0,4,4,5
,2017_73000,39.698289,-104.9788935,1/12/2017 14:30,14:30,6,0,0,WASHINGTON STREET 1000 BLOCK NORTH & 10TH AVENUE EAST,4,1,0,2,1,4,0,,60,0,0,0,0,0,4,2,13
,2017_73001,39.693168,-104.9790735,1/25/2017 0:53,0:53,6,0,0,WASHINGTON STREET 1200 BLOCK NORTH & 13TH AVENUE EAST,1,4,0,0,1,4,0,,30,0,0,0,0,0,4,3,3
,2017_73002,39.66777,-105.0629715,8/9/2017 7:54,7:54,15,0,0,YALE AVENUE WEST & JOSLIN COURT SOUTH,1,1,0,0,1,1,0,,30,0,0,0,0,0,4,2,13
,2017_73003,39.74954662,-104.9780929,8/14/2017 19:40,19:40,13,0,0,WASHINGTON STREET 2200 BLOCK NORTH & 23RD AVENUE EAST,1,3,0,0,1,4,0,,,0,0,0,0,1,4,2,13
,2017_73004,39.787677,-104.97789,3/30/2017 10:59,10:59,5,0,0,WASHINGTON STREET 5000 BLOCK NORTH & 50TH AVENUE EAST,1,1,0,0,2,3,0,,35,0,0,0,0,1,4,1,10
,2017_73005,39.786246,-104.976774,5/30/2017 17:53,17:53,3,0,0,WASHINGTON STREET 4900 BLOCK NORTH & 50TH AVENUE WEST,1,1,1,0,1,2,0,,30,0,0,0,0,0,4,2,13
,2017_73006,39.73689372,-104.965926,8/23/2017 8:00,8:00,6,0,0,WILLIAMS STREET 1300 BLOCK NORTH & 14TH AVENUE EAST,1,1,0,0,1,4,0,,25,0,0,0,0,0,4,2,13
,2017_73007,39.78928238,-104.9782241,1/12/2017 8:38,8:38,3,0,0,WASHINGTON STREET 5100 BLOCK NORTH & 52ND AVENUE EAST,1,1,0,0,1,2,0,,35,0,0,0,0,0,4,2,14
,2017_73008,39.691161,-104.979285,3/28/2017 3:06,3:06,6,0,0,WASHINGTON STREET 1400 BLOCK SOUTH & ARKANSAS AVENUE EAST,1,3,0,0,1,4,0,,25,0,0,0,0,0,4,4,5
,2017_73009,39.775797,-104.978754,3/2/2017 7:44,7:44,5,0,0,WASHINGTON STREET NORTHBOUND 4400 BLOCK & RINGSBY COURT,1,1,0,0,1,4,0,,35,0,0,0,0,0,4,1,14
,2017_73010,39.752154,-104.9988465,4/1/2017 4:55,4:55,5,0,0,WAZEE STREET & WAZEE STREET 1400 BLOCK,2,3,0,1,3,3,0,,30,0,0,0,0,0,4,1,14
,2017_73011,39.75204993,-104.9989788,1/20/2017 16:10,16:10,12,0,0,WAZEE STREET & 1500 BLOCK,1,1,0,0,1,4,0,,25,0,0,0,0,0,4,2,13
,2017_73012,39.757887,-104.9917545,7/5/2017 17:33,17:33,10,0,0,WAZEE STREET & PARK AVENUE WEST,1,1,0,0,1,1,0,,25,0,0,0,0,0,4,2,8
,2017_73013,39.75024684,-105.0010894,1/15/2017 1:31,1:31,12,0,0,WAZEE STREET 1500 BLOCK & 16TH STREET,1,3,0,0,1,4,0,,60,0,0,0,0,0,4,2,2
,2017_73014,39.752154,-104.9988465,1/7/2017 9:07,9:07,12,0,0,WAZEE STREET & 17TH STREET,5,1,0,2,1,4,0,,25,0,0,0,0,0,4,2,12
,2017_73015,39.752136,-104.998581,7/20/2017 10:35,10:35,12,0,0,WAZEE STREET 1700 BLOCK & 17TH STREET,1,1,0,0,1,4,0,,25,0,0,0,0,0,4,2,13
,2017_73016,39.75309,-104.9976225,1/21/2017 21:28,21:28,12,0,0,WAZEE STREET & 18TH STREET,1,3,0,0,1,4,0,,25,0,0,0,0,0,4,2,5
,2017_73017,39.748752,-105.003324,3/14/2017 14:00,14:00,15,0,0,WAZEE STREET 1300 BLOCK & SPEER BOULEVARD NORTH,1,1,0,0,1,3,0,,30,0,0,0,0,0,4,2,13
,2017_73018,39.74133235,-104.9953824,1/25/2017 8:00,8:00,6,0,0,WELTON STREET & 2100 BLOCK,1,1,0,0,1,4,0,,30,0,0,0,0,1,4,2,3
,2017_73019,39.745431,-104.9901075,1/9/2017 9:19,9:19,6,0,0,WELTON STREET & 17TH STREET,1,1,0,0,1,4,0,,30,0,0,0,0,0,4,2,13
,2017_73020,39.745431,-104.9901075,8/5/2017 0:29,0:29,15,0,0,WELTON STREET & 17TH STREET,1,3,0,0,1,1,0,,30,0,0,0,0,0,4,2,2
,2017_73021,39.753855,-104.9792715,7/11/2017 18:47,18:47,10,0,0,WELTON STREET & 26TH STREET,1,2,0,0,1,1,0,,30,0,0,0,0,0,4,2,8
,2017_73022,39.673089,-104.969943,9/21/2017 6:08,6:08,6,0,0,WESLEY AVENUE 1400 BLOCK EAST & HUMBOLDT STREET SOUTH,1,2,0,0,1,4,0,,25,0,0,0,0,0,4,2,5
,2017_73023,39.673035,-104.964075,8/30/2017 8:45,8:45,6,0,0,WESLEY AVENUE EAST & RACE STREET SOUTH,1,1,0,0,1,4,0,,25,0,0,0,0,0,4,2,13
,2017_73024,39.7516125,-105.0028998,4/10/2017 8:50,8:50,12,0,0,WEWATTA STREET & WEWATTA STREET 1500 BLOCK,1,1,1,0,1,4,0,,25,0,0,0,0,0,4,2,13
,2017_73025,39.76387769,-104.9888921,7/16/2017 21:50,21:50,14,0,0,WEWATTA WAY & 2797 WEWATTA WAY,1,3,0,0,1,4,0,,25,0,0,0,0,0,4,2,5
,2017_73026,39.751614,-105.002991,3/11/2017 0:56,0:56,5,0,1,WEWATTA STREET & 15TH STREET,1,1,0,0,2,4,0,,35,0,0,0,0,2,4,1,5
,2017_73027,39.751614,-105.002991,4/7/2017 13:11,13:11,10,0,0,WEWATTA STREET & 15TH STREET,1,1,1,0,1,4,0,,25,0,0,0,1,0,4,2,8
,2017_73028,39.751614,-105.002991,9/22/2017 16:14,16:14,1,0,0,WEWATTA STREET & 15TH STREET,1,1,0,0,1,1,0,,25,0,0,0,0,0,4,2,8
,2017_73029,39.667491,-104.866164,8/4/2017 22:30,22:30,5,0,0,YALE AVENUE 9000 BLOCK EAST & HAVANA STREET SOUTH,1,4,1,0,2,4,0,,30,0,0,0,0,0,4,1,13
,2017_73030,39.7516125,-105.0028998,8/24/2017 11:22,11:22,12,0,0,WEWATTA STREET 1500 BLOCK & 16TH STREET,1,1,0,0,1,4,0,,25,0,0,0,0,0,4,2,13
,2017_73031,39.757086,-104.996502,4/14/2017 22:58,22:58,5,0,0,WEWATTA STREET & 21ST STREET,1,3,1,0,2,4,0,,40,0,0,0,0,0,4,1,12
,2017_73032,39.741615,-104.965983,7/17/2017 18:15,18:15,6,0,0,WILLIAMS STREET 1635 NORTH & 16TH AVENUE EAST,1,1,0,0,1,3,0,,30,0,0,0,0,0,4,2,14
,2017_73033,39.750705,-104.9659425,7/21/2017 9:35,9:35,3,0,0,WILLIAMS STREET NORTH & 23RD AVENUE EAST,1,1,0,0,1,1,0,,25,0,0,0,0,1,4,2,13
,2017_73034,39.721959,-104.9655218,8/2/2017 22:30,22:30,5,0,0,WILLIAMS STREET 4600 NORTH  & HIGH STREET NORTH,2,4,0,1,1,5,0,,20,0,0,0,0,0,4,2,13
,2017_73035,39.698397,-104.9663655,4/1/2017 11:11,11:11,6,0,0,WILLIAMS STREET 900 BLOCK SOUTH & TENNESSEE AVENUE EAST,2,1,1,0,1,4,0,,25,0,0,0,0,0,4,2,7
,2017_73036,39.66026962,-104.8911761,4/13/2017 16:29,16:29,10,0,0,WILLOW STREET SOUTH & 3100 BLOCK SOUTH WILLOW STREET,1,1,1,0,1,4,0,,25,0,0,0,0,0,4,2,3
,2017_73037,39.774744,-105.047451,1/5/2017 23:00,23:00,6,0,0,WINONA COURT SOUTH 4167 & 43RD AVENUE WEST,4,3,0,2,1,4,0,,30,0,0,0,0,0,4,2,14
,2017_73038,39.716577,-105.048144,1/11/2017 21:51,21:51,6,0,0,WOLFF STREET & 1260 NORTH WOLFF STREET,1,3,1,0,1,4,0,,25,0,0,0,0,0,4,2,14
,2017_73041,39.757446,-105.04809,9/26/2017 23:59,23:59,6,0,0,WOLFF STREET 2800 BLOCK NORTH & 28TH AVENUE WEST,1,3,0,0,1,3,0,,30,0,0,0,0,0,4,2,14
,2017_73042,39.740346,-105.048675,6/29/2017 0:46,0:46,6,0,0,WOLFF STREET 1500 BLOCK NORTH & COLFAX AVENUE WEST,1,4,0,0,1,4,0,,25,0,0,0,0,0,4,2,7
,2017_73043,39.74040338,-105.0486131,1/27/2017 6:50,6:50,5,0,0,WOLFF STREET 1500 BLOCK NORTH & YATES ALLEY,1,1,1,0,3,5,0,,20,0,0,0,0,0,4,1,13
,2017_73044,39.729438,-105.048702,8/31/2017 7:20,7:20,12,0,0,WOLFF STREET 800 BLOCK NORTH & EIGHTH AVENUE WEST,1,1,0,0,1,2,0,,25,0,0,0,0,0,4,2,13
,2017_73045,39.7671075,-105.045102,6/4/2017 11:30,11:30,6,0,0,WOLF STREET NORTH & 36TH AVENUE WEST,1,1,0,0,1,4,0,,25,0,0,0,0,0,4,2,13
,2017_73046,39.794274,-104.831271,3/5/2017 1:00,1:00,6,0,0,WORCHESTER STREET 5500 BLOCK NORTH & MAXWELL PLACE EAST,1,3,0,0,1,4,0,,,0,0,0,0,0,4,2,13
,2017_73047,39.758409,-105.014457,9/6/2017 12:10,12:10,3,0,0,WYANDOT STREET NORTH & 29TH AVENUE WEST,1,1,0,0,1,1,0,,25,0,0,0,0,0,4,2,13
,2017_73048,39.751875,-105.000903,6/7/2017 18:46,18:46,15,0,0,WYNKOOP STREET 1500 & 16TH STREET,1,1,0,0,1,4,0,,25,0,0,0,0,0,4,2,13
,2017_73049,39.751029,-105.0017805,7/31/2017 9:45,9:45,6,0,0,WYNKOOP STREET 1500 BLOCK & 16TH STREET MALL,1,1,0,0,1,4,0,,25,0,0,0,0,0,4,3,7
,2017_73050,39.735783,-104.886711,8/25/2017 7:12,7:12,6,0,0,XANTHIA STREET 1200 BLOCK NORTH & 12TH AVENUE EAST,1,1,0,0,1,4,0,,25,0,0,0,0,0,4,3,14
,2017_73051,39.740103,-104.8870125,9/22/2017 11:23,11:23,15,0,0,XANTHIA STREET 1400 BLOCK NORTH & COLFAX AVENUE EAST,1,1,0,0,1,4,0,,,0,0,0,0,0,4,2,13
,2017_73052,39.75047273,-104.885581,1/14/2017 15:46,15:46,6,0,0,XENIA STREET 2300 BLOCK NORTH & 23RD AVENUE EAST,1,1,0,0,1,4,0,,25,0,0,0,0,0,4,2,13
,2017_73053,39.667563,-104.940711,1/27/2017 6:50,6:50,12,0,0,YALE AVENUE EAST & COLORADO BOULEVARD SOUTH,1,1,0,0,1,3,0,,30,0,0,0,0,0,4,2,13
,2017_73054,39.667698,-104.9735025,1/16/2017 15:37,15:37,12,0,0,YALE AVENUE EAST & DOWNING STREET SOUTH,2,1,0,7,1,4,0,,30,0,0,0,0,0,4,2,16
,2017_73055,39.666942,-105.025113,1/12/2017 7:03,7:03,12,0,0,YALE AVENUE WEST & FEDERAL BOULEVARD,1,1,0,7,1,3,0,,60,0,0,0,0,0,4,2,3
,2017_73056,39.667563,-104.941773,8/7/2017 16:30,16:30,3,0,0,YALE AVENUE EAST & HARRISON STREET SOUTH,2,1,0,1,1,3,0,,35,0,0,0,0,0,4,2,1
,2017_73057,39.76767,-105.051744,7/17/2017 14:20,14:20,6,0,0,ZENOBIA STREET 3700 BLOCK NORTH & 38TH AVENUE WEST,1,1,0,0,1,4,0,,25,0,0,0,0,0,4,2,13
,2017_73058,39.667779,-105.0673005,1/17/2017 7:50,7:50,3,0,0,YALE AVENUE WEST & LAMAR STREET SOUTH,5,2,0,0,1,1,0,,25,0,0,0,0,1,4,2,13
,2017_73059,39.66759,-104.914611,1/11/2017 7:45,7:45,1,0,0,YALE AVENUE EAST & LINDEN COURT SOUTH,1,1,0,0,1,1,0,,30,0,0,0,0,0,4,3,13
,2017_73060,39.66759,-104.914611,1/11/2017 15:20,15:20,15,0,0,YALE AVENUE 6400 BLOCK EAST & LINDEN COURT SOUTH,1,2,0,0,1,4,0,,30,0,0,0,0,0,4,2,14
,2017_73061,39.667626,-104.910921,1/30/2017 17:25,17:25,15,0,0,YALE AVENUE EAST & MAGNOLIA STREET SOUTH,1,2,1,7,1,4,0,,35,0,0,0,0,0,4,2,16
,2017_73062,39.667626,-104.909742,6/13/2017 8:26,8:26,12,0,0,YALE AVENUE EAST & NIAGARA STREET SOUTH,1,1,0,0,1,1,0,,30,0,0,0,0,1,4,3,13
,2017_73063,39.667725,-105.041763,4/5/2017 7:30,7:30,1,0,0,YALE AVENUE WEST & RALEIGH STREET SOUTH,2,1,0,0,1,1,0,,30,0,0,0,0,1,4,2,13
,2017_73064,39.66768,-105.0349725,1/11/2017 6:56,6:56,1,0,0,YALE AVENUE WEST & LOWELL BOULEVARD SOUTH,1,1,0,7,1,1,0,,30,0,0,0,0,0,4,2,16
,2017_73065,39.716595,-105.050592,7/29/2017 14:00,14:00,5,0,0,YATES STREET & 890 SOUTH YATES STREET,2,1,0,1,3,4,0,,25,0,0,0,0,0,4,1,13
,2017_73066,39.753027,-105.0510015,9/23/2017 11:49,11:49,6,0,0,YATES STREET NORTH & BYRON PLACE WEST,2,3,0,1,1,4,0,,25,0,0,0,0,0,4,2,13
,2017_73067,39.66777,-105.0498045,3/29/2017 13:50,13:50,15,0,0,YATES STREET SOUTH & YALE AVENUE WEST,1,1,0,0,1,3,0,,30,0,0,0,0,0,4,2,13
,2017_73068,39.7821206,-104.9592915,1/3/2017 23:30,23:30,6,0,0,YORK STREET & 831 NORTH,1,3,1,0,1,4,0,,25,0,0,0,0,0,4,2,3
,2017_73069,39.727296,-104.9602275,8/29/2017 16:45,16:45,3,0,0,YORK STREET NORTH & SEVENTH AVENUE EAST,1,1,0,0,1,1,0,,30,0,0,0,0,0,4,2,1
,2017_73070,39.729114,-104.960232,5/25/2017 10:24,10:24,12,0,0,YORK STREET 800 BLOCK NORTH & EIGHTH AVENUE EAST,1,1,1,0,1,4,0,,25,0,0,0,0,0,4,2,12
,2017_73071,39.739995,-104.9598135,1/23/2017 16:20,16:20,12,0,0,YORK STREET 1500 BLOCK NORTH & COLFAX AVENUE EAST,1,1,0,0,1,2,0,,30,0,0,0,0,0,4,2,3
,2017_73072,39.729114,-104.960232,9/21/2017 7:45,7:45,12,0,0,YORK STREET 700 BLOCK NORTH & EIGHTH AVENUE EAST,1,1,0,0,1,4,0,,30,0,0,0,0,1,4,3,13
,2017_73073,39.7821206,-104.9592915,9/16/2017 13:17,13:17,10,0,0,YORK STREET NORTH & 10TH AVENUE EAST,1,5,0,0,1,2,0,,35,0,0,0,0,0,4,2,8
,2017_73074,39.738366,-104.9598225,8/28/2017 14:08,14:08,15,0,0,YORK STREET NORTH & 14TH AVENUE EAST,1,1,0,0,1,4,0,,30,0,0,0,0,0,4,2,1
,2017_73075,39.74483072,-104.9597645,4/21/2017 7:55,7:55,15,0,0,YORK STREET 1800 BLOCK NORTH & 18TH AVENUE EAST,1,1,0,0,1,4,0,,,0,0,0,0,0,4,2,13
,2017_73076,39.749454,-104.959791,1/4/2017 20:51,20:51,12,0,0,YORK STREET NORTH & 22ND AVENUE EAST,5,3,0,2,1,4,0,,,0,0,0,0,0,4,2,13
,2017_73077,39.749454,-104.959791,6/26/2017 13:20,13:20,3,0,0,YORK STREET NORTH & 22ND AVENUE EAST,1,1,0,0,1,1,0,,30,0,0,0,0,0,4,2,13
,2017_73078,39.750696,-104.959773,1/11/2017 13:03,13:03,1,0,0,YORK STREET NORTH & 23RD AVENUE EAST,1,1,0,0,1,1,0,,30,0,0,0,0,0,4,2,3
,2017_73079,39.74950323,-104.9597292,4/4/2017 8:22,8:22,15,0,0,YORK STREET 2200 BLOCK & 23RD AVENUE EAST,4,1,1,2,1,4,0,,,0,0,0,0,0,4,2,13
,2017_73080,39.75444,-104.9598,1/29/2017 16:39,16:39,12,0,0,YORK STREET NORTH & 26TH AVENUE EAST,1,1,0,7,1,4,0,,30,0,0,0,0,0,4,2,3
,2017_73081,39.760749,-104.959782,2/20/2017 8:50,8:50,3,0,1,YORK STREET NORTH & 31ST AVENUE EAST,1,1,0,0,1,1,0,,35,0,0,0,0,2,4,2,7
,2017_73082,39.768129,-104.9597505,1/5/2017 8:42,8:42,3,0,0,YORK STREET NORTH & 37TH AVENUE EAST,4,1,0,2,1,1,0,,30,0,0,0,0,0,4,2,16
,2017_73083,39.772755,-104.9593815,5/25/2017 16:06,16:06,3,0,0,YORK STREET NORTH & 40TH AVENUE EAST,1,1,0,0,1,1,0,,35,0,0,0,0,1,4,2,13
,2017_73084,39.773925,-104.959431,3/25/2017 10:33,10:33,10,0,0,YORK STREET NORTH & 41ST AVENUE EAST,1,1,0,0,1,1,0,,30,0,0,0,0,0,4,2,13
,2017_73086,39.729141,-104.8867245,8/26/2017 16:10,16:10,3,0,0,YOSEMITE STREET NORTH & 1363 NORTH YOSEMITE STREET,1,1,0,0,1,2,0,,30,0,0,0,0,0,4,2,1
,2017_73087,39.653082,-104.884785,4/3/2017 6:38,6:38,3,0,0,YOSEMITE STREET 3600 BLOCK SOUTH & HAMPDEN AVENUE EAST,2,2,0,0,1,2,0,,40,0,0,0,0,0,4,2,13
,2017_73088,39.651102,-104.8848435,1/10/2017 14:57,14:57,12,0,0,YOSEMITE STREET SOUTH & JEFFERSON AVENUE EAST,1,1,1,0,1,3,0,,35,0,0,0,0,0,4,2,13
,2017_73090,39.723705,-104.8837095,3/14/2017 20:49,20:49,5,0,1,YOSEMITE WAY NORTH & LOWRY BOULEVARD EAST ROUNDABOUT,1,3,0,0,1,6,0,,35,0,0,0,1,2,4,1,13
,2017_73091,39.72393,-104.8839413,3/25/2017 15:03,15:03,15,0,0,YOSEMITE STREET NORTH & LOWRY BOULEVARD EAST ROUNDABOUT,1,1,0,0,1,6,0,,30,0,0,0,0,0,4,2,13
,2017_73092,39.72082433,-104.8889059,7/11/2017 7:29,7:29,12,0,1,g & LOWRY BOULEVARD EAST,1,1,0,0,1,3,0,,,0,0,0,0,2,4,2,13
,2017_73093,39.72393,-104.8839413,8/31/2017 15:30,15:30,12,0,0,YOSEMITE STREET NORTH & LOWRY BOULEVARD EAST ROUNDABOUT,1,1,0,0,1,6,0,,,0,0,0,0,1,4,2,13
,2017_73094,39.72393,-104.8839413,9/13/2017 16:54,16:54,15,0,0,YOSEMITE STREET NORTH & LOWRY BOULEVARD EAST ROUNDABOUT,1,1,0,0,1,6,0,,15,0,0,0,0,0,4,2,13
,2017_73095,39.6432,-104.885154,1/30/2017 14:12,14:12,3,0,0,YOSEMITE STREET SOUTH & NASSAU DRIVE EAST,1,1,0,7,1,1,0,,35,0,0,0,0,0,4,2,14
,2017_73096,39.6432,-104.885154,8/8/2017 20:35,20:35,15,0,0,YOSEMITE STREET SOUTH & NASSAU AVENUE EAST,1,3,1,0,1,1,0,,25,0,0,0,0,0,4,2,13
,2017_73097,39.640392,-104.88519,1/4/2017 12:54,12:54,12,0,0,YOSEMITE STREET SOUTH & OXFORD AVENUE EAST,1,1,0,7,1,4,0,,35,0,0,0,0,0,4,2,14
,2017_73100,39.774924,-105.05187,1/10/2017 23:05,23:05,6,0,0,ZENOBIA STREET 4300 BLOCK NORTH & 44TH AVENUE WEST,1,3,0,0,1,4,0,,25,0,0,0,0,0,4,3,13
,2017_73101,39.683502,-105.016032,1/2/2017 20:49,20:49,6,0,0,ZUNI STREET & 1845 SOUTH ZUNI STREET,1,4,0,0,1,4,0,,25,0,0,0,0,0,4,5,5
,2017_73102,39.736899,-105.01596,8/31/2017 17:37,17:37,15,0,0,ZUNI STREET NORTH & 13TH AVENUE WEST,1,1,0,0,1,1,0,,,0,0,0,0,0,4,2,13
,2017_73103,39.75471,-105.0153525,6/17/2017 4:00,4:00,14,0,0,ZUNI STREET 2600 BLOCK NORTH & 27TH AVENUE WEST,1,3,0,0,1,3,0,,35,0,0,0,0,0,4,2,13
,2017_73104,39.75721913,-105.015767,4/21/2017 17:50,17:50,12,0,0,ZUNI STREET 2800 BLOCK NORTH & 29TH AVENUE WEST,14,1,0,0,1,4,0,,,0,0,0,0,0,4,2,13
,2017_73105,39.762018,-105.015843,1/8/2017 23:05,23:05,6,0,0,ZUNI STREET NORTH & 32ND AVENUE WEST,1,3,0,0,1,4,0,,60,0,0,0,0,0,4,3,13
,2017_73106,39.766833,-105.015834,3/13/2017 12:16,12:16,6,0,0,ZUNI STREET 3500 STREET & 36TH AVENUE WEST,1,1,0,0,1,4,0,,35,0,0,0,0,0,4,2,14
,2017_73109,39.706461,-105.015681,1/31/2017 6:30,6:30,6,0,0,ZUNI STREET 500 BLOCK SOUTH & CUSTER PLACE WEST,1,1,1,0,1,1,0,,25,0,0,0,0,0,4,3,14
,2017_73110,39.688578,-105.015681,3/2/2017 15:42,15:42,6,0,0,ZUNI STREET SOUTH & GUNNISON PLACE WEST,1,1,1,0,1,4,0,,25,0,0,0,0,0,4,2,3
,2017_73111,39.696759,-105.0156675,3/16/2017 8:00,8:00,1,0,0,ZUNI STREET SOUTH & MISSISSIPPI WEST,1,1,0,0,1,1,0,,,0,0,0,0,1,4,2,13
,2017_73112,39.675708,-105.0521175,1/1/2017 5:14,5:14,6,0,0,ZURICH COURT SOUTH & WARREN AVENUE WEST,1,1,0,0,1,4,0,,25,0,0,0,0,0,4,2,5
,2017_73156,39.660363,-104.9594355,2/16/2017 9:10,9:10,12,0,0,DARTMOUTH AVENUE EAST & UNIVERSITY BOULEVARD SOUTH,1,1,0,0,1,3,0,,,0,0,0,0,0,4,2,13
,2017_73190,39.677616,-105.00867,4/3/2017 14:41,14:41,3,0,0,RARITAN STREET SOUTH & ADRIATIC PLACE,2,1,0,0,1,1,0,,30,0,0,0,0,0,4,2,13
,2017_73191,39.667698,-104.988843,4/4/2017 12:55,12:55,1,0,0,YALE AVENUE WEST & ACOMA STREET SOUTH,1,1,0,0,1,3,0,,30,0,0,0,0,0,4,2,13
,2017_73285,39.634101,-105.034761,6/22/2017 10:15,10:15,12,0,0,LOWELL BOULEVARD & TUFTS AVENUE,1,1,0,0,1,1,0,,30,0,0,0,0,0,4,2,14
,2017_73295,39.660363,-104.9594355,6/27/2017 8:26,8:26,15,0,0,UNIVERSITY BOULEVARD & DARTMOUTH AVENUE,1,1,0,0,1,1,0,,35,0,0,0,0,0,4,3,13
,2017_73303,39.6677025,-104.986314,7/6/2017 0:00,0:00,3,0,0,YALE AVENUE EAST & LINCOLN STREET SOUTH,1,1,0,0,1,1,0,,30,0,0,0,0,0,4,4,13
,2017_73361,39.79163991,-104.9592787,6/27/2017 17:52,17:52,12,0,0,YORK STREET NORTH & BRIGHTON BOULEVARD NORTH,1,1,0,0,1,3,0,,30,0,0,0,0,0,2,2,3
,2017_73362,39.79163996,-104.9592888,12/26/2017 17:17,17:17,12,0,0,YORK STREET NORTH & BRIGHTON BOULEVARD NORTH,5,4,0,2,1,3,0,,,0,0,0,0,0,2,2,8
,2017_73363,39.7909399,-104.960657,4/12/2017 10:00,10:00,10,0,0,BRIGHTON BOULEVARD 5100 BLOCK NORTH & RACE STREET APPROXIMATELY,1,1,0,0,1,4,0,,35,0,0,0,0,0,2,2,7
,2017_73364,39.79329483,-104.9570436,8/16/2017 9:40,9:40,1,0,0,BRIGHTON BOULEVARD NORTH & COLUMBINE STREET NORTH,1,1,0,0,1,1,0,,30,0,0,0,0,0,2,3,16
,2017_73365,39.79336218,-104.9570128,9/21/2017 17:26,17:26,12,0,0,BRIGHTON BOULEVARD NORTH & COLUMBINE STREET NORTH,1,1,0,0,1,4,0,,30,0,0,0,0,0,2,2,13